Date,Ticker,Adj Close,Close,High,Low,Open,Volume
2023-01-01,2222.SR,24.046340942382812,29.454544067382812,29.454544067382812,29.18181800842285,29.227272033691406,1569087
2023-01-02,2222.SR,23.860795974731445,29.227272033691406,29.545454025268555,29.227272033691406,29.545454025268555,4693364
2023-01-03,2222.SR,23.860795974731445,29.227272033691406,29.227272033691406,29.227272033691406,29.227272033691406,0
2023-01-04,2222.SR,23.526819229125977,28.818180084228516,29.227272033691406,28.68181800842285,29.18181800842285,4618455
2023-01-05,2222.SR,23.41549301147461,28.68181800842285,28.818180084228516,28.363636016845703,28.818180084228516,4797670
2023-01-08,2222.SR,23.37838363647461,28.636362075805664,28.68181800842285,28.545454025268555,28.68181800842285,2074569
2023-01-09,2222.SR,23.526819229125977,28.818180084228516,28.954544067382812,28.636362075805664,28.636362075805664,4194627
2023-01-10,2222.SR,23.638147354125977,28.954544067382812,28.954544067382812,28.77272605895996,28.863636016845703,4766331
2023-01-11,2222.SR,23.638147354125977,28.954544067382812,28.954544067382812,28.77272605895996,28.954544067382812,2897814
2023-01-12,2222.SR,23.860795974731445,29.227272033691406,29.227272033691406,28.863636016845703,28.909090042114258,5219232
2023-01-15,2222.SR,23.823686599731445,29.18181800842285,29.318180084228516,29.136362075805664,29.227272033691406,2910536
2023-01-16,2222.SR,23.786579132080078,29.136362075805664,29.18181800842285,29.0,29.136362075805664,2872567
2023-01-17,2222.SR,23.823686599731445,29.18181800842285,29.18181800842285,28.909090042114258,29.045454025268555,3066789
2023-01-18,2222.SR,23.823686599731445,29.18181800842285,29.18181800842285,28.909090042114258,29.045454025268555,3066789
2023-01-19,2222.SR,23.89790916442871,29.27272605895996,29.363636016845703,29.0,29.09090805053711,5009446
2023-01-22,2222.SR,24.083450317382812,29.5,29.59090805053711,29.318180084228516,29.318180084228516,5923673
2023-01-23,2222.SR,24.49164390563965,30.0,30.0,29.5,29.5,7005302
2023-01-24,2222.SR,24.640079498291016,30.18181800842285,30.227272033691406,29.954544067382812,30.0,5809266
2023-01-25,2222.SR,24.565858840942383,30.09090805053711,30.18181800842285,29.09090805053711,30.18181800842285,7670790
2023-01-26,2222.SR,24.417421340942383,29.909090042114258,30.136362075805664,29.909090042114258,30.09090805053711,4469603
2023-01-29,2222.SR,24.49164390563965,30.0,30.045454025268555,29.818180084228516,29.818180084228516,3784113
2023-01-30,2222.SR,24.49164390563965,30.0,30.09090805053711,29.818180084228516,30.0,6385128
2023-01-31,2222.SR,24.454532623291016,29.954544067382812,30.0,29.727272033691406,30.0,5410044
2023-02-01,2222.SR,24.417421340942383,29.909090042114258,29.909090042114258,29.68181800842285,29.77272605895996,2477928
2023-02-02,2222.SR,24.194772720336914,29.636362075805664,29.863636016845703,29.5,29.77272605895996,4652997
2023-02-05,2222.SR,23.823686599731445,29.18181800842285,29.59090805053711,29.045454025268555,29.59090805053711,3286226
2023-02-06,2222.SR,23.74947166442871,29.09090805053711,29.136362075805664,28.77272605895996,29.09090805053711,4815668
2023-02-07,2222.SR,23.823686599731445,29.18181800842285,29.5,29.045454025268555,29.5,7435173
2023-02-08,2222.SR,24.12055778503418,29.545454025268555,29.545454025268555,29.136362075805664,29.18181800842285,4280361
2023-02-09,2222.SR,24.046340942382812,29.454544067382812,29.545454025268555,29.27272605895996,29.545454025268555,6592963
2023-02-12,2222.SR,24.083450317382812,29.5,29.59090805053711,29.363636016845703,29.409090042114258,2937079
2023-02-13,2222.SR,24.49164390563965,30.0,30.09090805053711,29.409090042114258,29.454544067382812,8520087
2023-02-14,2222.SR,24.454532623291016,29.954544067382812,30.09090805053711,29.818180084228516,30.0,5141869
2023-02-15,2222.SR,24.640079498291016,30.18181800842285,30.18181800842285,29.636362075805664,29.68181800842285,5761522
2023-02-16,2222.SR,24.528751373291016,30.045454025268555,30.27272605895996,30.045454025268555,30.18181800842285,2921620
2023-02-19,2222.SR,24.34320831298828,29.818180084228516,30.045454025268555,29.727272033691406,30.0,1943225
2023-02-20,2222.SR,24.12055778503418,29.545454025268555,29.818180084228516,29.545454025268555,29.818180084228516,1847654
2023-02-21,2222.SR,24.046340942382812,29.454544067382812,29.59090805053711,29.318180084228516,29.545454025268555,3047377
2023-02-23,2222.SR,23.60103988647461,28.909090042114258,29.409090042114258,28.909090042114258,29.409090042114258,4508438
2023-02-26,2222.SR,23.30417251586914,28.545454025268555,29.09090805053711,28.545454025268555,28.909090042114258,3275028
2023-02-27,2222.SR,23.00730323791504,28.18181800842285,28.68181800842285,28.09090805053711,28.59090805053711,7221309
2023-02-28,2222.SR,23.60103988647461,28.909090042114258,28.909090042114258,28.09090805053711,28.227272033691406,6594461
2023-03-01,2222.SR,23.41549301147461,28.68181800842285,28.909090042114258,28.636362075805664,28.909090042114258,1804
2023-03-02,2222.SR,23.563926696777344,28.863636016845703,29.09090805053711,28.863636016845703,28.863636016845703,5500
2023-03-05,2222.SR,23.74947166442871,29.09090805053711,29.27272605895996,28.909090042114258,28.909090042114258,2200
2023-03-06,2222.SR,23.74947166442871,29.09090805053711,29.09090805053711,29.09090805053711,29.09090805053711,0
2023-03-07,2222.SR,24.009231567382812,29.409090042114258,29.409090042114258,28.954544067382812,29.0,8597
2023-03-08,2222.SR,24.046340942382812,29.454544067382812,29.454544067382812,28.954544067382812,29.18181800842285,590
2023-03-09,2222.SR,24.34320831298828,29.818180084228516,29.863636016845703,29.318180084228516,29.409090042114258,2200
2023-03-12,2222.SR,24.34320831298828,29.818180084228516,30.0,29.68181800842285,29.818180084228516,1100
2023-03-13,2222.SR,24.454532623291016,29.954544067382812,30.09090805053711,29.818180084228516,30.0,17252
2023-03-14,2222.SR,24.454532623291016,29.954544067382812,30.09090805053711,29.818180084228516,30.0,3547
2023-03-15,2222.SR,23.65426254272461,28.68181800842285,29.363636016845703,28.68181800842285,29.227272033691406,550
2023-03-16,2222.SR,23.204418182373047,28.136362075805664,28.68181800842285,28.136362075805664,28.636362075805664,2048
2023-03-19,2222.SR,23.204418182373047,28.136362075805664,28.136362075805664,28.136362075805664,28.136362075805664,0
2023-03-20,2222.SR,23.316879272460938,28.27272605895996,28.409090042114258,28.18181800842285,28.18181800842285,1100
2023-03-21,2222.SR,23.65426254272461,28.68181800842285,28.818180084228516,28.409090042114258,28.454544067382812,1100
2023-03-22,2222.SR,23.766721725463867,28.818180084228516,29.18181800842285,28.68181800842285,28.68181800842285,718
2023-03-23,2222.SR,24.104108810424805,29.227272033691406,29.227272033691406,28.727272033691406,28.818180084228516,3300
2023-03-26,2222.SR,24.104108810424805,29.227272033691406,29.227272033691406,29.227272033691406,29.227272033691406,0
2023-03-27,2222.SR,24.104108810424805,29.227272033691406,29.227272033691406,29.227272033691406,29.227272033691406,0
2023-03-28,2222.SR,24.104108810424805,29.227272033691406,29.227272033691406,29.227272033691406,29.227272033691406,0
2023-03-29,2222.SR,24.291542053222656,29.454544067382812,29.454544067382812,29.18181800842285,29.318180084228516,7586
2023-03-30,2222.SR,24.21656608581543,29.363636016845703,29.454544067382812,29.27272605895996,29.409090042114258,3485
2023-04-02,2222.SR,24.25405502319336,29.409090042114258,29.5,29.363636016845703,29.363636016845703,723
2023-04-03,2222.SR,24.40399742126465,29.59090805053711,29.727272033691406,29.454544067382812,29.545454025268555,1100
2023-04-04,2222.SR,24.59143829345703,29.818180084228516,30.045454025268555,29.68181800842285,29.68181800842285,3272
2023-04-05,2222.SR,24.36651611328125,29.545454025268555,29.909090042114258,29.454544067382812,29.863636016845703,5143
2023-04-06,2222.SR,24.478975296020508,29.68181800842285,29.727272033691406,29.5,29.545454025268555,24200
2023-04-09,2222.SR,24.516464233398438,29.727272033691406,29.818180084228516,29.59090805053711,29.59090805053711,2750
2023-04-10,2222.SR,24.44148826599121,29.636362075805664,29.77272605895996,29.59090805053711,29.727272033691406,770
2023-04-11,2222.SR,24.329030990600586,29.5,29.636362075805664,29.318180084228516,29.59090805053711,704
2023-04-12,2222.SR,24.516464233398438,29.727272033691406,29.727272033691406,29.454544067382812,29.5,1711
2023-04-13,2222.SR,24.62892723083496,29.863636016845703,29.863636016845703,29.68181800842285,29.727272033691406,1749
2023-04-16,2222.SR,24.81635856628418,30.09090805053711,30.227272033691406,29.818180084228516,29.909090042114258,550
2023-04-17,2222.SR,25.978452682495117,31.5,31.59090805053711,30.09090805053711,30.09090805053711,550
2023-04-25,2222.SR,26.990598678588867,32.727272033691406,32.727272033691406,31.5,31.545454025268555,5402
2023-04-26,2222.SR,26.990598678588867,32.727272033691406,32.8636360168457,32.272727966308594,32.727272033691406,1100
2023-04-27,2222.SR,26.990598678588867,32.727272033691406,32.8636360168457,32.318180084228516,32.318180084228516,1467
2023-04-30,2222.SR,27.21552848815918,33.0,33.18181610107422,32.772727966308594,32.772727966308594,3564
2023-05-01,2222.SR,27.028091430664062,32.772727966308594,33.1363639831543,32.727272033691406,33.0,1413
2023-05-02,2222.SR,26.578245162963867,32.227272033691406,32.772727966308594,32.04545211791992,32.727272033691406,752
2023-05-03,2222.SR,26.315837860107422,31.909090042114258,32.09090805053711,31.59090805053711,32.0,3564
2023-05-04,2222.SR,26.278348922729492,31.863636016845703,31.909090042114258,31.5,31.727272033691406,4046
2023-05-07,2222.SR,26.803165435791016,32.5,32.68181610107422,32.0,32.0,2200
2023-05-08,2222.SR,26.840652465820312,32.54545211791992,32.727272033691406,32.272727966308594,32.5,11000
2023-05-09,2222.SR,27.710351943969727,33.599998474121094,34.900001525878906,33.45000076293945,34.900001525878906,5000
2023-05-10,2222.SR,27.669111251831055,33.54999923706055,33.70000076293945,33.400001525878906,33.70000076293945,1000
2023-05-11,2222.SR,27.751588821411133,33.650001525878906,33.70000076293945,33.04999923706055,33.349998474121094,500
2023-05-14,2222.SR,27.792821884155273,33.70000076293945,33.70000076293945,33.5,33.650001525878906,10000
2023-05-15,2222.SR,27.297990798950195,33.099998474121094,34.0,33.099998474121094,33.70000076293945,662
2023-05-16,2222.SR,26.7206974029541,32.400001525878906,33.45000076293945,31.549999237060547,33.349998474121094,4783
2023-05-17,2222.SR,26.72269058227539,32.099998474121094,32.29999923706055,31.899999618530273,32.20000076293945,4619
2023-05-18,2222.SR,26.97243881225586,32.400001525878906,32.400001525878906,32.150001525878906,32.25,601
2023-05-21,2222.SR,26.97243881225586,32.400001525878906,32.45000076293945,32.25,32.400001525878906,885
2023-05-22,2222.SR,26.84756851196289,32.25,32.400001525878906,32.20000076293945,32.349998474121094,555
2023-05-23,2222.SR,26.72269058227539,32.099998474121094,32.349998474121094,32.0,32.25,500
2023-05-24,2222.SR,26.639442443847656,32.0,32.150001525878906,31.899999618530273,32.04999923706055,3791
2023-05-25,2222.SR,26.556198120117188,31.899999618530273,32.0,31.899999618530273,32.0,473
2023-05-28,2222.SR,26.597820281982422,31.950000762939453,32.04999923706055,31.950000762939453,31.950000762939453,759
2023-05-29,2222.SR,26.431324005126953,31.75,32.0,31.700000762939453,31.950000762939453,1880
2023-05-30,2222.SR,26.514575958251953,31.850000381469727,31.950000762939453,31.799999237060547,31.799999237060547,572
2023-05-31,2222.SR,26.22319984436035,31.5,31.899999618530273,31.5,31.850000381469727,1146
2023-06-01,2222.SR,26.348073959350586,31.649999618530273,31.850000381469727,31.649999618530273,31.700000762939453,990
2023-06-04,2222.SR,26.805944442749023,32.20000076293945,32.25,31.899999618530273,32.0,1500
2023-06-05,2222.SR,27.138931274414062,32.599998474121094,33.0,32.20000076293945,32.20000076293945,714
2023-06-06,2222.SR,27.097309112548828,32.54999923706055,32.599998474121094,32.25,32.599998474121094,2000
2023-06-07,2222.SR,26.97243881225586,32.400001525878906,32.5,32.29999923706055,32.5,1000
2023-06-08,2222.SR,27.014062881469727,32.45000076293945,32.5,32.25,32.29999923706055,6720
2023-06-11,2222.SR,26.930814743041992,32.349998474121094,32.400001525878906,32.29999923706055,32.349998474121094,700
2023-06-12,2222.SR,26.889188766479492,32.29999923706055,32.349998474121094,32.099998474121094,32.349998474121094,500
2023-06-13,2222.SR,26.805944442749023,32.20000076293945,32.400001525878906,32.099998474121094,32.25,920
2023-06-14,2222.SR,27.18056297302246,32.650001525878906,32.650001525878906,32.20000076293945,32.20000076293945,500
2023-06-15,2222.SR,27.055683135986328,32.5,32.79999923706055,32.400001525878906,32.54999923706055,27337
2023-06-18,2222.SR,26.889188766479492,32.29999923706055,32.599998474121094,32.20000076293945,32.5,715
2023-06-19,2222.SR,26.72269058227539,32.099998474121094,32.29999923706055,32.04999923706055,32.20000076293945,4859944
2023-06-20,2222.SR,26.764318466186523,32.150001525878906,32.150001525878906,32.0,32.04999923706055,5097686
2023-06-21,2222.SR,26.805944442749023,32.20000076293945,32.29999923706055,32.04999923706055,32.099998474121094,3192388
2023-06-22,2222.SR,26.84756851196289,32.25,32.349998474121094,32.099998474121094,32.20000076293945,4892740
2023-07-02,2222.SR,26.805944442749023,32.20000076293945,32.29999923706055,32.099998474121094,32.20000076293945,3037150
2023-07-03,2222.SR,26.889188766479492,32.29999923706055,32.29999923706055,32.150001525878906,32.29999923706055,6086391
2023-07-04,2222.SR,26.889188766479492,32.29999923706055,32.349998474121094,32.20000076293945,32.29999923706055,3380056
2023-07-05,2222.SR,26.930814743041992,32.349998474121094,32.400001525878906,32.25,32.29999923706055,5349418
2023-07-06,2222.SR,26.889188766479492,32.29999923706055,32.349998474121094,32.20000076293945,32.29999923706055,3438050
2023-07-09,2222.SR,26.889188766479492,32.29999923706055,32.349998474121094,32.25,32.29999923706055,3050612
2023-07-10,2222.SR,26.764318466186523,32.150001525878906,32.29999923706055,32.150001525878906,32.20000076293945,4007160
2023-07-11,2222.SR,26.72269058227539,32.099998474121094,32.25,32.099998474121094,32.150001525878906,5613729
2023-07-12,2222.SR,26.805944442749023,32.20000076293945,32.349998474121094,32.150001525878906,32.20000076293945,4516011
2023-07-13,2222.SR,26.764318466186523,32.150001525878906,32.29999923706055,32.150001525878906,32.25,4601798
2023-07-16,2222.SR,26.764318466186523,32.150001525878906,32.20000076293945,32.0,32.150001525878906,5293094
2023-07-17,2222.SR,26.889188766479492,32.29999923706055,32.349998474121094,32.0,32.099998474121094,21493538
2023-07-18,2222.SR,26.889188766479492,32.29999923706055,32.29999923706055,32.099998474121094,32.25,5942136
2023-07-19,2222.SR,26.889188766479492,32.29999923706055,32.29999923706055,32.0,32.150001525878906,7723155
2023-07-20,2222.SR,26.889188766479492,32.29999923706055,32.29999923706055,32.0,32.25,7585662
2023-07-23,2222.SR,26.930814743041992,32.349998474121094,32.400001525878906,32.04999923706055,32.20000076293945,7558158
2023-07-24,2222.SR,26.84756851196289,32.25,32.349998474121094,32.150001525878906,32.29999923706055,8931808
2023-07-25,2222.SR,26.930814743041992,32.349998474121094,32.400001525878906,32.20000076293945,32.29999923706055,7099013
2023-07-26,2222.SR,26.97243881225586,32.400001525878906,32.599998474121094,32.20000076293945,32.29999923706055,10957117
2023-07-27,2222.SR,26.889188766479492,32.29999923706055,32.54999923706055,32.20000076293945,32.400001525878906,25154263
2023-07-30,2222.SR,26.889188766479492,32.29999923706055,32.5,32.20000076293945,32.29999923706055,5877354
2023-07-31,2222.SR,26.97243881225586,32.400001525878906,32.400001525878906,32.099998474121094,32.29999923706055,9775105
2023-08-01,2222.SR,26.84756851196289,32.25,32.5,32.150001525878906,32.400001525878906,7680748
2023-08-02,2222.SR,26.84756851196289,32.25,32.349998474121094,32.099998474121094,32.29999923706055,6334508
2023-08-03,2222.SR,26.84756851196289,32.25,32.5,32.150001525878906,32.150001525878906,10511260
2023-08-06,2222.SR,26.889188766479492,32.29999923706055,32.400001525878906,32.20000076293945,32.25,7194280
2023-08-07,2222.SR,27.18056297302246,32.650001525878906,33.0,32.25,32.400001525878906,28346998
2023-08-08,2222.SR,27.513551712036133,33.04999923706055,33.599998474121094,32.70000076293945,32.75,26548628
2023-08-09,2222.SR,27.5968017578125,33.150001525878906,33.599998474121094,33.0,33.099998474121094,14715086
2023-08-10,2222.SR,28.30440902709961,34.0,34.150001525878906,33.20000076293945,33.20000076293945,29090311
2023-08-13,2222.SR,28.76227569580078,34.54999923706055,34.54999923706055,34.0,34.0,15763784
2023-08-14,2222.SR,28.803895950317383,34.599998474121094,34.70000076293945,34.25,34.5,16978444
2023-08-15,2222.SR,28.637401580810547,34.400001525878906,34.650001525878906,34.04999923706055,34.45000076293945,16289575
2023-08-16,2222.SR,28.679025650024414,34.45000076293945,34.849998474121094,34.099998474121094,34.349998474121094,19533666
2023-08-17,2222.SR,29.17851448059082,35.04999923706055,35.099998474121094,34.25,34.45000076293945,26806203
2023-08-20,2222.SR,29.136890411376953,35.0,35.099998474121094,34.54999923706055,35.04999923706055,15238486
2023-08-21,2222.SR,28.679025650024414,34.45000076293945,34.95000076293945,34.25,34.95000076293945,18652897
2023-08-22,2222.SR,28.637401580810547,34.400001525878906,34.599998474121094,34.25,34.29999923706055,18224009
2023-08-23,2222.SR,28.720653533935547,34.5,34.79999923706055,34.20000076293945,34.349998474121094,13388241
2023-08-24,2222.SR,28.84552764892578,34.650001525878906,34.95000076293945,34.29999923706055,34.45000076293945,14284621
2023-08-27,2222.SR,28.970396041870117,34.79999923706055,35.04999923706055,34.599998474121094,34.650001525878906,18767190
2023-08-28,2222.SR,28.76227569580078,34.54999923706055,35.150001525878906,34.45000076293945,34.75,20128293
2023-08-29,2222.SR,28.387653350830078,34.099998474121094,34.54999923706055,34.04999923706055,34.5,15513670
2023-08-30,2222.SR,29.012020111083984,34.849998474121094,34.900001525878906,33.95000076293945,34.150001525878906,16924373
2023-08-31,2222.SR,29.053646087646484,34.900001525878906,34.900001525878906,34.349998474121094,34.70000076293945,20887272
2023-09-03,2222.SR,28.679025650024414,34.45000076293945,34.70000076293945,34.25,34.599998474121094,12030768
2023-09-04,2222.SR,28.554153442382812,34.29999923706055,34.400001525878906,34.04999923706055,34.400001525878906,13714339
2023-09-05,2222.SR,28.387653350830078,34.099998474121094,34.29999923706055,33.95000076293945,34.25,15699150
2023-09-06,2222.SR,28.30440902709961,34.0,34.25,33.95000076293945,34.099998474121094,14109107
2023-09-07,2222.SR,28.42928695678711,34.150001525878906,34.400001525878906,33.849998474121094,34.0,14194811
2023-09-10,2222.SR,28.26279067993164,33.95000076293945,34.150001525878906,33.75,34.150001525878906,9850983
2023-09-11,2222.SR,28.520483016967773,33.79999923706055,33.79999923706055,33.25,33.75,13532644
2023-09-12,2222.SR,28.09857749938965,33.29999923706055,33.75,33.25,33.599998474121094,11040997
2023-09-13,2222.SR,28.22515296936035,33.45000076293945,33.75,33.20000076293945,33.25,18216187
2023-09-14,2222.SR,28.647056579589844,33.95000076293945,33.95000076293945,33.5,33.5,22212389
2023-09-17,2222.SR,28.773618698120117,34.099998474121094,34.29999923706055,33.849998474121094,33.95000076293945,13056838
2023-09-18,2222.SR,28.85800552368164,34.20000076293945,34.20000076293945,33.79999923706055,34.099998474121094,16277240
2023-09-19,2222.SR,28.9423828125,34.29999923706055,34.400001525878906,34.0,34.0,22742251
2023-09-20,2222.SR,28.9423828125,34.29999923706055,34.5,34.099998474121094,34.25,19406894
2023-09-21,2222.SR,28.773618698120117,34.099998474121094,34.349998474121094,33.849998474121094,34.25,15356309
2023-09-25,2222.SR,28.647056579589844,33.95000076293945,34.29999923706055,33.75,34.04999923706055,16105497
2023-09-26,2222.SR,28.900188446044922,34.25,34.400001525878906,33.75,33.900001525878906,17426833
2023-09-27,2222.SR,29.40647315979004,34.849998474121094,34.849998474121094,34.0,34.150001525878906,20015714
2023-09-28,2222.SR,29.533042907714844,35.0,35.150001525878906,34.79999923706055,34.849998474121094,36859450
2023-10-01,2222.SR,29.279905319213867,34.70000076293945,35.0,34.599998474121094,34.95000076293945,11451962
2023-10-02,2222.SR,28.9423828125,34.29999923706055,34.75,34.150001525878906,34.650001525878906,14139534
2023-10-03,2222.SR,28.731433868408203,34.04999923706055,34.29999923706055,34.0,34.20000076293945,19661588
2023-10-04,2222.SR,28.520483016967773,33.79999923706055,34.04999923706055,33.650001525878906,34.0,10975391
2023-10-05,2222.SR,28.22515296936035,33.45000076293945,33.75,33.45000076293945,33.75,11866305
2023-10-08,2222.SR,28.309528350830078,33.54999923706055,33.54999923706055,33.150001525878906,33.400001525878906,7559795
2023-10-09,2222.SR,28.351722717285156,33.599998474121094,33.650001525878906,33.25,33.54999923706055,13495768
2023-10-10,2222.SR,28.689245223999023,34.0,34.04999923706055,33.45000076293945,33.599998474121094,14806577
2023-10-11,2222.SR,28.309528350830078,33.54999923706055,34.0,33.45000076293945,34.0,8177747
2023-10-12,2222.SR,28.436100006103516,33.70000076293945,33.75,33.20000076293945,33.5,11432858
2023-10-15,2222.SR,28.140771865844727,33.349998474121094,33.75,33.29999923706055,33.54999923706055,21877754
2023-10-16,2222.SR,28.182968139648438,33.400001525878906,33.5,33.20000076293945,33.29999923706055,13361052
2023-10-17,2222.SR,28.22515296936035,33.45000076293945,33.650001525878906,33.349998474121094,33.400001525878906,12066022
2023-10-18,2222.SR,28.182968139648438,33.400001525878906,33.70000076293945,33.349998474121094,33.400001525878906,10894732
2023-10-19,2222.SR,28.26734161376953,33.5,33.599998474121094,33.29999923706055,33.349998474121094,10470436
2023-10-22,2222.SR,28.140771865844727,33.349998474121094,33.54999923706055,33.25,33.400001525878906,9069190
2023-10-23,2222.SR,28.056392669677734,33.25,33.45000076293945,33.150001525878906,33.29999923706055,10767626
2023-10-24,2222.SR,28.014204025268555,33.20000076293945,33.400001525878906,33.04999923706055,33.25,8034081
2023-10-25,2222.SR,27.887632369995117,33.04999923706055,33.25,32.79999923706055,33.20000076293945,14156165
2023-10-26,2222.SR,28.014204025268555,33.20000076293945,33.29999923706055,32.75,33.0,15720398
2023-10-29,2222.SR,27.803253173828125,32.95000076293945,33.099998474121094,32.849998474121094,33.099998474121094,10217640
2023-10-30,2222.SR,27.803253173828125,32.95000076293945,33.20000076293945,32.849998474121094,32.95000076293945,10943495
2023-10-31,2222.SR,28.09857749938965,33.29999923706055,33.45000076293945,32.849998474121094,32.95000076293945,18420094
2023-11-01,2222.SR,27.972013473510742,33.150001525878906,33.400001525878906,32.95000076293945,33.25,13986605
2023-11-02,2222.SR,27.972013473510742,33.150001525878906,33.45000076293945,33.04999923706055,33.099998474121094,13973844
2023-11-05,2222.SR,28.09857749938965,33.29999923706055,33.45000076293945,33.099998474121094,33.099998474121094,11194135
2023-11-06,2222.SR,28.22515296936035,33.45000076293945,33.45000076293945,33.150001525878906,33.25,12769885
2023-11-07,2222.SR,28.351722717285156,33.599998474121094,33.75,33.400001525878906,33.54999923706055,16015994
2023-11-08,2222.SR,28.309528350830078,33.54999923706055,33.599998474121094,33.349998474121094,33.5,12092091
2023-11-09,2222.SR,28.26734161376953,33.5,33.650001525878906,33.349998474121094,33.45000076293945,10624730
2023-11-12,2222.SR,28.309528350830078,33.54999923706055,33.849998474121094,33.45000076293945,33.5,14937567
2023-11-13,2222.SR,28.436100006103516,33.70000076293945,33.70000076293945,33.45000076293945,33.54999923706055,11786376
2023-11-14,2222.SR,28.56266975402832,33.849998474121094,33.900001525878906,33.599998474121094,33.70000076293945,12188911
2023-11-15,2222.SR,28.652820587158203,33.5,33.54999923706055,33.25,33.400001525878906,15132749
2023-11-16,2222.SR,28.7811222076416,33.650001525878906,33.79999923706055,33.349998474121094,33.400001525878906,16043383
2023-11-19,2222.SR,28.86665153503418,33.75,33.79999923706055,33.5,33.599998474121094,9204722
2023-11-20,2222.SR,28.61005973815918,33.45000076293945,33.70000076293945,33.45000076293945,33.70000076293945,14500168
2023-11-21,2222.SR,28.61005973815918,33.45000076293945,33.54999923706055,33.25,33.45000076293945,17930019
2023-11-22,2222.SR,28.61005973815918,33.45000076293945,33.5,33.25,33.400001525878906,9985773
2023-11-23,2222.SR,28.61005973815918,33.45000076293945,33.5,33.25,33.400001525878906,9985773
2023-11-26,2222.SR,28.567298889160156,33.400001525878906,33.45000076293945,33.25,33.349998474121094,8775067
2023-11-27,2222.SR,28.438993453979492,33.25,33.400001525878906,33.20000076293945,33.349998474121094,12504081
2023-11-28,2222.SR,28.438993453979492,33.25,33.349998474121094,33.099998474121094,33.25,12473534
2023-11-29,2222.SR,28.481760025024414,33.29999923706055,33.349998474121094,33.150001525878906,33.29999923706055,7984602
2023-11-30,2222.SR,28.39623260498047,33.20000076293945,33.400001525878906,33.150001525878906,33.25,19718993
2023-12-03,2222.SR,28.52452850341797,33.349998474121094,33.349998474121094,33.150001525878906,33.25,9157522
2023-12-04,2222.SR,28.39623260498047,33.20000076293945,33.29999923706055,33.150001525878906,33.25,10703463
2023-12-05,2222.SR,28.267932891845703,33.04999923706055,33.25,32.95000076293945,33.20000076293945,13334665
2023-12-06,2222.SR,28.225168228149414,33.0,33.20000076293945,32.95000076293945,33.04999923706055,10200836
2023-12-07,2222.SR,28.267932891845703,33.04999923706055,33.150001525878906,32.849998474121094,32.95000076293945,10535748
2023-12-10,2222.SR,28.182405471801758,32.95000076293945,33.20000076293945,32.900001525878906,33.0,9726697
2023-12-11,2222.SR,28.267932891845703,33.04999923706055,33.099998474121094,32.79999923706055,33.0,13793898
2023-12-12,2222.SR,28.182405471801758,32.95000076293945,33.04999923706055,32.79999923706055,33.0,10069164
2023-12-13,2222.SR,28.054105758666992,32.79999923706055,32.95000076293945,32.70000076293945,32.95000076293945,12674333
2023-12-14,2222.SR,28.1396427154541,32.900001525878906,33.0,32.70000076293945,32.79999923706055,20313022
2023-12-17,2222.SR,28.1396427154541,32.900001525878906,33.04999923706055,32.75,32.900001525878906,11331794
2023-12-18,2222.SR,28.31069564819336,33.099998474121094,33.099998474121094,32.79999923706055,32.849998474121094,16433411
2023-12-19,2222.SR,28.267932891845703,33.04999923706055,33.25,32.95000076293945,33.0,19479366
2023-12-20,2222.SR,28.31069564819336,33.099998474121094,33.25,32.95000076293945,33.0,13324412
2023-12-21,2222.SR,28.225168228149414,33.0,33.099998474121094,32.79999923706055,33.0,11240688
2023-12-24,2222.SR,28.225168228149414,33.0,33.099998474121094,32.849998474121094,32.95000076293945,12165552
2023-12-25,2222.SR,28.31069564819336,33.099998474121094,33.099998474121094,32.849998474121094,33.0,15869070
2023-12-26,2222.SR,28.267932891845703,33.04999923706055,33.099998474121094,32.900001525878906,33.04999923706055,14598967
2023-12-27,2222.SR,28.353464126586914,33.150001525878906,33.25,33.0,33.099998474121094,14815683
2023-12-28,2222.SR,28.267932891845703,33.04999923706055,33.25,32.95000076293945,33.150001525878906,12720450
2023-12-31,2222.SR,28.225168228149414,33.0,33.099998474121094,32.900001525878906,33.04999923706055,10776909
2024-01-01,2222.SR,28.267932891845703,33.04999923706055,33.150001525878906,32.900001525878906,33.0,12123324
2024-01-02,2222.SR,28.267932891845703,33.04999923706055,33.25,32.95000076293945,33.04999923706055,23618273
2024-01-03,2222.SR,28.182405471801758,32.95000076293945,33.099998474121094,32.900001525878906,33.04999923706055,16763963
2024-01-04,2222.SR,28.267932891845703,33.04999923706055,33.150001525878906,32.900001525878906,33.0,15268369
2024-01-07,2222.SR,28.438993453979492,33.25,33.349998474121094,33.0,33.0,16715247
2024-01-08,2222.SR,28.61005973815918,33.45000076293945,33.650001525878906,33.20000076293945,33.25,24260161
2024-01-09,2222.SR,28.438993453979492,33.25,33.75,33.20000076293945,33.45000076293945,26821380
2024-01-10,2222.SR,28.1396427154541,32.900001525878906,33.29999923706055,32.900001525878906,33.25,21196971
2024-01-11,2222.SR,28.096872329711914,32.849998474121094,33.04999923706055,32.79999923706055,32.900001525878906,13864987
2024-01-14,2222.SR,28.096872329711914,32.849998474121094,33.0,32.79999923706055,32.849998474121094,6180792
2024-01-15,2222.SR,27.711986541748047,32.400001525878906,32.900001525878906,32.400001525878906,32.849998474121094,22399590
2024-01-16,2222.SR,27.327096939086914,31.950000762939453,32.599998474121094,31.899999618530273,32.400001525878906,29225270
2024-01-17,2222.SR,27.15603256225586,31.75,32.099998474121094,31.75,32.099998474121094,25236179
2024-01-18,2222.SR,27.28432846069336,31.899999618530273,32.150001525878906,31.649999618530273,31.850000381469727,19204881
2024-01-21,2222.SR,27.369863510131836,32.0,32.25,31.899999618530273,32.04999923706055,11123947
2024-01-22,2222.SR,27.369863510131836,32.0,32.0,32.0,32.0,0
2024-01-23,2222.SR,27.07050323486328,31.649999618530273,31.799999237060547,31.450000762939453,31.700000762939453,15684453
2024-01-24,2222.SR,27.11326789855957,31.700000762939453,31.899999618530273,31.549999237060547,31.649999618530273,13884658
2024-01-25,2222.SR,26.98497200012207,31.549999237060547,31.850000381469727,31.5,31.700000762939453,16870115
2024-01-28,2222.SR,26.85667610168457,31.399999618530273,31.700000762939453,31.350000381469727,31.649999618530273,12645751
2024-01-29,2222.SR,26.728376388549805,31.25,31.549999237060547,31.149999618530273,31.399999618530273,18653657
2024-01-30,2222.SR,26.771142959594727,31.299999237060547,31.5,31.25,31.299999237060547,13729576
2024-01-31,2222.SR,26.172428131103516,30.600000381469727,31.350000381469727,30.600000381469727,31.299999237060547,20684022
2024-02-01,2222.SR,26.514554977416992,31.0,31.0,30.549999237060547,30.600000381469727,18080487
2024-02-04,2222.SR,26.47178840637207,30.950000762939453,31.0,30.850000381469727,31.0,8308324
2024-02-05,2222.SR,26.343488693237305,30.799999237060547,31.0,30.600000381469727,31.0,12869589
2024-02-06,2222.SR,26.813915252685547,31.350000381469727,31.350000381469727,30.700000762939453,30.799999237060547,17214251
2024-02-07,2222.SR,26.557315826416016,31.049999237060547,31.299999237060547,30.899999618530273,31.299999237060547,11743893
2024-02-08,2222.SR,26.557315826416016,31.049999237060547,31.299999237060547,30.899999618530273,31.299999237060547,11743893
2024-02-11,2222.SR,26.04413414001465,30.450000762939453,30.899999618530273,30.350000381469727,30.700000762939453,12831893
2024-02-12,2222.SR,26.429019927978516,30.899999618530273,31.0,30.350000381469727,30.450000762939453,12173609
2024-02-13,2222.SR,27.15603256225586,31.75,31.799999237060547,30.950000762939453,30.950000762939453,32885941
2024-02-14,2222.SR,27.327096939086914,31.950000762939453,32.150001525878906,31.600000381469727,31.75,22818423
2024-02-15,2222.SR,27.327096939086914,31.950000762939453,32.29999923706055,31.799999237060547,31.950000762939453,22239458
2024-02-18,2222.SR,27.327096939086914,31.950000762939453,32.099998474121094,31.850000381469727,31.899999618530273,8742507
2024-02-19,2222.SR,27.327096939086914,31.950000762939453,32.0,31.799999237060547,31.899999618530273,12043315
2024-02-20,2222.SR,27.07050323486328,31.649999618530273,32.0,31.549999237060547,31.950000762939453,10781599
2024-02-21,2222.SR,27.369863510131836,32.0,32.150001525878906,31.549999237060547,31.600000381469727,19596113
2024-02-25,2222.SR,27.327096939086914,31.950000762939453,32.099998474121094,31.850000381469727,32.0,3965313
2024-02-26,2222.SR,27.19879722595215,31.799999237060547,32.0,31.700000762939453,31.850000381469727,7498271
2024-02-27,2222.SR,27.327096939086914,31.950000762939453,31.950000762939453,31.649999618530273,31.799999237060547,5686447
2024-02-28,2222.SR,27.28432846069336,31.899999618530273,31.950000762939453,31.700000762939453,31.899999618530273,4593928
2024-02-29,2222.SR,27.11326789855957,31.700000762939453,31.899999618530273,31.700000762939453,31.899999618530273,6418785
2024-03-03,2222.SR,26.98497200012207,31.549999237060547,31.799999237060547,31.5,31.700000762939453,5610229
2024-03-04,2222.SR,26.685617446899414,31.200000762939453,31.600000381469727,31.100000381469727,31.549999237060547,12502459
2024-03-05,2222.SR,26.685617446899414,31.200000762939453,31.200000762939453,31.200000762939453,31.200000762939453,0
2024-03-06,2222.SR,27.11326789855957,31.700000762939453,31.75,31.399999618530273,31.600000381469727,10397647
2024-03-07,2222.SR,27.15603256225586,31.75,31.799999237060547,31.350000381469727,31.700000762939453,8148176
2024-03-10,2222.SR,27.540925979614258,32.20000076293945,32.650001525878906,32.04999923706055,32.099998474121094,16067368
2024-03-11,2222.SR,27.28432846069336,31.899999618530273,32.20000076293945,31.75,32.20000076293945,9842342
2024-03-12,2222.SR,27.41262435913086,32.04999923706055,32.099998474121094,31.899999618530273,32.0,5521581
2024-03-13,2222.SR,27.41262435913086,32.04999923706055,32.25,31.799999237060547,32.04999923706055,11826137
2024-03-14,2222.SR,27.13605499267578,31.25,31.75,31.200000762939453,31.700000762939453,21219052
2024-03-17,2222.SR,27.049219131469727,31.149999618530273,31.350000381469727,31.100000381469727,31.299999237060547,4824836
2024-03-18,2222.SR,27.00580406188965,31.100000381469727,31.200000762939453,31.0,31.200000762939453,7729020
2024-03-19,2222.SR,27.26630973815918,31.399999618530273,31.399999618530273,31.049999237060547,31.100000381469727,9657336
2024-03-20,2222.SR,27.092639923095703,31.200000762939453,31.450000762939453,31.200000762939453,31.399999618530273,9692133
2024-03-21,2222.SR,27.092639923095703,31.200000762939453,31.299999237060547,31.149999618530273,31.25,8714425
2024-03-24,2222.SR,27.092639923095703,31.200000762939453,31.299999237060547,31.049999237060547,31.25,7391076
2024-03-25,2222.SR,26.788715362548828,30.850000381469727,31.200000762939453,30.850000381469727,31.200000762939453,10517017
2024-03-26,2222.SR,26.788715362548828,30.850000381469727,31.049999237060547,30.799999237060547,30.899999618530273,11663894
2024-03-27,2222.SR,26.74529457092285,30.799999237060547,31.0,30.799999237060547,30.899999618530273,9873178
2024-03-28,2222.SR,26.70187759399414,30.75,30.950000762939453,30.75,30.950000762939453,14858014
2024-03-31,2222.SR,26.788715362548828,30.850000381469727,30.950000762939453,30.75,30.799999237060547,5753150
2024-04-01,2222.SR,26.70187759399414,30.75,31.049999237060547,30.700000762939453,30.850000381469727,8746188
2024-04-02,2222.SR,26.571626663208008,30.600000381469727,30.799999237060547,30.5,30.75,15956370
2024-04-03,2222.SR,26.441375732421875,30.450000762939453,30.700000762939453,30.299999237060547,30.700000762939453,22460020
2024-04-04,2222.SR,26.311119079589844,30.299999237060547,30.649999618530273,30.200000762939453,30.600000381469727,20947930
2024-04-14,2222.SR,26.311119079589844,30.299999237060547,30.299999237060547,30.299999237060547,30.299999237060547,0
2024-04-15,2222.SR,26.311119079589844,30.299999237060547,30.799999237060547,30.299999237060547,30.649999618530273,16717457
2024-04-16,2222.SR,25.963777542114258,29.899999618530273,30.450000762939453,29.799999237060547,30.399999618530273,24539116
2024-04-17,2222.SR,26.007192611694336,29.950000762939453,30.149999618530273,29.899999618530273,30.049999237060547,16440263
2024-04-18,2222.SR,25.963777542114258,29.899999618530273,30.049999237060547,29.850000381469727,30.0,7985988
2024-04-21,2222.SR,26.094030380249023,30.049999237060547,30.200000762939453,29.899999618530273,30.0,8988623
2024-04-22,2222.SR,26.180864334106445,30.149999618530273,30.299999237060547,30.0,30.100000381469727,12033500
2024-04-23,2222.SR,26.137449264526367,30.100000381469727,30.299999237060547,30.0,30.200000762939453,6951340
2024-04-24,2222.SR,26.137449264526367,30.100000381469727,30.200000762939453,30.0,30.100000381469727,9461809
2024-04-25,2222.SR,26.137449264526367,30.100000381469727,30.200000762939453,30.0,30.049999237060547,9004561
2024-04-28,2222.SR,26.137449264526367,30.100000381469727,30.100000381469727,30.100000381469727,30.100000381469727,0
2024-04-29,2222.SR,26.137449264526367,30.100000381469727,30.25,30.049999237060547,30.149999618530273,14024922
2024-04-30,2222.SR,26.137449264526367,30.100000381469727,30.149999618530273,30.0,30.100000381469727,9002900
2024-05-01,2222.SR,26.094030380249023,30.049999237060547,30.100000381469727,29.950000762939453,30.100000381469727,9443813
2024-05-02,2222.SR,26.007192611694336,29.950000762939453,30.100000381469727,29.899999618530273,30.049999237060547,9544445
2024-05-05,2222.SR,26.050615310668945,30.0,30.049999237060547,29.899999618530273,30.0,4981602
2024-05-06,2222.SR,26.007192611694336,29.950000762939453,30.0,29.899999618530273,30.0,6314792
2024-05-07,2222.SR,26.007192611694336,29.950000762939453,30.25,29.850000381469727,30.0,22174344
2024-05-08,2222.SR,26.007192611694336,29.950000762939453,30.049999237060547,29.899999618530273,30.0,12565895
2024-05-09,2222.SR,25.920364379882812,29.850000381469727,30.0,29.850000381469727,29.950000762939453,9827019
2024-05-12,2222.SR,26.007192611694336,29.950000762939453,30.0,29.899999618530273,30.0,3742149
2024-05-13,2222.SR,26.007192611694336,29.950000762939453,30.049999237060547,29.950000762939453,30.0,10656503
2024-05-14,2222.SR,25.87693977355957,29.799999237060547,30.049999237060547,29.799999237060547,30.0,14990072
2024-05-15,2222.SR,25.860614776611328,29.299999237060547,29.549999237060547,29.200000762939453,29.549999237060547,8871583
2024-05-16,2222.SR,26.25779151916504,29.75,29.799999237060547,29.299999237060547,29.399999618530273,12022949
2024-05-19,2222.SR,26.25779151916504,29.75,29.75,29.75,29.75,0
2024-05-20,2222.SR,26.390186309814453,29.899999618530273,30.0,29.75,29.850000381469727,11365375
2024-05-21,2222.SR,26.43431282043457,29.950000762939453,29.950000762939453,29.850000381469727,29.899999618530273,7672447
2024-05-22,2222.SR,26.522573471069336,30.049999237060547,30.049999237060547,29.899999618530273,29.950000762939453,13327969
2024-05-23,2222.SR,26.43431282043457,29.950000762939453,30.049999237060547,29.950000762939453,30.0,10312525
2024-05-26,2222.SR,25.99300765991211,29.450000762939453,29.950000762939453,29.25,29.950000762939453,10048718
2024-05-27,2222.SR,26.037137985229492,29.5,29.700000762939453,29.450000762939453,29.5,6216785
2024-05-28,2222.SR,25.816484451293945,29.25,29.600000381469727,29.25,29.549999237060547,6318494
2024-05-29,2222.SR,25.63995933532715,29.049999237060547,29.399999618530273,29.049999237060547,29.299999237060547,6575159
2024-05-30,2222.SR,25.63995933532715,29.049999237060547,29.049999237060547,29.049999237060547,29.049999237060547,0
2024-06-02,2222.SR,25.63995933532715,29.049999237060547,29.049999237060547,29.049999237060547,29.049999237060547,0
2024-06-03,2222.SR,25.507570266723633,28.899999618530273,29.0,28.5,28.600000381469727,15880634
2024-06-04,2222.SR,24.889739990234375,28.200000762939453,28.950000762939453,28.200000762939453,28.899999618530273,13966119
2024-06-05,2222.SR,24.889739990234375,28.200000762939453,28.399999618530273,28.100000381469727,28.399999618530273,17379225
2024-06-06,2222.SR,24.977998733520508,28.299999237060547,28.649999618530273,28.25,28.299999237060547,12813303
2024-06-09,2222.SR,25.24278450012207,28.600000381469727,29.049999237060547,27.899999618530273,27.950000762939453,656283074
2024-06-10,2222.SR,25.022132873535156,28.350000381469727,28.799999237060547,28.299999237060547,28.75,77118526
2024-06-11,2222.SR,24.889739990234375,28.200000762939453,28.5,28.200000762939453,28.399999618530273,112909661
2024-06-12,2222.SR,24.977998733520508,28.299999237060547,28.350000381469727,28.200000762939453,28.299999237060547,116323177
2024-06-13,2222.SR,24.44843101501465,27.700000762939453,28.25,27.700000762939453,28.25,42390044
2024-06-23,2222.SR,24.801477432250977,28.100000381469727,28.200000762939453,28.0,28.100000381469727,11073861
2024-06-24,2222.SR,24.71321678161621,28.0,28.100000381469727,27.850000381469727,28.049999237060547,18950131
2024-06-25,2222.SR,24.404298782348633,27.649999618530273,28.0,27.649999618530273,27.950000762939453,18849482
2024-06-26,2222.SR,24.44843101501465,27.700000762939453,27.799999237060547,27.600000381469727,27.700000762939453,13093431
2024-06-27,2222.SR,24.44843101501465,27.700000762939453,27.899999618530273,27.700000762939453,27.700000762939453,16542271
2024-06-30,2222.SR,24.44843101501465,27.700000762939453,27.700000762939453,27.700000762939453,27.700000762939453,0
2024-07-01,2222.SR,24.71321678161621,28.0,28.299999237060547,27.950000762939453,28.0,27611872
2024-07-02,2222.SR,24.757343292236328,28.049999237060547,28.299999237060547,28.0,28.149999618530273,20459402
2024-07-03,2222.SR,24.58082389831543,27.850000381469727,28.149999618530273,27.850000381469727,28.149999618530273,12319500
2024-07-04,2222.SR,24.889739990234375,28.200000762939453,28.200000762939453,27.899999618530273,27.950000762939453,13351001
2024-07-07,2222.SR,24.84560775756836,28.149999618530273,28.299999237060547,28.100000381469727,28.25,7220793
2024-07-08,2222.SR,24.933866500854492,28.25,28.25,28.100000381469727,28.149999618530273,11709463
2024-07-09,2222.SR,24.84560775756836,28.149999618530273,28.25,28.049999237060547,28.200000762939453,11185511
2024-07-10,2222.SR,24.801477432250977,28.100000381469727,28.149999618530273,28.0,28.149999618530273,18194817
2024-07-11,2222.SR,24.84560775756836,28.149999618530273,28.200000762939453,28.049999237060547,28.100000381469727,14399366
2024-07-14,2222.SR,24.801477432250977,28.100000381469727,28.25,28.100000381469727,28.149999618530273,11825264
2024-07-15,2222.SR,24.801477432250977,28.100000381469727,28.200000762939453,28.049999237060547,28.149999618530273,13355106
2024-07-16,2222.SR,24.933866500854492,28.25,28.25,28.100000381469727,28.149999618530273,19813530
2024-07-17,2222.SR,25.022132873535156,28.350000381469727,28.75,28.25,28.25,19264538
2024-07-18,2222.SR,25.110395431518555,28.450000762939453,28.600000381469727,28.350000381469727,28.450000762939453,14552209
2024-07-21,2222.SR,25.154523849487305,28.5,28.600000381469727,28.350000381469727,28.399999618530273,7924443
2024-07-22,2222.SR,25.066265106201172,28.399999618530273,28.549999237060547,28.350000381469727,28.5,9813803
2024-07-23,2222.SR,24.801477432250977,28.100000381469727,28.450000762939453,28.100000381469727,28.399999618530273,15305405
2024-07-24,2222.SR,24.71321678161621,28.0,28.149999618530273,28.0,28.100000381469727,9145155
2024-07-25,2222.SR,24.71321678161621,28.0,28.100000381469727,28.0,28.049999237060547,22235750
2024-07-28,2222.SR,24.889739990234375,28.200000762939453,28.25,28.049999237060547,28.049999237060547,5016173
2024-07-29,2222.SR,24.624954223632812,27.899999618530273,28.25,27.899999618530273,28.25,17789061
2024-07-30,2222.SR,24.404298782348633,27.649999618530273,28.0,27.600000381469727,27.950000762939453,14937713
2024-07-31,2222.SR,24.360170364379883,27.600000381469727,27.75,27.549999237060547,27.700000762939453,14093700
2024-08-01,2222.SR,24.271909713745117,27.5,27.75,27.450000762939453,27.649999618530273,17299251
2024-08-04,2222.SR,23.96299171447754,27.149999618530273,27.350000381469727,26.899999618530273,27.299999237060547,17797392
2024-08-05,2222.SR,23.654077529907227,26.799999237060547,27.149999618530273,26.799999237060547,27.149999618530273,35547837
2024-08-06,2222.SR,24.007125854492188,27.200000762939453,27.5,27.049999237060547,27.100000381469727,25157030
2024-08-07,2222.SR,24.492563247680664,27.75,27.75,27.350000381469727,27.450000762939453,18086752
2024-08-08,2222.SR,24.492563247680664,27.75,28.0,27.700000762939453,27.850000381469727,17357744
2024-08-11,2222.SR,24.669086456298828,27.950000762939453,28.0,27.850000381469727,28.0,12398587
2024-08-12,2222.SR,24.669086456298828,27.950000762939453,28.049999237060547,27.850000381469727,28.0,20835997
2024-08-13,2222.SR,24.889739990234375,28.200000762939453,28.200000762939453,27.950000762939453,28.0,14572319
2024-08-14,2222.SR,24.84560775756836,28.149999618530273,28.350000381469727,28.149999618530273,28.200000762939453,14448655
2024-08-15,2222.SR,24.889739990234375,28.200000762939453,28.25,28.149999618530273,28.200000762939453,12476935
2024-08-18,2222.SR,24.977998733520508,28.299999237060547,28.350000381469727,28.200000762939453,28.200000762939453,9824102
2024-08-19,2222.SR,25.022132873535156,28.350000381469727,28.350000381469727,28.200000762939453,28.299999237060547,13651532
2024-08-20,2222.SR,24.889739990234375,28.200000762939453,28.350000381469727,28.100000381469727,28.350000381469727,14134031
2024-08-21,2222.SR,24.918025970458984,27.75,27.950000762939453,27.700000762939453,27.950000762939453,19372387
2024-08-22,2222.SR,24.828229904174805,27.649999618530273,27.799999237060547,27.600000381469727,27.75,13558913
2024-08-25,2222.SR,25.0078182220459,27.850000381469727,27.850000381469727,27.700000762939453,27.75,8706710
2024-08-26,2222.SR,25.097614288330078,27.950000762939453,28.0,27.799999237060547,27.850000381469727,14857870
2024-08-27,2222.SR,25.0078182220459,27.850000381469727,28.049999237060547,27.850000381469727,27.950000762939453,18005073
2024-08-28,2222.SR,24.918025970458984,27.75,27.850000381469727,27.649999618530273,27.799999237060547,15561397
2024-08-29,2222.SR,25.097614288330078,27.950000762939453,27.950000762939453,27.700000762939453,27.75,74726722
2024-09-01,2222.SR,25.0078182220459,27.850000381469727,28.0,27.799999237060547,28.0,7897357
2024-09-02,2222.SR,25.052715301513672,27.899999618530273,28.049999237060547,27.75,27.899999618530273,28864585
2024-09-03,2222.SR,25.052715301513672,27.899999618530273,28.0,27.799999237060547,27.950000762939453,10065207
2024-09-04,2222.SR,24.828229904174805,27.649999618530273,27.799999237060547,27.649999618530273,27.799999237060547,12833496
2024-09-05,2222.SR,24.738431930541992,27.549999237060547,27.75,27.549999237060547,27.700000762939453,11180896
2024-09-08,2222.SR,24.513948440551758,27.299999237060547,27.549999237060547,27.299999237060547,27.5,11390315
2024-09-09,2222.SR,24.469051361083984,27.25,27.399999618530273,27.25,27.350000381469727,9740656
2024-09-10,2222.SR,24.424152374267578,27.200000762939453,27.350000381469727,27.200000762939453,27.299999237060547,10842342
2024-09-11,2222.SR,24.244565963745117,27.0,27.25,27.0,27.200000762939453,15127401
2024-09-12,2222.SR,24.334360122680664,27.100000381469727,27.25,27.049999237060547,27.149999618530273,9048831
2024-09-15,2222.SR,24.424152374267578,27.200000762939453,27.299999237060547,27.149999618530273,27.200000762939453,7807891
2024-09-16,2222.SR,24.469051361083984,27.25,27.299999237060547,27.149999618530273,27.25,8882105
2024-09-17,2222.SR,24.424152374267578,27.200000762939453,27.299999237060547,27.149999618530273,27.25,9236632
2024-09-18,2222.SR,24.334360122680664,27.100000381469727,27.25,27.100000381469727,27.200000762939453,7676936
2024-09-19,2222.SR,24.603742599487305,27.399999618530273,27.399999618530273,27.149999618530273,27.200000762939453,14363877
2024-09-22,2222.SR,24.64864158630371,27.450000762939453,27.549999237060547,27.299999237060547,27.399999618530273,5693077
2024-09-24,2222.SR,24.738431930541992,27.549999237060547,27.600000381469727,27.450000762939453,27.5,8761561
2024-09-25,2222.SR,24.918025970458984,27.75,27.75,27.5,27.600000381469727,10780703
2024-09-26,2222.SR,24.78333282470703,27.600000381469727,27.75,27.549999237060547,27.75,8365226
2024-09-29,2222.SR,24.469051361083984,27.25,27.600000381469727,27.200000762939453,27.600000381469727,11539293
2024-09-30,2222.SR,24.334360122680664,27.100000381469727,27.299999237060547,27.100000381469727,27.299999237060547,16156912
2024-10-01,2222.SR,24.424152374267578,27.200000762939453,27.200000762939453,27.100000381469727,27.100000381469727,10098086
2024-10-02,2222.SR,24.424152374267578,27.200000762939453,27.200000762939453,27.200000762939453,27.200000762939453,0
2024-10-03,2222.SR,24.289461135864258,27.049999237060547,27.200000762939453,27.0,27.200000762939453,16742996
2024-10-06,2222.SR,24.244565963745117,27.0,27.200000762939453,26.899999618530273,27.149999618530273,18425894
2024-10-07,2222.SR,24.19966697692871,26.950000762939453,27.100000381469727,26.899999618530273,27.0,23967789
2024-10-08,2222.SR,24.289461135864258,27.049999237060547,27.049999237060547,26.899999618530273,27.0,10505170
2024-10-09,2222.SR,24.19966697692871,26.950000762939453,27.049999237060547,26.950000762939453,27.0,11460938
2024-10-10,2222.SR,24.289461135864258,27.049999237060547,27.100000381469727,26.950000762939453,27.0,10151521
2024-10-13,2222.SR,24.424152374267578,27.200000762939453,27.25,27.049999237060547,27.049999237060547,6610299
2024-10-14,2222.SR,24.424152374267578,27.200000762939453,27.25,27.100000381469727,27.200000762939453,10521596
2024-10-15,2222.SR,24.379257202148438,27.149999618530273,27.200000762939453,27.0,27.200000762939453,16370270
2024-10-16,2222.SR,24.334360122680664,27.100000381469727,27.200000762939453,27.0,27.049999237060547,18008306
2024-10-17,2222.SR,24.244565963745117,27.0,27.149999618530273,27.0,27.149999618530273,10051908
2024-10-20,2222.SR,24.289461135864258,27.049999237060547,27.100000381469727,27.0,27.049999237060547,4179441
2024-10-21,2222.SR,24.334360122680664,27.100000381469727,27.149999618530273,27.0,27.049999237060547,9184998
2024-10-22,2222.SR,24.244565963745117,27.0,27.100000381469727,27.0,27.100000381469727,7100886
2024-10-23,2222.SR,24.19966697692871,26.950000762939453,27.049999237060547,26.950000762939453,27.0,8935819
2024-10-24,2222.SR,24.289461135864258,27.049999237060547,27.049999237060547,26.950000762939453,26.950000762939453,6429624
2024-10-27,2222.SR,24.289461135864258,27.049999237060547,27.149999618530273,27.049999237060547,27.049999237060547,5330461
2024-10-28,2222.SR,24.244565963745117,27.0,27.100000381469727,27.0,27.049999237060547,7441263
2024-10-29,2222.SR,24.244565963745117,27.0,27.049999237060547,26.950000762939453,27.0,7824235
2024-10-30,2222.SR,24.289461135864258,27.049999237060547,27.049999237060547,26.950000762939453,27.0,7589139
2024-10-31,2222.SR,24.244565963745117,27.0,27.049999237060547,26.950000762939453,27.049999237060547,9312084
2024-11-03,2222.SR,24.334360122680664,27.100000381469727,27.149999618530273,27.0,27.0,7098588
2024-11-04,2222.SR,24.693538665771484,27.5,27.549999237060547,27.100000381469727,27.149999618530273,23073759
2024-11-05,2222.SR,24.738431930541992,27.549999237060547,27.549999237060547,27.299999237060547,27.450000762939453,20287674
2024-11-06,2222.SR,24.738431930541992,27.549999237060547,27.549999237060547,27.350000381469727,27.549999237060547,16718090
2024-11-07,2222.SR,25.14250946044922,28.0,28.100000381469727,27.649999618530273,27.649999618530273,38332150
2024-11-10,2222.SR,25.187408447265625,28.049999237060547,28.200000762939453,27.950000762939453,28.049999237060547,18968085
2024-11-11,2222.SR,25.187408447265625,28.049999237060547,28.149999618530273,27.899999618530273,28.049999237060547,21552417
2024-11-12,2222.SR,25.187408447265625,28.049999237060547,28.049999237060547,27.850000381469727,28.049999237060547,17268952
2024-11-13,2222.SR,25.052715301513672,27.899999618530273,28.049999237060547,27.899999618530273,28.0,26043736
2024-11-14,2222.SR,25.14250946044922,28.0,28.049999237060547,27.899999618530273,27.950000762939453,19926226
2024-11-17,2222.SR,25.582435607910156,28.0,28.0,28.0,28.0,0
2024-11-18,2222.SR,25.399707794189453,27.799999237060547,27.950000762939453,27.600000381469727,27.649999618530273,23054625
2024-11-19,2222.SR,25.536754608154297,27.950000762939453,28.100000381469727,27.850000381469727,27.850000381469727,22202681
2024-11-20,2222.SR,25.582435607910156,28.0,28.0,27.850000381469727,27.950000762939453,13226712
2024-11-21,2222.SR,25.536754608154297,27.950000762939453,28.049999237060547,27.899999618530273,27.950000762939453,18374731
2024-11-24,2222.SR,25.62812042236328,28.049999237060547,28.149999618530273,28.0,28.049999237060547,15936388
2024-11-25,2222.SR,25.582435607910156,28.0,28.100000381469727,28.0,28.049999237060547,162803724
2024-11-26,2222.SR,25.125608444213867,27.5,28.0,27.5,28.0,16122065
2024-11-27,2222.SR,25.079927444458008,27.450000762939453,27.799999237060547,27.350000381469727,27.5,19599097
2024-11-28,2222.SR,25.079927444458008,27.450000762939453,27.600000381469727,27.299999237060547,27.5,15865004
2024-12-01,2222.SR,25.079927444458008,27.450000762939453,27.600000381469727,27.299999237060547,27.5,15865004
2024-12-02,2222.SR,25.21697425842285,27.600000381469727,27.600000381469727,27.350000381469727,27.600000381469727,14424053
2024-12-03,2222.SR,25.308340072631836,27.700000762939453,27.75,27.5,27.600000381469727,14913837
2024-12-04,2222.SR,25.491069793701172,27.899999618530273,27.899999618530273,27.600000381469727,27.700000762939453,12504950
2024-12-05,2222.SR,25.536754608154297,27.950000762939453,27.950000762939453,27.75,27.899999618530273,14619435
2024-12-08,2222.SR,25.536754608154297,27.950000762939453,28.0,27.899999618530273,27.950000762939453,8680731
2024-12-09,2222.SR,25.85653305053711,28.299999237060547,28.299999237060547,27.899999618530273,28.0,21826396
2024-12-10,2222.SR,26.176313400268555,28.649999618530273,28.75,28.299999237060547,28.299999237060547,25182331
2024-12-11,2222.SR,26.084949493408203,28.549999237060547,28.75,28.5,28.700000762939453,14316064
2024-12-12,2222.SR,25.993587493896484,28.450000762939453,28.600000381469727,28.399999618530273,28.549999237060547,8618228
2024-12-15,2222.SR,25.993587493896484,28.450000762939453,28.549999237060547,28.399999618530273,28.450000762939453,4594622
2024-12-16,2222.SR,26.039268493652344,28.5,28.5,28.299999237060547,28.450000762939453,10630628
2024-12-17,2222.SR,25.719486236572266,28.149999618530273,28.549999237060547,28.149999618530273,28.5,11132388
2024-12-18,2222.SR,25.993587493896484,28.450000762939453,28.450000762939453,28.100000381469727,28.200000762939453,10508585
2024-12-19,2222.SR,26.496095657348633,29.0,29.0,28.200000762939453,28.350000381469727,101328774
2024-12-22,2222.SR,25.993587493896484,28.450000762939453,28.799999237060547,28.450000762939453,28.799999237060547,14012097
2024-12-23,2222.SR,26.039268493652344,28.5,28.649999618530273,28.450000762939453,28.5,5281904
2024-12-24,2222.SR,25.810850143432617,28.25,28.549999237060547,28.25,28.5,5262134
2024-12-25,2222.SR,25.673803329467773,28.100000381469727,28.299999237060547,28.100000381469727,28.25,3460432
2024-12-26,2222.SR,25.582435607910156,28.0,28.149999618530273,28.0,28.100000381469727,3841631
2024-12-29,2222.SR,25.445388793945312,27.850000381469727,28.100000381469727,27.799999237060547,28.0,16343880
2024-12-30,2222.SR,25.491069793701172,27.899999618530273,28.0,27.799999237060547,27.850000381469727,14128315
2024-12-31,2222.SR,25.62812042236328,28.049999237060547,28.149999618530273,27.950000762939453,28.0,8325694
2025-01-01,2222.SR,25.62812042236328,28.049999237060547,28.100000381469727,28.0,28.049999237060547,3345060
2025-01-02,2222.SR,25.62812042236328,28.049999237060547,28.100000381469727,28.0,28.049999237060547,4491119
2025-01-05,2222.SR,25.62812042236328,28.049999237060547,28.100000381469727,28.0,28.049999237060547,3904538
2025-01-06,2222.SR,25.536754608154297,27.950000762939453,28.100000381469727,27.950000762939453,28.049999237060547,13064249
2025-01-07,2222.SR,25.399707794189453,27.799999237060547,28.049999237060547,27.799999237060547,28.0,9854952
2025-01-08,2222.SR,25.582435607910156,28.0,28.100000381469727,27.799999237060547,27.799999237060547,11963308
2025-01-09,2222.SR,25.582435607910156,28.0,28.0,28.0,28.0,0
2025-01-12,2222.SR,25.582435607910156,28.0,28.100000381469727,27.950000762939453,28.0,6193127
2025-01-13,2222.SR,25.62812042236328,28.049999237060547,28.350000381469727,28.049999237060547,28.100000381469727,11237325
2025-01-14,2222.SR,25.673803329467773,28.100000381469727,28.149999618530273,28.0,28.049999237060547,4921809
2025-01-15,2222.SR,25.673803329467773,28.100000381469727,28.100000381469727,28.0,28.100000381469727,6908259
2025-01-16,2222.SR,25.810850143432617,28.25,28.25,28.100000381469727,28.100000381469727,9292858
2025-01-19,2222.SR,25.719486236572266,28.149999618530273,28.25,28.149999618530273,28.25,5063771
2025-01-20,2222.SR,25.719486236572266,28.149999618530273,28.25,28.149999618530273,28.149999618530273,5178085
2025-01-21,2222.SR,25.582435607910156,28.0,28.200000762939453,28.0,28.200000762939453,6795442
2025-01-22,2222.SR,25.582435607910156,28.0,28.149999618530273,28.0,28.0,6498035
2025-01-23,2222.SR,25.673803329467773,28.100000381469727,28.100000381469727,28.0,28.0,6371400
2025-01-26,2222.SR,25.62812042236328,28.049999237060547,28.100000381469727,28.0,28.100000381469727,3785442
2025-01-27,2222.SR,25.536754608154297,27.950000762939453,28.100000381469727,27.899999618530273,28.049999237060547,9324644
2025-01-28,2222.SR,25.536754608154297,27.950000762939453,27.950000762939453,27.950000762939453,27.950000762939453,0
2025-01-29,2222.SR,25.35402488708496,27.75,27.950000762939453,27.649999618530273,27.899999618530273,17676359
2025-01-30,2222.SR,25.399707794189453,27.799999237060547,27.799999237060547,27.649999618530273,27.799999237060547,6598029
2025-02-02,2222.SR,25.35402488708496,27.75,27.799999237060547,27.700000762939453,27.799999237060547,3873083
2025-02-03,2222.SR,25.308340072631836,27.700000762939453,27.75,27.600000381469727,27.75,8174492
2025-02-04,2222.SR,25.308340072631836,27.700000762939453,27.700000762939453,27.549999237060547,27.700000762939453,12378858
2025-02-05,2222.SR,25.308340072631836,27.700000762939453,27.700000762939453,27.600000381469727,27.700000762939453,5564384
2025-02-06,2222.SR,25.262657165527344,27.649999618530273,27.75,27.600000381469727,27.700000762939453,7933082
2025-02-09,2222.SR,25.262657165527344,27.649999618530273,27.700000762939453,27.600000381469727,27.649999618530273,4372437
2025-02-10,2222.SR,25.35402488708496,27.75,27.75,27.600000381469727,27.649999618530273,6805334
2025-02-11,2222.SR,25.35402488708496,27.75,27.75,27.649999618530273,27.75,5996171
2025-02-12,2222.SR,25.399707794189453,27.799999237060547,27.799999237060547,27.700000762939453,27.700000762939453,8007218
2025-02-13,2222.SR,25.399707794189453,27.799999237060547,27.799999237060547,27.700000762939453,27.75,5080887
2025-02-16,2222.SR,25.399707794189453,27.799999237060547,27.850000381469727,27.75,27.799999237060547,4747700
2025-02-17,2222.SR,25.262657165527344,27.649999618530273,27.799999237060547,27.649999618530273,27.75,9085215
2025-02-18,2222.SR,25.21697425842285,27.600000381469727,27.75,27.600000381469727,27.649999618530273,7165570
2025-02-19,2222.SR,25.21697425842285,27.600000381469727,27.600000381469727,27.600000381469727,27.600000381469727,0
2025-02-20,2222.SR,25.308340072631836,27.700000762939453,27.75,27.600000381469727,27.700000762939453,9186397
2025-02-24,2222.SR,24.85150909423828,27.200000762939453,27.649999618530273,27.200000762939453,27.649999618530273,19774504
2025-02-25,2222.SR,25.034242630004883,27.399999618530273,27.5,27.049999237060547,27.25,12067644
2025-02-26,2222.SR,24.85150909423828,27.200000762939453,27.450000762939453,27.149999618530273,27.399999618530273,9284788
2025-02-27,2222.SR,24.76014518737793,27.100000381469727,27.299999237060547,27.049999237060547,27.200000762939453,18064577
2025-03-02,2222.SR,24.85150909423828,27.200000762939453,27.399999618530273,27.100000381469727,27.100000381469727,5681281
2025-03-03,2222.SR,25.125608444213867,27.5,27.549999237060547,27.200000762939453,27.25,7624614
2025-03-04,2222.SR,24.577411651611328,26.899999618530273,27.25,26.850000381469727,27.25,22388785
2025-03-05,2222.SR,24.257633209228516,26.549999237060547,26.950000762939453,26.549999237060547,26.899999618530273,12279535
2025-03-06,2222.SR,23.98353385925293,26.25,26.649999618530273,26.149999618530273,26.600000381469727,15079715
2025-03-09,2222.SR,24.3489990234375,26.649999618530273,26.649999618530273,26.25,26.25,5722859
2025-03-10,2222.SR,24.029218673706055,26.299999237060547,26.649999618530273,26.299999237060547,26.649999618530273,10724622
2025-03-11,2222.SR,24.029218673706055,26.299999237060547,26.399999618530273,26.049999237060547,26.299999237060547,23884764
2025-03-12,2222.SR,23.937854766845703,26.200000762939453,26.399999618530273,26.100000381469727,26.350000381469727,13639741
2025-03-13,2222.SR,23.70943832397461,25.950000762939453,26.25,25.899999618530273,26.200000762939453,20760155
2025-03-16,2222.SR,23.80080223083496,26.049999237060547,26.149999618530273,25.899999618530273,26.0,12265826
2025-03-17,2222.SR,23.70943832397461,25.950000762939453,26.149999618530273,25.899999618530273,26.100000381469727,18605545
2025-03-18,2222.SR,23.69203758239746,25.600000381469727,25.850000381469727,25.5,25.850000381469727,16828095
2025-03-19,2222.SR,23.18303108215332,25.049999237060547,25.649999618530273,25.0,25.600000381469727,21990551
2025-03-20,2222.SR,23.18303108215332,25.049999237060547,25.049999237060547,25.049999237060547,25.049999237060547,0
2025-03-23,2222.SR,23.877132415771484,25.799999237060547,25.850000381469727,25.700000762939453,25.850000381469727,6294793
2025-03-24,2222.SR,24.015954971313477,25.950000762939453,25.950000762939453,25.649999618530273,25.850000381469727,7542379
2025-03-25,2222.SR,24.154775619506836,26.100000381469727,26.399999618530273,26.0,26.0,11673443
2025-03-26,2222.SR,24.663782119750977,26.649999618530273,26.649999618530273,26.200000762939453,26.200000762939453,12436997
2025-03-27,2222.SR,24.756330490112305,26.75,26.75,26.600000381469727,26.700000762939453,9760871
2025-04-03,2222.SR,24.339866638183594,26.299999237060547,26.649999618530273,26.25,26.600000381469727,11236458
2025-04-06,2222.SR,23.06271743774414,24.920000076293945,25.200000762939453,24.65999984741211,25.0,24031202
2025-04-07,2222.SR,23.368125915527344,25.25,25.350000381469727,24.600000381469727,24.8799991607666,24643110
2025-04-08,2222.SR,23.506946563720703,25.399999618530273,26.100000381469727,25.25,25.549999237060547,18445104
2025-04-09,2222.SR,23.46067237854004,25.350000381469727,25.5,25.149999618530273,25.450000762939453,12689577
2025-04-10,2222.SR,23.46067237854004,25.350000381469727,25.350000381469727,25.350000381469727,25.350000381469727,0
2025-04-13,2222.SR,23.969680786132812,25.899999618530273,26.0,25.850000381469727,26.0,6243752
2025-04-14,2222.SR,24.015954971313477,25.950000762939453,26.0,25.799999237060547,26.0,7304998
2025-04-15,2222.SR,23.877132415771484,25.799999237060547,26.0,25.799999237060547,25.950000762939453,11189103
2025-04-16,2222.SR,23.738309860229492,25.649999618530273,25.850000381469727,25.600000381469727,25.799999237060547,10793610
2025-04-17,2222.SR,23.738309860229492,25.649999618530273,25.649999618530273,25.649999618530273,25.649999618530273,0
2025-04-20,2222.SR,23.784587860107422,25.700000762939453,25.75,25.5,25.5,9317394
2025-04-21,2222.SR,23.553218841552734,25.450000762939453,25.649999618530273,25.399999618530273,25.649999618530273,5660312
2025-04-22,2222.SR,23.69203758239746,25.600000381469727,25.600000381469727,25.25,25.450000762939453,13294904
2025-04-23,2222.SR,23.830860137939453,25.75,25.850000381469727,25.600000381469727,25.600000381469727,12501628
2025-04-24,2222.SR,23.877132415771484,25.799999237060547,25.799999237060547,25.649999618530273,25.75,10417794
2025-04-27,2222.SR,23.877132415771484,25.799999237060547,25.850000381469727,25.700000762939453,25.799999237060547,6008992
2025-04-28,2222.SR,23.830860137939453,25.75,25.850000381469727,25.649999618530273,25.799999237060547,7219783
2025-04-29,2222.SR,23.738309860229492,25.649999618530273,25.799999237060547,25.600000381469727,25.75,7630615
2025-04-30,2222.SR,23.46067237854004,25.350000381469727,25.649999618530273,25.350000381469727,25.649999618530273,12595382
2025-05-01,2222.SR,23.32185173034668,25.200000762939453,25.399999618530273,25.200000762939453,25.350000381469727,7824146
2025-05-04,2222.SR,23.08123016357422,24.940000534057617,25.350000381469727,24.940000534057617,25.200000762939453,11848312
2025-05-05,2222.SR,23.044208526611328,24.899999618530273,24.979999542236328,24.81999969482422,24.940000534057617,8534296
2025-05-06,2222.SR,23.11824607849121,24.979999542236328,25.049999237060547,24.899999618530273,24.920000076293945,4275057
2025-05-07,2222.SR,22.98868179321289,24.84000015258789,25.049999237060547,24.84000015258789,24.979999542236328,6343182
2025-05-08,2222.SR,22.98868179321289,24.84000015258789,24.959999084472656,24.739999771118164,24.899999618530273,7836576
2025-05-11,2222.SR,23.136756896972656,25.0,25.049999237060547,24.959999084472656,25.0,5256393
2025-05-12,2222.SR,23.64576530456543,25.549999237060547,25.700000762939453,25.049999237060547,25.049999237060547,17040683
2025-05-13,2222.SR,23.64576530456543,25.549999237060547,25.700000762939453,25.399999618530273,25.649999618530273,10719402
2025-05-14,2222.SR,24.154775619506836,26.100000381469727,26.149999618530273,25.549999237060547,25.600000381469727,24397948
2025-05-15,2222.SR,24.201047897338867,26.149999618530273,26.149999618530273,25.850000381469727,26.100000381469727,10154701
2025-05-18,2222.SR,24.201047897338867,26.149999618530273,26.149999618530273,26.149999618530273,26.149999618530273,0
2025-05-19,2222.SR,24.293594360351562,26.25,26.299999237060547,26.049999237060547,26.149999618530273,10398563
2025-05-20,2222.SR,24.247323989868164,26.200000762939453,26.299999237060547,26.049999237060547,26.299999237060547,8699293
2025-05-21,2222.SR,24.154775619506836,26.100000381469727,26.25,26.100000381469727,26.149999618530273,9558487
2025-05-22,2222.SR,23.574731826782227,25.149999618530273,25.850000381469727,25.149999618530273,25.850000381469727,15642041
2025-05-25,2222.SR,23.43412971496582,25.0,25.299999237060547,24.84000015258789,25.149999618530273,8638937
2025-05-26,2222.SR,23.62160301208496,25.200000762939453,25.200000762939453,24.940000534057617,25.0,7488534
2025-05-27,2222.SR,23.480995178222656,25.049999237060547,25.200000762939453,25.0,25.200000762939453,6788028
2025-05-28,2222.SR,23.855941772460938,25.450000762939453,25.5,25.049999237060547,25.100000381469727,9927549
2025-05-29,2222.SR,23.43412971496582,25.0,25.549999237060547,25.0,25.450000762939453,37669543
2025-06-01,2222.SR,23.26540184020996,24.81999969482422,25.100000381469727,24.799999237060547,25.049999237060547,10034005
2025-06-02,2222.SR,23.43412971496582,25.0,25.0,24.8799991607666,24.899999618530273,7656534
2025-06-03,2222.SR,23.26540184020996,24.81999969482422,25.049999237060547,24.81999969482422,25.0,8540988
2025-06-04,2222.SR,23.246654510498047,24.799999237060547,24.959999084472656,24.799999237060547,24.860000610351562,11275316
2025-06-11,2222.SR,23.35913848876953,24.920000076293945,25.25,24.799999237060547,25.0,15097047
2025-06-12,2222.SR,23.39663314819336,24.959999084472656,24.959999084472656,24.719999313354492,24.899999618530273,13945195
2025-06-15,2222.SR,23.80907440185547,25.399999618530273,25.5,25.0,25.0,28768190
2025-06-16,2222.SR,23.7153377532959,25.299999237060547,25.450000762939453,25.25,25.399999618530273,14678983
2025-06-17,2222.SR,23.415380477905273,24.979999542236328,25.299999237060547,24.780000686645508,25.299999237060547,12147046
2025-06-18,2222.SR,23.340391159057617,24.899999618530273,24.940000534057617,24.700000762939453,24.940000534057617,11480632
2025-06-19,2222.SR,23.26540184020996,24.81999969482422,24.84000015258789,24.65999984741211,24.799999237060547,31027624
2025-06-22,2222.SR,23.26540184020996,24.81999969482422,24.940000534057617,24.739999771118164,24.84000015258789,9212775
2025-06-23,2222.SR,23.190410614013672,24.739999771118164,24.8799991607666,24.700000762939453,24.81999969482422,11644120
2025-06-24,2222.SR,22.815465927124023,24.34000015258789,24.700000762939453,24.219999313354492,24.700000762939453,36521415
2025-06-25,2222.SR,22.62799072265625,24.139999389648438,24.360000610351562,24.079999923706055,24.34000015258789,20654688
2025-06-26,2222.SR,22.777973175048828,24.299999237060547,24.299999237060547,24.100000381469727,24.15999984741211,20207307
2025-06-29,2222.SR,22.777973175048828,24.299999237060547,24.399999618530273,24.219999313354492,24.309999465942383,10624752
2025-06-30,2222.SR,22.79671859741211,24.31999969482422,24.389999389648438,24.25,24.31999969482422,15722301
2025-07-01,2222.SR,22.834213256835938,24.360000610351562,24.360000610351562,24.260000228881836,24.31999969482422,10147575
2025-07-02,2222.SR,23.012313842773438,24.549999237060547,24.549999237060547,24.34000015258789,24.360000610351562,14917681
2025-07-03,2222.SR,23.227907180786133,24.780000686645508,24.780000686645508,24.5,24.559999465942383,15346241
2025-07-06,2222.SR,23.312271118164062,24.8700008392334,24.889999389648438,24.549999237060547,24.780000686645508,9678871
2025-07-07,2222.SR,23.509117126464844,25.079999923706055,25.139999389648438,24.780000686645508,24.8700008392334,11038097
2025-07-08,2222.SR,23.52786636352539,25.100000381469727,25.1200008392334,24.979999542236328,25.059999465942383,11042534
2025-07-09,2222.SR,23.321643829345703,24.8799991607666,25.1200008392334,24.81999969482422,25.079999923706055,7350422
2025-07-10,2222.SR,23.47162437438965,25.040000915527344,25.059999465942383,24.829999923706055,24.8799991607666,9659619
2025-07-13,2222.SR,23.39663314819336,24.959999084472656,25.059999465942383,24.940000534057617,25.040000915527344,4743041
2025-07-14,2222.SR,23.302898406982422,24.860000610351562,25.0,24.809999465942383,24.989999771118164,7022781
2025-07-15,2222.SR,23.059181213378906,24.600000381469727,24.899999618530273,24.520000457763672,24.860000610351562,15453336
2025-07-16,2222.SR,22.89045524597168,24.420000076293945,24.6200008392334,24.399999618530273,24.600000381469727,8077875
2025-07-17,2222.SR,22.89045524597168,24.420000076293945,24.420000076293945,24.420000076293945,24.420000076293945,0
2025-07-20,2222.SR,22.59987449645996,24.110000610351562,24.299999237060547,24.049999237060547,24.100000381469727,10024553
2025-07-21,2222.SR,22.590499877929688,24.100000381469727,24.139999389648438,24.049999237060547,24.110000610351562,6355034
2025-07-22,2222.SR,22.487388610839844,23.989999771118164,24.15999984741211,23.920000076293945,24.100000381469727,10810651
2025-07-23,2222.SR,22.6936092376709,24.209999084472656,24.209999084472656,23.989999771118164,23.989999771118164,19847632
2025-07-24,2222.SR,22.524887084960938,24.030000686645508,24.280000686645508,24.020000457763672,24.270000457763672,17899492
2025-07-27,2222.SR,22.59987449645996,24.110000610351562,24.15999984741211,24.030000686645508,24.049999237060547,5296568
2025-07-28,2222.SR,22.646739959716797,24.15999984741211,24.34000015258789,24.100000381469727,24.110000610351562,8628342
2025-07-29,2222.SR,22.65611457824707,24.170000076293945,24.190000534057617,24.040000915527344,24.15999984741211,9468969
2025-07-30,2222.SR,22.721729278564453,24.239999771118164,24.239999771118164,24.110000610351562,24.18000030517578,11910892
2025-07-31,2222.SR,22.777973175048828,24.299999237060547,24.299999237060547,24.15999984741211,24.239999771118164,5584400
2025-08-03,2222.SR,22.496763229370117,24.0,24.280000686645508,23.969999313354492,24.280000686645508,8797350
2025-08-04,2222.SR,22.41240119934082,23.90999984741211,24.020000457763672,23.809999465942383,24.0,13424505
2025-08-05,2222.SR,22.6092472076416,24.1200008392334,24.1200008392334,23.81999969482422,23.920000076293945,18035022
2025-08-06,2222.SR,22.80609130859375,24.329999923706055,24.329999923706055,24.1299991607666,24.149999618530273,18823292
2025-08-07,2222.SR,22.815465927124023,24.34000015258789,24.40999984741211,24.260000228881836,24.329999923706055,9537175
2025-08-10,2222.SR,22.62799072265625,24.139999389648438,24.34000015258789,24.110000610351562,24.34000015258789,9682187
2025-08-11,2222.SR,22.543630599975586,24.049999237060547,24.149999618530273,24.040000915527344,24.139999389648438,9627111
2025-08-12,2222.SR,22.543630599975586,24.049999237060547,24.1299991607666,24.010000228881836,24.049999237060547,6720365
2025-08-13,2222.SR,22.543630599975586,24.049999237060547,24.079999923706055,23.979999542236328,24.049999237060547,8824794
2025-08-14,2222.SR,22.553003311157227,24.059999465942383,24.059999465942383,23.899999618530273,24.049999237060547,10782893
2025-08-17,2222.SR,22.646739959716797,24.15999984741211,24.170000076293945,24.059999465942383,24.059999465942383,8228880
2025-08-18,2222.SR,22.618619918823242,24.1299991607666,24.219999313354492,24.079999923706055,24.15999984741211,7339053
2025-08-19,2222.SR,22.543630599975586,24.049999237060547,24.139999389648438,24.040000915527344,24.1200008392334,11149711
2025-08-20,2222.SR,22.696842193603516,23.8799991607666,23.920000076293945,23.700000762939453,23.8700008392334,11506195
2025-08-21,2222.SR,22.53526496887207,23.709999084472656,23.889999389648438,23.6200008392334,23.8799991607666,16058246
2025-08-24,2222.SR,22.68733787536621,23.8700008392334,23.920000076293945,23.790000915527344,23.799999237060547,10589586
2025-08-25,2222.SR,22.611303329467773,23.790000915527344,23.899999618530273,23.760000228881836,23.8799991607666,7115303
2025-08-26,2222.SR,22.601797103881836,23.780000686645508,23.899999618530273,23.729999542236328,23.799999237060547,15853641
2025-08-27,2222.SR,22.56378173828125,23.739999771118164,23.8700008392334,23.739999771118164,23.799999237060547,7804018
2025-08-28,2222.SR,22.52576446533203,23.700000762939453,23.81999969482422,23.700000762939453,23.760000228881836,9809127
2025-08-31,2222.SR,22.620807647705078,23.799999237060547,23.809999465942383,23.719999313354492,23.770000457763672,6165821
2025-09-01,2222.SR,22.430715560913086,23.600000381469727,23.81999969482422,23.56999969482422,23.809999465942383,11387477
2025-09-02,2222.SR,22.573284149169922,23.75,23.81999969482422,23.420000076293945,23.600000381469727,15651627
2025-09-03,2222.SR,22.430715560913086,23.600000381469727,23.8799991607666,23.559999465942383,23.780000686645508,7360919
2025-09-04,2222.SR,22.478239059448242,23.649999618530273,23.649999618530273,23.56999969482422,23.600000381469727,5901092
2025-09-07,2222.SR,22.30715560913086,23.469999313354492,23.670000076293945,23.450000762939453,23.649999618530273,6166708
2025-09-08,2222.SR,22.098058700561523,23.25,23.479999542236328,23.100000381469727,23.469999313354492,14291919
2025-09-09,2222.SR,22.145580291748047,23.299999237060547,23.360000610351562,23.079999923706055,23.25,12701521
2025-09-10,2222.SR,22.022018432617188,23.170000076293945,23.309999465942383,23.100000381469727,23.299999237060547,8913600
2025-09-11,2222.SR,21.98400115966797,23.1299991607666,23.200000762939453,23.040000915527344,23.170000076293945,7712318
2025-09-14,2222.SR,22.01251792907715,23.15999984741211,23.170000076293945,23.079999923706055,23.1299991607666,6808881
2025-09-15,2222.SR,22.069543838500977,23.219999313354492,23.229999542236328,23.100000381469727,23.170000076293945,7184159
2025-09-16,2222.SR,22.193103790283203,23.350000381469727,23.350000381469727,23.110000610351562,23.200000762939453,8374932
2025-09-17,2222.SR,22.90594482421875,24.100000381469727,24.1200008392334,23.350000381469727,23.350000381469727,19756729
2025-09-18,2222.SR,23.25760841369629,24.469999313354492,24.540000915527344,24.020000457763672,24.110000610351562,38713389
2025-09-21,2222.SR,23.694820404052734,24.93000030517578,25.059999465942383,24.469999313354492,24.479999542236328,28562587
2025-09-22,2222.SR,23.713829040527344,24.950000762939453,25.040000915527344,24.809999465942383,24.93000030517578,16624324
2025-09-24,2222.SR,23.818378448486328,25.059999465942383,25.420000076293945,25.020000457763672,25.200000762939453,25782295
2025-09-25,2222.SR,23.818378448486328,25.059999465942383,25.059999465942383,25.059999465942383,25.059999465942383,0
2025-09-28,2222.SR,23.238603591918945,24.450000762939453,24.520000457763672,24.350000381469727,24.350000381469727,6637852
2025-09-29,2222.SR,23.751848220825195,24.989999771118164,24.989999771118164,24.3700008392334,24.450000762939453,23722037
2025-09-30,2222.SR,23.40018081665039,24.6200008392334,24.979999542236328,24.6200008392334,24.969999313354492,12657037
2025-10-01,2222.SR,23.40018081665039,24.6200008392334,24.979999542236328,24.6200008392334,24.969999313354492,12657037
2025-10-02,2222.SR,23.523738861083984,24.75,24.940000534057617,24.600000381469727,24.600000381469727,8530187
2025-10-05,2222.SR,23.561758041381836,24.790000915527344,24.90999984741211,24.700000762939453,24.75,4655153
2025-10-06,2222.SR,23.618783950805664,24.850000381469727,24.979999542236328,24.780000686645508,24.790000915527344,8073653
2025-10-07,2222.SR,23.580766677856445,24.809999465942383,25.0,24.600000381469727,24.850000381469727,11867059
2025-10-08,2222.SR,23.637792587280273,24.8700008392334,24.8700008392334,24.75,24.809999465942383,5708413
2025-10-09,2222.SR,23.60927963256836,24.84000015258789,24.959999084472656,24.84000015258789,24.8700008392334,5300293
2025-10-12,2222.SR,23.2861270904541,24.5,24.6299991607666,24.25,24.5,10461996
2025-10-13,2222.SR,23.504728317260742,24.729999542236328,24.75,24.510000228881836,24.510000228881836,9604888
2025-10-14,2222.SR,23.523738861083984,24.75,24.979999542236328,24.729999542236328,24.729999542236328,10661047
2025-10-15,2222.SR,23.732837677001953,24.969999313354492,24.989999771118164,24.739999771118164,24.75,15238207
2025-10-16,2222.SR,24.046489715576172,25.299999237060547,25.459999084472656,24.950000762939453,24.950000762939453,24428940
2025-10-19,2222.SR,23.91342544555664,25.15999984741211,25.260000228881836,25.100000381469727,25.260000228881836,10484652
2025-10-20,2222.SR,23.818378448486328,25.059999465942383,25.18000030517578,25.020000457763672,25.15999984741211,7992024
2025-10-21,2222.SR,23.79937171936035,25.040000915527344,25.079999923706055,24.950000762939453,25.059999465942383,7062839
2025-10-22,2222.SR,24.69279670715332,25.979999542236328,26.139999389648438,25.0,25.020000457763672,41874224
2025-10-23,2222.SR,24.578744888305664,25.860000610351562,26.15999984741211,25.65999984741211,26.0,29079561
2025-10-26,2222.SR,24.46468734741211,25.739999771118164,25.959999084472656,25.719999313354492,25.84000015258789,7444038
2025-10-27,2222.SR,24.52171516418457,25.799999237060547,25.860000610351562,25.739999771118164,25.739999771118164,11056616
2025-10-28,2222.SR,24.59775161743164,25.8799991607666,26.059999465942383,25.780000686645508,25.780000686645508,14969528
2025-10-29,2222.SR,24.63576889038086,25.920000076293945,25.940000534057617,25.780000686645508,25.84000015258789,7066115
2025-10-30,2222.SR,24.61676025390625,25.899999618530273,26.020000457763672,25.860000610351562,25.920000076293945,16374565
2025-11-02,2222.SR,24.36964225769043,25.639999389648438,25.799999237060547,25.639999389648438,25.780000686645508,8624885
2025-11-03,2222.SR,24.3126163482666,25.579999923706055,25.639999389648438,25.360000610351562,25.6200008392334,12016152
2025-11-04,2222.SR,24.48369789123535,25.760000228881836,25.899999618530273,25.600000381469727,25.600000381469727,14149103
2025-11-05,2222.SR,24.331623077392578,25.600000381469727,25.760000228881836,25.420000076293945,25.739999771118164,8288370
2025-11-06,2222.SR,24.559734344482422,25.84000015258789,25.84000015258789,25.579999923706055,25.600000381469727,5885689
2025-11-09,2222.SR,24.426671981811523,25.700000762939453,25.860000610351562,25.559999465942383,25.84000015258789,3802359
2025-11-10,2222.SR,24.6547794342041,25.940000534057617,25.940000534057617,25.559999465942383,25.68000030517578,10353282
2025-11-11,2222.SR,24.6547794342041,25.940000534057617,25.979999542236328,25.81999969482422,25.899999618530273,9107830
2025-11-12,2222.SR,24.67378807067871,25.959999084472656,25.959999084472656,25.84000015258789,25.899999618530273,6817714
2025-11-13,2222.SR,24.578744888305664,25.860000610351562,25.899999618530273,25.65999984741211,25.860000610351562,9099923
2025-11-16,2222.SR,24.3126163482666,25.579999923706055,25.84000015258789,25.3799991607666,25.84000015258789,7223219
2025-11-17,2222.SR,24.559734344482422,25.84000015258789,25.8799991607666,25.540000915527344,25.579999923706055,14688948
2025-11-18,2222.SR,24.878612518310547,25.84000015258789,25.84000015258789,25.399999618530273,25.399999618530273,11332917
2025-11-19,2222.SR,24.936376571655273,25.899999618530273,25.959999084472656,25.81999969482422,25.84000015258789,13481430
2025-11-20,2222.SR,24.820842742919922,25.780000686645508,25.8799991607666,25.639999389648438,25.860000610351562,6688965
2025-11-23,2222.SR,24.647541046142578,25.600000381469727,25.739999771118164,25.579999923706055,25.700000762939453,4383237
2025-11-24,2222.SR,24.300935745239258,25.239999771118164,25.600000381469727,25.059999465942383,25.579999923706055,23899162
2025-11-25,2222.SR,23.655860900878906,24.56999969482422,25.200000762939453,24.559999465942383,25.18000030517578,10470096
2025-11-26,2222.SR,23.617351531982422,24.530000686645508,24.649999618530273,24.469999313354492,24.56999969482422,13825620
2025-11-27,2222.SR,23.71363067626953,24.6299991607666,24.690000534057617,24.440000534057617,24.530000686645508,6887653
2025-11-30,2222.SR,23.626977920532227,24.540000915527344,24.700000762939453,24.530000686645508,24.6299991607666,2677592
2025-12-01,2222.SR,23.424789428710938,24.329999923706055,24.540000915527344,24.25,24.540000915527344,9508007
2025-12-02,2222.SR,23.492185592651367,24.399999618530273,24.450000762939453,24.25,24.329999923706055,4277295
2025-12-03,2222.SR,23.54995346069336,24.459999084472656,24.459999084472656,24.260000228881836,24.329999923706055,6962338
2025-12-04,2222.SR,23.607723236083984,24.520000457763672,24.690000534057617,24.399999618530273,24.399999618530273,6044543
2025-12-07,2222.SR,23.511442184448242,24.420000076293945,24.610000610351562,24.399999618530273,24.520000457763672,2541002
2025-12-08,2222.SR,23.415163040161133,24.31999969482422,24.510000228881836,24.31999969482422,24.40999984741211,10131667
2025-12-09,2222.SR,23.434417724609375,24.34000015258789,24.350000381469727,24.25,24.31999969482422,6229202
2025-12-10,2222.SR,23.415163040161133,24.31999969482422,24.350000381469727,24.25,24.34000015258789,3706074
2025-12-11,2222.SR,23.01078987121582,23.899999618530273,24.329999923706055,23.899999618530273,24.31999969482422,13270036
2025-12-14,2222.SR,23.001161575317383,23.889999389648438,23.940000534057617,23.81999969482422,23.899999618530273,8186055
2025-12-15,2222.SR,23.10706901550293,24.0,24.010000228881836,23.799999237060547,23.889999389648438,11447168
2025-12-16,2222.SR,22.866369247436523,23.75,24.020000457763672,23.700000762939453,24.0,13537861
2025-12-17,2222.SR,22.721952438354492,23.600000381469727,23.809999465942383,23.56999969482422,23.75,9381312
2025-12-18,2222.SR,22.770090103149414,23.649999618530273,23.739999771118164,23.59000015258789,23.600000381469727,15888714
2025-12-21,2222.SR,22.943391799926758,23.829999923706055,23.899999618530273,23.700000762939453,23.899999618530273,7181812
2025-12-22,2222.SR,22.866369247436523,23.75,23.84000015258789,23.59000015258789,23.829999923706055,12542806
2025-12-23,2222.SR,22.87599754333496,23.760000228881836,23.809999465942383,23.579999923706055,23.75,7090435
2025-12-24,2222.SR,22.866369247436523,23.75,23.809999465942383,23.6299991607666,23.780000686645508,6462750
2025-12-25,2222.SR,22.808605194091797,23.690000534057617,23.790000915527344,23.639999389648438,23.75,4262395
2025-12-28,2222.SR,22.635299682617188,23.510000228881836,23.719999313354492,23.5,23.690000534057617,7912333
2025-12-29,2222.SR,22.818233489990234,23.700000762939453,23.709999084472656,23.40999984741211,23.520000457763672,4974143
2025-12-30,2222.SR,22.741207122802734,23.6200008392334,23.700000762939453,23.510000228881836,23.700000762939453,6273839
2025-12-31,2222.SR,22.943391799926758,23.829999923706055,23.84000015258789,23.579999923706055,23.6200008392334,6124932
2026-01-01,2222.SR,22.991533279418945,23.8799991607666,23.920000076293945,23.729999542236328,23.829999923706055,3362343
2026-01-04,2222.SR,22.625673294067383,23.5,23.889999389648438,23.420000076293945,23.8799991607666,8488413
2026-01-05,2222.SR,22.539018630981445,23.40999984741211,23.549999237060547,23.290000915527344,23.5,13454531
2026-01-06,2222.SR,22.567903518676758,23.440000534057617,23.600000381469727,23.360000610351562,23.399999618530273,8178206
2026-01-07,2222.SR,22.702695846557617,23.579999923706055,23.799999237060547,23.459999084472656,23.600000381469727,14140316
2026-01-08,2222.SR,22.770090103149414,23.649999618530273,23.700000762939453,23.489999771118164,23.579999923706055,6950356
2026-01-11,2222.SR,23.318883895874023,24.219999313354492,24.219999313354492,23.700000762939453,23.700000762939453,6785505
2026-01-12,2222.SR,23.357397079467773,24.260000228881836,24.3700008392334,24.110000610351562,24.219999313354492,8964945
2026-01-13,2222.SR,23.992839813232422,24.920000076293945,24.93000030517578,24.25,24.260000228881836,17016627
2026-01-14,2222.SR,24.05060577392578,24.979999542236328,25.100000381469727,24.81999969482422,24.920000076293945,17580851
2026-01-15,2222.SR,23.877304077148438,24.799999237060547,24.940000534057617,24.600000381469727,24.93000030517578,8755240
2026-01-18,2222.SR,24.05060577392578,24.979999542236328,25.0,24.760000228881836,24.799999237060547,5803033
2026-01-19,2222.SR,23.96395492553711,24.889999389648438,24.959999084472656,24.670000076293945,24.950000762939453,7923446
2026-01-20,2222.SR,24.069862365722656,25.0,25.0,24.799999237060547,24.799999237060547,9055711
2026-01-21,2222.SR,24.069862365722656,25.0,25.059999465942383,24.93000030517578,25.0,8250190
2026-01-22,2222.SR,24.300935745239258,25.239999771118164,25.239999771118164,24.93000030517578,25.0,11000636
2026-01-25,2222.SR,24.377958297729492,25.31999969482422,25.68000030517578,25.260000228881836,25.31999969482422,9723756
2026-01-26,2222.SR,24.3201904296875,25.260000228881836,25.360000610351562,25.079999923706055,25.31999969482422,9023057
2026-01-27,2222.SR,24.3201904296875,25.260000228881836,25.34000015258789,25.139999389648438,25.260000228881836,9169694
2026-01-28,2222.SR,24.686052322387695,25.639999389648438,25.68000030517578,25.299999237060547,25.299999237060547,15738067
2026-01-29,2222.SR,24.840099334716797,25.799999237060547,26.059999465942383,25.65999984741211,25.700000762939453,21868131
2026-02-01,2222.SR,24.243165969848633,25.18000030517578,25.780000686645508,25.15999984741211,25.760000228881836,9530829
2026-02-02,2222.SR,24.647541046142578,25.600000381469727,25.600000381469727,24.770000457763672,24.799999237060547,19810636
2026-02-03,2222.SR,24.647541046142578,25.600000381469727,25.600000381469727,25.479999542236328,25.600000381469727,10144200
2026-02-04,2222.SR,24.70530891418457,25.65999984741211,25.700000762939453,25.5,25.600000381469727,13336879
2026-02-05,2222.SR,24.647541046142578,25.600000381469727,25.6200008392334,25.459999084472656,25.6200008392334,22112162
2026-02-08,2222.SR,24.551259994506836,25.5,25.68000030517578,25.459999084472656,25.639999389648438,6345225
2026-02-09,2222.SR,24.724563598632812,25.68000030517578,25.68000030517578,25.399999618530273,25.479999542236328,9717142
2026-02-10,2222.SR,24.897869110107422,25.860000610351562,25.860000610351562,25.600000381469727,25.600000381469727,9803705
2026-02-11,2222.SR,24.859355926513672,25.81999969482422,25.84000015258789,25.739999771118164,25.799999237060547,7296012
2026-02-12,2222.SR,25.032657623291016,26.0,26.0,25.760000228881836,25.799999237060547,18734551
2026-02-15,2222.SR,24.820842742919922,25.780000686645508,25.979999542236328,25.780000686645508,25.920000076293945,4873696
2026-02-16,2222.SR,24.647541046142578,25.600000381469727,25.780000686645508,25.520000457763672,25.760000228881836,5531724
2026-02-17,2222.SR,24.493494033813477,25.440000534057617,25.559999465942383,25.299999237060547,25.520000457763672,5259274
2026-02-18,2222.SR,24.647541046142578,25.600000381469727,25.600000381469727,25.260000228881836,25.299999237060547,4460950
2026-02-19,2222.SR,24.743820190429688,25.700000762939453,25.700000762939453,25.540000915527344,25.6200008392334,8432396
2026-02-23,2222.SR,25.01340103149414,25.979999542236328,25.979999542236328,25.600000381469727,25.65999984741211,8883504
2026-02-24,2222.SR,24.878612518310547,25.84000015258789,25.899999618530273,25.739999771118164,25.860000610351562,5590040
2026-02-25,2222.SR,24.782331466674805,25.739999771118164,25.860000610351562,25.65999984741211,25.700000762939453,7931845
2026-02-26,2222.SR,24.031349182128906,24.959999084472656,25.700000762939453,24.959999084472656,25.700000762939453,16486578
2026-03-01,2222.SR,24.840099334716797,25.799999237060547,25.8799991607666,24.700000762939453,24.950000762939453,20979388
2026-03-02,2222.SR,25.24447250366211,26.219999313354492,26.360000610351562,25.899999618530273,26.040000915527344,28440895
2026-03-03,2222.SR,25.725868225097656,26.719999313354492,26.860000610351562,26.239999771118164,26.260000228881836,23469604
2026-03-04,2222.SR,25.128936767578125,26.100000381469727,26.81999969482422,26.100000381469727,26.760000228881836,23925560
2026-03-05,2222.SR,24.9171199798584,25.8799991607666,26.780000686645508,25.739999771118164,26.5,25112908
2026-03-08,2222.SR,25.937685012817383,26.940000534057617,27.139999389648438,26.639999389648438,26.899999618530273,33709463
2026-03-09,2222.SR,26.110986709594727,27.1200008392334,27.399999618530273,26.959999084472656,27.299999237060547,31205582
2026-03-10,2222.SR,25.899171829223633,26.899999618530273,26.899999618530273,26.5,26.700000762939453,23608606
2026-03-11,2222.SR,26.149499893188477,27.15999984741211,27.420000076293945,26.780000686645508,26.899999618530273,27961435
2026-03-12,2222.SR,25.86066246032715,26.860000610351562,27.479999542236328,26.719999313354492,27.15999984741211,25717253
2026-03-15,2222.SR,26.091732025146484,27.100000381469727,27.100000381469727,26.65999984741211,26.860000610351562,12217098
2026-03-16,2222.SR,26.053218841552734,27.059999465942383,27.15999984741211,26.920000076293945,27.079999923706055,23446279
2026-03-24,2222.SR,25.994035720825195,26.65999984741211,26.81999969482422,26.459999084472656,26.799999237060547,21946075
2026-03-25,2222.SR,26.189041137695312,26.860000610351562,26.920000076293945,26.600000381469727,26.639999389648438,15027814
2026-03-26,2222.SR,26.325542449951172,27.0,27.0,26.760000228881836,26.84000015258789,15719872
2026-03-29,2222.SR,26.306041717529297,26.979999542236328,27.15999984741211,26.959999084472656,27.020000457763672,9293496
2026-03-30,2222.SR,26.306041717529297,26.979999542236328,27.15999984741211,26.959999084472656,27.020000457763672,9293496
2026-03-31,2222.SR,26.715551376342773,27.399999618530273,27.399999618530273,27.200000762939453,27.280000686645508,16108428
2026-04-01,2222.SR,26.871553421020508,27.559999465942383,27.739999771118164,27.399999618530273,27.5,22553304
2026-04-02,2222.SR,26.910554885864258,27.600000381469727,27.68000030517578,27.479999542236328,27.559999465942383,15774190
2026-04-05,2222.SR,26.852054595947266,27.540000915527344,27.639999389648438,27.459999084472656,27.6200008392334,7597615
2026-04-06,2222.SR,26.813051223754883,27.5,27.540000915527344,27.360000610351562,27.520000457763672,11403993
2026-04-07,2222.SR,26.83255386352539,27.520000457763672,27.760000228881836,27.459999084472656,27.479999542236328,22499841
2026-04-08,2222.SR,26.306041717529297,26.979999542236328,27.139999389648438,26.6200008392334,27.040000915527344,25739181
2026-04-09,2222.SR,26.52054786682129,27.200000762939453,27.200000762939453,26.899999618530273,26.959999084472656,15586501
2026-04-12,2222.SR,26.48154640197754,27.15999984741211,27.239999771118164,27.1200008392334,27.1200008392334,5159433
2026-04-13,2222.SR,26.910554885864258,27.600000381469727,27.600000381469727,27.219999313354492,27.260000228881836,23590561
2026-04-14,2222.SR,26.676551818847656,27.360000610351562,27.559999465942383,27.219999313354492,27.559999465942383,15109225
2026-04-15,2222.SR,26.852054595947266,27.540000915527344,27.540000915527344,27.34000015258789,27.360000610351562,17807205
2026-04-16,2222.SR,26.83255386352539,27.520000457763672,27.520000457763672,27.260000228881836,27.5,13058527
2026-04-19,2222.SR,26.52054786682129,27.200000762939453,27.3799991607666,27.200000762939453,27.299999237060547,7738516
2026-04-20,2222.SR,26.52054786682129,27.200000762939453,27.3799991607666,27.139999389648438,27.299999237060547,10619388
2026-04-21,2222.SR,26.48154640197754,27.15999984741211,27.260000228881836,27.079999923706055,27.200000762939453,9428400
2026-04-22,2222.SR,26.57904815673828,27.260000228881836,27.280000686645508,27.139999389648438,27.15999984741211,9583278
2026-04-23,2222.SR,26.54004669189453,27.219999313354492,27.440000534057617,27.219999313354492,27.299999237060547,13039444
2026-04-26,2222.SR,26.44254493713379,27.1200008392334,27.31999969482422,27.1200008392334,27.219999313354492,5003540
2026-04-27,2222.SR,26.57904815673828,27.260000228881836,27.31999969482422,27.079999923706055,27.1200008392334,11695029
2026-04-28,2222.SR,26.774051666259766,27.459999084472656,27.5,27.299999237060547,27.299999237060547,10702351
2026-04-29,2222.SR,26.891054153442383,27.579999923706055,27.579999923706055,27.3799991607666,27.440000534057617,13035146
2026-04-30,2222.SR,27.066558837890625,27.760000228881836,27.959999084472656,27.579999923706055,27.600000381469727,19103805
2026-05-03,2222.SR,26.813051223754883,27.5,27.719999313354492,27.459999084472656,27.700000762939453,6273141
2026-05-04,2222.SR,26.813051223754883,27.5,27.5,27.5,27.5,0
2026-05-05,2222.SR,27.0860595703125,27.780000686645508,27.780000686645508,27.559999465942383,27.639999389648438,10638747
2026-05-06,2222.SR,26.325542449951172,27.0,27.84000015258789,26.920000076293945,27.760000228881836,21296449
2026-05-07,2222.SR,26.52054786682129,27.200000762939453,27.200000762939453,26.899999618530273,27.1200008392334,12333940
2026-05-10,2222.SR,26.73505210876465,27.420000076293945,27.559999465942383,27.299999237060547,27.399999618530273,11997140
2026-05-11,2222.SR,26.949554443359375,27.639999389648438,27.65999984741211,27.459999084472656,27.479999542236328,19831403
2026-05-12,2222.SR,27.125059127807617,27.81999969482422,27.940000534057617,27.600000381469727,27.6200008392334,22689296
2026-05-13,2222.SR,27.222562789916992,27.920000076293945,27.959999084472656,27.81999969482422,27.899999618530273,12698826
2026-05-14,2222.SR,27.008058547973633,27.700000762939453,27.920000076293945,27.700000762939453,27.899999618530273,16318683
2026-05-17,2222.SR,27.0860595703125,27.780000686645508,27.799999237060547,27.65999984741211,27.700000762939453,8385393
2026-05-18,2222.SR,27.0860595703125,27.780000686645508,27.920000076293945,27.719999313354492,27.739999771118164,16703732
2026-05-19,2222.SR,27.26156234741211,27.959999084472656,27.959999084472656,27.739999771118164,27.760000228881836,15464352
2026-05-20,2222.SR,27.164060592651367,27.860000610351562,27.959999084472656,27.780000686645508,27.899999618530273,14779925
2026-05-21,2222.SR,27.203062057495117,27.899999618530273,27.899999618530273,27.639999389648438,27.84000015258789,29611546
2026-05-24,2222.SR,27.203062057495117,27.899999618530273,27.899999618530273,27.899999618530273,27.899999618530273,0
2026-05-25,2222.SR,27.203062057495117,27.899999618530273,27.899999618530273,27.899999618530273,27.899999618530273,0
2026-05-26,2222.SR,27.203062057495117,27.899999618530273,27.899999618530273,27.899999618530273,27.899999618530273,0
2026-05-27,2222.SR,27.203062057495117,27.899999618530273,27.899999618530273,27.899999618530273,27.899999618530273,0
2026-05-28,2222.SR,27.203062057495117,27.899999618530273,27.899999618530273,27.899999618530273,27.899999618530273,0
2026-05-31,2222.SR,26.852054595947266,27.540000915527344,27.6200008392334,27.479999542236328,27.5,13488569
2026-06-01,2222.SR,26.676551818847656,27.360000610351562,27.600000381469727,27.299999237060547,27.520000457763672,27572123
2026-06-02,2222.SR,27.031272888183594,27.3799991607666,27.479999542236328,27.100000381469727,27.260000228881836,19366310
2026-06-03,2222.SR,26.912803649902344,27.260000228881836,27.5,27.18000030517578,27.360000610351562,16967971
2026-06-04,2222.SR,26.814077377319336,27.15999984741211,27.299999237060547,27.079999923706055,27.260000228881836,14457795
2026-06-07,2222.SR,26.65611457824707,27.0,27.040000915527344,26.899999618530273,27.0,6553640
2026-06-08,2222.SR,26.814077377319336,27.15999984741211,27.299999237060547,27.059999465942383,27.079999923706055,12735005
2026-06-09,2222.SR,26.814077377319336,27.15999984741211,27.15999984741211,26.920000076293945,27.100000381469727,13520361
2026-06-10,2222.SR,26.715349197387695,27.059999465942383,27.139999389648438,26.940000534057617,27.139999389648438,13025272
2026-06-11,2222.SR,26.83382225036621,27.18000030517578,27.18000030517578,27.020000457763672,27.059999465942383,17568839
2026-06-14,2222.SR,26.537641525268555,26.8799991607666,26.959999084472656,26.5,26.959999084472656,12431390
2026-06-15,2222.SR,26.241464614868164,26.579999923706055,26.81999969482422,26.520000457763672,26.799999237060547,16722735
2026-06-16,2222.SR,26.419172286987305,26.760000228881836,26.780000686645508,26.520000457763672,26.579999923706055,7963800
2026-06-17,2222.SR,26.26120948791504,26.600000381469727,26.700000762939453,26.5,26.65999984741211,9911758
2026-06-18,2222.SR,26.182228088378906,26.520000457763672,26.639999389648438,26.260000228881836,26.600000381469727,22849767
2026-06-21,2222.SR,26.12299156188965,26.459999084472656,26.559999465942383,26.399999618530273,26.399999618530273,4338158
2026-06-22,2222.SR,26.103246688842773,26.440000534057617,26.520000457763672,26.360000610351562,26.459999084472656,5755753
2026-06-23,2222.SR,26.044010162353516,26.3799991607666,26.579999923706055,26.360000610351562,26.459999084472656,8266489
2026-06-24,2222.SR,26.004520416259766,26.34000015258789,26.520000457763672,26.18000030517578,26.200000762939453,8201780
2026-06-25,2222.SR,25.80706787109375,26.139999389648438,26.360000610351562,26.139999389648438,26.219999313354492,8839251
2026-06-28,2222.SR,26.26120948791504,26.600000381469727,26.639999389648438,26.139999389648438,26.139999389648438,5610598
2026-06-29,2222.SR,25.787322998046875,26.1200008392334,26.579999923706055,26.1200008392334,26.520000457763672,11439085
2026-06-30,2222.SR,25.787322998046875,26.1200008392334,26.18000030517578,25.899999618530273,26.100000381469727,12144694
2026-07-01,2222.SR,25.787322998046875,26.1200008392334,26.299999237060547,26.040000915527344,26.100000381469727,7152648
2026-07-02,2222.SR,25.767578125,26.100000381469727,26.15999984741211,26.079999923706055,26.100000381469727,7353282
2026-07-05,2222.SR,25.767578125,26.100000381469727,26.100000381469727,25.979999542236328,26.100000381469727,4012000
2026-07-06,2222.SR,25.826812744140625,26.15999984741211,26.18000030517578,26.0,26.100000381469727,7193449
2026-07-07,2222.SR,25.826812744140625,26.15999984741211,26.299999237060547,26.100000381469727,26.15999984741211,9411093
2026-07-08,2222.SR,26.498151779174805,26.84000015258789,26.920000076293945,26.239999771118164,26.299999237060547,11575879
2026-07-09,2222.SR,26.379680633544922,26.719999313354492,26.8799991607666,26.520000457763672,26.860000610351562,9663954
2026-07-12,2222.SR,26.43891716003418,26.780000686645508,26.81999969482422,26.68000030517578,26.780000686645508,2383884
2026-07-13,2222.SR,26.16248321533203,26.5,26.780000686645508,26.5,26.780000686645508,6549051
2026-07-14,2222.SR,26.517898559570312,26.860000610351562,26.860000610351562,26.6200008392334,26.639999389648438,13556156
2026-07-15,2222.SR,26.30069923400879,26.639999389648438,26.799999237060547,26.540000915527344,26.799999237060547,5659630
2026-07-16,2222.SR,26.340190887451172,26.68000030517578,26.719999313354492,26.520000457763672,26.65999984741211,5021419
2026-07-19,2222.SR,26.498151779174805,26.84000015258789,26.920000076293945,26.600000381469727,26.700000762939453,4696773
2026-07-20,2222.SR,26.458660125732422,26.799999237060547,27.0,26.700000762939453,26.84000015258789,10432922
2026-07-21,2222.SR,26.359935760498047,26.700000762939453,26.760000228881836,26.5,26.700000762939453,4798049
2026-07-22,2222.SR,26.241464614868164,26.579999923706055,26.780000686645508,26.559999465942383,26.639999389648438,6320187
2026-07-23,2222.SR,26.498151779174805,26.84000015258789,26.84000015258789,26.559999465942383,26.600000381469727,14866946
2026-07-26,2222.SR,26.26120948791504,26.600000381469727,26.739999771118164,26.559999465942383,26.559999465942383,2446789
2026-07-27,2222.SR,26.221717834472656,26.559999465942383,26.579999923706055,26.420000076293945,26.579999923706055,8185321
2026-07-28,2222.SR,25.965028762817383,26.299999237060547,26.459999084472656,26.200000762939453,26.399999618530273,5150184
2026-07-29,2222.SR,25.94528579711914,26.280000686645508,26.360000610351562,26.1200008392334,26.260000228881836,5834762
2026-07-30,2222.SR,26.142736434936523,26.479999542236328,26.479999542236328,26.239999771118164,26.260000228881836,9653829
2026-08-02,2222.SR,26.241464614868164,26.579999923706055,26.68000030517578,26.520000457763672,26.600000381469727,6774627
2026-08-03,2222.SR,26.774587631225586,27.1200008392334,27.1200008392334,26.579999923706055,26.700000762939453,15479213
2026-08-04,2222.SR,26.557388305664062,26.899999618530273,27.260000228881836,26.899999618530273,27.219999313354492,18655451
2026-08-05,2222.SR,26.399425506591797,26.739999771118164,26.860000610351562,26.600000381469727,26.81999969482422,10639237
2026-08-06,2222.SR,26.16248321533203,26.5,26.780000686645508,26.5,26.739999771118164,9327140
2026-08-09,2222.SR,26.26120948791504,26.600000381469727,26.68000030517578,26.5,26.5,3003565
2026-08-10,2222.SR,26.280954360961914,26.6200008392334,26.780000686645508,26.540000915527344,26.600000381469727,8320762
2026-08-11,2222.SR,26.26120948791504,26.600000381469727,26.860000610351562,26.600000381469727,26.639999389648438,10714020
2026-08-12,2222.SR,26.26120948791504,26.600000381469727,26.68000030517578,26.520000457763672,26.600000381469727,6601208
2026-08-13,2222.SR,26.142736434936523,26.479999542236328,26.600000381469727,26.479999542236328,26.559999465942383,7482066
2026-08-16,2222.SR,26.142736434936523,26.479999542236328,26.479999542236328,26.479999542236328,26.479999542236328,0
2026-08-17,2222.SR,26.182228088378906,26.520000457763672,26.700000762939453,26.520000457763672,26.700000762939453,9968769
2026-08-18,2222.SR,26.241464614868164,26.579999923706055,26.700000762939453,26.559999465942383,26.579999923706055,10271573
2026-08-19,2222.SR,26.30069923400879,26.639999389648438,26.719999313354492,26.600000381469727,26.600000381469727,6721038
2026-08-20,2222.SR,26.399999618530273,26.399999618530273,26.459999084472656,26.260000228881836,26.360000610351562,12123209
2026-08-23,2222.SR,26.399999618530273,26.399999618530273,26.520000457763672,26.3799991607666,26.399999618530273,6087880
2026-08-24,2222.SR,26.579999923706055,26.579999923706055,26.579999923706055,26.3799991607666,26.399999618530273,8015248
2026-08-25,2222.SR,26.280000686645508,26.280000686645508,26.559999465942383,26.280000686645508,26.5,10229205
2026-08-26,2222.SR,26.100000381469727,26.100000381469727,26.280000686645508,26.040000915527344,26.260000228881836,7275261
2026-08-27,2222.SR,26.100000381469727,26.100000381469727,26.280000686645508,26.079999923706055,26.15999984741211,8198665
2026-08-30,2222.SR,26.139999389648438,26.139999389648438,26.18000030517578,26.040000915527344,26.100000381469727,5068373
2026-08-31,2222.SR,26.059999465942383,26.059999465942383,26.31999969482422,26.059999465942383,26.219999313354492,15880147
2026-09-01,2222.SR,26.18000030517578,26.18000030517578,26.280000686645508,26.020000457763672,26.1200008392334,7619725
2026-09-02,2222.SR,26.020000457763672,26.020000457763672,26.239999771118164,26.020000457763672,26.200000762939453,6260631
