Date,Ticker,Adj Close,Close,High,Low,Open,Volume
2023-01-03,600028.SS,3.7077622413635254,4.400000095367432,4.409999847412109,4.349999904632568,4.380000114440918,85476673
2023-01-04,600028.SS,3.716188430786133,4.409999847412109,4.429999828338623,4.369999885559082,4.389999866485596,84898211
2023-01-05,600028.SS,3.6993353366851807,4.389999866485596,4.429999828338623,4.380000114440918,4.400000095367432,86407162
2023-01-06,600028.SS,3.690908908843994,4.380000114440918,4.400000095367432,4.340000152587891,4.389999866485596,107204520
2023-01-09,600028.SS,3.690908908843994,4.380000114440918,4.400000095367432,4.369999885559082,4.380000114440918,64295365
2023-01-10,600028.SS,3.682481527328491,4.369999885559082,4.389999866485596,4.360000133514404,4.380000114440918,54014563
2023-01-11,600028.SS,3.716188430786133,4.409999847412109,4.429999828338623,4.360000133514404,4.369999885559082,97370733
2023-01-12,600028.SS,3.741469621658325,4.440000057220459,4.449999809265137,4.400000095367432,4.429999828338623,63917725
2023-01-13,600028.SS,3.7498960494995117,4.449999809265137,4.480000019073486,4.420000076293945,4.449999809265137,81731541
2023-01-16,600028.SS,3.766749143600464,4.46999979019165,4.489999771118164,4.420000076293945,4.449999809265137,105724025
2023-01-17,600028.SS,3.7498960494995117,4.449999809265137,4.480000019073486,4.409999847412109,4.46999979019165,110430363
2023-01-18,600028.SS,3.766749143600464,4.46999979019165,4.480000019073486,4.440000057220459,4.449999809265137,71873259
2023-01-19,600028.SS,3.783602476119995,4.489999771118164,4.5,4.449999809265137,4.460000038146973,73744947
2023-01-20,600028.SS,3.8257360458374023,4.539999961853027,4.590000152587891,4.489999771118164,4.510000228881836,112638099
2023-01-30,600028.SS,3.80888295173645,4.519999980926514,4.590000152587891,4.510000228881836,4.570000171661377,135756787
2023-01-31,600028.SS,3.80888295173645,4.519999980926514,4.550000190734863,4.510000228881836,4.53000020980835,84142039
2023-02-01,600028.SS,3.80888295173645,4.519999980926514,4.539999961853027,4.489999771118164,4.53000020980835,110185914
2023-02-02,600028.SS,3.80888295173645,4.519999980926514,4.550000190734863,4.480000019073486,4.519999980926514,105653441
2023-02-03,600028.SS,3.766749143600464,4.46999979019165,4.519999980926514,4.46999979019165,4.510000228881836,85192889
2023-02-06,600028.SS,3.783602476119995,4.489999771118164,4.5,4.449999809265137,4.460000038146973,66097613
2023-02-07,600028.SS,3.792029619216919,4.5,4.519999980926514,4.480000019073486,4.489999771118164,58848224
2023-02-08,600028.SS,3.8004565238952637,4.510000228881836,4.550000190734863,4.5,4.519999980926514,68157337
2023-02-09,600028.SS,3.8004565238952637,4.510000228881836,4.519999980926514,4.489999771118164,4.510000228881836,53135895
2023-02-10,600028.SS,3.792029619216919,4.5,4.510000228881836,4.480000019073486,4.5,63773713
2023-02-13,600028.SS,3.783602476119995,4.489999771118164,4.510000228881836,4.46999979019165,4.5,83119053
2023-02-14,600028.SS,3.8004565238952637,4.510000228881836,4.519999980926514,4.489999771118164,4.489999771118164,65108551
2023-02-15,600028.SS,3.8004565238952637,4.510000228881836,4.519999980926514,4.489999771118164,4.510000228881836,59122094
2023-02-16,600028.SS,3.8004565238952637,4.510000228881836,4.579999923706055,4.5,4.519999980926514,136311875
2023-02-17,600028.SS,3.80888295173645,4.519999980926514,4.550000190734863,4.510000228881836,4.510000228881836,73961240
2023-02-20,600028.SS,3.8931500911712646,4.619999885559082,4.630000114440918,4.53000020980835,4.53000020980835,152210828
2023-02-21,600028.SS,3.9521381855010986,4.690000057220459,4.71999979019165,4.619999885559082,4.630000114440918,158143803
2023-02-22,600028.SS,3.9184303283691406,4.650000095367432,4.699999809265137,4.650000095367432,4.679999828338623,87737712
2023-02-23,600028.SS,3.9184303283691406,4.650000095367432,4.679999828338623,4.630000114440918,4.670000076293945,97396085
2023-02-24,600028.SS,3.9015769958496094,4.630000114440918,4.670000076293945,4.610000133514404,4.659999847412109,75994011
2023-02-27,600028.SS,3.8847243785858154,4.610000133514404,4.650000095367432,4.599999904632568,4.619999885559082,72373069
2023-02-28,600028.SS,3.9268569946289062,4.659999847412109,4.679999828338623,4.610000133514404,4.610000133514404,112012666
2023-03-01,600028.SS,4.002697467803955,4.75,4.760000228881836,4.659999847412109,4.659999847412109,161313362
2023-03-02,600028.SS,4.086965084075928,4.849999904632568,4.909999847412109,4.730000019073486,4.75,210063405
2023-03-03,600028.SS,4.23021936416626,5.019999980926514,5.070000171661377,4.849999904632568,4.860000133514404,366984715
2023-03-06,600028.SS,4.297632694244385,5.099999904632568,5.130000114440918,5.019999980926514,5.050000190734863,242714843
2023-03-07,600028.SS,4.432461261749268,5.260000228881836,5.449999809265137,5.099999904632568,5.099999904632568,500799174
2023-03-08,600028.SS,4.474595069885254,5.309999942779541,5.340000152587891,5.110000133514404,5.179999828338623,294845495
2023-03-09,600028.SS,4.474595069885254,5.309999942779541,5.449999809265137,5.289999961853027,5.309999942779541,246922568
2023-03-10,600028.SS,4.390327453613281,5.210000038146973,5.329999923706055,5.179999828338623,5.269999980926514,222698242
2023-03-13,600028.SS,4.659983158111572,5.53000020980835,5.559999942779541,5.210000038146973,5.210000038146973,402580072
2023-03-14,600028.SS,4.651556015014648,5.519999980926514,5.610000133514404,5.449999809265137,5.5,281365279
2023-03-15,600028.SS,4.659983158111572,5.53000020980835,5.579999923706055,5.369999885559082,5.510000228881836,258417051
2023-03-16,600028.SS,4.592568874359131,5.449999809265137,5.539999961853027,5.420000076293945,5.46999979019165,193292292
2023-03-17,600028.SS,4.786384105682373,5.679999828338623,5.769999980926514,5.46999979019165,5.480000019073486,351633875
2023-03-20,600028.SS,4.769530296325684,5.659999847412109,5.929999828338623,5.610000133514404,5.679999828338623,385227823
2023-03-21,600028.SS,4.693689346313477,5.570000171661377,5.710000038146973,5.46999979019165,5.670000076293945,255739794
2023-03-22,600028.SS,4.7526774406433105,5.639999866485596,5.699999809265137,5.550000190734863,5.579999923706055,181605396
2023-03-23,600028.SS,4.803237438201904,5.699999809265137,5.710000038146973,5.599999904632568,5.630000114440918,145659528
2023-03-24,600028.SS,4.651556015014648,5.519999980926514,5.679999828338623,5.480000019073486,5.679999828338623,281656080
2023-03-27,600028.SS,4.508301734924316,5.349999904632568,5.420000076293945,5.210000038146973,5.349999904632568,432898449
2023-03-28,600028.SS,4.685263633728027,5.559999942779541,5.619999885559082,5.449999809265137,5.449999809265137,360109135
2023-03-29,600028.SS,4.609422206878662,5.46999979019165,5.599999904632568,5.440000057220459,5.599999904632568,188276297
2023-03-30,600028.SS,4.718969821929932,5.599999904632568,5.690000057220459,5.460000038146973,5.480000019073486,206365299
2023-03-31,600028.SS,4.735823154449463,5.619999885559082,5.650000095367432,5.53000020980835,5.599999904632568,150841520
2023-04-03,600028.SS,4.685263633728027,5.559999942779541,5.769999980926514,5.519999980926514,5.699999809265137,235127219
2023-04-04,600028.SS,4.879078388214111,5.789999961853027,5.820000171661377,5.53000020980835,5.590000152587891,294518073
2023-04-06,600028.SS,4.895931243896484,5.809999942779541,5.840000152587891,5.690000057220459,5.769999980926514,167291303
2023-04-07,600028.SS,4.81166410446167,5.710000038146973,5.809999942779541,5.650000095367432,5.809999942779541,186512664
2023-04-10,600028.SS,4.963345050811768,5.889999866485596,5.960000038146973,5.710000038146973,5.71999979019165,251658464
2023-04-11,600028.SS,5.056039810180664,6.0,6.010000228881836,5.829999923706055,5.860000133514404,253634013
2023-04-12,600028.SS,5.1908674240112305,6.159999847412109,6.239999771118164,6.03000020980835,6.039999961853027,258850211
2023-04-13,600028.SS,5.115025997161865,6.070000171661377,6.329999923706055,6.050000190734863,6.199999809265137,297737265
2023-04-14,600028.SS,5.14030647277832,6.099999904632568,6.170000076293945,6.019999980926514,6.099999904632568,153636072
2023-04-17,600028.SS,5.350975036621094,6.349999904632568,6.369999885559082,6.050000190734863,6.079999923706055,316033134
2023-04-18,600028.SS,5.3341217041015625,6.329999923706055,6.349999904632568,6.21999979019165,6.329999923706055,160474390
2023-04-19,600028.SS,5.291987895965576,6.28000020980835,6.400000095367432,6.260000228881836,6.300000190734863,138481182
2023-04-20,600028.SS,5.342548847198486,6.340000152587891,6.369999885559082,6.199999809265137,6.25,194788752
2023-04-21,600028.SS,5.266707897186279,6.25,6.46999979019165,6.230000019073486,6.329999923706055,198886310
2023-04-24,600028.SS,5.325694561004639,6.320000171661377,6.440000057220459,6.260000228881836,6.300000190734863,286037358
2023-04-25,600028.SS,5.502655506134033,6.53000020980835,6.570000171661377,6.329999923706055,6.349999904632568,301825101
2023-04-26,600028.SS,5.48580265045166,6.510000228881836,6.550000190734863,6.380000114440918,6.46999979019165,231537028
2023-04-27,600028.SS,5.553216457366943,6.590000152587891,6.650000095367432,6.389999866485596,6.429999828338623,177142651
2023-04-28,600028.SS,5.654336929321289,6.710000038146973,6.739999771118164,6.440000057220459,6.539999961853027,224437452
2023-05-04,600028.SS,5.654336929321289,6.710000038146973,6.760000228881836,6.400000095367432,6.559999942779541,226693879
2023-05-05,600028.SS,5.553216457366943,6.590000152587891,6.730000019073486,6.5,6.690000057220459,181224005
2023-05-08,600028.SS,5.806017875671387,6.889999866485596,6.929999828338623,6.619999885559082,6.619999885559082,236440357
2023-05-09,600028.SS,5.73860502243042,6.809999942779541,6.989999771118164,6.789999961853027,6.880000114440918,229248998
2023-05-10,600028.SS,5.4520955085754395,6.46999979019165,6.820000171661377,6.369999885559082,6.809999942779541,363694105
2023-05-11,600028.SS,5.3341217041015625,6.329999923706055,6.5,6.309999942779541,6.460000038146973,202882771
2023-05-12,600028.SS,5.342548847198486,6.340000152587891,6.46999979019165,6.21999979019165,6.329999923706055,195978734
2023-05-15,600028.SS,5.376255035400391,6.380000114440918,6.389999866485596,6.190000057220459,6.329999923706055,191403076
2023-05-16,600028.SS,5.4015350341796875,6.409999847412109,6.570000171661377,6.340000152587891,6.389999866485596,146345745
2023-05-17,600028.SS,5.435242176055908,6.449999809265137,6.460000038146973,6.199999809265137,6.380000114440918,182305882
2023-05-18,600028.SS,5.553216457366943,6.590000152587891,6.679999828338623,6.429999828338623,6.449999809265137,214662206
2023-05-19,600028.SS,5.4015350341796875,6.409999847412109,6.639999866485596,6.380000114440918,6.590000152587891,138252273
2023-05-22,600028.SS,5.325694561004639,6.320000171661377,6.440000057220459,6.260000228881836,6.340000152587891,145504983
2023-05-23,600028.SS,5.24985408782959,6.230000019073486,6.420000076293945,6.230000019073486,6.349999904632568,129740652
2023-05-24,600028.SS,5.1318793296813965,6.090000152587891,6.21999979019165,6.059999942779541,6.199999809265137,192843491
2023-05-25,600028.SS,5.1318793296813965,6.090000152587891,6.110000133514404,5.960000038146973,6.039999961853027,225986596
2023-05-26,600028.SS,5.2077202796936035,6.179999828338623,6.260000228881836,6.039999961853027,6.039999961853027,109096996
2023-05-29,600028.SS,5.48580265045166,6.510000228881836,6.550000190734863,6.210000038146973,6.21999979019165,241704818
2023-05-30,600028.SS,5.435242176055908,6.449999809265137,6.590000152587891,6.380000114440918,6.510000228881836,148184193
2023-05-31,600028.SS,5.359401226043701,6.360000133514404,6.449999809265137,6.300000190734863,6.389999866485596,157200350
2023-06-01,600028.SS,5.468949317932129,6.489999771118164,6.630000114440918,6.309999942779541,6.360000133514404,174903616
2023-06-02,600028.SS,5.468949317932129,6.489999771118164,6.599999904632568,6.46999979019165,6.53000020980835,109785885
2023-06-05,600028.SS,5.53636360168457,6.570000171661377,6.679999828338623,6.489999771118164,6.53000020980835,131595173
2023-06-06,600028.SS,5.519509792327881,6.550000190734863,6.670000076293945,6.449999809265137,6.550000190734863,107081308
2023-06-07,600028.SS,5.511082649230957,6.539999961853027,6.599999904632568,6.480000019073486,6.539999961853027,84201845
2023-06-08,600028.SS,5.620629787445068,6.670000076293945,6.71999979019165,6.46999979019165,6.579999923706055,136384825
2023-06-09,600028.SS,5.713324546813965,6.78000020980835,6.78000020980835,6.590000152587891,6.650000095367432,210782076
2023-06-12,600028.SS,5.578496932983398,6.619999885559082,6.880000114440918,6.570000171661377,6.75,193281937
2023-06-13,600028.SS,5.53636360168457,6.570000171661377,6.619999885559082,6.409999847412109,6.590000152587891,147883255
2023-06-14,600028.SS,5.544790267944336,6.579999923706055,6.710000038146973,6.579999923706055,6.659999847412109,105974065
2023-06-15,600028.SS,5.494229793548584,6.519999980926514,6.610000133514404,6.460000038146973,6.579999923706055,104678214
2023-06-16,600028.SS,5.48580265045166,6.510000228881836,6.639999866485596,6.5,6.539999961853027,142081528
2023-06-19,600028.SS,5.4605231285095215,6.480000019073486,6.53000020980835,6.369999885559082,6.510000228881836,149503706
2023-06-20,600028.SS,5.325694561004639,6.320000171661377,6.5,6.289999961853027,6.489999771118164,178876779
2023-06-21,600028.SS,5.399602890014648,6.210000038146973,6.289999961853027,6.119999885559082,6.139999866485596,139392067
2023-06-26,600028.SS,5.277872562408447,6.070000171661377,6.190000057220459,6.050000190734863,6.150000095367432,136577288
2023-06-27,600028.SS,5.408296585083008,6.21999979019165,6.289999961853027,5.989999771118164,6.090000152587891,142202248
2023-06-28,600028.SS,5.495246887207031,6.320000171661377,6.320000171661377,6.179999828338623,6.199999809265137,89307085
2023-06-29,600028.SS,5.4778571128845215,6.300000190734863,6.420000076293945,6.25,6.320000171661377,100463481
2023-06-30,600028.SS,5.530027866363525,6.360000133514404,6.389999866485596,6.260000228881836,6.300000190734863,69520589
2023-07-03,600028.SS,5.67784309387207,6.53000020980835,6.550000190734863,6.360000133514404,6.380000114440918,118121080
2023-07-04,600028.SS,5.651757717132568,6.5,6.599999904632568,6.46999979019165,6.5,81819315
2023-07-05,600028.SS,5.634367942810059,6.480000019073486,6.550000190734863,6.409999847412109,6.5,56503439
2023-07-06,600028.SS,5.643062114715576,6.489999771118164,6.510000228881836,6.420000076293945,6.460000038146973,61312614
2023-07-07,600028.SS,5.695233345031738,6.550000190734863,6.599999904632568,6.440000057220459,6.480000019073486,85762056
2023-07-10,600028.SS,5.599587440490723,6.440000057220459,6.599999904632568,6.409999847412109,6.579999923706055,83883842
2023-07-11,600028.SS,5.608282566070557,6.449999809265137,6.53000020980835,6.409999847412109,6.489999771118164,54689793
2023-07-12,600028.SS,5.634367942810059,6.480000019073486,6.559999942779541,6.460000038146973,6.5,73956702
2023-07-13,600028.SS,5.7821831703186035,6.650000095367432,6.650000095367432,6.46999979019165,6.489999771118164,114072144
2023-07-14,600028.SS,5.790877342224121,6.659999847412109,6.730000019073486,6.610000133514404,6.650000095367432,78365734
2023-07-17,600028.SS,5.703927516937256,6.559999942779541,6.679999828338623,6.480000019073486,6.619999885559082,63678211
2023-07-18,600028.SS,5.643062114715576,6.489999771118164,6.590000152587891,6.449999809265137,6.590000152587891,54816803
2023-07-19,600028.SS,5.67784309387207,6.53000020980835,6.579999923706055,6.480000019073486,6.5,59811018
2023-07-20,600028.SS,5.538722038269043,6.369999885559082,6.550000190734863,6.369999885559082,6.510000228881836,83705165
2023-07-21,600028.SS,5.530027866363525,6.360000133514404,6.409999847412109,6.329999923706055,6.369999885559082,55726215
2023-07-24,600028.SS,5.530027866363525,6.360000133514404,6.420000076293945,6.269999980926514,6.320000171661377,51769743
2023-07-25,600028.SS,5.616977691650391,6.460000038146973,6.46999979019165,6.360000133514404,6.429999828338623,91706030
2023-07-26,600028.SS,5.4517717361450195,6.269999980926514,6.489999771118164,6.230000019073486,6.449999809265137,110772399
2023-07-27,600028.SS,5.4169921875,6.230000019073486,6.340000152587891,6.190000057220459,6.289999961853027,105719609
2023-07-28,600028.SS,5.443077564239502,6.260000228881836,6.269999980926514,6.139999866485596,6.210000038146973,132214079
2023-07-31,600028.SS,5.390906810760498,6.199999809265137,6.369999885559082,6.170000076293945,6.260000228881836,158225903
2023-08-01,600028.SS,5.4517717361450195,6.269999980926514,6.269999980926514,6.199999809265137,6.21999979019165,126010729
2023-08-02,600028.SS,5.243092060089111,6.03000020980835,6.260000228881836,5.980000019073486,6.260000228881836,241335917
2023-08-03,600028.SS,5.208312034606934,5.989999771118164,6.059999942779541,5.929999828338623,6.010000228881836,166187482
2023-08-04,600028.SS,5.260482311248779,6.050000190734863,6.139999866485596,6.019999980926514,6.019999980926514,145096078
2023-08-07,600028.SS,5.330042362213135,6.130000114440918,6.170000076293945,6.019999980926514,6.050000190734863,118871655
2023-08-08,600028.SS,5.347432613372803,6.150000095367432,6.190000057220459,6.070000171661377,6.119999885559082,88269173
2023-08-09,600028.SS,5.330042362213135,6.130000114440918,6.150000095367432,6.070000171661377,6.139999866485596,78875085
2023-08-10,600028.SS,5.390906810760498,6.199999809265137,6.230000019073486,6.130000114440918,6.150000095367432,93764218
2023-08-11,600028.SS,5.286567211151123,6.079999923706055,6.21999979019165,6.070000171661377,6.190000057220459,95660175
2023-08-14,600028.SS,5.303956985473633,6.099999904632568,6.119999885559082,6.0,6.039999961853027,74298348
2023-08-15,600028.SS,5.364821910858154,6.170000076293945,6.25,6.070000171661377,6.099999904632568,120474678
2023-08-16,600028.SS,5.277872562408447,6.070000171661377,6.170000076293945,6.03000020980835,6.170000076293945,101008106
2023-08-17,600028.SS,5.321347236633301,6.119999885559082,6.119999885559082,6.0,6.050000190734863,77050427
2023-08-18,600028.SS,5.277872562408447,6.070000171661377,6.170000076293945,6.070000171661377,6.099999904632568,71616416
2023-08-21,600028.SS,5.251787185668945,6.039999961853027,6.110000133514404,6.010000228881836,6.090000152587891,98975680
2023-08-22,600028.SS,5.390906810760498,6.199999809265137,6.230000019073486,6.03000020980835,6.050000190734863,131324256
2023-08-23,600028.SS,5.3822126388549805,6.190000057220459,6.260000228881836,6.179999828338623,6.199999809265137,84425873
2023-08-24,600028.SS,5.3387370109558105,6.139999866485596,6.260000228881836,6.119999885559082,6.190000057220459,102309705
2023-08-25,600028.SS,5.35612678527832,6.159999847412109,6.21999979019165,6.130000114440918,6.159999847412109,83287783
2023-08-28,600028.SS,5.390906810760498,6.199999809265137,6.409999847412109,6.159999847412109,6.360000133514404,172176158
2023-08-29,600028.SS,5.303956985473633,6.099999904632568,6.260000228881836,6.090000152587891,6.199999809265137,158460802
2023-08-30,600028.SS,5.286567211151123,6.079999923706055,6.170000076293945,6.079999923706055,6.119999885559082,115284507
2023-08-31,600028.SS,5.277872562408447,6.070000171661377,6.130000114440918,6.050000190734863,6.110000133514404,88844508
2023-09-01,600028.SS,5.312652587890625,6.110000133514404,6.119999885559082,6.059999942779541,6.090000152587891,87458672
2023-09-04,600028.SS,5.4778571128845215,6.300000190734863,6.340000152587891,6.139999866485596,6.159999847412109,201715156
2023-09-05,600028.SS,5.512637615203857,6.340000152587891,6.380000114440918,6.239999771118164,6.289999961853027,106758686
2023-09-06,600028.SS,5.4865522384643555,6.309999942779541,6.380000114440918,6.25,6.349999904632568,103056526
2023-09-07,600028.SS,5.4865522384643555,6.309999942779541,6.400000095367432,6.300000190734863,6.309999942779541,123321344
2023-09-08,600028.SS,5.4169921875,6.230000019073486,6.309999942779541,6.21999979019165,6.300000190734863,63986771
2023-09-11,600028.SS,5.443077564239502,6.260000228881836,6.329999923706055,6.230000019073486,6.239999771118164,106810955
2023-09-12,600028.SS,5.4517717361450195,6.269999980926514,6.28000020980835,6.150000095367432,6.25,114108598
2023-09-13,600028.SS,5.469162464141846,6.289999961853027,6.349999904632568,6.25,6.269999980926514,125914453
2023-09-14,600028.SS,5.503942489624023,6.329999923706055,6.380000114440918,6.28000020980835,6.28000020980835,160592227
2023-09-15,600028.SS,5.419403553009033,6.090000152587891,6.300000190734863,6.079999923706055,6.230000019073486,245483264
2023-09-18,600028.SS,5.348212242126465,6.010000228881836,6.110000133514404,5.96999979019165,6.090000152587891,174023669
2023-09-19,600028.SS,5.47279691696167,6.150000095367432,6.170000076293945,6.0,6.03000020980835,178756666
2023-09-20,600028.SS,5.463897705078125,6.139999866485596,6.170000076293945,6.059999942779541,6.150000095367432,82728954
2023-09-21,600028.SS,5.446099758148193,6.119999885559082,6.21999979019165,6.110000133514404,6.150000095367432,113067583
2023-09-22,600028.SS,5.55288553237915,6.239999771118164,6.260000228881836,6.130000114440918,6.170000076293945,170499103
2023-09-25,600028.SS,5.463897705078125,6.139999866485596,6.28000020980835,6.119999885559082,6.28000020980835,112695120
2023-09-26,600028.SS,5.437201023101807,6.110000133514404,6.179999828338623,6.110000133514404,6.130000114440918,83774527
2023-09-27,600028.SS,5.48169469833374,6.159999847412109,6.210000038146973,6.119999885559082,6.139999866485596,95523764
2023-09-28,600028.SS,5.40160608291626,6.070000171661377,6.21999979019165,6.070000171661377,6.210000038146973,131532624
2023-10-09,600028.SS,5.392706394195557,6.059999942779541,6.099999904632568,5.869999885559082,6.019999980926514,189420268
2023-10-10,600028.SS,5.277021408081055,5.929999828338623,6.099999904632568,5.909999847412109,6.090000152587891,130551770
2023-10-11,600028.SS,5.161336421966553,5.800000190734863,5.960000038146973,5.769999980926514,5.960000038146973,171252962
2023-10-12,600028.SS,5.179134368896484,5.820000171661377,5.849999904632568,5.730000019073486,5.820000171661377,113105504
2023-10-13,600028.SS,5.2058305740356445,5.849999904632568,5.869999885559082,5.75,5.800000190734863,100910731
2023-10-16,600028.SS,5.2147297859191895,5.860000133514404,5.949999809265137,5.829999923706055,5.880000114440918,115128102
2023-10-17,600028.SS,5.259223461151123,5.909999847412109,5.920000076293945,5.820000171661377,5.860000133514404,98242917
2023-10-18,600028.SS,5.2503252029418945,5.900000095367432,5.949999809265137,5.880000114440918,5.929999828338623,99264266
2023-10-19,600028.SS,5.134639739990234,5.769999980926514,5.880000114440918,5.760000228881836,5.880000114440918,108074824
2023-10-20,600028.SS,5.063449382781982,5.690000057220459,5.78000020980835,5.679999828338623,5.769999980926514,104486960
2023-10-23,600028.SS,4.965561389923096,5.579999923706055,5.71999979019165,5.510000228881836,5.659999847412109,141660572
2023-10-24,600028.SS,4.992258071899414,5.610000133514404,5.670000076293945,5.550000190734863,5.559999942779541,117084799
2023-10-25,600028.SS,4.876573085784912,5.480000019073486,5.650000095367432,5.460000038146973,5.630000114440918,178053641
2023-10-26,600028.SS,4.947763919830322,5.559999942779541,5.570000171661377,5.449999809265137,5.460000038146973,117467508
2023-10-27,600028.SS,4.983358860015869,5.599999904632568,5.679999828338623,5.550000190734863,5.579999923706055,146865798
2023-10-30,600028.SS,4.796483039855957,5.389999866485596,5.610000133514404,5.369999885559082,5.599999904632568,198438980
2023-10-31,600028.SS,4.858775615692139,5.460000038146973,5.489999771118164,5.349999904632568,5.389999866485596,150443971
2023-11-01,600028.SS,4.867673873901367,5.46999979019165,5.510000228881836,5.389999866485596,5.449999809265137,121843162
2023-11-02,600028.SS,4.921067714691162,5.53000020980835,5.590000152587891,5.46999979019165,5.489999771118164,150395265
2023-11-03,600028.SS,4.9032697677612305,5.510000228881836,5.610000133514404,5.489999771118164,5.539999961853027,121922479
2023-11-06,600028.SS,4.778685092926025,5.369999885559082,5.53000020980835,5.329999923706055,5.510000228881836,214555331
2023-11-07,600028.SS,4.778685092926025,5.369999885559082,5.389999866485596,5.320000171661377,5.360000133514404,101825752
2023-11-08,600028.SS,4.725292682647705,5.309999942779541,5.329999923706055,5.289999961853027,5.329999923706055,96325434
2023-11-09,600028.SS,4.805382251739502,5.400000095367432,5.429999828338623,5.28000020980835,5.289999961853027,159975381
2023-11-10,600028.SS,4.814281463623047,5.409999847412109,5.449999809265137,5.329999923706055,5.389999866485596,104459190
2023-11-13,600028.SS,4.885471820831299,5.489999771118164,5.510000228881836,5.389999866485596,5.429999828338623,112172248
2023-11-14,600028.SS,4.840977668762207,5.440000057220459,5.53000020980835,5.409999847412109,5.5,91043051
2023-11-15,600028.SS,4.921067714691162,5.53000020980835,5.539999961853027,5.460000038146973,5.46999979019165,98616277
2023-11-16,600028.SS,4.876573085784912,5.480000019073486,5.590000152587891,5.480000019073486,5.510000228881836,73794971
2023-11-17,600028.SS,4.840977668762207,5.440000057220459,5.480000019073486,5.400000095367432,5.449999809265137,78205784
2023-11-20,600028.SS,4.885471820831299,5.489999771118164,5.519999980926514,5.440000057220459,5.460000038146973,80291621
2023-11-21,600028.SS,4.894370079040527,5.5,5.559999942779541,5.489999771118164,5.519999980926514,86009681
2023-11-22,600028.SS,4.867673873901367,5.46999979019165,5.539999961853027,5.46999979019165,5.5,54816633
2023-11-23,600028.SS,4.867673873901367,5.46999979019165,5.489999771118164,5.449999809265137,5.460000038146973,48202425
2023-11-24,600028.SS,4.876573085784912,5.480000019073486,5.519999980926514,5.46999979019165,5.46999979019165,59702219
2023-11-27,600028.SS,4.840977668762207,5.440000057220459,5.46999979019165,5.389999866485596,5.460000038146973,95581061
2023-11-28,600028.SS,4.858775615692139,5.460000038146973,5.46999979019165,5.400000095367432,5.440000057220459,68295313
2023-11-29,600028.SS,4.805382251739502,5.400000095367432,5.46999979019165,5.380000114440918,5.460000038146973,82767087
2023-11-30,600028.SS,4.867673873901367,5.46999979019165,5.480000019073486,5.400000095367432,5.420000076293945,103135793
2023-12-01,600028.SS,4.840977668762207,5.440000057220459,5.480000019073486,5.369999885559082,5.449999809265137,112381070
2023-12-04,600028.SS,4.876573085784912,5.480000019073486,5.53000020980835,5.429999828338623,5.440000057220459,121933332
2023-12-05,600028.SS,4.7875847816467285,5.380000114440918,5.489999771118164,5.369999885559082,5.46999979019165,105561304
2023-12-06,600028.SS,4.796483039855957,5.389999866485596,5.420000076293945,5.269999980926514,5.380000114440918,151222388
2023-12-07,600028.SS,4.769787311553955,5.360000133514404,5.369999885559082,5.28000020980835,5.349999904632568,130455080
2023-12-08,600028.SS,4.867673873901367,5.46999979019165,5.46999979019165,5.340000152587891,5.369999885559082,242124616
2023-12-11,600028.SS,4.769787311553955,5.360000133514404,5.449999809265137,5.239999771118164,5.440000057220459,256746375
2023-12-12,600028.SS,4.814281463623047,5.409999847412109,5.420000076293945,5.300000190734863,5.329999923706055,142717424
2023-12-13,600028.SS,4.734191417694092,5.320000171661377,5.409999847412109,5.309999942779541,5.369999885559082,96026838
2023-12-14,600028.SS,4.707494258880615,5.289999961853027,5.360000133514404,5.289999961853027,5.349999904632568,84447790
2023-12-15,600028.SS,4.67189884185791,5.25,5.340000152587891,5.25,5.309999942779541,124024670
2023-12-18,600028.SS,4.707494258880615,5.289999961853027,5.349999904632568,5.21999979019165,5.25,99454325
2023-12-19,600028.SS,4.707494258880615,5.289999961853027,5.300000190734863,5.210000038146973,5.289999961853027,101253825
2023-12-20,600028.SS,4.698596000671387,5.28000020980835,5.340000152587891,5.260000228881836,5.28000020980835,98619983
2023-12-21,600028.SS,4.663000583648682,5.239999771118164,5.289999961853027,5.21999979019165,5.260000228881836,124256094
2023-12-22,600028.SS,4.760887622833252,5.349999904632568,5.349999904632568,5.230000019073486,5.239999771118164,178028575
2023-12-25,600028.SS,4.796483039855957,5.389999866485596,5.409999847412109,5.320000171661377,5.349999904632568,77969213
2023-12-26,600028.SS,4.805382251739502,5.400000095367432,5.429999828338623,5.380000114440918,5.400000095367432,65863545
2023-12-27,600028.SS,4.912168025970459,5.519999980926514,5.550000190734863,5.380000114440918,5.409999847412109,135606857
2023-12-28,600028.SS,4.867673873901367,5.46999979019165,5.579999923706055,5.449999809265137,5.519999980926514,127712231
2023-12-29,600028.SS,4.965561389923096,5.579999923706055,5.599999904632568,5.429999828338623,5.46999979019165,148629486
2024-01-02,600028.SS,5.001156806945801,5.619999885559082,5.650000095367432,5.559999942779541,5.579999923706055,146220062
2024-01-03,600028.SS,5.081246376037598,5.710000038146973,5.710000038146973,5.590000152587891,5.590000152587891,128603866
2024-01-04,600028.SS,5.063449382781982,5.690000057220459,5.78000020980835,5.639999866485596,5.710000038146973,151461064
2024-01-05,600028.SS,5.001156806945801,5.619999885559082,5.71999979019165,5.590000152587891,5.670000076293945,154780280
2024-01-08,600028.SS,4.956663131713867,5.570000171661377,5.659999847412109,5.550000190734863,5.619999885559082,123704606
2024-01-09,600028.SS,4.965561389923096,5.579999923706055,5.599999904632568,5.5,5.539999961853027,121991979
2024-01-10,600028.SS,4.894370079040527,5.5,5.610000133514404,5.489999771118164,5.570000171661377,106462356
2024-01-11,600028.SS,4.769787311553955,5.360000133514404,5.489999771118164,5.349999904632568,5.480000019073486,161946300
2024-01-12,600028.SS,4.778685092926025,5.369999885559082,5.400000095367432,5.329999923706055,5.349999904632568,103607151
2024-01-15,600028.SS,4.823180198669434,5.420000076293945,5.429999828338623,5.329999923706055,5.360000133514404,100975920
2024-01-16,600028.SS,4.832078456878662,5.429999828338623,5.460000038146973,5.380000114440918,5.420000076293945,99165213
2024-01-17,600028.SS,4.769787311553955,5.360000133514404,5.449999809265137,5.360000133514404,5.420000076293945,111009958
2024-01-18,600028.SS,4.725292682647705,5.309999942779541,5.380000114440918,5.150000095367432,5.380000114440918,253885367
2024-01-19,600028.SS,4.760887622833252,5.349999904632568,5.380000114440918,5.239999771118164,5.289999961853027,168814689
2024-01-22,600028.SS,4.707494258880615,5.289999961853027,5.389999866485596,5.25,5.340000152587891,182016422
2024-01-23,600028.SS,4.698596000671387,5.28000020980835,5.309999942779541,5.170000076293945,5.289999961853027,155539928
2024-01-24,600028.SS,4.858775615692139,5.460000038146973,5.460000038146973,5.28000020980835,5.28000020980835,172565893
2024-01-25,600028.SS,5.24142599105835,5.889999866485596,5.889999866485596,5.480000019073486,5.5,293126073
2024-01-26,600028.SS,5.179134368896484,5.820000171661377,5.869999885559082,5.690000057220459,5.869999885559082,273291993
2024-01-29,600028.SS,5.277021408081055,5.929999828338623,6.119999885559082,5.769999980926514,5.789999961853027,301866280
2024-01-30,600028.SS,5.277021408081055,5.929999828338623,6.039999961853027,5.880000114440918,5.889999866485596,213898889
2024-01-31,600028.SS,5.303718090057373,5.960000038146973,6.03000020980835,5.880000114440918,5.900000095367432,179230296
2024-02-01,600028.SS,5.2058305740356445,5.849999904632568,5.949999809265137,5.829999923706055,5.909999847412109,194321081
2024-02-02,600028.SS,5.24142599105835,5.889999866485596,5.989999771118164,5.829999923706055,5.849999904632568,226500348
2024-02-05,600028.SS,5.357110977172852,6.019999980926514,6.050000190734863,5.900000095367432,5.900000095367432,256760026
2024-02-06,600028.SS,5.31261682510376,5.96999979019165,6.090000152587891,5.909999847412109,6.010000228881836,236109093
2024-02-07,600028.SS,5.357110977172852,6.019999980926514,6.050000190734863,5.860000133514404,5.96999979019165,244496896
2024-02-08,600028.SS,5.330414772033691,5.989999771118164,6.050000190734863,5.920000076293945,6.0,180767621
2024-02-19,600028.SS,5.588481903076172,6.28000020980835,6.320000171661377,5.989999771118164,6.010000228881836,245952100
2024-02-20,600028.SS,5.561784744262695,6.25,6.340000152587891,6.230000019073486,6.28000020980835,140167551
2024-02-21,600028.SS,5.561784744262695,6.25,6.400000095367432,6.210000038146973,6.25,216201582
2024-02-22,600028.SS,5.7130656242370605,6.420000076293945,6.449999809265137,6.230000019073486,6.239999771118164,185465300
2024-02-23,600028.SS,5.6685709953308105,6.369999885559082,6.46999979019165,6.329999923706055,6.420000076293945,188353609
2024-02-26,600028.SS,5.57068395614624,6.260000228881836,6.429999828338623,6.239999771118164,6.349999904632568,133362837
2024-02-27,600028.SS,5.561784744262695,6.25,6.320000171661377,6.210000038146973,6.25,123183416
2024-02-28,600028.SS,5.508391857147217,6.190000057220459,6.28000020980835,6.130000114440918,6.239999771118164,152687861
2024-02-29,600028.SS,5.561784744262695,6.25,6.25,6.159999847412109,6.179999828338623,108442260
2024-03-01,600028.SS,5.5172905921936035,6.199999809265137,6.25,6.159999847412109,6.21999979019165,110080455
2024-03-04,600028.SS,5.64187479019165,6.340000152587891,6.380000114440918,6.190000057220459,6.199999809265137,181260145
2024-03-05,600028.SS,5.686367988586426,6.389999866485596,6.420000076293945,6.28000020980835,6.309999942779541,143240239
2024-03-06,600028.SS,5.6774702072143555,6.380000114440918,6.460000038146973,6.340000152587891,6.389999866485596,113072246
2024-03-07,600028.SS,5.721964359283447,6.429999828338623,6.489999771118164,6.360000133514404,6.380000114440918,119908108
2024-03-08,600028.SS,5.748661041259766,6.460000038146973,6.46999979019165,6.340000152587891,6.409999847412109,114059185
2024-03-11,600028.SS,5.659672737121582,6.360000133514404,6.429999828338623,6.28000020980835,6.429999828338623,157915651
2024-03-12,600028.SS,5.454998970031738,6.130000114440918,6.340000152587891,6.119999885559082,6.340000152587891,196148420
2024-03-13,600028.SS,5.47279691696167,6.150000095367432,6.170000076293945,6.059999942779541,6.110000133514404,116291132
2024-03-14,600028.SS,5.535088062286377,6.21999979019165,6.260000228881836,6.130000114440918,6.170000076293945,124530510
2024-03-15,600028.SS,5.5172905921936035,6.199999809265137,6.28000020980835,6.139999866485596,6.230000019073486,99667767
2024-03-18,600028.SS,5.5172905921936035,6.199999809265137,6.239999771118164,6.159999847412109,6.210000038146973,95081426
2024-03-19,600028.SS,5.47279691696167,6.150000095367432,6.260000228881836,6.130000114440918,6.210000038146973,127927492
2024-03-20,600028.SS,5.55288553237915,6.239999771118164,6.28000020980835,6.090000152587891,6.150000095367432,115494796
2024-03-21,600028.SS,5.561784744262695,6.25,6.300000190734863,6.199999809265137,6.239999771118164,70921784
2024-03-22,600028.SS,5.5172905921936035,6.199999809265137,6.260000228881836,6.130000114440918,6.230000019073486,98100369
2024-03-25,600028.SS,5.543986797332764,6.230000019073486,6.300000190734863,6.159999847412109,6.170000076293945,153008328
2024-03-26,600028.SS,5.5172905921936035,6.199999809265137,6.269999980926514,6.159999847412109,6.230000019073486,122214697
2024-03-27,600028.SS,5.535088062286377,6.21999979019165,6.260000228881836,6.170000076293945,6.179999828338623,91630118
2024-03-28,600028.SS,5.535088062286377,6.21999979019165,6.239999771118164,6.150000095367432,6.199999809265137,103583908
2024-03-29,600028.SS,5.686367988586426,6.389999866485596,6.440000057220459,6.210000038146973,6.210000038146973,126595323
2024-04-01,600028.SS,5.659672737121582,6.360000133514404,6.400000095367432,6.289999961853027,6.389999866485596,126560818
2024-04-02,600028.SS,5.757559299468994,6.46999979019165,6.53000020980835,6.340000152587891,6.349999904632568,167728834
2024-04-03,600028.SS,5.784256458282471,6.5,6.550000190734863,6.429999828338623,6.480000019073486,150004520
2024-04-08,600028.SS,5.793155670166016,6.510000228881836,6.619999885559082,6.389999866485596,6.449999809265137,168926652
2024-04-09,600028.SS,5.6329755783081055,6.329999923706055,6.559999942779541,6.300000190734863,6.550000190734863,172979248
2024-04-10,600028.SS,5.659672737121582,6.360000133514404,6.429999828338623,6.309999942779541,6.329999923706055,115077241
2024-04-11,600028.SS,5.6774702072143555,6.380000114440918,6.440000057220459,6.320000171661377,6.360000133514404,102343404
2024-04-12,600028.SS,5.6774702072143555,6.380000114440918,6.420000076293945,6.349999904632568,6.369999885559082,107597484
2024-04-15,600028.SS,5.9177398681640625,6.650000095367432,6.670000076293945,6.369999885559082,6.389999866485596,218444368
2024-04-16,600028.SS,5.9444355964660645,6.679999828338623,6.78000020980835,6.559999942779541,6.610000133514404,223385537
2024-04-17,600028.SS,5.908839702606201,6.639999866485596,6.650000095367432,6.480000019073486,6.639999866485596,191095242
2024-04-18,600028.SS,5.819850921630859,6.539999961853027,6.639999866485596,6.5,6.559999942779541,165702864
2024-04-19,600028.SS,5.935536861419678,6.670000076293945,6.769999980926514,6.53000020980835,6.53000020980835,248266416
2024-04-22,600028.SS,5.784256458282471,6.5,6.769999980926514,6.480000019073486,6.630000114440918,220317188
2024-04-23,600028.SS,5.7130656242370605,6.420000076293945,6.53000020980835,6.349999904632568,6.5,145852435
2024-04-24,600028.SS,5.775356769561768,6.489999771118164,6.519999980926514,6.420000076293945,6.480000019073486,96056757
2024-04-25,600028.SS,5.819850921630859,6.539999961853027,6.550000190734863,6.449999809265137,6.489999771118164,78423411
2024-04-26,600028.SS,5.819850921630859,6.539999961853027,6.639999866485596,6.519999980926514,6.550000190734863,143969322
2024-04-29,600028.SS,5.57068395614624,6.260000228881836,6.510000228881836,6.239999771118164,6.5,320187600
2024-04-30,600028.SS,5.650773525238037,6.349999904632568,6.420000076293945,6.239999771118164,6.260000228881836,208023985
2024-05-06,600028.SS,5.624076843261719,6.320000171661377,6.349999904632568,6.21999979019165,6.340000152587891,178607931
2024-05-07,600028.SS,5.6685709953308105,6.369999885559082,6.380000114440918,6.289999961853027,6.309999942779541,123966317
2024-05-08,600028.SS,5.7130656242370605,6.420000076293945,6.480000019073486,6.340000152587891,6.360000133514404,126175777
2024-05-09,600028.SS,5.686367988586426,6.389999866485596,6.46999979019165,6.380000114440918,6.440000057220459,121513339
2024-05-10,600028.SS,5.695268154144287,6.400000095367432,6.440000057220459,6.380000114440918,6.400000095367432,125549135
2024-05-13,600028.SS,5.686367988586426,6.389999866485596,6.440000057220459,6.349999904632568,6.400000095367432,111637147
2024-05-14,600028.SS,5.6685709953308105,6.369999885559082,6.409999847412109,6.340000152587891,6.389999866485596,87501820
2024-05-15,600028.SS,5.6329755783081055,6.329999923706055,6.380000114440918,6.320000171661377,6.360000133514404,60248752
2024-05-16,600028.SS,5.606279373168945,6.300000190734863,6.360000133514404,6.25,6.340000152587891,107295515
2024-05-17,600028.SS,5.64187479019165,6.340000152587891,6.340000152587891,6.260000228881836,6.300000190734863,94375316
2024-05-20,600028.SS,5.704166412353516,6.409999847412109,6.449999809265137,6.309999942779541,6.329999923706055,144269592
2024-05-21,600028.SS,5.659672737121582,6.360000133514404,6.389999866485596,6.340000152587891,6.380000114440918,91106074
2024-05-22,600028.SS,5.704166412353516,6.409999847412109,6.420000076293945,6.340000152587891,6.360000133514404,108708406
2024-05-23,600028.SS,5.6685709953308105,6.369999885559082,6.409999847412109,6.320000171661377,6.400000095367432,101902275
2024-05-24,600028.SS,5.7130656242370605,6.420000076293945,6.46999979019165,6.320000171661377,6.360000133514404,145619152
2024-05-27,600028.SS,5.793155670166016,6.510000228881836,6.570000171661377,6.420000076293945,6.420000076293945,128633631
2024-05-28,600028.SS,5.864346027374268,6.590000152587891,6.659999847412109,6.510000228881836,6.519999980926514,124042057
2024-05-29,600028.SS,5.891042232513428,6.619999885559082,6.659999847412109,6.550000190734863,6.579999923706055,97736181
2024-05-30,600028.SS,5.819850921630859,6.539999961853027,6.659999847412109,6.519999980926514,6.599999904632568,102479248
2024-05-31,600028.SS,5.739761829376221,6.449999809265137,6.570000171661377,6.449999809265137,6.550000190734863,104996212
2024-06-03,600028.SS,5.695268154144287,6.400000095367432,6.489999771118164,6.360000133514404,6.400000095367432,117452580
2024-06-04,600028.SS,5.6329755783081055,6.329999923706055,6.400000095367432,6.309999942779541,6.360000133514404,124804302
2024-06-05,600028.SS,5.57068395614624,6.260000228881836,6.369999885559082,6.25,6.340000152587891,117314628
2024-06-06,600028.SS,5.6329755783081055,6.329999923706055,6.380000114440918,6.260000228881836,6.28000020980835,149617717
2024-06-07,600028.SS,5.5973801612854,6.289999961853027,6.369999885559082,6.260000228881836,6.349999904632568,122702198
2024-06-11,600028.SS,5.499492645263672,6.179999828338623,6.349999904632568,6.159999847412109,6.309999942779541,191192253
2024-06-12,600028.SS,5.535088062286377,6.21999979019165,6.239999771118164,6.130000114440918,6.179999828338623,140089059
2024-06-13,600028.SS,5.463897705078125,6.139999866485596,6.239999771118164,6.119999885559082,6.230000019073486,153359522
2024-06-14,600028.SS,5.47279691696167,6.150000095367432,6.159999847412109,6.079999923706055,6.130000114440918,287543436
2024-06-17,600028.SS,5.330414772033691,5.989999771118164,6.110000133514404,5.980000019073486,6.099999904632568,235239552
2024-06-18,600028.SS,5.357110977172852,6.019999980926514,6.039999961853027,5.929999828338623,6.010000228881836,127710691
2024-06-19,600028.SS,5.40160608291626,6.070000171661377,6.130000114440918,6.019999980926514,6.03000020980835,163112109
2024-06-20,600028.SS,5.490593910217285,6.170000076293945,6.179999828338623,6.070000171661377,6.079999923706055,171858594
2024-06-21,600028.SS,5.463897705078125,6.139999866485596,6.199999809265137,6.090000152587891,6.159999847412109,169491527
2024-06-24,600028.SS,5.454998970031738,6.130000114440918,6.179999828338623,6.090000152587891,6.170000076293945,125780650
2024-06-25,600028.SS,5.437201023101807,6.110000133514404,6.199999809265137,6.099999904632568,6.159999847412109,136535852
2024-06-26,600028.SS,5.47279691696167,6.150000095367432,6.170000076293945,6.070000171661377,6.119999885559082,122673454
2024-06-27,600028.SS,5.48169469833374,6.159999847412109,6.190000057220459,6.119999885559082,6.139999866485596,120780978
2024-06-28,600028.SS,5.624076843261719,6.320000171661377,6.329999923706055,6.150000095367432,6.199999809265137,193602435
2024-07-01,600028.SS,5.686367988586426,6.389999866485596,6.420000076293945,6.289999961853027,6.300000190734863,142936241
2024-07-02,600028.SS,5.739761829376221,6.449999809265137,6.489999771118164,6.389999866485596,6.420000076293945,157891076
2024-07-03,600028.SS,5.721964359283447,6.429999828338623,6.480000019073486,6.389999866485596,6.449999809265137,126983995
2024-07-04,600028.SS,5.793155670166016,6.510000228881836,6.53000020980835,6.429999828338623,6.449999809265137,147775717
2024-07-05,600028.SS,5.793155670166016,6.510000228881836,6.510000228881836,6.510000228881836,6.510000228881836,0
2024-07-08,600028.SS,5.784256458282471,6.5,6.519999980926514,6.400000095367432,6.420000076293945,140940307
2024-07-09,600028.SS,5.819850921630859,6.539999961853027,6.570000171661377,6.449999809265137,6.510000228881836,139590815
2024-07-10,600028.SS,5.7130656242370605,6.420000076293945,6.590000152587891,6.409999847412109,6.519999980926514,138500612
2024-07-11,600028.SS,5.7130656242370605,6.420000076293945,6.460000038146973,6.369999885559082,6.449999809265137,141192830
2024-07-12,600028.SS,5.695268154144287,6.400000095367432,6.5,6.389999866485596,6.429999828338623,134090233
2024-07-15,600028.SS,5.828751087188721,6.550000190734863,6.570000171661377,6.369999885559082,6.400000095367432,169550580
2024-07-16,600028.SS,5.9572577476501465,6.489999771118164,6.5,6.349999904632568,6.380000114440918,143831210
2024-07-17,600028.SS,5.902183532714844,6.429999828338623,6.519999980926514,6.400000095367432,6.480000019073486,135138907
2024-07-18,600028.SS,5.984795570373535,6.519999980926514,6.550000190734863,6.449999809265137,6.460000038146973,156377623
2024-07-19,600028.SS,5.966437816619873,6.5,6.559999942779541,6.400000095367432,6.519999980926514,166191671
2024-07-22,600028.SS,5.893003940582275,6.420000076293945,6.489999771118164,6.300000190734863,6.46999979019165,146584113
2024-07-23,600028.SS,5.902183532714844,6.429999828338623,6.480000019073486,6.389999866485596,6.409999847412109,135414042
2024-07-24,600028.SS,6.113303184509277,6.659999847412109,6.699999809265137,6.400000095367432,6.409999847412109,228293697
2024-07-25,600028.SS,6.104124546051025,6.650000095367432,6.690000057220459,6.559999942779541,6.670000076293945,194657645
2024-07-26,600028.SS,6.039870738983154,6.579999923706055,6.670000076293945,6.519999980926514,6.639999866485596,147621097
2024-07-29,600028.SS,6.150020122528076,6.699999809265137,6.699999809265137,6.539999961853027,6.579999923706055,135207151
2024-07-30,600028.SS,5.938899517059326,6.46999979019165,6.679999828338623,6.429999828338623,6.670000076293945,151769150
2024-07-31,600028.SS,5.9572577476501465,6.489999771118164,6.519999980926514,6.360000133514404,6.46999979019165,211944279
2024-08-01,600028.SS,6.021512508392334,6.559999942779541,6.619999885559082,6.460000038146973,6.480000019073486,131782542
2024-08-02,600028.SS,6.049049377441406,6.590000152587891,6.610000133514404,6.460000038146973,6.53000020980835,97073758
2024-08-05,600028.SS,5.911362171173096,6.440000057220459,6.550000190734863,6.380000114440918,6.550000190734863,146616318
2024-08-06,600028.SS,5.911362171173096,6.440000057220459,6.5,6.400000095367432,6.460000038146973,95496076
2024-08-07,600028.SS,5.984795570373535,6.519999980926514,6.599999904632568,6.409999847412109,6.429999828338623,109375911
2024-08-08,600028.SS,5.966437816619873,6.5,6.590000152587891,6.489999771118164,6.550000190734863,62027618
2024-08-09,600028.SS,6.021512508392334,6.559999942779541,6.579999923706055,6.489999771118164,6.5,66883566
2024-08-12,600028.SS,6.030691146850586,6.570000171661377,6.650000095367432,6.53000020980835,6.559999942779541,99584700
2024-08-13,600028.SS,6.094944953918457,6.639999866485596,6.679999828338623,6.559999942779541,6.570000171661377,93251231
2024-08-14,600028.SS,6.104124546051025,6.650000095367432,6.670000076293945,6.590000152587891,6.630000114440918,58991417
2024-08-15,600028.SS,6.140840530395508,6.690000057220459,6.710000038146973,6.599999904632568,6.619999885559082,81430329
2024-08-16,600028.SS,6.131661891937256,6.679999828338623,6.760000228881836,6.639999866485596,6.699999809265137,124517577
2024-08-19,600028.SS,6.168377876281738,6.71999979019165,6.800000190734863,6.670000076293945,6.679999828338623,115984327
2024-08-20,600028.SS,6.113303184509277,6.659999847412109,6.710000038146973,6.599999904632568,6.699999809265137,88015965
2024-08-21,600028.SS,6.1224822998046875,6.670000076293945,6.679999828338623,6.559999942779541,6.650000095367432,72221746
2024-08-22,600028.SS,6.186736106872559,6.739999771118164,6.789999961853027,6.619999885559082,6.650000095367432,105746163
2024-08-23,600028.SS,6.260169506072998,6.820000171661377,6.829999923706055,6.710000038146973,6.730000019073486,97835107
2024-08-26,600028.SS,6.324423313140869,6.889999866485596,6.920000076293945,6.789999961853027,6.849999904632568,136585649
2024-08-27,600028.SS,6.59061861038208,7.179999828338623,7.199999809265137,6.889999866485596,6.900000095367432,205901774
2024-08-28,600028.SS,6.517185211181641,7.099999904632568,7.210000038146973,7.050000190734863,7.150000095367432,119407650
2024-08-29,600028.SS,6.306065559387207,6.869999885559082,7.170000076293945,6.840000152587891,7.090000152587891,156372085
2024-08-30,600028.SS,6.250990390777588,6.809999942779541,6.920000076293945,6.710000038146973,6.849999904632568,180830165
2024-09-02,600028.SS,6.397856712341309,6.96999979019165,7.019999980926514,6.730000019073486,6.75,164561123
2024-09-03,600028.SS,6.1224822998046875,6.670000076293945,7.0,6.619999885559082,6.949999809265137,175875914
2024-09-04,600028.SS,6.049049377441406,6.590000152587891,6.650000095367432,6.5,6.599999904632568,103761424
2024-09-05,600028.SS,6.012333393096924,6.550000190734863,6.650000095367432,6.480000019073486,6.619999885559082,122228207
2024-09-06,600028.SS,6.058228969573975,6.599999904632568,6.71999979019165,6.539999961853027,6.550000190734863,85728765
2024-09-09,600028.SS,5.856287956237793,6.380000114440918,6.630000114440918,6.360000133514404,6.599999904632568,141548337
2024-09-10,600028.SS,5.966437816619873,6.5,6.53000020980835,6.369999885559082,6.380000114440918,116664404
2024-09-11,600028.SS,5.782855033874512,6.300000190734863,6.480000019073486,6.159999847412109,6.46999979019165,176713368
2024-09-12,600028.SS,5.810392379760742,6.329999923706055,6.349999904632568,6.239999771118164,6.289999961853027,98119005
2024-09-13,600028.SS,5.816030025482178,6.190000057220459,6.260000228881836,6.179999828338623,6.210000038146973,99900315
2024-09-18,600028.SS,6.003946304321289,6.389999866485596,6.440000057220459,6.210000038146973,6.210000038146973,109331331
2024-09-19,600028.SS,5.938175678253174,6.320000171661377,6.420000076293945,6.159999847412109,6.389999866485596,131665937
2024-09-20,600028.SS,5.994551181793213,6.380000114440918,6.460000038146973,6.300000190734863,6.300000190734863,141769491
2024-09-23,600028.SS,6.088509559631348,6.480000019073486,6.539999961853027,6.349999904632568,6.400000095367432,85530303
2024-09-24,600028.SS,6.351593017578125,6.760000228881836,6.769999980926514,6.5,6.570000171661377,158111820
2024-09-25,600028.SS,6.314009189605713,6.71999979019165,6.989999771118164,6.679999828338623,6.889999866485596,211493297
2024-09-26,600028.SS,6.342197418212891,6.75,6.75,6.619999885559082,6.739999771118164,191475786
2024-09-27,600028.SS,6.257634162902832,6.659999847412109,6.789999961853027,6.519999980926514,6.789999961853027,225603165
2024-09-30,600028.SS,6.5395097732543945,6.960000038146973,7.119999885559082,6.679999828338623,6.690000057220459,524732523
2024-10-08,600028.SS,6.595885276794434,7.019999980926514,7.639999866485596,6.840000152587891,7.599999904632568,602787150
2024-10-09,600028.SS,6.182467937469482,6.579999923706055,7.0,6.579999923706055,7.0,355211645
2024-10-10,600028.SS,6.464343070983887,6.880000114440918,7.0,6.650000095367432,6.659999847412109,319840879
2024-10-11,600028.SS,6.342197418212891,6.75,7.010000228881836,6.679999828338623,6.909999847412109,244773968
2024-10-14,600028.SS,6.389176845550537,6.800000190734863,6.900000095367432,6.730000019073486,6.880000114440918,182196125
2024-10-15,600028.SS,6.201259613037109,6.599999904632568,6.75,6.599999904632568,6.75,178261032
2024-10-16,600028.SS,6.191863536834717,6.590000152587891,6.659999847412109,6.519999980926514,6.550000190734863,136315154
2024-10-17,600028.SS,6.107301235198975,6.5,6.670000076293945,6.5,6.610000133514404,157877365
2024-10-18,600028.SS,6.17307186126709,6.570000171661377,6.630000114440918,6.440000057220459,6.510000228881836,196731652
2024-10-21,600028.SS,6.154280662536621,6.550000190734863,6.699999809265137,6.53000020980835,6.670000076293945,237685914
2024-10-22,600028.SS,6.201259613037109,6.599999904632568,6.619999885559082,6.53000020980835,6.550000190734863,153924210
2024-10-23,600028.SS,6.191863536834717,6.590000152587891,6.619999885559082,6.539999961853027,6.610000133514404,161485930
2024-10-24,600028.SS,6.097904682159424,6.489999771118164,6.579999923706055,6.480000019073486,6.559999942779541,144542932
2024-10-25,600028.SS,6.060321807861328,6.449999809265137,6.489999771118164,6.429999828338623,6.489999771118164,112205589
2024-10-28,600028.SS,6.0509257316589355,6.440000057220459,6.440000057220459,6.360000133514404,6.409999847412109,153004067
2024-10-29,600028.SS,5.853613376617432,6.230000019073486,6.329999923706055,6.21999979019165,6.320000171661377,281948483
2024-10-30,600028.SS,5.816030025482178,6.190000057220459,6.25,6.170000076293945,6.230000019073486,156245067
2024-10-31,600028.SS,5.806633949279785,6.179999828338623,6.230000019073486,6.159999847412109,6.199999809265137,151855017
2024-11-01,600028.SS,5.900592803955078,6.28000020980835,6.309999942779541,6.179999828338623,6.190000057220459,224292942
2024-11-04,600028.SS,5.863008975982666,6.239999771118164,6.289999961853027,6.179999828338623,6.28000020980835,167204622
2024-11-05,600028.SS,5.900592803955078,6.28000020980835,6.289999961853027,6.199999809265137,6.239999771118164,191059848
2024-11-06,600028.SS,5.900592803955078,6.28000020980835,6.360000133514404,6.25,6.269999980926514,218884820
2024-11-07,600028.SS,5.994551181793213,6.380000114440918,6.389999866485596,6.25,6.28000020980835,196704642
2024-11-08,600028.SS,5.947571754455566,6.329999923706055,6.429999828338623,6.320000171661377,6.400000095367432,187519382
2024-11-11,600028.SS,5.853613376617432,6.230000019073486,6.289999961853027,6.210000038146973,6.28000020980835,174981981
2024-11-12,600028.SS,5.806633949279785,6.179999828338623,6.260000228881836,6.179999828338623,6.199999809265137,161139846
2024-11-13,600028.SS,5.863008975982666,6.239999771118164,6.28000020980835,6.170000076293945,6.179999828338623,138917014
2024-11-14,600028.SS,5.891196250915527,6.269999980926514,6.340000152587891,6.21999979019165,6.230000019073486,200456236
2024-11-15,600028.SS,5.938175678253174,6.320000171661377,6.380000114440918,6.239999771118164,6.260000228881836,204662984
2024-11-18,600028.SS,5.975759506225586,6.360000133514404,6.449999809265137,6.320000171661377,6.329999923706055,216905692
2024-11-19,600028.SS,5.9099884033203125,6.289999961853027,6.389999866485596,6.260000228881836,6.380000114440918,178021352
2024-11-20,600028.SS,5.956967830657959,6.340000152587891,6.369999885559082,6.260000228881836,6.269999980926514,139359118
2024-11-21,600028.SS,5.947571754455566,6.329999923706055,6.369999885559082,6.309999942779541,6.329999923706055,93197275
2024-11-22,600028.SS,5.891196250915527,6.269999980926514,6.369999885559082,6.269999980926514,6.329999923706055,137277472
2024-11-25,600028.SS,5.947571754455566,6.329999923706055,6.440000057220459,6.28000020980835,6.300000190734863,209483198
2024-11-26,600028.SS,5.975759506225586,6.360000133514404,6.369999885559082,6.21999979019165,6.289999961853027,139289890
2024-11-27,600028.SS,5.994551181793213,6.380000114440918,6.380000114440918,6.320000171661377,6.360000133514404,126679424
2024-11-28,600028.SS,6.01334285736084,6.400000095367432,6.420000076293945,6.349999904632568,6.369999885559082,115904360
2024-11-29,600028.SS,5.975759506225586,6.360000133514404,6.429999828338623,6.360000133514404,6.409999847412109,127803439
2024-12-02,600028.SS,5.9287800788879395,6.309999942779541,6.349999904632568,6.289999961853027,6.340000152587891,160189776
2024-12-03,600028.SS,5.966363430023193,6.349999904632568,6.349999904632568,6.28000020980835,6.309999942779541,135805575
2024-12-04,600028.SS,6.088509559631348,6.480000019073486,6.5,6.329999923706055,6.349999904632568,296081687
2024-12-05,600028.SS,6.003946304321289,6.389999866485596,6.46999979019165,6.369999885559082,6.449999809265137,126470909
2024-12-06,600028.SS,6.022738456726074,6.409999847412109,6.449999809265137,6.369999885559082,6.369999885559082,119178142
2024-12-09,600028.SS,6.079113006591797,6.46999979019165,6.480000019073486,6.369999885559082,6.400000095367432,131222903
2024-12-10,600028.SS,6.0509257316589355,6.440000057220459,6.550000190734863,6.440000057220459,6.519999980926514,164668708
2024-12-11,600028.SS,6.0509257316589355,6.440000057220459,6.46999979019165,6.420000076293945,6.440000057220459,103105099
2024-12-12,600028.SS,6.069717884063721,6.460000038146973,6.480000019073486,6.429999828338623,6.449999809265137,126065488
2024-12-13,600028.SS,5.975759506225586,6.360000133514404,6.440000057220459,6.340000152587891,6.429999828338623,220032124
2024-12-16,600028.SS,6.060321807861328,6.449999809265137,6.46999979019165,6.360000133514404,6.360000133514404,166124797
2024-12-17,600028.SS,6.0509257316589355,6.440000057220459,6.519999980926514,6.420000076293945,6.429999828338623,133820266
2024-12-18,600028.SS,6.116697311401367,6.510000228881836,6.559999942779541,6.460000038146973,6.460000038146973,158983391
2024-12-19,600028.SS,6.069717884063721,6.460000038146973,6.550000190734863,6.440000057220459,6.489999771118164,123185917
2024-12-20,600028.SS,5.994551181793213,6.380000114440918,6.480000019073486,6.380000114440918,6.46999979019165,132952415
2024-12-23,600028.SS,6.14488410949707,6.539999961853027,6.559999942779541,6.389999866485596,6.389999866485596,255275708
2024-12-24,600028.SS,6.210655212402344,6.610000133514404,6.650000095367432,6.489999771118164,6.5,181170097
2024-12-25,600028.SS,6.351593017578125,6.760000228881836,6.760000228881836,6.610000133514404,6.610000133514404,208435657
2024-12-26,600028.SS,6.267030239105225,6.670000076293945,6.760000228881836,6.619999885559082,6.739999771118164,161122288
2024-12-27,600028.SS,6.248239040374756,6.650000095367432,6.710000038146973,6.570000171661377,6.659999847412109,132060597
2024-12-30,600028.SS,6.314009189605713,6.71999979019165,6.739999771118164,6.619999885559082,6.619999885559082,139251589
2024-12-31,600028.SS,6.276426315307617,6.679999828338623,6.78000020980835,6.659999847412109,6.699999809265137,170879598
2025-01-02,600028.SS,6.1636762619018555,6.559999942779541,6.730000019073486,6.519999980926514,6.670000076293945,171978677
2025-01-03,600028.SS,6.17307186126709,6.570000171661377,6.650000095367432,6.539999961853027,6.579999923706055,162187313
2025-01-06,600028.SS,6.1636762619018555,6.559999942779541,6.610000133514404,6.46999979019165,6.590000152587891,129469608
2025-01-07,600028.SS,6.135488986968994,6.53000020980835,6.559999942779541,6.480000019073486,6.550000190734863,92531467
2025-01-08,600028.SS,6.182467937469482,6.579999923706055,6.699999809265137,6.519999980926514,6.53000020980835,159276680
2025-01-09,600028.SS,6.022738456726074,6.409999847412109,6.550000190734863,6.389999866485596,6.53000020980835,172834136
2025-01-10,600028.SS,5.9099884033203125,6.289999961853027,6.449999809265137,6.289999961853027,6.420000076293945,156583816
2025-01-13,600028.SS,5.834821701049805,6.210000038146973,6.349999904632568,6.159999847412109,6.320000171661377,156714198
2025-01-14,600028.SS,5.881801128387451,6.260000228881836,6.269999980926514,6.170000076293945,6.210000038146973,134719766
2025-01-15,600028.SS,5.881801128387451,6.260000228881836,6.380000114440918,6.230000019073486,6.239999771118164,137381771
2025-01-16,600028.SS,5.900592803955078,6.28000020980835,6.340000152587891,6.25,6.300000190734863,117598435
2025-01-17,600028.SS,5.844216823577881,6.21999979019165,6.289999961853027,6.210000038146973,6.260000228881836,108355886
2025-01-20,600028.SS,5.797237873077393,6.170000076293945,6.25,6.159999847412109,6.239999771118164,142035405
2025-01-21,600028.SS,5.703279972076416,6.070000171661377,6.190000057220459,6.059999942779541,6.179999828338623,177952934
2025-01-22,600028.SS,5.637508869171143,6.0,6.079999923706055,6.0,6.050000190734863,126871314
2025-01-23,600028.SS,5.665696620941162,6.03000020980835,6.079999923706055,6.010000228881836,6.019999980926514,134814670
2025-01-24,600028.SS,5.6750922203063965,6.039999961853027,6.070000171661377,6.0,6.03000020980835,107529468
2025-01-27,600028.SS,5.71267557144165,6.079999923706055,6.099999904632568,6.050000190734863,6.050000190734863,131362783
2025-02-05,600028.SS,5.6563005447387695,6.019999980926514,6.099999904632568,6.0,6.090000152587891,131663139
2025-02-06,600028.SS,5.722071647644043,6.090000152587891,6.090000152587891,6.019999980926514,6.03000020980835,103993507
2025-02-07,600028.SS,5.74086332321167,6.110000133514404,6.130000114440918,6.050000190734863,6.079999923706055,147852336
2025-02-10,600028.SS,5.74086332321167,6.110000133514404,6.130000114440918,6.079999923706055,6.099999904632568,124406902
2025-02-11,600028.SS,5.74086332321167,6.110000133514404,6.159999847412109,6.090000152587891,6.119999885559082,119112534
2025-02-12,600028.SS,5.731467247009277,6.099999904632568,6.130000114440918,6.070000171661377,6.110000133514404,117835995
2025-02-13,600028.SS,5.703279972076416,6.070000171661377,6.110000133514404,6.070000171661377,6.099999904632568,126894210
2025-02-14,600028.SS,5.703279972076416,6.070000171661377,6.090000152587891,6.03000020980835,6.079999923706055,143300989
2025-02-17,600028.SS,5.6750922203063965,6.039999961853027,6.079999923706055,6.019999980926514,6.070000171661377,143310806
2025-02-18,600028.SS,5.646904945373535,6.010000228881836,6.059999942779541,6.0,6.03000020980835,183864883
2025-02-19,600028.SS,5.562342166900635,5.920000076293945,6.010000228881836,5.900000095367432,6.010000228881836,283686840
2025-02-20,600028.SS,5.552946090698242,5.909999847412109,5.949999809265137,5.900000095367432,5.920000076293945,136551273
2025-02-21,600028.SS,5.552946090698242,5.909999847412109,5.940000057220459,5.889999866485596,5.920000076293945,124865575
2025-02-24,600028.SS,5.524758815765381,5.880000114440918,5.909999847412109,5.869999885559082,5.900000095367432,134193900
2025-02-25,600028.SS,5.468383312225342,5.820000171661377,5.900000095367432,5.809999942779541,5.869999885559082,149208209
2025-02-26,600028.SS,5.440195560455322,5.789999961853027,5.840000152587891,5.730000019073486,5.800000190734863,186769457
2025-02-27,600028.SS,5.487174987792969,5.840000152587891,5.840000152587891,5.75,5.789999961853027,184045467
2025-02-28,600028.SS,5.430799961090088,5.78000020980835,5.880000114440918,5.78000020980835,5.820000171661377,179805187
2025-03-03,600028.SS,5.393216133117676,5.739999771118164,5.809999942779541,5.730000019073486,5.78000020980835,159040534
2025-03-04,600028.SS,5.318049430847168,5.659999847412109,5.730000019073486,5.650000095367432,5.71999979019165,148210060
2025-03-05,600028.SS,5.336841583251953,5.679999828338623,5.699999809265137,5.630000114440918,5.659999847412109,124452618
2025-03-06,600028.SS,5.3462371826171875,5.690000057220459,5.699999809265137,5.650000095367432,5.659999847412109,124714581
2025-03-07,600028.SS,5.383820533752441,5.730000019073486,5.760000228881836,5.679999828338623,5.690000057220459,130306153
2025-03-10,600028.SS,5.3462371826171875,5.690000057220459,5.739999771118164,5.670000076293945,5.730000019073486,96825754
2025-03-11,600028.SS,5.355632781982422,5.699999809265137,5.699999809265137,5.659999847412109,5.659999847412109,97164213
2025-03-12,600028.SS,5.318049430847168,5.659999847412109,5.699999809265137,5.659999847412109,5.690000057220459,107272000
2025-03-13,600028.SS,5.383820533752441,5.730000019073486,5.75,5.670000076293945,5.670000076293945,179181212
2025-03-14,600028.SS,5.449591636657715,5.800000190734863,5.809999942779541,5.710000038146973,5.71999979019165,199746701
2025-03-17,600028.SS,5.496571063995361,5.849999904632568,5.869999885559082,5.820000171661377,5.820000171661377,140706474
2025-03-18,600028.SS,5.468383312225342,5.820000171661377,5.860000133514404,5.809999942779541,5.849999904632568,88784201
2025-03-19,600028.SS,5.496571063995361,5.849999904632568,5.849999904632568,5.800000190734863,5.809999942779541,74744209
2025-03-20,600028.SS,5.505967140197754,5.860000133514404,5.869999885559082,5.829999923706055,5.840000152587891,99858341
2025-03-21,600028.SS,5.458987236022949,5.809999942779541,5.929999828338623,5.809999942779541,5.860000133514404,153058289
2025-03-24,600028.SS,5.383820533752441,5.730000019073486,5.789999961853027,5.699999809265137,5.760000228881836,175742456
2025-03-25,600028.SS,5.421403884887695,5.769999980926514,5.78000020980835,5.739999771118164,5.75,110156120
2025-03-26,600028.SS,5.412008285522461,5.760000228881836,5.800000190734863,5.739999771118164,5.769999980926514,112424472
2025-03-27,600028.SS,5.477778911590576,5.829999923706055,5.840000152587891,5.769999980926514,5.769999980926514,122256906
2025-03-28,600028.SS,5.421403884887695,5.769999980926514,5.840000152587891,5.760000228881836,5.840000152587891,87796120
2025-03-31,600028.SS,5.383820533752441,5.730000019073486,5.820000171661377,5.71999979019165,5.78000020980835,126673418
2025-04-01,600028.SS,5.383820533752441,5.730000019073486,5.78000020980835,5.710000038146973,5.75,108575423
2025-04-02,600028.SS,5.402612209320068,5.75,5.760000228881836,5.71999979019165,5.730000019073486,78806985
2025-04-03,600028.SS,5.430799961090088,5.78000020980835,5.789999961853027,5.710000038146973,5.710000038146973,111757087
2025-04-07,600028.SS,5.054966449737549,5.380000114440918,5.630000114440918,5.25,5.630000114440918,388042554
2025-04-08,600028.SS,5.3274455070495605,5.670000076293945,5.679999828338623,5.409999847412109,5.420000076293945,339001591
2025-04-09,600028.SS,5.289862632751465,5.630000114440918,5.670000076293945,5.519999980926514,5.650000095367432,207901445
2025-04-10,600028.SS,5.252278804779053,5.590000152587891,5.679999828338623,5.559999942779541,5.670000076293945,168645059
2025-04-11,600028.SS,5.224091053009033,5.559999942779541,5.590000152587891,5.519999980926514,5.590000152587891,115225544
2025-04-14,600028.SS,5.27107048034668,5.610000133514404,5.619999885559082,5.550000190734863,5.559999942779541,127403489
2025-04-15,600028.SS,5.308653831481934,5.650000095367432,5.650000095367432,5.579999923706055,5.590000152587891,128710686
2025-04-16,600028.SS,5.383820533752441,5.730000019073486,5.739999771118164,5.619999885559082,5.630000114440918,150243226
2025-04-17,600028.SS,5.383820533752441,5.730000019073486,5.730000019073486,5.659999847412109,5.730000019073486,100159798
2025-04-18,600028.SS,5.383820533752441,5.730000019073486,5.75,5.690000057220459,5.710000038146973,72774302
2025-04-21,600028.SS,5.318049430847168,5.659999847412109,5.739999771118164,5.650000095367432,5.710000038146973,109499616
2025-04-22,600028.SS,5.3462371826171875,5.690000057220459,5.730000019073486,5.650000095367432,5.659999847412109,102404340
2025-04-23,600028.SS,5.336841583251953,5.679999828338623,5.71999979019165,5.670000076293945,5.71999979019165,75735469
2025-04-24,600028.SS,5.355632781982422,5.699999809265137,5.710000038146973,5.670000076293945,5.670000076293945,77287467
2025-04-25,600028.SS,5.336841583251953,5.679999828338623,5.710000038146973,5.659999847412109,5.699999809265137,75293856
2025-04-28,600028.SS,5.3650288581848145,5.710000038146973,5.730000019073486,5.650000095367432,5.679999828338623,101498737
2025-04-29,600028.SS,5.289862632751465,5.630000114440918,5.710000038146973,5.630000114440918,5.679999828338623,114049876
2025-04-30,600028.SS,5.318049430847168,5.659999847412109,5.670000076293945,5.610000133514404,5.639999866485596,85032203
2025-05-06,600028.SS,5.299257755279541,5.639999866485596,5.670000076293945,5.619999885559082,5.670000076293945,102875950
2025-05-07,600028.SS,5.3650288581848145,5.710000038146973,5.710000038146973,5.639999866485596,5.690000057220459,146633258
2025-05-08,600028.SS,5.3462371826171875,5.690000057220459,5.730000019073486,5.670000076293945,5.690000057220459,74485958
2025-05-09,600028.SS,5.3462371826171875,5.690000057220459,5.71999979019165,5.679999828338623,5.690000057220459,77589229
2025-05-12,600028.SS,5.355632781982422,5.699999809265137,5.71999979019165,5.679999828338623,5.699999809265137,71792492
2025-05-13,600028.SS,5.383820533752441,5.730000019073486,5.75,5.710000038146973,5.71999979019165,106926632
2025-05-14,600028.SS,5.477778911590576,5.829999923706055,5.829999923706055,5.71999979019165,5.739999771118164,157181729
2025-05-15,600028.SS,5.430799961090088,5.78000020980835,5.849999904632568,5.78000020980835,5.820000171661377,101816814
2025-05-16,600028.SS,5.318049430847168,5.659999847412109,5.789999961853027,5.650000095367432,5.78000020980835,177436068
2025-05-19,600028.SS,5.336841583251953,5.679999828338623,5.710000038146973,5.659999847412109,5.670000076293945,75256958
2025-05-20,600028.SS,5.3274455070495605,5.670000076293945,5.699999809265137,5.659999847412109,5.690000057220459,61297412
2025-05-21,600028.SS,5.3650288581848145,5.710000038146973,5.75,5.679999828338623,5.679999828338623,118003241
2025-05-22,600028.SS,5.430799961090088,5.78000020980835,5.78000020980835,5.690000057220459,5.710000038146973,137971663
2025-05-23,600028.SS,5.3462371826171875,5.690000057220459,5.78000020980835,5.690000057220459,5.78000020980835,112996974
2025-05-26,600028.SS,5.336841583251953,5.679999828338623,5.730000019073486,5.670000076293945,5.690000057220459,89065961
2025-05-27,600028.SS,5.336841583251953,5.679999828338623,5.71999979019165,5.679999828338623,5.690000057220459,65958132
2025-05-28,600028.SS,5.440195560455322,5.789999961853027,5.800000190734863,5.690000057220459,5.690000057220459,166227593
2025-05-29,600028.SS,5.383820533752441,5.730000019073486,5.809999942779541,5.730000019073486,5.789999961853027,112245865
2025-05-30,600028.SS,5.430799961090088,5.78000020980835,5.800000190734863,5.71999979019165,5.730000019073486,121940620
2025-06-03,600028.SS,5.402612209320068,5.75,5.789999961853027,5.730000019073486,5.78000020980835,95018610
2025-06-04,600028.SS,5.412008285522461,5.760000228881836,5.78000020980835,5.739999771118164,5.75,69972152
2025-06-05,600028.SS,5.374424457550049,5.71999979019165,5.769999980926514,5.710000038146973,5.75,99519727
2025-06-06,600028.SS,5.402612209320068,5.75,5.760000228881836,5.710000038146973,5.730000019073486,84544104
2025-06-09,600028.SS,5.412008285522461,5.760000228881836,5.769999980926514,5.730000019073486,5.760000228881836,79071162
2025-06-10,600028.SS,5.402612209320068,5.75,5.789999961853027,5.730000019073486,5.760000228881836,104333812
2025-06-11,600028.SS,5.515362739562988,5.869999885559082,5.880000114440918,5.739999771118164,5.75,235635718
2025-06-12,600028.SS,5.534154415130615,5.889999866485596,5.909999847412109,5.809999942779541,5.869999885559082,159278192
2025-06-13,600028.SS,5.571737766265869,5.929999828338623,5.989999771118164,5.900000095367432,5.949999809265137,192690158
2025-06-16,600028.SS,5.552946090698242,5.909999847412109,5.960000038146973,5.869999885559082,5.949999809265137,195747331
2025-06-17,600028.SS,5.599925518035889,5.960000038146973,6.019999980926514,5.900000095367432,5.909999847412109,250770753
2025-06-18,600028.SS,5.542194366455078,5.760000228881836,5.880000114440918,5.760000228881836,5.869999885559082,183268746
2025-06-19,600028.SS,5.619169235229492,5.840000152587891,5.849999904632568,5.699999809265137,5.769999980926514,210279018
2025-06-20,600028.SS,5.532572269439697,5.75,5.860000133514404,5.75,5.829999923706055,182528779
2025-06-23,600028.SS,5.49408483505249,5.710000038146973,5.829999923706055,5.670000076293945,5.809999942779541,215761708
2025-06-24,600028.SS,5.455597400665283,5.670000076293945,5.71999979019165,5.559999942779541,5.659999847412109,209694894
2025-06-25,600028.SS,5.465219497680664,5.679999828338623,5.690000057220459,5.619999885559082,5.650000095367432,148293001
2025-06-26,600028.SS,5.49408483505249,5.710000038146973,5.71999979019165,5.659999847412109,5.679999828338623,116040255
2025-06-27,600028.SS,5.445975303649902,5.659999847412109,5.710000038146973,5.639999866485596,5.710000038146973,127288456
2025-06-30,600028.SS,5.426731586456299,5.639999866485596,5.670000076293945,5.630000114440918,5.659999847412109,97703179
2025-07-01,600028.SS,5.445975303649902,5.659999847412109,5.679999828338623,5.619999885559082,5.639999866485596,87544040
2025-07-02,600028.SS,5.474841117858887,5.690000057220459,5.699999809265137,5.659999847412109,5.670000076293945,110109984
2025-07-03,600028.SS,5.445975303649902,5.659999847412109,5.710000038146973,5.639999866485596,5.699999809265137,124725734
2025-07-04,600028.SS,5.465219497680664,5.679999828338623,5.690000057220459,5.650000095367432,5.659999847412109,113433306
2025-07-07,600028.SS,5.43635368347168,5.650000095367432,5.670000076293945,5.630000114440918,5.670000076293945,88986744
2025-07-08,600028.SS,5.465219497680664,5.679999828338623,5.690000057220459,5.639999866485596,5.659999847412109,100850927
2025-07-09,600028.SS,5.465219497680664,5.679999828338623,5.730000019073486,5.670000076293945,5.679999828338623,135271858
2025-07-10,600028.SS,5.542194366455078,5.760000228881836,5.78000020980835,5.690000057220459,5.690000057220459,225011608
2025-07-11,600028.SS,5.49408483505249,5.710000038146973,5.849999904632568,5.710000038146973,5.769999980926514,265997415
2025-07-14,600028.SS,5.551815986633301,5.769999980926514,5.800000190734863,5.730000019073486,5.730000019073486,140146982
2025-07-15,600028.SS,5.542194366455078,5.760000228881836,5.789999961853027,5.71999979019165,5.760000228881836,109590333
2025-07-16,600028.SS,5.542194366455078,5.760000228881836,5.789999961853027,5.739999771118164,5.760000228881836,76287429
2025-07-17,600028.SS,5.513328552246094,5.730000019073486,5.769999980926514,5.71999979019165,5.760000228881836,93167056
2025-07-18,600028.SS,5.599925518035889,5.820000171661377,5.829999923706055,5.739999771118164,5.75,147229551
2025-07-21,600028.SS,5.696144104003906,5.920000076293945,5.940000057220459,5.800000190734863,5.809999942779541,204451701
2025-07-22,600028.SS,5.801984786987305,6.03000020980835,6.050000190734863,5.909999847412109,5.920000076293945,276282828
2025-07-23,600028.SS,5.792362689971924,6.019999980926514,6.079999923706055,6.010000228881836,6.059999942779541,220758883
2025-07-24,600028.SS,5.753875255584717,5.980000019073486,6.039999961853027,5.960000038146973,6.019999980926514,180612845
2025-07-25,600028.SS,5.734631538391113,5.960000038146973,6.079999923706055,5.960000038146973,5.980000019073486,165650097
2025-07-28,600028.SS,5.657656669616699,5.880000114440918,5.96999979019165,5.869999885559082,5.960000038146973,140310308
2025-07-29,600028.SS,5.676900386810303,5.900000095367432,5.929999828338623,5.860000133514404,5.869999885559082,100202208
2025-07-30,600028.SS,5.782741069793701,6.010000228881836,6.050000190734863,5.909999847412109,5.920000076293945,156049278
2025-07-31,600028.SS,5.782741069793701,6.010000228881836,6.059999942779541,5.900000095367432,6.039999961853027,182390721
2025-08-01,600028.SS,5.474841117858887,5.690000057220459,5.929999828338623,5.670000076293945,5.909999847412109,408484171
2025-08-04,600028.SS,5.43635368347168,5.650000095367432,5.670000076293945,5.599999904632568,5.659999847412109,166090318
2025-08-05,600028.SS,5.49408483505249,5.710000038146973,5.71999979019165,5.650000095367432,5.650000095367432,123519813
2025-08-06,600028.SS,5.49408483505249,5.710000038146973,5.730000019073486,5.679999828338623,5.699999809265137,99592089
2025-08-07,600028.SS,5.513328552246094,5.730000019073486,5.739999771118164,5.679999828338623,5.710000038146973,108643433
2025-08-08,600028.SS,5.522950172424316,5.739999771118164,5.789999961853027,5.710000038146973,5.71999979019165,99553893
2025-08-11,600028.SS,5.465219497680664,5.679999828338623,5.760000228881836,5.679999828338623,5.739999771118164,121133853
2025-08-12,600028.SS,5.542194366455078,5.760000228881836,5.789999961853027,5.679999828338623,5.679999828338623,152238050
2025-08-13,600028.SS,5.503706455230713,5.71999979019165,5.769999980926514,5.710000038146973,5.739999771118164,103922284
2025-08-14,600028.SS,5.474841117858887,5.690000057220459,5.760000228881836,5.679999828338623,5.730000019073486,101427356
2025-08-15,600028.SS,5.465219497680664,5.679999828338623,5.699999809265137,5.650000095367432,5.690000057220459,131995669
2025-08-18,600028.SS,5.465219497680664,5.679999828338623,5.710000038146973,5.670000076293945,5.690000057220459,138623096
2025-08-19,600028.SS,5.455597400665283,5.670000076293945,5.690000057220459,5.659999847412109,5.690000057220459,90513095
2025-08-20,600028.SS,5.503706455230713,5.71999979019165,5.730000019073486,5.639999866485596,5.670000076293945,142599355
2025-08-21,600028.SS,5.638412952423096,5.860000133514404,5.869999885559082,5.710000038146973,5.71999979019165,292798362
2025-08-22,600028.SS,5.609547138214111,5.829999923706055,5.860000133514404,5.760000228881836,5.829999923706055,191226250
2025-08-25,600028.SS,5.619169235229492,5.840000152587891,5.860000133514404,5.789999961853027,5.829999923706055,169773327
2025-08-26,600028.SS,5.599925518035889,5.820000171661377,5.880000114440918,5.800000190734863,5.840000152587891,153399090
2025-08-27,600028.SS,5.522950172424316,5.739999771118164,5.849999904632568,5.739999771118164,5.809999942779541,157792419
2025-08-28,600028.SS,5.542194366455078,5.760000228881836,5.789999961853027,5.710000038146973,5.739999771118164,143979566
2025-08-29,600028.SS,5.49408483505249,5.710000038146973,5.840000152587891,5.699999809265137,5.760000228881836,246667876
2025-09-01,600028.SS,5.484462738037109,5.699999809265137,5.739999771118164,5.659999847412109,5.71999979019165,138788059
2025-09-02,600028.SS,5.590303421020508,5.809999942779541,5.820000171661377,5.699999809265137,5.699999809265137,276373767
2025-09-03,600028.SS,5.532572269439697,5.75,5.840000152587891,5.730000019073486,5.820000171661377,156482298
2025-09-04,600028.SS,5.561438083648682,5.78000020980835,5.829999923706055,5.630000114440918,5.730000019073486,305151177
2025-09-05,600028.SS,5.474841117858887,5.690000057220459,5.769999980926514,5.659999847412109,5.739999771118164,182491077
2025-09-08,600028.SS,5.465219497680664,5.679999828338623,5.739999771118164,5.659999847412109,5.679999828338623,143184583
2025-09-09,600028.SS,5.445975303649902,5.659999847412109,5.71999979019165,5.639999866485596,5.699999809265137,146317778
2025-09-10,600028.SS,5.397866249084473,5.610000133514404,5.670000076293945,5.610000133514404,5.670000076293945,184706200
2025-09-11,600028.SS,5.417110443115234,5.630000114440918,5.639999866485596,5.550000190734863,5.619999885559082,218933622
2025-09-12,600028.SS,5.405380725860596,5.53000020980835,5.579999923706055,5.519999980926514,5.550000190734863,161464842
2025-09-15,600028.SS,5.395605564117432,5.519999980926514,5.550000190734863,5.489999771118164,5.53000020980835,145637667
2025-09-16,600028.SS,5.356507301330566,5.480000019073486,5.539999961853027,5.460000038146973,5.519999980926514,140601668
2025-09-17,600028.SS,5.366281509399414,5.489999771118164,5.489999771118164,5.429999828338623,5.489999771118164,151049951
2025-09-18,600028.SS,5.2783098220825195,5.400000095367432,5.489999771118164,5.389999866485596,5.480000019073486,162547874
2025-09-19,600028.SS,5.239211559295654,5.360000133514404,5.400000095367432,5.349999904632568,5.389999866485596,130703814
2025-09-22,600028.SS,5.200112819671631,5.320000171661377,5.369999885559082,5.309999942779541,5.360000133514404,111487658
2025-09-23,600028.SS,5.239211559295654,5.360000133514404,5.380000114440918,5.269999980926514,5.320000171661377,142495821
2025-09-24,600028.SS,5.239211559295654,5.360000133514404,5.409999847412109,5.329999923706055,5.360000133514404,113385423
2025-09-25,600028.SS,5.22943639755249,5.349999904632568,5.369999885559082,5.320000171661377,5.360000133514404,89457561
2025-09-26,600028.SS,5.22943639755249,5.349999904632568,5.369999885559082,5.329999923706055,5.360000133514404,89379004
2025-09-29,600028.SS,5.190338134765625,5.309999942779541,5.360000133514404,5.269999980926514,5.349999904632568,156882328
2025-09-30,600028.SS,5.170788764953613,5.289999961853027,5.309999942779541,5.28000020980835,5.300000190734863,82918170
2025-10-09,600028.SS,5.239211559295654,5.360000133514404,5.369999885559082,5.269999980926514,5.289999961853027,146386033
2025-10-10,600028.SS,5.248985767364502,5.369999885559082,5.400000095367432,5.329999923706055,5.340000152587891,128243490
2025-10-13,600028.SS,5.239211559295654,5.360000133514404,5.400000095367432,5.269999980926514,5.300000190734863,200336859
2025-10-14,600028.SS,5.297859191894531,5.420000076293945,5.420000076293945,5.329999923706055,5.360000133514404,176925560
2025-10-15,600028.SS,5.268535137176514,5.389999866485596,5.440000057220459,5.369999885559082,5.409999847412109,130582345
2025-10-16,600028.SS,5.327182769775391,5.449999809265137,5.460000038146973,5.380000114440918,5.389999866485596,152596050
2025-10-17,600028.SS,5.288084506988525,5.409999847412109,5.489999771118164,5.409999847412109,5.440000057220459,151270475
2025-10-20,600028.SS,5.346732139587402,5.46999979019165,5.480000019073486,5.369999885559082,5.429999828338623,143991941
2025-10-21,600028.SS,5.336957931518555,5.460000038146973,5.489999771118164,5.440000057220459,5.46999979019165,130529214
2025-10-22,600028.SS,5.37605619430542,5.5,5.510000228881836,5.449999809265137,5.460000038146973,137824252
2025-10-23,600028.SS,5.434704303741455,5.559999942779541,5.570000171661377,5.5,5.5,165957002
2025-10-24,600028.SS,5.415154933929443,5.539999961853027,5.579999923706055,5.510000228881836,5.579999923706055,127615562
2025-10-27,600028.SS,5.454253673553467,5.579999923706055,5.630000114440918,5.5,5.519999980926514,173741909
2025-10-28,600028.SS,5.434704303741455,5.559999942779541,5.599999904632568,5.539999961853027,5.579999923706055,110553485
2025-10-29,600028.SS,5.395605564117432,5.519999980926514,5.559999942779541,5.510000228881836,5.559999942779541,91682050
2025-10-30,600028.SS,5.405380725860596,5.53000020980835,5.579999923706055,5.510000228881836,5.53000020980835,126537344
2025-10-31,600028.SS,5.346732139587402,5.46999979019165,5.53000020980835,5.429999828338623,5.53000020980835,182383232
2025-11-03,600028.SS,5.444478988647461,5.570000171661377,5.590000152587891,5.46999979019165,5.46999979019165,183279445
2025-11-04,600028.SS,5.454253673553467,5.579999923706055,5.619999885559082,5.559999942779541,5.579999923706055,164460085
2025-11-05,600028.SS,5.424929618835449,5.550000190734863,5.579999923706055,5.53000020980835,5.570000171661377,97329478
2025-11-06,600028.SS,5.424929618835449,5.550000190734863,5.599999904632568,5.519999980926514,5.539999961853027,108510670
2025-11-07,600028.SS,5.483577728271484,5.610000133514404,5.630000114440918,5.550000190734863,5.559999942779541,150263959
2025-11-10,600028.SS,5.5324506759643555,5.659999847412109,5.679999828338623,5.610000133514404,5.619999885559082,134139159
2025-11-11,600028.SS,5.542225360870361,5.670000076293945,5.690000057220459,5.630000114440918,5.670000076293945,108928811
2025-11-12,600028.SS,5.581324100494385,5.710000038146973,5.739999771118164,5.679999828338623,5.699999809265137,133576020
2025-11-13,600028.SS,5.552000045776367,5.679999828338623,5.710000038146973,5.630000114440918,5.679999828338623,131356815
2025-11-14,600028.SS,5.581324100494385,5.710000038146973,5.739999771118164,5.679999828338623,5.690000057220459,121113729
2025-11-17,600028.SS,5.649746894836426,5.78000020980835,5.800000190734863,5.699999809265137,5.75,193460629
2025-11-18,600028.SS,5.669295787811279,5.800000190734863,5.829999923706055,5.760000228881836,5.769999980926514,140084961
2025-11-19,600028.SS,5.913662433624268,6.050000190734863,6.090000152587891,5.789999961853027,5.809999942779541,429601127
2025-11-20,600028.SS,5.913662433624268,6.050000190734863,6.139999866485596,6.0,6.0,274194915
2025-11-21,600028.SS,5.8354644775390625,5.96999979019165,6.090000152587891,5.929999828338623,6.050000190734863,257512756
2025-11-24,600028.SS,5.708394527435303,5.840000152587891,6.03000020980835,5.800000190734863,5.989999771118164,199472491
2025-11-25,600028.SS,5.669295787811279,5.800000190734863,5.849999904632568,5.730000019073486,5.849999904632568,151352155
2025-11-26,600028.SS,5.610647678375244,5.739999771118164,5.849999904632568,5.71999979019165,5.800000190734863,122869360
2025-11-27,600028.SS,5.679070472717285,5.809999942779541,5.860000133514404,5.679999828338623,5.730000019073486,136740814
2025-11-28,600028.SS,5.649746894836426,5.78000020980835,5.809999942779541,5.739999771118164,5.800000190734863,100999151
2025-12-01,600028.SS,5.71816873550415,5.849999904632568,5.860000133514404,5.760000228881836,5.769999980926514,120924541
2025-12-02,600028.SS,5.845239639282227,5.980000019073486,6.0,5.829999923706055,5.849999904632568,152403042
2025-12-03,600028.SS,5.815915107727051,5.949999809265137,5.980000019073486,5.880000114440918,5.940000057220459,100927939
2025-12-04,600028.SS,5.8354644775390625,5.96999979019165,6.019999980926514,5.929999828338623,5.960000038146973,104172093
2025-12-05,600028.SS,5.825690269470215,5.960000038146973,6.019999980926514,5.920000076293945,5.96999979019165,120227847
2025-12-08,600028.SS,5.825690269470215,5.960000038146973,6.010000228881836,5.900000095367432,5.960000038146973,111802746
2025-12-09,600028.SS,5.796366214752197,5.929999828338623,5.96999979019165,5.880000114440918,5.960000038146973,108641752
2025-12-10,600028.SS,5.7279438972473145,5.860000133514404,5.929999828338623,5.840000152587891,5.909999847412109,93054792
2025-12-11,600028.SS,5.688845157623291,5.820000171661377,5.880000114440918,5.75,5.869999885559082,108980748
2025-12-12,600028.SS,5.649746894836426,5.78000020980835,5.800000190734863,5.730000019073486,5.800000190734863,150497848
2025-12-15,600028.SS,5.669295787811279,5.800000190734863,5.829999923706055,5.71999979019165,5.75,96384106
2025-12-16,600028.SS,5.688845157623291,5.820000171661377,5.840000152587891,5.679999828338623,5.789999961853027,143645310
2025-12-17,600028.SS,5.708394527435303,5.840000152587891,5.900000095367432,5.78000020980835,5.809999942779541,118090855
2025-12-18,600028.SS,5.796366214752197,5.929999828338623,5.96999979019165,5.820000171661377,5.880000114440918,112933112
2025-12-19,600028.SS,5.757267475128174,5.889999866485596,5.96999979019165,5.869999885559082,5.929999828338623,117270430
2025-12-22,600028.SS,5.737718105316162,5.869999885559082,5.909999847412109,5.829999923706055,5.900000095367432,119801100
2025-12-23,600028.SS,5.786591529846191,5.920000076293945,5.949999809265137,5.829999923706055,5.869999885559082,147848032
2025-12-24,600028.SS,5.7768168449401855,5.909999847412109,5.949999809265137,5.849999904632568,5.900000095367432,135937828
2025-12-25,600028.SS,5.71816873550415,5.849999904632568,5.940000057220459,5.829999923706055,5.909999847412109,83280693
2025-12-26,600028.SS,5.659521102905273,5.789999961853027,5.860000133514404,5.78000020980835,5.849999904632568,97182466
2025-12-29,600028.SS,5.864789009094238,6.0,6.039999961853027,5.769999980926514,5.789999961853027,233593838
2025-12-30,600028.SS,6.021183013916016,6.159999847412109,6.239999771118164,5.960000038146973,5.989999771118164,268997203
2025-12-31,600028.SS,6.040732383728027,6.179999828338623,6.25,6.139999866485596,6.159999847412109,158487987
2026-01-05,600028.SS,5.952760696411133,6.090000152587891,6.25,5.980000019073486,6.199999809265137,222368832
2026-01-06,600028.SS,6.040732383728027,6.179999828338623,6.21999979019165,6.010000228881836,6.099999904632568,173076403
2026-01-07,600028.SS,5.962535381317139,6.099999904632568,6.190000057220459,6.070000171661377,6.139999866485596,142285977
2026-01-08,600028.SS,5.933211326599121,6.070000171661377,6.130000114440918,6.019999980926514,6.119999885559082,106491135
2026-01-09,600028.SS,6.021183013916016,6.159999847412109,6.679999828338623,6.099999904632568,6.679999828338623,689393530
2026-01-12,600028.SS,5.8354644775390625,5.96999979019165,6.099999904632568,5.900000095367432,6.099999904632568,426677033
2026-01-13,600028.SS,5.8354644775390625,5.96999979019165,6.019999980926514,5.929999828338623,5.949999809265137,250550702
2026-01-14,600028.SS,5.8354644775390625,5.96999979019165,6.019999980926514,5.929999828338623,5.96999979019165,252427837
2026-01-15,600028.SS,5.815915107727051,5.949999809265137,6.010000228881836,5.920000076293945,5.940000057220459,186817390
2026-01-16,600028.SS,5.708394527435303,5.840000152587891,5.949999809265137,5.820000171661377,5.929999828338623,216419112
2026-01-19,600028.SS,5.796366214752197,5.929999828338623,5.940000057220459,5.800000190734863,5.820000171661377,194248992
2026-01-20,600028.SS,5.874563694000244,6.010000228881836,6.050000190734863,5.900000095367432,5.920000076293945,227966061
2026-01-21,600028.SS,5.825690269470215,5.960000038146973,6.03000020980835,5.929999828338623,6.019999980926514,204694995
2026-01-22,600028.SS,6.070056438446045,6.210000038146973,6.21999979019165,5.96999979019165,5.980000019073486,449046105
2026-01-23,600028.SS,6.011408805847168,6.150000095367432,6.28000020980835,6.110000133514404,6.210000038146973,258408858
2026-01-26,600028.SS,6.236225605010986,6.380000114440918,6.46999979019165,6.170000076293945,6.179999828338623,432197509
2026-01-27,600028.SS,6.226450443267822,6.369999885559082,6.519999980926514,6.340000152587891,6.389999866485596,262942713
2026-01-28,600028.SS,6.255774974822998,6.400000095367432,6.579999923706055,6.349999904632568,6.429999828338623,484459904
2026-01-29,600028.SS,6.294873237609863,6.440000057220459,6.519999980926514,6.289999961853027,6.449999809265137,441549534
2026-01-30,600028.SS,6.363296031951904,6.510000228881836,6.590000152587891,6.360000133514404,6.449999809265137,307410985
2026-02-02,600028.SS,6.236225605010986,6.380000114440918,6.570000171661377,6.309999942779541,6.400000095367432,287400006
2026-02-03,600028.SS,6.158028602600098,6.300000190734863,6.389999866485596,6.230000019073486,6.369999885559082,200208026
2026-02-04,600028.SS,6.353521347045898,6.5,6.539999961853027,6.309999942779541,6.349999904632568,244684603
2026-02-05,600028.SS,6.255774974822998,6.400000095367432,6.570000171661377,6.309999942779541,6.510000228881836,216957947
2026-02-06,600028.SS,6.353521347045898,6.5,6.519999980926514,6.300000190734863,6.300000190734863,221068123
2026-02-09,600028.SS,6.353521347045898,6.5,6.579999923706055,6.449999809265137,6.5,162428940
2026-02-10,600028.SS,6.314422607421875,6.460000038146973,6.550000190734863,6.440000057220459,6.510000228881836,164065582
2026-02-11,600028.SS,6.392619609832764,6.539999961853027,6.550000190734863,6.400000095367432,6.46999979019165,166308498
2026-02-12,600028.SS,6.451267719268799,6.599999904632568,6.679999828338623,6.489999771118164,6.53000020980835,186121497
2026-02-13,600028.SS,6.226450443267822,6.369999885559082,6.550000190734863,6.340000152587891,6.53000020980835,231888770
2026-02-24,600028.SS,6.431718349456787,6.579999923706055,6.639999866485596,6.46999979019165,6.46999979019165,237543720
2026-02-25,600028.SS,6.373070240020752,6.519999980926514,6.699999809265137,6.5,6.570000171661377,238166297
2026-02-26,600028.SS,6.343746185302734,6.489999771118164,6.570000171661377,6.460000038146973,6.5,135474175
2026-02-27,600028.SS,6.314422607421875,6.460000038146973,6.53000020980835,6.429999828338623,6.5,105662274
2026-03-02,600028.SS,6.949774742126465,7.110000133514404,7.110000133514404,6.550000190734863,6.800000190734863,1088572035
2026-03-03,600028.SS,7.64377498626709,7.820000171661377,7.820000171661377,7.150000095367432,7.150000095367432,1502438208
2026-03-04,600028.SS,7.233239650726318,7.400000095367432,8.109999656677246,7.039999961853027,8.100000381469727,1233814563
2026-03-05,600028.SS,6.871577739715576,7.03000020980835,7.300000190734863,6.860000133514404,7.25,764715992
2026-03-06,600028.SS,6.7249579429626465,6.880000114440918,7.0,6.739999771118164,6.940000057220459,575186405
2026-03-09,600028.SS,6.842253684997559,7.0,7.449999809265137,6.940000057220459,7.449999809265137,1077922429
2026-03-10,600028.SS,6.412168979644775,6.559999942779541,6.619999885559082,6.46999979019165,6.5,642551270
2026-03-11,600028.SS,6.363296031951904,6.510000228881836,6.539999961853027,6.400000095367432,6.5,460143279
2026-03-12,600028.SS,6.314422607421875,6.460000038146973,6.590000152587891,6.429999828338623,6.559999942779541,490966843
2026-03-13,600028.SS,6.187352180480957,6.329999923706055,6.510000228881836,6.309999942779541,6.489999771118164,475963392
2026-03-16,600028.SS,6.187352180480957,6.329999923706055,6.409999847412109,6.309999942779541,6.349999904632568,286421510
2026-03-17,600028.SS,6.109155178070068,6.25,6.300000190734863,6.210000038146973,6.300000190734863,316249240
2026-03-18,600028.SS,5.982084274291992,6.119999885559082,6.21999979019165,6.050000190734863,6.21999979019165,313834473
2026-03-19,600028.SS,6.138479232788086,6.28000020980835,6.289999961853027,6.179999828338623,6.210000038146973,411549740
2026-03-20,600028.SS,5.942986011505127,6.079999923706055,6.179999828338623,6.050000190734863,6.179999828338623,289769841
2026-03-23,600028.SS,5.9038872718811035,6.039999961853027,6.110000133514404,5.929999828338623,6.079999923706055,337341359
2026-03-24,600028.SS,5.806140899658203,5.940000057220459,5.949999809265137,5.860000133514404,5.940000057220459,256982236
2026-03-25,600028.SS,5.786591529846191,5.920000076293945,5.920000076293945,5.789999961853027,5.869999885559082,253393162
2026-03-26,600028.SS,5.747493267059326,5.880000114440918,5.940000057220459,5.849999904632568,5.889999866485596,220019751
2026-03-27,600028.SS,5.76704216003418,5.900000095367432,5.909999847412109,5.840000152587891,5.869999885559082,192807151
2026-03-30,600028.SS,5.8354644775390625,5.96999979019165,5.989999771118164,5.909999847412109,5.929999828338623,207317133
2026-03-31,600028.SS,5.747493267059326,5.880000114440918,6.010000228881836,5.880000114440918,5.960000038146973,173574560
2026-04-01,600028.SS,5.757267475128174,5.889999866485596,5.929999828338623,5.849999904632568,5.880000114440918,168739314
2026-04-02,600028.SS,5.815915107727051,5.949999809265137,5.960000038146973,5.869999885559082,5.880000114440918,205126115
2026-04-03,600028.SS,5.7279438972473145,5.860000133514404,5.949999809265137,5.829999923706055,5.949999809265137,158440474
2026-04-07,600028.SS,5.7768168449401855,5.909999847412109,5.920000076293945,5.789999961853027,5.849999904632568,158303366
2026-04-08,600028.SS,5.757267475128174,5.889999866485596,5.900000095367432,5.760000228881836,5.800000190734863,226362872
2026-04-09,600028.SS,5.708394527435303,5.840000152587891,5.940000057220459,5.820000171661377,5.889999866485596,167923809
2026-04-10,600028.SS,5.679070472717285,5.809999942779541,5.840000152587891,5.809999942779541,5.829999923706055,129726922
2026-04-13,600028.SS,5.698619842529297,5.829999923706055,5.860000133514404,5.769999980926514,5.849999904632568,174104992
2026-04-14,600028.SS,5.649746894836426,5.78000020980835,5.809999942779541,5.760000228881836,5.800000190734863,135035700
2026-04-15,600028.SS,5.561774730682373,5.690000057220459,5.769999980926514,5.679999828338623,5.760000228881836,187819522
2026-04-16,600028.SS,5.5324506759643555,5.659999847412109,5.679999828338623,5.639999866485596,5.670000076293945,149625383
2026-04-17,600028.SS,5.434704303741455,5.559999942779541,5.670000076293945,5.559999942779541,5.670000076293945,215457573
2026-04-20,600028.SS,5.405380725860596,5.53000020980835,5.590000152587891,5.53000020980835,5.570000171661377,235206731
2026-04-21,600028.SS,5.37605619430542,5.5,5.539999961853027,5.489999771118164,5.53000020980835,192409012
2026-04-22,600028.SS,5.317408561706543,5.440000057220459,5.510000228881836,5.420000076293945,5.510000228881836,241656108
2026-04-23,600028.SS,5.327182769775391,5.449999809265137,5.489999771118164,5.400000095367432,5.440000057220459,352446641
2026-04-24,600028.SS,5.268535137176514,5.389999866485596,5.440000057220459,5.349999904632568,5.429999828338623,235104306
2026-04-27,600028.SS,5.219662189483643,5.340000152587891,5.409999847412109,5.329999923706055,5.380000114440918,210444073
2026-04-28,600028.SS,5.22943639755249,5.349999904632568,5.380000114440918,5.269999980926514,5.340000152587891,342619735
2026-04-29,600028.SS,5.297859191894531,5.420000076293945,5.5,5.349999904632568,5.400000095367432,773519174
2026-04-30,600028.SS,5.268535137176514,5.389999866485596,5.429999828338623,5.369999885559082,5.400000095367432,324654878
2026-05-06,600028.SS,5.248985767364502,5.369999885559082,5.389999866485596,5.320000171661377,5.380000114440918,338119374
2026-05-07,600028.SS,5.151239395141602,5.269999980926514,5.349999904632568,5.269999980926514,5.340000152587891,355619036
2026-05-08,600028.SS,5.102365970611572,5.21999979019165,5.300000190734863,5.210000038146973,5.289999961853027,344056050
2026-05-11,600028.SS,5.092591762542725,5.210000038146973,5.230000019073486,5.179999828338623,5.230000019073486,332002849
2026-05-12,600028.SS,5.0828166007995605,5.199999809265137,5.230000019073486,5.179999828338623,5.21999979019165,269596062
2026-05-13,600028.SS,5.053493022918701,5.170000076293945,5.210000038146973,5.159999847412109,5.199999809265137,238102142
2026-05-14,600028.SS,5.0339436531066895,5.150000095367432,5.199999809265137,5.119999885559082,5.179999828338623,334049992
2026-05-15,600028.SS,5.014394283294678,5.130000114440918,5.170000076293945,5.090000152587891,5.130000114440918,281343121
2026-05-18,600028.SS,5.024168968200684,5.139999866485596,5.150000095367432,5.090000152587891,5.130000114440918,194092929
2026-05-19,600028.SS,5.014394283294678,5.130000114440918,5.150000095367432,5.099999904632568,5.119999885559082,169852526
2026-05-20,600028.SS,4.98507022857666,5.099999904632568,5.150000095367432,5.090000152587891,5.130000114440918,179544457
2026-05-21,600028.SS,4.916647911071777,5.03000020980835,5.099999904632568,5.019999980926514,5.079999923706055,252628684
2026-05-22,600028.SS,4.8482255935668945,4.960000038146973,5.039999961853027,4.949999809265137,5.019999980926514,261236996
2026-05-25,600028.SS,4.809126853942871,4.920000076293945,4.989999771118164,4.920000076293945,4.960000038146973,200977587
2026-05-26,600028.SS,4.760253429412842,4.869999885559082,4.940000057220459,4.849999904632568,4.920000076293945,324307826
2026-05-27,600028.SS,4.721154689788818,4.829999923706055,4.860000133514404,4.730000019073486,4.860000133514404,372564289
2026-05-28,600028.SS,4.701605796813965,4.809999942779541,4.900000095367432,4.78000020980835,4.78000020980835,281068738
2026-05-29,600028.SS,4.74070405960083,4.849999904632568,4.860000133514404,4.78000020980835,4.800000190734863,330665790
2026-06-01,600028.SS,4.760253429412842,4.869999885559082,4.889999866485596,4.800000190734863,4.840000152587891,349235315
2026-06-02,600028.SS,4.711380481719971,4.820000171661377,4.949999809265137,4.800000190734863,4.880000114440918,401250379
2026-06-03,600028.SS,4.750479221343994,4.860000133514404,4.880000114440918,4.769999980926514,4.829999923706055,346648076
2026-06-04,600028.SS,4.711380481719971,4.820000171661377,4.889999866485596,4.820000171661377,4.840000152587891,233299145
2026-06-05,600028.SS,4.7798027992248535,4.889999866485596,4.960000038146973,4.809999942779541,4.820000171661377,379646390
2026-06-08,600028.SS,4.789577484130859,4.900000095367432,4.940000057220459,4.840000152587891,4.880000114440918,317616439
2026-06-09,600028.SS,4.682056427001953,4.789999961853027,4.880000114440918,4.769999980926514,4.869999885559082,309485500
2026-06-10,600028.SS,4.672281742095947,4.78000020980835,4.800000190734863,4.75,4.769999980926514,175138166
2026-06-11,600028.SS,4.682056427001953,4.789999961853027,4.820000171661377,4.730000019073486,4.78000020980835,206587205
2026-06-12,600028.SS,4.828676223754883,4.940000057220459,4.949999809265137,4.760000228881836,4.769999980926514,488059055
2026-06-15,600028.SS,4.877549171447754,4.989999771118164,5.050000190734863,4.940000057220459,4.949999809265137,395302487
2026-06-16,600028.SS,4.857999801635742,4.96999979019165,5.03000020980835,4.949999809265137,5.019999980926514,244451092
2026-06-17,600028.SS,4.849999904632568,4.849999904632568,4.909999847412109,4.829999923706055,4.880000114440918,219632559
2026-06-18,600028.SS,4.710000038146973,4.710000038146973,4.849999904632568,4.710000038146973,4.849999904632568,232692301
2026-06-22,600028.SS,4.769999980926514,4.769999980926514,4.800000190734863,4.639999866485596,4.710000038146973,258218830
2026-06-23,600028.SS,4.730000019073486,4.730000019073486,4.900000095367432,4.71999979019165,4.75,298852063
2026-06-24,600028.SS,4.659999847412109,4.659999847412109,4.75,4.650000095367432,4.739999771118164,248041548
2026-06-25,600028.SS,4.550000190734863,4.550000190734863,4.659999847412109,4.53000020980835,4.659999847412109,274687353
2026-06-26,600028.SS,4.519999980926514,4.519999980926514,4.590000152587891,4.449999809265137,4.579999923706055,270682708
2026-06-29,600028.SS,4.610000133514404,4.610000133514404,4.610000133514404,4.429999828338623,4.519999980926514,263734455
2026-06-30,600028.SS,4.460000038146973,4.460000038146973,4.590000152587891,4.449999809265137,4.579999923706055,260381301
2026-07-01,600028.SS,4.539999961853027,4.539999961853027,4.570000171661377,4.429999828338623,4.460000038146973,252559415
2026-07-02,600028.SS,4.599999904632568,4.599999904632568,4.639999866485596,4.519999980926514,4.539999961853027,245305877
2026-07-03,600028.SS,4.699999809265137,4.699999809265137,4.730000019073486,4.610000133514404,4.619999885559082,292211983
2026-07-06,600028.SS,4.820000171661377,4.820000171661377,4.840000152587891,4.670000076293945,4.699999809265137,290675604
2026-07-07,600028.SS,4.800000190734863,4.800000190734863,4.820000171661377,4.690000057220459,4.820000171661377,246031355
2026-07-08,600028.SS,4.829999923706055,4.829999923706055,4.880000114440918,4.760000228881836,4.800000190734863,245572589
2026-07-09,600028.SS,4.809999942779541,4.809999942779541,4.869999885559082,4.769999980926514,4.829999923706055,217152171
2026-07-10,600028.SS,4.760000228881836,4.760000228881836,4.769999980926514,4.699999809265137,4.760000228881836,228977560
2026-07-13,600028.SS,4.880000114440918,4.880000114440918,4.889999866485596,4.78000020980835,4.809999942779541,356308031
2026-07-14,600028.SS,5.03000020980835,5.03000020980835,5.039999961853027,4.889999866485596,4.909999847412109,427350273
2026-07-15,600028.SS,5.03000020980835,5.03000020980835,5.050000190734863,4.949999809265137,4.989999771118164,283080206
2026-07-16,600028.SS,4.989999771118164,4.989999771118164,5.070000171661377,4.949999809265137,5.019999980926514,222629202
2026-07-17,600028.SS,5.03000020980835,5.03000020980835,5.070000171661377,4.96999979019165,4.989999771118164,341598170
2026-07-20,600028.SS,5.239999771118164,5.239999771118164,5.239999771118164,5.039999961853027,5.050000190734863,535881242
2026-07-21,600028.SS,5.119999885559082,5.119999885559082,5.21999979019165,5.090000152587891,5.190000057220459,402613887
2026-07-22,600028.SS,5.179999828338623,5.179999828338623,5.179999828338623,5.070000171661377,5.150000095367432,311850530
2026-07-23,600028.SS,5.190000057220459,5.190000057220459,5.230000019073486,5.159999847412109,5.179999828338623,238346132
2026-07-24,600028.SS,5.190000057220459,5.190000057220459,5.28000020980835,5.150000095367432,5.25,264841412
2026-07-27,600028.SS,5.150000095367432,5.150000095367432,5.179999828338623,5.090000152587891,5.130000114440918,216504657
2026-07-28,600028.SS,5.179999828338623,5.179999828338623,5.179999828338623,5.059999942779541,5.139999866485596,246230095
2026-07-29,600028.SS,5.170000076293945,5.170000076293945,5.210000038146973,5.159999847412109,5.210000038146973,210707162
2026-07-30,600028.SS,5.269999980926514,5.269999980926514,5.269999980926514,5.179999828338623,5.190000057220459,294092497
2026-07-31,600028.SS,5.260000228881836,5.260000228881836,5.289999961853027,5.179999828338623,5.210000038146973,264359697
2026-08-03,600028.SS,5.28000020980835,5.28000020980835,5.329999923706055,5.230000019073486,5.239999771118164,218410335
2026-08-04,600028.SS,5.099999904632568,5.099999904632568,5.269999980926514,5.079999923706055,5.260000228881836,333248951
2026-08-05,600028.SS,4.980000019073486,4.980000019073486,5.090000152587891,4.96999979019165,5.079999923706055,306251722
2026-08-06,600028.SS,5.079999923706055,5.079999923706055,5.090000152587891,4.989999771118164,4.989999771118164,271999130
2026-08-07,600028.SS,5.099999904632568,5.099999904632568,5.139999866485596,5.059999942779541,5.079999923706055,186486283
2026-08-10,600028.SS,5.119999885559082,5.119999885559082,5.170000076293945,5.079999923706055,5.090000152587891,206886576
2026-08-11,600028.SS,5.110000133514404,5.110000133514404,5.210000038146973,5.099999904632568,5.150000095367432,217244656
2026-08-12,600028.SS,5.050000190734863,5.050000190734863,5.110000133514404,5.039999961853027,5.099999904632568,161407727
2026-08-13,600028.SS,4.989999771118164,4.989999771118164,5.050000190734863,4.96999979019165,5.03000020980835,199037292
2026-08-14,600028.SS,5.0,5.0,5.03000020980835,4.940000057220459,4.980000019073486,159494678
2026-08-17,600028.SS,5.010000228881836,5.010000228881836,5.03000020980835,4.980000019073486,5.0,137185321
2026-08-18,600028.SS,5.059999942779541,5.059999942779541,5.079999923706055,5.010000228881836,5.03000020980835,160247048
2026-08-19,600028.SS,5.159999847412109,5.159999847412109,5.159999847412109,5.059999942779541,5.070000171661377,321963309
2026-08-20,600028.SS,5.139999866485596,5.139999866485596,5.199999809265137,5.079999923706055,5.139999866485596,189380233
2026-08-21,600028.SS,5.099999904632568,5.099999904632568,5.190000057220459,5.070000171661377,5.139999866485596,210261034
2026-08-24,600028.SS,5.329999923706055,5.329999923706055,5.349999904632568,5.099999904632568,5.110000133514404,599811731
2026-08-25,600028.SS,5.360000133514404,5.360000133514404,5.400000095367432,5.309999942779541,5.329999923706055,302568623
2026-08-26,600028.SS,5.329999923706055,5.329999923706055,5.360000133514404,5.269999980926514,5.289999961853027,230457388
2026-08-27,600028.SS,5.289999961853027,5.289999961853027,5.349999904632568,5.25,5.329999923706055,169067566
2026-08-28,600028.SS,5.460000038146973,5.460000038146973,5.480000019073486,5.289999961853027,5.300000190734863,323849255
2026-08-31,600028.SS,5.460000038146973,5.460000038146973,5.5,5.409999847412109,5.489999771118164,234604804
2026-09-01,600028.SS,5.519999980926514,5.519999980926514,5.550000190734863,5.420000076293945,5.449999809265137,248196642
2026-09-02,600028.SS,5.429999828338623,5.429999828338623,5.619999885559082,5.429999828338623,5.559999942779541,238586606
