Date,Ticker,Adj Close,Close,High,Low,Open,Volume
2023-01-02,HAG.DE,22.23395347595215,22.950000762939453,23.0,22.25,22.299999237060547,85808
2023-01-03,HAG.DE,22.282392501831055,23.0,23.600000381469727,22.799999237060547,23.0,154055
2023-01-04,HAG.DE,22.476152420043945,23.200000762939453,23.25,22.549999237060547,23.0,145493
2023-01-05,HAG.DE,22.040193557739258,22.75,23.950000762939453,22.700000762939453,23.100000381469727,147776
2023-01-06,HAG.DE,22.76679039001465,23.5,23.600000381469727,22.700000762939453,22.700000762939453,116736
2023-01-09,HAG.DE,22.815231323242188,23.549999237060547,23.899999618530273,23.149999618530273,23.549999237060547,157147
2023-01-10,HAG.DE,22.718353271484375,23.450000762939453,23.600000381469727,23.049999237060547,23.399999618530273,72374
2023-01-11,HAG.DE,21.94331169128418,22.649999618530273,23.5,22.600000381469727,23.5,196305
2023-01-12,HAG.DE,21.99175262451172,22.700000762939453,22.950000762939453,22.600000381469727,22.700000762939453,102933
2023-01-13,HAG.DE,21.99175262451172,22.700000762939453,23.049999237060547,22.600000381469727,22.649999618530273,84729
2023-01-16,HAG.DE,22.669912338256836,23.399999618530273,23.549999237060547,22.600000381469727,22.899999618530273,182162
2023-01-17,HAG.DE,23.396512985229492,24.149999618530273,24.299999237060547,23.549999237060547,23.549999237060547,255327
2023-01-18,HAG.DE,24.02623176574707,24.799999237060547,25.799999237060547,24.25,24.299999237060547,364850
2023-01-19,HAG.DE,24.99502944946289,25.799999237060547,25.799999237060547,24.700000762939453,24.700000762939453,194256
2023-01-20,HAG.DE,25.043472290039062,25.850000381469727,26.25,25.5,26.049999237060547,193254
2023-01-23,HAG.DE,25.043472290039062,25.850000381469727,26.25,25.75,25.850000381469727,132459
2023-01-24,HAG.DE,25.334110260009766,26.149999618530273,26.25,25.549999237060547,25.899999618530273,112841
2023-01-25,HAG.DE,25.28567123413086,26.100000381469727,26.950000762939453,26.0,26.5,201969
2023-01-26,HAG.DE,26.06070899963379,26.899999618530273,27.149999618530273,26.149999618530273,26.200000762939453,238396
2023-01-27,HAG.DE,25.963830947875977,26.799999237060547,27.200000762939453,26.5,27.0,120588
2023-01-30,HAG.DE,25.721630096435547,26.549999237060547,27.0,26.299999237060547,26.700000762939453,117675
2023-01-31,HAG.DE,25.770071029663086,26.600000381469727,26.850000381469727,26.25,26.5,175350
2023-02-01,HAG.DE,26.06070899963379,26.899999618530273,27.299999237060547,26.600000381469727,26.600000381469727,158972
2023-02-02,HAG.DE,26.10915184020996,26.950000762939453,27.299999237060547,26.600000381469727,27.049999237060547,150748
2023-02-03,HAG.DE,26.10915184020996,26.950000762939453,27.0,26.5,26.850000381469727,78436
2023-02-06,HAG.DE,26.012269973754883,26.850000381469727,27.049999237060547,26.549999237060547,26.850000381469727,70400
2023-02-07,HAG.DE,25.721630096435547,26.549999237060547,26.950000762939453,26.399999618530273,26.799999237060547,106045
2023-02-08,HAG.DE,26.06070899963379,26.899999618530273,27.25,26.700000762939453,26.75,130999
2023-02-09,HAG.DE,25.673189163208008,26.5,27.350000381469727,26.5,27.0,125471
2023-02-10,HAG.DE,26.206029891967773,27.049999237060547,27.100000381469727,26.450000762939453,26.450000762939453,142908
2023-02-13,HAG.DE,26.73887062072754,27.600000381469727,28.0,27.149999618530273,27.149999618530273,223243
2023-02-14,HAG.DE,26.73887062072754,27.600000381469727,28.0,27.25,27.700000762939453,120534
2023-02-15,HAG.DE,27.07794952392578,27.950000762939453,28.0,27.549999237060547,27.600000381469727,95159
2023-02-16,HAG.DE,27.271709442138672,28.149999618530273,28.25,27.700000762939453,28.0,147405
2023-02-17,HAG.DE,27.804550170898438,28.700000762939453,28.799999237060547,27.899999618530273,28.25,200460
2023-02-20,HAG.DE,27.804550170898438,28.700000762939453,29.450000762939453,28.600000381469727,28.950000762939453,282819
2023-02-21,HAG.DE,28.143630981445312,29.049999237060547,29.399999618530273,28.600000381469727,28.899999618530273,252125
2023-02-22,HAG.DE,27.75611114501953,28.649999618530273,29.850000381469727,28.350000381469727,29.299999237060547,241099
2023-02-23,HAG.DE,28.72490882873535,29.649999618530273,29.899999618530273,27.600000381469727,28.100000381469727,332779
2023-02-24,HAG.DE,29.548391342163086,30.5,30.850000381469727,29.700000762939453,29.700000762939453,432296
2023-02-27,HAG.DE,30.27499008178711,31.25,31.450000762939453,30.299999237060547,31.100000381469727,389044
2023-02-28,HAG.DE,29.83902931213379,30.799999237060547,32.0,30.75,31.399999618530273,338688
2023-03-01,HAG.DE,31.098464965820312,32.099998474121094,32.099998474121094,30.799999237060547,30.899999618530273,230899
2023-03-02,HAG.DE,31.728191375732422,32.75,32.75,31.649999618530273,32.099998474121094,234340
2023-03-03,HAG.DE,31.825069427490234,32.849998474121094,33.0,32.349998474121094,32.79999923706055,223483
2023-03-06,HAG.DE,32.60011291503906,33.650001525878906,34.0,32.79999923706055,33.099998474121094,481490
2023-03-07,HAG.DE,32.64854431152344,33.70000076293945,34.20000076293945,33.29999923706055,33.900001525878906,326308
2023-03-08,HAG.DE,32.551666259765625,33.599998474121094,34.0,32.79999923706055,33.5,287137
2023-03-09,HAG.DE,33.18138885498047,34.25,34.5,33.650001525878906,33.70000076293945,248366
2023-03-10,HAG.DE,33.32670974731445,34.400001525878906,34.400001525878906,33.54999923706055,34.04999923706055,305799
2023-03-13,HAG.DE,32.745426177978516,33.79999923706055,34.5,32.95000076293945,34.29999923706055,514331
2023-03-14,HAG.DE,34.779911041259766,35.900001525878906,36.0,33.54999923706055,34.04999923706055,385484
2023-03-15,HAG.DE,32.93918991088867,34.0,36.099998474121094,33.70000076293945,36.0,416205
2023-03-16,HAG.DE,32.93918991088867,34.0,35.04999923706055,32.75,34.79999923706055,376051
2023-03-17,HAG.DE,31.970386505126953,33.0,34.849998474121094,32.29999923706055,34.5,1136261
2023-03-20,HAG.DE,31.582866668701172,32.599998474121094,33.45000076293945,31.850000381469727,32.20000076293945,371831
2023-03-21,HAG.DE,31.728191375732422,32.75,33.20000076293945,31.950000762939453,32.900001525878906,215914
2023-03-22,HAG.DE,31.38911247253418,32.400001525878906,32.849998474121094,32.25,32.79999923706055,226561
2023-03-23,HAG.DE,32.79386520385742,33.849998474121094,34.25,32.150001525878906,32.400001525878906,291786
2023-03-24,HAG.DE,32.30946731567383,33.349998474121094,34.0,33.150001525878906,33.54999923706055,257619
2023-03-27,HAG.DE,32.98762893676758,34.04999923706055,34.150001525878906,33.45000076293945,33.70000076293945,137488
2023-03-28,HAG.DE,33.08450698852539,34.150001525878906,34.5,34.04999923706055,34.20000076293945,163428
2023-03-29,HAG.DE,32.45478820800781,33.5,34.25,33.150001525878906,34.20000076293945,169595
2023-03-30,HAG.DE,32.212589263916016,33.25,33.849998474121094,32.75,33.650001525878906,163938
2023-03-31,HAG.DE,32.164154052734375,33.20000076293945,33.75,33.04999923706055,33.04999923706055,167858
2023-04-03,HAG.DE,32.551666259765625,33.599998474121094,33.7400016784668,32.84000015258789,33.060001373291016,236659
2023-04-04,HAG.DE,32.319156646728516,33.36000061035156,33.84000015258789,33.13999938964844,33.7599983215332,208571
2023-04-05,HAG.DE,32.49353790283203,33.540000915527344,34.18000030517578,33.040000915527344,33.560001373291016,320420
2023-04-06,HAG.DE,32.93918991088867,34.0,34.15999984741211,33.2400016784668,33.2400016784668,374244
2023-04-11,HAG.DE,33.656105041503906,34.7400016784668,34.900001525878906,33.720001220703125,34.040000915527344,342271
2023-04-12,HAG.DE,32.551666259765625,33.599998474121094,35.0,33.220001220703125,34.959999084472656,344615
2023-04-13,HAG.DE,33.98549270629883,35.08000183105469,35.47999954223633,33.52000045776367,33.779998779296875,497639
2023-04-14,HAG.DE,35.031795501708984,36.15999984741211,36.70000076293945,34.86000061035156,36.20000076293945,878030
2023-04-17,HAG.DE,35.826210021972656,36.97999954223633,37.459999084472656,36.400001525878906,36.5,528203
2023-04-18,HAG.DE,35.43869400024414,36.58000183105469,37.540000915527344,36.31999969482422,37.18000030517578,333055
2023-04-19,HAG.DE,34.43114471435547,35.540000915527344,36.68000030517578,35.439998626708984,36.63999938964844,303201
2023-04-20,HAG.DE,34.81865692138672,35.939998626708984,36.2400016784668,35.099998474121094,35.36000061035156,216841
2023-04-21,HAG.DE,34.83803176879883,35.959999084472656,36.65999984741211,35.84000015258789,35.939998626708984,163132
2023-04-24,HAG.DE,34.3536376953125,35.459999084472656,36.2400016784668,35.439998626708984,36.099998474121094,201751
2023-04-25,HAG.DE,34.08237075805664,35.18000030517578,35.52000045776367,34.900001525878906,35.459999084472656,186348
2023-04-26,HAG.DE,33.501094818115234,34.58000183105469,35.279998779296875,34.15999984741211,35.279998779296875,212135
2023-04-27,HAG.DE,33.38483428955078,34.459999084472656,34.97999954223633,34.380001068115234,34.70000076293945,154356
2023-04-28,HAG.DE,32.93918991088867,34.0,34.599998474121094,33.63999938964844,34.560001373291016,188586
2023-05-02,HAG.DE,32.590423583984375,33.63999938964844,34.400001525878906,33.63999938964844,34.08000183105469,129835
2023-05-03,HAG.DE,32.590423583984375,33.63999938964844,33.86000061035156,33.040000915527344,33.619998931884766,245259
2023-05-04,HAG.DE,30.633445739746094,31.6200008392334,33.599998474121094,31.219999313354492,33.34000015258789,470021
2023-05-05,HAG.DE,30.40093231201172,31.3799991607666,32.0,30.239999771118164,31.68000030517578,353340
2023-05-08,HAG.DE,30.61406898498535,31.600000381469727,32.18000030517578,31.34000015258789,31.34000015258789,234898
2023-05-09,HAG.DE,30.459060668945312,31.440000534057617,31.739999771118164,30.5,31.200000762939453,345341
2023-05-10,HAG.DE,30.633445739746094,31.6200008392334,32.060001373291016,30.100000381469727,31.239999771118164,383844
2023-05-11,HAG.DE,29.97466278076172,30.940000534057617,32.02000045776367,30.68000030517578,31.600000381469727,212240
2023-05-12,HAG.DE,31.059717178344727,32.060001373291016,32.279998779296875,31.239999771118164,31.239999771118164,323920
2023-05-15,HAG.DE,31.666046142578125,32.380001068115234,32.86000061035156,31.920000076293945,31.920000076293945,174209
2023-05-16,HAG.DE,31.431337356567383,32.13999938964844,32.619998931884766,31.979999542236328,32.31999969482422,132676
2023-05-17,HAG.DE,31.49001693725586,32.20000076293945,32.459999084472656,32.0,32.20000076293945,187212
2023-05-18,HAG.DE,31.666046142578125,32.380001068115234,32.65999984741211,32.040000915527344,32.5,126820
2023-05-19,HAG.DE,31.3922176361084,32.099998474121094,32.560001373291016,31.920000076293945,32.560001373291016,115007
2023-05-22,HAG.DE,31.86163902282715,32.58000183105469,32.599998474121094,31.719999313354492,32.02000045776367,109772
2023-05-23,HAG.DE,31.216188430786133,31.920000076293945,32.599998474121094,31.5,32.34000015258789,173697
2023-05-24,HAG.DE,30.179561614990234,30.860000610351562,31.700000762939453,30.540000915527344,31.700000762939453,245032
2023-05-25,HAG.DE,30.238237380981445,30.920000076293945,31.459999084472656,30.780000686645508,30.979999542236328,163708
2023-05-26,HAG.DE,28.966903686523438,29.6200008392334,31.260000228881836,27.1200008392334,31.059999465942383,1040416
2023-05-29,HAG.DE,29.514556884765625,30.18000030517578,30.479999542236328,29.68000030517578,29.719999313354492,104339
2023-05-30,HAG.DE,29.123376846313477,29.780000686645508,30.299999237060547,29.579999923706055,30.299999237060547,135398
2023-05-31,HAG.DE,29.142932891845703,29.799999237060547,30.040000915527344,29.1200008392334,29.540000915527344,852152
2023-06-01,HAG.DE,29.514556884765625,30.18000030517578,30.399999618530273,29.739999771118164,30.020000457763672,161428
2023-06-02,HAG.DE,29.162492752075195,29.81999969482422,30.459999084472656,29.6200008392334,30.399999618530273,138211
2023-06-05,HAG.DE,28.575721740722656,29.219999313354492,30.020000457763672,29.200000762939453,29.799999237060547,127473
2023-06-06,HAG.DE,27.910715103149414,28.540000915527344,29.0,28.200000762939453,29.0,264521
2023-06-07,HAG.DE,27.108795166015625,27.719999313354492,28.579999923706055,27.15999984741211,28.399999618530273,361182
2023-06-08,HAG.DE,26.893646240234375,27.5,27.700000762939453,27.219999313354492,27.579999923706055,154786
2023-06-09,HAG.DE,27.20659065246582,27.81999969482422,27.959999084472656,27.299999237060547,27.399999618530273,133292
2023-06-12,HAG.DE,28.614839553833008,29.260000228881836,29.280000686645508,28.719999313354492,28.899999618530273,206641
2023-06-13,HAG.DE,28.301897048950195,28.940000534057617,29.260000228881836,28.360000610351562,28.979999542236328,235702
2023-06-14,HAG.DE,27.519533157348633,28.139999389648438,28.65999984741211,28.0,28.65999984741211,220232
2023-06-15,HAG.DE,28.223661422729492,28.860000610351562,28.860000610351562,27.959999084472656,28.040000915527344,228603
2023-06-16,HAG.DE,29.162492752075195,29.81999969482422,30.079999923706055,29.0,29.0,356410
2023-06-19,HAG.DE,28.67351531982422,29.31999969482422,30.18000030517578,29.219999313354492,29.68000030517578,173037
2023-06-20,HAG.DE,28.927783966064453,29.579999923706055,29.899999618530273,29.31999969482422,29.600000381469727,124318
2023-06-21,HAG.DE,29.43631935119629,30.100000381469727,30.200000762939453,29.520000457763672,29.559999465942383,109637
2023-06-22,HAG.DE,28.79087257385254,29.440000534057617,29.899999618530273,29.200000762939453,29.8799991607666,143734
2023-06-23,HAG.DE,28.6343994140625,29.280000686645508,29.440000534057617,28.84000015258789,29.260000228881836,71398
2023-06-26,HAG.DE,27.754241943359375,28.3799991607666,29.219999313354492,28.020000457763672,29.219999313354492,191147
2023-06-27,HAG.DE,28.047630310058594,28.68000030517578,28.799999237060547,28.1200008392334,28.520000457763672,66824
2023-06-28,HAG.DE,29.123376846313477,29.780000686645508,29.84000015258789,28.940000534057617,28.959999084472656,127394
2023-06-29,HAG.DE,28.869108200073242,29.520000457763672,29.65999984741211,29.31999969482422,29.559999465942383,72716
2023-06-30,HAG.DE,29.416759490966797,30.079999923706055,30.079999923706055,29.479999542236328,29.600000381469727,180095
2023-07-03,HAG.DE,29.573230743408203,30.239999771118164,30.459999084472656,29.6200008392334,30.200000762939453,192821
2023-07-04,HAG.DE,29.338525772094727,30.0,30.239999771118164,29.760000228881836,30.100000381469727,136964
2023-07-05,HAG.DE,29.02557945251465,29.68000030517578,30.100000381469727,29.479999542236328,29.719999313354492,113203
2023-07-06,HAG.DE,28.732194900512695,29.3799991607666,29.68000030517578,29.34000015258789,29.579999923706055,124428
2023-07-07,HAG.DE,29.338525772094727,30.0,30.420000076293945,28.959999084472656,29.3799991607666,199124
2023-07-10,HAG.DE,30.218679428100586,30.899999618530273,31.1200008392334,29.760000228881836,29.760000228881836,183728
2023-07-11,HAG.DE,30.805450439453125,31.5,31.719999313354492,30.979999542236328,31.0,180134
2023-07-12,HAG.DE,31.372661590576172,32.08000183105469,32.34000015258789,31.299999237060547,31.780000686645508,137047
2023-07-13,HAG.DE,31.802959442138672,32.52000045776367,32.560001373291016,31.579999923706055,32.08000183105469,153229
2023-07-14,HAG.DE,31.49001693725586,32.20000076293945,32.560001373291016,32.099998474121094,32.5,125831
2023-07-17,HAG.DE,31.84207534790039,32.560001373291016,32.63999938964844,32.02000045776367,32.099998474121094,131564
2023-07-18,HAG.DE,32.21369552612305,32.939998626708984,32.959999084472656,32.52000045776367,32.560001373291016,105643
2023-07-19,HAG.DE,32.27237319946289,33.0,33.2400016784668,32.459999084472656,32.939998626708984,111277
2023-07-20,HAG.DE,31.920310974121094,32.63999938964844,32.939998626708984,32.41999816894531,32.79999923706055,88910
2023-07-21,HAG.DE,31.822521209716797,32.540000915527344,32.720001220703125,32.220001220703125,32.439998626708984,87432
2023-07-24,HAG.DE,31.49001693725586,32.20000076293945,32.5,31.760000228881836,32.5,97782
2023-07-25,HAG.DE,31.646488189697266,32.36000061035156,32.439998626708984,31.920000076293945,32.2599983215332,82193
2023-07-26,HAG.DE,31.216188430786133,31.920000076293945,32.52000045776367,31.600000381469727,32.2599983215332,101011
2023-07-27,HAG.DE,31.49001693725586,32.20000076293945,32.459999084472656,31.8799991607666,31.920000076293945,113841
2023-07-28,HAG.DE,30.668535232543945,31.360000610351562,33.0,31.139999389648438,32.459999084472656,265146
2023-07-31,HAG.DE,30.238237380981445,30.920000076293945,31.68000030517578,29.719999313354492,31.059999465942383,343743
2023-08-01,HAG.DE,30.218679428100586,30.899999618530273,31.3799991607666,30.700000762939453,30.84000015258789,144729
2023-08-02,HAG.DE,30.042648315429688,30.719999313354492,31.200000762939453,30.3799991607666,30.700000762939453,143475
2023-08-03,HAG.DE,29.53411293029785,30.200000762939453,30.700000762939453,30.0,30.520000457763672,145985
2023-08-04,HAG.DE,29.807941436767578,30.479999542236328,30.639999389648438,30.139999389648438,30.360000610351562,107596
2023-08-07,HAG.DE,30.218679428100586,30.899999618530273,31.040000915527344,30.360000610351562,30.420000076293945,71164
2023-08-08,HAG.DE,30.414270401000977,31.100000381469727,31.15999984741211,30.719999313354492,30.719999313354492,73805
2023-08-09,HAG.DE,30.042648315429688,30.719999313354492,31.219999313354492,30.65999984741211,31.15999984741211,74397
2023-08-10,HAG.DE,30.218679428100586,30.899999618530273,31.200000762939453,30.34000015258789,30.579999923706055,78486
2023-08-11,HAG.DE,29.847057342529297,30.520000457763672,31.100000381469727,30.3799991607666,30.84000015258789,70507
2023-08-14,HAG.DE,30.08176612854004,30.760000228881836,30.979999542236328,30.360000610351562,30.440000534057617,63409
2023-08-15,HAG.DE,29.768823623657227,30.440000534057617,30.860000610351562,30.440000534057617,30.84000015258789,82392
2023-08-16,HAG.DE,29.27984619140625,29.940000534057617,30.600000381469727,29.940000534057617,30.440000534057617,95762
2023-08-17,HAG.DE,28.28233528137207,28.920000076293945,29.899999618530273,28.81999969482422,29.899999618530273,122406
2023-08-18,HAG.DE,28.43880844116211,29.079999923706055,29.260000228881836,28.399999618530273,28.799999237060547,102699
2023-08-21,HAG.DE,28.41925048828125,29.059999465942383,29.65999984741211,29.040000915527344,29.040000915527344,79330
2023-08-22,HAG.DE,28.65395736694336,29.299999237060547,29.639999389648438,29.200000762939453,29.239999771118164,52180
2023-08-23,HAG.DE,29.299406051635742,29.959999084472656,30.079999923706055,29.479999542236328,29.479999542236328,47927
2023-08-24,HAG.DE,29.26028823852539,29.920000076293945,30.440000534057617,29.81999969482422,30.0,68792
2023-08-25,HAG.DE,29.27984619140625,29.940000534057617,30.079999923706055,29.639999389648438,29.799999237060547,67299
2023-08-28,HAG.DE,29.6710262298584,30.34000015258789,30.399999618530273,29.959999084472656,30.139999389648438,34088
2023-08-29,HAG.DE,29.92529296875,30.600000381469727,30.899999618530273,30.360000610351562,30.440000534057617,83621
2023-08-30,HAG.DE,29.006019592285156,29.65999984741211,30.68000030517578,29.420000076293945,30.600000381469727,95205
2023-08-31,HAG.DE,29.299406051635742,29.959999084472656,30.420000076293945,29.559999465942383,29.600000381469727,149371
2023-09-01,HAG.DE,29.4949951171875,30.15999984741211,30.5,29.940000534057617,29.940000534057617,51745
2023-09-04,HAG.DE,29.592792510986328,30.260000228881836,30.559999465942383,30.139999389648438,30.15999984741211,40977
2023-09-05,HAG.DE,29.514556884765625,30.18000030517578,30.5,30.100000381469727,30.239999771118164,57295
2023-09-06,HAG.DE,29.10381507873535,29.760000228881836,30.059999465942383,29.739999771118164,29.959999084472656,63512
2023-09-07,HAG.DE,28.849546432495117,29.5,29.81999969482422,29.360000610351562,29.479999542236328,47095
2023-09-08,HAG.DE,28.556163787841797,29.200000762939453,29.719999313354492,29.15999984741211,29.600000381469727,65489
2023-09-11,HAG.DE,29.338525772094727,30.0,30.31999969482422,29.1200008392334,29.1200008392334,55605
2023-09-12,HAG.DE,29.142932891845703,29.799999237060547,30.040000915527344,29.31999969482422,29.899999618530273,48651
2023-09-13,HAG.DE,29.358081817626953,30.020000457763672,30.100000381469727,29.600000381469727,29.6200008392334,62793
2023-09-14,HAG.DE,29.47543716430664,30.139999389648438,30.440000534057617,29.84000015258789,29.84000015258789,80512
2023-09-15,HAG.DE,30.14044189453125,30.81999969482422,30.920000076293945,30.200000762939453,30.420000076293945,204595
2023-09-18,HAG.DE,29.88617515563965,30.559999465942383,30.81999969482422,29.600000381469727,30.700000762939453,136300
2023-09-19,HAG.DE,29.847057342529297,30.520000457763672,30.959999084472656,30.0,30.440000534057617,68987
2023-09-20,HAG.DE,29.96441078186035,30.639999389648438,30.719999313354492,30.020000457763672,30.399999618530273,95275
2023-09-21,HAG.DE,29.006019592285156,29.65999984741211,30.440000534057617,29.65999984741211,30.34000015258789,130655
2023-09-22,HAG.DE,27.930273056030273,28.559999465942383,29.559999465942383,28.559999465942383,29.5,143116
2023-09-25,HAG.DE,27.050119400024414,27.65999984741211,28.65999984741211,27.360000610351562,28.540000915527344,107134
2023-09-26,HAG.DE,26.717615127563477,27.31999969482422,27.739999771118164,26.600000381469727,27.5,198041
2023-09-27,HAG.DE,26.580703735351562,27.18000030517578,27.479999542236328,26.799999237060547,27.219999313354492,133472
2023-09-28,HAG.DE,26.73717498779297,27.34000015258789,27.440000534057617,26.8799991607666,27.139999389648438,92547
2023-09-29,HAG.DE,27.323944091796875,27.940000534057617,28.040000915527344,27.360000610351562,27.600000381469727,151498
2023-10-02,HAG.DE,26.52202606201172,27.1200008392334,28.459999084472656,27.0,27.979999542236328,80634
2023-10-03,HAG.DE,25.876575469970703,26.459999084472656,27.1200008392334,26.459999084472656,27.020000457763672,96486
2023-10-04,HAG.DE,24.97686195373535,25.540000915527344,26.239999771118164,25.399999618530273,26.200000762939453,234627
2023-10-05,HAG.DE,24.87906837463379,25.440000534057617,26.1200008392334,25.440000534057617,25.700000762939453,161919
2023-10-06,HAG.DE,24.448768615722656,25.0,25.5,24.540000915527344,25.479999542236328,198003
2023-10-09,HAG.DE,27.050119400024414,27.65999984741211,28.239999771118164,26.8799991607666,26.899999618530273,478914
2023-10-10,HAG.DE,26.678499221801758,27.280000686645508,27.799999237060547,26.799999237060547,27.799999237060547,210318
2023-10-11,HAG.DE,27.089237213134766,27.700000762939453,27.899999618530273,27.020000457763672,27.020000457763672,258272
2023-10-12,HAG.DE,27.539093017578125,28.15999984741211,28.760000228881836,27.860000610351562,27.860000610351562,164988
2023-10-13,HAG.DE,28.360572814941406,29.0,29.219999313354492,28.15999984741211,28.15999984741211,207831
2023-10-16,HAG.DE,28.829988479614258,29.479999542236328,29.639999389648438,28.940000534057617,29.100000381469727,259647
2023-10-17,HAG.DE,28.3801326751709,29.020000457763672,30.0,28.739999771118164,29.280000686645508,127313
2023-10-18,HAG.DE,28.556163787841797,29.200000762939453,29.420000076293945,28.780000686645508,28.920000076293945,97255
2023-10-19,HAG.DE,26.874086380004883,27.479999542236328,29.260000228881836,27.3799991607666,28.959999084472656,177292
2023-10-20,HAG.DE,26.639379501342773,27.239999771118164,27.700000762939453,27.15999984741211,27.280000686645508,109006
2023-10-23,HAG.DE,26.306875228881836,26.899999618530273,27.540000915527344,26.65999984741211,27.3799991607666,70968
2023-10-24,HAG.DE,27.539093017578125,28.15999984741211,28.440000534057617,26.940000534057617,27.0,163919
2023-10-25,HAG.DE,27.20659065246582,27.81999969482422,28.139999389648438,27.540000915527344,28.139999389648438,89382
2023-10-26,HAG.DE,27.499977111816406,28.1200008392334,28.799999237060547,27.420000076293945,27.579999923706055,156566
2023-10-27,HAG.DE,26.580703735351562,27.18000030517578,28.040000915527344,27.0,27.8799991607666,117408
2023-10-30,HAG.DE,27.38262176513672,28.0,28.360000610351562,27.31999969482422,27.399999618530273,135507
2023-10-31,HAG.DE,27.284826278686523,27.899999618530273,28.139999389648438,27.360000610351562,28.139999389648438,93836
2023-11-01,HAG.DE,27.539093017578125,28.15999984741211,28.600000381469727,27.8799991607666,28.079999923706055,77603
2023-11-02,HAG.DE,27.363061904907227,27.979999542236328,28.65999984741211,27.979999542236328,28.239999771118164,80615
2023-11-03,HAG.DE,27.480419158935547,28.100000381469727,28.780000686645508,27.959999084472656,28.079999923706055,156958
2023-11-06,HAG.DE,27.79336166381836,28.420000076293945,28.940000534057617,28.34000015258789,28.360000610351562,75450
2023-11-07,HAG.DE,27.343502044677734,27.959999084472656,28.31999969482422,27.68000030517578,28.31999969482422,118059
2023-11-08,HAG.DE,27.499977111816406,28.1200008392334,28.520000457763672,27.920000076293945,27.920000076293945,117406
2023-11-09,HAG.DE,26.52202606201172,27.1200008392334,28.34000015258789,25.520000457763672,27.31999969482422,363931
2023-11-10,HAG.DE,26.091726303100586,26.68000030517578,26.959999084472656,25.6200008392334,26.899999618530273,537638
2023-11-13,HAG.DE,27.147912979125977,27.760000228881836,27.84000015258789,26.81999969482422,26.81999969482422,296126
2023-11-14,HAG.DE,26.0526065826416,26.639999389648438,27.100000381469727,25.739999771118164,26.600000381469727,324731
2023-11-15,HAG.DE,26.130844116210938,26.719999313354492,27.239999771118164,26.219999313354492,26.899999618530273,307262
2023-11-16,HAG.DE,25.50495719909668,26.079999923706055,27.360000610351562,26.079999923706055,26.799999237060547,293227
2023-11-17,HAG.DE,26.091726303100586,26.68000030517578,26.8799991607666,26.299999237060547,26.31999969482422,159362
2023-11-20,HAG.DE,27.226150512695312,27.84000015258789,27.860000610351562,26.81999969482422,26.81999969482422,256418
2023-11-21,HAG.DE,26.287317276000977,26.8799991607666,27.959999084472656,26.719999313354492,27.579999923706055,211519
2023-11-22,HAG.DE,26.2286376953125,26.81999969482422,27.479999542236328,26.360000610351562,26.979999542236328,196809
2023-11-23,HAG.DE,25.583192825317383,26.15999984741211,26.760000228881836,25.860000610351562,26.559999465942383,251238
2023-11-24,HAG.DE,25.954814910888672,26.540000915527344,26.719999313354492,26.15999984741211,26.260000228881836,98874
2023-11-27,HAG.DE,25.09421730041504,25.65999984741211,26.760000228881836,25.600000381469727,26.520000457763672,287628
2023-11-28,HAG.DE,24.077150344848633,24.6200008392334,25.420000076293945,24.6200008392334,25.420000076293945,207087
2023-11-29,HAG.DE,23.6468505859375,24.18000030517578,24.600000381469727,23.959999084472656,24.600000381469727,406411
2023-11-30,HAG.DE,23.588172912597656,24.1200008392334,24.360000610351562,23.520000457763672,24.280000686645508,417596
2023-12-01,HAG.DE,23.764204025268555,24.299999237060547,24.5,23.479999542236328,24.239999771118164,206465
2023-12-04,HAG.DE,23.509937286376953,24.040000915527344,24.440000534057617,23.940000534057617,24.079999923706055,145521
2023-12-05,HAG.DE,23.588172912597656,24.1200008392334,24.280000686645508,23.8799991607666,24.059999465942383,127140
2023-12-06,HAG.DE,23.099197387695312,23.6200008392334,24.280000686645508,23.34000015258789,23.959999084472656,358886
2023-12-07,HAG.DE,23.373023986816406,23.899999618530273,24.399999618530273,23.34000015258789,24.040000915527344,417590
2023-12-08,HAG.DE,23.88155746459961,24.420000076293945,25.1200008392334,23.799999237060547,23.799999237060547,1409516
2023-12-11,HAG.DE,23.725086212158203,24.260000228881836,24.559999465942383,23.81999969482422,24.5,440293
2023-12-12,HAG.DE,23.138315200805664,23.65999984741211,24.31999969482422,23.440000534057617,24.100000381469727,284986
2023-12-13,HAG.DE,23.627290725708008,24.15999984741211,24.239999771118164,23.579999923706055,23.639999389648438,712004
2023-12-14,HAG.DE,23.60773277282715,24.139999389648438,24.5,23.899999618530273,24.3799991607666,321071
2023-12-15,HAG.DE,23.314346313476562,23.84000015258789,24.399999618530273,23.780000686645508,24.31999969482422,337925
2023-12-18,HAG.DE,23.29478645324707,23.81999969482422,24.18000030517578,23.639999389648438,23.780000686645508,216101
2023-12-19,HAG.DE,23.82288360595703,24.360000610351562,24.579999923706055,23.799999237060547,23.799999237060547,261037
2023-12-20,HAG.DE,23.725086212158203,24.260000228881836,24.520000457763672,24.0,24.31999969482422,224575
2023-12-21,HAG.DE,23.66640853881836,24.200000762939453,24.360000610351562,23.940000534057617,24.059999465942383,202318
2023-12-22,HAG.DE,23.412141799926758,23.940000534057617,24.239999771118164,23.899999618530273,24.1200008392334,109403
2023-12-27,HAG.DE,23.68596649169922,24.219999313354492,24.479999542236328,24.0,24.0,112071
2023-12-28,HAG.DE,23.43170166015625,23.959999084472656,24.31999969482422,23.899999618530273,24.18000030517578,97487
2023-12-29,HAG.DE,23.86199951171875,24.399999618530273,24.399999618530273,23.959999084472656,23.979999542236328,85690
2024-01-02,HAG.DE,24.429210662841797,24.979999542236328,25.479999542236328,24.540000915527344,24.540000915527344,264181
2024-01-03,HAG.DE,24.722599029541016,25.280000686645508,25.299999237060547,24.81999969482422,25.020000457763672,248500
2024-01-04,HAG.DE,25.1920108795166,25.760000228881836,25.81999969482422,25.219999313354492,25.34000015258789,212542
2024-01-05,HAG.DE,24.839948654174805,25.399999618530273,25.8799991607666,25.219999313354492,25.799999237060547,213465
2024-01-08,HAG.DE,24.722599029541016,25.280000686645508,25.31999969482422,24.8799991607666,25.260000228881836,151840
2024-01-09,HAG.DE,24.68347930908203,25.239999771118164,25.559999465942383,24.920000076293945,25.34000015258789,161723
2024-01-10,HAG.DE,24.781272888183594,25.34000015258789,25.559999465942383,24.979999542236328,25.079999923706055,95947
2024-01-11,HAG.DE,25.11377716064453,25.68000030517578,26.0,25.420000076293945,25.5,208594
2024-01-12,HAG.DE,26.424230575561523,27.020000457763672,27.239999771118164,25.920000076293945,25.920000076293945,349018
2024-01-15,HAG.DE,26.189523696899414,26.780000686645508,27.579999923706055,26.520000457763672,27.200000762939453,356559
2024-01-16,HAG.DE,27.108795166015625,27.719999313354492,28.020000457763672,26.540000915527344,26.6200008392334,337603
2024-01-17,HAG.DE,27.676006317138672,28.299999237060547,29.100000381469727,27.31999969482422,27.5,591588
2024-01-18,HAG.DE,27.38262176513672,28.0,28.6200008392334,27.780000686645508,28.299999237060547,464772
2024-01-19,HAG.DE,27.284826278686523,27.899999618530273,28.940000534057617,27.760000228881836,28.520000457763672,317100
2024-01-22,HAG.DE,27.050119400024414,27.65999984741211,28.200000762939453,27.6200008392334,28.059999465942383,171817
2024-01-23,HAG.DE,26.580703735351562,27.18000030517578,27.84000015258789,26.920000076293945,27.68000030517578,293276
2024-01-24,HAG.DE,27.187030792236328,27.799999237060547,27.860000610351562,27.239999771118164,27.260000228881836,236998
2024-01-25,HAG.DE,26.580703735351562,27.18000030517578,28.059999465942383,27.139999389648438,27.799999237060547,183036
2024-01-26,HAG.DE,25.857019424438477,26.440000534057617,27.239999771118164,25.84000015258789,27.239999771118164,466406
2024-01-29,HAG.DE,26.834970474243164,27.440000534057617,28.399999618530273,27.18000030517578,28.0,264464
2024-01-30,HAG.DE,26.95232391357422,27.559999465942383,28.260000228881836,27.399999618530273,27.399999618530273,205070
2024-01-31,HAG.DE,27.284826278686523,27.899999618530273,27.959999084472656,27.1200008392334,27.600000381469727,242241
2024-02-01,HAG.DE,27.871599197387695,28.5,28.68000030517578,27.739999771118164,27.860000610351562,337526
2024-02-02,HAG.DE,27.519533157348633,28.139999389648438,29.0,28.100000381469727,28.540000915527344,241194
2024-02-05,HAG.DE,27.969392776489258,28.600000381469727,28.65999984741211,27.959999084472656,28.040000915527344,171337
2024-02-06,HAG.DE,28.556163787841797,29.200000762939453,29.200000762939453,28.579999923706055,28.700000762939453,265963
2024-02-07,HAG.DE,28.65395736694336,29.299999237060547,29.520000457763672,28.940000534057617,29.260000228881836,214474
2024-02-08,HAG.DE,28.966903686523438,29.6200008392334,30.100000381469727,29.360000610351562,29.440000534057617,299893
2024-02-09,HAG.DE,29.514556884765625,30.18000030517578,30.399999618530273,29.5,29.600000381469727,278238
2024-02-12,HAG.DE,30.590303421020508,31.280000686645508,31.479999542236328,30.860000610351562,31.0,473589
2024-02-13,HAG.DE,32.3310546875,33.060001373291016,33.220001220703125,31.860000610351562,32.5,871129
2024-02-14,HAG.DE,33.641510009765625,34.400001525878906,36.099998474121094,33.2400016784668,33.31999969482422,1267553
2024-02-15,HAG.DE,34.05224609375,34.81999969482422,35.220001220703125,34.08000183105469,34.7400016784668,526981
2024-02-16,HAG.DE,33.250328063964844,34.0,34.97999954223633,33.84000015258789,34.86000061035156,544239
2024-02-19,HAG.DE,34.4043083190918,35.18000030517578,35.439998626708984,34.119998931884766,34.84000015258789,672490
2024-02-20,HAG.DE,33.28944778442383,34.040000915527344,35.15999984741211,34.040000915527344,35.099998474121094,591712
2024-02-21,HAG.DE,33.250328063964844,34.0,34.279998779296875,33.52000045776367,34.2599983215332,359218
2024-02-22,HAG.DE,33.01561737060547,33.7599983215332,34.099998474121094,33.41999816894531,33.880001068115234,421389
2024-02-23,HAG.DE,30.668535232543945,31.360000610351562,32.29999923706055,30.81999969482422,32.29999923706055,1320356
2024-02-26,HAG.DE,32.85914611816406,33.599998474121094,34.0,31.780000686645508,31.899999618530273,808060
2024-02-27,HAG.DE,33.32856369018555,34.08000183105469,34.79999923706055,33.560001373291016,33.959999084472656,671748
2024-02-28,HAG.DE,33.172088623046875,33.91999816894531,34.29999923706055,33.68000030517578,33.81999969482422,282810
2024-02-29,HAG.DE,32.956939697265625,33.70000076293945,33.720001220703125,32.560001373291016,33.0,524873
2024-03-01,HAG.DE,33.71974182128906,34.47999954223633,34.79999923706055,33.540000915527344,33.560001373291016,307596
2024-03-04,HAG.DE,33.42635726928711,34.18000030517578,34.52000045776367,33.599998474121094,34.52000045776367,242970
2024-03-05,HAG.DE,33.79798126220703,34.560001373291016,34.959999084472656,33.939998626708984,34.0,320697
2024-03-06,HAG.DE,34.22827911376953,35.0,35.02000045776367,34.119998931884766,34.599998474121094,299076
2024-03-07,HAG.DE,34.110923767089844,34.880001068115234,35.400001525878906,34.63999938964844,35.040000915527344,288843
2024-03-08,HAG.DE,33.172088623046875,33.91999816894531,34.91999816894531,33.599998474121094,34.91999816894531,346566
2024-03-11,HAG.DE,32.37016677856445,33.099998474121094,33.63999938964844,32.540000915527344,33.20000076293945,289205
2024-03-12,HAG.DE,32.35061264038086,33.08000183105469,33.70000076293945,32.86000061035156,33.31999969482422,165007
2024-03-13,HAG.DE,32.97650146484375,33.720001220703125,33.720001220703125,32.900001525878906,33.18000030517578,152084
2024-03-14,HAG.DE,32.97650146484375,33.720001220703125,34.86000061035156,33.65999984741211,33.720001220703125,286197
2024-03-15,HAG.DE,33.445919036865234,34.20000076293945,34.279998779296875,33.02000045776367,33.040000915527344,630814
2024-03-18,HAG.DE,34.34563064575195,35.119998931884766,35.119998931884766,34.29999923706055,34.400001525878906,335238
2024-03-19,HAG.DE,34.69769287109375,35.47999954223633,35.7599983215332,35.0,35.099998474121094,399370
2024-03-20,HAG.DE,33.58283233642578,34.34000015258789,35.599998474121094,34.060001373291016,35.47999954223633,365270
2024-03-21,HAG.DE,33.876216888427734,34.63999938964844,35.18000030517578,34.2599983215332,34.900001525878906,251039
2024-03-22,HAG.DE,36.2819709777832,37.099998474121094,37.279998779296875,34.959999084472656,34.959999084472656,706612
2024-03-25,HAG.DE,39.93950653076172,40.84000015258789,41.5,38.20000076293945,38.5,1760916
2024-03-26,HAG.DE,42.63865280151367,43.599998474121094,43.65999984741211,41.36000061035156,43.439998626708984,1905583
2024-03-27,HAG.DE,42.34526824951172,43.29999923706055,44.439998626708984,42.619998931884766,43.599998474121094,1349119
2024-03-28,HAG.DE,42.482181549072266,43.439998626708984,43.7400016784668,42.540000915527344,43.060001373291016,671194
2024-04-02,HAG.DE,42.05188751220703,43.0,44.58000183105469,42.380001068115234,44.20000076293945,805750
2024-04-03,HAG.DE,42.912479400634766,43.880001068115234,44.119998931884766,42.599998474121094,42.91999816894531,414589
2024-04-04,HAG.DE,42.63865280151367,43.599998474121094,44.060001373291016,43.52000045776367,43.97999954223633,334464
2024-04-05,HAG.DE,39.880836486816406,40.779998779296875,43.2400016784668,39.7400016784668,42.81999969482422,1219484
2024-04-08,HAG.DE,41.0934944152832,42.02000045776367,42.119998931884766,40.900001525878906,41.0,529608
2024-04-09,HAG.DE,37.690223693847656,38.540000915527344,42.380001068115234,37.02000045776367,42.0,1777993
2024-04-10,HAG.DE,37.690223693847656,38.540000915527344,39.41999816894531,37.560001373291016,38.84000015258789,645765
2024-04-11,HAG.DE,38.51170349121094,39.380001068115234,39.52000045776367,38.279998779296875,38.34000015258789,309665
2024-04-12,HAG.DE,39.19626998901367,40.08000183105469,40.619998931884766,39.599998474121094,39.86000061035156,346337
2024-04-15,HAG.DE,39.19626998901367,40.08000183105469,41.400001525878906,39.70000076293945,40.400001525878906,381019
2024-04-16,HAG.DE,38.33567428588867,39.20000076293945,39.720001220703125,38.68000030517578,39.540000915527344,249304
2024-04-17,HAG.DE,37.690223693847656,38.540000915527344,39.15999984741211,37.84000015258789,39.02000045776367,328050
2024-04-18,HAG.DE,36.37976837158203,37.20000076293945,38.20000076293945,35.84000015258789,38.040000915527344,670510
2024-04-19,HAG.DE,36.75139236450195,37.58000183105469,38.040000915527344,37.02000045776367,37.560001373291016,367382
2024-04-22,HAG.DE,37.044776916503906,37.880001068115234,38.220001220703125,37.41999816894531,37.91999816894531,184111
2024-04-23,HAG.DE,37.494632720947266,38.34000015258789,38.65999984741211,37.900001525878906,38.02000045776367,191281
2024-04-24,HAG.DE,38.33567428588867,39.20000076293945,39.400001525878906,38.2599983215332,38.599998474121094,186690
2024-04-25,HAG.DE,36.86874771118164,37.70000076293945,39.31999969482422,37.02000045776367,39.29999923706055,288420
2024-04-26,HAG.DE,37.435951232910156,38.279998779296875,38.29999923706055,37.2599983215332,37.97999954223633,173005
2024-04-29,HAG.DE,37.064334869384766,37.900001525878906,38.52000045776367,37.220001220703125,38.279998779296875,229601
2024-04-30,HAG.DE,36.04726791381836,36.86000061035156,38.18000030517578,36.599998474121094,37.91999816894531,200219
2024-05-02,HAG.DE,34.854164123535156,35.63999938964844,36.7599983215332,35.63999938964844,36.720001220703125,343624
2024-05-03,HAG.DE,36.86874771118164,37.70000076293945,37.7599983215332,35.97999954223633,36.5,547227
2024-05-06,HAG.DE,37.45551300048828,38.29999923706055,38.31999969482422,37.5,37.97999954223633,262477
2024-05-07,HAG.DE,36.184181213378906,37.0,38.91999816894531,36.619998931884766,38.79999923706055,447160
2024-05-08,HAG.DE,37.18169021606445,38.02000045776367,38.41999816894531,36.65999984741211,36.65999984741211,282400
2024-05-09,HAG.DE,37.59242630004883,38.439998626708984,38.5,37.65999984741211,37.70000076293945,142223
2024-05-10,HAG.DE,37.924930572509766,38.779998779296875,39.099998474121094,38.040000915527344,38.400001525878906,356196
2024-05-13,HAG.DE,38.68773651123047,39.560001373291016,39.560001373291016,38.380001068115234,38.7400016784668,291968
2024-05-14,HAG.DE,37.2403678894043,38.08000183105469,39.41999816894531,37.20000076293945,39.18000030517578,398547
2024-05-15,HAG.DE,38.12051773071289,38.97999954223633,38.97999954223633,37.900001525878906,38.400001525878906,203279
2024-05-16,HAG.DE,38.022727966308594,38.880001068115234,39.959999084472656,38.68000030517578,39.0,275138
2024-05-17,HAG.DE,38.140079498291016,39.0,39.34000015258789,37.84000015258789,38.599998474121094,170673
2024-05-20,HAG.DE,38.732933044433594,39.20000076293945,39.41999816894531,38.540000915527344,38.619998931884766,112565
2024-05-21,HAG.DE,38.970069885253906,39.439998626708984,39.560001373291016,38.720001220703125,39.15999984741211,90435
2024-05-22,HAG.DE,38.27841567993164,38.7400016784668,39.439998626708984,38.58000183105469,39.400001525878906,97351
2024-05-23,HAG.DE,38.37722396850586,38.84000015258789,38.959999084472656,38.13999938964844,38.619998931884766,152966
2024-05-24,HAG.DE,36.855567932128906,37.29999923706055,38.619998931884766,37.119998931884766,38.599998474121094,149745
2024-05-27,HAG.DE,37.86341857910156,38.31999969482422,38.31999969482422,36.91999816894531,37.2400016784668,104343
2024-05-28,HAG.DE,36.87533187866211,37.31999969482422,38.34000015258789,37.040000915527344,38.34000015258789,184381
2024-05-29,HAG.DE,36.084861755371094,36.52000045776367,37.400001525878906,36.060001373291016,37.15999984741211,133238
2024-05-30,HAG.DE,36.36152648925781,36.79999923706055,37.18000030517578,36.119998931884766,36.18000030517578,79248
2024-05-31,HAG.DE,36.91485595703125,37.36000061035156,37.619998931884766,36.91999816894531,36.959999084472656,253303
2024-06-03,HAG.DE,37.32984924316406,37.779998779296875,38.279998779296875,37.040000915527344,37.720001220703125,181366
2024-06-04,HAG.DE,36.480098724365234,36.91999816894531,37.63999938964844,36.84000015258789,37.63999938964844,98187
2024-06-05,HAG.DE,36.55914306640625,37.0,37.31999969482422,36.70000076293945,37.15999984741211,109622
2024-06-06,HAG.DE,36.618431091308594,37.060001373291016,37.5,36.900001525878906,37.0,118764
2024-06-07,HAG.DE,36.6381950378418,37.08000183105469,37.119998931884766,36.5,36.84000015258789,112448
2024-06-10,HAG.DE,36.18367004394531,36.619998931884766,37.119998931884766,36.20000076293945,36.779998779296875,141494
2024-06-11,HAG.DE,34.306312561035156,34.720001220703125,36.540000915527344,33.70000076293945,36.5,486872
2024-06-12,HAG.DE,33.733219146728516,34.13999938964844,34.86000061035156,33.779998779296875,34.619998931884766,230645
2024-06-13,HAG.DE,32.48823547363281,32.880001068115234,34.2599983215332,32.880001068115234,33.959999084472656,288379
2024-06-14,HAG.DE,31.5396728515625,31.920000076293945,33.0,31.420000076293945,32.79999923706055,462472
2024-06-17,HAG.DE,33.120609283447266,33.52000045776367,33.63999938964844,31.520000457763672,31.700000762939453,368754
2024-06-18,HAG.DE,33.51584243774414,33.91999816894531,34.560001373291016,33.599998474121094,34.08000183105469,236027
2024-06-19,HAG.DE,33.93083572387695,34.34000015258789,34.41999816894531,33.84000015258789,33.84000015258789,145002
2024-06-20,HAG.DE,34.266788482666016,34.68000030517578,35.040000915527344,34.31999969482422,34.36000061035156,137477
2024-06-21,HAG.DE,34.1679801940918,34.58000183105469,35.400001525878906,34.439998626708984,35.0,280697
2024-06-24,HAG.DE,34.40511703491211,34.81999969482422,35.0,33.86000061035156,34.619998931884766,117934
2024-06-25,HAG.DE,34.24702453613281,34.65999984741211,34.81999969482422,33.7400016784668,34.47999954223633,128998
2024-06-26,HAG.DE,33.733219146728516,34.13999938964844,35.060001373291016,34.040000915527344,34.68000030517578,174643
2024-06-27,HAG.DE,33.37751007080078,33.779998779296875,34.459999084472656,33.70000076293945,34.119998931884766,108763
2024-06-28,HAG.DE,33.93083572387695,34.34000015258789,34.81999969482422,33.220001220703125,34.040000915527344,279378
2024-07-01,HAG.DE,34.78059387207031,35.20000076293945,35.439998626708984,34.34000015258789,35.18000030517578,165670
2024-07-02,HAG.DE,34.12845993041992,34.540000915527344,35.20000076293945,34.29999923706055,34.939998626708984,152638
2024-07-03,HAG.DE,34.76082992553711,35.18000030517578,35.2400016784668,34.08000183105469,34.380001068115234,149401
2024-07-04,HAG.DE,35.5710563659668,36.0,36.2599983215332,35.29999923706055,35.5,216666
2024-07-05,HAG.DE,35.650108337402344,36.08000183105469,36.20000076293945,35.619998931884766,36.0,147821
2024-07-08,HAG.DE,34.80035400390625,35.220001220703125,36.939998626708984,35.220001220703125,36.0,198710
2024-07-09,HAG.DE,34.42488098144531,34.84000015258789,35.439998626708984,34.52000045776367,35.34000015258789,119959
2024-07-10,HAG.DE,36.51961898803711,36.959999084472656,37.20000076293945,34.84000015258789,34.959999084472656,226258
2024-07-11,HAG.DE,35.92677307128906,36.36000061035156,36.7599983215332,36.0,36.65999984741211,162881
2024-07-12,HAG.DE,35.057254791259766,35.47999954223633,36.439998626708984,35.47999954223633,36.36000061035156,124455
2024-07-15,HAG.DE,35.511775970458984,35.939998626708984,36.599998474121094,35.29999923706055,35.81999969482422,108292
2024-07-16,HAG.DE,34.93868637084961,35.36000061035156,35.84000015258789,34.79999923706055,35.720001220703125,179435
2024-07-17,HAG.DE,33.298465728759766,33.70000076293945,35.5,33.439998626708984,35.220001220703125,254742
2024-07-18,HAG.DE,34.365596771240234,34.779998779296875,35.70000076293945,33.779998779296875,33.779998779296875,202616
2024-07-19,HAG.DE,34.088932037353516,34.5,35.040000915527344,34.18000030517578,34.70000076293945,177222
2024-07-22,HAG.DE,33.654178619384766,34.060001373291016,34.599998474121094,33.81999969482422,34.400001525878906,99450
2024-07-23,HAG.DE,33.63441467285156,34.040000915527344,34.20000076293945,33.779998779296875,34.20000076293945,89105
2024-07-24,HAG.DE,32.92299270629883,33.31999969482422,34.439998626708984,32.599998474121094,33.81999969482422,250659
2024-07-25,HAG.DE,33.10084915161133,33.5,33.5,32.599998474121094,33.0,201963
2024-07-26,HAG.DE,32.863704681396484,33.2599983215332,34.779998779296875,32.880001068115234,34.7400016784668,324846
2024-07-29,HAG.DE,33.693695068359375,34.099998474121094,35.099998474121094,33.91999816894531,34.41999816894531,348926
2024-07-30,HAG.DE,34.24702453613281,34.65999984741211,34.84000015258789,33.65999984741211,34.0,217834
2024-07-31,HAG.DE,33.83203125,34.2400016784668,35.18000030517578,34.220001220703125,34.880001068115234,223634
2024-08-01,HAG.DE,33.00204086303711,33.400001525878906,35.29999923706055,33.380001068115234,34.560001373291016,158771
2024-08-02,HAG.DE,32.903228759765625,33.29999923706055,33.599998474121094,32.540000915527344,33.08000183105469,152325
2024-08-05,HAG.DE,31.697769165039062,32.08000183105469,32.2400016784668,30.8799991607666,31.100000381469727,334099
2024-08-06,HAG.DE,33.00204086303711,33.400001525878906,33.41999816894531,32.459999084472656,32.52000045776367,189746
2024-08-07,HAG.DE,33.41703414916992,33.81999969482422,34.119998931884766,33.29999923706055,33.599998474121094,175579
2024-08-08,HAG.DE,33.51584243774414,33.91999816894531,34.099998474121094,33.18000030517578,33.65999984741211,116566
2024-08-09,HAG.DE,33.89131546020508,34.29999923706055,34.720001220703125,34.040000915527344,34.15999984741211,139773
2024-08-12,HAG.DE,34.227264404296875,34.63999938964844,35.0,34.36000061035156,34.540000915527344,79646
2024-08-13,HAG.DE,34.52368927001953,34.939998626708984,35.13999938964844,34.5,34.97999954223633,93379
2024-08-14,HAG.DE,34.85963439941406,35.279998779296875,35.279998779296875,34.84000015258789,35.040000915527344,110355
2024-08-15,HAG.DE,35.472251892089844,35.900001525878906,35.959999084472656,35.15999984741211,35.400001525878906,98516
2024-08-16,HAG.DE,35.80820083618164,36.2400016784668,36.47999954223633,35.91999816894531,36.099998474121094,152594
2024-08-19,HAG.DE,34.148216247558594,34.560001373291016,35.279998779296875,33.47999954223633,35.099998474121094,483744
2024-08-20,HAG.DE,33.337989807128906,33.7400016784668,35.2400016784668,33.7400016784668,34.7599983215332,131312
2024-08-21,HAG.DE,33.37751007080078,33.779998779296875,34.20000076293945,33.7400016784668,33.86000061035156,90807
2024-08-22,HAG.DE,33.06132125854492,33.459999084472656,33.959999084472656,33.459999084472656,33.779998779296875,77249
2024-08-23,HAG.DE,33.10084915161133,33.5,33.7400016784668,33.08000183105469,33.560001373291016,102469
2024-08-26,HAG.DE,32.94275665283203,33.34000015258789,33.7599983215332,33.0,33.540000915527344,163562
2024-08-27,HAG.DE,32.60680389404297,33.0,33.52000045776367,33.0,33.380001068115234,96961
2024-08-28,HAG.DE,34.06917190551758,34.47999954223633,34.81999969482422,32.900001525878906,33.040000915527344,265998
2024-08-29,HAG.DE,33.85179138183594,34.2599983215332,34.29999923706055,33.52000045776367,34.29999923706055,118792
2024-08-30,HAG.DE,33.476318359375,33.880001068115234,34.41999816894531,33.880001068115234,34.279998779296875,117945
2024-09-02,HAG.DE,31.361818313598633,31.739999771118164,34.18000030517578,31.739999771118164,34.099998474121094,332002
2024-09-03,HAG.DE,30.3144474029541,30.68000030517578,32.2400016784668,30.360000610351562,32.0,235738
2024-09-04,HAG.DE,30.452777862548828,30.81999969482422,31.020000457763672,29.799999237060547,30.100000381469727,278148
2024-09-05,HAG.DE,30.334209442138672,30.700000762939453,30.979999542236328,29.979999542236328,30.799999237060547,138754
2024-09-06,HAG.DE,29.30660057067871,29.65999984741211,30.739999771118164,29.479999542236328,30.6200008392334,124365
2024-09-09,HAG.DE,29.58326530456543,29.940000534057617,30.639999389648438,29.65999984741211,29.799999237060547,144151
2024-09-10,HAG.DE,29.938976287841797,30.299999237060547,30.5,29.84000015258789,30.040000915527344,154671
2024-09-11,HAG.DE,29.820405960083008,30.18000030517578,30.860000610351562,29.899999618530273,30.420000076293945,76426
2024-09-12,HAG.DE,30.215639114379883,30.579999923706055,30.719999313354492,30.020000457763672,30.5,101909
2024-09-13,HAG.DE,30.215639114379883,30.579999923706055,30.860000610351562,30.239999771118164,30.600000381469727,110001
2024-09-16,HAG.DE,29.919214248657227,30.280000686645508,30.780000686645508,30.100000381469727,30.3799991607666,63334
2024-09-17,HAG.DE,27.745426177978516,28.079999923706055,30.780000686645508,27.780000686645508,30.31999969482422,457037
2024-09-18,HAG.DE,27.883758544921875,28.219999313354492,28.540000915527344,28.0,28.219999313354492,206986
2024-09-19,HAG.DE,28.634702682495117,28.979999542236328,29.260000228881836,28.479999542236328,28.540000915527344,265504
2024-09-20,HAG.DE,28.51613426208496,28.860000610351562,29.040000915527344,28.459999084472656,29.020000457763672,283428
2024-09-23,HAG.DE,28.081375122070312,28.420000076293945,29.079999923706055,28.3799991607666,28.899999618530273,97022
2024-09-24,HAG.DE,27.686141967773438,28.020000457763672,28.579999923706055,27.899999618530273,28.579999923706055,233913
2024-09-25,HAG.DE,27.943042755126953,28.280000686645508,28.440000534057617,27.760000228881836,27.84000015258789,289832
2024-09-26,HAG.DE,28.219707489013672,28.559999465942383,28.899999618530273,27.959999084472656,28.5,293264
2024-09-27,HAG.DE,28.49637222290039,28.84000015258789,29.100000381469727,28.639999389648438,28.639999389648438,168438
2024-09-30,HAG.DE,29.108983993530273,29.459999084472656,30.200000762939453,29.059999465942383,30.100000381469727,278335
2024-10-01,HAG.DE,30.176116943359375,30.540000915527344,30.68000030517578,29.479999542236328,29.780000686645508,340744
2024-10-02,HAG.DE,30.136592864990234,30.5,31.219999313354492,29.860000610351562,30.940000534057617,378348
2024-10-03,HAG.DE,29.859928131103516,30.219999313354492,30.860000610351562,29.780000686645508,30.5,124978
2024-10-04,HAG.DE,29.879690170288086,30.239999771118164,30.34000015258789,29.860000610351562,30.100000381469727,78202
2024-10-07,HAG.DE,29.227554321289062,29.579999923706055,30.6200008392334,29.1200008392334,30.399999618530273,211204
2024-10-08,HAG.DE,29.484455108642578,29.84000015258789,29.959999084472656,29.399999618530273,29.479999542236328,117311
2024-10-09,HAG.DE,29.484455108642578,29.84000015258789,30.200000762939453,29.34000015258789,29.799999237060547,116284
2024-10-10,HAG.DE,28.51613426208496,28.860000610351562,30.15999984741211,28.65999984741211,29.65999984741211,238891
2024-10-11,HAG.DE,28.022090911865234,28.360000610351562,28.700000762939453,27.280000686645508,28.700000762939453,323002
2024-10-14,HAG.DE,28.140661239624023,28.479999542236328,28.8799991607666,28.0,28.600000381469727,161987
2024-10-15,HAG.DE,28.59518051147461,28.940000534057617,28.959999084472656,28.100000381469727,28.579999923706055,250718
2024-10-16,HAG.DE,28.773035049438477,29.1200008392334,29.260000228881836,28.68000030517578,28.780000686645508,146213
2024-10-17,HAG.DE,29.425172805786133,29.780000686645508,29.920000076293945,29.1200008392334,29.139999389648438,129012
2024-10-18,HAG.DE,29.68207550048828,30.040000915527344,30.239999771118164,29.600000381469727,29.700000762939453,132586
2024-10-21,HAG.DE,30.63063621520996,31.0,31.760000228881836,30.959999084472656,30.979999542236328,398334
2024-10-22,HAG.DE,31.697769165039062,32.08000183105469,32.15999984741211,31.0,31.299999237060547,224731
2024-10-23,HAG.DE,30.610872268676758,30.979999542236328,31.84000015258789,30.959999084472656,31.84000015258789,168997
2024-10-24,HAG.DE,31.57919692993164,31.959999084472656,32.119998931884766,31.0,31.0,155252
2024-10-25,HAG.DE,31.61871910095215,32.0,32.15999984741211,31.399999618530273,31.860000610351562,153894
2024-10-28,HAG.DE,31.61871910095215,32.0,32.18000030517578,31.559999465942383,32.0,141576
2024-10-29,HAG.DE,31.50014877319336,31.8799991607666,32.599998474121094,31.700000762939453,32.02000045776367,144193
2024-10-30,HAG.DE,31.104915618896484,31.479999542236328,31.920000076293945,31.1200008392334,31.700000762939453,144141
2024-10-31,HAG.DE,30.867774963378906,31.239999771118164,31.540000915527344,30.760000228881836,31.260000228881836,200939
2024-11-01,HAG.DE,30.907299041748047,31.280000686645508,31.600000381469727,31.200000762939453,31.399999618530273,85272
2024-11-04,HAG.DE,29.998260498046875,30.360000610351562,31.360000610351562,30.360000610351562,31.31999969482422,187510
2024-11-05,HAG.DE,31.480388641357422,31.860000610351562,31.860000610351562,30.1200008392334,30.280000686645508,190988
2024-11-06,HAG.DE,32.073238372802734,32.459999084472656,34.7599983215332,31.639999389648438,33.29999923706055,635145
2024-11-07,HAG.DE,32.27085494995117,32.65999984741211,33.2400016784668,30.100000381469727,31.65999984741211,717310
2024-11-08,HAG.DE,33.00204086303711,33.400001525878906,33.880001068115234,32.65999984741211,33.47999954223633,350711
2024-11-11,HAG.DE,34.918922424316406,35.34000015258789,35.5,33.900001525878906,33.900001525878906,323662
2024-11-12,HAG.DE,35.31415939331055,35.7400016784668,36.13999938964844,34.619998931884766,34.81999969482422,307807
2024-11-13,HAG.DE,34.306312561035156,34.720001220703125,36.15999984741211,34.18000030517578,35.79999923706055,277240
2024-11-14,HAG.DE,33.10084915161133,33.5,34.959999084472656,33.099998474121094,34.900001525878906,288006
2024-11-15,HAG.DE,33.950599670410156,34.36000061035156,35.13999938964844,33.15999984741211,33.2599983215332,222238
2024-11-18,HAG.DE,34.66202163696289,35.08000183105469,36.13999938964844,34.7599983215332,34.79999923706055,297580
2024-11-19,HAG.DE,35.116539001464844,35.540000915527344,36.18000030517578,34.540000915527344,35.560001373291016,463903
2024-11-20,HAG.DE,35.39320373535156,35.81999969482422,36.2599983215332,35.119998931884766,35.7599983215332,213719
2024-11-21,HAG.DE,36.04533767700195,36.47999954223633,36.47999954223633,35.439998626708984,35.939998626708984,217092
2024-11-22,HAG.DE,36.163909912109375,36.599998474121094,36.70000076293945,35.97999954223633,36.380001068115234,193255
2024-11-25,HAG.DE,36.065101623535156,36.5,37.459999084472656,36.0,36.880001068115234,272902
2024-11-26,HAG.DE,36.26272201538086,36.70000076293945,37.119998931884766,36.2400016784668,36.2400016784668,165894
2024-11-27,HAG.DE,35.7884407043457,36.220001220703125,36.7599983215332,36.20000076293945,36.599998474121094,99742
2024-11-28,HAG.DE,36.242958068847656,36.68000030517578,36.91999816894531,36.099998474121094,36.58000183105469,137739
2024-11-29,HAG.DE,36.36152648925781,36.79999923706055,36.79999923706055,36.400001525878906,36.52000045776367,104793
2024-12-02,HAG.DE,36.855567932128906,37.29999923706055,37.5,36.65999984741211,37.0,141795
2024-12-03,HAG.DE,36.95438003540039,37.400001525878906,37.7400016784668,37.099998474121094,37.29999923706055,164838
2024-12-04,HAG.DE,37.40890121459961,37.86000061035156,37.880001068115234,37.459999084472656,37.63999938964844,106289
2024-12-05,HAG.DE,37.705322265625,38.15999984741211,38.36000061035156,37.58000183105469,37.81999969482422,239874
2024-12-06,HAG.DE,37.270565032958984,37.720001220703125,38.2599983215332,37.63999938964844,38.08000183105469,197271
2024-12-09,HAG.DE,34.12845993041992,34.540000915527344,37.7599983215332,34.5,37.5,575669
2024-12-10,HAG.DE,33.476318359375,33.880001068115234,34.959999084472656,33.7599983215332,34.52000045776367,342418
2024-12-11,HAG.DE,33.9901237487793,34.400001525878906,34.52000045776367,33.459999084472656,33.63999938964844,228182
2024-12-12,HAG.DE,34.76082992553711,35.18000030517578,36.380001068115234,33.68000030517578,36.08000183105469,556751
2024-12-13,HAG.DE,34.879398345947266,35.29999923706055,36.31999969482422,35.220001220703125,35.63999938964844,326058
2024-12-16,HAG.DE,34.088932037353516,34.5,35.70000076293945,34.5,35.29999923706055,289190
2024-12-17,HAG.DE,33.21941375732422,33.619998931884766,35.34000015258789,33.619998931884766,34.779998779296875,256840
2024-12-18,HAG.DE,33.160133361816406,33.560001373291016,34.29999923706055,33.560001373291016,33.65999984741211,168000
2024-12-19,HAG.DE,33.654178619384766,34.060001373291016,34.2599983215332,33.0,33.20000076293945,243394
2024-12-20,HAG.DE,33.45655822753906,33.86000061035156,34.040000915527344,33.220001220703125,33.70000076293945,241110
2024-12-23,HAG.DE,34.20750045776367,34.619998931884766,35.15999984741211,34.08000183105469,34.2400016784668,248417
2024-12-27,HAG.DE,34.227264404296875,34.63999938964844,34.86000061035156,34.31999969482422,34.68000030517578,128076
2024-12-30,HAG.DE,34.088932037353516,34.5,34.81999969482422,34.400001525878906,34.619998931884766,91946
2025-01-02,HAG.DE,33.41703414916992,33.81999969482422,34.900001525878906,33.81999969482422,34.880001068115234,128813
2025-01-03,HAG.DE,33.476318359375,33.880001068115234,34.040000915527344,33.279998779296875,33.7400016784668,132555
2025-01-06,HAG.DE,33.41703414916992,33.81999969482422,34.400001525878906,32.79999923706055,33.959999084472656,207964
2025-01-07,HAG.DE,34.60273742675781,35.02000045776367,35.02000045776367,33.939998626708984,34.08000183105469,301365
2025-01-08,HAG.DE,35.53153610229492,35.959999084472656,37.2599983215332,35.220001220703125,35.220001220703125,542531
2025-01-09,HAG.DE,36.91485595703125,37.36000061035156,37.36000061035156,36.02000045776367,36.400001525878906,275069
2025-01-10,HAG.DE,36.796287536621094,37.2400016784668,37.68000030517578,36.880001068115234,37.5,216385
2025-01-13,HAG.DE,35.82795715332031,36.2599983215332,37.439998626708984,36.2599983215332,37.31999969482422,197233
2025-01-14,HAG.DE,36.36152648925781,36.79999923706055,37.2599983215332,35.7599983215332,36.20000076293945,263082
2025-01-15,HAG.DE,36.302242279052734,36.7400016784668,37.0,36.380001068115234,36.79999923706055,153295
2025-01-16,HAG.DE,36.14414978027344,36.58000183105469,37.13999938964844,36.0,36.84000015258789,260807
2025-01-17,HAG.DE,36.18367004394531,36.619998931884766,37.279998779296875,36.279998779296875,37.18000030517578,226714
2025-01-20,HAG.DE,36.40105056762695,36.84000015258789,37.7599983215332,36.63999938964844,37.0,259592
2025-01-21,HAG.DE,37.231040954589844,37.68000030517578,37.91999816894531,36.619998931884766,37.0,244203
2025-01-22,HAG.DE,38.199363708496094,38.65999984741211,38.79999923706055,37.7599983215332,37.959999084472656,264848
2025-01-23,HAG.DE,38.39698028564453,38.86000061035156,38.880001068115234,37.900001525878906,38.81999969482422,198196
2025-01-24,HAG.DE,37.98198318481445,38.439998626708984,38.959999084472656,37.84000015258789,38.84000015258789,208747
2025-01-27,HAG.DE,36.97414016723633,37.41999816894531,38.220001220703125,36.619998931884766,38.040000915527344,288549
2025-01-28,HAG.DE,36.77652359008789,37.220001220703125,37.599998474121094,36.84000015258789,37.439998626708984,193118
2025-01-29,HAG.DE,36.36152648925781,36.79999923706055,37.70000076293945,36.70000076293945,37.65999984741211,158450
2025-01-30,HAG.DE,36.993900299072266,37.439998626708984,37.70000076293945,36.86000061035156,36.91999816894531,152033
2025-01-31,HAG.DE,38.317935943603516,38.779998779296875,38.81999969482422,37.34000015258789,37.34000015258789,355671
2025-02-03,HAG.DE,38.95030975341797,39.41999816894531,39.7400016784668,38.400001525878906,38.5,410723
2025-02-04,HAG.DE,38.91078567504883,39.380001068115234,39.91999816894531,37.7599983215332,39.7400016784668,326521
2025-02-05,HAG.DE,38.83174133300781,39.29999923706055,40.02000045776367,38.7400016784668,39.5,251983
2025-02-06,HAG.DE,36.440574645996094,36.880001068115234,39.900001525878906,36.880001068115234,39.79999923706055,620228
2025-02-07,HAG.DE,35.86748504638672,36.29999923706055,37.220001220703125,35.91999816894531,37.0,551055
2025-02-10,HAG.DE,35.847721099853516,36.279998779296875,36.47999954223633,35.779998779296875,36.119998931884766,216991
2025-02-11,HAG.DE,35.768680572509766,36.20000076293945,36.619998931884766,35.959999084472656,36.599998474121094,205407
2025-02-12,HAG.DE,35.5710563659668,36.0,36.20000076293945,35.31999969482422,36.20000076293945,233200
2025-02-13,HAG.DE,36.00581741333008,36.439998626708984,37.279998779296875,33.119998931884766,34.08000183105469,1175264
2025-02-14,HAG.DE,40.29410171508789,40.779998779296875,42.02000045776367,36.58000183105469,36.84000015258789,1525859
2025-02-17,HAG.DE,45.74833297729492,46.29999923706055,46.7400016784668,43.08000183105469,44.84000015258789,1764763
2025-02-18,HAG.DE,46.242374420166016,46.79999923706055,49.70000076293945,46.65999984741211,49.5,1741406
2025-02-19,HAG.DE,46.558563232421875,47.119998931884766,48.31999969482422,46.900001525878906,47.099998474121094,950473
2025-02-20,HAG.DE,44.760250091552734,45.29999923706055,47.20000076293945,45.08000183105469,47.099998474121094,748612
2025-02-21,HAG.DE,44.99739456176758,45.540000915527344,46.20000076293945,45.02000045776367,45.619998931884766,407999
2025-02-24,HAG.DE,47.052608489990234,47.619998931884766,48.5,46.0,47.400001525878906,903063
2025-02-25,HAG.DE,48.41616439819336,49.0,50.099998474121094,48.119998931884766,49.0,1025732
2025-02-26,HAG.DE,50.34292984008789,50.95000076293945,50.95000076293945,48.81999969482422,49.41999816894531,762090
2025-02-27,HAG.DE,52.862545013427734,53.5,55.29999923706055,50.400001525878906,52.79999923706055,1683005
2025-02-28,HAG.DE,51.72624588012695,52.349998474121094,54.0,49.91999816894531,54.0,1827128
2025-03-03,HAG.DE,63.2374382019043,64.0,68.69999694824219,60.0,63.0,3936325
2025-03-04,HAG.DE,63.336246490478516,64.0999984741211,75.9000015258789,63.400001525878906,75.0,4513394
2025-03-05,HAG.DE,68.96833801269531,69.80000305175781,71.25,66.5,69.94999694824219,3097053
2025-03-06,HAG.DE,72.13020324707031,73.0,74.05000305175781,70.19999694824219,72.0,1829018
2025-03-07,HAG.DE,62.64459228515625,63.400001525878906,73.3499984741211,63.20000076293945,73.30000305175781,2553103
2025-03-10,HAG.DE,60.76722717285156,61.5,66.5,61.349998474121094,65.1500015258789,1594535
2025-03-11,HAG.DE,63.879695892333984,64.6500015258789,67.1500015258789,61.099998474121094,61.54999923706055,1234758
2025-03-12,HAG.DE,66.89334869384766,67.69999694824219,68.5999984741211,63.150001525878906,64.94999694824219,1385338
2025-03-13,HAG.DE,66.69573974609375,67.5,68.69999694824219,64.6500015258789,68.0,1072825
2025-03-14,HAG.DE,71.43855285644531,72.30000305175781,72.30000305175781,66.5,67.0999984741211,1502166
2025-03-17,HAG.DE,73.31590270996094,74.19999694824219,76.5,71.69999694824219,74.94999694824219,1810555
2025-03-18,HAG.DE,77.5152587890625,78.44999694824219,81.0,73.8499984741211,75.55000305175781,2729544
2025-03-19,HAG.DE,70.30225372314453,71.1500015258789,80.0999984741211,69.55000305175781,79.4000015258789,2894998
2025-03-20,HAG.DE,67.53561401367188,68.3499984741211,71.75,63.29999923706055,68.25,2226762
2025-03-21,HAG.DE,66.84394836425781,67.6500015258789,69.5999984741211,65.25,68.1500015258789,1516957
2025-03-24,HAG.DE,67.38739013671875,68.19999694824219,71.0,67.5999984741211,69.0999984741211,888865
2025-03-25,HAG.DE,66.89334869384766,67.69999694824219,68.55000305175781,66.25,67.5,474355
2025-03-26,HAG.DE,68.2272720336914,69.05000305175781,70.0,67.05000305175781,68.4000015258789,650590
2025-03-27,HAG.DE,65.85586547851562,66.6500015258789,69.05000305175781,66.5,67.8499984741211,711837
2025-03-28,HAG.DE,62.44697189331055,63.20000076293945,65.80000305175781,62.150001525878906,65.19999694824219,1200522
2025-03-31,HAG.DE,61.01424789428711,61.75,62.400001525878906,59.70000076293945,60.70000076293945,1212544
2025-04-01,HAG.DE,62.24935531616211,63.0,64.30000305175781,60.95000076293945,61.45000076293945,767027
2025-04-02,HAG.DE,61.6565055847168,62.400001525878906,64.05000305175781,60.54999923706055,63.25,542772
2025-04-03,HAG.DE,61.80471420288086,62.54999923706055,63.400001525878906,59.04999923706055,59.79999923706055,657227
2025-04-04,HAG.DE,57.06190490722656,57.75,64.5999984741211,56.5,62.849998474121094,1487721
2025-04-07,HAG.DE,55.72799301147461,56.400001525878906,58.599998474121094,44.880001068115234,47.5,2268775
2025-04-08,HAG.DE,59.82854461669922,60.54999923706055,62.25,57.79999923706055,58.599998474121094,1078503
2025-04-09,HAG.DE,59.235694885253906,59.95000076293945,61.29999923706055,57.54999923706055,59.29999923706055,645661
2025-04-10,HAG.DE,62.00233459472656,62.75,65.0,60.5,65.0,1115572
2025-04-11,HAG.DE,61.26127243041992,62.0,64.05000305175781,60.849998474121094,63.349998474121094,428342
2025-04-14,HAG.DE,64.02790832519531,64.80000305175781,65.05000305175781,61.70000076293945,63.150001525878906,473457
2025-04-15,HAG.DE,67.78263092041016,68.5999984741211,68.5999984741211,65.80000305175781,66.25,708494
2025-04-16,HAG.DE,66.2510986328125,67.05000305175781,68.6500015258789,65.1500015258789,68.44999694824219,627856
2025-04-17,HAG.DE,64.81837463378906,65.5999984741211,67.4000015258789,64.44999694824219,67.30000305175781,318153
2025-04-22,HAG.DE,64.47254180908203,65.25,66.44999694824219,64.1500015258789,66.05000305175781,357438
2025-04-23,HAG.DE,62.00233459472656,62.75,66.4000015258789,61.5,66.4000015258789,673721
2025-04-24,HAG.DE,63.138633728027344,63.900001525878906,64.0,61.349998474121094,62.20000076293945,317739
2025-04-25,HAG.DE,63.879695892333984,64.6500015258789,65.1500015258789,62.900001525878906,63.900001525878906,316873
2025-04-28,HAG.DE,62.101139068603516,62.849998474121094,64.5999984741211,62.849998474121094,64.1500015258789,381827
2025-04-29,HAG.DE,65.5100326538086,66.30000305175781,66.30000305175781,63.400001525878906,63.70000076293945,472176
2025-04-30,HAG.DE,67.38739013671875,68.19999694824219,68.19999694824219,66.05000305175781,66.69999694824219,682090
2025-05-02,HAG.DE,70.30225372314453,71.1500015258789,71.1500015258789,67.9000015258789,68.69999694824219,753288
2025-05-05,HAG.DE,70.40106201171875,71.25,71.94999694824219,70.55000305175781,71.05000305175781,464270
2025-05-06,HAG.DE,68.96833801269531,69.80000305175781,72.0999984741211,67.4000015258789,71.69999694824219,962996
2025-05-07,HAG.DE,68.27667236328125,69.0999984741211,75.44999694824219,68.0999984741211,70.0,1239737
2025-05-08,HAG.DE,74.10637664794922,75.0,75.0,67.6500015258789,68.9000015258789,1502567
2025-05-09,HAG.DE,72.6242446899414,73.5,75.0,71.94999694824219,75.0,774804
2025-05-12,HAG.DE,64.22552490234375,65.0,71.5999984741211,63.900001525878906,71.55000305175781,1840629
2025-05-13,HAG.DE,66.49812316894531,67.30000305175781,68.0,64.30000305175781,65.30000305175781,561043
2025-05-14,HAG.DE,65.41122436523438,66.19999694824219,70.0,65.25,67.55000305175781,906730
2025-05-15,HAG.DE,71.1915283203125,72.05000305175781,72.5,66.25,66.5,1091062
2025-05-16,HAG.DE,72.22901153564453,73.0999984741211,74.1500015258789,71.4000015258789,72.55000305175781,648545
2025-05-19,HAG.DE,74.10637664794922,75.0,75.0,72.5,72.8499984741211,497015
2025-05-20,HAG.DE,76.47777557373047,77.4000015258789,77.55000305175781,74.1500015258789,75.0,865677
2025-05-21,HAG.DE,78.0587158203125,79.0,82.30000305175781,77.6500015258789,78.0,1136516
2025-05-22,HAG.DE,79.34322357177734,80.30000305175781,80.5,77.1500015258789,79.80000305175781,549639
2025-05-23,HAG.DE,78.35514068603516,79.30000305175781,80.55000305175781,76.55000305175781,80.30000305175781,641283
2025-05-26,HAG.DE,80.92416381835938,81.9000015258789,82.3499984741211,80.5,81.94999694824219,590167
2025-05-27,HAG.DE,85.56816101074219,86.5999984741211,87.05000305175781,82.8499984741211,83.55000305175781,1147124
2025-05-28,HAG.DE,89.4440689086914,90.0,92.75,88.05000305175781,88.75,1505835
2025-05-29,HAG.DE,91.03418731689453,91.5999984741211,91.94999694824219,86.4000015258789,91.0999984741211,983683
2025-05-30,HAG.DE,91.43171691894531,92.0,93.30000305175781,90.1500015258789,91.19999694824219,871792
2025-06-02,HAG.DE,98.73631286621094,99.3499984741211,105.19999694824219,95.05000305175781,95.1500015258789,3214611
2025-06-03,HAG.DE,100.77365112304688,101.4000015258789,103.5,97.3499984741211,101.80000305175781,1172048
2025-06-04,HAG.DE,100.3761215209961,101.0,103.0999984741211,98.0999984741211,102.80000305175781,1030618
2025-06-05,HAG.DE,105.24585723876953,105.9000015258789,108.9000015258789,99.4000015258789,100.19999694824219,1211105
2025-06-06,HAG.DE,98.48785400390625,99.0999984741211,107.80000305175781,98.30000305175781,107.69999694824219,1666931
2025-06-09,HAG.DE,96.0032958984375,96.5999984741211,98.19999694824219,95.25,96.5,794103
2025-06-10,HAG.DE,90.13973999023438,90.69999694824219,95.0,90.25,93.44999694824219,1378596
2025-06-11,HAG.DE,92.22677612304688,92.80000305175781,95.0,90.4000015258789,91.0999984741211,950804
2025-06-12,HAG.DE,93.71751403808594,94.30000305175781,95.80000305175781,90.4000015258789,95.75,671462
2025-06-13,HAG.DE,93.61812591552734,94.19999694824219,99.3499984741211,92.80000305175781,96.0999984741211,766124
2025-06-16,HAG.DE,92.57461547851562,93.1500015258789,96.69999694824219,91.8499984741211,95.0,561668
2025-06-17,HAG.DE,91.38201904296875,91.94999694824219,93.44999694824219,89.5999984741211,92.5,599254
2025-06-18,HAG.DE,92.02800750732422,92.5999984741211,94.19999694824219,91.19999694824219,91.19999694824219,492772
2025-06-19,HAG.DE,90.13973999023438,90.69999694824219,94.0,89.8499984741211,92.4000015258789,445486
2025-06-20,HAG.DE,93.9659652709961,94.55000305175781,94.8499984741211,90.9000015258789,91.05000305175781,853715
2025-06-23,HAG.DE,91.97831726074219,92.55000305175781,94.6500015258789,88.05000305175781,93.44999694824219,936243
2025-06-24,HAG.DE,88.8477783203125,89.4000015258789,92.25,86.0,91.0,827148
2025-06-25,HAG.DE,93.91627502441406,94.5,95.05000305175781,90.55000305175781,90.8499984741211,988145
2025-06-26,HAG.DE,98.78600311279297,99.4000015258789,99.69999694824219,93.5999984741211,94.44999694824219,712363
2025-06-27,HAG.DE,94.01565551757812,94.5999984741211,100.9000015258789,93.6500015258789,100.0999984741211,884034
2025-06-30,HAG.DE,96.7983627319336,97.4000015258789,97.94999694824219,95.25,95.55000305175781,418404
2025-07-01,HAG.DE,90.93480682373047,91.5,97.0999984741211,91.5,97.0,535659
2025-07-02,HAG.DE,92.52491760253906,93.0999984741211,93.25,89.3499984741211,91.6500015258789,578425
2025-07-03,HAG.DE,93.9659652709961,94.55000305175781,94.9000015258789,92.80000305175781,93.5,357292
2025-07-04,HAG.DE,96.94743347167969,97.55000305175781,97.55000305175781,94.0999984741211,94.30000305175781,515648
2025-07-07,HAG.DE,100.57488250732422,101.19999694824219,101.19999694824219,97.4000015258789,97.44999694824219,746160
2025-07-08,HAG.DE,103.15882873535156,103.80000305175781,105.9000015258789,101.0999984741211,101.5,850670
2025-07-09,HAG.DE,104.05326080322266,104.69999694824219,107.0,102.9000015258789,105.0999984741211,560891
2025-07-10,HAG.DE,103.9538803100586,104.5999984741211,106.9000015258789,102.0,104.4000015258789,648507
2025-07-11,HAG.DE,101.27056121826172,101.9000015258789,105.9000015258789,100.69999694824219,103.4000015258789,404033
2025-07-14,HAG.DE,104.3514175415039,105.0,105.30000305175781,101.4000015258789,102.0,419454
2025-07-15,HAG.DE,101.27056121826172,101.9000015258789,106.19999694824219,100.80000305175781,105.80000305175781,517855
2025-07-16,HAG.DE,100.3761215209961,101.0,104.0999984741211,99.69999694824219,104.0,445969
2025-07-17,HAG.DE,102.36376953125,103.0,103.0,100.5,101.5,289228
2025-07-18,HAG.DE,102.56253051757812,103.19999694824219,105.0999984741211,102.0999984741211,102.4000015258789,413742
2025-07-21,HAG.DE,101.36994171142578,102.0,103.5999984741211,100.30000305175781,103.5,328933
2025-07-22,HAG.DE,99.68045043945312,100.30000305175781,103.0,98.4000015258789,101.19999694824219,366341
2025-07-23,HAG.DE,98.73631286621094,99.3499984741211,100.69999694824219,98.8499984741211,100.0999984741211,282316
2025-07-24,HAG.DE,96.35113525390625,96.94999694824219,100.69999694824219,95.69999694824219,98.55000305175781,533685
2025-07-25,HAG.DE,96.35113525390625,96.94999694824219,98.9000015258789,96.25,97.55000305175781,268728
2025-07-28,HAG.DE,90.8354263305664,91.4000015258789,95.19999694824219,90.75,95.0,650017
2025-07-29,HAG.DE,93.66781616210938,94.25,94.69999694824219,91.80000305175781,92.0,490930
2025-07-30,HAG.DE,92.07770538330078,92.6500015258789,94.19999694824219,91.30000305175781,92.5999984741211,449186
2025-07-31,HAG.DE,95.50638580322266,96.0999984741211,97.94999694824219,91.5999984741211,94.75,734742
2025-08-01,HAG.DE,91.08387756347656,91.6500015258789,95.4000015258789,89.6500015258789,95.25,627007
2025-08-04,HAG.DE,93.07152557373047,93.6500015258789,95.8499984741211,92.94999694824219,94.1500015258789,501063
2025-08-05,HAG.DE,93.2702865600586,93.8499984741211,95.94999694824219,93.1500015258789,93.9000015258789,419746
2025-08-06,HAG.DE,93.76719665527344,94.3499984741211,94.80000305175781,92.30000305175781,93.8499984741211,324472
2025-08-07,HAG.DE,90.04035949707031,90.5999984741211,93.4000015258789,88.94999694824219,92.75,667284
2025-08-08,HAG.DE,84.7234115600586,85.25,91.1500015258789,83.30000305175781,89.3499984741211,906964
2025-08-11,HAG.DE,84.22650146484375,84.75,85.0999984741211,81.0,81.3499984741211,899210
2025-08-12,HAG.DE,85.36940002441406,85.9000015258789,86.30000305175781,84.44999694824219,84.5999984741211,429978
2025-08-13,HAG.DE,85.36940002441406,85.9000015258789,89.4000015258789,85.75,87.8499984741211,446532
2025-08-14,HAG.DE,85.17062377929688,85.69999694824219,87.69999694824219,85.5999984741211,86.0,430970
2025-08-15,HAG.DE,85.17062377929688,85.69999694824219,86.69999694824219,83.94999694824219,85.75,361363
2025-08-18,HAG.DE,87.75457000732422,88.30000305175781,89.5,85.5999984741211,86.75,412733
2025-08-19,HAG.DE,79.40645599365234,79.9000015258789,86.80000305175781,79.6500015258789,86.3499984741211,889489
2025-08-20,HAG.DE,79.80398559570312,80.30000305175781,81.25,75.94999694824219,76.5999984741211,940602
2025-08-21,HAG.DE,82.98422241210938,83.5,83.8499984741211,81.30000305175781,81.5999984741211,611865
2025-08-22,HAG.DE,86.015380859375,86.55000305175781,87.25,85.1500015258789,85.80000305175781,709010
2025-08-25,HAG.DE,86.7110595703125,87.25,88.80000305175781,86.30000305175781,86.3499984741211,540279
2025-08-26,HAG.DE,87.20796966552734,87.75,88.19999694824219,85.6500015258789,87.94999694824219,4277790
2025-08-27,HAG.DE,84.97186279296875,85.5,87.94999694824219,85.05000305175781,87.9000015258789,321995
2025-08-28,HAG.DE,85.17062377929688,85.69999694824219,86.75,83.55000305175781,85.3499984741211,580518
2025-08-29,HAG.DE,88.10240936279297,88.6500015258789,89.80000305175781,86.5,86.5,584484
2025-09-01,HAG.DE,91.97831726074219,92.55000305175781,93.5,89.0,89.25,503994
2025-09-02,HAG.DE,91.8789291381836,92.44999694824219,94.5999984741211,89.25,93.25,631731
2025-09-03,HAG.DE,91.5807876586914,92.1500015258789,93.94999694824219,91.80000305175781,92.44999694824219,370222
2025-09-04,HAG.DE,88.3011703491211,88.8499984741211,92.25,88.8499984741211,91.9000015258789,505081
2025-09-05,HAG.DE,89.84159851074219,90.4000015258789,91.75,89.3499984741211,89.75,389844
2025-09-08,HAG.DE,92.07770538330078,92.6500015258789,93.25,90.4000015258789,90.80000305175781,351278
2025-09-09,HAG.DE,90.09005737304688,90.6500015258789,92.69999694824219,87.05000305175781,92.69999694824219,688221
2025-09-10,HAG.DE,91.72986602783203,92.30000305175781,93.44999694824219,89.75,91.25,499354
2025-09-11,HAG.DE,95.30762481689453,95.9000015258789,96.5999984741211,91.44999694824219,93.1500015258789,590197
2025-09-12,HAG.DE,92.72368621826172,93.30000305175781,95.5,90.69999694824219,94.4000015258789,869009
2025-09-15,HAG.DE,95.20824432373047,95.80000305175781,95.9000015258789,93.6500015258789,94.0999984741211,481308
2025-09-16,HAG.DE,93.71751403808594,94.30000305175781,97.5,94.1500015258789,96.19999694824219,412436
2025-09-17,HAG.DE,93.17090606689453,93.75,97.69999694824219,93.5999984741211,93.75,507163
2025-09-18,HAG.DE,93.51874542236328,94.0999984741211,95.94999694824219,92.19999694824219,95.69999694824219,352940
2025-09-19,HAG.DE,93.07152557373047,93.6500015258789,95.1500015258789,92.1500015258789,94.80000305175781,1375289
2025-09-22,HAG.DE,98.53755187988281,99.1500015258789,99.30000305175781,94.5,94.80000305175781,683599
2025-09-23,HAG.DE,96.40083312988281,97.0,99.4000015258789,96.6500015258789,98.94999694824219,299143
2025-09-24,HAG.DE,104.15264892578125,104.80000305175781,104.80000305175781,98.69999694824219,98.69999694824219,678531
2025-09-25,HAG.DE,103.15882873535156,103.80000305175781,104.0,101.19999694824219,102.69999694824219,400227
2025-09-26,HAG.DE,102.46315002441406,103.0999984741211,104.5,101.5,103.69999694824219,270515
2025-09-29,HAG.DE,108.52546691894531,109.19999694824219,110.30000305175781,103.9000015258789,105.4000015258789,849561
2025-09-30,HAG.DE,109.6186752319336,110.30000305175781,111.69999694824219,107.9000015258789,109.80000305175781,480739
2025-10-01,HAG.DE,106.23967742919922,106.9000015258789,108.5,104.5,107.5,511011
2025-10-02,HAG.DE,112.30199432373047,113.0,113.0,107.69999694824219,108.5999984741211,535961
2025-10-03,HAG.DE,113.09706115722656,113.80000305175781,116.9000015258789,113.80000305175781,115.0,521430
2025-10-06,HAG.DE,110.71188354492188,111.4000015258789,117.69999694824219,111.19999694824219,115.5,655288
2025-10-07,HAG.DE,108.9229965209961,109.5999984741211,111.5999984741211,106.0999984741211,110.0,461934
2025-10-08,HAG.DE,111.01002502441406,111.69999694824219,113.30000305175781,109.80000305175781,111.0,342007
2025-10-09,HAG.DE,110.3143539428711,111.0,111.4000015258789,109.0999984741211,111.0,278411
2025-10-10,HAG.DE,104.45079803466797,105.0999984741211,110.30000305175781,102.0,109.4000015258789,690361
2025-10-13,HAG.DE,105.04708862304688,105.69999694824219,107.0,103.0,106.0999984741211,249301
2025-10-14,HAG.DE,101.56871032714844,102.19999694824219,104.5999984741211,100.80000305175781,103.5999984741211,420156
2025-10-15,HAG.DE,96.45052337646484,97.05000305175781,102.5999984741211,96.44999694824219,102.5999984741211,538289
2025-10-16,HAG.DE,97.9412612915039,98.55000305175781,100.30000305175781,95.05000305175781,98.0,488885
2025-10-17,HAG.DE,90.288818359375,90.8499984741211,93.94999694824219,90.6500015258789,93.30000305175781,605817
2025-10-20,HAG.DE,97.3946533203125,98.0,98.4000015258789,93.19999694824219,95.0,461628
2025-10-21,HAG.DE,98.04064178466797,98.6500015258789,99.69999694824219,97.69999694824219,99.30000305175781,307457
2025-10-22,HAG.DE,96.7983627319336,97.4000015258789,103.30000305175781,97.4000015258789,100.5,545563
2025-10-23,HAG.DE,96.05299377441406,96.6500015258789,101.9000015258789,95.69999694824219,101.69999694824219,367618
2025-10-24,HAG.DE,97.24557495117188,97.8499984741211,100.19999694824219,97.05000305175781,99.9000015258789,387748
2025-10-27,HAG.DE,95.20824432373047,95.80000305175781,99.69999694824219,95.30000305175781,98.94999694824219,404145
2025-10-28,HAG.DE,95.45670318603516,96.05000305175781,96.8499984741211,92.44999694824219,94.0999984741211,377458
2025-10-29,HAG.DE,93.12120819091797,93.69999694824219,96.4000015258789,93.44999694824219,96.0999984741211,273962
2025-10-30,HAG.DE,91.23295593261719,91.80000305175781,93.44999694824219,90.05000305175781,93.44999694824219,406729
2025-10-31,HAG.DE,91.63047790527344,92.19999694824219,94.1500015258789,91.1500015258789,92.3499984741211,268545
2025-11-03,HAG.DE,93.46905517578125,94.05000305175781,95.30000305175781,93.05000305175781,94.25,272031
2025-11-04,HAG.DE,91.38201904296875,91.94999694824219,93.30000305175781,90.8499984741211,92.5999984741211,294236
2025-11-05,HAG.DE,88.8974609375,89.44999694824219,91.19999694824219,88.8499984741211,91.0,451093
2025-11-06,HAG.DE,87.15827178955078,87.69999694824219,90.5,85.0,90.5,563233
2025-11-07,HAG.DE,91.08387756347656,91.6500015258789,93.0,86.1500015258789,89.0,620276
2025-11-10,HAG.DE,94.4131851196289,95.0,95.30000305175781,91.30000305175781,92.5999984741211,431964
2025-11-11,HAG.DE,86.51229095458984,87.05000305175781,91.1500015258789,86.19999694824219,90.69999694824219,1088492
2025-11-12,HAG.DE,82.28854370117188,82.80000305175781,86.69999694824219,80.69999694824219,85.5999984741211,1028840
2025-11-13,HAG.DE,83.63020324707031,84.1500015258789,86.4000015258789,82.19999694824219,83.19999694824219,470661
2025-11-14,HAG.DE,83.63020324707031,84.1500015258789,85.5999984741211,81.1500015258789,85.5,461349
2025-11-17,HAG.DE,82.43761444091797,82.94999694824219,85.9000015258789,82.94999694824219,84.0999984741211,317194
2025-11-18,HAG.DE,80.74811553955078,81.25,84.0,80.44999694824219,81.0,441388
2025-11-19,HAG.DE,76.62374877929688,77.0999984741211,82.19999694824219,76.55000305175781,81.5999984741211,989863
2025-11-20,HAG.DE,77.12065887451172,77.5999984741211,79.5,75.5999984741211,77.94999694824219,561545
2025-11-21,HAG.DE,72.05216979980469,72.5,75.1500015258789,71.4000015258789,74.30000305175781,842166
2025-11-24,HAG.DE,68.77254486083984,69.19999694824219,71.25,68.44999694824219,69.5999984741211,1548220
2025-11-25,HAG.DE,68.47440338134766,68.9000015258789,71.05000305175781,67.25,70.5,812677
2025-11-26,HAG.DE,68.57378387451172,69.0,71.0999984741211,68.44999694824219,71.0999984741211,461072
2025-11-27,HAG.DE,69.26946258544922,69.69999694824219,71.1500015258789,68.75,71.0,480002
2025-11-28,HAG.DE,67.92780303955078,68.3499984741211,70.0999984741211,67.75,70.0999984741211,355189
2025-12-01,HAG.DE,65.79107666015625,66.19999694824219,66.8499984741211,64.80000305175781,66.3499984741211,756974
2025-12-02,HAG.DE,67.72904205322266,68.1500015258789,68.5,65.55000305175781,66.25,487213
2025-12-03,HAG.DE,67.87811279296875,68.30000305175781,70.94999694824219,67.6500015258789,70.9000015258789,531796
2025-12-04,HAG.DE,68.62348175048828,69.05000305175781,69.8499984741211,68.19999694824219,69.55000305175781,338494
2025-12-05,HAG.DE,68.02718353271484,68.44999694824219,69.5,67.0999984741211,67.69999694824219,649880
2025-12-08,HAG.DE,69.51791381835938,69.94999694824219,70.44999694824219,68.5999984741211,70.0,388090
2025-12-09,HAG.DE,73.59259796142578,74.05000305175781,75.25,71.4000015258789,72.0999984741211,748090
2025-12-10,HAG.DE,72.05216979980469,72.5,73.19999694824219,70.8499984741211,72.9000015258789,423197
2025-12-11,HAG.DE,70.85958099365234,71.30000305175781,72.5,70.8499984741211,72.30000305175781,408700
2025-12-12,HAG.DE,72.59877014160156,73.05000305175781,73.55000305175781,70.3499984741211,70.8499984741211,423363
2025-12-15,HAG.DE,71.75402069091797,72.19999694824219,73.05000305175781,71.0999984741211,72.55000305175781,373212
2025-12-16,HAG.DE,69.17008209228516,69.5999984741211,70.44999694824219,67.5999984741211,70.25,667188
2025-12-17,HAG.DE,71.30680084228516,71.75,72.19999694824219,70.4000015258789,70.69999694824219,385786
2025-12-18,HAG.DE,72.49938201904297,72.94999694824219,73.0999984741211,71.05000305175781,71.5999984741211,363321
2025-12-19,HAG.DE,73.14537048339844,73.5999984741211,75.05000305175781,72.44999694824219,75.0,678989
2025-12-22,HAG.DE,73.04598999023438,73.5,73.75,72.5999984741211,73.6500015258789,255507
2025-12-23,HAG.DE,72.74784088134766,73.19999694824219,74.69999694824219,72.8499984741211,74.19999694824219,154755
2025-12-29,HAG.DE,72.05216979980469,72.5,72.8499984741211,70.8499984741211,72.55000305175781,276817
2025-12-30,HAG.DE,72.94660949707031,73.4000015258789,73.5999984741211,72.0,72.05000305175781,150552
2026-01-02,HAG.DE,75.9280776977539,76.4000015258789,76.75,74.4000015258789,74.8499984741211,314402
2026-01-05,HAG.DE,82.13947296142578,82.6500015258789,82.75,78.25,78.25,667852
2026-01-06,HAG.DE,81.49348449707031,82.0,83.94999694824219,80.1500015258789,83.4000015258789,483285
2026-01-07,HAG.DE,86.31352233886719,86.8499984741211,86.8499984741211,81.69999694824219,82.1500015258789,672192
2026-01-08,HAG.DE,85.81661224365234,86.3499984741211,89.4000015258789,84.5,88.75,619974
2026-01-09,HAG.DE,90.73604583740234,91.30000305175781,91.5,86.25,86.4000015258789,638298
2026-01-12,HAG.DE,91.43171691894531,92.0,93.3499984741211,90.75,92.55000305175781,561504
2026-01-13,HAG.DE,91.43171691894531,92.0,92.8499984741211,90.6500015258789,91.94999694824219,367423
2026-01-14,HAG.DE,90.13973999023438,90.69999694824219,92.80000305175781,87.80000305175781,92.80000305175781,484571
2026-01-15,HAG.DE,89.4440689086914,90.0,90.3499984741211,88.19999694824219,89.5,272286
2026-01-16,HAG.DE,92.2764663696289,92.8499984741211,93.0999984741211,89.80000305175781,90.5999984741211,471386
2026-01-19,HAG.DE,91.68016815185547,92.25,96.69999694824219,92.25,94.0,561422
2026-01-20,HAG.DE,89.19561004638672,89.75,92.3499984741211,88.94999694824219,91.55000305175781,545446
2026-01-21,HAG.DE,86.51229095458984,87.05000305175781,91.0,86.0999984741211,90.05000305175781,512352
2026-01-22,HAG.DE,83.08360290527344,83.5999984741211,86.25,82.5,84.8499984741211,566358
2026-01-23,HAG.DE,87.00920867919922,87.55000305175781,87.69999694824219,83.19999694824219,83.19999694824219,485388
2026-01-26,HAG.DE,84.02774047851562,84.55000305175781,89.30000305175781,83.4000015258789,88.0999984741211,292982
2026-01-27,HAG.DE,86.46260070800781,87.0,87.0999984741211,84.0999984741211,85.5,249647
2026-01-28,HAG.DE,86.06507110595703,86.5999984741211,88.44999694824219,85.8499984741211,87.94999694824219,231842
2026-01-29,HAG.DE,84.02774047851562,84.55000305175781,87.5,84.30000305175781,86.94999694824219,253916
2026-01-30,HAG.DE,83.13329315185547,83.6500015258789,84.80000305175781,82.1500015258789,83.0999984741211,377452
2026-02-02,HAG.DE,78.9095458984375,79.4000015258789,82.69999694824219,79.3499984741211,82.5999984741211,325805
2026-02-03,HAG.DE,79.95305633544922,80.44999694824219,82.6500015258789,80.0,81.5,283387
2026-02-04,HAG.DE,77.07097625732422,77.55000305175781,80.8499984741211,76.69999694824219,80.5999984741211,416311
2026-02-05,HAG.DE,75.87838745117188,76.3499984741211,77.94999694824219,74.25,74.9000015258789,427199
2026-02-06,HAG.DE,77.26973724365234,77.75,79.05000305175781,75.4000015258789,76.0,404126
2026-02-09,HAG.DE,80.84749603271484,81.3499984741211,81.3499984741211,78.75,79.5,342309
2026-02-10,HAG.DE,80.25120544433594,80.75,81.3499984741211,79.3499984741211,81.0,230136
2026-02-11,HAG.DE,78.85985565185547,79.3499984741211,80.80000305175781,77.44999694824219,80.6500015258789,268474
2026-02-12,HAG.DE,78.56171417236328,79.05000305175781,81.1500015258789,78.75,79.19999694824219,240488
2026-02-13,HAG.DE,80.3009033203125,80.80000305175781,82.0,79.1500015258789,79.5,257166
2026-02-16,HAG.DE,80.69842529296875,81.19999694824219,81.69999694824219,79.4000015258789,81.30000305175781,244866
2026-02-17,HAG.DE,79.40645599365234,79.9000015258789,80.19999694824219,76.5999984741211,79.3499984741211,408666
2026-02-18,HAG.DE,81.8910140991211,82.4000015258789,83.25,79.4000015258789,79.4000015258789,347722
2026-02-19,HAG.DE,83.08360290527344,83.5999984741211,83.80000305175781,81.0,82.9000015258789,220554
2026-02-20,HAG.DE,83.63020324707031,84.1500015258789,84.75,83.0,84.19999694824219,294727
2026-02-23,HAG.DE,80.40028381347656,80.9000015258789,83.80000305175781,79.9000015258789,83.80000305175781,315790
2026-02-24,HAG.DE,79.00892639160156,79.5,82.1500015258789,78.25,80.75,446051
2026-02-25,HAG.DE,79.60521697998047,80.0999984741211,80.80000305175781,78.30000305175781,80.0,355896
2026-02-26,HAG.DE,76.1765365600586,76.6500015258789,78.80000305175781,72.4000015258789,78.19999694824219,1104788
2026-02-27,HAG.DE,73.9404296875,74.4000015258789,77.30000305175781,73.9000015258789,76.9000015258789,900763
2026-03-02,HAG.DE,77.56788635253906,78.05000305175781,81.0,76.0999984741211,79.05000305175781,671761
2026-03-03,HAG.DE,76.1765365600586,76.6500015258789,80.05000305175781,74.80000305175781,78.94999694824219,387621
2026-03-04,HAG.DE,78.16417694091797,78.6500015258789,79.55000305175781,75.8499984741211,75.8499984741211,378015
2026-03-05,HAG.DE,71.40618133544922,71.8499984741211,79.5999984741211,71.69999694824219,79.5,480408
2026-03-06,HAG.DE,73.2447509765625,73.69999694824219,74.94999694824219,73.0,73.0,388355
2026-03-09,HAG.DE,76.67344665527344,77.1500015258789,78.30000305175781,73.44999694824219,74.6500015258789,591781
2026-03-10,HAG.DE,77.07097625732422,77.55000305175781,78.8499984741211,75.9000015258789,77.05000305175781,290627
2026-03-11,HAG.DE,75.72930908203125,76.19999694824219,77.6500015258789,74.4000015258789,77.0999984741211,370778
2026-03-12,HAG.DE,78.11448669433594,78.5999984741211,81.1500015258789,77.9000015258789,77.9000015258789,634108
2026-03-13,HAG.DE,77.6175765991211,78.0999984741211,79.69999694824219,77.25,78.6500015258789,300198
2026-03-16,HAG.DE,81.79163360595703,82.30000305175781,83.1500015258789,80.44999694824219,80.75,401628
2026-03-17,HAG.DE,81.64256286621094,82.1500015258789,82.55000305175781,79.0999984741211,82.3499984741211,317312
2026-03-18,HAG.DE,83.48113250732422,84.0,85.3499984741211,81.5,82.3499984741211,454959
2026-03-19,HAG.DE,78.66109466552734,79.1500015258789,84.8499984741211,79.0,84.1500015258789,405904
2026-03-20,HAG.DE,74.08950805664062,74.55000305175781,80.55000305175781,74.55000305175781,79.30000305175781,915565
2026-03-23,HAG.DE,73.59259796142578,74.05000305175781,76.30000305175781,71.4000015258789,72.25,599733
2026-03-24,HAG.DE,71.45587158203125,71.9000015258789,73.3499984741211,70.4000015258789,73.30000305175781,375224
2026-03-25,HAG.DE,73.14537048339844,73.5999984741211,74.44999694824219,72.44999694824219,74.05000305175781,304765
2026-03-26,HAG.DE,69.0707015991211,69.5,74.5,69.5,74.5,718187
2026-03-27,HAG.DE,66.6855239868164,67.0999984741211,70.1500015258789,66.75,69.05000305175781,539629
2026-03-30,HAG.DE,70.46205139160156,70.9000015258789,71.0999984741211,66.19999694824219,66.30000305175781,393614
2026-03-31,HAG.DE,75.13301849365234,75.5999984741211,75.5999984741211,69.5999984741211,70.5,803596
2026-04-01,HAG.DE,82.18915557861328,82.69999694824219,82.9000015258789,75.3499984741211,78.0,828550
2026-04-02,HAG.DE,82.83514404296875,83.3499984741211,83.75,79.55000305175781,80.0,512762
2026-04-07,HAG.DE,80.49966430664062,81.0,83.73999786376953,79.27999877929688,83.54000091552734,391163
2026-04-08,HAG.DE,82.38792419433594,82.9000015258789,83.77999877929688,79.69999694824219,83.73999786376953,541473
2026-04-09,HAG.DE,81.01644897460938,81.5199966430664,82.13999938964844,79.55999755859375,82.13999938964844,343236
2026-04-10,HAG.DE,76.24610137939453,76.72000122070312,81.4800033569336,75.69999694824219,81.0999984741211,644714
2026-04-13,HAG.DE,78.3132553100586,78.80000305175781,79.0999984741211,76.76000213623047,78.18000030517578,350673
2026-04-14,HAG.DE,77.97534942626953,78.45999908447266,79.45999908447266,78.19999694824219,78.81999969482422,203726
2026-04-15,HAG.DE,80.45990753173828,80.95999908447266,81.0199966430664,77.05999755859375,78.5,414162
2026-04-16,HAG.DE,80.28102111816406,80.77999877929688,83.63999938964844,80.08000183105469,80.9000015258789,337548
2026-04-17,HAG.DE,80.34064483642578,80.83999633789062,84.45999908447266,80.12000274658203,81.18000030517578,315108
2026-04-20,HAG.DE,81.85126495361328,82.36000061035156,82.69999694824219,80.55999755859375,81.0,379689
2026-04-21,HAG.DE,78.55177307128906,79.04000091552734,83.4000015258789,78.66000366210938,83.4000015258789,411500
2026-04-22,HAG.DE,77.35917663574219,77.83999633789062,80.55999755859375,77.41999816894531,80.5199966430664,275320
2026-04-23,HAG.DE,77.93560028076172,78.41999816894531,78.72000122070312,75.87999725341797,76.0999984741211,185295
2026-04-24,HAG.DE,72.56895446777344,73.0199966430664,77.69999694824219,72.16000366210938,77.69999694824219,462223
2026-04-27,HAG.DE,73.70191955566406,74.16000366210938,74.68000030517578,72.91999816894531,73.4000015258789,271873
2026-04-28,HAG.DE,73.62240600585938,74.08000183105469,74.30000305175781,72.04000091552734,74.0999984741211,229588
2026-04-29,HAG.DE,74.79512023925781,75.26000213623047,76.83999633789062,74.05999755859375,74.5,270173
2026-04-30,HAG.DE,76.64363098144531,77.12000274658203,77.12000274658203,74.19999694824219,74.30000305175781,364484
2026-05-04,HAG.DE,77.99523162841797,78.4800033569336,79.33999633789062,77.63999938964844,78.08000183105469,347983
2026-05-05,HAG.DE,80.28102111816406,80.77999877929688,82.31999969482422,78.19999694824219,78.19999694824219,424343
2026-05-06,HAG.DE,80.28102111816406,80.77999877929688,82.0999984741211,77.54000091552734,82.0,628751
2026-05-07,HAG.DE,77.3194351196289,77.80000305175781,81.87999725341797,75.0999984741211,81.87999725341797,571939
2026-05-08,HAG.DE,72.96648406982422,73.41999816894531,78.12000274658203,73.41999816894531,77.5,460878
2026-05-11,HAG.DE,70.78007507324219,71.22000122070312,74.80000305175781,69.73999786376953,74.0,894507
2026-05-12,HAG.DE,71.03846740722656,71.4800033569336,72.27999877929688,69.4800033569336,69.87999725341797,334038
2026-05-13,HAG.DE,73.84104919433594,74.30000305175781,74.30000305175781,70.95999908447266,73.5,456503
2026-05-14,HAG.DE,75.13301849365234,75.5999984741211,76.4800033569336,74.0199966430664,74.86000061035156,451269
2026-05-15,HAG.DE,73.64228057861328,74.0999984741211,76.45999908447266,73.95999908447266,74.72000122070312,229137
2026-05-18,HAG.DE,73.14537048339844,73.5999984741211,76.13999938964844,73.55999755859375,74.04000091552734,481736
2026-05-19,HAG.DE,79.12818908691406,79.62000274658203,80.5999984741211,73.31999969482422,73.5199966430664,653050
2026-05-20,HAG.DE,87.25765991210938,87.80000305175781,87.80000305175781,79.55999755859375,79.69999694824219,806761
2026-05-21,HAG.DE,87.55580139160156,88.0999984741211,91.72000122070312,87.26000213623047,87.80000305175781,776390
2026-05-22,HAG.DE,88.48999786376953,89.04000091552734,90.19999694824219,88.0199966430664,88.4800033569336,331748
2026-05-25,HAG.DE,89.0199966430664,89.0199966430664,89.68000030517578,87.0999984741211,88.45999908447266,225824
2026-05-26,HAG.DE,86.0199966430664,86.0199966430664,88.5999984741211,83.95999908447266,88.5999984741211,466113
2026-05-27,HAG.DE,85.0,85.0,87.45999908447266,83.73999786376953,86.0199966430664,346240
2026-05-28,HAG.DE,90.0,90.0,90.0,84.16000366210938,84.33999633789062,533551
2026-05-29,HAG.DE,88.41999816894531,88.41999816894531,91.26000213623047,87.23999786376953,89.9000015258789,740184
2026-06-01,HAG.DE,83.27999877929688,83.27999877929688,89.36000061035156,82.30000305175781,89.36000061035156,539686
2026-06-02,HAG.DE,80.05999755859375,80.05999755859375,85.91999816894531,80.05999755859375,85.41999816894531,465768
2026-06-03,HAG.DE,79.27999877929688,79.27999877929688,79.76000213623047,78.0999984741211,79.5199966430664,315841
2026-06-04,HAG.DE,78.81999969482422,78.81999969482422,79.54000091552734,77.08000183105469,78.87999725341797,208495
2026-06-05,HAG.DE,78.77999877929688,78.77999877929688,80.33999633789062,78.0199966430664,79.36000061035156,230664
2026-06-08,HAG.DE,77.80000305175781,77.80000305175781,79.54000091552734,77.0,77.22000122070312,221427
2026-06-09,HAG.DE,77.86000061035156,77.86000061035156,79.44000244140625,75.73999786376953,77.69999694824219,300439
2026-06-10,HAG.DE,77.9000015258789,77.9000015258789,79.83999633789062,77.4000015258789,78.31999969482422,270621
2026-06-11,HAG.DE,78.87999725341797,78.87999725341797,79.95999908447266,76.87999725341797,77.80000305175781,245982
2026-06-12,HAG.DE,75.62000274658203,75.62000274658203,79.63999938964844,74.04000091552734,79.5999984741211,429410
2026-06-15,HAG.DE,71.73999786376953,71.73999786376953,76.9800033569336,71.73999786376953,75.95999908447266,397499
2026-06-16,HAG.DE,70.66000366210938,70.66000366210938,74.12000274658203,70.54000091552734,72.31999969482422,374120
2026-06-17,HAG.DE,72.08000183105469,72.08000183105469,72.77999877929688,70.86000061035156,71.30000305175781,383571
2026-06-18,HAG.DE,71.58000183105469,71.58000183105469,73.45999908447266,70.08000183105469,72.27999877929688,286089
2026-06-19,HAG.DE,72.45999908447266,72.45999908447266,73.77999877929688,71.58000183105469,71.83999633789062,516352
2026-06-22,HAG.DE,69.0999984741211,69.0999984741211,73.36000061035156,67.62000274658203,71.87999725341797,473986
2026-06-23,HAG.DE,71.30000305175781,71.30000305175781,71.95999908447266,68.5199966430664,69.23999786376953,396858
2026-06-24,HAG.DE,68.95999908447266,68.95999908447266,70.54000091552734,66.66000366210938,70.4000015258789,679366
2026-06-25,HAG.DE,64.33999633789062,64.33999633789062,68.9800033569336,63.560001373291016,68.81999969482422,721326
2026-06-26,HAG.DE,64.9000015258789,64.9000015258789,64.9000015258789,63.18000030517578,64.27999877929688,404156
2026-06-29,HAG.DE,67.55999755859375,67.55999755859375,67.62000274658203,64.91999816894531,65.27999877929688,383392
2026-06-30,HAG.DE,67.76000213623047,67.76000213623047,68.72000122070312,66.26000213623047,67.5,284644
2026-07-01,HAG.DE,70.9000015258789,70.9000015258789,71.30000305175781,68.18000030517578,68.30000305175781,348579
2026-07-02,HAG.DE,76.95999908447266,76.95999908447266,77.94000244140625,70.9000015258789,71.0,630131
2026-07-03,HAG.DE,75.58000183105469,75.58000183105469,78.0,75.58000183105469,77.26000213623047,233603
2026-07-06,HAG.DE,80.18000030517578,80.18000030517578,80.45999908447266,75.0999984741211,75.16000366210938,484209
2026-07-07,HAG.DE,80.91999816894531,80.91999816894531,82.0199966430664,79.22000122070312,79.55999755859375,385156
2026-07-08,HAG.DE,78.68000030517578,78.68000030517578,81.23999786376953,78.0,79.80000305175781,272428
2026-07-09,HAG.DE,74.22000122070312,74.22000122070312,79.54000091552734,73.83999633789062,78.86000061035156,463025
2026-07-10,HAG.DE,74.31999969482422,74.31999969482422,74.68000030517578,71.80000305175781,73.5199966430664,282482
2026-07-13,HAG.DE,73.5,73.5,74.68000030517578,72.36000061035156,74.30000305175781,233281
2026-07-14,HAG.DE,73.16000366210938,73.16000366210938,74.55999755859375,71.62000274658203,72.41999816894531,312501
2026-07-15,HAG.DE,73.80000305175781,73.80000305175781,74.26000213623047,71.08000183105469,72.13999938964844,176935
2026-07-16,HAG.DE,73.27999877929688,73.27999877929688,74.08000183105469,72.23999786376953,73.86000061035156,172723
2026-07-17,HAG.DE,76.31999969482422,76.31999969482422,76.73999786376953,71.0,71.0,364374
2026-07-20,HAG.DE,75.19999694824219,75.19999694824219,77.16000366210938,74.55999755859375,76.62000274658203,176232
2026-07-21,HAG.DE,76.18000030517578,76.18000030517578,77.58000183105469,75.04000091552734,75.87999725341797,190266
2026-07-22,HAG.DE,77.27999877929688,77.27999877929688,79.05999755859375,76.12000274658203,77.05999755859375,240904
2026-07-23,HAG.DE,79.12000274658203,79.12000274658203,80.73999786376953,77.68000030517578,77.69999694824219,294756
2026-07-24,HAG.DE,79.80000305175781,79.80000305175781,79.86000061035156,77.95999908447266,78.80000305175781,156704
2026-07-27,HAG.DE,82.95999908447266,82.95999908447266,84.77999877929688,79.5999984741211,79.5999984741211,345184
2026-07-28,HAG.DE,84.37999725341797,84.37999725341797,85.86000061035156,83.08000183105469,83.0999984741211,334499
2026-07-29,HAG.DE,84.62000274658203,84.62000274658203,86.08000183105469,81.80000305175781,85.0999984741211,335358
2026-07-30,HAG.DE,83.9800033569336,83.9800033569336,85.08000183105469,82.66000366210938,83.9000015258789,233683
2026-07-31,HAG.DE,79.76000213623047,79.76000213623047,83.5999984741211,77.63999938964844,83.0,775933
2026-08-03,HAG.DE,86.33999633789062,86.33999633789062,87.81999969482422,79.4800033569336,82.12000274658203,672469
2026-08-04,HAG.DE,87.44000244140625,87.44000244140625,89.5999984741211,87.13999938964844,88.30000305175781,337196
2026-08-05,HAG.DE,87.4800033569336,87.4800033569336,89.9000015258789,87.19999694824219,88.0,292762
2026-08-06,HAG.DE,90.36000061035156,90.36000061035156,91.04000091552734,85.41999816894531,85.5199966430664,411607
2026-08-07,HAG.DE,90.31999969482422,90.31999969482422,95.26000213623047,89.86000061035156,91.0,455596
2026-08-10,HAG.DE,92.04000091552734,92.04000091552734,92.68000030517578,89.5,91.45999908447266,225582
2026-08-11,HAG.DE,90.5,90.5,93.22000122070312,90.0199966430664,91.73999786376953,207171
2026-08-12,HAG.DE,92.12000274658203,92.12000274658203,92.69999694824219,90.5999984741211,91.30000305175781,233263
2026-08-13,HAG.DE,92.41999816894531,92.41999816894531,94.94000244140625,92.12000274658203,93.0,201696
2026-08-14,HAG.DE,96.08000183105469,96.08000183105469,96.69999694824219,93.08000183105469,93.08000183105469,379027
2026-08-17,HAG.DE,95.63999938964844,95.63999938964844,96.30000305175781,93.9800033569336,95.0999984741211,173579
2026-08-18,HAG.DE,94.13999938964844,94.13999938964844,96.05999755859375,93.13999938964844,95.0,196573
2026-08-19,HAG.DE,92.55999755859375,92.55999755859375,95.4800033569336,91.86000061035156,94.23999786376953,238006
2026-08-20,HAG.DE,89.9800033569336,89.9800033569336,92.58000183105469,89.33999633789062,92.36000061035156,173216
2026-08-21,HAG.DE,89.30000305175781,89.30000305175781,89.69999694824219,87.94000244140625,88.87999725341797,147384
2026-08-24,HAG.DE,86.9800033569336,86.9800033569336,89.9000015258789,86.66000366210938,89.30000305175781,161403
2026-08-25,HAG.DE,87.08000183105469,87.08000183105469,88.4800033569336,86.26000213623047,87.77999877929688,140212
2026-08-26,HAG.DE,87.26000213623047,87.26000213623047,88.5,85.66000366210938,86.4800033569336,146817
2026-08-27,HAG.DE,89.22000122070312,89.22000122070312,90.23999786376953,87.23999786376953,87.86000061035156,199064
2026-08-28,HAG.DE,87.19999694824219,87.19999694824219,90.0,87.19999694824219,89.66000366210938,184630
2026-08-31,HAG.DE,85.69999694824219,85.69999694824219,87.4000015258789,84.76000213623047,87.27999877929688,217944
2026-09-01,HAG.DE,82.69999694824219,82.69999694824219,85.5,81.81999969482422,85.4000015258789,277518
2026-09-02,HAG.DE,82.37999725341797,82.37999725341797,82.80000305175781,81.22000122070312,82.72000122070312,168375
