Date,Ticker,Adj Close,Close,High,Low,Open,Volume
2023-01-02,RWE.DE,37.46467208862305,41.59000015258789,41.79999923706055,41.150001525878906,41.619998931884766,803972
2023-01-03,RWE.DE,35.69007873535156,39.619998931884766,42.22999954223633,39.4900016784668,41.790000915527344,2662063
2023-01-04,RWE.DE,34.83430480957031,38.66999816894531,39.650001525878906,38.06999969482422,39.529998779296875,4830029
2023-01-05,RWE.DE,35.0324821472168,38.88999938964844,39.31999969482422,38.5,38.5,2422286
2023-01-06,RWE.DE,35.2576904296875,39.13999938964844,39.209999084472656,38.650001525878906,38.900001525878906,2319999
2023-01-09,RWE.DE,35.19462966918945,39.06999969482422,39.5099983215332,38.810001373291016,39.220001220703125,2281672
2023-01-10,RWE.DE,35.53694152832031,39.45000076293945,39.72999954223633,39.20000076293945,39.20000076293945,1427990
2023-01-11,RWE.DE,36.39270782470703,40.400001525878906,40.529998779296875,39.220001220703125,39.400001525878906,2370702
2023-01-12,RWE.DE,37.7529296875,41.90999984741211,42.04999923706055,40.59000015258789,40.630001068115234,2776814
2023-01-13,RWE.DE,38.11325454711914,42.310001373291016,42.77000045776367,41.880001068115234,41.900001525878906,2227719
2023-01-16,RWE.DE,37.54574203491211,41.68000030517578,42.75,41.599998474121094,42.400001525878906,1335771
2023-01-17,RWE.DE,37.2664909362793,41.369998931884766,41.83000183105469,41.11000061035156,41.650001525878906,1655155
2023-01-18,RWE.DE,36.8341064453125,40.88999938964844,41.65999984741211,40.72999954223633,41.29999923706055,1715551
2023-01-19,RWE.DE,36.87013626098633,40.93000030517578,41.560001373291016,40.810001373291016,41.310001373291016,1478970
2023-01-20,RWE.DE,37.53673553466797,41.66999816894531,42.11000061035156,41.029998779296875,41.20000076293945,1917700
2023-01-23,RWE.DE,37.54574203491211,41.68000030517578,42.029998779296875,41.369998931884766,41.75,1157399
2023-01-24,RWE.DE,37.9691276550293,42.150001525878906,42.34000015258789,41.68000030517578,41.900001525878906,994321
2023-01-25,RWE.DE,38.509613037109375,42.75,43.54999923706055,42.0099983215332,42.20000076293945,2323617
2023-01-26,RWE.DE,37.707889556884766,41.86000061035156,42.91999816894531,41.849998474121094,42.689998626708984,1873499
2023-01-27,RWE.DE,37.07732391357422,41.15999984741211,42.119998931884766,41.02000045776367,41.9900016784668,2128271
2023-01-30,RWE.DE,36.87914276123047,40.939998626708984,41.099998474121094,40.619998931884766,41.04999923706055,1465440
2023-01-31,RWE.DE,36.75303268432617,40.79999923706055,41.709999084472656,40.060001373291016,40.84000015258789,3283055
2023-02-01,RWE.DE,36.63592529296875,40.66999816894531,41.16999816894531,40.349998474121094,41.0,1750818
2023-02-02,RWE.DE,36.82509994506836,40.880001068115234,41.279998779296875,40.650001525878906,40.75,1847923
2023-02-03,RWE.DE,36.46477508544922,40.47999954223633,40.779998779296875,39.97999954223633,40.77000045776367,1874558
2023-02-06,RWE.DE,36.73501205444336,40.779998779296875,40.81999969482422,40.09000015258789,40.540000915527344,1205050
2023-02-07,RWE.DE,36.45576477050781,40.470001220703125,40.84000015258789,40.119998931884766,40.81999969482422,1564587
2023-02-08,RWE.DE,36.581878662109375,40.61000061035156,40.869998931884766,40.29999923706055,40.58000183105469,1355382
2023-02-09,RWE.DE,36.09543991088867,40.06999969482422,40.90999984741211,40.06999969482422,40.630001068115234,1373093
2023-02-10,RWE.DE,35.8702392578125,39.81999969482422,40.220001220703125,39.5,40.0,1504922
2023-02-13,RWE.DE,35.8702392578125,39.81999969482422,40.040000915527344,39.540000915527344,40.0,1218271
2023-02-14,RWE.DE,35.527931213378906,39.439998626708984,40.150001525878906,39.439998626708984,40.0099983215332,1699026
2023-02-15,RWE.DE,35.28470993041992,39.16999816894531,39.56999969482422,38.779998779296875,39.470001220703125,1968598
2023-02-16,RWE.DE,35.23066329956055,39.11000061035156,39.56999969482422,38.95000076293945,39.310001373291016,1500081
2023-02-17,RWE.DE,35.59999465942383,39.52000045776367,39.56999969482422,38.849998474121094,38.959999084472656,1587671
2023-02-20,RWE.DE,35.627017974853516,39.54999923706055,39.810001373291016,39.2599983215332,39.70000076293945,855363
2023-02-21,RWE.DE,36.38370132446289,40.38999938964844,40.7599983215332,39.43000030517578,39.5,2202143
2023-02-22,RWE.DE,36.30262756347656,40.29999923706055,40.65999984741211,40.02000045776367,40.220001220703125,1313482
2023-02-23,RWE.DE,36.059410095214844,40.029998779296875,40.34000015258789,39.959999084472656,40.279998779296875,898127
2023-02-24,RWE.DE,35.94230651855469,39.900001525878906,40.7400016784668,39.900001525878906,40.099998474121094,2669296
2023-02-27,RWE.DE,36.0053596496582,39.970001220703125,40.400001525878906,39.939998626708984,40.08000183105469,918897
2023-02-28,RWE.DE,36.24857711791992,40.2400016784668,40.45000076293945,39.63999938964844,39.900001525878906,2789522
2023-03-01,RWE.DE,35.212650299072266,39.09000015258789,40.06999969482422,38.939998626708984,40.060001373291016,3173839
2023-03-02,RWE.DE,35.36578369140625,39.2599983215332,39.45000076293945,38.560001373291016,39.029998779296875,1412464
2023-03-03,RWE.DE,35.17662048339844,39.04999923706055,39.79999923706055,38.93000030517578,39.5,1964418
2023-03-06,RWE.DE,34.951412200927734,38.79999923706055,39.25,38.779998779296875,39.16999816894531,1274286
2023-03-07,RWE.DE,34.82529830932617,38.65999984741211,39.16999816894531,38.619998931884766,38.70000076293945,1714852
2023-03-08,RWE.DE,34.97843551635742,38.83000183105469,38.88999938964844,37.84000015258789,38.56999969482422,1912404
2023-03-09,RWE.DE,34.852325439453125,38.689998626708984,38.88999938964844,38.20000076293945,38.720001220703125,1342541
2023-03-10,RWE.DE,34.744224548339844,38.56999969482422,39.18000030517578,38.31999969482422,38.630001068115234,1591829
2023-03-13,RWE.DE,34.7352180480957,38.560001373291016,38.9900016784668,37.93000030517578,38.650001525878906,1737144
2023-03-14,RWE.DE,35.61801528930664,39.540000915527344,40.0099983215332,38.560001373291016,38.7400016784668,2775838
2023-03-15,RWE.DE,34.4289436340332,38.220001220703125,40.20000076293945,38.150001525878906,39.63999938964844,3637931
2023-03-16,RWE.DE,34.96943283081055,38.81999969482422,39.08000183105469,38.11000061035156,38.5,2611270
2023-03-17,RWE.DE,34.09564208984375,37.849998474121094,38.849998474121094,37.52000045776367,38.79999923706055,4396781
2023-03-20,RWE.DE,34.57307052612305,38.380001068115234,38.52000045776367,37.560001373291016,37.83000183105469,2301553
2023-03-21,RWE.DE,35.06851577758789,38.93000030517578,39.7400016784668,38.540000915527344,39.400001525878906,2866763
2023-03-22,RWE.DE,34.83430480957031,38.66999816894531,39.0099983215332,38.310001373291016,38.970001220703125,2326642
2023-03-23,RWE.DE,35.095542907714844,38.959999084472656,39.06999969482422,38.369998931884766,38.7400016784668,2050401
2023-03-24,RWE.DE,33.744327545166016,37.459999084472656,38.970001220703125,37.36000061035156,38.970001220703125,3194075
2023-03-27,RWE.DE,34.36589050292969,38.150001525878906,38.310001373291016,37.560001373291016,37.779998779296875,2037842
2023-03-28,RWE.DE,34.30282974243164,38.08000183105469,38.41999816894531,38.040000915527344,38.400001525878906,1350119
2023-03-29,RWE.DE,34.87934875488281,38.720001220703125,38.810001373291016,38.08000183105469,38.20000076293945,1645229
2023-03-30,RWE.DE,35.374794006347656,39.27000045776367,39.540000915527344,38.75,38.7599983215332,1836928
2023-03-31,RWE.DE,35.70809555053711,39.63999938964844,39.779998779296875,39.22999954223633,39.349998474121094,1686843
2023-04-03,RWE.DE,35.78916549682617,39.72999954223633,40.25,39.40999984741211,39.79999923706055,1617113
2023-04-04,RWE.DE,35.293724060058594,39.18000030517578,39.869998931884766,39.11000061035156,39.75,1596226
2023-04-05,RWE.DE,35.79817581176758,39.7400016784668,39.959999084472656,39.08000183105469,39.11000061035156,1605326
2023-04-06,RWE.DE,36.50080871582031,40.52000045776367,40.58000183105469,39.849998474121094,39.90999984741211,2064081
2023-04-11,RWE.DE,36.8341064453125,40.88999938964844,41.029998779296875,40.459999084472656,40.77000045776367,1596722
2023-04-12,RWE.DE,36.93319320678711,41.0,41.38999938964844,40.810001373291016,40.86000061035156,1574906
2023-04-13,RWE.DE,36.73501205444336,40.779998779296875,41.040000915527344,40.70000076293945,40.970001220703125,1199360
2023-04-14,RWE.DE,36.33865737915039,40.34000015258789,41.2400016784668,40.119998931884766,41.150001525878906,1707049
2023-04-17,RWE.DE,36.55485534667969,40.58000183105469,41.18000030517578,40.29999923706055,40.349998474121094,1490313
2023-04-18,RWE.DE,36.41973114013672,40.43000030517578,40.63999938964844,40.130001068115234,40.529998779296875,1663675
2023-04-19,RWE.DE,36.87013626098633,40.93000030517578,41.02000045776367,40.33000183105469,40.439998626708984,1458346
2023-04-20,RWE.DE,36.843116760253906,40.900001525878906,41.18000030517578,40.709999084472656,41.040000915527344,1183834
2023-04-21,RWE.DE,36.978233337402344,41.04999923706055,41.47999954223633,40.84000015258789,40.84000015258789,1820168
2023-04-24,RWE.DE,37.0142707824707,41.09000015258789,41.150001525878906,40.689998626708984,40.95000076293945,1218676
2023-04-25,RWE.DE,37.4466552734375,41.56999969482422,41.599998474121094,41.04999923706055,41.130001068115234,1459415
2023-04-26,RWE.DE,37.47367858886719,41.599998474121094,41.88999938964844,41.41999816894531,41.619998931884766,1597679
2023-04-27,RWE.DE,38.2303581237793,42.439998626708984,43.029998779296875,41.810001373291016,41.84000015258789,3391354
2023-04-28,RWE.DE,38.32944869995117,42.54999923706055,42.65999984741211,42.08000183105469,42.61000061035156,1787598
2023-05-02,RWE.DE,37.68086624145508,41.83000183105469,42.70000076293945,41.66999816894531,42.56999969482422,1683459
2023-05-03,RWE.DE,37.54574203491211,41.68000030517578,42.27000045776367,41.58000183105469,41.84000015258789,1219675
2023-05-04,RWE.DE,37.97813415527344,42.15999984741211,42.15999984741211,41.59000015258789,41.7400016784668,2279156
2023-05-05,RWE.DE,38.17143249511719,41.470001220703125,41.65999984741211,40.97999954223633,41.400001525878906,1520579
2023-05-08,RWE.DE,38.060970306396484,41.349998474121094,41.689998626708984,41.29999923706055,41.41999816894531,924815
2023-05-09,RWE.DE,38.69609069824219,42.040000915527344,42.560001373291016,41.470001220703125,42.20000076293945,2101462
2023-05-10,RWE.DE,38.48438262939453,41.810001373291016,42.380001068115234,41.720001220703125,41.9900016784668,1453985
2023-05-11,RWE.DE,38.438358306884766,41.7599983215332,42.310001373291016,41.119998931884766,41.5,1239323
2023-05-12,RWE.DE,39.11949920654297,42.5,42.599998474121094,42.13999938964844,42.13999938964844,1934625
2023-05-15,RWE.DE,39.07347869873047,42.45000076293945,42.83000183105469,42.31999969482422,42.59000015258789,1046644
2023-05-16,RWE.DE,38.93540573120117,42.29999923706055,42.93000030517578,42.209999084472656,42.529998779296875,934237
2023-05-17,RWE.DE,38.51199722290039,41.84000015258789,42.13999938964844,41.7400016784668,42.040000915527344,1230252
2023-05-18,RWE.DE,37.922908782958984,41.20000076293945,42.08000183105469,41.04999923706055,42.0,1397571
2023-05-19,RWE.DE,37.88608932495117,41.15999984741211,41.27000045776367,40.849998474121094,41.2599983215332,2089813
2023-05-22,RWE.DE,37.79404067993164,41.060001373291016,41.959999084472656,40.959999084472656,41.040000915527344,1592273
2023-05-23,RWE.DE,37.63756561279297,40.88999938964844,41.060001373291016,40.59000015258789,41.0,1370582
2023-05-24,RWE.DE,37.103694915771484,40.310001373291016,40.88999938964844,40.209999084472656,40.88999938964844,1282550
2023-05-25,RWE.DE,36.17403030395508,39.29999923706055,40.36000061035156,39.29999923706055,40.349998474121094,2165904
2023-05-26,RWE.DE,35.90709686279297,39.0099983215332,39.349998474121094,38.38999938964844,39.290000915527344,2065169
2023-05-29,RWE.DE,35.89789581298828,39.0,39.349998474121094,38.83000183105469,39.20000076293945,720594
2023-05-30,RWE.DE,35.88869094848633,38.9900016784668,39.290000915527344,38.880001068115234,39.029998779296875,1372885
2023-05-31,RWE.DE,36.00835037231445,39.119998931884766,39.540000915527344,38.83000183105469,38.90999984741211,4511537
2023-06-01,RWE.DE,35.980735778808594,39.09000015258789,39.619998931884766,38.959999084472656,39.34000015258789,1366469
2023-06-02,RWE.DE,36.2016487121582,39.33000183105469,39.33000183105469,38.779998779296875,39.119998931884766,1309647
2023-06-05,RWE.DE,35.9991455078125,39.11000061035156,39.5,39.08000183105469,39.400001525878906,981076
2023-06-06,RWE.DE,36.36732864379883,39.5099983215332,39.540000915527344,39.11000061035156,39.16999816894531,997234
2023-06-07,RWE.DE,36.137210845947266,39.2599983215332,39.720001220703125,39.060001373291016,39.529998779296875,1165887
2023-06-08,RWE.DE,36.06357955932617,39.18000030517578,39.54999923706055,38.970001220703125,39.439998626708984,1405203
2023-06-09,RWE.DE,36.6618766784668,39.83000183105469,40.0,39.25,39.25,1608179
2023-06-12,RWE.DE,36.51460266113281,39.66999816894531,40.04999923706055,39.630001068115234,39.880001068115234,912247
2023-06-13,RWE.DE,36.477787017822266,39.630001068115234,39.72999954223633,38.83000183105469,39.689998626708984,1922292
2023-06-14,RWE.DE,36.7723274230957,39.95000076293945,40.13999938964844,39.70000076293945,39.72999954223633,1371899
2023-06-15,RWE.DE,36.80915069580078,39.9900016784668,40.400001525878906,39.290000915527344,39.70000076293945,1608502
2023-06-16,RWE.DE,37.195743560791016,40.40999984741211,40.84000015258789,40.040000915527344,40.040000915527344,6921806
2023-06-19,RWE.DE,36.72631072998047,39.900001525878906,40.529998779296875,39.83000183105469,40.529998779296875,959397
2023-06-20,RWE.DE,36.910396575927734,40.099998474121094,40.45000076293945,39.810001373291016,39.81999969482422,1028289
2023-06-21,RWE.DE,37.214149475097656,40.43000030517578,40.65999984741211,39.66999816894531,40.0,1153207
2023-06-22,RWE.DE,36.94721603393555,40.13999938964844,40.369998931884766,39.95000076293945,40.369998931884766,917886
2023-06-23,RWE.DE,36.569828033447266,39.72999954223633,40.47999954223633,39.619998931884766,40.22999954223633,1179407
2023-06-26,RWE.DE,36.413352966308594,39.560001373291016,39.9900016784668,39.4900016784668,39.70000076293945,1292167
2023-06-27,RWE.DE,36.698692321777344,39.869998931884766,39.93000030517578,39.5099983215332,39.68000030517578,1052935
2023-06-28,RWE.DE,36.88278579711914,40.06999969482422,40.18000030517578,39.75,39.959999084472656,1035331
2023-06-29,RWE.DE,36.652671813964844,39.81999969482422,40.220001220703125,39.45000076293945,40.060001373291016,1235631
2023-06-30,RWE.DE,36.698692321777344,39.869998931884766,40.16999816894531,39.790000915527344,40.09000015258789,2088956
2023-07-03,RWE.DE,37.15892028808594,40.369998931884766,40.790000915527344,39.91999816894531,40.060001373291016,1398042
2023-07-04,RWE.DE,37.103694915771484,40.310001373291016,40.5099983215332,40.119998931884766,40.369998931884766,845681
2023-07-05,RWE.DE,36.790740966796875,39.970001220703125,40.65999984741211,39.970001220703125,40.18000030517578,1133162
2023-07-06,RWE.DE,36.2476692199707,39.380001068115234,40.040000915527344,39.189998626708984,39.849998474121094,1707977
2023-07-07,RWE.DE,35.94392013549805,39.04999923706055,39.33000183105469,38.810001373291016,39.20000076293945,1259774
2023-07-10,RWE.DE,35.53891372680664,38.61000061035156,39.09000015258789,38.279998779296875,39.08000183105469,1421534
2023-07-11,RWE.DE,35.85187530517578,38.95000076293945,39.38999938964844,38.79999923706055,38.880001068115234,1350619
2023-07-12,RWE.DE,35.980735778808594,39.09000015258789,39.15999984741211,38.40999984741211,39.0,1645548
2023-07-13,RWE.DE,36.28448486328125,39.41999816894531,39.459999084472656,39.08000183105469,39.22999954223633,1157297
2023-07-14,RWE.DE,36.312103271484375,39.45000076293945,39.849998474121094,39.369998931884766,39.540000915527344,892206
2023-07-17,RWE.DE,36.10960006713867,39.22999954223633,39.849998474121094,39.209999084472656,39.4900016784668,858343
2023-07-18,RWE.DE,35.9991455078125,39.11000061035156,39.16999816894531,38.90999984741211,39.130001068115234,940613
2023-07-19,RWE.DE,36.10960006713867,39.22999954223633,39.439998626708984,38.939998626708984,39.13999938964844,1228994
2023-07-20,RWE.DE,36.48698806762695,39.63999938964844,39.77000045776367,39.40999984741211,39.540000915527344,979848
2023-07-21,RWE.DE,36.88278579711914,40.06999969482422,40.06999969482422,39.689998626708984,39.790000915527344,1082325
2023-07-24,RWE.DE,36.68028259277344,39.849998474121094,40.45000076293945,39.7599983215332,40.04999923706055,1008846
2023-07-25,RWE.DE,36.75392532348633,39.93000030517578,39.97999954223633,39.349998474121094,39.59000015258789,1146059
2023-07-26,RWE.DE,37.370628356933594,40.599998474121094,41.13999938964844,40.16999816894531,40.95000076293945,3047894
2023-07-27,RWE.DE,36.68948745727539,39.86000061035156,40.75,39.86000061035156,40.599998474121094,2347348
2023-07-28,RWE.DE,35.83346176147461,38.93000030517578,39.939998626708984,38.93000030517578,39.79999923706055,2866607
2023-07-31,RWE.DE,36.01755905151367,39.130001068115234,39.4900016784668,38.900001525878906,38.900001525878906,1634978
2023-08-01,RWE.DE,35.84266662597656,38.939998626708984,39.45000076293945,38.86000061035156,39.279998779296875,1415167
2023-08-02,RWE.DE,35.069480895996094,38.099998474121094,38.7400016784668,38.08000183105469,38.7400016784668,2178430
2023-08-03,RWE.DE,35.14311981201172,38.18000030517578,38.52000045776367,37.939998626708984,38.20000076293945,1672809
2023-08-04,RWE.DE,35.39164352416992,38.45000076293945,38.47999954223633,38.040000915527344,38.130001068115234,1302462
2023-08-07,RWE.DE,35.24436569213867,38.290000915527344,38.5099983215332,37.84000015258789,38.5,1291920
2023-08-08,RWE.DE,35.428462982177734,38.4900016784668,38.720001220703125,38.25,38.290000915527344,1304853
2023-08-09,RWE.DE,35.91630554199219,39.02000045776367,39.08000183105469,38.47999954223633,38.65999984741211,2004836
2023-08-10,RWE.DE,35.49289321899414,38.560001373291016,39.79999923706055,38.2599983215332,39.560001373291016,2970349
2023-08-11,RWE.DE,35.824256896972656,38.91999816894531,39.2400016784668,38.619998931884766,38.72999954223633,1658134
2023-08-14,RWE.DE,35.96232604980469,39.06999969482422,39.25,38.880001068115234,38.97999954223633,1152375
2023-08-15,RWE.DE,35.667781829833984,38.75,39.310001373291016,38.5099983215332,39.27000045776367,1312058
2023-08-16,RWE.DE,35.787437438964844,38.880001068115234,39.02000045776367,38.65999984741211,38.75,948030
2023-08-17,RWE.DE,35.419254302978516,38.47999954223633,38.86000061035156,38.43000030517578,38.790000915527344,927584
2023-08-18,RWE.DE,35.29959487915039,38.349998474121094,38.77000045776367,38.20000076293945,38.58000183105469,1333331
2023-08-21,RWE.DE,35.133914947509766,38.16999816894531,38.56999969482422,37.88999938964844,38.310001373291016,1445983
2023-08-22,RWE.DE,35.4744873046875,38.540000915527344,38.689998626708984,38.18000030517578,38.18000030517578,854395
2023-08-23,RWE.DE,35.69539260864258,38.779998779296875,39.400001525878906,38.72999954223633,38.75,1359095
2023-08-24,RWE.DE,35.879486083984375,38.97999954223633,39.2400016784668,38.90999984741211,38.939998626708984,1075544
2023-08-25,RWE.DE,36.146419525146484,39.27000045776367,39.369998931884766,38.86000061035156,38.939998626708984,770414
2023-08-28,RWE.DE,36.312103271484375,39.45000076293945,39.54999923706055,39.220001220703125,39.29999923706055,726161
2023-08-29,RWE.DE,36.76312255859375,39.939998626708984,40.0099983215332,39.58000183105469,39.619998931884766,1141847
2023-08-30,RWE.DE,35.03266906738281,38.060001373291016,39.689998626708984,38.02000045776367,39.63999938964844,4752469
2023-08-31,RWE.DE,35.03266906738281,38.060001373291016,38.81999969482422,38.0099983215332,38.08000183105469,3217094
2023-09-01,RWE.DE,34.876182556152344,37.88999938964844,38.189998626708984,37.630001068115234,37.939998626708984,1589313
2023-09-04,RWE.DE,34.1766357421875,37.130001068115234,38.040000915527344,37.060001373291016,37.939998626708984,2596922
2023-09-05,RWE.DE,33.6519775390625,36.560001373291016,37.16999816894531,36.31999969482422,37.130001068115234,2595430
2023-09-06,RWE.DE,34.10300064086914,37.04999923706055,37.13999938964844,36.45000076293945,36.599998474121094,1824793
2023-09-07,RWE.DE,34.222660064697266,37.18000030517578,37.27000045776367,36.7599983215332,37.06999969482422,1627286
2023-09-08,RWE.DE,34.14902114868164,37.099998474121094,37.47999954223633,36.93000030517578,37.36000061035156,1434660
2023-09-11,RWE.DE,33.836063385009766,36.7599983215332,37.380001068115234,36.7599983215332,37.16999816894531,1657411
2023-09-12,RWE.DE,33.477088928222656,36.369998931884766,36.880001068115234,36.2599983215332,36.810001373291016,2625205
2023-09-13,RWE.DE,33.30220031738281,36.18000030517578,36.2599983215332,35.7599983215332,36.25,2474511
2023-09-14,RWE.DE,33.891292572021484,36.81999969482422,36.869998931884766,36.099998474121094,36.20000076293945,2006214
2023-09-15,RWE.DE,33.771636962890625,36.689998626708984,37.09000015258789,36.63999938964844,36.9900016784668,3490973
2023-09-18,RWE.DE,33.27458953857422,36.150001525878906,36.7400016784668,36.08000183105469,36.689998626708984,1686291
2023-09-19,RWE.DE,33.41265869140625,36.29999923706055,36.560001373291016,36.18000030517578,36.25,1362811
2023-09-20,RWE.DE,33.872886657714844,36.79999923706055,37.040000915527344,36.349998474121094,36.349998474121094,1691195
2023-09-21,RWE.DE,33.70720291137695,36.619998931884766,36.9900016784668,36.38999938964844,36.52000045776367,1580268
2023-09-22,RWE.DE,33.697998046875,36.61000061035156,36.84000015258789,36.27000045776367,36.400001525878906,1902041
2023-09-25,RWE.DE,32.98004150390625,35.83000183105469,36.72999954223633,35.7599983215332,36.59000015258789,2240443
2023-09-26,RWE.DE,32.75912857055664,35.59000015258789,35.83000183105469,35.279998779296875,35.83000183105469,2671220
2023-09-27,RWE.DE,32.05038070678711,34.81999969482422,35.52000045776367,34.77000045776367,35.36000061035156,1858725
2023-09-28,RWE.DE,31.9215145111084,34.68000030517578,35.20000076293945,34.56999969482422,34.72999954223633,1493341
2023-09-29,RWE.DE,32.3541259765625,35.150001525878906,35.5,34.810001373291016,34.810001373291016,2103023
2023-10-02,RWE.DE,31.332422256469727,34.040000915527344,35.40999984741211,34.02000045776367,35.349998474121094,2264868
2023-10-03,RWE.DE,30.126617431640625,32.72999954223633,33.95000076293945,32.54999923706055,33.95000076293945,4686266
2023-10-04,RWE.DE,30.191049575805664,32.79999923706055,33.599998474121094,32.66999816894531,32.7599983215332,3459742
2023-10-05,RWE.DE,30.41196060180664,33.040000915527344,33.189998626708984,32.869998931884766,33.0,1641405
2023-10-06,RWE.DE,30.126617431640625,32.72999954223633,33.099998474121094,31.549999237060547,33.040000915527344,2679175
2023-10-09,RWE.DE,30.45798110961914,33.09000015258789,33.349998474121094,32.79999923706055,32.900001525878906,1903629
2023-10-10,RWE.DE,31.544124603271484,34.27000045776367,34.47999954223633,33.54999923706055,33.54999923706055,2932864
2023-10-11,RWE.DE,31.875492095947266,34.630001068115234,35.04999923706055,34.22999954223633,34.38999938964844,2509883
2023-10-12,RWE.DE,31.29560089111328,34.0,34.95000076293945,34.0,34.79999923706055,2821234
2023-10-13,RWE.DE,31.332422256469727,34.040000915527344,34.439998626708984,33.56999969482422,33.81999969482422,2278291
2023-10-16,RWE.DE,31.29560089111328,34.0,34.36000061035156,33.720001220703125,34.15999984741211,1542636
2023-10-17,RWE.DE,31.148326873779297,33.84000015258789,34.59000015258789,33.68000030517578,34.099998474121094,2418835
2023-10-18,RWE.DE,30.98264503479004,33.65999984741211,33.939998626708984,33.38999938964844,33.66999816894531,1561866
2023-10-19,RWE.DE,31.516511917114258,34.2400016784668,34.45000076293945,33.5,33.5,1886767
2023-10-20,RWE.DE,31.41526222229004,34.130001068115234,34.56999969482422,33.849998474121094,33.86000061035156,2519786
2023-10-23,RWE.DE,31.28639793395996,33.9900016784668,34.130001068115234,33.470001220703125,33.959999084472656,1391184
2023-10-24,RWE.DE,32.28049087524414,35.06999969482422,35.11000061035156,33.88999938964844,33.939998626708984,3087379
2023-10-25,RWE.DE,32.50140380859375,35.310001373291016,35.650001525878906,34.79999923706055,35.5,2387716
2023-10-26,RWE.DE,32.639469146728516,35.459999084472656,35.79999923706055,35.02000045776367,35.31999969482422,2358287
2023-10-27,RWE.DE,32.73151779174805,35.560001373291016,35.95000076293945,35.34000015258789,35.34000015258789,1492198
2023-10-30,RWE.DE,32.95242691040039,35.79999923706055,36.189998626708984,35.68000030517578,35.70000076293945,1563109
2023-10-31,RWE.DE,33.25617599487305,36.130001068115234,36.27000045776367,35.790000915527344,36.060001373291016,1971729
2023-11-01,RWE.DE,33.4218635559082,36.310001373291016,36.58000183105469,35.20000076293945,35.880001068115234,2165472
2023-11-02,RWE.DE,33.6519775390625,36.560001373291016,36.720001220703125,36.34000015258789,36.470001220703125,1781772
2023-11-03,RWE.DE,33.909706115722656,36.84000015258789,37.279998779296875,36.56999969482422,36.599998474121094,1924661
2023-11-06,RWE.DE,33.9005012512207,36.83000183105469,37.040000915527344,36.65999984741211,36.65999984741211,1307574
2023-11-07,RWE.DE,33.56913757324219,36.470001220703125,36.970001220703125,36.470001220703125,36.75,1263920
2023-11-08,RWE.DE,33.09969711303711,35.959999084472656,36.41999816894531,35.84000015258789,36.380001068115234,1940523
2023-11-09,RWE.DE,33.477088928222656,36.369998931884766,36.529998779296875,35.779998779296875,36.09000015258789,2279559
2023-11-10,RWE.DE,33.39424514770508,36.279998779296875,36.34000015258789,35.849998474121094,36.20000076293945,1565157
2023-11-13,RWE.DE,33.4218635559082,36.310001373291016,36.58000183105469,36.130001068115234,36.15999984741211,1523236
2023-11-14,RWE.DE,34.66447830200195,37.65999984741211,37.779998779296875,36.65999984741211,37.040000915527344,3870294
2023-11-15,RWE.DE,34.995845794677734,38.02000045776367,38.529998779296875,37.75,37.779998779296875,2144776
2023-11-16,RWE.DE,35.189144134521484,38.22999954223633,38.540000915527344,38.13999938964844,38.20000076293945,1802037
2023-11-17,RWE.DE,35.2903938293457,38.34000015258789,38.68000030517578,38.290000915527344,38.38999938964844,1705376
2023-11-20,RWE.DE,35.14311981201172,38.18000030517578,38.560001373291016,38.060001373291016,38.2599983215332,1901519
2023-11-21,RWE.DE,35.03266906738281,38.060001373291016,38.400001525878906,37.84000015258789,38.25,1729473
2023-11-22,RWE.DE,34.94062042236328,37.959999084472656,38.29999923706055,37.75,38.15999984741211,1968553
2023-11-23,RWE.DE,35.17073059082031,38.209999084472656,38.310001373291016,37.900001525878906,37.95000076293945,1043919
2023-11-24,RWE.DE,35.24436569213867,38.290000915527344,38.40999984741211,38.09000015258789,38.31999969482422,1069494
2023-11-27,RWE.DE,35.3364143371582,38.38999938964844,38.5,38.119998931884766,38.349998474121094,1280367
2023-11-28,RWE.DE,36.413352966308594,39.560001373291016,39.97999954223633,38.290000915527344,38.31999969482422,4713615
2023-11-29,RWE.DE,36.137210845947266,39.2599983215332,40.060001373291016,39.15999984741211,39.689998626708984,2245076
2023-11-30,RWE.DE,36.238460540771484,39.369998931884766,39.7400016784668,39.189998626708984,39.25,3347951
2023-12-01,RWE.DE,36.58823776245117,39.75,39.84000015258789,39.380001068115234,39.54999923706055,1863728
2023-12-04,RWE.DE,36.496192932128906,39.650001525878906,39.939998626708984,39.54999923706055,39.83000183105469,1263671
2023-12-05,RWE.DE,36.96562576293945,40.15999984741211,40.220001220703125,39.529998779296875,39.720001220703125,2133696
2023-12-06,RWE.DE,37.23255920410156,40.45000076293945,40.540000915527344,39.83000183105469,40.20000076293945,2172724
2023-12-07,RWE.DE,37.28778839111328,40.5099983215332,40.84000015258789,40.41999816894531,40.59000015258789,1282387
2023-12-08,RWE.DE,37.23255920410156,40.45000076293945,40.779998779296875,40.45000076293945,40.54999923706055,2536998
2023-12-11,RWE.DE,37.44426727294922,40.68000030517578,41.04999923706055,40.25,40.650001525878906,2164937
2023-12-12,RWE.DE,37.41665267944336,40.650001525878906,41.029998779296875,40.58000183105469,40.86000061035156,2030353
2023-12-13,RWE.DE,37.71120071411133,40.970001220703125,41.08000183105469,40.470001220703125,40.599998474121094,1766954
2023-12-14,RWE.DE,38.41995620727539,41.7400016784668,42.33000183105469,41.689998626708984,42.0,2998987
2023-12-15,RWE.DE,38.13460922241211,41.43000030517578,42.18000030517578,41.43000030517578,41.599998474121094,3874379
2023-12-18,RWE.DE,37.42585754394531,40.65999984741211,41.36000061035156,40.59000015258789,41.29999923706055,1363177
2023-12-19,RWE.DE,37.389041900634766,40.619998931884766,40.970001220703125,40.52000045776367,40.619998931884766,1316129
2023-12-20,RWE.DE,37.241764068603516,40.459999084472656,40.7599983215332,40.31999969482422,40.72999954223633,1875972
2023-12-21,RWE.DE,37.35221862792969,40.58000183105469,40.619998931884766,40.02000045776367,40.29999923706055,1631936
2023-12-22,RWE.DE,37.609947204589844,40.86000061035156,40.91999816894531,40.45000076293945,40.52000045776367,980324
2023-12-27,RWE.DE,37.775630950927734,41.040000915527344,41.099998474121094,40.790000915527344,40.880001068115234,779246
2023-12-28,RWE.DE,37.78483581542969,41.04999923706055,41.119998931884766,40.81999969482422,41.029998779296875,975766
2023-12-29,RWE.DE,37.90449523925781,41.18000030517578,41.18000030517578,40.939998626708984,41.099998474121094,732440
2024-01-02,RWE.DE,37.83086013793945,41.099998474121094,41.630001068115234,40.93000030517578,41.29999923706055,1087047
2024-01-03,RWE.DE,37.2049446105957,40.41999816894531,41.29999923706055,40.290000915527344,41.18000030517578,1458824
2024-01-04,RWE.DE,37.536312103271484,40.779998779296875,40.79999923706055,40.38999938964844,40.52000045776367,1237834
2024-01-05,RWE.DE,37.49949264526367,40.7400016784668,40.81999969482422,40.27000045776367,40.56999969482422,1688676
2024-01-08,RWE.DE,37.26017379760742,40.47999954223633,40.779998779296875,40.380001068115234,40.59000015258789,1433927
2024-01-09,RWE.DE,37.895286560058594,41.16999816894531,41.189998626708984,40.459999084472656,40.5,1576824
2024-01-10,RWE.DE,37.52710723876953,40.77000045776367,41.09000015258789,40.7599983215332,41.04999923706055,980424
2024-01-11,RWE.DE,36.404144287109375,39.54999923706055,40.93000030517578,39.25,40.81999969482422,2231489
2024-01-12,RWE.DE,36.091190338134766,39.209999084472656,39.79999923706055,38.68000030517578,39.70000076293945,2526427
2024-01-15,RWE.DE,35.49289321899414,38.560001373291016,39.4900016784668,38.52000045776367,39.400001525878906,1461503
2024-01-16,RWE.DE,35.30880355834961,38.36000061035156,38.56999969482422,37.81999969482422,38.47999954223633,1907514
2024-01-17,RWE.DE,34.18584060668945,37.13999938964844,38.0,36.33000183105469,38.0,3654261
2024-01-18,RWE.DE,33.98333740234375,36.91999816894531,37.119998931884766,36.529998779296875,36.900001525878906,2421252
2024-01-19,RWE.DE,34.50800323486328,37.4900016784668,37.56999969482422,37.0,37.0,2448995
2024-01-22,RWE.DE,33.79924774169922,36.720001220703125,37.790000915527344,36.34000015258789,37.61000061035156,2658075
2024-01-23,RWE.DE,33.75322341918945,36.66999816894531,37.15999984741211,36.66999816894531,36.95000076293945,1608593
2024-01-24,RWE.DE,33.79924774169922,36.720001220703125,37.04999923706055,36.63999938964844,36.779998779296875,1023434
2024-01-25,RWE.DE,33.716407775878906,36.630001068115234,36.75,36.34000015258789,36.61000061035156,1555306
2024-01-26,RWE.DE,31.68218994140625,34.41999816894531,37.4900016784668,33.88999938964844,36.79999923706055,11116296
2024-01-29,RWE.DE,31.553329467773438,34.279998779296875,34.619998931884766,33.91999816894531,34.439998626708984,3105552
2024-01-30,RWE.DE,31.57173728942871,34.29999923706055,34.58000183105469,33.97999954223633,34.189998626708984,2374592
2024-01-31,RWE.DE,31.599353790283203,34.33000183105469,34.40999984741211,33.9900016784668,34.25,2834118
2024-02-01,RWE.DE,31.093097686767578,33.779998779296875,34.20000076293945,33.59000015258789,34.0099983215332,2484210
2024-02-02,RWE.DE,30.927413940429688,33.599998474121094,34.209999084472656,33.56999969482422,34.09000015258789,3392965
2024-02-05,RWE.DE,31.231168746948242,33.93000030517578,34.540000915527344,33.560001373291016,33.560001373291016,2317191
2024-02-06,RWE.DE,30.402755737304688,33.029998779296875,33.810001373291016,32.5099983215332,33.599998474121094,3616997
2024-02-07,RWE.DE,30.117414474487305,32.720001220703125,33.25,32.209999084472656,33.099998474121094,2593422
2024-02-08,RWE.DE,30.329120635986328,32.95000076293945,33.189998626708984,32.650001525878906,32.689998626708984,2232576
2024-02-09,RWE.DE,29.878093719482422,32.459999084472656,32.790000915527344,32.380001068115234,32.650001525878906,2278794
2024-02-12,RWE.DE,29.924116134643555,32.5099983215332,32.970001220703125,32.400001525878906,32.54999923706055,1891667
2024-02-13,RWE.DE,29.629568099975586,32.189998626708984,32.900001525878906,32.11000061035156,32.63999938964844,1926545
2024-02-14,RWE.DE,29.307409286499023,31.84000015258789,32.25,31.68000030517578,32.119998931884766,1909443
2024-02-15,RWE.DE,29.5283203125,32.08000183105469,32.310001373291016,31.829999923706055,31.93000030517578,2070441
2024-02-16,RWE.DE,29.270591735839844,31.799999237060547,32.27000045776367,31.290000915527344,32.2400016784668,3762206
2024-02-19,RWE.DE,28.727519989013672,31.209999084472656,32.06999969482422,31.020000457763672,31.760000228881836,2678347
2024-02-20,RWE.DE,28.690702438354492,31.170000076293945,31.34000015258789,30.75,31.059999465942383,2532862
2024-02-21,RWE.DE,28.699907302856445,31.18000030517578,31.31999969482422,30.75,30.950000762939453,2153870
2024-02-22,RWE.DE,28.635475158691406,31.110000610351562,31.559999465942383,30.979999542236328,31.31999969482422,2489784
2024-02-23,RWE.DE,28.506608963012695,30.969999313354492,31.18000030517578,30.639999389648438,31.1299991607666,2195116
2024-02-26,RWE.DE,27.945131301879883,30.360000610351562,31.040000915527344,30.329999923706055,31.0,2434906
2024-02-27,RWE.DE,28.54343032836914,31.010000228881836,31.040000915527344,30.209999084472656,30.25,2721259
2024-02-28,RWE.DE,28.34092903137207,30.790000915527344,31.239999771118164,30.56999969482422,31.100000381469727,2659229
2024-02-29,RWE.DE,28.534223556518555,31.0,31.3799991607666,30.579999923706055,30.84000015258789,4775663
2024-03-01,RWE.DE,28.221267700195312,30.65999984741211,31.280000686645508,30.549999237060547,30.920000076293945,3647263
2024-03-04,RWE.DE,28.16604232788086,30.600000381469727,30.920000076293945,30.489999771118164,30.770000457763672,2814596
2024-03-05,RWE.DE,29.003658294677734,31.510000228881836,31.709999084472656,30.600000381469727,30.760000228881836,3487667
2024-03-06,RWE.DE,29.215362548828125,31.739999771118164,32.060001373291016,31.40999984741211,31.5,4117148
2024-03-07,RWE.DE,29.6663875579834,32.22999954223633,32.58000183105469,31.600000381469727,31.809999465942383,3256248
2024-03-08,RWE.DE,29.307409286499023,31.84000015258789,32.68000030517578,31.799999237060547,32.380001068115234,3198288
2024-03-11,RWE.DE,29.012863159179688,31.520000457763672,32.20000076293945,31.420000076293945,31.950000762939453,2210842
2024-03-12,RWE.DE,28.976045608520508,31.479999542236328,31.90999984741211,31.239999771118164,31.56999969482422,3064367
2024-03-13,RWE.DE,29.215362548828125,31.739999771118164,32.2599983215332,31.399999618530273,31.799999237060547,3951445
2024-03-14,RWE.DE,28.184450149536133,30.6200008392334,32.90999984741211,30.6200008392334,32.36000061035156,7639018
2024-03-15,RWE.DE,28.54343032836914,31.010000228881836,31.469999313354492,30.670000076293945,30.850000381469727,5439149
2024-03-18,RWE.DE,28.4789981842041,30.940000534057617,31.489999771118164,30.719999313354492,30.719999313354492,2328260
2024-03-19,RWE.DE,28.02797508239746,30.450000762939453,31.049999237060547,30.43000030517578,31.010000228881836,2594081
2024-03-20,RWE.DE,28.571043014526367,31.040000915527344,31.1200008392334,30.079999923706055,30.350000381469727,3894708
2024-03-21,RWE.DE,28.460588455200195,30.920000076293945,31.530000686645508,30.8700008392334,31.18000030517578,2776660
2024-03-22,RWE.DE,28.672290802001953,31.149999618530273,31.6200008392334,30.920000076293945,31.0,2432389
2024-03-25,RWE.DE,28.690702438354492,31.170000076293945,31.260000228881836,31.040000915527344,31.15999984741211,1622114
2024-03-26,RWE.DE,28.525020599365234,30.989999771118164,31.31999969482422,30.8799991607666,31.209999084472656,2075413
2024-03-27,RWE.DE,28.985248565673828,31.489999771118164,31.56999969482422,30.989999771118164,31.049999237060547,1884069
2024-03-28,RWE.DE,28.9576358795166,31.459999084472656,31.829999923706055,31.290000915527344,31.700000762939453,3662362
2024-04-02,RWE.DE,28.46979331970215,30.93000030517578,31.549999237060547,30.93000030517578,31.260000228881836,2444701
2024-04-03,RWE.DE,28.10161018371582,30.530000686645508,31.020000457763672,30.299999237060547,31.0,3646176
2024-04-04,RWE.DE,28.68149757385254,31.15999984741211,31.350000381469727,30.540000915527344,30.540000915527344,2157766
2024-04-05,RWE.DE,28.304109573364258,30.75,31.559999465942383,30.559999465942383,30.920000076293945,3302295
2024-04-08,RWE.DE,28.497404098510742,30.959999084472656,31.239999771118164,30.829999923706055,30.850000381469727,1588796
2024-04-09,RWE.DE,28.561840057373047,31.030000686645508,31.350000381469727,30.790000915527344,31.030000686645508,2091721
2024-04-10,RWE.DE,28.08319854736328,30.510000228881836,31.329999923706055,30.350000381469727,31.209999084472656,2941997
2024-04-11,RWE.DE,28.847179412841797,31.34000015258789,31.770000457763672,30.399999618530273,30.440000534057617,3658539
2024-04-12,RWE.DE,29.905710220336914,32.4900016784668,32.93000030517578,31.670000076293945,31.940000534057617,5566049
2024-04-15,RWE.DE,29.454683303833008,32.0,32.40999984741211,31.790000915527344,32.33000183105469,2261627
2024-04-16,RWE.DE,29.36263656616211,31.899999618530273,32.56999969482422,31.709999084472656,31.709999084472656,3024275
2024-04-17,RWE.DE,29.178546905517578,31.700000762939453,32.060001373291016,31.389999389648438,31.670000076293945,1738403
2024-04-18,RWE.DE,29.76763916015625,32.34000015258789,32.45000076293945,31.889999389648438,32.099998474121094,2268168
2024-04-19,RWE.DE,29.8688907623291,32.45000076293945,32.79999923706055,32.040000915527344,32.38999938964844,2287584
2024-04-22,RWE.DE,29.519115447998047,32.06999969482422,32.439998626708984,31.510000228881836,32.29999923706055,3315403
2024-04-23,RWE.DE,29.39025115966797,31.93000030517578,32.220001220703125,31.709999084472656,32.150001525878906,2263400
2024-04-24,RWE.DE,29.141727447509766,31.65999984741211,31.979999542236328,31.549999237060547,31.860000610351562,2012976
2024-04-25,RWE.DE,29.353431701660156,31.889999389648438,32.38999938964844,31.59000015258789,31.65999984741211,2929172
2024-04-26,RWE.DE,29.629568099975586,32.189998626708984,32.619998931884766,31.959999084472656,31.959999084472656,2207834
2024-04-29,RWE.DE,30.375141143798828,33.0,33.13999938964844,32.33000183105469,32.34000015258789,2346810
2024-04-30,RWE.DE,30.034574508666992,32.630001068115234,33.45000076293945,32.54999923706055,33.279998779296875,3286144
2024-05-02,RWE.DE,30.660484313964844,33.310001373291016,33.45000076293945,33.040000915527344,33.09000015258789,3019920
2024-05-03,RWE.DE,30.504005432128906,33.13999938964844,33.90999984741211,33.13999938964844,33.43000030517578,2659959
2024-05-06,RWE.DE,30.731792449951172,32.380001068115234,32.68000030517578,32.27000045776367,32.599998474121094,1726884
2024-05-07,RWE.DE,31.424633026123047,33.11000061035156,33.11000061035156,32.45000076293945,32.47999954223633,2964665
2024-05-08,RWE.DE,31.32971954345703,33.0099983215332,33.34000015258789,32.779998779296875,33.13999938964844,2055763
2024-05-09,RWE.DE,32.11747360229492,33.84000015258789,33.880001068115234,33.02000045776367,33.04999923706055,2342805
2024-05-10,RWE.DE,32.74387741088867,34.5,34.720001220703125,33.959999084472656,33.9900016784668,3937566
2024-05-13,RWE.DE,32.70591354370117,34.459999084472656,34.599998474121094,34.20000076293945,34.599998474121094,2819190
2024-05-14,RWE.DE,33.17097091674805,34.95000076293945,35.06999969482422,34.599998474121094,34.650001525878906,2830471
2024-05-15,RWE.DE,33.78788375854492,35.599998474121094,36.349998474121094,34.65999984741211,35.040000915527344,5109386
2024-05-16,RWE.DE,33.58857345581055,35.38999938964844,35.88999938964844,35.25,35.58000183105469,2589884
2024-05-17,RWE.DE,32.94318771362305,34.709999084472656,35.54999923706055,34.540000915527344,35.36000061035156,2248645
2024-05-20,RWE.DE,32.97166442871094,34.7400016784668,35.04999923706055,34.650001525878906,34.7599983215332,937319
2024-05-21,RWE.DE,32.66794967651367,34.41999816894531,34.689998626708984,34.2599983215332,34.619998931884766,2267406
2024-05-22,RWE.DE,32.94318771362305,34.709999084472656,34.75,34.2599983215332,34.369998931884766,1364577
2024-05-23,RWE.DE,32.838783264160156,34.599998474121094,34.75,34.16999816894531,34.65999984741211,3518414
2024-05-24,RWE.DE,32.41169357299805,34.150001525878906,34.5,34.0,34.290000915527344,1576787
2024-05-27,RWE.DE,33.23741149902344,35.02000045776367,35.09000015258789,34.130001068115234,34.13999938964844,1491689
2024-05-28,RWE.DE,33.24689865112305,35.029998779296875,35.439998626708984,34.97999954223633,35.11000061035156,1427011
2024-05-29,RWE.DE,32.48762130737305,34.22999954223633,34.810001373291016,34.189998626708984,34.68000030517578,1694957
2024-05-30,RWE.DE,33.04758834838867,34.81999969482422,34.93000030517578,34.06999969482422,34.09000015258789,1434212
2024-05-31,RWE.DE,33.06657028198242,34.84000015258789,34.970001220703125,34.630001068115234,34.66999816894531,2480819
2024-06-03,RWE.DE,33.82584762573242,35.63999938964844,35.720001220703125,34.95000076293945,35.040000915527344,2027333
2024-06-04,RWE.DE,33.7594108581543,35.56999969482422,35.91999816894531,35.41999816894531,35.65999984741211,1656236
2024-06-05,RWE.DE,33.40824508666992,35.20000076293945,35.88999938964844,34.90999984741211,35.790000915527344,2348353
2024-06-06,RWE.DE,33.09504318237305,34.869998931884766,35.630001068115234,34.7400016784668,35.09000015258789,1751921
2024-06-07,RWE.DE,32.44016647338867,34.18000030517578,34.95000076293945,33.959999084472656,34.83000183105469,2919066
2024-06-10,RWE.DE,31.899181365966797,33.61000061035156,33.90999984741211,33.34000015258789,33.90999984741211,1999493
2024-06-11,RWE.DE,31.975107192993164,33.689998626708984,33.83000183105469,33.2400016784668,33.61000061035156,1777914
2024-06-12,RWE.DE,32.3167839050293,34.04999923706055,34.33000183105469,33.59000015258789,33.7400016784668,1783747
2024-06-13,RWE.DE,31.94663429260254,33.65999984741211,34.150001525878906,33.4900016784668,33.869998931884766,1536003
2024-06-14,RWE.DE,31.47208595275879,33.15999984741211,33.79999923706055,32.84000015258789,33.7599983215332,2431725
2024-06-17,RWE.DE,31.358196258544922,33.040000915527344,33.20000076293945,32.72999954223633,33.16999816894531,1606245
2024-06-18,RWE.DE,31.709360122680664,33.40999984741211,33.459999084472656,33.0,33.099998474121094,1284146
2024-06-19,RWE.DE,31.41514015197754,33.099998474121094,33.59000015258789,33.0,33.40999984741211,1349750
2024-06-20,RWE.DE,31.813762664794922,33.52000045776367,33.63999938964844,33.15999984741211,33.2400016784668,2012977
2024-06-21,RWE.DE,31.728343963623047,33.43000030517578,33.779998779296875,33.41999816894531,33.52000045776367,2919743
2024-06-24,RWE.DE,31.76630973815918,33.470001220703125,33.650001525878906,33.08000183105469,33.40999984741211,1378432
2024-06-25,RWE.DE,31.94663429260254,33.65999984741211,33.70000076293945,33.38999938964844,33.5,1152301
2024-06-26,RWE.DE,31.529035568237305,33.220001220703125,33.7599983215332,32.81999969482422,33.65999984741211,1710938
2024-06-27,RWE.DE,30.94059181213379,32.599998474121094,33.2400016784668,32.29999923706055,33.16999816894531,2967239
2024-06-28,RWE.DE,30.323678970336914,31.950000762939453,32.630001068115234,31.8799991607666,32.5,3411687
2024-07-01,RWE.DE,30.94059181213379,32.599998474121094,33.029998779296875,32.45000076293945,32.459999084472656,1661694
2024-07-02,RWE.DE,30.513498306274414,32.150001525878906,32.56999969482422,32.150001525878906,32.5,1737588
2024-07-03,RWE.DE,31.035503387451172,32.70000076293945,32.7599983215332,32.02000045776367,32.20000076293945,2146977
2024-07-04,RWE.DE,31.291757583618164,32.970001220703125,32.970001220703125,32.540000915527344,32.56999969482422,974064
2024-07-05,RWE.DE,31.88968849182129,33.599998474121094,33.599998474121094,33.119998931884766,33.119998931884766,1242770
2024-07-08,RWE.DE,31.377180099487305,33.060001373291016,33.5099983215332,33.02000045776367,33.459999084472656,1398065
2024-07-09,RWE.DE,30.978553771972656,32.63999938964844,33.33000183105469,32.529998779296875,33.09000015258789,1070802
2024-07-10,RWE.DE,31.36768341064453,33.04999923706055,33.209999084472656,32.63999938964844,32.66999816894531,1258252
2024-07-11,RWE.DE,32.29779815673828,34.029998779296875,34.029998779296875,33.02000045776367,33.349998474121094,2173979
2024-07-12,RWE.DE,32.1649284362793,33.88999938964844,34.22999954223633,33.709999084472656,34.16999816894531,1235791
2024-07-15,RWE.DE,31.06397247314453,32.72999954223633,33.75,32.619998931884766,33.75,2245812
2024-07-16,RWE.DE,30.950082778930664,32.61000061035156,32.93000030517578,32.310001373291016,32.619998931884766,1253584
2024-07-17,RWE.DE,31.073467254638672,32.7400016784668,33.02000045776367,32.45000076293945,32.45000076293945,1718179
2024-07-18,RWE.DE,31.10193634033203,32.77000045776367,33.040000915527344,32.75,32.84000015258789,1311919
2024-07-19,RWE.DE,31.120922088623047,32.790000915527344,33.20000076293945,32.38999938964844,32.4900016784668,1662608
2024-07-22,RWE.DE,31.32023048400879,33.0,33.34000015258789,33.0,33.22999954223633,1267381
2024-07-23,RWE.DE,31.424633026123047,33.11000061035156,33.11000061035156,32.630001068115234,32.720001220703125,870481
2024-07-24,RWE.DE,31.557504653930664,33.25,33.58000183105469,32.869998931884766,32.900001525878906,1507859
2024-07-25,RWE.DE,31.604957580566406,33.29999923706055,33.529998779296875,32.86000061035156,33.040000915527344,2234389
2024-07-26,RWE.DE,31.91816520690918,33.630001068115234,33.630001068115234,33.060001373291016,33.150001525878906,1349509
2024-07-29,RWE.DE,32.34526062011719,34.08000183105469,34.400001525878906,33.720001220703125,33.75,1447778
2024-07-30,RWE.DE,32.49711608886719,34.2400016784668,34.36000061035156,33.90999984741211,34.16999816894531,981370
2024-07-31,RWE.DE,32.73439025878906,34.4900016784668,34.650001525878906,34.36000061035156,34.54999923706055,1600402
2024-08-01,RWE.DE,32.5066032409668,34.25,34.84000015258789,34.150001525878906,34.43000030517578,1050042
2024-08-02,RWE.DE,29.953529357910156,31.559999465942383,34.0099983215332,31.559999465942383,33.84000015258789,7711863
2024-08-05,RWE.DE,29.289161682128906,30.860000610351562,31.549999237060547,30.65999984741211,30.84000015258789,3537223
2024-08-06,RWE.DE,29.422035217285156,31.0,31.6299991607666,30.760000228881836,31.049999237060547,2315397
2024-08-07,RWE.DE,30.304697036743164,31.93000030517578,32.18000030517578,31.0,31.149999618530273,2105560
2024-08-08,RWE.DE,30.42807960510254,32.060001373291016,32.060001373291016,31.559999465942383,31.920000076293945,1323126
2024-08-09,RWE.DE,30.200294494628906,31.81999969482422,32.22999954223633,31.739999771118164,31.969999313354492,1192336
2024-08-12,RWE.DE,30.71280860900879,32.36000061035156,32.540000915527344,31.860000610351562,31.860000610351562,1422774
2024-08-13,RWE.DE,30.646371841430664,32.290000915527344,32.75,32.189998626708984,32.560001373291016,1517484
2024-08-14,RWE.DE,28.90003204345703,30.450000762939453,32.16999816894531,30.260000228881836,31.760000228881836,6461931
2024-08-15,RWE.DE,29.232213973999023,30.799999237060547,31.3700008392334,30.700000762939453,30.700000762939453,3328252
2024-08-16,RWE.DE,29.43152618408203,31.010000228881836,31.079999923706055,30.760000228881836,30.889999389648438,2841730
2024-08-19,RWE.DE,29.773202896118164,31.3700008392334,31.459999084472656,31.030000686645508,31.059999465942383,1910319
2024-08-20,RWE.DE,29.934547424316406,31.540000915527344,31.600000381469727,31.270000457763672,31.3700008392334,2479009
2024-08-21,RWE.DE,29.88709259033203,31.489999771118164,31.649999618530273,31.290000915527344,31.5,1528761
2024-08-22,RWE.DE,30.057931900024414,31.670000076293945,31.809999465942383,31.479999542236328,31.479999542236328,1451175
2024-08-23,RWE.DE,30.41858673095703,32.04999923706055,32.119998931884766,31.690000534057617,31.739999771118164,1604564
2024-08-26,RWE.DE,30.45655059814453,32.09000015258789,32.150001525878906,31.860000610351562,32.0,1055745
2024-08-27,RWE.DE,30.485023498535156,32.119998931884766,32.33000183105469,32.119998931884766,32.20000076293945,866197
2024-08-28,RWE.DE,30.485023498535156,32.119998931884766,32.25,32.02000045776367,32.09000015258789,1217460
2024-08-29,RWE.DE,30.95957374572754,32.619998931884766,32.90999984741211,32.060001373291016,32.060001373291016,2027623
2024-08-30,RWE.DE,30.969066619873047,32.630001068115234,32.97999954223633,32.619998931884766,32.689998626708984,1708485
2024-09-02,RWE.DE,31.044992446899414,32.709999084472656,32.84000015258789,32.349998474121094,32.63999938964844,1201839
2024-09-03,RWE.DE,30.95957374572754,32.619998931884766,32.90999984741211,32.5099983215332,32.70000076293945,995440
2024-09-04,RWE.DE,30.665353775024414,32.310001373291016,32.540000915527344,32.040000915527344,32.34000015258789,1355003
2024-09-05,RWE.DE,31.291757583618164,32.970001220703125,33.599998474121094,32.279998779296875,32.290000915527344,4214689
2024-09-06,RWE.DE,31.139902114868164,32.810001373291016,33.09000015258789,32.77000045776367,32.90999984741211,1450692
2024-09-09,RWE.DE,31.48157501220703,33.16999816894531,33.470001220703125,32.540000915527344,32.95000076293945,1707664
2024-09-10,RWE.DE,31.424633026123047,33.11000061035156,34.029998779296875,33.11000061035156,33.310001373291016,2387269
2024-09-11,RWE.DE,31.16837501525879,32.84000015258789,33.7400016784668,32.599998474121094,33.400001525878906,1951435
2024-09-12,RWE.DE,30.969066619873047,32.630001068115234,33.310001373291016,32.58000183105469,33.0099983215332,1438294
2024-09-13,RWE.DE,31.32971954345703,33.0099983215332,33.06999969482422,32.70000076293945,32.79999923706055,1364666
2024-09-16,RWE.DE,31.00702667236328,32.66999816894531,33.15999984741211,32.56999969482422,33.06999969482422,1406116
2024-09-17,RWE.DE,31.035503387451172,32.70000076293945,32.91999816894531,32.5,32.869998931884766,1536976
2024-09-18,RWE.DE,30.636878967285156,32.279998779296875,32.81999969482422,32.279998779296875,32.7599983215332,1868211
2024-09-19,RWE.DE,29.46000099182129,31.040000915527344,32.540000915527344,30.959999084472656,32.5,4791496
2024-09-20,RWE.DE,29.497962951660156,31.079999923706055,31.309999465942383,30.940000534057617,31.049999237060547,3740991
2024-09-23,RWE.DE,30.31418800354004,31.940000534057617,32.099998474121094,31.1200008392334,31.15999984741211,2018447
2024-09-24,RWE.DE,30.57044219970703,32.209999084472656,32.279998779296875,31.790000915527344,32.09000015258789,1257706
2024-09-25,RWE.DE,30.447063446044922,32.08000183105469,32.220001220703125,31.739999771118164,32.040000915527344,1604108
2024-09-26,RWE.DE,31.32971954345703,33.0099983215332,33.310001373291016,32.52000045776367,32.650001525878906,3770743
2024-09-27,RWE.DE,31.529035568237305,33.220001220703125,33.439998626708984,32.9900016784668,33.20000076293945,2205978
2024-09-30,RWE.DE,31.01651954650879,32.68000030517578,33.18000030517578,32.68000030517578,33.09000015258789,1951912
2024-10-01,RWE.DE,30.665353775024414,32.310001373291016,32.75,32.209999084472656,32.630001068115234,2013362
2024-10-02,RWE.DE,30.684335708618164,32.33000183105469,32.45000076293945,32.0099983215332,32.34000015258789,1576667
2024-10-03,RWE.DE,30.45655059814453,32.09000015258789,32.380001068115234,31.920000076293945,32.189998626708984,1270584
2024-10-04,RWE.DE,29.858617782592773,31.459999084472656,32.310001373291016,31.200000762939453,32.15999984741211,2686735
2024-10-07,RWE.DE,29.925058364868164,31.530000686645508,31.780000686645508,31.260000228881836,31.610000610351562,1692656
2024-10-08,RWE.DE,29.75421905517578,31.350000381469727,31.56999969482422,31.270000457763672,31.399999618530273,1419305
2024-10-09,RWE.DE,29.83014678955078,31.43000030517578,31.520000457763672,31.18000030517578,31.43000030517578,1436902
2024-10-10,RWE.DE,29.763710021972656,31.360000610351562,31.510000228881836,31.170000076293945,31.389999389648438,1151943
2024-10-11,RWE.DE,29.953529357910156,31.559999465942383,31.770000457763672,31.309999465942383,31.31999969482422,1160111
2024-10-14,RWE.DE,30.23826026916504,31.860000610351562,31.920000076293945,31.459999084472656,31.65999984741211,1158200
2024-10-15,RWE.DE,30.181312561035156,31.799999237060547,32.09000015258789,31.700000762939453,32.0,1844553
2024-10-16,RWE.DE,30.133859634399414,31.75,31.860000610351562,31.440000534057617,31.850000381469727,1240191
2024-10-17,RWE.DE,29.925058364868164,31.530000686645508,32.02000045776367,31.489999771118164,31.649999618530273,1527786
2024-10-18,RWE.DE,29.88709259033203,31.489999771118164,31.530000686645508,31.15999984741211,31.469999313354492,1521920
2024-10-21,RWE.DE,29.934547424316406,31.540000915527344,31.719999313354492,31.0,31.520000457763672,1510851
2024-10-22,RWE.DE,29.43152618408203,31.010000228881836,31.40999984741211,30.809999465942383,31.389999389648438,1948100
2024-10-23,RWE.DE,29.05188751220703,30.610000610351562,31.18000030517578,30.610000610351562,31.0,1466339
2024-10-24,RWE.DE,29.20374298095703,30.770000457763672,31.170000076293945,30.610000610351562,30.649999618530273,1880457
2024-10-25,RWE.DE,29.14679718017578,30.709999084472656,30.889999389648438,30.43000030517578,30.700000762939453,1338393
2024-10-28,RWE.DE,29.194252014160156,30.760000228881836,30.899999618530273,30.690000534057617,30.81999969482422,945575
2024-10-29,RWE.DE,28.72919464111328,30.270000457763672,31.110000610351562,30.270000457763672,30.959999084472656,2263359
2024-10-30,RWE.DE,28.65326690673828,30.190000534057617,30.40999984741211,30.0,30.209999084472656,1465384
2024-10-31,RWE.DE,28.2546443939209,29.770000457763672,30.139999389648438,29.520000457763672,30.06999969482422,2814685
2024-11-01,RWE.DE,28.226171493530273,29.739999771118164,30.100000381469727,29.68000030517578,29.709999084472656,1354784
2024-11-04,RWE.DE,28.6722469329834,30.209999084472656,30.5,29.780000686645508,29.84000015258789,2715141
2024-11-05,RWE.DE,28.833593368530273,30.3799991607666,30.540000915527344,30.1200008392334,30.299999237060547,1946259
2024-11-06,RWE.DE,27.571292877197266,29.049999237060547,29.920000076293945,28.149999618530273,29.479999542236328,8640891
2024-11-07,RWE.DE,28.567846298217773,30.100000381469727,30.56999969482422,29.0,29.010000228881836,6404687
2024-11-08,RWE.DE,28.61530113220215,30.149999618530273,30.440000534057617,29.899999618530273,30.100000381469727,2114309
2024-11-11,RWE.DE,29.194252014160156,30.760000228881836,31.020000457763672,30.270000457763672,30.280000686645508,2104522
2024-11-12,RWE.DE,28.586828231811523,30.1200008392334,30.709999084472656,30.100000381469727,30.6299991607666,2288268
2024-11-13,RWE.DE,30.342660903930664,31.969999313354492,32.810001373291016,31.780000686645508,32.04999923706055,8233800
2024-11-14,RWE.DE,30.133859634399414,31.75,32.150001525878906,31.690000534057617,32.0,3033923
2024-11-15,RWE.DE,30.304697036743164,31.93000030517578,32.279998779296875,31.600000381469727,31.65999984741211,2678521
2024-11-18,RWE.DE,30.29520606994629,31.920000076293945,32.279998779296875,31.68000030517578,32.16999816894531,1831811
2024-11-19,RWE.DE,29.820655822753906,31.420000076293945,32.209999084472656,31.290000915527344,31.950000762939453,1585949
2024-11-20,RWE.DE,29.422035217285156,31.0,31.6299991607666,30.729999542236328,31.5,2227880
2024-11-21,RWE.DE,29.20374298095703,30.770000457763672,31.030000686645508,30.56999969482422,30.860000610351562,2495514
2024-11-22,RWE.DE,29.43152618408203,31.010000228881836,31.440000534057617,30.790000915527344,30.799999237060547,2379474
2024-11-25,RWE.DE,29.384071350097656,30.959999084472656,31.31999969482422,30.68000030517578,31.139999389648438,3084104
2024-11-26,RWE.DE,29.232213973999023,30.799999237060547,31.270000457763672,30.700000762939453,30.829999923706055,1775025
2024-11-27,RWE.DE,29.554908752441406,31.139999389648438,31.299999237060547,30.469999313354492,30.860000610351562,2158516
2024-11-28,RWE.DE,30.228769302368164,31.850000381469727,32.029998779296875,31.1200008392334,31.15999984741211,3637001
2024-11-29,RWE.DE,30.247751235961914,31.8700008392334,31.899999618530273,31.540000915527344,31.770000457763672,2078558
2024-12-02,RWE.DE,30.209787368774414,31.829999923706055,32.220001220703125,31.670000076293945,31.739999771118164,2737757
2024-12-03,RWE.DE,30.08640480041504,31.700000762939453,32.11000061035156,31.510000228881836,32.0,3711036
2024-12-04,RWE.DE,29.3935604095459,30.969999313354492,31.93000030517578,30.920000076293945,31.81999969482422,3206018
2024-12-05,RWE.DE,29.18475914001465,30.75,31.270000457763672,30.719999313354492,30.889999389648438,2872558
2024-12-06,RWE.DE,29.1657772064209,30.729999542236328,30.93000030517578,30.610000610351562,30.799999237060547,1585643
2024-12-09,RWE.DE,29.365089416503906,30.940000534057617,30.940000534057617,30.719999313354492,30.860000610351562,1737391
2024-12-10,RWE.DE,29.232213973999023,30.799999237060547,31.0,30.709999084472656,30.84000015258789,1741011
2024-12-11,RWE.DE,28.662755966186523,30.200000762939453,30.8799991607666,30.100000381469727,30.850000381469727,2724004
2024-12-12,RWE.DE,28.378026962280273,29.899999618530273,30.309999465942383,29.899999618530273,30.15999984741211,2208165
2024-12-13,RWE.DE,27.789587020874023,29.280000686645508,29.969999313354492,29.1299991607666,29.93000030517578,3496233
2024-12-16,RWE.DE,27.125219345092773,28.579999923706055,29.309999465942383,28.399999618530273,29.219999313354492,3803260
2024-12-17,RWE.DE,26.887943267822266,28.329999923706055,28.540000915527344,28.170000076293945,28.399999618530273,3861280
2024-12-18,RWE.DE,26.82150650024414,28.260000228881836,28.440000534057617,27.889999389648438,28.280000686645508,2875581
2024-12-19,RWE.DE,26.887943267822266,28.329999923706055,28.43000030517578,27.760000228881836,27.899999618530273,2862344
2024-12-20,RWE.DE,26.812015533447266,28.25,28.25,27.8799991607666,28.049999237060547,4082329
2024-12-23,RWE.DE,27.01132583618164,28.459999084472656,28.459999084472656,28.020000457763672,28.25,1604176
2024-12-27,RWE.DE,27.125219345092773,28.579999923706055,28.579999923706055,28.020000457763672,28.260000228881836,2222263
2024-12-30,RWE.DE,27.36249351501465,28.829999923706055,28.829999923706055,28.440000534057617,28.479999542236328,1548094
2025-01-02,RWE.DE,28.055334091186523,29.559999465942383,29.65999984741211,28.8799991607666,28.93000030517578,2958886
2025-01-03,RWE.DE,28.78614044189453,30.329999923706055,30.5,29.31999969482422,29.670000076293945,3711652
2025-01-06,RWE.DE,28.72919464111328,30.270000457763672,30.469999313354492,30.079999923706055,30.440000534057617,1864312
2025-01-07,RWE.DE,28.46344566345215,29.989999771118164,30.40999984741211,29.93000030517578,30.229999542236328,2022927
2025-01-08,RWE.DE,27.78009605407715,29.270000457763672,29.780000686645508,29.079999923706055,29.719999313354492,3027150
2025-01-09,RWE.DE,27.087255477905273,28.540000915527344,29.329999923706055,28.520000457763672,29.18000030517578,2620368
2025-01-10,RWE.DE,26.70761489868164,28.139999389648438,28.549999237060547,27.979999542236328,28.5,3319307
2025-01-13,RWE.DE,27.125219345092773,28.579999923706055,28.920000076293945,28.15999984741211,28.18000030517578,2145733
2025-01-14,RWE.DE,26.916418075561523,28.360000610351562,28.690000534057617,28.219999313354492,28.670000076293945,1889060
2025-01-15,RWE.DE,27.50485610961914,28.979999542236328,29.190000534057617,28.389999389648438,28.56999969482422,2211092
2025-01-16,RWE.DE,27.5333309173584,29.010000228881836,29.1299991607666,28.68000030517578,29.030000686645508,2199882
2025-01-17,RWE.DE,27.85602378845215,29.350000381469727,29.760000228881836,29.219999313354492,29.290000915527344,2916752
2025-01-20,RWE.DE,28.00787925720215,29.510000228881836,29.670000076293945,29.09000015258789,29.43000030517578,1840904
2025-01-21,RWE.DE,27.903478622436523,29.399999618530273,29.40999984741211,28.65999984741211,28.799999237060547,2180355
2025-01-22,RWE.DE,27.191654205322266,28.649999618530273,29.399999618530273,28.639999389648438,29.34000015258789,2649237
2025-01-23,RWE.DE,27.419437408447266,28.889999389648438,28.920000076293945,28.610000610351562,28.65999984741211,1341818
2025-01-24,RWE.DE,27.248600006103516,28.709999084472656,29.020000457763672,28.540000915527344,28.93000030517578,1696612
2025-01-27,RWE.DE,27.068273544311523,28.520000457763672,29.079999923706055,28.520000457763672,28.700000762939453,2314282
2025-01-28,RWE.DE,27.5333309173584,29.010000228881836,29.649999618530273,28.40999984741211,28.549999237060547,2852191
2025-01-29,RWE.DE,27.87500762939453,29.3700008392334,29.3700008392334,28.719999313354492,29.010000228881836,2248247
2025-01-30,RWE.DE,28.1027889251709,29.610000610351562,29.760000228881836,29.15999984741211,29.3799991607666,1730979
2025-01-31,RWE.DE,28.359045028686523,29.8799991607666,30.040000915527344,29.670000076293945,29.719999313354492,2033260
2025-02-03,RWE.DE,28.121768951416016,29.6299991607666,29.809999465942383,29.290000915527344,29.649999618530273,1835614
2025-02-04,RWE.DE,28.207189559936523,29.719999313354492,29.739999771118164,29.309999465942383,29.6299991607666,2200517
2025-02-05,RWE.DE,28.472938537597656,30.0,30.059999465942383,29.43000030517578,29.649999618530273,2661215
2025-02-06,RWE.DE,27.846532821655273,29.34000015258789,30.1200008392334,29.15999984741211,29.989999771118164,3403325
2025-02-07,RWE.DE,27.191654205322266,28.649999618530273,29.770000457763672,28.649999618530273,29.360000610351562,4134849
2025-02-10,RWE.DE,27.713659286499023,29.200000762939453,29.239999771118164,28.709999084472656,28.809999465942383,2336385
2025-02-11,RWE.DE,27.58078384399414,29.059999465942383,29.350000381469727,28.950000762939453,29.190000534057617,1762302
2025-02-12,RWE.DE,27.001834869384766,28.450000762939453,29.360000610351562,28.3700008392334,29.139999389648438,3238780
2025-02-13,RWE.DE,26.93539810180664,28.3799991607666,28.700000762939453,27.950000762939453,28.209999084472656,4023512
2025-02-14,RWE.DE,27.096744537353516,28.549999237060547,28.709999084472656,28.239999771118164,28.299999237060547,2108054
2025-02-17,RWE.DE,27.020816802978516,28.469999313354492,28.799999237060547,28.31999969482422,28.600000381469727,1905566
2025-02-18,RWE.DE,26.963871002197266,28.40999984741211,28.649999618530273,28.100000381469727,28.59000015258789,2688393
2025-02-19,RWE.DE,27.03030776977539,28.479999542236328,29.010000228881836,28.31999969482422,28.469999313354492,2719623
2025-02-20,RWE.DE,27.343509674072266,28.809999465942383,29.299999237060547,28.549999237060547,28.719999313354492,3709585
2025-02-21,RWE.DE,27.6472225189209,29.1299991607666,29.260000228881836,28.639999389648438,28.860000610351562,3224113
2025-02-24,RWE.DE,28.71021270751953,30.25,30.260000228881836,29.56999969482422,29.700000762939453,3595665
2025-02-25,RWE.DE,28.624792098999023,30.15999984741211,30.65999984741211,30.15999984741211,30.31999969482422,2668276
2025-02-26,RWE.DE,29.10883331298828,30.670000076293945,30.75,30.209999084472656,30.479999542236328,1850094
2025-02-27,RWE.DE,28.586828231811523,30.1200008392334,30.600000381469727,29.940000534057617,30.540000915527344,3370118
2025-02-28,RWE.DE,28.776647567749023,30.31999969482422,30.450000762939453,29.829999923706055,30.15999984741211,2517605
2025-03-03,RWE.DE,29.061378479003906,30.6200008392334,30.790000915527344,30.100000381469727,30.260000228881836,2096648
2025-03-04,RWE.DE,28.80512237548828,30.350000381469727,30.93000030517578,30.239999771118164,30.700000762939453,2209421
2025-03-05,RWE.DE,28.90003204345703,30.450000762939453,30.969999313354492,30.200000762939453,30.200000762939453,2781977
2025-03-06,RWE.DE,29.422035217285156,31.0,31.18000030517578,30.389999389648438,30.440000534057617,3403348
2025-03-07,RWE.DE,29.53592872619629,31.1200008392334,31.280000686645508,30.520000457763672,31.190000534057617,2856352
2025-03-10,RWE.DE,29.3176326751709,30.889999389648438,31.389999389648438,30.770000457763672,31.25,2370483
2025-03-11,RWE.DE,29.497962951660156,31.079999923706055,31.549999237060547,30.920000076293945,30.920000076293945,2450007
2025-03-12,RWE.DE,29.573890686035156,31.15999984741211,31.6299991607666,30.809999465942383,31.200000762939453,2488567
2025-03-13,RWE.DE,30.361642837524414,31.989999771118164,32.790000915527344,31.1299991607666,31.299999237060547,6988231
2025-03-14,RWE.DE,30.55146026611328,32.189998626708984,32.56999969482422,31.709999084472656,31.979999542236328,4095102
2025-03-17,RWE.DE,30.769752502441406,32.41999816894531,32.630001068115234,32.130001068115234,32.189998626708984,2441800
2025-03-18,RWE.DE,31.557504653930664,33.25,33.36000061035156,32.52000045776367,32.52000045776367,3621733
2025-03-19,RWE.DE,31.36768341064453,33.04999923706055,33.5,32.90999984741211,33.349998474121094,3595910
2025-03-20,RWE.DE,30.42807960510254,32.060001373291016,32.869998931884766,31.540000915527344,32.29999923706055,6597941
2025-03-21,RWE.DE,30.45655059814453,32.09000015258789,32.63999938964844,32.02000045776367,32.29999923706055,5916648
2025-03-24,RWE.DE,30.921611785888672,32.58000183105469,33.29999923706055,32.5099983215332,32.709999084472656,3091763
2025-03-25,RWE.DE,30.912118911743164,32.56999969482422,32.959999084472656,32.540000915527344,32.81999969482422,1819478
2025-03-26,RWE.DE,31.187358856201172,32.86000061035156,33.09000015258789,32.65999984741211,32.68000030517578,2039083
2025-03-27,RWE.DE,31.301250457763672,32.97999954223633,33.16999816894531,32.75,32.79999923706055,1965340
2025-03-28,RWE.DE,31.43412208557129,33.119998931884766,33.279998779296875,32.59000015258789,33.02000045776367,2180067
2025-03-31,RWE.DE,31.339214324951172,33.02000045776367,33.20000076293945,32.59000015258789,33.06999969482422,1983856
2025-04-01,RWE.DE,31.842235565185547,33.54999923706055,33.97999954223633,32.959999084472656,33.0099983215332,3948774
2025-04-02,RWE.DE,32.04154586791992,33.7599983215332,33.939998626708984,33.45000076293945,33.45000076293945,2307344
2025-04-03,RWE.DE,32.42118453979492,34.15999984741211,34.65999984741211,33.470001220703125,33.72999954223633,3740553
2025-04-04,RWE.DE,30.684335708618164,32.33000183105469,34.470001220703125,32.11000061035156,34.18000030517578,5671117
2025-04-07,RWE.DE,29.71625518798828,31.309999465942383,32.40999984741211,30.059999465942383,30.399999618530273,7649701
2025-04-08,RWE.DE,30.11487579345703,31.729999542236328,32.02000045776367,31.010000228881836,31.510000228881836,3647013
2025-04-09,RWE.DE,29.697275161743164,31.290000915527344,31.719999313354492,30.649999618530273,31.190000534057617,3654039
2025-04-10,RWE.DE,30.494516372680664,32.130001068115234,32.59000015258789,32.0,32.290000915527344,3278858
2025-04-11,RWE.DE,30.87415313720703,32.529998779296875,33.0,32.38999938964844,32.599998474121094,2951916
2025-04-14,RWE.DE,31.158885955810547,32.83000183105469,33.16999816894531,32.619998931884766,32.9900016784668,1913512
2025-04-15,RWE.DE,31.956127166748047,33.66999816894531,33.66999816894531,32.869998931884766,32.90999984741211,2770859
2025-04-16,RWE.DE,32.34526062011719,34.08000183105469,34.099998474121094,33.689998626708984,33.900001525878906,2122566
2025-04-17,RWE.DE,32.34526062011719,34.08000183105469,34.310001373291016,33.79999923706055,33.97999954223633,2281623
2025-04-22,RWE.DE,32.40220260620117,34.13999938964844,34.380001068115234,33.63999938964844,34.2400016784668,1874941
2025-04-23,RWE.DE,31.880199432373047,33.59000015258789,34.439998626708984,33.33000183105469,34.43000030517578,3033504
2025-04-24,RWE.DE,32.28831100463867,34.02000045776367,34.290000915527344,33.810001373291016,33.90999984741211,2292166
2025-04-25,RWE.DE,32.11747360229492,33.84000015258789,34.279998779296875,33.84000015258789,34.0099983215332,2025317
2025-04-28,RWE.DE,32.00358200073242,33.720001220703125,34.15999984741211,33.369998931884766,33.97999954223633,2331482
2025-04-29,RWE.DE,32.44965362548828,34.189998626708984,34.38999938964844,33.65999984741211,33.77000045776367,1837970
2025-04-30,RWE.DE,32.45915222167969,34.20000076293945,34.2599983215332,33.400001525878906,34.13999938964844,2853478
2025-05-02,RWE.DE,32.508182525634766,33.150001525878906,33.58000183105469,32.880001068115234,33.400001525878906,2846598
2025-05-05,RWE.DE,32.625858306884766,33.27000045776367,33.36000061035156,33.04999923706055,33.25,1820252
2025-05-06,RWE.DE,32.557212829589844,33.20000076293945,33.439998626708984,32.90999984741211,33.31999969482422,2051368
2025-05-07,RWE.DE,32.125728607177734,32.7599983215332,33.33000183105469,32.68000030517578,33.2400016784668,2487393
2025-05-08,RWE.DE,32.047279357910156,32.68000030517578,32.939998626708984,32.0099983215332,32.709999084472656,2693619
2025-05-09,RWE.DE,31.978635787963867,32.61000061035156,33.0,32.33000183105469,32.650001525878906,3036923
2025-05-12,RWE.DE,31.851152420043945,32.47999954223633,33.06999969482422,32.34000015258789,32.880001068115234,2570871
2025-05-13,RWE.DE,31.694250106811523,32.31999969482422,33.47999954223633,32.150001525878906,32.68000030517578,3680211
2025-05-14,RWE.DE,31.596187591552734,32.220001220703125,32.459999084472656,31.719999313354492,32.18000030517578,2834989
2025-05-15,RWE.DE,31.72366714477539,32.349998474121094,32.4900016784668,30.940000534057617,31.799999237060547,3837933
2025-05-16,RWE.DE,31.458898544311523,32.08000183105469,32.869998931884766,32.02000045776367,32.65999984741211,2913646
2025-05-19,RWE.DE,31.772703170776367,32.400001525878906,32.400001525878906,31.899999618530273,32.209999084472656,2278520
2025-05-20,RWE.DE,32.743534088134766,33.38999938964844,33.45000076293945,32.599998474121094,32.619998931884766,3863866
2025-05-21,RWE.DE,32.60624313354492,33.25,33.470001220703125,32.9900016784668,33.380001068115234,2773088
2025-05-22,RWE.DE,31.968828201293945,32.599998474121094,33.099998474121094,32.540000915527344,32.83000183105469,2708732
2025-05-23,RWE.DE,31.72366714477539,32.349998474121094,32.84000015258789,32.099998474121094,32.63999938964844,2570776
2025-05-26,RWE.DE,32.380699157714844,33.02000045776367,33.02000045776367,32.5099983215332,32.650001525878906,1623265
2025-05-27,RWE.DE,31.959022521972656,32.59000015258789,32.959999084472656,32.560001373291016,32.959999084472656,2420154
2025-05-28,RWE.DE,31.959022521972656,32.59000015258789,32.810001373291016,32.459999084472656,32.599998474121094,2253097
2025-05-29,RWE.DE,32.2728271484375,32.90999984741211,33.06999969482422,32.43000030517578,32.58000183105469,1544089
2025-05-30,RWE.DE,32.48856735229492,33.130001068115234,33.459999084472656,32.939998626708984,33.09000015258789,2880308
2025-06-02,RWE.DE,32.439537048339844,33.08000183105469,33.36000061035156,32.95000076293945,33.040000915527344,2062005
2025-06-03,RWE.DE,32.674888610839844,33.31999969482422,33.400001525878906,33.02000045776367,33.33000183105469,2224233
2025-06-04,RWE.DE,32.733726501464844,33.380001068115234,33.720001220703125,33.290000915527344,33.560001373291016,1413817
2025-06-05,RWE.DE,32.54740524291992,33.189998626708984,33.4900016784668,33.060001373291016,33.29999923706055,1288677
2025-06-06,RWE.DE,32.82198715209961,33.470001220703125,33.58000183105469,33.279998779296875,33.349998474121094,1149220
2025-06-09,RWE.DE,32.90043640136719,33.54999923706055,33.63999938964844,33.31999969482422,33.4900016784668,1146814
2025-06-10,RWE.DE,33.29269027709961,33.95000076293945,33.95000076293945,33.400001525878906,33.630001068115234,1515645
2025-06-11,RWE.DE,34.0085563659668,34.68000030517578,34.810001373291016,33.939998626708984,34.029998779296875,3194356
2025-06-12,RWE.DE,34.547908782958984,35.22999954223633,35.369998931884766,34.439998626708984,34.70000076293945,3010818
2025-06-13,RWE.DE,34.90093994140625,35.59000015258789,35.900001525878906,35.400001525878906,35.68000030517578,3528085
2025-06-16,RWE.DE,35.20493698120117,35.900001525878906,35.900001525878906,35.4900016784668,35.619998931884766,2683573
2025-06-17,RWE.DE,34.78326416015625,35.470001220703125,35.650001525878906,35.2599983215332,35.56999969482422,2503822
2025-06-18,RWE.DE,34.381202697753906,35.060001373291016,35.54999923706055,35.060001373291016,35.40999984741211,1849062
2025-06-19,RWE.DE,34.32236099243164,35.0,35.18000030517578,34.779998779296875,34.900001525878906,1567655
2025-06-20,RWE.DE,34.518489837646484,35.20000076293945,35.349998474121094,34.88999938964844,35.08000183105469,6634714
2025-06-23,RWE.DE,35.10687255859375,35.79999923706055,36.029998779296875,35.099998474121094,35.099998474121094,2588695
2025-06-24,RWE.DE,35.32261276245117,36.02000045776367,36.060001373291016,35.119998931884766,35.400001525878906,2422332
2025-06-25,RWE.DE,35.06764602661133,35.7599983215332,36.2599983215332,35.720001220703125,36.20000076293945,1790951
2025-06-26,RWE.DE,35.048038482666016,35.7400016784668,36.16999816894531,35.720001220703125,35.97999954223633,1131909
2025-06-27,RWE.DE,35.06764602661133,35.7599983215332,36.060001373291016,35.63999938964844,35.849998474121094,1180917
2025-06-30,RWE.DE,34.74403762817383,35.43000030517578,35.97999954223633,35.27000045776367,35.86000061035156,1941405
2025-07-01,RWE.DE,35.35203170776367,36.04999923706055,36.369998931884766,35.689998626708984,35.7599983215332,2370850
2025-07-02,RWE.DE,35.35203170776367,36.04999923706055,36.720001220703125,35.84000015258789,36.5,2063183
2025-07-03,RWE.DE,35.69525909423828,36.400001525878906,36.54999923706055,35.97999954223633,36.15999984741211,1503510
2025-07-04,RWE.DE,35.58738708496094,36.290000915527344,36.5,36.11000061035156,36.400001525878906,967711
2025-07-07,RWE.DE,35.14609909057617,35.84000015258789,36.349998474121094,35.779998779296875,36.33000183105469,1048274
2025-07-08,RWE.DE,34.675392150878906,35.36000061035156,35.869998931884766,35.290000915527344,35.81999969482422,2042587
2025-07-09,RWE.DE,35.46970748901367,36.16999816894531,36.16999816894531,35.52000045776367,35.529998779296875,1613611
2025-07-10,RWE.DE,35.20493698120117,35.900001525878906,36.439998626708984,35.880001068115234,36.2400016784668,1322641
2025-07-11,RWE.DE,35.60700225830078,36.310001373291016,36.310001373291016,35.849998474121094,35.880001068115234,1301682
2025-07-14,RWE.DE,35.46970748901367,36.16999816894531,36.27000045776367,35.97999954223633,36.18000030517578,871965
2025-07-15,RWE.DE,35.665836334228516,36.369998931884766,36.65999984741211,36.099998474121094,36.16999816894531,1532268
2025-07-16,RWE.DE,35.62661361694336,36.33000183105469,36.58000183105469,36.27000045776367,36.31999969482422,1097217
2025-07-17,RWE.DE,35.46970748901367,36.16999816894531,36.380001068115234,36.060001373291016,36.29999923706055,1476139
2025-07-18,RWE.DE,35.76390075683594,36.470001220703125,36.52000045776367,36.27000045776367,36.27000045776367,1149857
2025-07-21,RWE.DE,36.420928955078125,37.13999938964844,37.18000030517578,36.56999969482422,36.630001068115234,1439913
2025-07-22,RWE.DE,36.96028137207031,37.689998626708984,37.779998779296875,37.08000183105469,37.08000183105469,1661766
2025-07-23,RWE.DE,36.0875129699707,36.79999923706055,37.77000045776367,36.79999923706055,37.75,2616674
2025-07-24,RWE.DE,35.52854919433594,36.22999954223633,36.97999954223633,36.220001220703125,36.5,1961825
2025-07-25,RWE.DE,35.508934020996094,36.209999084472656,36.2400016784668,35.86000061035156,36.11000061035156,1209655
2025-07-28,RWE.DE,35.22454833984375,35.91999816894531,36.47999954223633,35.720001220703125,36.40999984741211,1800919
2025-07-29,RWE.DE,35.69525909423828,36.400001525878906,36.52000045776367,35.83000183105469,35.83000183105469,1571868
2025-07-30,RWE.DE,35.636417388916016,36.34000015258789,36.65999984741211,36.22999954223633,36.560001373291016,1255903
2025-07-31,RWE.DE,35.214744567871094,35.90999984741211,36.349998474121094,35.810001373291016,36.279998779296875,1838934
2025-08-01,RWE.DE,35.10687255859375,35.79999923706055,36.18000030517578,35.54999923706055,35.790000915527344,1342407
2025-08-04,RWE.DE,35.52854919433594,36.22999954223633,36.380001068115234,35.83000183105469,35.83000183105469,989944
2025-08-05,RWE.DE,35.78351593017578,36.4900016784668,36.619998931884766,36.18000030517578,36.400001525878906,1073176
2025-08-06,RWE.DE,35.91099548339844,36.619998931884766,36.79999923706055,36.54999923706055,36.599998474121094,905369
2025-08-07,RWE.DE,35.44028854370117,36.13999938964844,36.59000015258789,35.9900016784668,36.56999969482422,1300333
2025-08-08,RWE.DE,35.20493698120117,35.900001525878906,36.529998779296875,35.900001525878906,36.11000061035156,1246254
2025-08-11,RWE.DE,34.86171340942383,35.54999923706055,35.869998931884766,34.90999984741211,35.869998931884766,2345287
2025-08-12,RWE.DE,34.83229446411133,35.52000045776367,35.790000915527344,35.470001220703125,35.689998626708984,1209201
2025-08-13,RWE.DE,34.78326416015625,35.470001220703125,35.81999969482422,35.43000030517578,35.5,1084854
2025-08-14,RWE.DE,33.91049575805664,34.58000183105469,35.20000076293945,33.86000061035156,34.650001525878906,5536516
2025-08-15,RWE.DE,34.15565490722656,34.83000183105469,35.27000045776367,34.68000030517578,34.68000030517578,2112249
2025-08-18,RWE.DE,34.50868225097656,35.189998626708984,35.7599983215332,35.08000183105469,35.08000183105469,1573695
2025-08-19,RWE.DE,34.577327728271484,35.2599983215332,35.68000030517578,35.150001525878906,35.349998474121094,1182054
2025-08-20,RWE.DE,34.68519592285156,35.369998931884766,35.529998779296875,35.11000061035156,35.34000015258789,1105584
2025-08-21,RWE.DE,34.999000549316406,35.689998626708984,35.689998626708984,35.380001068115234,35.400001525878906,1064070
2025-08-22,RWE.DE,35.02842330932617,35.720001220703125,35.88999938964844,35.47999954223633,35.70000076293945,1046238
2025-08-25,RWE.DE,34.665584564208984,35.349998474121094,35.369998931884766,34.869998931884766,35.18000030517578,1591290
2025-08-26,RWE.DE,34.32236099243164,35.0,35.4900016784668,35.0,35.349998474121094,1523849
2025-08-27,RWE.DE,34.2439079284668,34.91999816894531,35.27000045776367,34.810001373291016,35.0,879083
2025-08-28,RWE.DE,33.8908805847168,34.560001373291016,35.099998474121094,34.369998931884766,35.0,1327991
2025-08-29,RWE.DE,33.57707977294922,34.2400016784668,34.5,34.20000076293945,34.380001068115234,1045770
2025-09-01,RWE.DE,33.675140380859375,34.34000015258789,34.61000061035156,34.119998931884766,34.310001373291016,930980
2025-09-02,RWE.DE,33.27307891845703,33.93000030517578,34.43000030517578,33.77000045776367,34.400001525878906,1280308
2025-09-03,RWE.DE,33.32210922241211,33.97999954223633,34.13999938964844,33.720001220703125,33.880001068115234,1261738
2025-09-04,RWE.DE,33.98894500732422,34.65999984741211,34.84000015258789,34.25,34.27000045776367,1476183
2025-09-05,RWE.DE,34.341976165771484,35.02000045776367,35.15999984741211,34.61000061035156,34.68000030517578,1530268
2025-09-08,RWE.DE,35.126487731933594,35.81999969482422,35.93000030517578,35.34000015258789,35.529998779296875,2035799
2025-09-09,RWE.DE,35.01861572265625,35.709999084472656,35.9900016784668,35.560001373291016,35.81999969482422,1166776
2025-09-10,RWE.DE,35.16571044921875,35.86000061035156,35.86000061035156,35.54999923706055,35.66999816894531,1197527
2025-09-11,RWE.DE,35.05784225463867,35.75,36.02000045776367,35.58000183105469,35.900001525878906,1361072
2025-09-12,RWE.DE,35.23435592651367,35.93000030517578,36.029998779296875,35.720001220703125,35.95000076293945,1265529
2025-09-15,RWE.DE,35.44028854370117,36.13999938964844,36.2400016784668,35.83000183105469,35.90999984741211,1358596
2025-09-16,RWE.DE,34.93035888671875,35.619998931884766,36.380001068115234,35.619998931884766,36.27000045776367,1637490
2025-09-17,RWE.DE,35.06764602661133,35.7599983215332,36.130001068115234,35.59000015258789,35.59000015258789,1914008
2025-09-18,RWE.DE,34.56752014160156,35.25,35.83000183105469,35.25,35.689998626708984,1774505
2025-09-19,RWE.DE,34.763648986816406,35.45000076293945,35.54999923706055,35.220001220703125,35.2599983215332,4729185
2025-09-22,RWE.DE,35.60700225830078,36.310001373291016,36.310001373291016,35.59000015258789,35.59000015258789,1854995
2025-09-23,RWE.DE,35.92080307006836,36.630001068115234,36.900001525878906,36.40999984741211,36.630001068115234,1433521
2025-09-24,RWE.DE,36.391510009765625,37.11000061035156,37.27000045776367,36.66999816894531,36.75,1595674
2025-09-25,RWE.DE,36.54841232299805,37.27000045776367,37.5099983215332,36.97999954223633,37.08000183105469,1582353
2025-09-26,RWE.DE,37.176021575927734,37.90999984741211,37.91999816894531,37.29999923706055,37.45000076293945,1825792
2025-09-29,RWE.DE,37.04853820800781,37.779998779296875,38.099998474121094,37.529998779296875,37.95000076293945,1338643
2025-09-30,RWE.DE,37.087764739990234,37.81999969482422,37.86000061035156,37.40999984741211,37.630001068115234,1413711
2025-10-01,RWE.DE,38.313560485839844,39.06999969482422,39.20000076293945,37.86000061035156,37.900001525878906,3263514
2025-10-02,RWE.DE,38.28414535522461,39.040000915527344,39.130001068115234,38.54999923706055,38.91999816894531,2543539
2025-10-03,RWE.DE,38.499881744384766,39.2599983215332,39.349998474121094,39.0,39.15999984741211,1533652
2025-10-06,RWE.DE,39.019622802734375,39.790000915527344,39.849998474121094,39.130001068115234,39.36000061035156,1987017
2025-10-07,RWE.DE,39.15691375732422,39.93000030517578,40.2400016784668,39.560001373291016,40.0,1977739
2025-10-08,RWE.DE,39.715877532958984,40.5,40.849998474121094,40.099998474121094,40.20000076293945,2610128
2025-10-09,RWE.DE,39.72568130493164,40.5099983215332,40.90999984741211,40.38999938964844,40.63999938964844,1556749
2025-10-10,RWE.DE,39.63742446899414,40.41999816894531,40.83000183105469,40.25,40.40999984741211,1348629
2025-10-13,RWE.DE,40.20619583129883,41.0,41.029998779296875,40.29999923706055,40.41999816894531,1330123
2025-10-14,RWE.DE,39.843360900878906,40.630001068115234,41.0,40.22999954223633,40.90999984741211,1353241
2025-10-15,RWE.DE,40.19639205932617,40.9900016784668,41.06999969482422,40.45000076293945,40.939998626708984,1733217
2025-10-16,RWE.DE,40.804386138916016,41.61000061035156,41.61000061035156,41.0,41.099998474121094,1518936
2025-10-17,RWE.DE,40.11793899536133,40.90999984741211,41.290000915527344,40.45000076293945,41.209999084472656,2027373
2025-10-20,RWE.DE,40.215999603271484,41.0099983215332,41.2400016784668,40.869998931884766,40.95000076293945,1754772
2025-10-21,RWE.DE,39.95123291015625,40.7400016784668,41.119998931884766,40.560001373291016,40.900001525878906,1946885
2025-10-22,RWE.DE,39.70606994628906,40.4900016784668,41.290000915527344,40.439998626708984,40.66999816894531,1598265
2025-10-23,RWE.DE,39.65703582763672,40.439998626708984,40.5,39.36000061035156,40.0,1729294
2025-10-24,RWE.DE,39.78451919555664,40.56999969482422,40.709999084472656,40.099998474121094,40.33000183105469,1189372
2025-10-27,RWE.DE,39.686458587646484,40.470001220703125,40.83000183105469,40.130001068115234,40.70000076293945,1769460
2025-10-28,RWE.DE,40.343482971191406,41.13999938964844,41.18000030517578,40.40999984741211,40.72999954223633,1610426
2025-10-29,RWE.DE,41.53986358642578,42.36000061035156,42.459999084472656,40.91999816894531,41.0,2429166
2025-10-30,RWE.DE,42.226314544677734,43.060001373291016,43.060001373291016,42.310001373291016,42.349998474121094,2633706
2025-10-31,RWE.DE,41.83405685424805,42.65999984741211,43.09000015258789,42.61000061035156,43.0,1439957
2025-11-03,RWE.DE,42.059600830078125,42.88999938964844,43.04999923706055,42.459999084472656,42.58000183105469,1003965
2025-11-04,RWE.DE,41.6379280090332,42.459999084472656,42.779998779296875,42.34000015258789,42.77000045776367,2502149
2025-11-05,RWE.DE,41.765411376953125,42.59000015258789,42.63999938964844,42.02000045776367,42.459999084472656,2127212
2025-11-06,RWE.DE,42.28514862060547,43.119998931884766,43.77000045776367,42.45000076293945,42.869998931884766,2316560
2025-11-07,RWE.DE,41.883087158203125,42.709999084472656,43.380001068115234,42.65999984741211,43.2599983215332,1365177
2025-11-10,RWE.DE,42.62837600708008,43.470001220703125,43.7400016784668,42.88999938964844,43.0099983215332,1678616
2025-11-11,RWE.DE,42.10863494873047,42.939998626708984,43.75,42.619998931884766,43.52000045776367,2292534
2025-11-12,RWE.DE,45.95273971557617,46.86000061035156,46.95000076293945,43.93000030517578,44.0,5212022
2025-11-13,RWE.DE,44.8446159362793,45.72999954223633,46.869998931884766,45.61000061035156,46.540000915527344,2162010
2025-11-14,RWE.DE,44.805389404296875,45.689998626708984,45.689998626708984,44.790000915527344,45.310001373291016,2446550
2025-11-17,RWE.DE,44.7269401550293,45.61000061035156,45.97999954223633,45.349998474121094,45.77000045776367,1496200
2025-11-18,RWE.DE,43.94243240356445,44.810001373291016,45.29999923706055,44.75,45.150001525878906,2000834
2025-11-19,RWE.DE,43.05985641479492,43.90999984741211,44.7599983215332,43.90999984741211,44.70000076293945,1651592
2025-11-20,RWE.DE,44.22681427001953,45.099998474121094,45.22999954223633,44.150001525878906,44.150001525878906,2306018
2025-11-21,RWE.DE,43.187339782714844,44.040000915527344,44.68000030517578,43.86000061035156,44.5099983215332,1718930
2025-11-24,RWE.DE,43.226566314697266,44.08000183105469,44.31999969482422,43.77000045776367,44.22999954223633,3305794
2025-11-25,RWE.DE,42.56953430175781,43.40999984741211,44.20000076293945,43.02000045776367,44.20000076293945,1472173
2025-11-26,RWE.DE,43.255985260009766,44.11000061035156,44.11000061035156,43.18000030517578,43.31999969482422,1552405
2025-11-27,RWE.DE,42.59895324707031,43.439998626708984,44.16999816894531,43.439998626708984,44.04999923706055,1295252
2025-11-28,RWE.DE,42.89314651489258,43.7400016784668,43.7599983215332,43.31999969482422,43.41999816894531,1250584
2025-12-01,RWE.DE,42.461666107177734,43.29999923706055,43.88999938964844,43.13999938964844,43.58000183105469,1617052
2025-12-02,RWE.DE,42.579341888427734,43.41999816894531,43.63999938964844,43.130001068115234,43.54999923706055,1282001
2025-12-03,RWE.DE,42.92256546020508,43.77000045776367,44.150001525878906,43.31999969482422,43.4900016784668,2022236
2025-12-04,RWE.DE,42.74605178833008,43.59000015258789,43.79999923706055,42.81999969482422,43.77000045776367,1704319
2025-12-05,RWE.DE,42.226314544677734,43.060001373291016,43.70000076293945,42.83000183105469,43.40999984741211,1827734
2025-12-08,RWE.DE,42.62837600708008,43.470001220703125,43.54999923706055,42.97999954223633,43.27000045776367,960298
2025-12-09,RWE.DE,42.824501037597656,43.66999816894531,43.810001373291016,43.31999969482422,43.45000076293945,1103024
2025-12-10,RWE.DE,42.68721008300781,43.529998779296875,43.75,43.2400016784668,43.720001220703125,1216611
2025-12-11,RWE.DE,42.26553726196289,43.099998474121094,43.380001068115234,42.90999984741211,43.36000061035156,1080811
2025-12-12,RWE.DE,42.579341888427734,43.41999816894531,43.52000045776367,43.029998779296875,43.29999923706055,1312115
2025-12-15,RWE.DE,42.92256546020508,43.77000045776367,43.81999969482422,43.2599983215332,43.61000061035156,775673
2025-12-16,RWE.DE,43.03043746948242,43.880001068115234,44.400001525878906,43.68000030517578,43.790000915527344,1452966
2025-12-17,RWE.DE,43.01082229614258,43.86000061035156,44.720001220703125,43.72999954223633,44.5,1825187
2025-12-18,RWE.DE,42.912757873535156,43.7599983215332,44.0099983215332,43.560001373291016,43.869998931884766,1386062
2025-12-19,RWE.DE,43.71688461303711,44.58000183105469,44.58000183105469,43.75,44.0,2461981
2025-12-22,RWE.DE,43.305015563964844,44.15999984741211,44.29999923706055,43.70000076293945,44.20000076293945,974032
2025-12-23,RWE.DE,43.91300964355469,44.779998779296875,44.779998779296875,44.18000030517578,44.31999969482422,1009260
2025-12-29,RWE.DE,44.17778396606445,45.04999923706055,45.06999969482422,44.5099983215332,44.869998931884766,957263
2025-12-30,RWE.DE,44.38371658325195,45.2599983215332,45.290000915527344,44.939998626708984,45.08000183105469,608968
2026-01-02,RWE.DE,46.00177001953125,46.90999984741211,47.119998931884766,45.099998474121094,45.2400016784668,1732130
2026-01-05,RWE.DE,46.32538604736328,47.2400016784668,47.2400016784668,46.2400016784668,46.900001525878906,1851472
2026-01-06,RWE.DE,46.94318389892578,47.869998931884766,48.41999816894531,47.25,47.33000183105469,2090660
2026-01-07,RWE.DE,47.04125213623047,47.970001220703125,48.81999969482422,47.88999938964844,47.97999954223633,1596848
2026-01-08,RWE.DE,47.021636962890625,47.95000076293945,48.34000015258789,47.75,48.0,1493053
2026-01-09,RWE.DE,47.03144073486328,47.959999084472656,48.22999954223633,47.43000030517578,47.84000015258789,1294212
2026-01-12,RWE.DE,47.44331359863281,48.380001068115234,48.400001525878906,47.79999923706055,47.939998626708984,981289
2026-01-13,RWE.DE,47.315826416015625,48.25,49.33000183105469,47.790000915527344,49.2599983215332,1384945
2026-01-14,RWE.DE,48.40433883666992,49.36000061035156,49.93000030517578,48.900001525878906,49.220001220703125,2519379
2026-01-15,RWE.DE,49.77722930908203,50.7599983215332,50.84000015258789,49.4900016784668,49.900001525878906,2533638
2026-01-16,RWE.DE,50.50290298461914,51.5,51.58000183105469,50.7599983215332,50.779998779296875,2438841
2026-01-19,RWE.DE,50.640193939208984,51.63999938964844,51.70000076293945,50.86000061035156,51.34000015258789,1205081
2026-01-20,RWE.DE,50.03219985961914,51.02000045776367,51.34000015258789,50.5,51.34000015258789,1663378
2026-01-21,RWE.DE,50.699031829833984,51.70000076293945,51.79999923706055,50.880001068115234,51.0,1807957
2026-01-22,RWE.DE,50.3067741394043,51.29999923706055,52.880001068115234,50.20000076293945,52.0,2411401
2026-01-23,RWE.DE,50.561744689941406,51.560001373291016,51.81999969482422,50.97999954223633,51.2599983215332,1459870
2026-01-26,RWE.DE,51.13051223754883,52.13999938964844,52.31999969482422,51.459999084472656,51.5,1212107
2026-01-27,RWE.DE,51.79734802246094,52.81999969482422,52.91999816894531,51.939998626708984,52.5,1264858
2026-01-28,RWE.DE,51.91502380371094,52.939998626708984,53.36000061035156,52.400001525878906,53.0,1132369
2026-01-29,RWE.DE,52.3268928527832,53.36000061035156,53.86000061035156,52.900001525878906,53.29999923706055,2690935
2026-01-30,RWE.DE,52.483795166015625,53.52000045776367,54.2599983215332,53.060001373291016,53.13999938964844,1403429
2026-02-02,RWE.DE,52.40534210205078,53.439998626708984,53.97999954223633,53.20000076293945,53.31999969482422,1539894
2026-02-03,RWE.DE,53.425209045410156,54.47999954223633,54.70000076293945,52.720001220703125,53.040000915527344,2022529
2026-02-04,RWE.DE,52.7387580871582,53.779998779296875,54.7599983215332,53.720001220703125,54.560001373291016,1584666
2026-02-05,RWE.DE,51.463932037353516,52.47999954223633,53.439998626708984,51.47999954223633,53.15999984741211,2496472
2026-02-06,RWE.DE,51.777732849121094,52.79999923706055,53.31999969482422,52.47999954223633,52.86000061035156,3240588
2026-02-09,RWE.DE,52.52302169799805,53.560001373291016,53.65999984741211,52.880001068115234,53.2400016784668,1079629
2026-02-10,RWE.DE,52.46418380737305,53.5,53.540000915527344,52.81999969482422,53.29999923706055,1254433
2026-02-11,RWE.DE,53.189857482910156,54.2400016784668,54.68000030517578,53.47999954223633,53.86000061035156,2282477
2026-02-12,RWE.DE,51.091285705566406,52.099998474121094,54.36000061035156,51.70000076293945,54.29999923706055,3167606
2026-02-13,RWE.DE,48.982913970947266,49.95000076293945,51.58000183105469,49.25,50.91999816894531,6697617
2026-02-16,RWE.DE,49.52226638793945,50.5,50.560001373291016,49.16999816894531,49.86000061035156,2590723
2026-02-17,RWE.DE,50.699031829833984,51.70000076293945,51.70000076293945,50.2400016784668,50.68000030517578,1859315
2026-02-18,RWE.DE,51.71889877319336,52.7400016784668,52.91999816894531,51.400001525878906,51.68000030517578,1917502
2026-02-19,RWE.DE,50.46367645263672,51.459999084472656,52.2400016784668,50.7599983215332,51.939998626708984,1765920
2026-02-20,RWE.DE,50.83632278442383,51.84000015258789,52.20000076293945,51.20000076293945,51.29999923706055,2425016
2026-02-23,RWE.DE,50.679420471191406,51.68000030517578,52.2599983215332,51.400001525878906,52.0,1109453
2026-02-24,RWE.DE,51.660057067871094,52.68000030517578,52.779998779296875,51.65999984741211,52.0,1703742
2026-02-25,RWE.DE,53.307533264160156,54.36000061035156,54.36000061035156,52.279998779296875,52.459999084472656,2480762
2026-02-26,RWE.DE,52.83682632446289,53.880001068115234,54.900001525878906,53.279998779296875,54.13999938964844,1824410
2026-02-27,RWE.DE,53.484046936035156,54.540000915527344,54.939998626708984,53.63999938964844,54.2599983215332,2499764
2026-03-02,RWE.DE,53.83707809448242,54.900001525878906,55.619998931884766,54.02000045776367,55.20000076293945,2465475
2026-03-03,RWE.DE,52.16999053955078,53.20000076293945,53.599998474121094,51.900001525878906,53.20000076293945,3947893
2026-03-04,RWE.DE,52.307281494140625,53.34000015258789,53.86000061035156,52.79999923706055,52.91999816894531,1603403
2026-03-05,RWE.DE,51.58160400390625,52.599998474121094,53.880001068115234,52.540000915527344,53.20000076293945,1567693
2026-03-06,RWE.DE,51.79734802246094,52.81999969482422,53.02000045776367,51.86000061035156,52.560001373291016,1891595
2026-03-09,RWE.DE,52.2680549621582,53.29999923706055,53.31999969482422,51.400001525878906,52.099998474121094,1521913
2026-03-10,RWE.DE,53.17024230957031,54.220001220703125,54.97999954223633,53.81999969482422,54.040000915527344,1851282
2026-03-11,RWE.DE,52.50341033935547,53.540000915527344,54.2400016784668,52.7599983215332,53.599998474121094,1901458
2026-03-12,RWE.DE,54.523521423339844,55.599998474121094,56.119998931884766,52.70000076293945,52.7400016784668,4134457
2026-03-13,RWE.DE,55.91603088378906,57.02000045776367,57.47999954223633,55.13999938964844,55.540000915527344,2262444
2026-03-16,RWE.DE,56.15138244628906,57.2599983215332,57.459999084472656,56.63999938964844,56.880001068115234,1529247
2026-03-17,RWE.DE,57.50466537475586,58.63999938964844,58.63999938964844,57.5,57.5,1795602
2026-03-18,RWE.DE,56.83782958984375,57.959999084472656,58.900001525878906,57.31999969482422,58.900001525878906,1999285
2026-03-19,RWE.DE,56.641700744628906,57.7599983215332,58.380001068115234,57.15999984741211,57.459999084472656,2044236
2026-03-20,RWE.DE,55.0922966003418,56.18000030517578,58.619998931884766,55.65999984741211,58.040000915527344,4518456
2026-03-23,RWE.DE,53.87630081176758,54.939998626708984,56.36000061035156,54.439998626708984,54.939998626708984,2479059
2026-03-24,RWE.DE,54.111656188964844,55.18000030517578,55.540000915527344,54.560001373291016,55.0,1122608
2026-03-25,RWE.DE,55.83757781982422,56.939998626708984,56.939998626708984,55.34000015258789,55.5,1587194
2026-03-26,RWE.DE,54.91577911376953,56.0,57.0,55.5,56.70000076293945,1021500
2026-03-27,RWE.DE,53.601722717285156,54.65999984741211,56.34000015258789,53.70000076293945,56.220001220703125,1702323
2026-03-30,RWE.DE,55.36687088012695,56.459999084472656,56.459999084472656,54.47999954223633,54.540000915527344,1626932
2026-03-31,RWE.DE,56.56325149536133,57.68000030517578,57.939998626708984,56.13999938964844,56.619998931884766,5380523
2026-04-01,RWE.DE,57.5831184387207,58.720001220703125,58.97999954223633,57.91999816894531,58.380001068115234,2201715
2026-04-02,RWE.DE,57.857696533203125,59.0,59.20000076293945,57.91999816894531,58.380001068115234,1468748
2026-04-07,RWE.DE,57.54389190673828,58.68000030517578,59.2599983215332,58.5,58.86000061035156,1269519
2026-04-08,RWE.DE,57.24970245361328,58.380001068115234,59.2599983215332,57.560001373291016,58.900001525878906,2086299
2026-04-09,RWE.DE,57.77924346923828,58.91999816894531,59.2599983215332,58.34000015258789,58.91999816894531,1557696
2026-04-10,RWE.DE,57.89692306518555,59.040000915527344,59.36000061035156,57.84000015258789,58.5,1344277
2026-04-13,RWE.DE,57.42621612548828,58.560001373291016,59.380001068115234,58.540000915527344,59.040000915527344,777439
2026-04-14,RWE.DE,57.740020751953125,58.880001068115234,59.29999923706055,58.2400016784668,59.13999938964844,1339266
2026-04-15,RWE.DE,57.93614959716797,59.08000183105469,59.119998931884766,58.540000915527344,58.65999984741211,1102128
2026-04-16,RWE.DE,56.975120544433594,58.099998474121094,59.2400016784668,57.959999084472656,59.060001373291016,1771839
2026-04-17,RWE.DE,54.817718505859375,55.900001525878906,57.5,54.959999084472656,57.5,4468658
2026-04-20,RWE.DE,56.24945068359375,57.36000061035156,57.86000061035156,56.439998626708984,56.459999084472656,1934304
2026-04-21,RWE.DE,57.132022857666016,58.2599983215332,58.84000015258789,57.5,57.540000915527344,1225766
2026-04-22,RWE.DE,58.9952392578125,60.15999984741211,60.2400016784668,58.2599983215332,58.2599983215332,1779333
2026-04-23,RWE.DE,59.42671585083008,60.599998474121094,60.599998474121094,59.52000045776367,59.79999923706055,1026789
2026-04-24,RWE.DE,58.77949523925781,59.939998626708984,60.70000076293945,59.68000030517578,60.400001525878906,993056
2026-04-27,RWE.DE,59.56401062011719,60.7400016784668,61.18000030517578,59.65999984741211,59.68000030517578,1131388
2026-04-28,RWE.DE,60.34851837158203,61.540000915527344,61.86000061035156,60.7400016784668,61.15999984741211,1252877
2026-04-29,RWE.DE,59.4659423828125,60.63999938964844,61.47999954223633,60.52000045776367,61.29999923706055,1002113
2026-04-30,RWE.DE,60.779998779296875,61.97999954223633,62.0,60.29999923706055,60.380001068115234,1704148
2026-05-04,RWE.DE,59.79999923706055,59.79999923706055,60.599998474121094,59.119998931884766,60.08000183105469,1285664
2026-05-05,RWE.DE,60.2599983215332,60.2599983215332,60.5,59.279998779296875,60.36000061035156,1697597
2026-05-06,RWE.DE,59.41999816894531,59.41999816894531,60.400001525878906,57.779998779296875,60.279998779296875,1824978
2026-05-07,RWE.DE,58.459999084472656,58.459999084472656,59.099998474121094,57.79999923706055,58.91999816894531,1446675
2026-05-08,RWE.DE,58.7400016784668,58.7400016784668,58.97999954223633,58.0,58.13999938964844,1531538
2026-05-11,RWE.DE,59.560001373291016,59.560001373291016,59.7400016784668,58.63999938964844,58.86000061035156,1029588
2026-05-12,RWE.DE,58.220001220703125,58.220001220703125,59.47999954223633,58.099998474121094,59.2400016784668,1195260
2026-05-13,RWE.DE,56.959999084472656,56.959999084472656,58.619998931884766,56.34000015258789,57.41999816894531,1928160
2026-05-14,RWE.DE,56.5,56.5,57.41999816894531,56.040000915527344,57.2400016784668,1529575
2026-05-15,RWE.DE,55.20000076293945,55.20000076293945,56.68000030517578,54.84000015258789,55.880001068115234,1787192
2026-05-18,RWE.DE,56.439998626708984,56.439998626708984,56.58000183105469,54.84000015258789,54.880001068115234,1424446
2026-05-19,RWE.DE,56.380001068115234,56.380001068115234,56.900001525878906,55.97999954223633,56.2400016784668,1316969
2026-05-20,RWE.DE,56.619998931884766,56.619998931884766,56.97999954223633,56.02000045776367,56.79999923706055,955990
2026-05-21,RWE.DE,56.52000045776367,56.52000045776367,56.599998474121094,55.720001220703125,55.79999923706055,1437953
2026-05-22,RWE.DE,56.63999938964844,56.63999938964844,57.18000030517578,55.619998931884766,55.900001525878906,1092050
2026-05-25,RWE.DE,57.34000015258789,57.34000015258789,57.47999954223633,56.720001220703125,56.81999969482422,686386
2026-05-26,RWE.DE,57.02000045776367,57.02000045776367,57.720001220703125,56.97999954223633,57.720001220703125,1016777
2026-05-27,RWE.DE,55.18000030517578,55.18000030517578,56.84000015258789,54.68000030517578,56.84000015258789,2110362
2026-05-28,RWE.DE,54.47999954223633,54.47999954223633,55.619998931884766,54.220001220703125,55.13999938964844,1862666
2026-05-29,RWE.DE,54.560001373291016,54.560001373291016,55.02000045776367,54.279998779296875,54.68000030517578,7027097
2026-06-01,RWE.DE,55.2400016784668,55.2400016784668,55.86000061035156,54.5,54.5,1194218
2026-06-02,RWE.DE,55.119998931884766,55.119998931884766,55.7400016784668,54.7599983215332,55.29999923706055,1192784
2026-06-03,RWE.DE,57.13999938964844,57.13999938964844,57.34000015258789,55.0,55.060001373291016,1457319
2026-06-04,RWE.DE,55.79999923706055,55.79999923706055,57.0,55.79999923706055,57.0,1052060
2026-06-05,RWE.DE,56.0,56.0,56.560001373291016,55.86000061035156,56.560001373291016,1136976
2026-06-08,RWE.DE,56.099998474121094,56.099998474121094,56.91999816894531,55.63999938964844,56.099998474121094,897369
2026-06-09,RWE.DE,56.040000915527344,56.040000915527344,56.7599983215332,55.58000183105469,55.939998626708984,1284177
2026-06-10,RWE.DE,55.599998474121094,55.599998474121094,56.65999984741211,55.29999923706055,55.81999969482422,1293298
2026-06-11,RWE.DE,57.5,57.5,57.599998474121094,55.63999938964844,56.0,1521605
2026-06-12,RWE.DE,57.459999084472656,57.459999084472656,57.560001373291016,56.29999923706055,57.34000015258789,1299018
2026-06-15,RWE.DE,56.18000030517578,56.18000030517578,57.18000030517578,56.119998931884766,57.119998931884766,1572618
2026-06-16,RWE.DE,54.959999084472656,54.959999084472656,56.560001373291016,54.959999084472656,56.220001220703125,1657403
2026-06-17,RWE.DE,54.84000015258789,54.84000015258789,55.119998931884766,53.86000061035156,54.86000061035156,1970934
2026-06-18,RWE.DE,54.58000183105469,54.58000183105469,55.34000015258789,53.880001068115234,55.18000030517578,1319358
2026-06-19,RWE.DE,55.099998474121094,55.099998474121094,55.459999084472656,53.84000015258789,54.7599983215332,4149985
2026-06-22,RWE.DE,55.599998474121094,55.599998474121094,56.13999938964844,55.47999954223633,55.86000061035156,1102912
2026-06-23,RWE.DE,55.63999938964844,55.63999938964844,56.220001220703125,54.13999938964844,54.5,4100740
2026-06-24,RWE.DE,54.52000045776367,54.52000045776367,56.040000915527344,53.97999954223633,56.0,2240580
2026-06-25,RWE.DE,55.47999954223633,55.47999954223633,56.0,54.779998779296875,55.20000076293945,8111119
2026-06-26,RWE.DE,54.060001373291016,54.060001373291016,55.380001068115234,54.060001373291016,55.20000076293945,2460093
2026-06-29,RWE.DE,56.0,56.0,56.0,54.79999923706055,54.81999969482422,1423110
2026-06-30,RWE.DE,56.619998931884766,56.619998931884766,56.84000015258789,56.15999984741211,56.70000076293945,1778853
2026-07-01,RWE.DE,55.939998626708984,55.939998626708984,56.7400016784668,55.29999923706055,56.7400016784668,1489337
2026-07-02,RWE.DE,56.86000061035156,56.86000061035156,56.900001525878906,55.20000076293945,55.7599983215332,1128498
2026-07-03,RWE.DE,57.81999969482422,57.81999969482422,58.040000915527344,57.220001220703125,57.34000015258789,1212099
2026-07-06,RWE.DE,57.47999954223633,57.47999954223633,57.81999969482422,57.060001373291016,57.81999969482422,880744
2026-07-07,RWE.DE,56.58000183105469,56.58000183105469,58.0,56.2599983215332,57.81999969482422,1075135
2026-07-08,RWE.DE,56.119998931884766,56.119998931884766,57.63999938964844,55.79999923706055,57.0,1226434
2026-07-09,RWE.DE,56.52000045776367,56.52000045776367,56.79999923706055,55.79999923706055,56.5,1304309
2026-07-10,RWE.DE,56.060001373291016,56.060001373291016,56.70000076293945,55.7599983215332,55.7599983215332,1005307
2026-07-13,RWE.DE,56.400001525878906,56.400001525878906,56.58000183105469,55.86000061035156,55.900001525878906,737229
2026-07-14,RWE.DE,57.439998626708984,57.439998626708984,57.5,55.900001525878906,56.0,1276280
2026-07-15,RWE.DE,56.720001220703125,56.720001220703125,57.5,56.63999938964844,57.400001525878906,959056
2026-07-16,RWE.DE,55.599998474121094,55.599998474121094,56.619998931884766,54.880001068115234,56.47999954223633,1372332
2026-07-17,RWE.DE,56.0,56.0,56.29999923706055,55.540000915527344,55.70000076293945,1346203
2026-07-20,RWE.DE,58.02000045776367,58.02000045776367,58.29999923706055,56.040000915527344,56.13999938964844,2217473
2026-07-21,RWE.DE,58.20000076293945,58.20000076293945,58.79999923706055,57.79999923706055,58.15999984741211,1157387
2026-07-22,RWE.DE,58.97999954223633,58.97999954223633,59.68000030517578,58.2599983215332,58.439998626708984,968631
2026-07-23,RWE.DE,58.91999816894531,58.91999816894531,59.560001373291016,58.58000183105469,59.540000915527344,1506817
2026-07-24,RWE.DE,58.79999923706055,58.79999923706055,59.220001220703125,58.20000076293945,58.91999816894531,757156
2026-07-27,RWE.DE,57.29999923706055,57.29999923706055,58.880001068115234,57.040000915527344,58.86000061035156,1210261
2026-07-28,RWE.DE,55.619998931884766,55.619998931884766,57.959999084472656,55.619998931884766,57.86000061035156,1762690
2026-07-29,RWE.DE,55.68000030517578,55.68000030517578,58.08000183105469,55.65999984741211,56.63999938964844,1720049
2026-07-30,RWE.DE,56.2599983215332,56.2599983215332,56.7400016784668,55.5,55.68000030517578,1014205
2026-07-31,RWE.DE,57.18000030517578,57.18000030517578,57.91999816894531,56.79999923706055,56.97999954223633,1444825
2026-08-03,RWE.DE,57.040000915527344,57.040000915527344,57.040000915527344,55.79999923706055,56.70000076293945,1528627
2026-08-04,RWE.DE,56.599998474121094,56.599998474121094,57.619998931884766,56.34000015258789,57.2599983215332,1102263
2026-08-05,RWE.DE,55.279998779296875,55.279998779296875,57.34000015258789,55.279998779296875,57.2400016784668,1369457
2026-08-06,RWE.DE,56.47999954223633,56.47999954223633,56.900001525878906,55.18000030517578,55.79999923706055,1770767
2026-08-07,RWE.DE,56.220001220703125,56.220001220703125,57.099998474121094,55.720001220703125,57.099998474121094,1130548
2026-08-10,RWE.DE,56.5,56.5,57.36000061035156,56.18000030517578,56.400001525878906,1059835
2026-08-11,RWE.DE,57.52000045776367,57.52000045776367,57.52000045776367,56.58000183105469,56.7599983215332,1108891
2026-08-12,RWE.DE,57.619998931884766,57.619998931884766,58.41999816894531,57.560001373291016,58.0,1586659
2026-08-13,RWE.DE,59.13999938964844,59.13999938964844,59.720001220703125,57.560001373291016,58.20000076293945,3416801
2026-08-14,RWE.DE,58.900001525878906,58.900001525878906,59.79999923706055,57.02000045776367,59.79999923706055,2437491
2026-08-17,RWE.DE,59.08000183105469,59.08000183105469,59.7599983215332,58.880001068115234,59.060001373291016,1119667
2026-08-18,RWE.DE,58.099998474121094,58.099998474121094,59.060001373291016,58.060001373291016,59.040000915527344,1364259
2026-08-19,RWE.DE,57.099998474121094,57.099998474121094,58.47999954223633,56.91999816894531,58.15999984741211,1085647
2026-08-20,RWE.DE,57.34000015258789,57.34000015258789,57.97999954223633,56.70000076293945,57.68000030517578,776093
2026-08-21,RWE.DE,57.31999969482422,57.31999969482422,58.47999954223633,57.13999938964844,57.47999954223633,894789
2026-08-24,RWE.DE,57.220001220703125,57.220001220703125,57.2599983215332,56.47999954223633,57.099998474121094,629905
2026-08-25,RWE.DE,58.13999938964844,58.13999938964844,58.58000183105469,56.65999984741211,56.65999984741211,740656
2026-08-26,RWE.DE,57.5,57.5,58.29999923706055,57.34000015258789,58.119998931884766,842279
2026-08-27,RWE.DE,57.7599983215332,57.7599983215332,58.15999984741211,57.2400016784668,57.68000030517578,1057680
2026-08-28,RWE.DE,59.099998474121094,59.099998474121094,59.31999969482422,57.97999954223633,58.02000045776367,1231217
2026-08-31,RWE.DE,58.63999938964844,58.63999938964844,59.13999938964844,58.31999969482422,59.02000045776367,1189584
2026-09-01,RWE.DE,58.58000183105469,58.58000183105469,60.29999923706055,58.20000076293945,60.0,1491970
2026-09-02,RWE.DE,58.099998474121094,58.099998474121094,58.959999084472656,57.279998779296875,58.720001220703125,1502632
