company_id,company_name,market_data_ticker,benchmark_ticker,trade_currency,primary_listing_exchange,analysis_tier,role_category,is_confirmatory,Date,company_price,benchmark_price,company_return,benchmark_return,abnormal_return,company_cumulative_return,benchmark_cumulative_return,cumulative_abnormal_return,ols_event_date,ols_estimation_window_observations,ols_status,ols_alpha,ols_beta,ols_r_squared,market_model_expected_return,market_model_abnormal_return,market_model_cumulative_abnormal_return
CMP001,Airbus SE,AIR.PA,^FCHI,EUR,Euronext Paris,PRIMARY_DIRECT,Defence Contractor,True,2023-01-02,105.95685577392578,6594.56982421875,0.0,0.0,0.0,0.0,0.0,0.0,2026-02-28,807,ok,0.0003832064451010121,1.0896334133963035,0.3894494594783263,0.0003832064451010121,-0.0003832064451010121,-0.0003832064451010121
CMP001,Airbus SE,AIR.PA,^FCHI,EUR,Euronext Paris,PRIMARY_DIRECT,Defence Contractor,True,2023-01-03,106.58966064453124,6623.89013671875,0.005972288116548485,0.004446129661455744,0.001526158455092741,0.005972288116548485,0.004446129661455744,0.001526158455092741,2026-02-28,807,ok,0.0003832064451010121,1.0896334133963035,0.3894494594783263,0.0052278578845155865,0.0007444302320328989,0.00036122378693188677
CMP001,Airbus SE,AIR.PA,^FCHI,EUR,Euronext Paris,PRIMARY_DIRECT,Defence Contractor,True,2023-01-04,107.371337890625,6776.43017578125,0.007333518479814005,0.023028769486515444,-0.01569525100670144,0.013349604481631916,0.02757728804305204,-0.014169092551608697,2026-02-28,807,ok,0.0003832064451010121,1.0896334133963035,0.3894494594783263,0.025476123147009474,-0.01814260466719547,-0.017781380880263584
CMP001,Airbus SE,AIR.PA,^FCHI,EUR,Euronext Paris,PRIMARY_DIRECT,Defence Contractor,True,2023-01-05,107.20384216308594,6761.5,-0.0015599668480398288,-0.002203250884899588,0.0006432840368597592,0.01176881269316632,0.025313277473868467,-0.013525808514748938,2026-02-28,807,ok,0.0003832064451010121,1.0896334133963035,0.3894494594783263,-0.0020175293371805523,0.0004575624891407235,-0.01732381839112286
CMP001,Airbus SE,AIR.PA,^FCHI,EUR,Euronext Paris,PRIMARY_DIRECT,Defence Contractor,True,2023-01-06,108.4508285522461,6860.9501953125,0.011631918819319464,0.014708303677068768,-0.0030763848577493036,0.023537625386332417,0.04039389652308478,-0.016602193372498242,2026-02-28,807,ok,0.0003832064451010121,1.0896334133963035,0.3894494594783263,0.016409865586014857,-0.004777946766695393,-0.022101765157818254
CMP001,Airbus SE,AIR.PA,^FCHI,EUR,Euronext Paris,PRIMARY_DIRECT,Defence Contractor,True,2023-01-09,109.3441925048828,6907.35986328125,0.0082375023276684,0.006764320778841704,0.0014731815488266964,0.03196901895790849,0.0474314545755159,-0.015129011823671545,2026-02-28,807,ok,0.0003832064451010121,1.0896334133963035,0.3894494594783263,0.0077538363846578395,0.0004836659430105606,-0.021618099214807694
CMP001,Airbus SE,AIR.PA,^FCHI,EUR,Euronext Paris,PRIMARY_DIRECT,Defence Contractor,True,2023-01-10,107.11077880859376,6869.14013671875,-0.020425535596591438,-0.005533188847691495,-0.014892346748899943,0.010890499026604106,0.04163581853233733,-0.030021358572571488,2026-02-28,807,ok,0.0003832064451010121,1.0896334133963035,0.3894494594783263,-0.005645941005975431,-0.014779594590616008,-0.0363976938054237
CMP001,Airbus SE,AIR.PA,^FCHI,EUR,Euronext Paris,PRIMARY_DIRECT,Defence Contractor,True,2023-01-11,105.99407196044922,6924.18994140625,-0.01042571868644604,0.008014075064975534,-0.018439793751421574,0.00035123906095169133,0.04998356617242261,-0.04846115232399306,2026-02-28,807,ok,0.0003832064451010121,1.0896334133963035,0.3894494594783263,0.009115610413364506,-0.019541329099810545,-0.05593902290523425
CMP001,Airbus SE,AIR.PA,^FCHI,EUR,Euronext Paris,PRIMARY_DIRECT,Defence Contractor,True,2023-01-12,108.1716537475586,6975.68017578125,0.02054437334874648,0.00743628277252939,0.01310809057621709,0.020902828396101025,0.05779154087698957,-0.03535306174777597,2026-02-28,807,ok,0.0003832064451010121,1.0896334133963035,0.3894494594783263,0.00848602862551234,0.012058344723234141,-0.0438806781820001
CMP001,Airbus SE,AIR.PA,^FCHI,EUR,Euronext Paris,PRIMARY_DIRECT,Defence Contractor,True,2023-01-13,108.7300033569336,7023.5,0.005161699854178359,0.006855220281568375,-0.0016935204273900162,0.026172422376563365,0.065042934901681,-0.03704658217516599,2026-02-28,807,ok,0.0003832064451010121,1.0896334133963035,0.3894494594783263,0.00785288352008993,-0.0026911836659115704,-0.04657186184791167
CMP001,Airbus SE,AIR.PA,^FCHI,EUR,Euronext Paris,PRIMARY_DIRECT,Defence Contractor,True,2023-01-16,107.31551361083984,7043.31005859375,-0.013009194356872533,0.0028205394167792885,-0.015829733773651822,0.012822745890203935,0.06804693048013344,-0.05287631594881781,2026-02-28,807,ok,0.0003832064451010121,1.0896334133963035,0.3894494594783263,0.003456560437425047,-0.01646575479429758,-0.06303761664220925
CMP001,Airbus SE,AIR.PA,^FCHI,EUR,Euronext Paris,PRIMARY_DIRECT,Defence Contractor,True,2023-01-17,108.24609375,7077.16015625,0.008671440948740505,0.004805992832155548,0.0038654481165849575,0.021605378522732144,0.07317995637242669,-0.04901086783223285,2026-02-28,807,ok,0.0003832064451010121,1.0896334133963035,0.3894494594783263,0.005619976819560829,0.003051464129179676,-0.05998615251302957
CMP001,Airbus SE,AIR.PA,^FCHI,EUR,Euronext Paris,PRIMARY_DIRECT,Defence Contractor,True,2023-01-18,110.31200408935548,7083.39013671875,0.019085310774602293,0.0008802938369634195,0.018205016937638874,0.04110303466084364,0.07412467007397394,-0.030805850894593978,2026-02-28,807,ok,0.0003832064451010121,1.0896334133963035,0.3894494594783263,0.001342404023463192,0.0177429067511391,-0.042243245761890466
CMP001,Airbus SE,AIR.PA,^FCHI,EUR,Euronext Paris,PRIMARY_DIRECT,Defence Contractor,True,2023-01-19,108.80445861816406,6951.8701171875,-0.013666196019521792,-0.01856738327167362,0.0049011872521518285,0.02687511651264951,0.05418098564315055,-0.02590466364244215,2026-02-28,807,ok,0.0003832064451010121,1.0896334133963035,0.3894494594783263,-0.01984843476705014,0.006182238747528348,-0.036061007014362115
CMP001,Airbus SE,AIR.PA,^FCHI,EUR,Euronext Paris,PRIMARY_DIRECT,Defence Contractor,True,2023-01-20,110.6656265258789,6995.990234375,0.01710562169374308,0.006346510571079156,0.010759111122663922,0.04444045378243322,0.06087135641236552,-0.015145552519778227,2026-02-28,807,ok,0.0003832064451010121,1.0896334133963035,0.3894494594783263,0.007298576421821716,0.009807045271921363,-0.026253961742440754
CMP001,Airbus SE,AIR.PA,^FCHI,EUR,Euronext Paris,PRIMARY_DIRECT,Defence Contractor,True,2023-01-23,110.94480895996094,7032.02001953125,0.0025227565491325876,0.005150062242685438,-0.0026273056935528505,0.047075322777391904,0.0663349099293713,-0.017772858213331078,2026-02-28,807,ok,0.0003832064451010121,1.0896334133963035,0.3894494594783263,0.005994886345801768,-0.0034721297966691803,-0.029726091539109933
CMP001,Airbus SE,AIR.PA,^FCHI,EUR,Euronext Paris,PRIMARY_DIRECT,Defence Contractor,True,2023-01-24,112.3965301513672,7050.47998046875,0.013085075408351798,0.0026251291785615027,0.010459946229790296,0.060776382334158274,0.06913417681554557,-0.007312911983540782,2026-02-28,807,ok,0.0003832064451010121,1.0896334133963035,0.3894494594783263,0.003243634912543217,0.009841440495808582,-0.019884651043301352
CMP001,Airbus SE,AIR.PA,^FCHI,EUR,Euronext Paris,PRIMARY_DIRECT,Defence Contractor,True,2023-01-25,111.80094909667967,7043.8798828125,-0.005298927412487275,-0.0009361203314574018,-0.004362807081029874,0.05515540528328877,0.06813333857557247,-0.011675719064570655,2026-02-28,807,ok,0.0003832064451010121,1.0896334133963035,0.3894494594783263,-0.0006368215470145956,-0.004662105865472679,-0.02454675690877403
CMP001,Airbus SE,AIR.PA,^FCHI,EUR,Euronext Paris,PRIMARY_DIRECT,Defence Contractor,True,2023-01-26,112.54542541503906,7095.990234375,0.006658944529313482,0.007397961411814036,-0.0007390168825005539,0.06218162659687554,0.07603534779702659,-0.01241473594707121,2026-02-28,807,ok,0.0003832064451010121,1.0896334133963035,0.3894494594783263,0.008444272390430076,-0.0017853278611165944,-0.026332084769890626
CMP001,Airbus SE,AIR.PA,^FCHI,EUR,Euronext Paris,PRIMARY_DIRECT,Defence Contractor,True,2023-01-27,108.52527618408205,7097.2099609375,-0.03572023666116786,0.00017188954919800103,-0.03589212621036586,0.024240247517690827,0.07622030702788063,-0.04830686215743707,2026-02-28,807,ok,0.0003832064451010121,1.0896334133963035,0.3894494594783263,0.0005705030413207818,-0.03629073970248864,-0.06262282447237927
CMP001,Airbus SE,AIR.PA,^FCHI,EUR,Euronext Paris,PRIMARY_DIRECT,Defence Contractor,True,2023-01-30,107.50163269042967,7082.009765625,-0.009432304893802423,-0.002141714194191957,-0.007290590699610466,0.014579301218600405,0.07391535072024147,-0.055597452857047536,2026-02-28,807,ok,0.0003832064451010121,1.0896334133963035,0.3894494594783263,-0.0019504769028356839,-0.007481827990966739,-0.070104652463346
CMP001,Airbus SE,AIR.PA,^FCHI,EUR,Euronext Paris,PRIMARY_DIRECT,Defence Contractor,True,2023-01-31,106.86882019042967,7082.419921875,-0.005886538503301564,5.791523360931805e-05,-0.005944453736910882,0.008606941097324405,0.07397754677865498,-0.06154190659395842,2026-02-28,807,ok,0.0003832064451010121,1.0896334133963035,0.3894494594783263,0.00044631281878637765,-0.006332851322087942,-0.07643750378543394
CMP001,Airbus SE,AIR.PA,^FCHI,EUR,Euronext Paris,PRIMARY_DIRECT,Defence Contractor,True,2023-02-01,107.98552703857422,7077.10986328125,0.010449323255882215,-0.0007497520130582691,0.011199075268940484,0.01914620106297682,0.07317232995097833,-0.050342831325017934,2026-02-28,807,ok,0.0003832064451010121,1.0896334133963035,0.3894494594783263,-0.0004337484000884195,0.010883071655970635,-0.06555443212946331
CMP001,Airbus SE,AIR.PA,^FCHI,EUR,Euronext Paris,PRIMARY_DIRECT,Defence Contractor,True,2023-02-02,109.58615112304688,7166.27001953125,0.014822579732382879,0.012598385212669427,0.0022241945197134516,0.03425257688718797,0.08669256836327865,-0.04811863680530448,2026-02-28,807,ok,0.0003832064451010121,1.0896334133963035,0.3894494594783263,0.014110827927663515,0.0007117518047193641,-0.06484268032474394
CMP001,Airbus SE,AIR.PA,^FCHI,EUR,Euronext Paris,PRIMARY_DIRECT,Defence Contractor,True,2023-02-03,108.99057006835938,7233.93994140625,-0.005434820445685329,0.009442837304562746,-0.014877657750248074,0.02863159983631869,0.09695402948641063,-0.06299629455555256,2026-02-28,807,ok,0.0003832064451010121,1.0896334133963035,0.3894494594783263,0.010672437489417666,-0.016107257935102995,-0.08094993825984693
CMP001,Airbus SE,AIR.PA,^FCHI,EUR,Euronext Paris,PRIMARY_DIRECT,Defence Contractor,True,2023-02-06,107.70635986328124,7137.10009765625,-0.011782764364593024,-0.013386874170146168,0.0016041098055531444,0.016511476077472942,0.08226924392324131,-0.06139218474999941,2026-02-28,807,ok,0.0003832064451010121,1.0896334133963035,0.3894494594783263,-0.014203578951622164,0.002420814587029141,-0.0785291236728178
CMP001,Airbus SE,AIR.PA,^FCHI,EUR,Euronext Paris,PRIMARY_DIRECT,Defence Contractor,True,2023-02-07,104.50513458251952,7132.35009765625,-0.0297217850907342,-0.0006655364132499564,-0.029056248677484242,-0.013701059556766704,0.08154895433246989,-0.09044843342748365,2026-02-28,807,ok,0.0003832064451010121,1.0896334133963035,0.3894494594783263,-0.0003419842686080707,-0.02937980082212613,-0.10790892449494392
CMP001,Airbus SE,AIR.PA,^FCHI,EUR,Euronext Paris,PRIMARY_DIRECT,Defence Contractor,True,2023-02-08,105.43572998046876,7119.830078125,0.008904781584817112,-0.0017553848815363704,0.010660166466353482,-0.004918282914783134,0.07965041964939323,-0.07978826696113017,2026-02-28,807,ok,0.0003832064451010121,1.0896334133963035,0.3894494594783263,-0.001529519575191729,0.010434301160008841,-0.09747462333493508
CMP001,Airbus SE,AIR.PA,^FCHI,EUR,Euronext Paris,PRIMARY_DIRECT,Defence Contractor,True,2023-02-09,105.7707290649414,7188.35986328125,0.0031772823551816654,0.009625199534859963,-0.0064479171796782975,-0.0017566273331244275,0.09004227036641388,-0.08623618414080847,2026-02-28,807,ok,0.0003832064451010121,1.0896334133963035,0.3894494594783263,0.010871145468890986,-0.00769386311370932,-0.10516848644864439
CMP001,Airbus SE,AIR.PA,^FCHI,EUR,Euronext Paris,PRIMARY_DIRECT,Defence Contractor,True,2023-02-10,105.84517669677734,7129.72998046875,0.0007038585485237281,-0.008156225332010214,0.008860083880533942,-0.0010540052017656842,0.08115163998788932,-0.07737610026027453,2026-02-28,807,ok,0.0003832064451010121,1.0896334133963035,0.3894494594783263,-0.008504089203846677,0.009207947752370405,-0.09596053869627398
CMP001,Airbus SE,AIR.PA,^FCHI,EUR,Euronext Paris,PRIMARY_DIRECT,Defence Contractor,True,2023-02-13,107.5760726928711,7208.58984375,0.01635309279186492,0.011060708259257979,0.005292384532606942,0.015281851345231745,0.09310994286181362,-0.07208371572766759,2026-02-28,807,ok,0.0003832064451010121,1.0896334133963035,0.3894494594783263,0.01243532374021697,0.003917769051647951,-0.09204276964462603
CMP001,Airbus SE,AIR.PA,^FCHI,EUR,Euronext Paris,PRIMARY_DIRECT,Defence Contractor,True,2023-02-14,107.9297103881836,7213.81005859375,0.003287326693196313,0.0007241658849928001,0.002563160808203513,0.018619414476276797,0.09390153579098048,-0.06952055491946407,2026-02-28,807,ok,0.0003832064451010121,1.0896334133963035,0.3894494594783263,0.001172281790230872,0.002115044902965441,-0.0899277247416606
CMP001,Airbus SE,AIR.PA,^FCHI,EUR,Euronext Paris,PRIMARY_DIRECT,Defence Contractor,True,2023-02-15,110.79591369628906,7300.85986328125,0.026556203086219643,0.012067105174719428,0.014489097911500215,0.04567007851467486,0.10710176067415733,-0.05503145700796386,2026-02-28,807,ok,0.0003832064451010121,1.0896334133963035,0.3894494594783263,0.01353192744644274,0.013024275639776903,-0.0769034491018837
CMP001,Airbus SE,AIR.PA,^FCHI,EUR,Euronext Paris,PRIMARY_DIRECT,Defence Contractor,True,2023-02-16,116.2677764892578,7366.16015625,0.04938686464527975,0.008944192080328817,0.04044267256495093,0.09731244514589821,0.11700389147409718,-0.014588784443012925,2026-02-28,807,ok,0.0003832064451010121,1.0896334133963035,0.3894494594783263,0.010129096991661885,0.03925776765361787,-0.03764568144826583
CMP001,Airbus SE,AIR.PA,^FCHI,EUR,Euronext Paris,PRIMARY_DIRECT,Defence Contractor,True,2023-02-17,116.93780517578124,7347.72021484375,0.005762806400493536,-0.0025033315886573426,0.008266137989150879,0.10363604432812612,0.11420766034791696,-0.006322646453862046,2026-02-28,807,ok,0.0003832064451010121,1.0896334133963035,0.3894494594783263,-0.002344507298710479,0.008107313699204016,-0.029538367749061812
CMP001,Airbus SE,AIR.PA,^FCHI,EUR,Euronext Paris,PRIMARY_DIRECT,Defence Contractor,True,2023-02-20,114.31353759765624,7335.60986328125,-0.022441566901141963,-0.0016481781026493891,-0.020793388798492574,0.07886872220482477,0.11237124768032736,-0.02711603525235462,2026-02-28,807,ok,0.0003832064451010121,1.0896334133963035,0.3894494594783263,-0.0014127034867738848,-0.021028863414368076,-0.050567231163429885
CMP001,Airbus SE,AIR.PA,^FCHI,EUR,Euronext Paris,PRIMARY_DIRECT,Defence Contractor,True,2023-02-21,114.294921875,7308.64990234375,-0.00016284792726606323,-0.003675217390233576,0.003512369462967513,0.07869303066962163,0.10828304152645685,-0.023603665789387107,2026-02-28,807,ok,0.0003832064451010121,1.0896334133963035,0.3894494594783263,-0.0036214332247926535,0.0034585852975265903,-0.0471086458659033
CMP001,Airbus SE,AIR.PA,^FCHI,EUR,Euronext Paris,PRIMARY_DIRECT,Defence Contractor,True,2023-02-22,114.25770568847656,7299.259765625,-0.00032561539841757803,-0.0012847977183499948,0.0009591823199324168,0.07834179160866994,0.10685912200341763,-0.02264448346945469,2026-02-28,807,ok,0.0003832064451010121,1.0896334133963035,0.3894494594783263,-0.0010167520782684751,0.0006911366798508971,-0.0464175091860524
CMP001,Airbus SE,AIR.PA,^FCHI,EUR,Euronext Paris,PRIMARY_DIRECT,Defence Contractor,True,2023-02-23,115.80247497558594,7317.43017578125,0.013520044690212618,0.002489349706640276,0.011030694983572342,0.09292102082254305,0.10961448143406893,-0.011613788485882348,2026-02-28,807,ok,0.0003832064451010121,1.0896334133963035,0.3894494594783263,0.0030956850630845427,0.010424359627128076,-0.035993149558924326
CMP001,Airbus SE,AIR.PA,^FCHI,EUR,Euronext Paris,PRIMARY_DIRECT,Defence Contractor,True,2023-02-24,113.47601318359376,7187.27001953125,-0.020089914248228702,-0.017787686813985015,-0.0023022274342436866,0.07096433123413148,0.08987700655405728,-0.013916015920126035,2026-02-28,807,ok,0.0003832064451010121,1.0896334133963035,0.3894494594783263,-0.018998851454445898,-0.0010910627937828037,-0.03708421235270713
CMP001,Airbus SE,AIR.PA,^FCHI,EUR,Euronext Paris,PRIMARY_DIRECT,Defence Contractor,True,2023-02-27,115.05802154541016,7295.5498046875,0.013941345994036958,0.015065495641878313,-0.0011241496478413548,0.08589501552313883,0.1062965438464809,-0.01504016556796739,2026-02-28,807,ok,0.0003832064451010121,1.0896334133963035,0.3894494594783263,0.016799073885868012,-0.0028577278918310543,-0.03994194024453819
CMP001,Airbus SE,AIR.PA,^FCHI,EUR,Euronext Paris,PRIMARY_DIRECT,Defence Contractor,True,2023-02-28,115.41163635253906,7267.93017578125,0.0030733607477280156,-0.0037858187039589986,0.006859179451687014,0.08923236264000112,0.1021083056986618,-0.008180986116280375,2026-02-28,807,ok,0.0003832064451010121,1.0896334133963035,0.3894494594783263,-0.003741948111793401,0.006815308859521417,-0.03312663138501677
CMP001,Airbus SE,AIR.PA,^FCHI,EUR,Euronext Paris,PRIMARY_DIRECT,Defence Contractor,True,2023-03-01,113.8296356201172,7234.25,-0.01370746297703851,-0.0046340808134730516,-0.009073382163565458,0.07430175035572106,0.09700104674485432,-0.017254368279845833,2026-02-28,807,ok,0.0003832064451010121,1.0896334133963035,0.3894494594783263,-0.004666242849637948,-0.009041220127400561,-0.04216785151241734
CMP001,Airbus SE,AIR.PA,^FCHI,EUR,Euronext Paris,PRIMARY_DIRECT,Defence Contractor,True,2023-03-02,114.369384765625,7284.22021484375,0.0047417277808838865,0.00690744926478204,-0.002165721483898153,0.07939579681043507,0.10457852581865712,-0.019420089763743986,2026-02-28,807,ok,0.0003832064451010121,1.0896334133963035,0.3894494594783263,0.007909793965347252,-0.0031680661844633654,-0.0453359176968807
CMP001,Airbus SE,AIR.PA,^FCHI,EUR,Euronext Paris,PRIMARY_DIRECT,Defence Contractor,True,2023-03-03,115.54192352294922,7348.1201171875,0.01025220831367668,0.008772373769471598,0.001479834544205083,0.09046198737224276,0.11426830150487022,-0.017940255219538903,2026-02-28,807,ok,0.0003832064451010121,1.0896334133963035,0.3894494594783263,0.009941878019118547,0.0003103302945581341,-0.04502558740232257
CMP001,Airbus SE,AIR.PA,^FCHI,EUR,Euronext Paris,PRIMARY_DIRECT,Defence Contractor,True,2023-03-06,115.29996490478516,7373.2099609375,-0.002094119699469932,0.0034144574870671462,-0.005508577186537078,0.0881784294429635,0.11807292324954521,-0.02344883240607598,2026-02-28,807,ok,0.0003832064451010121,1.0896334133963035,0.3894494594783263,0.004103713411630551,-0.006197833111100483,-0.05122342051342305
CMP001,Airbus SE,AIR.PA,^FCHI,EUR,Euronext Paris,PRIMARY_DIRECT,Defence Contractor,True,2023-03-07,115.41163635253906,7339.27001953125,0.0009685297636137236,-0.0046031432152428,0.005571672978856523,0.08923236264000134,0.1129262734587424,-0.017877159427219458,2026-02-28,807,ok,0.0003832064451010121,1.0896334133963035,0.3894494594783263,-0.004632532208876035,0.005601061972489759,-0.04562235854093329
CMP001,Airbus SE,AIR.PA,^FCHI,EUR,Euronext Paris,PRIMARY_DIRECT,Defence Contractor,True,2023-03-08,115.3744125366211,7324.759765625,-0.00032253087378697476,-0.001977070453551333,0.001654539579764358,0.08888105157432191,0.11072593980650614,-0.0162226198474551,2026-02-28,807,ok,0.0003832064451010121,1.0896334133963035,0.3894494594783263,-0.0017710755817271044,0.0014485447079401297,-0.04417381383299317
CMP001,Airbus SE,AIR.PA,^FCHI,EUR,Euronext Paris,PRIMARY_DIRECT,Defence Contractor,True,2023-03-09,115.85831451416016,7315.8798828125,0.004194188008415312,-0.0012123104506680527,0.005406498459083364,0.09344802342342562,0.10937939514185069,-0.010816121388371736,2026-02-28,807,ok,0.0003832064451010121,1.0896334133963035,0.3894494594783263,-0.0009377675293564291,0.005131955537771741,-0.03904185829522143
CMP001,Airbus SE,AIR.PA,^FCHI,EUR,Euronext Paris,PRIMARY_DIRECT,Defence Contractor,True,2023-03-10,113.17822265625,7220.669921875,-0.023132494798917436,-0.013014150377342992,-0.010118344421574443,0.06815384270869673,0.09494176486794892,-0.02093446580994618,2026-02-28,807,ok,0.0003832064451010121,1.0896334133963035,0.3894494594783263,-0.013797446653016023,-0.009335048145901413,-0.048376906441122844
CMP001,Airbus SE,AIR.PA,^FCHI,EUR,Euronext Paris,PRIMARY_DIRECT,Defence Contractor,True,2023-03-13,109.95838928222656,7011.5,-0.028449230765912104,-0.028968215434044486,0.0005189846681323829,0.03776568754398113,0.06322325593552125,-0.020415481141813796,2026-02-28,807,ok,0.0003832064451010121,1.0896334133963035,0.3894494594783263,-0.03118152901829636,0.002732298252384257,-0.045644608188738583
CMP001,Airbus SE,AIR.PA,^FCHI,EUR,Euronext Paris,PRIMARY_DIRECT,Defence Contractor,True,2023-03-14,113.69935607910156,7141.56982421875,0.03402165875014029,0.018550926936996337,0.015470731813143956,0.07307219762820716,0.08294703287409644,-0.00494474932866984,2026-02-28,807,ok,0.0003832064451010121,1.0896334133963035,0.3894494594783263,0.020596916285125763,0.01342474246501453,-0.03221986572372405
CMP001,Airbus SE,AIR.PA,^FCHI,EUR,Euronext Paris,PRIMARY_DIRECT,Defence Contractor,True,2023-03-15,108.2274932861328,6885.7099609375,-0.04812571488234241,-0.03582683773721129,-0.012298877145131115,0.021429830996983368,0.04414846524932181,-0.017243626473800955,2026-02-28,807,ok,0.0003832064451010121,1.0896334133963035,0.3894494594783263,-0.03865491304969203,-0.00947080183265038,-0.04169066755637443
CMP001,Airbus SE,AIR.PA,^FCHI,EUR,Euronext Paris,PRIMARY_DIRECT,Defence Contractor,True,2023-03-16,111.00064086914062,7025.72021484375,0.025623318981214505,0.020333452135004926,0.005289866846209579,0.047602253373547176,0.06537960808930765,-0.011953759627591376,2026-02-28,807,ok,0.0003832064451010121,1.0896334133963035,0.3894494594783263,0.022539215301096784,0.0030841036801177203,-0.038606563876256716
CMP001,Airbus SE,AIR.PA,^FCHI,EUR,Euronext Paris,PRIMARY_DIRECT,Defence Contractor,True,2023-03-17,108.63694763183594,6925.39990234375,-0.021294410724089996,-0.014279007622314044,-0.007015403101775952,0.025294180714728665,0.05016704454474241,-0.018969162729367328,2026-02-28,807,ok,0.0003832064451010121,1.0896334133963035,0.3894494594783263,-0.015175677370312874,-0.006118733353777122,-0.044725297230033836
CMP001,Airbus SE,AIR.PA,^FCHI,EUR,Euronext Paris,PRIMARY_DIRECT,Defence Contractor,True,2023-03-20,110.36784362792967,7013.14013671875,0.015932848205194805,0.012669338321575685,0.00326350988361912,0.04163003726172598,0.06347196612624906,-0.015705652845748208,2026-02-28,807,ok,0.0003832064451010121,1.0896334133963035,0.3894494594783263,0.01418814080591212,0.001744707399282685,-0.04298058983075115
CMP001,Airbus SE,AIR.PA,^FCHI,EUR,Euronext Paris,PRIMARY_DIRECT,Defence Contractor,True,2023-03-21,113.15960693359376,7112.91015625,0.025295078837234808,0.014226155129694718,0.01106892370754009,0.06797815117349315,0.07860108329244242,-0.004636729138208118,2026-02-28,807,ok,0.0003832064451010121,1.0896334133963035,0.3894494594783263,0.0158845004185756,0.009410578418659207,-0.03357001141209194
CMP001,Airbus SE,AIR.PA,^FCHI,EUR,Euronext Paris,PRIMARY_DIRECT,Defence Contractor,True,2023-03-22,112.60126495361328,7131.1201171875,-0.004934110281137105,0.0025601280681859517,-0.007494238349323057,0.06270862919775833,0.08136244020015515,-0.012130967487531175,2026-02-28,807,ok,0.0003832064451010121,1.0896334133963035,0.3894494594783263,0.003172807530770155,-0.00810691781190726,-0.0416769292239992
CMP001,Airbus SE,AIR.PA,^FCHI,EUR,Euronext Paris,PRIMARY_DIRECT,Defence Contractor,True,2023-03-23,111.61483001708984,7139.25,-0.008760424999930572,0.0011400569165711527,-0.009900481916501724,0.0533988499548923,0.08259525492942554,-0.0220314494040329,2026-02-28,807,ok,0.0003832064451010121,1.0896334133963035,0.3894494594783263,0.001625450554570502,-0.010385875554501073,-0.052062804778500275
CMP001,Airbus SE,AIR.PA,^FCHI,EUR,Euronext Paris,PRIMARY_DIRECT,Defence Contractor,True,2023-03-24,109.25113677978516,7015.10009765625,-0.021177232782980338,-0.017389768161046315,-0.0037874646219340224,0.03109077729607379,0.06376917443395391,-0.02581891402596692,2026-02-28,807,ok,0.0003832064451010121,1.0896334133963035,0.3894494594783263,-0.018565265994390245,-0.002611966788590093,-0.05467477156709037
CMP001,Airbus SE,AIR.PA,^FCHI,EUR,Euronext Paris,PRIMARY_DIRECT,Defence Contractor,True,2023-03-27,110.81452941894533,7078.27001953125,0.014310081205941794,0.009004849680777305,0.005305231525164489,0.04584577004987822,0.07334825594477623,-0.020513682500802433,2026-02-28,807,ok,0.0003832064451010121,1.0896334133963035,0.3894494594783263,0.010195191539887,0.004114889666054793,-0.05055988190103558
CMP001,Airbus SE,AIR.PA,^FCHI,EUR,Euronext Paris,PRIMARY_DIRECT,Defence Contractor,True,2023-03-28,110.4795150756836,7088.33984375,-0.0030231987178791497,0.001422639174680329,-0.004445837892559479,0.04268397045876404,0.07487524322175809,-0.02495952039336191,2026-02-28,807,ok,0.0003832064451010121,1.0896334133963035,0.3894494594783263,0.001933361625039239,-0.004956560342918389,-0.05551644224395397
CMP001,Airbus SE,AIR.PA,^FCHI,EUR,Euronext Paris,PRIMARY_DIRECT,Defence Contractor,True,2023-03-29,112.50819396972656,7186.990234375,0.01836248912437055,0.013917277218583601,0.00444521190578695,0.0618302435264686,0.08983457995706767,-0.02051430848757496,2026-02-28,807,ok,0.0003832064451010121,1.0896334133963035,0.3894494594783263,0.015547936725968874,0.0028145523984016776,-0.05270188984555229
CMP001,Airbus SE,AIR.PA,^FCHI,EUR,Euronext Paris,PRIMARY_DIRECT,Defence Contractor,True,2023-03-30,113.75519561767578,7263.3701171875,0.011083651811927275,0.010627520049655725,0.00045613176227154995,0.07359920022908994,0.10141681880636955,-0.02005817672530341,2026-02-28,807,ok,0.0003832064451010121,1.0896334133963035,0.3894494594783263,0.011963307392745032,-0.0008796555808177568,-0.053581545426370045
CMP001,Airbus SE,AIR.PA,^FCHI,EUR,Euronext Paris,PRIMARY_DIRECT,Defence Contractor,True,2023-03-31,114.7229995727539,7322.39013671875,0.00850777803882341,0.00812570729276052,0.00038207074606289027,0.08273314392729736,0.11036660948331356,-0.01967610597924052,2026-02-28,807,ok,0.0003832064451010121,1.0896334133963035,0.3894494594783263,0.009237248618770894,-0.0007294705799474836,-0.054311016006317527
CMP001,Airbus SE,AIR.PA,^FCHI,EUR,Euronext Paris,PRIMARY_DIRECT,Defence Contractor,True,2023-04-03,116.50972747802734,7345.9599609375,0.015574278147603149,0.003218870311287647,0.012355407836315502,0.09959593107044995,0.11394073559722462,-0.0073206981429250195,2026-02-28,807,ok,0.0003832064451010121,1.0896334133963035,0.3894494594783263,0.003890595089669393,0.011683683057933755,-0.04262733294838377
CMP001,Airbus SE,AIR.PA,^FCHI,EUR,Euronext Paris,PRIMARY_DIRECT,Defence Contractor,True,2023-04-04,116.73307800292967,7344.9599609375,0.001917011821561898,-0.00013612924727568476,0.002053141068837583,0.10170386946925336,0.11378909568337803,-0.005267557074087437,2026-02-28,807,ok,0.0003832064451010121,1.0896334133963035,0.3894494594783263,0.0002348754687289383,0.0016821363528329598,-0.04094519659555081
CMP001,Airbus SE,AIR.PA,^FCHI,EUR,Euronext Paris,PRIMARY_DIRECT,Defence Contractor,True,2023-04-05,115.74665069580078,7316.2998046875,-0.008450280965812795,-0.003902016675709996,-0.004548264290102799,0.09239416223111507,0.10944307205879755,-0.009815821364190236,2026-02-28,807,ok,0.0003832064451010121,1.0896334133963035,0.3894494594783263,-0.0038685613043821683,-0.004581719661430627,-0.04552691625698144
CMP001,Airbus SE,AIR.PA,^FCHI,EUR,Euronext Paris,PRIMARY_DIRECT,Defence Contractor,True,2023-04-06,117.42170715332033,7324.75,0.014471748836360154,0.0011549820999798843,0.01331676673638027,0.10820301617722983,0.11072445894797212,0.003500945372190034,2026-02-28,807,ok,0.0003832064451010121,1.0896334133963035,0.3894494594783263,0.0016417135331137241,0.01283003530324643,-0.032696880953735005
CMP001,Airbus SE,AIR.PA,^FCHI,EUR,Euronext Paris,PRIMARY_DIRECT,Defence Contractor,True,2023-04-11,117.25420379638672,7390.27978515625,-0.0014265110003459647,0.008946351091334126,-0.01037286209168009,0.1066221523840365,0.12066138992345277,-0.0068719167194900566,2026-02-28,807,ok,0.0003832064451010121,1.0896334133963035,0.3894494594783263,0.010131449522193161,-0.011557960522539126,-0.044254841476274134
CMP001,Airbus SE,AIR.PA,^FCHI,EUR,Euronext Paris,PRIMARY_DIRECT,Defence Contractor,True,2023-04-12,117.47754669189452,7396.93994140625,0.0019047751660625778,0.0009012048858254573,0.0010035702802371205,0.10873001877811239,0.1216713354434078,-0.005868346439252936,2026-02-28,807,ok,0.0003832064451010121,1.0896334133963035,0.3894494594783263,0.001365189401012431,0.0005395857650501467,-0.04371525571122399
CMP001,Airbus SE,AIR.PA,^FCHI,EUR,Euronext Paris,PRIMARY_DIRECT,Defence Contractor,True,2023-04-13,117.17975616455078,7480.830078125,-0.0025348718604478737,0.011341194789098452,-0.013876066649546326,0.10591953025267786,0.13439242854801958,-0.019744413088799262,2026-02-28,807,ok,0.0003832064451010121,1.0896334133963035,0.3894494594783263,0.012740951235138728,-0.015275823095586602,-0.05899107880681059
CMP001,Airbus SE,AIR.PA,^FCHI,EUR,Euronext Paris,PRIMARY_DIRECT,Defence Contractor,True,2023-04-14,117.51476287841795,7519.60986328125,0.002858912877380826,0.005183887984522961,-0.0023249751071421354,0.1090812578390643,0.14027299182810338,-0.022069388195941397,2026-02-28,807,ok,0.0003832064451010121,1.0896334133963035,0.3894494594783263,0.00603174400434085,-0.003172831126960024,-0.06216390993377062
CMP001,Airbus SE,AIR.PA,^FCHI,EUR,Euronext Paris,PRIMARY_DIRECT,Defence Contractor,True,2023-04-17,119.18982696533205,7498.18017578125,0.01425407366602216,-0.002849840336084819,0.01710391400210698,0.1248901837899068,0.13702339586184342,-0.004965474193834418,2026-02-28,807,ok,0.0003832064451010121,1.0896334133963035,0.3894494594783263,-0.002722074807941558,0.01697614847396372,-0.0451877614598069
CMP001,Airbus SE,AIR.PA,^FCHI,EUR,Euronext Paris,PRIMARY_DIRECT,Defence Contractor,True,2023-04-18,119.41316986083984,7533.6298828125,0.0018738419309289878,0.004727774766702941,-0.0028539328357739535,0.1269980501839827,0.14239898638194992,-0.007819407029608372,2026-02-28,807,ok,0.0003832064451010121,1.0896334133963035,0.3894494594783263,0.00553474780191245,-0.0036609058709834623,-0.048848667330790366
CMP001,Airbus SE,AIR.PA,^FCHI,EUR,Euronext Paris,PRIMARY_DIRECT,Defence Contractor,True,2023-04-19,119.59928894042967,7549.43994140625,0.001558614345525955,0.0020985977330556516,-0.0005399833875296967,0.12875460551237916,0.14479642230501621,-0.008359390417138068,2026-02-28,807,ok,0.0003832064451010121,1.0896334133963035,0.3894494594783263,0.002669908656316186,-0.0011112943107902313,-0.0499599616415806
CMP001,Airbus SE,AIR.PA,^FCHI,EUR,Euronext Paris,PRIMARY_DIRECT,Defence Contractor,True,2023-04-20,120.30653381347656,7538.7099609375,0.005913453828301218,-0.0014212948976386475,0.007334748725939866,0.135429443755559,0.14316932899115908,-0.0010246416911982026,2026-02-28,807,ok,0.0003832064451010121,1.0896334133963035,0.3894494594783263,-0.0011654839656557372,0.007078937793956955,-0.04288102384762364
CMP001,Airbus SE,AIR.PA,^FCHI,EUR,Euronext Paris,PRIMARY_DIRECT,Defence Contractor,True,2023-04-21,118.48257446289062,7577.0,-0.015160933432042945,0.0050791235185998485,-0.020240056950642793,0.11821527354199945,0.14897562721578006,-0.021264698641840996,2026-02-28,807,ok,0.0003832064451010121,1.0896334133963035,0.3894494594783263,0.005917589141734408,-0.021078522573777354,-0.063959546421401
CMP001,Airbus SE,AIR.PA,^FCHI,EUR,Euronext Paris,PRIMARY_DIRECT,Defence Contractor,True,2023-04-24,119.33872985839844,7573.85986328125,0.007226002637003459,-0.00041443008034180995,0.007640432717345269,0.12629550005735157,0.14849945715428214,-0.013624265924495726,2026-02-28,807,ok,0.0003832064451010121,1.0896334133963035,0.3894494594783263,-6.837041795593852e-05,0.007294373054959398,-0.056665173366441605
CMP001,Airbus SE,AIR.PA,^FCHI,EUR,Euronext Paris,PRIMARY_DIRECT,Defence Contractor,True,2023-04-25,118.82904815673828,7531.60986328125,-0.0042708825732008515,-0.005578397377647759,0.0013075148044469076,0.1214852242338822,0.1420926707942629,-0.012316751120048819,2026-02-28,807,ok,0.0003832064451010121,1.0896334133963035,0.3894494594783263,-0.005695201730786304,0.0014243191575854528,-0.055240854208856154
CMP001,Airbus SE,AIR.PA,^FCHI,EUR,Euronext Paris,PRIMARY_DIRECT,Defence Contractor,True,2023-04-26,117.11126708984376,7466.66015625,-0.014455901932570625,-0.008623615430201514,-0.005832286502369111,0.10527314381353015,0.13224370281568154,-0.01814903762241793,2026-02-28,807,ok,0.0003832064451010121,1.0896334133963035,0.3894494594783263,-0.009013373071926496,-0.005442528860644129,-0.06068338306950028
CMP001,Airbus SE,AIR.PA,^FCHI,EUR,Euronext Paris,PRIMARY_DIRECT,Defence Contractor,True,2023-04-27,118.48927307128906,7483.83984375,0.011766638818689668,0.0023008530106489733,0.009465785808040694,0.11827849369278165,0.13484882914809337,-0.008683251814377235,2026-02-28,807,ok,0.0003832064451010121,1.0896334133963035,0.3894494594783263,0.0028902927648176142,0.008876346053872053,-0.05180703701562823
CMP001,Airbus SE,AIR.PA,^FCHI,EUR,Euronext Paris,PRIMARY_DIRECT,Defence Contractor,True,2023-04-28,119.99940490722656,7491.5,0.012744882273258096,0.0010235596177805562,0.01172132265547754,0.1325308214436125,0.136010414581895,0.0030380708411003043,2026-02-28,807,ok,0.0003832064451010121,1.0896334133963035,0.3894494594783263,0.0014985112052378553,0.01124637106802024,-0.04056066594760799
CMP001,Airbus SE,AIR.PA,^FCHI,EUR,Euronext Paris,PRIMARY_DIRECT,Defence Contractor,True,2023-05-02,118.3193817138672,7383.2001953125,-0.01400026270678767,-0.014456357830541333,0.0004560951237536637,0.11667509241986784,0.11958784152947755,0.003494165964853968,2026-02-28,807,ok,0.0003832064451010121,1.0896334133963035,0.3894494594783263,-0.015368924083070123,0.0013686613762824533,-0.03919200457132553
CMP001,Airbus SE,AIR.PA,^FCHI,EUR,Euronext Paris,PRIMARY_DIRECT,Defence Contractor,True,2023-05-03,117.41329956054688,7403.830078125,-0.007657935159866791,0.002794165438666729,-0.01045210059853352,0.10812366696747833,0.12271615518183077,-0.006957934633679552,2026-02-28,807,ok,0.0003832064451010121,1.0896334133963035,0.3894494594783263,0.00342782246962942,-0.01108575762949621,-0.05027776220082174
CMP001,Airbus SE,AIR.PA,^FCHI,EUR,Euronext Paris,PRIMARY_DIRECT,Defence Contractor,True,2023-05-04,115.24246215820312,7340.77001953125,-0.01848885441827064,-0.008517221212310688,-0.009971633205959951,0.08763572981147649,0.11315373332951228,-0.016929567839639503,2026-02-28,807,ok,0.0003832064451010121,1.0896334133963035,0.3894494594783263,-0.008897442377120486,-0.009591412041150153,-0.05986917424197189
CMP001,Airbus SE,AIR.PA,^FCHI,EUR,Euronext Paris,PRIMARY_DIRECT,Defence Contractor,True,2023-05-05,115.33685302734376,7432.93017578125,0.0008190632807816289,0.012554562532921532,-0.011735499252139903,0.08852657230063121,0.1271288914833526,-0.028665067091779406,2026-02-28,807,ok,0.0003832064451010121,1.0896334133963035,0.3894494594783263,0.014063077271545642,-0.013244013990764013,-0.07311318823273591
CMP001,Airbus SE,AIR.PA,^FCHI,EUR,Euronext Paris,PRIMARY_DIRECT,Defence Contractor,True,2023-05-08,114.44965362548828,7440.91015625,-0.007692245614202342,0.0010735982015210865,-0.008765843815723429,0.08015335854890893,0.1283389750341315,-0.037430910907502835,2026-02-28,807,ok,0.0003832064451010121,1.0896334133963035,0.3894494594783263,0.001553034918040566,-0.009245280532242908,-0.08235846876497882
CMP001,Airbus SE,AIR.PA,^FCHI,EUR,Euronext Paris,PRIMARY_DIRECT,Defence Contractor,True,2023-05-09,114.7894287109375,7397.169921875,0.002968773383631662,-0.005878344645548594,0.008847118029180256,0.08336008909000925,0.12170620966187573,-0.028583792878322578,2026-02-28,807,ok,0.0003832064451010121,1.0896334133963035,0.3894494594783263,-0.006022034296147986,0.00899080767977965,-0.07336766108519917
CMP001,Airbus SE,AIR.PA,^FCHI,EUR,Euronext Paris,PRIMARY_DIRECT,Defence Contractor,True,2023-05-10,114.86493682861328,7361.2001953125,0.0006577967895102788,-0.004862633539906902,0.005520430329417181,0.0840727198784963,0.1162517634248521,-0.023063362548905397,2026-02-28,807,ok,0.0003832064451010121,1.0896334133963035,0.3894494594783263,-0.0049152815370830955,0.005573078326593374,-0.0677945827586058
CMP001,Airbus SE,AIR.PA,^FCHI,EUR,Euronext Paris,PRIMARY_DIRECT,Defence Contractor,True,2023-05-11,114.50627136230467,7381.77978515625,-0.003122497397476165,0.0027956840321847753,-0.00591818142966094,0.08068770563200078,0.11937245065575697,-0.028981543978566338,2026-02-28,807,ok,0.0003832064451010121,1.0896334133963035,0.3894494594783263,0.00342947717986805,-0.0065519745773442144,-0.07434655733595001
CMP001,Airbus SE,AIR.PA,^FCHI,EUR,Euronext Paris,PRIMARY_DIRECT,Defence Contractor,True,2023-05-12,115.90315246582033,7414.85009765625,0.012199166795815453,0.00447999174487701,0.007719175050938443,0.09387119520719267,0.12438722999413754,-0.021262368927627895,2026-02-28,807,ok,0.0003832064451010121,1.0896334133963035,0.3894494594783263,0.00526475514205861,0.006934411653756843,-0.06741214568219317
CMP001,Airbus SE,AIR.PA,^FCHI,EUR,Euronext Paris,PRIMARY_DIRECT,Defence Contractor,True,2023-05-15,116.14855194091795,7418.2099609375,0.0021172804179765414,0.00045312625838689335,0.001664154159589648,0.09618722726859352,0.12489671937264268,-0.019598214768038247,2026-02-28,807,ok,0.0003832064451010121,1.0896334133963035,0.3894494594783263,0.0008769479567266182,0.0012403324612499233,-0.06617181322094325
CMP001,Airbus SE,AIR.PA,^FCHI,EUR,Euronext Paris,PRIMARY_DIRECT,Defence Contractor,True,2023-05-16,119.14995574951172,7406.009765625,0.025841078157569308,-0.0016446279327146929,0.027485706090284,0.12451388708377054,0.1230466828065433,0.007887491322245754,2026-02-28,807,ok,0.0003832064451010121,1.0896334133963035,0.3894494594783263,-0.0014088351029898048,0.027249913260559113,-0.03892189996038413
CMP001,Airbus SE,AIR.PA,^FCHI,EUR,Euronext Paris,PRIMARY_DIRECT,Defence Contractor,True,2023-05-17,120.9998779296875,7399.43994140625,0.015525999724790962,-0.0008870936478161395,0.0164130933726071,0.14197308938515674,0.12205043522802472,0.024300584694852856,2026-02-28,807,ok,0.0003832064451010121,1.0896334133963035,0.3894494594783263,-0.0005834004343710663,0.016109400159162027,-0.022812499801222103
CMP001,Airbus SE,AIR.PA,^FCHI,EUR,Euronext Paris,PRIMARY_DIRECT,Defence Contractor,True,2023-05-18,121.56617736816406,7446.89013671875,0.004680165370130718,0.006412673889948817,-0.001732508519818099,0.14731771229171842,0.1292457787572172,0.022568076175034757,2026-02-28,807,ok,0.0003832064451010121,1.0896334133963035,0.3894494594783263,0.007370670184803293,-0.002690504814672575,-0.025503004615894678
CMP001,Airbus SE,AIR.PA,^FCHI,EUR,Euronext Paris,PRIMARY_DIRECT,Defence Contractor,True,2023-05-19,121.9814682006836,7491.9599609375,0.0034161708586246675,0.006052167198831393,-0.0026359963402067255,0.1512371456260333,0.1360801630188304,0.01993207983482803,2026-02-28,807,ok,0.0003832064451010121,1.0896334133963035,0.3894494594783263,0.006977850048408807,-0.0035616791897841397,-0.029064683805678816
CMP001,Airbus SE,AIR.PA,^FCHI,EUR,Euronext Paris,PRIMARY_DIRECT,Defence Contractor,True,2023-05-22,120.9998779296875,7478.16015625,-0.008047044239385515,-0.0018419485367582311,-0.0062050957026272835,0.14197308938515674,0.13398756182491778,0.013726984132200748,2026-02-28,807,ok,0.0003832064451010121,1.0896334133963035,0.3894494594783263,-0.001623842226307186,-0.006423202013078329,-0.03548788581875714
CMP001,Airbus SE,AIR.PA,^FCHI,EUR,Euronext Paris,PRIMARY_DIRECT,Defence Contractor,True,2023-05-23,119.18770599365234,7378.7099609375,-0.014976642679657926,-0.013298751729646119,-0.0016778909500118067,0.12487016647565019,0.11890694277570146,0.012049093182188941,2026-02-28,807,ok,0.0003832064451010121,1.0896334133963035,0.3894494594783263,-0.014107557795983282,-0.000869084883674643,-0.03635697070243178
CMP001,Airbus SE,AIR.PA,^FCHI,EUR,Euronext Paris,PRIMARY_DIRECT,Defence Contractor,True,2023-05-24,116.84699249267578,7253.4599609375,-0.019638883737734036,-0.01697451189477117,-0.002664371842962865,0.10277897205618935,0.0999140435664132,0.009384721339226076,2026-02-28,807,ok,0.0003832064451010121,1.0896334133963035,0.3894494594783263,-0.018112788891534653,-0.0015260948461993835,-0.03788306554863116
CMP001,Airbus SE,AIR.PA,^FCHI,EUR,Euronext Paris,PRIMARY_DIRECT,Defence Contractor,True,2023-05-25,117.5454330444336,7229.27001953125,0.00597739434159239,-0.003334952083077769,0.00931234642467016,0.10937071684378519,0.09624588293561498,0.018697067763896236,2026-02-28,807,ok,0.0003832064451010121,1.0896334133963035,0.3894494594783263,-0.00325066877669613,0.00922806311828852,-0.028655002430342642
CMP001,Airbus SE,AIR.PA,^FCHI,EUR,Euronext Paris,PRIMARY_DIRECT,Defence Contractor,True,2023-05-26,118.62139892578124,7319.18017578125,0.009153617060910557,0.012436961962561943,-0.003283344901651386,0.119525471564361,0.10987985128330036,0.01541372286224485,2026-02-28,807,ok,0.0003832064451010121,1.0896334133963035,0.3894494594783263,0.013934935760647372,-0.004781318699736815,-0.03343632113007946
CMP001,Airbus SE,AIR.PA,^FCHI,EUR,Euronext Paris,PRIMARY_DIRECT,Defence Contractor,True,2023-05-29,118.2438735961914,7303.81005859375,-0.003182607295215245,-0.0020999779781838424,-0.0010826293170314027,0.11596246163138102,0.10754912803717542,0.014331093545213447,2026-02-28,807,ok,0.0003832064451010121,1.0896334133963035,0.3894494594783263,-0.0019049997273245163,-0.0012776075678907288,-0.03471392869797019
CMP001,Airbus SE,AIR.PA,^FCHI,EUR,Euronext Paris,PRIMARY_DIRECT,Defence Contractor,True,2023-05-30,117.45104217529295,7209.75,-0.006705052843634096,-0.012878218058679947,0.0061731652150458505,0.10847987435463069,0.09328586885561174,0.020504258760259297,2026-02-28,807,ok,0.0003832064451010121,1.0896334133963035,0.3894494594783263,-0.013649330256640335,0.006944277413006239,-0.027769651284963948
CMP001,Airbus SE,AIR.PA,^FCHI,EUR,Euronext Paris,PRIMARY_DIRECT,Defence Contractor,True,2023-05-31,115.65775299072266,7098.7001953125,-0.01526839737951291,-0.015402726126079291,0.00013432874656638116,0.0915551631457916,0.07644628604011605,0.02063858750682568,2026-02-28,807,ok,0.0003832064451010121,1.0896334133963035,0.3894494594783263,-0.01640011859926719,0.0011317212197542795,-0.026637930065209668
CMP001,Airbus SE,AIR.PA,^FCHI,EUR,Euronext Paris,PRIMARY_DIRECT,Defence Contractor,True,2023-06-01,118.86680603027344,7137.43017578125,0.0277461126173546,0.005455925648800486,0.022290186968554115,0.12184157563048958,0.08231929694167839,0.042928774475379794,2026-02-28,807,ok,0.0003832064451010121,1.0896334133963035,0.3894494594783263,0.006328165333039927,0.021417947284314676,-0.0052199827808949925
CMP001,Airbus SE,AIR.PA,^FCHI,EUR,Euronext Paris,PRIMARY_DIRECT,Defence Contractor,True,2023-06-02,121.16976928710938,7270.68994140625,0.019374317639605954,0.01867055261390549,0.0007037650257004646,0.14357649065807077,0.10252679632027317,0.04363253950108026,2026-02-28,807,ok,0.0003832064451010121,1.0896334133963035,0.3894494594783263,0.020727264419786125,-0.0013529467801801712,-0.006572929561075164
CMP001,Airbus SE,AIR.PA,^FCHI,EUR,Euronext Paris,PRIMARY_DIRECT,Defence Contractor,True,2023-06-05,119.60299682617188,7200.91015625,-0.012930390724975815,-0.00959740901050632,-0.003332981714469496,0.1287895998099653,0.0919453957109444,0.04029955778661076,2026-02-28,807,ok,0.0003832064451010121,1.0896334133963035,0.3894494594783263,-0.010074451094777429,-0.0028559396301983866,-0.00942886919127355
CMP001,Airbus SE,AIR.PA,^FCHI,EUR,Euronext Paris,PRIMARY_DIRECT,Defence Contractor,True,2023-06-06,120.28256225585938,7209.0,0.005681842827694128,0.0011234473940739953,0.004558395433620133,0.1352032049016212,0.09317213892022691,0.044857953220230895,2026-02-28,807,ok,0.0003832064451010121,1.0896334133963035,0.3894494594783263,0.0016073522638770418,0.004074490563817086,-0.005354378627456464
CMP001,Airbus SE,AIR.PA,^FCHI,EUR,Euronext Paris,PRIMARY_DIRECT,Defence Contractor,True,2023-06-07,119.3387222290039,7202.7900390625,-0.007846856677759972,-0.0008614178023997887,-0.006985438875360184,0.12629542805262428,0.09223046097867349,0.03787251434487071,2026-02-28,807,ok,0.0003832064451010121,1.0896334133963035,0.3894494594783263,-0.0005554231752882121,-0.00729143350247176,-0.012645812129928224
CMP001,Airbus SE,AIR.PA,^FCHI,EUR,Euronext Paris,PRIMARY_DIRECT,Defence Contractor,True,2023-06-08,119.43310546875,7222.14990234375,0.0007908852883893314,0.002687828352104793,-0.0018969430637154616,0.12718619853705126,0.09516618897872453,0.03597557128115525,2026-02-28,807,ok,0.0003832064451010121,1.0896334133963035,0.3894494594783263,0.003311954027028319,-0.0025210687386389877,-0.015166880868567212
CMP001,Airbus SE,AIR.PA,^FCHI,EUR,Euronext Paris,PRIMARY_DIRECT,Defence Contractor,True,2023-06-09,121.20751953125,7213.14013671875,0.014856969979435641,-0.0012475185016689316,0.016104488481104573,0.14393277004995042,0.09379994889557142,0.05208005976225982,2026-02-28,807,ok,0.0003832064451010121,1.0896334133963035,0.3894494594783263,-0.000976131398147548,0.01583310137758319,0.0006662205090159773
CMP001,Airbus SE,AIR.PA,^FCHI,EUR,Euronext Paris,PRIMARY_DIRECT,Defence Contractor,True,2023-06-12,122.17024230957033,7250.35009765625,0.007942764459197615,0.0051586355224240155,0.0027841289367736,0.15301875859961456,0.09944246416636959,0.05486418869903342,2026-02-28,807,ok,0.0003832064451010121,1.0896334133963035,0.3894494594783263,0.006004228077867315,0.0019385363813303,0.0026047568903462773
CMP001,Airbus SE,AIR.PA,^FCHI,EUR,Euronext Paris,PRIMARY_DIRECT,Defence Contractor,True,2023-06-13,122.7365264892578,7290.7998046875,0.0046352055048932694,0.005579000529136735,-0.0009437950242434656,0.15836323749672077,0.10557625425570927,0.05392039367478996,2026-02-28,807,ok,0.0003832064451010121,1.0896334133963035,0.3894494594783263,0.006462271835004056,-0.0018270663301107864,0.000777690560235491
CMP001,Airbus SE,AIR.PA,^FCHI,EUR,Euronext Paris,PRIMARY_DIRECT,Defence Contractor,True,2023-06-14,122.24574279785156,7328.52978515625,-0.003998676721955197,0.0051750125472505015,-0.009173689269205698,0.15373131738337387,0.11129762524342479,0.04474670440558426,2026-02-28,807,ok,0.0003832064451010121,1.0896334133963035,0.3894494594783263,0.006022073031330275,-0.010020749753285471,-0.00924305919304998
CMP001,Airbus SE,AIR.PA,^FCHI,EUR,Euronext Paris,PRIMARY_DIRECT,Defence Contractor,True,2023-06-15,122.6043930053711,7290.91015625,0.002933846196285117,-0.0051333118659689925,0.00806715806225411,0.15711618762041413,0.10559298795713956,0.05281386246783837,2026-02-28,807,ok,0.0003832064451010121,1.0896334133963035,0.3894494594783263,-0.005210221685442529,0.008144067881727647,-0.001098991311322333
CMP001,Airbus SE,AIR.PA,^FCHI,EUR,Euronext Paris,PRIMARY_DIRECT,Defence Contractor,True,2023-06-16,123.81249237060548,7388.64990234375,0.009853638484075056,0.013405698876972849,-0.0035520603928977934,0.1685179922172968,0.12041423463418566,0.049261802074940575,2026-02-28,807,ok,0.0003832064451010121,1.0896334133963035,0.3894494594783263,0.01499050387137993,-0.005136865387304875,-0.006235856698627208
CMP001,Airbus SE,AIR.PA,^FCHI,EUR,Euronext Paris,PRIMARY_DIRECT,Defence Contractor,True,2023-06-19,124.09564971923828,7314.0498046875,0.002286985288893373,-0.010096580382376263,0.012383565671269636,0.17119037567530504,0.10910188225264306,0.06164536774621021,2026-02-28,807,ok,0.0003832064451010121,1.0896334133963035,0.3894494594783263,-0.010618364900577791,0.012905350189471164,0.006669493490843956
CMP001,Airbus SE,AIR.PA,^FCHI,EUR,Euronext Paris,PRIMARY_DIRECT,Defence Contractor,True,2023-06-20,124.60533142089844,7294.169921875,0.004107168162730046,-0.002718040393949628,0.006825208556679674,0.17600065149877442,0.10608729853567489,0.06847057630288989,2026-02-28,807,ok,0.0003832064451010121,1.0896334133963035,0.3894494594783263,-0.002578461187107354,0.006685629349837401,0.013355122840681357
CMP001,Airbus SE,AIR.PA,^FCHI,EUR,Euronext Paris,PRIMARY_DIRECT,Defence Contractor,True,2023-06-21,122.49113464355467,7260.97021484375,-0.016967145412119855,-0.004551540118593267,-0.012415605293526588,0.15604727744004698,0.10105289782172333,0.0560549710093633,2026-02-28,807,ok,0.0003832064451010121,1.0896334133963035,0.3894494594783263,-0.004576303750531985,-0.012390841661587871,0.0009642811790934857
CMP001,Airbus SE,AIR.PA,^FCHI,EUR,Euronext Paris,PRIMARY_DIRECT,Defence Contractor,True,2023-06-22,120.47132110595705,7203.27978515625,-0.016489467123275703,-0.007945278382985532,-0.00854418874029017,0.13698467386574698,0.09230472603413675,0.047510782269073126,2026-02-28,807,ok,0.0003832064451010121,1.0896334133963035,0.3894494594783263,-0.008274234359735375,-0.008215232763540328,-0.007250951584446842
CMP001,Airbus SE,AIR.PA,^FCHI,EUR,Euronext Paris,PRIMARY_DIRECT,Defence Contractor,True,2023-06-23,119.6218719482422,7163.419921875,-0.007051048746844368,-0.005533571438303575,-0.0015174773085407933,0.12896773950590457,0.08626037980023016,0.04599330496053233,2026-02-28,807,ok,0.0003832064451010121,1.0896334133963035,0.3894494594783263,-0.0056463578894900045,-0.0014046908573543638,-0.008655642441801205
CMP001,Airbus SE,AIR.PA,^FCHI,EUR,Euronext Paris,PRIMARY_DIRECT,Defence Contractor,True,2023-06-26,120.49020385742188,7184.35009765625,0.007258972753372284,0.002921813325131861,0.0043371594282404224,0.1371628855664142,0.08943422985249327,0.050330464388772755,2026-02-28,807,ok,0.0003832064451010121,1.0896334133963035,0.3894494594783263,0.0035669118718712456,0.003692060881501038,-0.004963581560300167
CMP001,Airbus SE,AIR.PA,^FCHI,EUR,Euronext Paris,PRIMARY_DIRECT,Defence Contractor,True,2023-06-27,121.67943572998048,7215.580078125,0.009869946555703724,0.00434694579805317,0.0055230007576505535,0.14838662247208445,0.09416994140020596,0.05585346514642331,2026-02-28,807,ok,0.0003832064451010121,1.0896334133963035,0.3894494594783263,0.005119783832882406,0.004750162722821317,-0.0002134188374788501
CMP001,Airbus SE,AIR.PA,^FCHI,EUR,Euronext Paris,PRIMARY_DIRECT,Defence Contractor,True,2023-06-28,123.13294219970705,7286.31982421875,0.01194537483681346,0.009803750402300526,0.0021416244345129343,0.1621045311350957,0.10489691040339344,0.05799508958093624,2026-02-28,807,ok,0.0003832064451010121,1.0896334133963035,0.3894494594783263,0.011065700460045118,0.0008796743767683426,0.0006662555392894925
CMP001,Airbus SE,AIR.PA,^FCHI,EUR,Euronext Paris,PRIMARY_DIRECT,Defence Contractor,True,2023-06-29,123.32171630859376,7312.72998046875,0.001533091839716949,0.0036246221531774925,-0.0020915303134605434,0.16388614410867697,0.10890174422181897,0.0559035592674757,2026-02-28,807,ok,0.0003832064451010121,1.0896334133963035,0.3894494594783263,0.004332715854139663,-0.0027996240144227136,-0.002133368475133221
CMP001,Airbus SE,AIR.PA,^FCHI,EUR,Euronext Paris,PRIMARY_DIRECT,Defence Contractor,True,2023-06-30,124.92623138427734,7400.06005859375,0.013010807209887787,0.011942199200332348,0.0010686080095554384,0.17902924234393458,0.12214446974491189,0.05697216727703114,2026-02-28,807,ok,0.0003832064451010121,1.0896334133963035,0.3894494594783263,0.013395825723217755,-0.00038501851332996793,-0.002518386988463189
CMP001,Airbus SE,AIR.PA,^FCHI,EUR,Euronext Paris,PRIMARY_DIRECT,Defence Contractor,True,2023-07-03,125.171630859375,7386.7001953125,0.0019643550628114514,-0.0018053722774499237,0.003769727340261375,0.18134527440533565,0.12011858122794061,0.06074189461729251,2026-02-28,807,ok,0.0003832064451010121,1.0896334133963035,0.3894494594783263,-0.0015839875120278067,0.003548342574839258,0.0010299555863760692
CMP001,Airbus SE,AIR.PA,^FCHI,EUR,Euronext Paris,PRIMARY_DIRECT,Defence Contractor,True,2023-07-04,123.94465637207033,7369.93017578125,-0.009802336830484593,-0.002270299198266046,-0.007532037632218547,0.16976533011251327,0.11757557691101583,0.05320985698507397,2026-02-28,807,ok,0.0003832064451010121,1.0896334133963035,0.3894494594783263,-0.0020905874197365104,-0.007711749410748082,-0.006681793824372013
CMP001,Airbus SE,AIR.PA,^FCHI,EUR,Euronext Paris,PRIMARY_DIRECT,Defence Contractor,True,2023-07-05,125.45477294921876,7310.81005859375,0.012183797360454163,-0.008021801533721229,0.02020559889417539,0.18401751385388887,0.10861060743410156,0.07341545587924936,2026-02-28,807,ok,0.0003832064451010121,1.0896334133963035,0.3894494594783263,-0.008357616541675354,0.02054141390212952,0.013859620077757505
CMP001,Airbus SE,AIR.PA,^FCHI,EUR,Euronext Paris,PRIMARY_DIRECT,Defence Contractor,True,2023-07-06,122.20797729492188,7082.2900390625,-0.02588020828518911,-0.03125782474168204,0.0053776164564929285,0.15337489398203852,0.07395785136015665,0.07879307233574229,2026-02-28,807,ok,0.0003832064451010121,1.0896334133963035,0.3894494594783263,-0.03367636382352142,0.007796155538332308,0.021655775616089813
CMP001,Airbus SE,AIR.PA,^FCHI,EUR,Euronext Paris,PRIMARY_DIRECT,Defence Contractor,True,2023-07-07,123.7370147705078,7111.8798828125,0.012511764857182195,0.0041780050784134826,0.008333759778768712,0.16780564944771914,0.07844485271714152,0.087126832114511,2026-02-28,807,ok,0.0003832064451010121,1.0896334133963035,0.3894494594783263,0.004935700379879786,0.007576064477302409,0.029231840093392223
CMP001,Airbus SE,AIR.PA,^FCHI,EUR,Euronext Paris,PRIMARY_DIRECT,Defence Contractor,True,2023-07-10,124.62419891357422,7143.68994140625,0.0071699171400883,0.004472805941313274,0.0026971111987750263,0.1761787191899864,0.08326852726175349,0.08982394331328603,2026-02-28,807,ok,0.0003832064451010121,1.0896334133963035,0.3894494594783263,0.005256925250393461,0.0019129918896948388,0.03114483198308706
CMP001,Airbus SE,AIR.PA,^FCHI,EUR,Euronext Paris,PRIMARY_DIRECT,Defence Contractor,True,2023-07-11,124.81298065185548,7220.009765625,0.0015148080383022844,0.010683529778691137,-0.009168721740388852,0.1779604041682954,0.09484165883107343,0.08065522157289717,2026-02-28,807,ok,0.0003832064451010121,1.0896334133963035,0.3894494594783263,0.01202433746497729,-0.010509529426675006,0.020635302556412057
CMP001,Airbus SE,AIR.PA,^FCHI,EUR,Euronext Paris,PRIMARY_DIRECT,Defence Contractor,True,2023-07-12,125.9644546508789,7333.009765625,0.009225594910158064,0.01565094835993186,-0.006425353449773796,0.18882778967735825,0.11197696909574062,0.07422986812312338,2026-02-28,807,ok,0.0003832064451010121,1.0896334133963035,0.3894494594783263,0.01743700272942284,-0.008211407819264778,0.012423894737147279
CMP001,Airbus SE,AIR.PA,^FCHI,EUR,Euronext Paris,PRIMARY_DIRECT,Defence Contractor,True,2023-07-13,127.0404281616211,7369.7998046875,0.00854188202318129,0.005017044874938037,0.003524837148243254,0.19898261640266157,0.11755580744959149,0.07775470527136663,2026-02-28,807,ok,0.0003832064451010121,1.0896334133963035,0.3894494594783263,0.005849946177342176,0.0026919358458391152,0.015115830582986394
CMP001,Airbus SE,AIR.PA,^FCHI,EUR,Euronext Paris,PRIMARY_DIRECT,Defence Contractor,True,2023-07-14,125.5491714477539,7374.5400390625,-0.01173844212780839,0.0006431971696143624,-0.012381639297422753,0.18490842834777066,0.1182746161818291,0.06537306597394388,2026-02-28,807,ok,0.0003832064451010121,1.0896334133963035,0.3894494594783263,0.0010840555725147509,-0.012822497700323142,0.002293332882663252
CMP001,Airbus SE,AIR.PA,^FCHI,EUR,Euronext Paris,PRIMARY_DIRECT,Defence Contractor,True,2023-07-17,126.02108764648438,7291.66015625,0.003758815715696251,-0.01123865113939182,0.01499746685508807,0.18936228076990513,0.10570671789252417,0.08037053282903195,2026-02-28,807,ok,0.0003832064451010121,1.0896334133963035,0.3894494594783263,-0.011862803357884751,0.015621619073581002,0.017914951956244256
CMP001,Airbus SE,AIR.PA,^FCHI,EUR,Euronext Paris,PRIMARY_DIRECT,Defence Contractor,True,2023-07-18,126.51187896728516,7319.18017578125,0.0038945174174147557,0.003774177476944196,0.00012033994047055963,0.19399427288797977,0.10987985128330013,0.08049087276950251,2026-02-28,807,ok,0.0003832064451010121,1.0896334133963035,0.3894494594783263,0.004495676332067165,-0.0006011589146524094,0.017313793041591845
CMP001,Airbus SE,AIR.PA,^FCHI,EUR,Euronext Paris,PRIMARY_DIRECT,Defence Contractor,True,2023-07-19,126.8139190673828,7326.93994140625,0.0023874445827789526,0.0010601960108422848,0.0013272485719366678,0.19684486804665524,0.1110565414741449,0.08181812134143918,2026-02-28,807,ok,0.0003832064451010121,1.0896334133963035,0.3894494594783263,0.0015384314432642353,0.0008490131395147173,0.018162806181106564
CMP001,Airbus SE,AIR.PA,^FCHI,EUR,Euronext Paris,PRIMARY_DIRECT,Defence Contractor,True,2023-07-20,127.0404281616211,7384.91015625,0.0017861532543437253,0.007911927122009832,-0.006125773867666107,0.19898261640266135,0.11984713985872064,0.07569234747377307,2026-02-28,807,ok,0.0003832064451010121,1.0896334133963035,0.3894494594783263,0.009004306601599376,-0.007218153347255651,0.010944652833850913
CMP001,Airbus SE,AIR.PA,^FCHI,EUR,Euronext Paris,PRIMARY_DIRECT,Defence Contractor,True,2023-07-21,126.94605255126952,7432.77001953125,-0.0007428785601345522,0.006480764460044863,-0.0072236430201794155,0.19809191792296188,0.12710460540339996,0.06846870445359365,2026-02-28,807,ok,0.0003832064451010121,1.0896334133963035,0.3894494594783263,0.007444863945117148,-0.0081877425052517,0.0027569103285992134
CMP001,Airbus SE,AIR.PA,^FCHI,EUR,Euronext Paris,PRIMARY_DIRECT,Defence Contractor,True,2023-07-24,128.7015838623047,7427.31005859375,0.01382895549529728,-0.0007345795609379202,0.0145635350562352,0.2146602777351938,0.1262766573972316,0.08303223950982885,2026-02-28,807,ok,0.0003832064451010121,1.0896334133963035,0.3894494594783263,-0.00041721598929493175,0.01424617148459221,0.017003081813191424
CMP001,Airbus SE,AIR.PA,^FCHI,EUR,Euronext Paris,PRIMARY_DIRECT,Defence Contractor,True,2023-07-25,125.5491714477539,7415.4501953125,-0.024493967517318915,-0.0015967911919239075,-0.022897176325395008,0.18490842834777044,0.1244782287510302,0.060135063184433846,2026-02-28,807,ok,0.0003832064451010121,1.0896334133963035,0.3894494594783263,-0.0013567105918361872,-0.023137256925482727,-0.006134175112291303
CMP001,Airbus SE,AIR.PA,^FCHI,EUR,Euronext Paris,PRIMARY_DIRECT,Defence Contractor,True,2023-07-26,125.70018005371094,7315.06982421875,0.0012027845681152893,-0.01353665232047585,0.01473943688859114,0.1863336179200168,0.10925655792648303,0.07487450007302499,2026-02-28,807,ok,0.0003832064451010121,1.0896334133963035,0.3894494594783263,-0.01436678222881808,0.01556956679693337,0.009435391684642067
CMP001,Airbus SE,AIR.PA,^FCHI,EUR,Euronext Paris,PRIMARY_DIRECT,Defence Contractor,True,2023-07-27,123.6426239013672,7465.240234375,-0.016368760581445096,0.020528910012460155,-0.03689767059390525,0.16691480695856442,0.1320283859848872,0.037976829479119734,2026-02-28,807,ok,0.0003832064451010121,1.0896334133963035,0.3894494594783263,0.022752192735283523,-0.039120953316728616,-0.02968556163208655
CMP001,Airbus SE,AIR.PA,^FCHI,EUR,Euronext Paris,PRIMARY_DIRECT,Defence Contractor,True,2023-07-28,125.92670440673828,7476.47021484375,0.018473245174682962,0.0015043026233823031,0.01696894255130066,0.18847151028547793,0.1337312992556674,0.05494577203042039,2026-02-28,807,ok,0.0003832064451010121,1.0896334133963035,0.3894494594783263,0.002022344847398085,0.016450900327284877,-0.013234661304801672
CMP001,Airbus SE,AIR.PA,^FCHI,EUR,Euronext Paris,PRIMARY_DIRECT,Defence Contractor,True,2023-07-31,126.45523834228516,7497.77978515625,0.004197155305833533,0.0028502180440967972,0.0013469372617367359,0.1934597097907047,0.13696268066196327,0.05629270929215713,2026-02-28,807,ok,0.0003832064451010121,1.0896334133963035,0.3894494594783263,0.003488899261413941,0.0007082560444195921,-0.01252640526038208
CMP001,Airbus SE,AIR.PA,^FCHI,EUR,Euronext Paris,PRIMARY_DIRECT,Defence Contractor,True,2023-08-01,124.39768981933594,7406.080078125,-0.01627096314808174,-0.012230248107952257,-0.004040715040129483,0.17404097083397985,0.12305734498798504,0.052251994252027645,2026-02-28,807,ok,0.0003832064451010121,1.0896334133963035,0.3894494594783263,-0.012943280547450689,-0.003327682600631052,-0.01585408786101313
CMP001,Airbus SE,AIR.PA,^FCHI,EUR,Euronext Paris,PRIMARY_DIRECT,Defence Contractor,True,2023-08-02,124.35993194580078,7312.83984375,-0.0003035255203692744,-0.012589687579857456,0.012286162059488182,0.17368461943737268,0.10891840388032215,0.06453815631151583,2026-02-28,807,ok,0.0003832064451010121,1.0896334133963035,0.3894494594783263,-0.013334937806132114,0.01303141228576284,-0.002822675575250292
CMP001,Airbus SE,AIR.PA,^FCHI,EUR,Euronext Paris,PRIMARY_DIRECT,Defence Contractor,True,2023-08-03,123.0951919555664,7260.52978515625,-0.010169995837450152,-0.0071531798468768,-0.0030168159905733516,0.1617482517432154,0.10098611110185463,0.061521340320942475,2026-02-28,807,ok,0.0003832064451010121,1.0896334133963035,0.3894494594783263,-0.007411137328089004,-0.002758858509361148,-0.00558153408461144
CMP001,Airbus SE,AIR.PA,^FCHI,EUR,Euronext Paris,PRIMARY_DIRECT,Defence Contractor,True,2023-08-04,123.453857421875,7315.06982421875,0.002913724416125474,0.007511853910991961,-0.0045981294948664875,0.16513326598971068,0.10925655792648281,0.05692321082607599,2026-02-28,807,ok,0.0003832064451010121,1.0896334133963035,0.3894494594783263,0.008568373463069556,-0.005654649046944082,-0.011236183131555522
CMP001,Airbus SE,AIR.PA,^FCHI,EUR,Euronext Paris,PRIMARY_DIRECT,Defence Contractor,True,2023-08-07,123.75587463378906,7319.759765625,0.002446397530390554,0.0006411341954279948,0.001805263334962559,0.16798364513420383,0.1099677402372723,0.058728474161038546,2026-02-28,807,ok,0.0003832064451010121,1.0896334133963035,0.3894494594783263,0.001081807686910311,0.001364589843480243,-0.009871593288075279
CMP001,Airbus SE,AIR.PA,^FCHI,EUR,Euronext Paris,PRIMARY_DIRECT,Defence Contractor,True,2023-08-08,123.17069244384766,7269.47021484375,-0.004728520497899957,-0.006870382688981103,0.0021418621910811453,0.16246081052697492,0.10234183708941869,0.06087033635211969,2026-02-28,807,ok,0.0003832064451010121,1.0896334133963035,0.3894494594783263,-0.00710299209563234,0.002374471597732383,-0.0074971216903428955
CMP001,Airbus SE,AIR.PA,^FCHI,EUR,Euronext Paris,PRIMARY_DIRECT,Defence Contractor,True,2023-08-09,124.28441619873048,7322.0400390625,0.00904211653588427,0.007231589464581134,0.0018105270713031363,0.17297191664415834,0.11031352070488154,0.06268086342342283,2026-02-28,807,ok,0.0003832064451010121,1.0896334133963035,0.3894494594783263,0.0082629879576733,0.0007791285782109709,-0.006717993112131925
CMP001,Airbus SE,AIR.PA,^FCHI,EUR,Euronext Paris,PRIMARY_DIRECT,Defence Contractor,True,2023-08-10,124.62419891357422,7433.6201171875,0.0027339124665510806,0.015238933074625205,-0.012505020608074124,0.17617871918998618,0.1272335141387546,0.050175842815348703,2026-02-28,807,ok,0.0003832064451010121,1.0896334133963035,0.3894494594783263,0.0169880571077227,-0.014254144641171619,-0.020972137753303543
CMP001,Airbus SE,AIR.PA,^FCHI,EUR,Euronext Paris,PRIMARY_DIRECT,Defence Contractor,True,2023-08-11,123.39722442626952,7340.18994140625,-0.009845395180077321,-0.012568597037293738,0.0027232018572164174,0.16459877489716357,0.11306577033261211,0.05289904467256512,2026-02-28,807,ok,0.0003832064451010121,1.0896334133963035,0.3894494594783263,-0.013311956846248032,0.0034665616661707106,-0.01750557608713283
CMP001,Airbus SE,AIR.PA,^FCHI,EUR,Euronext Paris,PRIMARY_DIRECT,Defence Contractor,True,2023-08-14,123.30284118652344,7348.83984375,-0.0007648732796455837,0.0011784303148554276,-0.0019433035945010113,0.1637080044127368,0.11437744077880008,0.05095574107806411,2026-02-28,807,ok,0.0003832064451010121,1.0896334133963035,0.3894494594783263,0.0016672634915266124,-0.002432136771172196,-0.019937712858305028
CMP001,Airbus SE,AIR.PA,^FCHI,EUR,Euronext Paris,PRIMARY_DIRECT,Defence Contractor,True,2023-08-15,121.69831848144533,7267.7001953125,-0.013012860771398627,-0.011041150734358074,-0.0019717100370405527,0.14856483417275168,0.10207343148019321,0.04898403104102356,2026-02-28,807,ok,0.0003832064451010121,1.0896334133963035,0.3894494594783263,-0.01164760031740068,-0.001365260453997947,-0.021302973312302975
CMP001,Airbus SE,AIR.PA,^FCHI,EUR,Euronext Paris,PRIMARY_DIRECT,Defence Contractor,True,2023-08-16,121.45291137695312,7260.25,-0.002016520092918306,-0.0010251104355274432,-0.0009914096573908626,0.14624873010662287,0.10094368450486524,0.047992621383632694,2026-02-28,807,ok,0.0003832064451010121,1.0896334133963035,0.3894494594783263,-0.0007337881378709271,-0.0012827319550473787,-0.022585705267350355
CMP001,Airbus SE,AIR.PA,^FCHI,EUR,Euronext Paris,PRIMARY_DIRECT,Defence Contractor,True,2023-08-17,120.41468811035156,7191.740234375,-0.008548360470167937,-0.009436281894562915,0.0008879214243949773,0.1364501827731992,0.09055486954783865,0.04888054280802767,2026-02-28,807,ok,0.0003832064451010121,1.0896334133963035,0.3894494594783263,-0.009898881605441313,0.0013505211352733762,-0.02123518413207698
CMP001,Airbus SE,AIR.PA,^FCHI,EUR,Euronext Paris,PRIMARY_DIRECT,Defence Contractor,True,2023-08-18,119.58411407470705,7164.10986328125,-0.006897613976156736,-0.0038419589964724388,-0.003055654979684297,0.12861138810929695,0.08636500245563239,0.045824887828343375,2026-02-28,807,ok,0.0003832064451010121,1.0896334133963035,0.3894494594783263,-0.003803120450353888,-0.0030944935258028477,-0.024329677657879828
CMP001,Airbus SE,AIR.PA,^FCHI,EUR,Euronext Paris,PRIMARY_DIRECT,Defence Contractor,True,2023-08-21,120.9243621826172,7198.06005859375,0.0112075765103119,0.004738927230374834,0.0064686492799370665,0.1412603865919413,0.09151320714789568,0.05229353710828044,2026-02-28,807,ok,0.0003832064451010121,1.0896334133963035,0.3894494594783263,0.005546899898971033,0.005660676611340868,-0.01866900104653896
CMP001,Airbus SE,AIR.PA,^FCHI,EUR,Euronext Paris,PRIMARY_DIRECT,Defence Contractor,True,2023-08-22,121.69831848144533,7240.8798828125,0.006400333934855285,0.005948800631029316,0.00045153330382596835,0.14856483417275168,0.09800640160335394,0.05274507041210641,2026-02-28,807,ok,0.0003832064451010121,1.0896334133963035,0.3894494594783263,0.00686521838230357,-0.0004648844474482855,-0.019133885493987247
CMP001,Airbus SE,AIR.PA,^FCHI,EUR,Euronext Paris,PRIMARY_DIRECT,Defence Contractor,True,2023-08-23,122.71765899658205,7246.6201171875,0.008375962197802567,0.0007927537078229463,0.00758320848997962,0.15818516980550812,0.09887685024943837,0.06032827890208603,2026-02-28,807,ok,0.0003832064451010121,1.0896334133963035,0.3894494594783263,0.001247017373738705,0.007128944824063862,-0.012004940669923385
CMP001,Airbus SE,AIR.PA,^FCHI,EUR,Euronext Paris,PRIMARY_DIRECT,Defence Contractor,True,2023-08-24,122.05697631835938,7214.4599609375,-0.005383762073240539,-0.004437952553042357,-0.000945809520198182,0.15194977641451968,0.09400008692639483,0.05938246938188785,2026-02-28,807,ok,0.0003832064451010121,1.0896334133963035,0.3894494594783263,-0.0044525349437613704,-0.0009312271294791685,-0.012936167799402553
CMP001,Airbus SE,AIR.PA,^FCHI,EUR,Euronext Paris,PRIMARY_DIRECT,Defence Contractor,True,2023-08-25,122.58552551269533,7229.60009765625,0.004330348090529013,0.002098582125443338,0.0022317659650856747,0.1569381199292017,0.09629593595405206,0.06161423534697352,2026-02-28,807,ok,0.0003832064451010121,1.0896334133963035,0.3894494594783263,0.002669891649740306,0.0016604564407887066,-0.011275711358613846
CMP001,Airbus SE,AIR.PA,^FCHI,EUR,Euronext Paris,PRIMARY_DIRECT,Defence Contractor,True,2023-08-28,124.81298065185548,7324.7099609375,0.018170621122225894,0.013155618844268302,0.005015002277957592,0.17796040416829562,0.11071838742798401,0.06662923762493111,2026-02-28,807,ok,0.0003832064451010121,1.0896334133963035,0.3894494594783263,0.014718008311721814,0.0034526128105040795,-0.007823098548109766
CMP001,Airbus SE,AIR.PA,^FCHI,EUR,Euronext Paris,PRIMARY_DIRECT,Defence Contractor,True,2023-08-29,125.11499786376952,7373.43017578125,0.002419758027864649,0.00665148724025566,-0.004231729212391011,0.18081078331278855,0.11810631660947868,0.062397508412540104,2026-02-28,807,ok,0.0003832064451010121,1.0896334133963035,0.3894494594783263,0.007630889190862746,-0.005211131162998097,-0.013034229711107863
CMP001,Airbus SE,AIR.PA,^FCHI,EUR,Euronext Paris,PRIMARY_DIRECT,Defence Contractor,True,2023-08-30,126.32310485839844,7364.39990234375,0.009655972627233389,-0.0012247045435055393,0.010880677170738928,0.19221265991439895,0.11673696672340483,0.07327818558327903,2026-02-28,807,ok,0.0003832064451010121,1.0896334133963035,0.3894494594783263,-0.0009512725470408902,0.010607245174274279,-0.0024269845368335846
CMP001,Airbus SE,AIR.PA,^FCHI,EUR,Euronext Paris,PRIMARY_DIRECT,Defence Contractor,True,2023-08-31,127.77661895751952,7316.7001953125,0.011506320247197888,-0.006477066382023833,0.01798338662922172,0.20593064058213773,0.10950378725867749,0.09126157221250075,2026-02-28,807,ok,0.0003832064451010121,1.0896334133963035,0.3894494594783263,-0.006674421505538063,0.01818074175273595,0.015753757215902366
CMP001,Airbus SE,AIR.PA,^FCHI,EUR,Euronext Paris,PRIMARY_DIRECT,Defence Contractor,True,2023-09-01,126.34198760986328,7296.77001953125,-0.011227651501196756,-0.0027239295378015393,-0.008503721963395217,0.19239087161506663,0.10648157712026096,0.08275785024910554,2026-02-28,807,ok,0.0003832064451010121,1.0896334133963035,0.3894494594783263,-0.0025848781950246944,-0.008642773306172061,0.0071109839097303045
CMP001,Airbus SE,AIR.PA,^FCHI,EUR,Euronext Paris,PRIMARY_DIRECT,Defence Contractor,True,2023-09-04,126.64401245117188,7279.509765625,0.002390534192332261,-0.0023654649742350653,0.004755999166567326,0.1952413227642873,0.10386423370494668,0.08751384941567286,2026-02-28,807,ok,0.0003832064451010121,1.0896334133963035,0.3894494594783263,-0.0021942832290441413,0.004584817421376402,0.011695801331106707
CMP001,Airbus SE,AIR.PA,^FCHI,EUR,Euronext Paris,PRIMARY_DIRECT,Defence Contractor,True,2023-09-05,126.56851196289062,7254.72021484375,-0.0005961631096484954,-0.003405387392748649,0.0028092242831001535,0.19452876398052776,0.1001051483601818,0.09032307369877302,2026-02-28,807,ok,0.0003832064451010121,1.0896334133963035,0.3894494594783263,-0.0033274174435964365,0.002731254333947941,0.014427055665054648
CMP001,Airbus SE,AIR.PA,^FCHI,EUR,Euronext Paris,PRIMARY_DIRECT,Defence Contractor,True,2023-09-06,126.4175033569336,7194.08984375,-0.0011930977429940315,-0.008357368623216566,0.007164270880222534,0.1931035744082812,0.09091116411103739,0.09748734457899555,2026-02-28,807,ok,0.0003832064451010121,1.0896334133963035,0.3894494594783263,-0.00872326165482562,0.007530163911831589,0.021957219576886237
CMP001,Airbus SE,AIR.PA,^FCHI,EUR,Euronext Paris,PRIMARY_DIRECT,Defence Contractor,True,2023-09-07,128.75820922851562,7196.10009765625,0.01851567867918713,0.0002794313040164198,0.01823624737517071,0.2151946968230145,0.09121599884019105,0.11572359195416626,2026-02-28,807,ok,0.0003832064451010121,1.0896334133963035,0.3894494594783263,0.0006876841307062038,0.017827994548480927,0.03978521412536716
CMP001,Airbus SE,AIR.PA,^FCHI,EUR,Euronext Paris,PRIMARY_DIRECT,Defence Contractor,True,2023-09-08,127.83326721191406,7240.77001953125,-0.0071835576321196415,0.006207518137435253,-0.013391075769554894,0.2064652756841403,0.097989741944851,0.10233251618461137,2026-02-28,807,ok,0.0003832064451010121,1.0896334133963035,0.3894494594783263,0.0071471256219140505,-0.014330683254033692,0.025454530871333467
CMP001,Airbus SE,AIR.PA,^FCHI,EUR,Euronext Paris,PRIMARY_DIRECT,Defence Contractor,True,2023-09-11,126.15322875976562,7278.27001953125,-0.013142419722116383,0.005179007191064899,-0.018321426913181282,0.1906094026509404,0.10367623871409881,0.08401108927143008,2026-02-28,807,ok,0.0003832064451010121,1.0896334133963035,0.3894494594783263,0.00602642572870506,-0.019168845450821443,0.006285685420512024
CMP001,Airbus SE,AIR.PA,^FCHI,EUR,Euronext Paris,PRIMARY_DIRECT,Defence Contractor,True,2023-09-12,123.15181732177734,7252.8798828125,-0.023791792469330164,-0.0034884851277316997,-0.020303307341598464,0.1622826708310361,0.09982608056951392,0.06370778192983162,2026-02-28,807,ok,0.0003832064451010121,1.0896334133963035,0.3894494594783263,-0.0034179635122115197,-0.020373828957118645,-0.014088143536606621
CMP001,Airbus SE,AIR.PA,^FCHI,EUR,Euronext Paris,PRIMARY_DIRECT,Defence Contractor,True,2023-09-13,123.1895751953125,7222.56982421875,0.00030659615388795025,-0.0041790377179108384,0.004485633871798789,0.16263902222764348,0.09522986589567184,0.06819341580163041,2026-02-28,807,ok,0.0003832064451010121,1.0896334133963035,0.3894494594783263,-0.004170412688178074,0.004477008842066024,-0.009611134694540597
CMP001,Airbus SE,AIR.PA,^FCHI,EUR,Euronext Paris,PRIMARY_DIRECT,Defence Contractor,True,2023-09-14,123.07630920410156,7308.669921875,-0.0009194446123493849,0.011920978232365265,-0.01284042284471465,0.16157004004254905,0.10828607728645046,0.05535299295691576,2026-02-28,807,ok,0.0003832064451010121,1.0896334133963035,0.3894494594783263,0.013372702647456207,-0.014292147259805592,-0.02390328195434619
CMP001,Airbus SE,AIR.PA,^FCHI,EUR,Euronext Paris,PRIMARY_DIRECT,Defence Contractor,True,2023-09-15,123.94465637207033,7378.81982421875,0.007055355929862728,0.009598176288381888,-0.00254282035851916,0.16976533011251416,0.11892360243420508,0.0528101725983966,2026-02-28,807,ok,0.0003832064451010121,1.0896334133963035,0.3894494594783263,0.01084170003659003,-0.003786344106727303,-0.027689626061073495
CMP001,Airbus SE,AIR.PA,^FCHI,EUR,Euronext Paris,PRIMARY_DIRECT,Defence Contractor,True,2023-09-18,122.7365264892578,7276.14013671875,-0.009747333351635912,-0.01391546208554717,0.004168128733911258,0.158363237496721,0.10335326346790796,0.05697830133230786,2026-02-28,807,ok,0.0003832064451010121,1.0896334133963035,0.3894494594783263,-0.014779546006160596,0.005032212654524684,-0.02265741340654881
CMP001,Airbus SE,AIR.PA,^FCHI,EUR,Euronext Paris,PRIMARY_DIRECT,Defence Contractor,True,2023-09-19,122.01921844482422,7282.1201171875,-0.005844291548338432,0.0008218616404283008,-0.0066661531887667325,0.15159342501791295,0.10426006719099368,0.050312148143541124,2026-02-28,807,ok,0.0003832064451010121,1.0896334133963035,0.3894494594783263,0.0012787343497003868,-0.0071230258980388185,-0.029780439304587628
CMP001,Airbus SE,AIR.PA,^FCHI,EUR,Euronext Paris,PRIMARY_DIRECT,Defence Contractor,True,2023-09-20,122.35900115966795,7330.7900390625,0.0027846655565768597,0.006683482432558119,-0.003898816875981259,0.1548002275637408,0.11164036995104021,0.046413331267559865,2026-02-28,807,ok,0.0003832064451010121,1.0896334133963035,0.3894494594783263,0.007665752221463545,-0.004881086664886685,-0.03466152596947431
CMP001,Airbus SE,AIR.PA,^FCHI,EUR,Euronext Paris,PRIMARY_DIRECT,Defence Contractor,True,2023-09-21,118.47038269042967,7213.89990234375,-0.03178040383121439,-0.015945094061607934,-0.015835309769606454,0.1181002099873869,0.09391515968949027,0.03057802149795341,2026-02-28,807,ok,0.0003832064451010121,1.0896334133963035,0.3894494594783263,-0.01699110082417397,-0.014789303007040417,-0.04945082897651473
CMP001,Airbus SE,AIR.PA,^FCHI,EUR,Euronext Paris,PRIMARY_DIRECT,Defence Contractor,True,2023-09-22,116.92250061035156,7184.81982421875,-0.013065561576877993,-0.004031117497978021,-0.009034444078899972,0.1034916028446764,0.08950545914796249,0.02154357741905344,2026-02-28,807,ok,0.0003832064451010121,1.0896334133963035,0.3894494594783263,-0.004009233874022345,-0.009056327702855648,-0.058507156679370384
CMP001,Airbus SE,AIR.PA,^FCHI,EUR,Euronext Paris,PRIMARY_DIRECT,Defence Contractor,True,2023-09-25,116.05416870117188,7123.8798828125,-0.007426559512898501,-0.008481763342322424,0.001055203829423923,0.09529645678416676,0.08026453168330105,0.022598781248477362,2026-02-28,807,ok,0.0003832064451010121,1.0896334133963035,0.3894494594783263,-0.00885880629721341,0.0014322467843149098,-0.057074909895055474
CMP001,Airbus SE,AIR.PA,^FCHI,EUR,Euronext Paris,PRIMARY_DIRECT,Defence Contractor,True,2023-09-26,116.63934326171876,7074.02001953125,0.0050422536914951355,-0.006998975853248823,0.012041229544743959,0.10081921938666816,0.07270378631092855,0.03464001079322132,2026-02-28,807,ok,0.0003832064451010121,1.0896334133963035,0.3894494594783263,-0.007243111504152809,0.012285365195647945,-0.04478954469940753
CMP001,Airbus SE,AIR.PA,^FCHI,EUR,Euronext Paris,PRIMARY_DIRECT,Defence Contractor,True,2023-09-27,117.03575897216795,7071.7900390625,0.003398644911431825,-0.0003152352499135036,0.0037138801613453287,0.1045605130250431,0.07236563226476767,0.03835389095456665,2026-02-28,807,ok,0.0003832064451010121,1.0896334133963035,0.3894494594783263,3.9715583714924386e-05,0.0033589293277169006,-0.041430615371690634
CMP001,Airbus SE,AIR.PA,^FCHI,EUR,Euronext Paris,PRIMARY_DIRECT,Defence Contractor,True,2023-09-28,119.6218719482422,7116.240234375,0.022096776222805925,0.006285564908880215,0.01581121131392571,0.12896773950590523,0.07910605605242016,0.05416510226849236,2026-02-28,807,ok,0.0003832064451010121,1.0896334133963035,0.3894494594783263,0.007232167991888186,0.01486460823091774,-0.026566007140772896
CMP001,Airbus SE,AIR.PA,^FCHI,EUR,Euronext Paris,PRIMARY_DIRECT,Defence Contractor,True,2023-09-29,119.84839630126952,7135.06005859375,0.0018936700231988457,0.0026446302540266142,-0.0007509602308277685,0.13110563187136615,0.0819598925755598,0.05341414203766459,2026-02-28,807,ok,0.0003832064451010121,1.0896334133963035,0.3894494594783263,0.003264883935967165,-0.0013712139127683193,-0.027937221053541215
CMP001,Airbus SE,AIR.PA,^FCHI,EUR,Euronext Paris,PRIMARY_DIRECT,Defence Contractor,True,2023-10-02,118.50814056396484,7068.16015625,-0.01118292591863812,-0.009376221334419288,-0.0018067045842188323,0.1184565613839943,0.07181519714780693,0.05160743745344576,2026-02-28,807,ok,0.0003832064451010121,1.0896334133963035,0.3894494594783263,-0.00983343761228152,-0.001349488306356601,-0.029286709359897814
CMP001,Airbus SE,AIR.PA,^FCHI,EUR,Euronext Paris,PRIMARY_DIRECT,Defence Contractor,True,2023-10-03,117.33778381347656,6997.0498046875,-0.009875749842320536,-0.010060659349890533,0.0001849095075699969,0.10741096417426399,0.06103202956326714,0.051792346961015756,2026-02-28,807,ok,0.0003832064451010121,1.0896334133963035,0.3894494594783263,-0.010579224143337645,0.0007034743010171096,-0.028583235058880704
CMP001,Airbus SE,AIR.PA,^FCHI,EUR,Euronext Paris,PRIMARY_DIRECT,Defence Contractor,True,2023-10-04,116.60159301757812,6996.72998046875,-0.006274115395503821,-4.5708438224267844e-05,-0.006228406957279553,0.1004629399947885,0.060983531446289874,0.0455639400037362,2026-02-28,807,ok,0.0003832064451010121,1.0896334133963035,0.3894494594783263,0.00033340100353768906,-0.00660751639904151,-0.03519075145792221
CMP001,Airbus SE,AIR.PA,^FCHI,EUR,Euronext Paris,PRIMARY_DIRECT,Defence Contractor,True,2023-10-05,116.58271026611328,6998.25,-0.00016194248274115086,0.00021724713337412105,-0.0003791896161152719,0.10028472829412105,0.06121402707705381,0.04518475038762093,2026-02-28,807,ok,0.0003832064451010121,1.0896334133963035,0.3894494594783263,0.0006199261805900176,-0.0007818686633311684,-0.03597262012125338
CMP001,Airbus SE,AIR.PA,^FCHI,EUR,Euronext Paris,PRIMARY_DIRECT,Defence Contractor,True,2023-10-06,117.3000259399414,7060.14990234375,0.006152847812430862,0.00884505445557826,-0.002692206643147399,0.1070546127776566,0.07060052293557395,0.04249254374447353,2026-02-28,807,ok,0.0003832064451010121,1.0896334133963035,0.3894494594783263,0.010021073323208935,-0.003868225510778074,-0.039840845632031455
CMP001,Airbus SE,AIR.PA,^FCHI,EUR,Euronext Paris,PRIMARY_DIRECT,Defence Contractor,True,2023-10-09,116.16742706298828,7021.39990234375,-0.009655572263326029,-0.005488552018865223,-0.004167020244460806,0.09636536696453346,0.06472447627401778,0.038325523500012726,2026-02-28,807,ok,0.0003832064451010121,1.0896334133963035,0.3894494594783263,-0.0055973032258182735,-0.004058269037507755,-0.04389911466953921
CMP001,Airbus SE,AIR.PA,^FCHI,EUR,Euronext Paris,PRIMARY_DIRECT,Defence Contractor,True,2023-10-10,118.5458984375,7162.43017578125,0.02047451195783201,0.020085777109835945,0.00038873484799606395,0.11881291278060169,0.08611029478784449,0.03871425834800879,2026-02-28,807,ok,0.0003832064451010121,1.0896334133963035,0.3894494594783263,0.022269340318008892,-0.0017948283601768832,-0.04569394302971609
CMP001,Airbus SE,AIR.PA,^FCHI,EUR,Euronext Paris,PRIMARY_DIRECT,Defence Contractor,True,2023-10-11,119.2254638671875,7131.2099609375,0.005732508999843455,-0.004358885752117625,0.01009139475196108,0.12522651787225758,0.08137606409866538,0.04880565309996987,2026-02-28,807,ok,0.0003832064451010121,1.0896334133963035,0.3894494594783263,-0.004366381115583429,0.010098890115426884,-0.03559505291428921
CMP001,Airbus SE,AIR.PA,^FCHI,EUR,Euronext Paris,PRIMARY_DIRECT,Defence Contractor,True,2023-10-12,118.69691467285156,7104.52978515625,-0.004433190504712359,-0.0037413252347632264,-0.0006918652699491323,0.12023817435757578,0.07733028454178403,0.04811378783002074,2026-02-28,807,ok,0.0003832064451010121,1.0896334133963035,0.3894494594783263,-0.003693466541079769,-0.0007397239636325898,-0.0363347768779218
CMP001,Airbus SE,AIR.PA,^FCHI,EUR,Euronext Paris,PRIMARY_DIRECT,Defence Contractor,True,2023-10-13,115.11033630371094,7003.52978515625,-0.030216272925255305,-0.014216282154383086,-0.01599999077087222,0.08638875193989759,0.06201465324327615,0.03211379705914852,2026-02-28,807,ok,0.0003832064451010121,1.0896334133963035,0.3894494594783263,-0.015107329604584385,-0.01510894332067092,-0.05144372019859272
CMP001,Airbus SE,AIR.PA,^FCHI,EUR,Euronext Paris,PRIMARY_DIRECT,Defence Contractor,True,2023-10-16,116.0353012084961,7022.18994140625,0.008035463490825956,0.00266439307355415,0.005371070417271806,0.09511838909295456,0.0648442777293905,0.037484867476420325,2026-02-28,807,ok,0.0003832064451010121,1.0896334133963035,0.3894494594783263,0.003286418164467289,0.004749045326358667,-0.04669467487223405
CMP001,Airbus SE,AIR.PA,^FCHI,EUR,Euronext Paris,PRIMARY_DIRECT,Defence Contractor,True,2023-10-17,120.15042877197266,7029.7001953125,0.035464445049204096,0.0010695030993059795,0.03439494194989812,0.13395615502531455,0.0659831319847004,0.07187980942631844,2026-02-28,807,ok,0.0003832064451010121,1.0896334133963035,0.3894494594783263,0.0015485727578357124,0.03391587229136839,-0.01277880258086566
CMP001,Airbus SE,AIR.PA,^FCHI,EUR,Euronext Paris,PRIMARY_DIRECT,Defence Contractor,True,2023-10-18,117.71531677246094,6965.990234375,-0.02026719358724216,-0.009062969851827085,-0.011204223735415075,0.1109740461119717,0.05632215899696691,0.060675585690903366,2026-02-28,807,ok,0.0003832064451010121,1.0896334133963035,0.3894494594783263,-0.009492108330053126,-0.010775085257189034,-0.023553887838054694
CMP001,Airbus SE,AIR.PA,^FCHI,EUR,Euronext Paris,PRIMARY_DIRECT,Defence Contractor,True,2023-10-19,116.94137573242188,6921.3701171875,-0.0065746842574025965,-0.0064054234482433525,-0.00016926080915924402,0.10366974254061656,0.04955596827082864,0.06050632488174412,2026-02-28,807,ok,0.0003832064451010121,1.0896334133963035,0.3894494594783263,-0.006596356971057113,2.167271365451605e-05,-0.02353221512440018
CMP001,Airbus SE,AIR.PA,^FCHI,EUR,Euronext Paris,PRIMARY_DIRECT,Defence Contractor,True,2023-10-20,114.44965362548828,6816.22021484375,-0.02130744649896199,-0.015192064658215099,-0.006115381840746892,0.08015335854890915,0.03361104613844268,0.05439094304099723,2026-02-28,807,ok,0.0003832064451010121,1.0896334133963035,0.3894494594783263,-0.01617057482496725,-0.00513687167399474,-0.02866908679839492
CMP001,Airbus SE,AIR.PA,^FCHI,EUR,Euronext Paris,PRIMARY_DIRECT,Defence Contractor,True,2023-10-23,115.62001037597656,6850.47021484375,0.010225952752273226,0.005024778971403077,0.00520117378087015,0.09119895575863946,0.038804713187688966,0.05959211682186738,2026-02-28,807,ok,0.0003832064451010121,1.0896334133963035,0.3894494594783263,0.005858373507272913,0.004367579245000313,-0.024301507553394608
CMP001,Airbus SE,AIR.PA,^FCHI,EUR,Euronext Paris,PRIMARY_DIRECT,Defence Contractor,True,2023-10-24,118.130615234375,6893.64990234375,0.021714276363013374,0.006303171336536462,0.015411105026476912,0.1148935514510141,0.0453524772801126,0.07500322184834429,2026-02-28,807,ok,0.0003832064451010121,1.0896334133963035,0.3894494594783263,0.0072513525437529775,0.014462923819260396,-0.009838583734134211
CMP001,Airbus SE,AIR.PA,^FCHI,EUR,Euronext Paris,PRIMARY_DIRECT,Defence Contractor,True,2023-10-25,118.01734924316406,6915.06982421875,-0.0009588199552352794,0.003107196068619311,-0.004066016023854591,0.11382456926591966,0.04860059238783876,0.0709372058244897,2026-02-28,807,ok,0.0003832064451010121,1.0896334133963035,0.3894494594783263,0.003768911103442247,-0.004727731058677527,-0.014566314792811738
CMP001,Airbus SE,AIR.PA,^FCHI,EUR,Euronext Paris,PRIMARY_DIRECT,Defence Contractor,True,2023-10-26,119.3387222290039,6888.9599609375,0.011196429968252097,-0.0037757917049232592,0.014972221673175357,0.12629542805262406,0.04464129496932312,0.08590942749766506,2026-02-28,807,ok,0.0003832064451010121,1.0896334133963035,0.3894494594783263,-0.0037310223586079667,0.014927452326860064,0.0003611375340483256
CMP001,Airbus SE,AIR.PA,^FCHI,EUR,Euronext Paris,PRIMARY_DIRECT,Defence Contractor,True,2023-10-27,117.94184112548828,6795.3798828125,-0.011705178984865339,-0.013584064743535684,0.0018788857586703456,0.11311193847743262,0.030450819984688904,0.0877883132563354,2026-02-28,807,ok,0.0003832064451010121,1.0896334133963035,0.3894494594783263,-0.014418444389194157,0.002713265404328818,0.0030744029383771437
CMP001,Airbus SE,AIR.PA,^FCHI,EUR,Euronext Paris,PRIMARY_DIRECT,Defence Contractor,True,2023-10-30,119.11219787597656,6825.06982421875,0.009923168396557713,0.0043691363718081355,0.005554032024749578,0.12415753568716292,0.0349530001416436,0.09334234528108498,2026-02-28,807,ok,0.0003832064451010121,1.0896334133963035,0.3894494594783263,0.0051439634235082516,0.004779204973049462,0.007853607911426606
CMP001,Airbus SE,AIR.PA,^FCHI,EUR,Euronext Paris,PRIMARY_DIRECT,Defence Contractor,True,2023-10-31,119.18770599365234,6885.64990234375,0.0006339243085280444,0.008876111114648477,-0.008242186806120433,0.12487016647564997,0.044139357969339654,0.08510015847496455,2026-02-28,807,ok,0.0003832064451010121,1.0896334133963035,0.3894494594783263,0.0100549136966403,-0.009420989388112255,-0.001567381476685649
CMP001,Airbus SE,AIR.PA,^FCHI,EUR,Euronext Paris,PRIMARY_DIRECT,Defence Contractor,True,2023-11-01,120.75447845458984,6932.6298828125,0.013145420057173896,0.0068228825361509315,0.006322537521022964,0.13965705732375544,0.051263398160136475,0.09142269599598751,2026-02-28,807,ok,0.0003832064451010121,1.0896334133963035,0.3894494594783263,0.00781764723216918,0.005327772825004715,0.0037603913483190664
CMP001,Airbus SE,AIR.PA,^FCHI,EUR,Euronext Paris,PRIMARY_DIRECT,Defence Contractor,True,2023-11-02,121.8115692138672,7060.68994140625,0.008754050142122827,0.018472074920837578,-0.009718024778714751,0.14963367234839176,0.0706824144124849,0.08170467121727276,2026-02-28,807,ok,0.0003832064451010121,1.0896334133963035,0.3894494594783263,0.020510996493605514,-0.011756946351482687,-0.007996555003163621
CMP001,Airbus SE,AIR.PA,^FCHI,EUR,Euronext Paris,PRIMARY_DIRECT,Defence Contractor,True,2023-11-03,121.8115692138672,7047.5,0.0,-0.0018680810962821148,0.0018680810962821148,0.14963367234839176,0.06868229283399918,0.08357275231355488,2026-02-28,807,ok,0.0003832064451010121,1.0896334133963035,0.3894494594783263,-0.0016523171363419771,0.0016523171363419771,-0.006344237866821644
CMP001,Airbus SE,AIR.PA,^FCHI,EUR,Euronext Paris,PRIMARY_DIRECT,Defence Contractor,True,2023-11-06,121.20751953125,7013.72998046875,-0.004958885978692651,-0.004791772902625002,-0.0001671130760676487,0.14393277004995042,0.06356140998168214,0.08340563923748723,2026-02-28,807,ok,0.0003832064451010121,1.0896334133963035,0.3894494594783263,-0.004838069419006182,-0.0001208165596864692,-0.006465054426508113
CMP001,Airbus SE,AIR.PA,^FCHI,EUR,Euronext Paris,PRIMARY_DIRECT,Defence Contractor,True,2023-11-07,121.94371032714844,6986.22998046875,0.006073804651275161,-0.003920880911666091,0.009994685562941252,0.1508807942294259,0.05939131235090023,0.09340032480042848,2026-02-28,807,ok,0.0003832064451010121,1.0896334133963035,0.3894494594783263,-0.0038891164061981218,0.009962921057473283,0.0034978666309651695
CMP001,Airbus SE,AIR.PA,^FCHI,EUR,Euronext Paris,PRIMARY_DIRECT,Defence Contractor,True,2023-11-08,123.05744171142578,7034.16015625,0.009133159728283102,0.0068606638938666364,0.002272495834416466,0.16139197235133662,0.06665944007702196,0.09567282063484495,2026-02-28,807,ok,0.0003832064451010121,1.0896334133963035,0.3894494594783263,0.007858815061939691,0.0012743446663434112,0.004772211297308581
CMP001,Airbus SE,AIR.PA,^FCHI,EUR,Euronext Paris,PRIMARY_DIRECT,Defence Contractor,True,2023-11-09,120.67896270751952,7113.66015625,-0.01932820129223789,0.011301988899039106,-0.030630190191276996,0.13894435453054088,0.0787148132278277,0.06504263044356795,2026-02-28,807,ok,0.0003832064451010121,1.0896334133963035,0.3894494594783263,0.012698231187328123,-0.03202643247956601,-0.027254221182257433
CMP001,Airbus SE,AIR.PA,^FCHI,EUR,Euronext Paris,PRIMARY_DIRECT,Defence Contractor,True,2023-11-10,121.26414489746094,7045.0400390625,0.00484908203395551,-0.009646246191169383,0.014495328225124893,0.14446718913777,0.06830926456937081,0.07953795866869284,2026-02-28,807,ok,0.0003832064451010121,1.0896334133963035,0.3894494594783263,-0.010127665718643973,0.014976747752599483,-0.01227747342965795
CMP001,Airbus SE,AIR.PA,^FCHI,EUR,Euronext Paris,PRIMARY_DIRECT,Defence Contractor,True,2023-11-13,122.92530059814452,7087.06005859375,0.013698655130815585,0.005964482713832986,0.007734172416982599,0.16014485047030225,0.07468117671092256,0.08727213108567544,2026-02-28,807,ok,0.0003832064451010121,1.0896334133963035,0.3894494594783263,0.006882306103718096,0.0068163490270974885,-0.005461124402560462
CMP001,Airbus SE,AIR.PA,^FCHI,EUR,Euronext Paris,PRIMARY_DIRECT,Defence Contractor,True,2023-11-14,124.24667358398438,7185.68017578125,0.010749398044260783,0.013915518758432555,-0.0031661207141717718,0.17261570925700687,0.08963592278477783,0.08410601037150367,2026-02-28,807,ok,0.0003832064451010121,1.0896334133963035,0.3894494594783263,0.015546020649032167,-0.004796622604771384,-0.010257747007331846
CMP001,Airbus SE,AIR.PA,^FCHI,EUR,Euronext Paris,PRIMARY_DIRECT,Defence Contractor,True,2023-11-15,123.83138275146484,7209.60986328125,-0.0033424704303155472,0.0033301910069214458,-0.006672661437236993,0.16869627592269176,0.09326461853565426,0.07743334893426668,2026-02-28,807,ok,0.0003832064451010121,1.0896334133963035,0.3894494594783263,0.0040118938392345,-0.007354364269550048,-0.017612111276881892
CMP001,Airbus SE,AIR.PA,^FCHI,EUR,Euronext Paris,PRIMARY_DIRECT,Defence Contractor,True,2023-11-16,124.07678985595705,7168.39990234375,0.0019817844155447517,-0.0057159765533754125,0.007697760968920164,0.17101237998882057,0.0870155436094695,0.08513110990318684,2026-02-28,807,ok,0.0003832064451010121,1.0896334133963035,0.3894494594783263,-0.0058451125976466765,0.007826897013191428,-0.009785214263690464
CMP001,Airbus SE,AIR.PA,^FCHI,EUR,Euronext Paris,PRIMARY_DIRECT,Defence Contractor,True,2023-11-17,124.83184051513672,7233.91015625,0.006085349726215661,0.009138755482214433,-0.0030534057559987726,0.17813839985478075,0.09694951286788278,0.08207770414718807,2026-02-28,807,ok,0.0003832064451010121,1.0896334133963035,0.3894494594783263,0.010341099775380507,-0.004255750049164847,-0.01404096431285531
CMP001,Airbus SE,AIR.PA,^FCHI,EUR,Euronext Paris,PRIMARY_DIRECT,Defence Contractor,True,2023-11-20,125.56804656982422,7246.93017578125,0.005897582312729188,0.0017998591702166333,0.004097723142512555,0.18508656804371126,0.09892386750788273,0.08617542728970062,2026-02-28,807,ok,0.0003832064451010121,1.0896334133963035,0.3894494594783263,0.0023443931363768006,0.0035531891763523876,-0.010487775136502923
CMP001,Airbus SE,AIR.PA,^FCHI,EUR,Euronext Paris,PRIMARY_DIRECT,Defence Contractor,True,2023-11-21,126.24759674072266,7229.4501953125,0.005411808094988313,-0.0024120531100420006,0.007823861205030314,0.19150002912591213,0.096273204775561,0.09399928849473094,2026-02-28,807,ok,0.0003832064451010121,1.0896334133963035,0.3894494594783263,-0.0022450472184872227,0.007656855313475536,-0.002830919823027387
CMP001,Airbus SE,AIR.PA,^FCHI,EUR,Euronext Paris,PRIMARY_DIRECT,Defence Contractor,True,2023-11-22,126.47412109375,7260.72998046875,0.0017942864567359607,0.004326717013215076,-0.002532430556479115,0.19363792149137327,0.10101646870179515,0.09146685793825182,2026-02-28,807,ok,0.0003832064451010121,1.0896334133963035,0.3894494594783263,0.005097741873010414,-0.0033034554162744536,-0.006134375239301841
CMP001,Airbus SE,AIR.PA,^FCHI,EUR,Euronext Paris,PRIMARY_DIRECT,Defence Contractor,True,2023-11-23,127.02156066894533,7277.93017578125,0.004328471077411411,0.0023689347157611618,0.0019595363616502492,0.19880454871145026,0.10362470483712749,0.09342639429990207,2026-02-28,807,ok,0.0003832064451010121,1.0896334133963035,0.3894494594783263,0.002964476865548849,0.001363994211862562,-0.004770381027439279
CMP001,Airbus SE,AIR.PA,^FCHI,EUR,Euronext Paris,PRIMARY_DIRECT,Defence Contractor,True,2023-11-24,127.09706115722656,7292.7998046875,0.0005943911244958855,0.002043112333741659,-0.0014487212092457735,0.19951710749520957,0.10587953408340223,0.0919776730906563,2026-02-28,807,ok,0.0003832064451010121,1.0896334133963035,0.3894494594783263,0.0026094499112680235,-0.002015058786772138,-0.006785439814211417
CMP001,Airbus SE,AIR.PA,^FCHI,EUR,Euronext Paris,PRIMARY_DIRECT,Defence Contractor,True,2023-11-27,126.09659576416016,7265.490234375,-0.00787166425373731,-0.003744730562183607,-0.0041269336915537025,0.19007491155839307,0.10173831319402682,0.0878507393991026,2026-02-28,807,ok,0.0003832064451010121,1.0896334133963035,0.3894494594783263,-0.00369717709962057,-0.0041744871541167395,-0.010959926968328156
CMP001,Airbus SE,AIR.PA,^FCHI,EUR,Euronext Paris,PRIMARY_DIRECT,Defence Contractor,True,2023-11-28,127.00267791748048,7250.1298828125,0.007185619467594329,-0.0021141521173376754,0.009299771584932004,0.19862633701078258,0.09940907080643568,0.0971505109840346,2026-02-28,807,ok,0.0003832064451010121,1.0896334133963035,0.3894494594783263,-0.0019204443429526614,0.00910606381054699,-0.0018538631577811656
CMP001,Airbus SE,AIR.PA,^FCHI,EUR,Euronext Paris,PRIMARY_DIRECT,Defence Contractor,True,2023-11-29,127.9465103149414,7267.64013671875,0.007431594458773283,0.002415164167991035,0.005016430290782248,0.20753404185505153,0.10206432420021172,0.10216694127481685,2026-02-28,807,ok,0.0003832064451010121,1.0896334133963035,0.3894494594783263,0.003014850021381527,0.004416744437391756,0.0025628812796105903
CMP001,Airbus SE,AIR.PA,^FCHI,EUR,Euronext Paris,PRIMARY_DIRECT,Defence Contractor,True,2023-11-30,128.55056762695312,7310.77001953125,0.0047211706714378465,0.005934509964877321,-0.0012133392934394749,0.21323501615822038,0.10860453591411368,0.10095360198137737,2026-02-28,807,ok,0.0003832064451010121,1.0896334133963035,0.3894494594783263,0.006849646794964665,-0.002128476123526819,0.00043440515608377146
CMP001,Airbus SE,AIR.PA,^FCHI,EUR,Euronext Paris,PRIMARY_DIRECT,Defence Contractor,True,2023-12-01,130.32498168945312,7346.14990234375,0.013803237863945217,0.004839419475374029,0.008963818388571188,0.22998158767111976,0.11396953829570444,0.10991742036994856,2026-02-28,807,ok,0.0003832064451010121,1.0896334133963035,0.3894494594783263,0.005656399606909364,0.008146838257035853,0.008581243413119624
CMP001,Airbus SE,AIR.PA,^FCHI,EUR,Euronext Paris,PRIMARY_DIRECT,Defence Contractor,True,2023-12-04,129.3245086669922,7332.58984375,-0.0076767555190986325,-0.0018458728414217918,-0.005830882677676841,0.22053931972957574,0.11191329217879331,0.10408653769227172,2026-02-28,807,ok,0.0003832064451010121,1.0896334133963035,0.3894494594783263,-0.0016281182797929484,-0.006048637239305684,0.0025326061738139404
CMP001,Airbus SE,AIR.PA,^FCHI,EUR,Euronext Paris,PRIMARY_DIRECT,Defence Contractor,True,2023-12-05,128.8903350830078,7386.990234375,-0.003357241318444615,0.007418987258829057,-0.010776228577273672,0.2164416746945934,0.12016256272639048,0.09331030911499805,2026-02-28,807,ok,0.0003832064451010121,1.0896334133963035,0.3894494594783263,0.008467182855882603,-0.011824424174327218,-0.009291818000513277
CMP001,Airbus SE,AIR.PA,^FCHI,EUR,Euronext Paris,PRIMARY_DIRECT,Defence Contractor,True,2023-12-06,130.53262329101562,7435.990234375,0.01274174830060093,0.006633283440931281,0.006108464859669649,0.23194126833591344,0.12759291850487453,0.0994187739746677,2026-02-28,807,ok,0.0003832064451010121,1.0896334133963035,0.3894494594783263,0.007611053722868142,0.005130694577732789,-0.004161123422780489
CMP001,Airbus SE,AIR.PA,^FCHI,EUR,Euronext Paris,PRIMARY_DIRECT,Defence Contractor,True,2023-12-07,130.58926391601562,7428.52001953125,0.0004339193036342337,-0.0010046025624423915,0.0014385218660766252,0.23247583143318806,0.12646013576955273,0.10085729584074432,2026-02-28,807,ok,0.0003832064451010121,1.0896334133963035,0.3894494594783263,-0.000711442074119764,0.0011453613777539977,-0.003015762045026491
CMP001,Airbus SE,AIR.PA,^FCHI,EUR,Euronext Paris,PRIMARY_DIRECT,Defence Contractor,True,2023-12-08,133.85494995117188,7526.5498046875,0.02500730869619172,0.013196408557627493,0.011810900138564229,0.2632967350104334,0.14132536394504824,0.11266819597930855,2026-02-28,807,ok,0.0003832064451010121,1.0896334133963035,0.3894494594783263,0.014762454146320847,0.010244854549870874,0.007229092504844383
CMP001,Airbus SE,AIR.PA,^FCHI,EUR,Euronext Paris,PRIMARY_DIRECT,Defence Contractor,True,2023-12-11,134.30796813964844,7551.52978515625,0.003384396233697906,0.0033189151891603874,6.548104453751868e-05,0.2675722317224456,0.1451133260312194,0.11273367702384607,2026-02-28,807,ok,0.0003832064451010121,1.0896334133963035,0.3894494594783263,0.003999607331438683,-0.0006152110977407773,0.0066138814071036054
CMP001,Airbus SE,AIR.PA,^FCHI,EUR,Euronext Paris,PRIMARY_DIRECT,Defence Contractor,True,2023-12-12,134.6666259765625,7543.5498046875,0.0026704136908775045,-0.001056736938843339,0.0037271506297208434,0.27095717396421337,0.1439032424804405,0.11646082765356691,2026-02-28,807,ok,0.0003832064451010121,1.0896334133963035,0.3894494594783263,-0.0007682494326328162,0.0034386631235103207,0.010052544530613926
CMP001,Airbus SE,AIR.PA,^FCHI,EUR,Euronext Paris,PRIMARY_DIRECT,Defence Contractor,True,2023-12-13,134.30796813964844,7531.22021484375,-0.0026633015738917187,-0.0016344546218928224,-0.0010288469519988963,0.2675722317224456,0.14203358453877013,0.11543198070156802,2026-02-28,807,ok,0.0003832064451010121,1.0896334133963035,0.3894494594783263,-0.0013977499235934285,-0.0012655516502982902,0.008786992880315637
CMP001,Airbus SE,AIR.PA,^FCHI,EUR,Euronext Paris,PRIMARY_DIRECT,Defence Contractor,True,2023-12-14,132.1937713623047,7575.85009765625,-0.015741409885268176,0.005925982980093503,-0.02166739286536168,0.24761885766371838,0.14880125612344197,0.09376458783620634,2026-02-28,807,ok,0.0003832064451010121,1.0896334133963035,0.3894494594783263,0.006840355507428694,-0.02258176539269687,-0.013794772512381235
CMP001,Airbus SE,AIR.PA,^FCHI,EUR,Euronext Paris,PRIMARY_DIRECT,Defence Contractor,True,2023-12-15,131.68409729003906,7596.91015625,-0.003855507464635033,0.0027798937838363624,-0.006635401248471395,0.24280865384497652,0.15199480159420298,0.08712918658773494,2026-02-28,807,ok,0.0003832064451010121,1.0896334133963035,0.3894494594783263,0.0034122715976617935,-0.007267779062296826,-0.02106255157467806
CMP001,Airbus SE,AIR.PA,^FCHI,EUR,Euronext Paris,PRIMARY_DIRECT,Defence Contractor,True,2023-12-18,131.3632049560547,7568.85986328125,-0.0024368343679160853,-0.0036923291695997174,0.001255494801683632,0.23978013500454365,0.1477412575850494,0.08838468138941857,2026-02-28,807,ok,0.0003832064451010121,1.0896334133963035,0.3894494594783263,-0.0036400787913526663,0.001203244423436581,-0.01985930715124148
CMP001,Airbus SE,AIR.PA,^FCHI,EUR,Euronext Paris,PRIMARY_DIRECT,Defence Contractor,True,2023-12-19,132.02391052246094,7574.669921875,0.005029609064633345,0.0007676266569469625,0.004261982407686382,0.24601574440971485,0.14862229436964958,0.09264666379710496,2026-02-28,807,ok,0.0003832064451010121,1.0896334133963035,0.3894494594783263,0.001219638099524124,0.0038099709651092206,-0.01604933618613226
CMP001,Airbus SE,AIR.PA,^FCHI,EUR,Euronext Paris,PRIMARY_DIRECT,Defence Contractor,True,2023-12-20,130.13621520996094,7583.43017578125,-0.01429813209614672,0.0011565195574991805,-0.015454651653645901,0.22820004670226623,0.1499506985172676,0.07719201214345905,2026-02-28,807,ok,0.0003832064451010121,1.0896334133963035,0.3894494594783263,0.0016433887981984266,-0.015941520894345147,-0.03199085708047741
CMP001,Airbus SE,AIR.PA,^FCHI,EUR,Euronext Paris,PRIMARY_DIRECT,Defence Contractor,True,2023-12-21,130.74026489257812,7571.39990234375,0.0046416724325555325,-0.0015863894251865185,0.006228061857742051,0.23390094900070757,0.148126428889654,0.0834200740012011,2026-02-28,807,ok,0.0003832064451010121,1.0896334133963035,0.3894494594783263,-0.001345376479240774,0.005987048911796307,-0.0260038081686811
CMP001,Airbus SE,AIR.PA,^FCHI,EUR,Euronext Paris,PRIMARY_DIRECT,Defence Contractor,True,2023-12-22,131.6085968017578,7568.81982421875,0.0066416563397140305,-0.0003407663256832505,0.006982422665397281,0.2420960950612172,0.14773518606506153,0.09040249666659839,2026-02-28,807,ok,0.0003832064451010121,1.0896334133963035,0.3894494594783263,1.1896070476255429e-05,0.006629760269237775,-0.019374047899443324
CMP001,Airbus SE,AIR.PA,^FCHI,EUR,Euronext Paris,PRIMARY_DIRECT,Defence Contractor,True,2023-12-27,131.5897216796875,7571.81982421875,-0.00014341861040234605,0.00039636298256184865,-0.0005397815929641947,0.24191795536527727,0.14819010580660152,0.08986271507363419,2026-02-28,807,ok,0.0003832064451010121,1.0896334133963035,0.3894494594783263,0.0008150967947338189,-0.0009585154051361649,-0.020332563304579488
CMP001,Airbus SE,AIR.PA,^FCHI,EUR,Euronext Paris,PRIMARY_DIRECT,Defence Contractor,True,2023-12-28,131.83511352539062,7535.16015625,0.001864825326558961,-0.004841592750463031,0.006706418077021992,0.24423391542195083,0.142631036914175,0.09656913315065618,2026-02-28,807,ok,0.0003832064451010121,1.0896334133963035,0.3894494594783263,-0.004892354789860817,0.006757180116419778,-0.01357538318815971
CMP001,Airbus SE,AIR.PA,^FCHI,EUR,Euronext Paris,PRIMARY_DIRECT,Defence Contractor,True,2023-12-29,131.92950439453125,7543.18017578125,0.0007159766970765702,0.0010643462600590237,-0.0003483695629824535,0.24512475791110533,0.143847191984942,0.09622076358767373,2026-02-28,807,ok,0.0003832064451010121,1.0896334133963035,0.3894494594783263,0.0015429536934847157,-0.0008269769964081455,-0.014402360184567855
CMP001,Airbus SE,AIR.PA,^FCHI,EUR,Euronext Paris,PRIMARY_DIRECT,Defence Contractor,True,2024-01-02,133.34527587890625,7530.85986328125,0.010731272666204994,-0.0016333048147990636,0.012364577481004058,0.25848653119169196,0.14197894085887852,0.10858534106867779,2026-02-28,807,ok,0.0003832064451010121,1.0896334133963035,0.3894494594783263,-0.001396497055365109,0.012127769721570102,-0.002274590462997753
CMP001,Airbus SE,AIR.PA,^FCHI,EUR,Euronext Paris,PRIMARY_DIRECT,Defence Contractor,True,2024-01-03,129.4566650390625,7411.85986328125,-0.029161969287723966,-0.015801648438608873,-0.013360320849115093,0.2217865856200656,0.12393379111113156,0.0952250202195627,2026-02-28,807,ok,0.0003832064451010121,1.0896334133963035,0.3894494594783263,-0.016834797680348745,-0.012327171607375221,-0.014601762070372974
CMP001,Airbus SE,AIR.PA,^FCHI,EUR,Euronext Paris,PRIMARY_DIRECT,Defence Contractor,True,2024-01-04,131.55197143554688,7450.6298828125,0.01618538833710992,0.005230808494278039,0.01095457984283188,0.24156167597339784,0.12981287353268178,0.10617960006239457,2026-02-28,807,ok,0.0003832064451010121,1.0896334133963035,0.3894494594783263,0.00608287015954357,0.010102518177566348,-0.0044992438928066255
CMP001,Airbus SE,AIR.PA,^FCHI,EUR,Euronext Paris,PRIMARY_DIRECT,Defence Contractor,True,2024-01-05,131.85398864746094,7420.68994140625,0.002295801489087035,-0.0040184443298300065,0.006314245818917041,0.244412055117891,0.12527278339726533,0.11249384588131162,2026-02-28,807,ok,0.0003832064451010121,1.0896334133963035,0.3894494594783263,-0.003995424766554679,0.006291226255641714,0.0017919823628350885
CMP001,Airbus SE,AIR.PA,^FCHI,EUR,Euronext Paris,PRIMARY_DIRECT,Defence Contractor,True,2024-01-08,135.1574249267578,7450.240234375,0.02505374553461026,0.003982148991815926,0.021071596542794335,0.27558923808701596,0.12975378727718856,0.13356544242410595,2026-02-28,807,ok,0.0003832064451010121,1.0896334133963035,0.3894494594783263,0.004722289043706048,0.020331456490904214,0.022123438853739304
CMP001,Airbus SE,AIR.PA,^FCHI,EUR,Euronext Paris,PRIMARY_DIRECT,Defence Contractor,True,2024-01-09,135.08192443847656,7426.6201171875,-0.0005586114734145164,-0.0031703832956309075,0.002611771822216391,0.27487667930325643,0.12617203474182914,0.13617721424632234,2026-02-28,807,ok,0.0003832064451010121,1.0896334133963035,0.3894494594783263,-0.0030713491270919157,0.0025127376536773992,0.0246361765074167
CMP001,Airbus SE,AIR.PA,^FCHI,EUR,Euronext Paris,PRIMARY_DIRECT,Defence Contractor,True,2024-01-10,135.9502410888672,7426.080078125,0.006428074326007227,-7.271666706776259e-05,0.00650079099307499,0.28307168135431104,0.12609014326491774,0.14267800523939733,2026-02-28,807,ok,0.0003832064451010121,1.0896334133963035,0.3894494594783263,0.0003039719349531634,0.0061241023910540635,0.030760278898470765
CMP001,Airbus SE,AIR.PA,^FCHI,EUR,Euronext Paris,PRIMARY_DIRECT,Defence Contractor,True,2024-01-11,135.7992401123047,7387.6201171875,-0.0011107076776994962,-0.005179039349547443,0.004068331671847947,0.281646563786792,0.12025807810181122,0.14674633691124528,2026-02-28,807,ok,0.0003832064451010121,1.0896334133963035,0.3894494594783263,-0.00526004787946014,0.004149340201760643,0.03490961910023141
CMP001,Airbus SE,AIR.PA,^FCHI,EUR,Euronext Paris,PRIMARY_DIRECT,Defence Contractor,True,2024-01-12,140.82044982910156,7465.14013671875,0.03697524163349053,0.010493233044143402,0.026482008589347128,0.3290357551715415,0.13201320718491782,0.1732283455005924,2026-02-28,807,ok,0.0003832064451010121,1.0896334133963035,0.3894494594783263,0.011816983784553871,0.02515825784893666,0.06006787694916807
CMP001,Airbus SE,AIR.PA,^FCHI,EUR,Euronext Paris,PRIMARY_DIRECT,Defence Contractor,True,2024-01-15,139.70672607421875,7411.68017578125,-0.007908821170749092,-0.007161280291919314,-0.0007475408788297777,0.3185246490543583,0.123906543314112,0.17248080462176263,2026-02-28,807,ok,0.0003832064451010121,1.0896334133963035,0.3894494594783263,-0.007419963843670707,-0.0004888573270783849,0.05957901962208968
CMP001,Airbus SE,AIR.PA,^FCHI,EUR,Euronext Paris,PRIMARY_DIRECT,Defence Contractor,True,2024-01-16,139.366943359375,7398.0,-0.0024321142180602218,-0.0018457590528463408,-0.000586355165213881,0.31531784650853023,0.12183208263723677,0.17189444945654875,2026-02-28,807,ok,0.0003832064451010121,1.0896334133963035,0.3894494594783263,-0.0016279942919590743,-0.0008041199261011474,0.058774899695988536
CMP001,Airbus SE,AIR.PA,^FCHI,EUR,Euronext Paris,PRIMARY_DIRECT,Defence Contractor,True,2024-01-17,138.78176879882812,7318.68994140625,-0.004198804583364746,-0.010720472910752954,0.006521668327388208,0.30979508390602883,0.10980551218491064,0.17841611778393696,2026-02-28,807,ok,0.0003832064451010121,1.0896334133963035,0.3894494594783263,-0.011298179045865334,0.0070993744625005885,0.06587427415848912
CMP001,Airbus SE,AIR.PA,^FCHI,EUR,Euronext Paris,PRIMARY_DIRECT,Defence Contractor,True,2024-01-18,141.61325073242188,7401.35009765625,0.020402405576038785,0.01129439242703012,0.009108013149008665,0.3365180544293813,0.12234009115720812,0.18752413093294562,2026-02-28,807,ok,0.0003832064451010121,1.0896334133963035,0.3894494594783263,0.012689953817603202,0.007712451758435582,0.07358672591692471
CMP001,Airbus SE,AIR.PA,^FCHI,EUR,Euronext Paris,PRIMARY_DIRECT,Defence Contractor,True,2024-01-19,140.48065185546875,7371.64013671875,-0.007997831213501172,-0.004014127226181108,-0.003983703987320064,0.3258288086162582,0.11783487524025937,0.18354042694562556,2026-02-28,807,ok,0.0003832064451010121,1.0896334133963035,0.3894494594783263,-0.003990720706169744,-0.004007110507331428,0.06957961540959329
CMP001,Airbus SE,AIR.PA,^FCHI,EUR,Euronext Paris,PRIMARY_DIRECT,Defence Contractor,True,2024-01-22,141.61325073242188,7413.25,0.00806231222587428,0.005644586891048631,0.002417725334825649,0.3365180544293813,0.12414459132339761,0.1859581522804512,2026-02-28,807,ok,0.0003832064451010121,1.0896334133963035,0.3894494594783263,0.0065337369264063605,0.0015285752994679191,0.0711081907090612
CMP001,Airbus SE,AIR.PA,^FCHI,EUR,Euronext Paris,PRIMARY_DIRECT,Defence Contractor,True,2024-01-23,139.68785095214844,7388.0400390625,-0.013596183763279868,-0.003400662454051906,-0.010195521309227962,0.31834650935841813,0.12032175501875852,0.17576263097122324,2026-02-28,807,ok,0.0003832064451010121,1.0896334133963035,0.3894494594783263,-0.003322268992516216,-0.010273914770763651,0.06083427593829755
CMP001,Airbus SE,AIR.PA,^FCHI,EUR,Euronext Paris,PRIMARY_DIRECT,Defence Contractor,True,2024-01-24,138.4986114501953,7455.64013671875,-0.008513549989114688,0.009149936559470495,-0.017663486548585183,0.30712270044802037,0.13057262800337477,0.15809914442263806,2026-02-28,807,ok,0.0003832064451010121,1.0896334133963035,0.3894494594783263,0.010353283050756477,-0.018866833039871165,0.04196744289842638
CMP001,Airbus SE,AIR.PA,^FCHI,EUR,Euronext Paris,PRIMARY_DIRECT,Defence Contractor,True,2024-01-25,140.14088439941406,7464.2001953125,0.011857685301121634,0.0011481319426338565,0.010709553358487778,0.3226221500798854,0.13187067455105295,0.16880869778112584,2026-02-28,807,ok,0.0003832064451010121,1.0896334133963035,0.3894494594783263,0.0016342493727824702,0.010223435928339164,0.05219087882676555
CMP001,Airbus SE,AIR.PA,^FCHI,EUR,Euronext Paris,PRIMARY_DIRECT,Defence Contractor,True,2024-01-26,140.8959503173828,7634.14013671875,0.005387906043298196,0.022767334337170153,-0.017379428293871957,0.3297483139553008,0.15764035262499498,0.15142926948725388,2026-02-28,807,ok,0.0003832064451010121,1.0896334133963035,0.3894494594783263,0.025191254672846594,-0.019803348629548398,0.03238753019721715
CMP001,Airbus SE,AIR.PA,^FCHI,EUR,Euronext Paris,PRIMARY_DIRECT,Defence Contractor,True,2024-01-29,140.70716857910156,7640.81005859375,-0.001339866318769256,0.0008736965467688318,-0.002213562865538088,0.3279666289769918,0.1586517790034836,0.1492157066217158,2026-02-28,807,ok,0.0003832064451010121,1.0896334133963035,0.3894494594783263,0.0013352153956292974,-0.0026750817143985535,0.029712448482818597
CMP001,Airbus SE,AIR.PA,^FCHI,EUR,Euronext Paris,PRIMARY_DIRECT,Defence Contractor,True,2024-01-30,141.44337463378906,7677.47021484375,0.0052321858375938834,0.004797941051913446,0.00043424478568043767,0.33491479716592254,0.16421092193883702,0.14964995140739623,2026-02-28,807,ok,0.0003832064451010121,1.0896334133963035,0.3894494594783263,0.005611203330771711,-0.0003790174931778273,0.02933343098964077
CMP001,Airbus SE,AIR.PA,^FCHI,EUR,Euronext Paris,PRIMARY_DIRECT,Defence Contractor,True,2024-01-31,139.49908447265625,7656.75,-0.013746067400942419,-0.0026988336345075137,-0.011047233766434905,0.3165649683895644,0.16106891034504756,0.13860271764096133,2026-02-28,807,ok,0.0003832064451010121,1.0896334133963035,0.3894494594783263,-0.002557532860256162,-0.011188534540686256,0.018144896448954513
CMP001,Airbus SE,AIR.PA,^FCHI,EUR,Euronext Paris,PRIMARY_DIRECT,Defence Contractor,True,2024-02-01,139.1215362548828,7588.75,-0.002706456599343765,-0.008881052665948297,0.006174596066604532,0.31300174244240164,0.15075739620347806,0.14477731370756586,2026-02-28,807,ok,0.0003832064451010121,1.0896334133963035,0.3894494594783263,-0.009293885285848572,0.006587428686504807,0.02473232513545932
CMP001,Airbus SE,AIR.PA,^FCHI,EUR,Euronext Paris,PRIMARY_DIRECT,Defence Contractor,True,2024-02-02,140.91482543945312,7592.259765625,0.012890090440669466,0.0004624958820622638,0.012427594558607202,0.32992645365124074,0.15128961676047492,0.15720490826617306,2026-02-28,807,ok,0.0003832064451010121,1.0896334133963035,0.3894494594783263,0.0008871574117542508,0.012002933028915216,0.036735258164374535
CMP001,Airbus SE,AIR.PA,^FCHI,EUR,Euronext Paris,PRIMARY_DIRECT,Defence Contractor,True,2024-02-05,140.6883087158203,7589.9599609375,-0.0016074726199064582,-0.00030291438366114587,-0.0013045582362453123,0.3277886332905071,0.15094087457579852,0.15590035002992775,2026-02-28,807,ok,0.0003832064451010121,1.0896334133963035,0.3894494594783263,5.314081126548027e-05,-0.0016606134311719385,0.0350746447332026
CMP001,Airbus SE,AIR.PA,^FCHI,EUR,Euronext Paris,PRIMARY_DIRECT,Defence Contractor,True,2024-02-06,143.21778869628906,7638.97021484375,0.017979318989313597,0.006457248016917827,0.01152207097239577,0.3516613686788219,0.15837278525574283,0.16742242100232352,2026-02-28,807,ok,0.0003832064451010121,1.0896334133963035,0.3894494594783263,0.007419239642921695,0.010560079346391901,0.0456347240795945
CMP001,Airbus SE,AIR.PA,^FCHI,EUR,Euronext Paris,PRIMARY_DIRECT,Defence Contractor,True,2024-02-07,142.21731567382812,7611.259765625,-0.006985675673170433,-0.0036275110963129853,-0.0033581645768574475,0.3422191007372781,0.1541707751235606,0.16406425642546607,2026-02-28,807,ok,0.0003832064451010121,1.0896334133963035,0.3894494594783263,-0.003569450852907473,-0.00341622482026296,0.04221849925933154
CMP001,Airbus SE,AIR.PA,^FCHI,EUR,Euronext Paris,PRIMARY_DIRECT,Defence Contractor,True,2024-02-08,142.84024047851562,7665.6298828125,0.004380091142460962,0.007143379527401406,-0.0027632883849404433,0.3480981427316594,0.16241545500970322,0.16130096804052563,2026-02-28,807,ok,0.0003832064451010121,1.0896334133963035,0.3894494594783263,0.00816687146272868,-0.003786780320267717,0.03843171893906382
CMP001,Airbus SE,AIR.PA,^FCHI,EUR,Euronext Paris,PRIMARY_DIRECT,Defence Contractor,True,2024-02-09,142.06631469726562,7647.52001953125,-0.005418121522740016,-0.0023624755640569983,-0.0030556459586830176,0.34079398316975906,0.15966927690196053,0.1582453220818426,2026-02-28,807,ok,0.0003832064451010121,1.0896334133963035,0.3894494594783263,-0.0021910258678277724,-0.0032270956549122435,0.03520462328415158
CMP001,Airbus SE,AIR.PA,^FCHI,EUR,Euronext Paris,PRIMARY_DIRECT,Defence Contractor,True,2024-02-12,141.53778076171875,7689.7998046875,-0.0037203325550687616,0.005528561553061584,-0.009248894108130346,0.3358057836645323,0.1660805798805074,0.14899642797371226,2026-02-28,807,ok,0.0003832064451010121,1.0896334133963035,0.3894494594783263,0.006407311841335074,-0.010127644396403835,0.025076978887747747
CMP001,Airbus SE,AIR.PA,^FCHI,EUR,Euronext Paris,PRIMARY_DIRECT,Defence Contractor,True,2024-02-13,140.53729248046875,7625.31005859375,-0.0070687012037750074,-0.008386401171905478,0.0013176999681304702,0.32636337171353325,0.15630136033886122,0.15031412794184273,2026-02-28,807,ok,0.0003832064451010121,1.0896334133963035,0.3894494594783263,-0.008754896489953113,0.0016861952861781052,0.026763174173925854
CMP001,Airbus SE,AIR.PA,^FCHI,EUR,Euronext Paris,PRIMARY_DIRECT,Defence Contractor,True,2024-02-14,141.82089233398438,7677.35009765625,0.009133517736539698,0.006824645642291127,0.0023088720942485708,0.33847773509417545,0.16419270737887315,0.1526230000360913,2026-02-28,807,ok,0.0003832064451010121,1.0896334133963035,0.3894494594783263,0.007819568371530902,0.0013139493650087958,0.02807712353893465
CMP001,Airbus SE,AIR.PA,^FCHI,EUR,Euronext Paris,PRIMARY_DIRECT,Defence Contractor,True,2024-02-15,140.53729248046875,7743.419921875,-0.009050851622712797,0.0086058110387488,-0.017656662661461597,0.32636337171353347,0.1742115298312652,0.1349663373746297,2026-02-28,807,ok,0.0003832064451010121,1.0896334133963035,0.3894494594783263,0.009760385702296455,-0.01881123732500925,0.0092658862139254
CMP001,Airbus SE,AIR.PA,^FCHI,EUR,Euronext Paris,PRIMARY_DIRECT,Defence Contractor,True,2024-02-16,138.12107849121094,7768.18017578125,-0.017192689190263177,0.0031975863579738473,-0.020390275548237025,0.3035596185103131,0.17796617260042935,0.11457606182639268,2026-02-28,807,ok,0.0003832064451010121,1.0896334133963035,0.3894494594783263,0.0038674033829695096,-0.021060092573232686,-0.011794206359307287
CMP001,Airbus SE,AIR.PA,^FCHI,EUR,Euronext Paris,PRIMARY_DIRECT,Defence Contractor,True,2024-02-19,136.19564819335938,7768.5498046875,-0.01394016263762432,4.7582432163739696e-05,-0.01398774506978806,0.28538778542043985,0.1780222230959283,0.10058831675660462,2026-02-28,807,ok,0.0003832064451010121,1.0896334133963035,0.3894494594783263,0.00043505385307728586,-0.014375216490701606,-0.026169422850008894
CMP001,Airbus SE,AIR.PA,^FCHI,EUR,Euronext Paris,PRIMARY_DIRECT,Defence Contractor,True,2024-02-20,136.81857299804688,7795.22021484375,0.004573749697223128,0.003433125979337426,0.0011406237178857026,0.2912668274148209,0.18206652179427585,0.10172894047449033,2026-02-28,807,ok,0.0003832064451010121,1.0896334133963035,0.3894494594783263,0.004124055224585978,0.0004496944726371504,-0.025719728377371742
CMP001,Airbus SE,AIR.PA,^FCHI,EUR,Euronext Paris,PRIMARY_DIRECT,Defence Contractor,True,2024-02-21,137.6680450439453,7812.08984375,0.006208748032407563,0.002164099081399584,0.004044648951007979,0.29928397778884586,0.184624630868244,0.1057735894254983,2026-02-28,807,ok,0.0003832064451010121,1.0896334133963035,0.3894494594783263,0.0027412811140942457,0.003467466918313317,-0.022252261459058426
CMP001,Airbus SE,AIR.PA,^FCHI,EUR,Euronext Paris,PRIMARY_DIRECT,Defence Contractor,True,2024-02-22,139.00827026367188,7911.60009765625,0.009735194680063453,0.012737981244015373,-0.0030027865639519202,0.31193276025730743,0.19971435719744224,0.10277080286154638,2026-02-28,807,ok,0.0003832064451010121,1.0896334133963035,0.3894494594783263,0.014262936427795575,-0.004527741747732123,-0.026780003206790547
CMP001,Airbus SE,AIR.PA,^FCHI,EUR,Euronext Paris,PRIMARY_DIRECT,Defence Contractor,True,2024-02-23,139.6501007080078,7966.68017578125,0.004617210494875623,0.006961939107781312,-0.002344728612905689,0.3179902299665387,0.20806669549898182,0.1004260742486407,2026-02-28,807,ok,0.0003832064451010121,1.0896334133963035,0.3894494594783263,0.00796916791896998,-0.003351957424094356,-0.030131960630884903
CMP001,Airbus SE,AIR.PA,^FCHI,EUR,Euronext Paris,PRIMARY_DIRECT,Defence Contractor,True,2024-02-26,139.06491088867188,7929.81982421875,-0.00419040026730455,-0.004626814526150547,0.00043641425884599627,0.31246732335458205,0.20247719496368854,0.10086248850748669,2026-02-28,807,ok,0.0003832064451010121,1.0896334133963035,0.3894494594783263,-0.004658325260180008,0.00046792499287545784,-0.029664035638009446
CMP001,Airbus SE,AIR.PA,^FCHI,EUR,Euronext Paris,PRIMARY_DIRECT,Defence Contractor,True,2024-02-27,139.68785095214844,7948.39990234375,0.004479491336065733,0.0023430643491109127,0.0021364269869548203,0.31834650935841835,0.2052946764098269,0.10299891549444151,2026-02-28,807,ok,0.0003832064451010121,1.0896334133963035,0.3894494594783263,0.002936287649629924,0.0015432036864358087,-0.028120831951573638
CMP001,Airbus SE,AIR.PA,^FCHI,EUR,Euronext Paris,PRIMARY_DIRECT,Defence Contractor,True,2024-02-28,145.0865936279297,7954.39013671875,0.03864862004091285,0.000753640285918955,0.037894979754993896,0.36929878268087557,0.2062030350343731,0.1408938952494354,2026-02-28,807,ok,0.0003832064451010121,1.0896334133963035,0.3894494594783263,0.0012043980823198493,0.037444221958593,0.009323390007019365
CMP001,Airbus SE,AIR.PA,^FCHI,EUR,Euronext Paris,PRIMARY_DIRECT,Defence Contractor,True,2024-02-29,144.35040283203125,7927.43017578125,-0.00507414763480063,-0.003389318410854436,-0.0016848292239461937,0.3623507585014001,0.20211482888050258,0.13920906602548921,2026-02-28,807,ok,0.0003832064451010121,1.0896334133963035,0.3894494594783263,-0.003309908144005242,-0.0017642394907953877,0.007559150516223977
CMP001,Airbus SE,AIR.PA,^FCHI,EUR,Euronext Paris,PRIMARY_DIRECT,Defence Contractor,True,2024-03-01,144.06724548339844,7934.169921875,-0.0019615972181408203,0.0008501804423759474,-0.0028117776605167677,0.3596783750433916,0.20313684339750693,0.13639728836497245,2026-02-28,807,ok,0.0003832064451010121,1.0896334133963035,0.3894494594783263,0.001309591462529895,-0.0032711886806707155,0.004287961835553262
CMP001,Airbus SE,AIR.PA,^FCHI,EUR,Euronext Paris,PRIMARY_DIRECT,Defence Contractor,True,2024-03-04,146.6344757080078,7956.41015625,0.017819666198207518,0.0028030952946549448,0.015016570903552573,0.3839073898235861,0.20650935062206055,0.15141385926852502,2026-02-28,807,ok,0.0003832064451010121,1.0896334133963035,0.3894494594783263,0.0034375527390909967,0.014382113459116521,0.018670075294669783
CMP001,Airbus SE,AIR.PA,^FCHI,EUR,Euronext Paris,PRIMARY_DIRECT,Defence Contractor,True,2024-03-05,148.72979736328125,7932.81982421875,0.014289420309626433,-0.0029649466993251217,0.017254367008951554,0.40368262418637335,0.20293211470522876,0.16866822627747657,2026-02-28,807,ok,0.0003832064451010121,1.0896334133963035,0.3894494594783263,-0.002847498547422724,0.017136918857049155,0.03580699415171894
CMP001,Airbus SE,AIR.PA,^FCHI,EUR,Euronext Paris,PRIMARY_DIRECT,Defence Contractor,True,2024-03-06,149.3527374267578,7954.740234375,0.004188401211594472,0.002763255770580786,0.0014251454410136866,0.40956181019020965,0.2062561238128049,0.17009337171849026,2026-02-28,807,ok,0.0003832064451010121,1.0896334133963035,0.3894494594783263,0.0033941422624859867,0.0007942589491084858,0.03660125310082742
CMP001,Airbus SE,AIR.PA,^FCHI,EUR,Euronext Paris,PRIMARY_DIRECT,Defence Contractor,True,2024-03-07,149.44711303710938,8016.22021484375,0.0006318974260370869,0.0077287225801636605,-0.007096825154126574,0.4104525086699091,0.2155789427543775,0.1629965465643637,2026-02-28,807,ok,0.0003832064451010121,1.0896334133963035,0.3894494594783263,0.008804680811317828,-0.00817278338528074,0.028428469715546682
CMP001,Airbus SE,AIR.PA,^FCHI,EUR,Euronext Paris,PRIMARY_DIRECT,Defence Contractor,True,2024-03-08,149.18283081054688,8028.009765625,-0.0017683996779307432,0.0014707119397019408,-0.003239111617632684,0.4079582649078406,0.2173667092191367,0.159757434946731,2026-02-28,807,ok,0.0003832064451010121,1.0896334133963035,0.3894494594783263,0.0019857433160811364,-0.0037541429940118796,0.024674326721534804
CMP001,Airbus SE,AIR.PA,^FCHI,EUR,Euronext Paris,PRIMARY_DIRECT,Defence Contractor,True,2024-03-11,147.9936065673828,8019.72998046875,-0.007971589201670959,-0.0010313621181308186,-0.00694022708354014,0.39673460000689786,0.2161111633113746,0.15281720786319086,2026-02-28,807,ok,0.0003832064451010121,1.0896334133963035,0.3894494594783263,-0.0007406001801255134,-0.007230989021545445,0.017443337699989358
CMP001,Airbus SE,AIR.PA,^FCHI,EUR,Euronext Paris,PRIMARY_DIRECT,Defence Contractor,True,2024-03-12,149.126220703125,8087.47998046875,0.00765312882098379,0.008447915349394375,-0.0007947865284105848,0.40742398982947603,0.22638476747448255,0.15202242133478028,2026-02-28,807,ok,0.0003832064451010121,1.0896334133963035,0.3894494594783263,0.009588337283344631,-0.0019352084623608413,0.015508129237628517
CMP001,Airbus SE,AIR.PA,^FCHI,EUR,Euronext Paris,PRIMARY_DIRECT,Defence Contractor,True,2024-03-13,150.33432006835938,8137.580078125,0.00810118676338889,0.006194772386113101,0.001906414377275789,0.4188257944263585,0.23398194196678324,0.15392883571205607,2026-02-28,807,ok,0.0003832064451010121,1.0896334133963035,0.3894494594783263,0.007133237425394594,0.0009679493379942958,0.01647607857562281
CMP001,Airbus SE,AIR.PA,^FCHI,EUR,Euronext Paris,PRIMARY_DIRECT,Defence Contractor,True,2024-03-14,151.35366821289062,8161.419921875,0.006780541822171582,0.002929598667063882,0.0038509431551077,0.4284462020638422,0.2375970138191501,0.15777977886716377,2026-02-28,807,ok,0.0003832064451010121,1.0896334133963035,0.3894494594783263,0.0035753950405750905,0.0032051467815964914,0.019681225357219303
CMP001,Airbus SE,AIR.PA,^FCHI,EUR,Euronext Paris,PRIMARY_DIRECT,Defence Contractor,True,2024-03-15,153.61886596679688,8164.35009765625,0.0149662560587569,0.000359027694849523,0.014607228363907376,0.4498246936900885,0.23804134542217414,0.17238700723107114,2026-02-28,807,ok,0.0003832064451010121,1.0896334133963035,0.3894494594783263,0.0007744150177437044,0.014191841041013195,0.033873066398232496
CMP001,Airbus SE,AIR.PA,^FCHI,EUR,Euronext Paris,PRIMARY_DIRECT,Defence Contractor,True,2024-03-18,154.05303955078125,8148.14013671875,0.0028263037957734216,-0.0019854563735762776,0.004811760169349699,0.4539223387250708,0.23558326834215482,0.17719876740042084,2026-02-28,807,ok,0.0003832064451010121,1.0896334133963035,0.3894494594783263,-0.0017802131603883533,0.0046065169561617745,0.03847958335439427
CMP001,Airbus SE,AIR.PA,^FCHI,EUR,Euronext Paris,PRIMARY_DIRECT,Defence Contractor,True,2024-03-19,156.84677124023438,8201.0498046875,0.01813486898797745,0.0064934656352211295,0.011641403352756319,0.48028902985654365,0.24360648583458877,0.18884017075317716,2026-02-28,807,ok,0.0003832064451010121,1.0896334133963035,0.3894494594783263,0.007458703569978607,0.010676165417998842,0.04915574877239311
CMP001,Airbus SE,AIR.PA,^FCHI,EUR,Euronext Paris,PRIMARY_DIRECT,Defence Contractor,True,2024-03-20,158.62120056152344,8161.41015625,0.01131313897798547,-0.004833484661298293,0.016146623639283764,0.49703574537889805,0.2375955329606163,0.20498679439246092,2026-02-28,807,ok,0.0003832064451010121,1.0896334133963035,0.3894494594783263,-0.004883519944988123,0.016196658922973593,0.0653524076953667
CMP001,Airbus SE,AIR.PA,^FCHI,EUR,Euronext Paris,PRIMARY_DIRECT,Defence Contractor,True,2024-03-21,159.79156494140625,8179.72021484375,0.007378360368851533,0.002243492024442295,0.005134868344409238,0.5080814145933559,0.24037206866829885,0.21012166273687016,2026-02-28,807,ok,0.0003832064451010121,1.0896334133963035,0.3894494594783263,0.002827790317621453,0.0045505700512300795,0.06990297774659678
CMP001,Airbus SE,AIR.PA,^FCHI,EUR,Euronext Paris,PRIMARY_DIRECT,Defence Contractor,True,2024-03-22,160.3578643798828,8151.919921875,0.003543988311800028,-0.0033986850697289572,0.006942673381528985,0.5134260374999176,0.23615643463760705,0.21706433611839915,2026-02-28,807,ok,0.0003832064451010121,1.0896334133963035,0.3894494594783263,-0.003320114368486805,0.006864102680286833,0.07676708042688361
CMP001,Airbus SE,AIR.PA,^FCHI,EUR,Euronext Paris,PRIMARY_DIRECT,Defence Contractor,True,2024-03-25,160.56552124023438,8151.60009765625,0.0012949590040662873,-3.923299318631113e-05,0.0013341919972525984,0.5153858621741665,0.23610793652062978,0.21839852811565175,2026-02-28,807,ok,0.0003832064451010121,1.0896334133963035,0.3894494594783263,0.000340456864817658,0.0009545021392486292,0.07772158256613224
CMP001,Airbus SE,AIR.PA,^FCHI,EUR,Euronext Paris,PRIMARY_DIRECT,Defence Contractor,True,2024-03-26,161.05628967285156,8184.75,0.0030564994827433356,0.004066674265986281,-0.0010101747832429453,0.5200176382780584,0.24113478485605966,0.2173883533324088,2026-02-28,807,ok,0.0003832064451010121,1.0896334133963035,0.3894494594783263,0.00481439060671855,-0.0017578911239752148,0.07596369144215702
CMP001,Airbus SE,AIR.PA,^FCHI,EUR,Euronext Paris,PRIMARY_DIRECT,Defence Contractor,True,2024-03-27,161.96238708496094,8204.8095703125,0.005625967256230213,0.0024508470402273552,0.003175120216002858,0.5285692077399031,0.2441766163700474,0.22056347354841166,2026-02-28,807,ok,0.0003832064451010121,1.0896334133963035,0.3894494594783263,0.0030537312712561725,0.0025722359849740407,0.07853592742713106
CMP001,Airbus SE,AIR.PA,^FCHI,EUR,Euronext Paris,PRIMARY_DIRECT,Defence Contractor,True,2024-03-28,161.13180541992188,8205.8095703125,-0.005128237981596118,0.00012187973303090516,-0.005250117714627023,0.5207303410712731,0.24432825628389376,0.21531335583378464,2026-02-28,807,ok,0.0003832064451010121,1.0896334133963035,0.3894494594783263,0.0005160106746273075,-0.005644248656223426,0.07289167877090763
CMP001,Airbus SE,AIR.PA,^FCHI,EUR,Euronext Paris,PRIMARY_DIRECT,Defence Contractor,True,2024-04-02,157.77175903320312,8130.0498046875,-0.020852781845038026,-0.009232454759745878,-0.011620327085292148,0.4890188830237836,0.23284005195147928,0.2036930287484925,2026-02-28,807,ok,0.0003832064451010121,1.0896334133963035,0.3894494594783263,-0.009676784748787838,-0.011175997096250188,0.06171568167465744
CMP001,Airbus SE,AIR.PA,^FCHI,EUR,Euronext Paris,PRIMARY_DIRECT,Defence Contractor,True,2024-04-03,158.62120056152344,8153.22998046875,0.005383989717333115,0.0028511726666033965,0.0025328170507297187,0.4970357453788985,0.23635509180989733,0.2062258457992222,2026-02-28,807,ok,0.0003832064451010121,1.0896334133963035,0.3894494594783263,0.003489939449994312,0.0018940502673388034,0.06360973194199625
CMP001,Airbus SE,AIR.PA,^FCHI,EUR,Euronext Paris,PRIMARY_DIRECT,Defence Contractor,True,2024-04-04,158.52684020996094,8151.5498046875,-0.000594878561178791,-0.0002060748666816714,-0.0003888036944971196,0.4961451909086543,0.23610031009918142,0.2058370421047251,2026-02-28,807,ok,0.0003832064451010121,1.0896334133963035,0.3894494594783263,0.00015866038470347432,-0.0007535389458822653,0.06285619299611399
CMP001,Airbus SE,AIR.PA,^FCHI,EUR,Euronext Paris,PRIMARY_DIRECT,Defence Contractor,True,2024-04-05,158.5834503173828,8061.31005859375,0.00035710108992836886,-0.011070256363011843,0.011427357452940212,0.49667946598701884,0.22241636277598498,0.2172643995576653,2026-02-28,807,ok,0.0003832064451010121,1.0896334133963035,0.3894494594783263,-0.01167931478289973,0.0120364158728281,0.07489260886894208
CMP001,Airbus SE,AIR.PA,^FCHI,EUR,Euronext Paris,PRIMARY_DIRECT,Defence Contractor,True,2024-04-08,160.9619140625,8119.2998046875,0.014998183860655212,0.007193588346342095,0.007804595514313117,0.5191269397983593,0.2312099228776281,0.22506899507197842,2026-02-28,807,ok,0.0003832064451010121,1.0896334133963035,0.3894494594783263,0.00822158066949362,0.006776603191161593,0.08166921206010368
CMP001,Airbus SE,AIR.PA,^FCHI,EUR,Euronext Paris,PRIMARY_DIRECT,Defence Contractor,True,2024-04-09,155.4310302734375,8049.169921875,-0.03436144395571061,-0.008637429889214343,-0.02572401406649627,0.46692754459486774,0.22057543348986752,0.19934498100548215,2026-02-28,807,ok,0.0003832064451010121,1.0896334133963035,0.3894494594783263,-0.009028425768054868,-0.025333018187655744,0.05633619387244793
CMP001,Airbus SE,AIR.PA,^FCHI,EUR,Euronext Paris,PRIMARY_DIRECT,Defence Contractor,True,2024-04-10,154.9968719482422,8045.3798828125,-0.0027932538594869216,-0.0004708608588569474,-0.0023223930006299742,0.46283004356934043,0.22000071229295481,0.19702258800485217,2026-02-28,807,ok,0.0003832064451010121,1.0896334133963035,0.3894494594783263,-0.00012985927976999858,-0.0026633945797169233,0.05367279929273101
CMP001,Airbus SE,AIR.PA,^FCHI,EUR,Euronext Paris,PRIMARY_DIRECT,Defence Contractor,True,2024-04-11,153.14694213867188,8023.740234375,-0.011935271894958355,-0.0026896987777704773,-0.009245573117187877,0.4453707692632265,0.21671927786822143,0.1877770148876643,2026-02-28,807,ok,0.0003832064451010121,1.0896334133963035,0.3894494594783263,-0.0025475792151288985,-0.009387692679829456,0.044285106612901554
CMP001,Airbus SE,AIR.PA,^FCHI,EUR,Euronext Paris,PRIMARY_DIRECT,Defence Contractor,True,2024-04-12,153.75100708007812,8010.830078125,0.003944348695250399,-0.0016089947920659986,0.005553343487316398,0.45107181557112286,0.2147615828867251,0.1933303583749807,2026-02-28,807,ok,0.0003832064451010121,1.0896334133963035,0.3894494594783263,-0.0013700080423147375,0.005314356737565137,0.049599463350466694
CMP001,Airbus SE,AIR.PA,^FCHI,EUR,Euronext Paris,PRIMARY_DIRECT,Defence Contractor,True,2024-04-15,154.4116973876953,8045.10986328125,0.004297144585681201,0.004279180162597207,1.7964423083993708e-05,0.4573072809668388,0.21995976655449923,0.1933483227980647,2026-02-28,807,ok,0.0003832064451010121,1.0896334133963035,0.3894494594783263,0.005045944132209556,-0.0007487995465283552,0.048850663803938335
CMP001,Airbus SE,AIR.PA,^FCHI,EUR,Euronext Paris,PRIMARY_DIRECT,Defence Contractor,True,2024-04-16,152.68321228027344,7932.60986328125,-0.011194003671120889,-0.013983649932919118,0.0027896462617982287,0.44099417791374473,0.20290027624675533,0.19613796905986292,2026-02-28,807,ok,0.0003832064451010121,1.0896334133963035,0.3894494594783263,-0.014853845763044637,0.003659842091923748,0.052510505895862085
CMP001,Airbus SE,AIR.PA,^FCHI,EUR,Euronext Paris,PRIMARY_DIRECT,Defence Contractor,True,2024-04-17,153.5474395751953,7981.509765625,0.005660264033058526,0.006164415392480027,-0.0005041513594215008,0.44915058543083664,0.21031545322526934,0.19563381770044141,2026-02-28,807,ok,0.0003832064451010121,1.0896334133963035,0.3894494594783263,0.007100159430801738,-0.0014398953977432117,0.051070610498118875
CMP001,Airbus SE,AIR.PA,^FCHI,EUR,Euronext Paris,PRIMARY_DIRECT,Defence Contractor,True,2024-04-18,154.27725219726562,8023.259765625,0.00475301069226175,0.00523083993204021,-0.00047782923977846004,0.45603841365808684,0.2166464196283655,0.19515598846066295,2026-02-28,807,ok,0.0003832064451010121,1.0896334133963035,0.3894494594783263,0.006082904415179675,-0.0013298937229179247,0.04974071677520095
CMP001,Airbus SE,AIR.PA,^FCHI,EUR,Euronext Paris,PRIMARY_DIRECT,Defence Contractor,True,2024-04-19,153.681884765625,8022.41015625,-0.003859074641019422,-0.00010589329023602545,-0.0037531813507833967,0.45041945273958883,0.2165175849359371,0.19140280710987956,2026-02-28,807,ok,0.0003832064451010121,1.0896334133963035,0.3894494594783263,0.0002678215778053663,-0.004126896218824789,0.04561382055637616
CMP001,Airbus SE,AIR.PA,^FCHI,EUR,Euronext Paris,PRIMARY_DIRECT,Defence Contractor,True,2024-04-22,155.02627563476562,8040.35986328125,0.008747881191012885,0.002237445690465689,0.006510435500547196,0.4631075497892887,0.2192394769637278,0.19791324261042675,2026-02-28,807,ok,0.0003832064451010121,1.0896334133963035,0.3894494594783263,0.00282120203009199,0.005926679160920895,0.05154049971729706
CMP001,Airbus SE,AIR.PA,^FCHI,EUR,Euronext Paris,PRIMARY_DIRECT,Defence Contractor,True,2024-04-23,156.2554168701172,8105.77978515625,0.007928599395933045,0.008136442023417345,-0.00020784262748430038,0.4747079434247332,0.22915974828070484,0.19770539998294245,2026-02-28,807,ok,0.0003832064451010121,1.0896334133963035,0.3894494594783263,0.00924894553997838,-0.0013203461440453347,0.05022015357325173
CMP001,Airbus SE,AIR.PA,^FCHI,EUR,Euronext Paris,PRIMARY_DIRECT,Defence Contractor,True,2024-04-24,155.77528381347656,8091.85986328125,-0.0030727450366710984,-0.0017172834994223507,-0.0013554615372487477,0.47017654191103553,0.22704893252682834,0.1963499384456937,2026-02-28,807,ok,0.0003832064451010121,1.0896334133963035,0.3894494594783263,-0.001488003036143713,-0.0015847420005273855,0.048635411572724344
CMP001,Airbus SE,AIR.PA,^FCHI,EUR,Euronext Paris,PRIMARY_DIRECT,Defence Contractor,True,2024-04-25,152.2222900390625,8016.64990234375,-0.02280845643438767,-0.009294520939343354,-0.013513935495044316,0.4366440843039989,0.21564410052985883,0.1828360029506494,2026-02-28,807,ok,0.0003832064451010121,1.0896334133963035,0.3894494594783263,-0.009744414131919104,-0.013064042302468565,0.03557136927025578
CMP001,Airbus SE,AIR.PA,^FCHI,EUR,Euronext Paris,PRIMARY_DIRECT,Defence Contractor,True,2024-04-26,150.82028198242188,8088.240234375,-0.009210267801652794,0.008930205622465825,-0.01814047342411862,0.4234122075518989,0.22650005231132808,0.16469552952653077,2026-02-28,807,ok,0.0003832064451010121,1.0896334133963035,0.3894494594783263,0.01011385687983931,-0.019324124681492104,0.016247244588763678
CMP001,Airbus SE,AIR.PA,^FCHI,EUR,Euronext Paris,PRIMARY_DIRECT,Defence Contractor,True,2024-04-29,149.70635986328125,8065.14990234375,-0.00738575809897013,-0.0028548029437993616,-0.004530955155170768,0.41289922931179945,0.2229986363514196,0.16016457437136,2026-02-28,807,ok,0.0003832064451010121,1.0896334133963035,0.3894494594783263,-0.002727482231124902,-0.004658275867845228,0.01158896872091845
CMP001,Airbus SE,AIR.PA,^FCHI,EUR,Euronext Paris,PRIMARY_DIRECT,Defence Contractor,True,2024-04-30,148.53482055664062,7984.93017578125,-0.007825581409570903,-0.009946464422091905,0.002120883012521002,0.40184247136930007,0.21083412392668333,0.162285457383881,2026-02-28,807,ok,0.0003832064451010121,1.0896334133963035,0.3894494594783263,-0.010454793534367882,0.002629212124796979,0.014218180845715429
CMP001,Airbus SE,AIR.PA,^FCHI,EUR,Euronext Paris,PRIMARY_DIRECT,Defence Contractor,True,2024-05-02,147.47853088378906,7914.64990234375,-0.0071113942770663074,-0.008801614026715532,0.0016902197496492244,0.39187341684105603,0.20017682931750436,0.16397567713353023,2026-02-28,807,ok,0.0003832064451010121,1.0896334133963035,0.3894494594783263,-0.009207326290225816,0.002095932013159508,0.016314112858874935
CMP001,Airbus SE,AIR.PA,^FCHI,EUR,Euronext Paris,PRIMARY_DIRECT,Defence Contractor,True,2024-05-03,148.20834350585938,7957.56982421875,0.004948602469097008,0.005422845281165323,-0.0004742428120683151,0.39876124506830624,0.20668520257293266,0.1635014343214619,2026-02-28,807,ok,0.0003832064451010121,1.0896334133963035,0.3894494594783263,0.00629211985913722,-0.0013435173900402126,0.014970595468834723
CMP001,Airbus SE,AIR.PA,^FCHI,EUR,Euronext Paris,PRIMARY_DIRECT,Defence Contractor,True,2024-05-06,150.43617248535156,7996.64013671875,0.01503173793588819,0.004909829679544897,0.010121908256343293,0.41978705753904966,0.212609821394393,0.1736233425778052,2026-02-28,807,ok,0.0003832064451010121,1.0896334133963035,0.3894494594783263,0.005733120918017997,0.009298617017870194,0.024269212486704918
CMP001,Airbus SE,AIR.PA,^FCHI,EUR,Euronext Paris,PRIMARY_DIRECT,Defence Contractor,True,2024-05-07,152.5487823486328,8075.68017578125,0.014043230616539226,0.009884156059438709,0.004159074557100517,0.43972545461444823,0.22459544610826332,0.17778241713490572,2026-02-28,807,ok,0.0003832064451010121,1.0896334133963035,0.3894494594783263,0.01115331315068897,0.0028899174658502565,0.027159129952555174
CMP001,Airbus SE,AIR.PA,^FCHI,EUR,Euronext Paris,PRIMARY_DIRECT,Defence Contractor,True,2024-05-08,155.10308837890625,8131.41015625,0.016744191536290698,0.006900964284826783,0.009843227251463915,0.4638324933861857,0.23304633554521792,0.18762564438636964,2026-02-28,807,ok,0.0003832064451010121,1.0896334133963035,0.3894494594783263,0.007902727714502799,0.008841463821787899,0.03600059377434307
CMP001,Airbus SE,AIR.PA,^FCHI,EUR,Euronext Paris,PRIMARY_DIRECT,Defence Contractor,True,2024-05-09,155.98655700683594,8187.64990234375,0.005696009261733304,0.006916358296171099,-0.0012203490344377954,0.47217049682613954,0.2415745257976294,0.18640529535193184,2026-02-28,807,ok,0.0003832064451010121,1.0896334133963035,0.3894494594783263,0.007919501543629769,-0.002223492281896465,0.03377710149244661
CMP001,Airbus SE,AIR.PA,^FCHI,EUR,Euronext Paris,PRIMARY_DIRECT,Defence Contractor,True,2024-05-10,153.48983764648438,8219.1396484375,-0.016005990569060047,0.003846005443483458,-0.019851996012543505,0.44860694973789195,0.2463496281823374,0.16655329933938834,2026-02-28,807,ok,0.0003832064451010121,1.0896334133963035,0.3894494594783263,0.004573942484424656,-0.020579933053484704,0.013197168438961904
CMP001,Airbus SE,AIR.PA,^FCHI,EUR,Euronext Paris,PRIMARY_DIRECT,Defence Contractor,True,2024-05-13,151.6845245361328,8209.2802734375,-0.011761776141229197,-0.0011995629009509123,-0.010562213240278284,0.43156875907844605,0.24485455340675588,0.15599108609911005,2026-02-28,807,ok,0.0003832064451010121,1.0896334133963035,0.3894494594783263,-0.0009238773732457024,-0.010837898767983495,0.002359269670978409
CMP001,Airbus SE,AIR.PA,^FCHI,EUR,Euronext Paris,PRIMARY_DIRECT,Defence Contractor,True,2024-05-14,152.39512634277344,8225.7998046875,0.004684735036838639,0.0020122995804456867,0.002672435456392952,0.4382752794017444,0.24735957370229222,0.158663521555503,2026-02-28,807,ok,0.0003832064451010121,1.0896334133963035,0.3894494594783263,0.0025758753057179952,0.0021088597311206434,0.004468129402099052
CMP001,Airbus SE,AIR.PA,^FCHI,EUR,Euronext Paris,PRIMARY_DIRECT,Defence Contractor,True,2024-05-15,153.6434783935547,8239.990234375,0.008191548383072345,0.0017251124540391682,0.006466435929033176,0.45005698094114077,0.249511409237551,0.16512995748453618,2026-02-28,807,ok,0.0003832064451010121,1.0896334133963035,0.3894494594783263,0.0022629466168881847,0.00592860176618416,0.010396731168283213
CMP001,Airbus SE,AIR.PA,^FCHI,EUR,Euronext Paris,PRIMARY_DIRECT,Defence Contractor,True,2024-05-16,152.64480590820312,8188.490234375,-0.006499934105849148,-0.006250007407187952,-0.0002499266986611959,0.4406317061152969,0.24170195367445046,0.164880030785875,2026-02-28,807,ok,0.0003832064451010121,1.0896334133963035,0.3894494594783263,-0.006427010459745377,-7.292364610377109e-05,0.010323807522179443
CMP001,Airbus SE,AIR.PA,^FCHI,EUR,Euronext Paris,PRIMARY_DIRECT,Defence Contractor,True,2024-05-17,152.64480590820312,8167.5,0.0,-0.0025633827206490434,0.0025633827206490434,0.4406317061152969,0.2385189963422052,0.16744341350652403,2026-02-28,807,ok,0.0003832064451010121,1.0896334133963035,0.3894494594783263,-0.002409941018640908,0.002409941018640908,0.01273374854082035
CMP001,Airbus SE,AIR.PA,^FCHI,EUR,Euronext Paris,PRIMARY_DIRECT,Defence Contractor,True,2024-05-20,154.546142578125,8195.9697265625,0.012455953929184416,0.0034857332797673113,0.008970220649417104,0.45857614827559146,0.24283614322537916,0.17641363415594113,2026-02-28,807,ok,0.0003832064451010121,1.0896334133963035,0.3894494594783263,0.0041813778969229595,0.008274576032261456,0.021008324573081806
CMP001,Airbus SE,AIR.PA,^FCHI,EUR,Euronext Paris,PRIMARY_DIRECT,Defence Contractor,True,2024-05-21,154.9302520751953,8141.4599609375,0.002485403327851632,-0.0066508012405582795,0.009136204568409911,0.4622012982884407,0.23457028706220506,0.18554983872435105,2026-02-28,807,ok,0.0003832064451010121,1.0896334133963035,0.3894494594783263,-0.0068637288124688755,0.009349132140320508,0.030357456713402314
CMP001,Airbus SE,AIR.PA,^FCHI,EUR,Euronext Paris,PRIMARY_DIRECT,Defence Contractor,True,2024-05-22,154.027587890625,8092.10986328125,-0.005826261640187624,-0.00606157837697785,0.00023531673679022536,0.45368213095399024,0.22708684250528943,0.18578515546114127,2026-02-28,807,ok,0.0003832064451010121,1.0896334133963035,0.3894494594783263,-0.006221691892374588,0.0003954302521869636,0.03075288696558928
CMP001,Airbus SE,AIR.PA,^FCHI,EUR,Euronext Paris,PRIMARY_DIRECT,Defence Contractor,True,2024-05-23,154.87261962890625,8102.330078125,0.0054862362636056705,0.0012629851814203175,0.004223251082185353,0.4616573745765855,0.22863663500368947,0.19000840654332662,2026-02-28,807,ok,0.0003832064451010121,1.0896334133963035,0.3894494594783263,0.0017593972994009823,0.003726838964204688,0.03447972592979397
CMP001,Airbus SE,AIR.PA,^FCHI,EUR,Euronext Paris,PRIMARY_DIRECT,Defence Contractor,True,2024-05-24,152.79843139648438,8094.97021484375,-0.013392865939711562,-0.0009083637929193644,-0.012484502146792198,0.44208159330909047,0.22752058596979774,0.17752390439653443,2026-02-28,807,ok,0.0003832064451010121,1.0896334133963035,0.3894494594783263,-0.0006065770951833279,-0.012786288844528235,0.02169343708526573
CMP001,Airbus SE,AIR.PA,^FCHI,EUR,Euronext Paris,PRIMARY_DIRECT,Defence Contractor,True,2024-05-27,153.12493896484375,8132.490234375,0.002136851572200671,0.00463497931869461,-0.002498127746493939,0.4451631076289946,0.2332101184990396,0.1750257766500405,2026-02-28,807,ok,0.0003832064451010121,1.0896334133963035,0.3894494594783263,0.005433634781151493,-0.003296783208950822,0.01839665387631491
CMP001,Airbus SE,AIR.PA,^FCHI,EUR,Euronext Paris,PRIMARY_DIRECT,Defence Contractor,True,2024-05-28,152.1646728515625,8057.7998046875,-0.0062711281374076,-0.009184201583396057,0.0029130734459884566,0.436100304601599,0.22188406817606077,0.17793885009602894,2026-02-28,807,ok,0.0003832064451010121,1.0896334133963035,0.3894494594783263,-0.009624206475534568,0.003353078338126968,0.021749732214441875
CMP001,Airbus SE,AIR.PA,^FCHI,EUR,Euronext Paris,PRIMARY_DIRECT,Defence Contractor,True,2024-05-29,150.51300048828125,7935.02978515625,-0.010854506058002422,-0.015236171474479976,0.004381665416477554,0.4205121451454019,0.20326723299139515,0.1823205155125065,2026-02-28,807,ok,0.0003832064451010121,1.0896334133963035,0.3894494594783263,-0.016218635085727993,0.005364129027725571,0.027113861242167445
CMP001,Airbus SE,AIR.PA,^FCHI,EUR,Euronext Paris,PRIMARY_DIRECT,Defence Contractor,True,2024-05-30,152.77923583984375,7978.509765625,0.015056741571894516,0.005479498079526524,0.009577243492367993,0.44190042941459384,0.20986053348372868,0.1918977590048745,2026-02-28,807,ok,0.0003832064451010121,1.0896334133963035,0.3894494594783263,0.006353850641193988,0.008702890930700528,0.03581675217286798
CMP001,Airbus SE,AIR.PA,^FCHI,EUR,Euronext Paris,PRIMARY_DIRECT,Defence Contractor,True,2024-05-31,149.70635986328125,7992.8701171875,-0.02011317807469437,0.001799878922799758,-0.02191305699749413,0.4128992293117999,0.21203813595747323,0.16998470200738036,2026-02-28,807,ok,0.0003832064451010121,1.0896334133963035,0.3894494594783263,0.002344414659451374,-0.022457592734145746,0.013359159438722231
CMP001,Airbus SE,AIR.PA,^FCHI,EUR,Euronext Paris,PRIMARY_DIRECT,Defence Contractor,True,2024-06-03,149.1302032470703,7998.02001953125,-0.00384857808804584,0.0006443120266244051,-0.004492890114670245,0.40746157629725355,0.21281906670519812,0.16549181189271012,2026-02-28,807,ok,0.0003832064451010121,1.0896334133963035,0.3894494594783263,0.0010852703579640527,-0.0049338484460098924,0.008425310992712338
CMP001,Airbus SE,AIR.PA,^FCHI,EUR,Euronext Paris,PRIMARY_DIRECT,Defence Contractor,True,2024-06-04,146.5374755859375,7937.89990234375,-0.017385664370331066,-0.00751687505666232,-0.009868789313668747,0.3829919217176123,0.20370245731443726,0.15562302257904137,2026-02-28,807,ok,0.0003832064451010121,1.0896334133963035,0.3894494594783263,-0.007807431780963483,-0.009578232589367583,-0.0011529215966552455
CMP001,Airbus SE,AIR.PA,^FCHI,EUR,Euronext Paris,PRIMARY_DIRECT,Defence Contractor,True,2024-06-05,147.09442138671875,8006.56982421875,0.003800705577561514,0.008650892896082452,-0.004850187318520938,0.388248266828207,0.2141155583514156,0.15077283526052043,2026-02-28,807,ok,0.0003832064451010121,1.0896334133963035,0.3894494594783263,0.009809508400385167,-0.0060088028228236535,-0.007161724419478899
CMP001,Airbus SE,AIR.PA,^FCHI,EUR,Euronext Paris,PRIMARY_DIRECT,Defence Contractor,True,2024-06-06,147.42091369628906,8040.1201171875,0.002219610414129436,0.0041903453920135725,-0.0019707349778841365,0.3913296371386561,0.21920312188672542,0.1488021002826363,2026-02-28,807,ok,0.0003832064451010121,1.0896334133963035,0.3894494594783263,0.004949146797910232,-0.0027295363837807965,-0.009891260803259696
CMP001,Airbus SE,AIR.PA,^FCHI,EUR,Euronext Paris,PRIMARY_DIRECT,Defence Contractor,True,2024-06-07,144.040771484375,8001.7998046875,-0.02292851215722147,-0.004766136816548583,-0.018162375340672887,0.35942851863881997,0.21339223300065013,0.1306397249419634,2026-02-28,807,ok,0.0003832064451010121,1.0896334133963035,0.3894494594783263,-0.004810135483028612,-0.01811837667419286,-0.028009637477452554
CMP001,Airbus SE,AIR.PA,^FCHI,EUR,Euronext Paris,PRIMARY_DIRECT,Defence Contractor,True,2024-06-10,143.522216796875,7893.97998046875,-0.0036000549160919437,-0.01347444660582342,0.009874391689731477,0.35453450131721875,0.19704244414516192,0.14051411663169489,2026-02-28,807,ok,0.0003832064451010121,1.0896334133963035,0.3894494594783263,-0.014299000803628597,0.010698945887536653,-0.0173106915899159
CMP001,Airbus SE,AIR.PA,^FCHI,EUR,Euronext Paris,PRIMARY_DIRECT,Defence Contractor,True,2024-06-11,142.60035705566406,7789.2099609375,-0.006423115262465862,-0.013272141529427683,0.006849026266961822,0.34583417008827144,0.18115512740973538,0.1473631428986567,2026-02-28,807,ok,0.0003832064451010121,1.0896334133963035,0.3894494594783263,-0.01407856243268811,0.007655447170222249,-0.009655244419693652
CMP001,Airbus SE,AIR.PA,^FCHI,EUR,Euronext Paris,PRIMARY_DIRECT,Defence Contractor,True,2024-06-12,143.4261932373047,7864.7001953125,0.00579126307038802,0.009691641996246059,-0.003900378925858039,0.35362824981636987,0.19260246004662096,0.14346276397279867,2026-02-28,807,ok,0.0003832064451010121,1.0896334133963035,0.3894494594783263,0.01094354339488557,-0.005152280324497551,-0.014807524744191202
CMP001,Airbus SE,AIR.PA,^FCHI,EUR,Euronext Paris,PRIMARY_DIRECT,Defence Contractor,True,2024-06-13,140.0076141357422,7708.02001953125,-0.023835110061844245,-0.019921951490869838,-0.0039131585709744066,0.3213643714991752,0.16884349168968016,0.13954960540182426,2026-02-28,807,ok,0.0003832064451010121,1.0896334133963035,0.3894494594783263,-0.021324417559411068,-0.002510692502433177,-0.017318217246624378
CMP001,Airbus SE,AIR.PA,^FCHI,EUR,Euronext Paris,PRIMARY_DIRECT,Defence Contractor,True,2024-06-14,138.10629272460938,7503.27001953125,-0.013580128644213763,-0.026563241854741793,0.01298311321052803,0.30342007334833565,0.13779521932958638,0.1525327186123523,2026-02-28,807,ok,0.0003832064451010121,1.0896334133963035,0.3894494594783263,-0.028560989447952843,0.01498086080373908,-0.0023373564428852966
CMP001,Airbus SE,AIR.PA,^FCHI,EUR,Euronext Paris,PRIMARY_DIRECT,Defence Contractor,True,2024-06-17,140.0076141357422,7571.56982421875,0.01376708746301758,0.009102671836374476,0.004664415626643104,0.32136437149917496,0.14815219582813932,0.1571971342389954,2026-02-28,807,ok,0.0003832064451010121,1.0896334133963035,0.3894494594783263,0.010301781829196131,0.0034653056338214486,0.001127949190936152
CMP001,Airbus SE,AIR.PA,^FCHI,EUR,Euronext Paris,PRIMARY_DIRECT,Defence Contractor,True,2024-06-18,142.23545837402344,7628.7998046875,0.015912307712931062,0.0075585356534244585,0.008353772059506603,0.34239032797937363,0.1568305451358638,0.165550906298502,2026-02-28,807,ok,0.0003832064451010121,1.0896334133963035,0.3894494594783263,0.008619239449419565,0.007293068263511497,0.008421017454447649
CMP001,Airbus SE,AIR.PA,^FCHI,EUR,Euronext Paris,PRIMARY_DIRECT,Defence Contractor,True,2024-06-19,142.06260681152344,7570.2001953125,-0.0012152494495815125,-0.007681366777903098,0.006466117328321586,0.34075898887217315,0.14794450541879356,0.17201702362682358,2026-02-28,807,ok,0.0003832064451010121,1.0896334133963035,0.3894494594783263,-0.007986667456654505,0.006771418007072993,0.015192435461520642
CMP001,Airbus SE,AIR.PA,^FCHI,EUR,Euronext Paris,PRIMARY_DIRECT,Defence Contractor,True,2024-06-20,142.8500213623047,7671.33984375,0.005542729142130387,0.013360234317201458,-0.007817505175071071,0.34819045279236827,0.16328131299433268,0.1641995184517525,2026-02-28,807,ok,0.0003832064451010121,1.0896334133963035,0.3894494594783263,0.01494096416792767,-0.009398235025797282,0.0057942004357233595
CMP001,Airbus SE,AIR.PA,^FCHI,EUR,Euronext Paris,PRIMARY_DIRECT,Defence Contractor,True,2024-06-21,142.67718505859375,7628.56982421875,-0.0012099144407726747,-0.005575299804517986,0.004365385363745311,0.34655925769462304,0.15679567091739588,0.16856490381549782,2026-02-28,807,ok,0.0003832064451010121,1.0896334133963035,0.3894494594783263,-0.0056918265116036645,0.00448191207083099,0.01027611250655435
CMP001,Airbus SE,AIR.PA,^FCHI,EUR,Euronext Paris,PRIMARY_DIRECT,Defence Contractor,True,2024-06-24,142.86923217773438,7706.89013671875,0.0013460254283945705,0.010266709790261563,-0.008920684361866993,0.34837176069632014,0.16867215635733568,0.15964421945363083,2026-02-28,807,ok,0.0003832064451010121,1.0896334133963035,0.3894494594783263,0.011570156478212967,-0.010224131049818397,5.198145673595243e-05
CMP001,Airbus SE,AIR.PA,^FCHI,EUR,Euronext Paris,PRIMARY_DIRECT,Defence Contractor,True,2024-06-25,129.42543029785156,7662.2998046875,-0.09409865003794693,-0.005785774967623225,-0.0883128750703237,0.2214917982655067,0.16191048224972504,0.07133134438330713,2026-02-28,807,ok,0.0003832064451010121,1.0896334133963035,0.3894494594783263,-0.0059211672820131695,-0.08817748275593376,-0.08812550129919781
CMP001,Airbus SE,AIR.PA,^FCHI,EUR,Euronext Paris,PRIMARY_DIRECT,Defence Contractor,True,2024-06-26,125.77639770507812,7609.14990234375,-0.028194092802131587,-0.006936546950464528,-0.02125754585166706,0.1870529451481664,0.1538508356373629,0.05007379853164007,2026-02-28,807,ok,0.0003832064451010121,1.0896334133963035,0.3894494594783263,-0.007175086885717372,-0.021019005916414216,-0.10914450721561203
CMP001,Airbus SE,AIR.PA,^FCHI,EUR,Euronext Paris,PRIMARY_DIRECT,Defence Contractor,True,2024-06-27,125.4499053955078,7530.72021484375,-0.002595815395634804,-0.010307286425759954,0.00771147103012515,0.1839715748377171,0.14195776458184617,0.05778526956176522,2026-02-28,807,ok,0.0003832064451010121,1.0896334133963035,0.3894494594783263,-0.01084795724585319,0.008252141850218386,-0.10089236536539364
CMP001,Airbus SE,AIR.PA,^FCHI,EUR,Euronext Paris,PRIMARY_DIRECT,Defence Contractor,True,2024-06-28,123.1644515991211,7479.39990234375,-0.018218059146248966,-0.00681479473886748,-0.011403264407381486,0.162401910659846,0.13417555681576498,0.04638200515438373,2026-02-28,807,ok,0.0003832064451010121,1.0896334133963035,0.3894494594783263,-0.0070424216078063305,-0.011175637538442636,-0.11206800290383628
CMP001,Airbus SE,AIR.PA,^FCHI,EUR,Euronext Paris,PRIMARY_DIRECT,Defence Contractor,True,2024-07-01,126.4101791381836,7561.1298828125,0.026352794957645642,0.010927344644740655,0.015425450312904987,0.19303444986984042,0.1465690840127314,0.06180745546728872,2026-02-28,807,ok,0.0003832064451010121,1.0896334133963035,0.3894494594783263,0.01229000628970759,0.014062788667938052,-0.09800521423589822
CMP001,Airbus SE,AIR.PA,^FCHI,EUR,Euronext Paris,PRIMARY_DIRECT,Defence Contractor,True,2024-07-02,126.6406478881836,7538.2900390625,0.001823181895407755,-0.003020691894463856,0.004843873789871611,0.19520956867944084,0.14310565207421133,0.06665132925716033,2026-02-28,807,ok,0.0003832064451010121,1.0896334133963035,0.3894494594783263,-0.0029082403746821858,0.004731422270089941,-0.09327379196580829
CMP001,Airbus SE,AIR.PA,^FCHI,EUR,Euronext Paris,PRIMARY_DIRECT,Defence Contractor,True,2024-07-03,130.4433135986328,7632.080078125,0.03002721301462974,0.012441818844391994,0.017585394170237745,0.23109838099530222,0.1573279655173192,0.08423672342739807,2026-02-28,807,ok,0.0003832064451010121,1.0896334133963035,0.3894494594783263,0.013940227981374313,0.016086985033255424,-0.07718680693255286
CMP001,Airbus SE,AIR.PA,^FCHI,EUR,Euronext Paris,PRIMARY_DIRECT,Defence Contractor,True,2024-07-04,130.6929931640625,7695.77978515625,0.001914084812334238,0.008346310098845233,-0.006432225286510995,0.23345480770885452,0.16698738360359244,0.07780449814088708,2026-02-28,807,ok,0.0003832064451010121,1.0896334133963035,0.3894494594783263,0.009477624807369783,-0.007563539995035545,-0.08475034692758841
CMP001,Airbus SE,AIR.PA,^FCHI,EUR,Euronext Paris,PRIMARY_DIRECT,Defence Contractor,True,2024-07-05,130.86582946777344,7675.6201171875,0.0013224603670525248,-0.0026195744332022652,0.00394203480025479,0.23508600280659997,0.1639303732896349,0.08174653294114187,2026-02-28,807,ok,0.0003832064451010121,1.0896334133963035,0.3894494594783263,-0.002471169386194859,0.003793629753247384,-0.08095671717434103
CMP001,Airbus SE,AIR.PA,^FCHI,EUR,Euronext Paris,PRIMARY_DIRECT,Defence Contractor,True,2024-07-08,130.2896728515625,7627.4501953125,-0.004402651315122852,-0.006275704260967352,0.0018730529458445,0.22964834979205362,0.15662589048651188,0.08361958588698637,2026-02-28,807,ok,0.0003832064451010121,1.0896334133963035,0.3894494594783263,-0.00645501061024257,0.002052359295119718,-0.0789043578792213
CMP001,Airbus SE,AIR.PA,^FCHI,EUR,Euronext Paris,PRIMARY_DIRECT,Defence Contractor,True,2024-07-09,126.60221862792967,7508.66015625,-0.028301968551520562,-0.015574017007086272,-0.01272795154443429,0.1948468808668098,0.13861257919723857,0.07089163434255208,2026-02-28,807,ok,0.0003832064451010121,1.0896334133963035,0.3894494594783263,-0.016586762866622484,-0.011715205684898079,-0.09061956356411938
CMP001,Airbus SE,AIR.PA,^FCHI,EUR,Euronext Paris,PRIMARY_DIRECT,Defence Contractor,True,2024-07-10,128.0042266845703,7573.5498046875,0.011074119172911123,0.00864197434524816,0.002432144827662963,0.20807875761891004,0.148452439895838,0.07332377917021504,2026-02-28,807,ok,0.0003832064451010121,1.0896334133963035,0.3894494594783263,0.00979979044939705,0.0012743287235140732,-0.0893452348406053
CMP001,Airbus SE,AIR.PA,^FCHI,EUR,Euronext Paris,PRIMARY_DIRECT,Defence Contractor,True,2024-07-11,126.71747589111328,7627.1298828125,-0.010052408633566934,0.007074632042670004,-0.017127040676236938,0.19593465628579287,0.1565773183266077,0.056196738493978105,2026-02-28,807,ok,0.0003832064451010121,1.0896334133963035,0.3894494594783263,0.00809196190627839,-0.018144370539845325,-0.10748960538045063
CMP001,Airbus SE,AIR.PA,^FCHI,EUR,Euronext Paris,PRIMARY_DIRECT,Defence Contractor,True,2024-07-12,128.06182861328125,7724.31982421875,0.010609055402296397,0.01274266242997446,-0.002133607027678064,0.20862239331185517,0.17131519266820883,0.05406313146630004,2026-02-28,807,ok,0.0003832064451010121,1.0896334133963035,0.3894494594783263,0.01426803720443092,-0.0036589818021345224,-0.11114858718258515
CMP001,Airbus SE,AIR.PA,^FCHI,EUR,Euronext Paris,PRIMARY_DIRECT,Defence Contractor,True,2024-07-15,127.71614074707033,7632.7099609375,-0.002699382555709229,-0.011859926228587447,0.009160543672878219,0.20535985910690968,0.15742348089274016,0.06322367513917826,2026-02-28,807,ok,0.0003832064451010121,1.0896334133963035,0.3894494594783263,-0.012539765453983076,0.009840382898273848,-0.1013082042843113
CMP001,Airbus SE,AIR.PA,^FCHI,EUR,Euronext Paris,PRIMARY_DIRECT,Defence Contractor,True,2024-07-16,127.71614074707033,7580.02978515625,0.0,-0.006901896711764888,0.006901896711764888,0.20535985910690968,0.14943506357584702,0.07012557185094315,2026-02-28,807,ok,0.0003832064451010121,1.0896334133963035,0.3894494594783263,-0.007137330827848085,0.007137330827848085,-0.09417087345646322
CMP001,Airbus SE,AIR.PA,^FCHI,EUR,Euronext Paris,PRIMARY_DIRECT,Defence Contractor,True,2024-07-17,126.83270263671876,7570.81005859375,-0.006917200168936599,-0.0012163179860525952,-0.005700882182884004,0.1970221436858659,0.14803698503422025,0.06442468966805914,2026-02-28,807,ok,0.0003832064451010121,1.0896334133963035,0.3894494594783263,-0.0009421342738167946,-0.0059750658951198046,-0.10014593935158302
CMP001,Airbus SE,AIR.PA,^FCHI,EUR,Euronext Paris,PRIMARY_DIRECT,Defence Contractor,True,2024-07-18,125.68038177490234,7586.5498046875,-0.009085360777314366,0.002079004224374126,-0.011164365001688492,0.18614676565204546,0.15042375877584413,0.05326032466637065,2026-02-28,807,ok,0.0003832064451010121,1.0896334133963035,0.3894494594783263,0.002648558914571125,-0.011733919691885492,-0.1118798590434685
CMP001,Airbus SE,AIR.PA,^FCHI,EUR,Euronext Paris,PRIMARY_DIRECT,Defence Contractor,True,2024-07-19,126.5638198852539,7534.52001953125,0.007029244324972206,-0.006858161680307173,0.013887406005279379,0.19448448107308924,0.14253396663729268,0.06714773067165003,2026-02-28,807,ok,0.0003832064451010121,1.0896334133963035,0.3894494594783263,-0.007089675676235821,0.014118920001208027,-0.09776093904226048
CMP001,Airbus SE,AIR.PA,^FCHI,EUR,Euronext Paris,PRIMARY_DIRECT,Defence Contractor,True,2024-07-22,127.29361724853516,7622.02001953125,0.005766240019801083,0.011613214879405698,-0.0058469748596046145,0.2013721652908842,0.15580245909887136,0.061300755812045415,2026-02-28,807,ok,0.0003832064451010121,1.0896334133963035,0.3894494594783263,0.013037353414652583,-0.0072711133948515,-0.10503205243711197
CMP001,Airbus SE,AIR.PA,^FCHI,EUR,Euronext Paris,PRIMARY_DIRECT,Defence Contractor,True,2024-07-23,126.94792938232422,7598.6298828125,-0.0027156732103542636,-0.003068758237162017,0.00035308502680775344,0.1981096310859385,0.15225558078197965,0.06165384083885317,2026-02-28,807,ok,0.0003832064451010121,1.0896334133963035,0.3894494594783263,-0.0029606150677458595,0.0002449418573915959,-0.10478711057972037
CMP001,Airbus SE,AIR.PA,^FCHI,EUR,Euronext Paris,PRIMARY_DIRECT,Defence Contractor,True,2024-07-24,125.4114990234375,7513.72998046875,-0.012102839064507376,-0.011173054044359643,-0.0009297850201477331,0.18360910303926903,0.13938136690498748,0.060724055818705436,2026-02-28,807,ok,0.0003832064451010121,1.0896334133963035,0.3894494594783263,-0.01179132657131596,-0.0003115124931914164,-0.10509862307291179
CMP001,Airbus SE,AIR.PA,^FCHI,EUR,Euronext Paris,PRIMARY_DIRECT,Defence Contractor,True,2024-07-25,123.83665466308594,7427.02001953125,-0.01255741596755211,-0.011540201892122126,-0.001017214075429984,0.16874603118942377,0.12623267589878195,0.05970684174327545,2026-02-28,807,ok,0.0003832064451010121,1.0896334133963035,0.3894494594783263,-0.0121913831338945,-0.00036603283365761047,-0.1054646559065694
CMP001,Airbus SE,AIR.PA,^FCHI,EUR,Euronext Paris,PRIMARY_DIRECT,Defence Contractor,True,2024-07-26,125.69956970214844,7517.68017578125,0.01504332496812677,0.012206801114253985,0.0028365238538727855,0.1863278575418148,0.13998037418185239,0.06254336559714824,2026-02-28,807,ok,0.0003832064451010121,1.0896334133963035,0.3894494594783263,0.013684144809875383,0.0013591801582513875,-0.10410547574831801
CMP001,Airbus SE,AIR.PA,^FCHI,EUR,Euronext Paris,PRIMARY_DIRECT,Defence Contractor,True,2024-07-29,125.04659271240234,7443.83984375,-0.005194743238130073,-0.009822223119990148,0.004627479881860075,0.18016518892564415,0.12878323259422841,0.06717084547900831,2026-02-28,807,ok,0.0003832064451010121,1.0896334133963035,0.3894494594783263,-0.010319416060273942,0.005124672822143869,-0.09898080292617414
CMP001,Airbus SE,AIR.PA,^FCHI,EUR,Euronext Paris,PRIMARY_DIRECT,Defence Contractor,True,2024-07-30,128.27310180664062,7474.93994140625,0.025802455102947208,0.0041779643717565484,0.02162449073119066,0.21061634822695918,0.1334992487234432,0.08879533621019897,2026-02-28,807,ok,0.0003832064451010121,1.0896334133963035,0.3894494594783263,0.004935656024546243,0.020866799078400965,-0.07811400384777317
CMP001,Airbus SE,AIR.PA,^FCHI,EUR,Euronext Paris,PRIMARY_DIRECT,Defence Contractor,True,2024-07-31,134.39964294433594,7531.490234375,0.04776169790398055,0.00756531736870536,0.04019638053527519,0.2684374405285954,0.14207453027722505,0.12899171674547416,2026-02-28,807,ok,0.0003832064451010121,1.0896334133963035,0.3894494594783263,0.008626629032989774,0.039135068870990775,-0.0389789349767824
CMP001,Airbus SE,AIR.PA,^FCHI,EUR,Euronext Paris,PRIMARY_DIRECT,Defence Contractor,True,2024-08-01,128.59959411621094,7370.4501953125,-0.04315523985824277,-0.021382227693463096,-0.02177301216477967,0.21369771853740827,0.11765443262793251,0.10721870458069449,2026-02-28,807,ok,0.0003832064451010121,1.0896334133963035,0.3894494594783263,-0.02291558330254415,-0.020239656555698617,-0.05921859153248102
CMP001,Airbus SE,AIR.PA,^FCHI,EUR,Euronext Paris,PRIMARY_DIRECT,Defence Contractor,True,2024-08-02,126.65983581542967,7251.7998046875,-0.015083704689055066,-0.016098119854396353,0.001014415165341287,0.19539066056921017,0.09966229761569068,0.10823311974603578,2026-02-28,807,ok,0.0003832064451010121,1.0896334133963035,0.3894494594783263,-0.01715784284110769,0.0020741381520526236,-0.057144453380428395
CMP001,Airbus SE,AIR.PA,^FCHI,EUR,Euronext Paris,PRIMARY_DIRECT,Defence Contractor,True,2024-08-05,125.31546020507812,7148.990234375,-0.010614064053506178,-0.014177110935418402,0.003563046881912224,0.18270270752896556,0.0840722632308959,0.111796166627948,2026-02-28,807,ok,0.0003832064451010121,1.0896334133963035,0.3894494594783263,-0.015064647335557003,0.004450583282050825,-0.052693870098377574
CMP001,Airbus SE,AIR.PA,^FCHI,EUR,Euronext Paris,PRIMARY_DIRECT,Defence Contractor,True,2024-08-06,127.75455474853516,7130.0400390625,0.019463636326000566,-0.002650751321687461,0.022114387647688027,0.20572240291008548,0.0811986572463319,0.13391055427563603,2026-02-28,807,ok,0.0003832064451010121,1.0896334133963035,0.3894494594783263,-0.002505140765614059,0.021968777091614624,-0.03072509300676295
CMP001,Airbus SE,AIR.PA,^FCHI,EUR,Euronext Paris,PRIMARY_DIRECT,Defence Contractor,True,2024-08-07,130.5777587890625,7266.009765625,0.022098656647384418,0.01906998078798705,0.0030286758593973673,0.23236724830405464,0.10181709486801682,0.1369392301350334,2026-02-28,807,ok,0.0003832064451010121,1.0896334133963035,0.3894494594783263,0.02116249470451727,0.0009361619428671468,-0.029788931063895803
CMP001,Airbus SE,AIR.PA,^FCHI,EUR,Euronext Paris,PRIMARY_DIRECT,Defence Contractor,True,2024-08-08,129.11814880371094,7247.4501953125,-0.011178090349287184,-0.0025543002158219252,-0.008623790133465259,0.21859173585900948,0.0990027232247992,0.12831544000156814,2026-02-28,807,ok,0.0003832064451010121,1.0896334133963035,0.3894494594783263,-0.0024000444179039467,-0.008778045931383238,-0.03856697699527904
CMP001,Airbus SE,AIR.PA,^FCHI,EUR,Euronext Paris,PRIMARY_DIRECT,Defence Contractor,True,2024-08-09,129.02212524414062,7269.7099609375,-0.0007436875486519501,0.003071392700207509,-0.0038150802488594593,0.21768548435816104,0.10237819216641997,0.12450035975270868,2026-02-28,807,ok,0.0003832064451010121,1.0896334133963035,0.3894494594783263,0.0037298985569086097,-0.00447358610556056,-0.043040563100839604
CMP001,Airbus SE,AIR.PA,^FCHI,EUR,Euronext Paris,PRIMARY_DIRECT,Defence Contractor,True,2024-08-12,128.44593811035156,7250.669921875,-0.004465800983349033,-0.002619091980946786,-0.001846709002402247,0.2122475433247044,0.0994909622833462,0.12265365075030643,2026-02-28,807,ok,0.0003832064451010121,1.0896334133963035,0.3894494594783263,-0.002470643690096921,-0.0019951572932521123,-0.04503572039409172
CMP001,Airbus SE,AIR.PA,^FCHI,EUR,Euronext Paris,PRIMARY_DIRECT,Defence Contractor,True,2024-08-13,129.00291442871094,7275.8701171875,0.0043362703916791645,0.0034755678556641634,0.0008607025360150011,0.21750417645420916,0.10331231772945149,0.12351435328632143,2026-02-28,807,ok,0.0003832064451010121,1.0896334133963035,0.3894494594783263,0.004170301311158826,0.00016596908052033885,-0.04486975131357138
CMP001,Airbus SE,AIR.PA,^FCHI,EUR,Euronext Paris,PRIMARY_DIRECT,Defence Contractor,True,2024-08-14,129.31019592285156,7333.35986328125,0.0023819732717003106,0.007901425557053976,-0.005519452285353665,0.2204042388607066,0.11203005787417153,0.11799490100096777,2026-02-28,807,ok,0.0003832064451010121,1.0896334133963035,0.3894494594783263,0.008992863745530525,-0.006610890473830214,-0.05148064178740159
CMP001,Airbus SE,AIR.PA,^FCHI,EUR,Euronext Paris,PRIMARY_DIRECT,Defence Contractor,True,2024-08-15,131.48040771484375,7423.3701171875,0.016782990517522522,0.012274081128479608,0.004508909389042914,0.24088627162905007,0.12567920502182695,0.12250381039001068,2026-02-28,807,ok,0.0003832064451010121,1.0896334133963035,0.3894494594783263,0.0137574553614294,0.003025535156093122,-0.04845510663130847
CMP001,Airbus SE,AIR.PA,^FCHI,EUR,Euronext Paris,PRIMARY_DIRECT,Defence Contractor,True,2024-08-16,132.15260314941406,7449.7001953125,0.005112514071512253,0.003546917061839183,0.0015655970096730698,0.2472303201538999,0.1296718958002765,0.12406940739968375,2026-02-28,807,ok,0.0003832064451010121,1.0896334133963035,0.3894494594783263,0.004248045790226428,0.0008644682812858247,-0.04759063835002264
CMP001,Airbus SE,AIR.PA,^FCHI,EUR,Euronext Paris,PRIMARY_DIRECT,Defence Contractor,True,2024-08-19,133.016845703125,7484.169921875,0.006539731591467923,0.004626995135212253,0.0019127364562556703,0.25538687168044705,0.13489888216653045,0.12598214385593942,2026-02-28,807,ok,0.0003832064451010121,1.0896334133963035,0.3894494594783263,0.00542493494805043,0.0011147966434174933,-0.046475841706605146
CMP001,Airbus SE,AIR.PA,^FCHI,EUR,Euronext Paris,PRIMARY_DIRECT,Defence Contractor,True,2024-08-20,132.9784393310547,7485.72998046875,-0.00028873314404120887,0.00020844777844897244,-0.0004971809224901813,0.25502439988199876,0.13513544931728227,0.12548496293344924,2026-02-28,807,ok,0.0003832064451010121,1.0896334133963035,0.3894494594783263,0.0006103381094472424,-0.0008990712534884512,-0.0473749129600936
CMP001,Airbus SE,AIR.PA,^FCHI,EUR,Euronext Paris,PRIMARY_DIRECT,Defence Contractor,True,2024-08-21,133.5738067626953,7524.72021484375,0.004477172650210193,0.005208608175385709,-0.0007314355251755167,0.260643360800497,0.1410479250987664,0.12475352740827372,2026-02-28,807,ok,0.0003832064451010121,1.0896334133963035,0.3894494594783263,0.006058679950290435,-0.0015815073000802421,-0.04895642026017384
CMP001,Airbus SE,AIR.PA,^FCHI,EUR,Euronext Paris,PRIMARY_DIRECT,Defence Contractor,True,2024-08-22,133.36253356933594,7524.10986328125,-0.001581696280729017,-8.111285802969714e-05,-0.0015005834226993198,0.2586494058853932,0.1409553714404128,0.1232529439855744,2026-02-28,807,ok,0.0003832064451010121,1.0896334133963035,0.3894494594783263,0.00029482316473578344,-0.0018765194454648004,-0.05083293970563864
CMP001,Airbus SE,AIR.PA,^FCHI,EUR,Euronext Paris,PRIMARY_DIRECT,Defence Contractor,True,2024-08-23,135.20626831054688,7577.0400390625,0.013824982863364532,0.007034742546697448,0.006790240316667084,0.27605021235274263,0.14898169873576772,0.1300431843022415,2026-02-28,807,ok,0.0003832064451010121,1.0896334133963035,0.3894494594783263,0.008048496978623157,0.005776485884741375,-0.04505645382089726
CMP001,Airbus SE,AIR.PA,^FCHI,EUR,Euronext Paris,PRIMARY_DIRECT,Defence Contractor,True,2024-08-26,135.53274536132812,7590.3701171875,0.0024146591342302237,0.001759272493780939,0.0006553866404492847,0.2791314386537367,0.15100307063421115,0.13069857094269077,2026-02-28,807,ok,0.0003832064451010121,1.0896334133963035,0.3894494594783263,0.0023001685375937638,0.00011449059663645993,-0.044941963224260806
CMP001,Airbus SE,AIR.PA,^FCHI,EUR,Euronext Paris,PRIMARY_DIRECT,Defence Contractor,True,2024-08-27,135.26388549804688,7565.77978515625,-0.0019837262394742927,-0.003239674963354977,0.0012559487238806843,0.2765939920551428,0.14727419480353277,0.13195451966657146,2026-02-28,807,ok,0.0003832064451010121,1.0896334133963035,0.3894494594783263,-0.003146851643514016,0.0011631254040397232,-0.04377883782022108
CMP001,Airbus SE,AIR.PA,^FCHI,EUR,Euronext Paris,PRIMARY_DIRECT,Defence Contractor,True,2024-08-28,135.26388549804688,7577.669921875,0.0,0.0015715679092429546,-0.0015715679092429546,0.2765939920551428,0.14907721411118846,0.1303829517573285,2026-02-28,807,ok,0.0003832064451010121,1.0896334133963035,0.3894494594783263,0.002095639350433505,-0.002095639350433505,-0.045874477170654585
CMP001,Airbus SE,AIR.PA,^FCHI,EUR,Euronext Paris,PRIMARY_DIRECT,Defence Contractor,True,2024-08-29,134.97579956054688,7640.9501953125,-0.0021298067583912506,0.008350888081681163,-0.010480694840072413,0.273875093543142,0.15867302932344107,0.11990225691725609,2026-02-28,807,ok,0.0003832064451010121,1.0896334133963035,0.3894494594783263,0.009482613130433765,-0.011612419888825016,-0.0574868970594796
CMP001,Airbus SE,AIR.PA,^FCHI,EUR,Euronext Paris,PRIMARY_DIRECT,Defence Contractor,True,2024-08-30,133.304931640625,7630.9501953125,-0.0123790185008118,-0.0013087377543874457,-0.011070280746424355,0.25810577019244807,0.15715663018497494,0.10883197617083173,2026-02-28,807,ok,0.0003832064451010121,1.0896334133963035,0.3894494594783263,-0.0010428379414527933,-0.011336180559359007,-0.0688230776188386
CMP001,Airbus SE,AIR.PA,^FCHI,EUR,Euronext Paris,PRIMARY_DIRECT,Defence Contractor,True,2024-09-02,131.48040771484375,7646.419921875,-0.013686844915085095,0.00202723463874821,-0.015714079553833304,0.2408862716290503,0.15950245818814301,0.09311789661699843,2026-02-28,807,ok,0.0003832064451010121,1.0896334133963035,0.3894494594783263,0.0025921490442754463,-0.01627899395936054,-0.08510207157819914
CMP001,Airbus SE,AIR.PA,^FCHI,EUR,Euronext Paris,PRIMARY_DIRECT,Defence Contractor,True,2024-09-03,129.1949462890625,7575.10009765625,-0.017382524632399865,-0.009327217828400625,-0.00805530680399924,0.21931653544645147,0.14868752618805625,0.08506258981299919,2026-02-28,807,ok,0.0003832064451010121,1.0896334133963035,0.3894494594783263,-0.009780041754750017,-0.007602482877649848,-0.09270455445584899
CMP001,Airbus SE,AIR.PA,^FCHI,EUR,Euronext Paris,PRIMARY_DIRECT,Defence Contractor,True,2024-09-04,128.27310180664062,7500.97021484375,-0.007135298313908689,-0.009785993829366846,0.002650695515458157,0.2106163482269594,0.13744647714490932,0.08771328532845735,2026-02-28,807,ok,0.0003832064451010121,1.0896334133963035,0.3894494594783263,-0.010279939414667148,0.003144641100758459,-0.08955991335509053
CMP001,Airbus SE,AIR.PA,^FCHI,EUR,Euronext Paris,PRIMARY_DIRECT,Defence Contractor,True,2024-09-05,126.5062026977539,7431.9599609375,-0.013774509885557729,-0.009200177034390133,-0.004574332851167595,0.1939407013706893,0.12698176818803275,0.08313895247728975,2026-02-28,807,ok,0.0003832064451010121,1.0896334133963035,0.3894494594783263,-0.00964161386073179,-0.004132896024825939,-0.09369280937991648
CMP001,Airbus SE,AIR.PA,^FCHI,EUR,Euronext Paris,PRIMARY_DIRECT,Defence Contractor,True,2024-09-06,123.24127197265624,7352.2998046875,-0.025808463581016516,-0.010718593300918622,-0.015089870280097895,0.16312692626147052,0.11490210895727504,0.06804908219719186,2026-02-28,807,ok,0.0003832064451010121,1.0896334133963035,0.3894494594783263,-0.011296130960185698,-0.014512332620830818,-0.1082051420007473
CMP001,Airbus SE,AIR.PA,^FCHI,EUR,Euronext Paris,PRIMARY_DIRECT,Defence Contractor,True,2024-09-09,124.60485076904295,7425.259765625,0.011064303171824275,0.009923420273338701,0.0011408828984855734,0.1759961152009395,0.12596575114808983,0.06918996509567743,2026-02-28,807,ok,0.0003832064451010121,1.0896334133963035,0.3894494594783263,0.01119609675010514,-0.00013179357828086574,-0.10833693557902815
CMP001,Airbus SE,AIR.PA,^FCHI,EUR,Euronext Paris,PRIMARY_DIRECT,Defence Contractor,True,2024-09-10,125.25785064697266,7407.5498046875,0.005240565466749336,-0.0023850964809996045,0.007625661947748941,0.1821589998312929,0.1232802141973004,0.07681562704342637,2026-02-28,807,ok,0.0003832064451010121,1.0896334133963035,0.3894494594783263,-0.0022156743747700986,0.007456239841519435,-0.10088069573750871
CMP001,Airbus SE,AIR.PA,^FCHI,EUR,Euronext Paris,PRIMARY_DIRECT,Defence Contractor,True,2024-09-11,125.04659271240234,7396.830078125,-0.001686584381570766,-0.0014471352667404513,-0.0002394491148303146,0.18016518892564415,0.12165467578490374,0.07657617792859606,2026-02-28,807,ok,0.0003832064451010121,1.0896334133963035,0.3894494594783263,-0.001193640495243556,-0.00049294388632721,-0.10137363962383593
CMP001,Airbus SE,AIR.PA,^FCHI,EUR,Euronext Paris,PRIMARY_DIRECT,Defence Contractor,True,2024-09-12,125.35386657714844,7435.06982421875,0.0024572749891138557,0.005169747809516068,-0.002712472820402212,0.18306517932741406,0.12745334758807614,0.07386370510819384,2026-02-28,807,ok,0.0003832064451010121,1.0896334133963035,0.3894494594783263,0.006016336397182068,-0.0035590614080682125,-0.10493270103190414
CMP001,Airbus SE,AIR.PA,^FCHI,EUR,Euronext Paris,PRIMARY_DIRECT,Defence Contractor,True,2024-09-13,125.31546020507812,7465.25,-0.00030638362516466344,0.004059165077769933,-0.004365548702934596,0.18270270752896556,0.13202986684342055,0.06949815640525925,2026-02-28,807,ok,0.0003832064451010121,1.0896334133963035,0.3894494594783263,0.004806208344330536,-0.005112591969495199,-0.11004529300139934
CMP001,Airbus SE,AIR.PA,^FCHI,EUR,Euronext Paris,PRIMARY_DIRECT,Defence Contractor,True,2024-09-16,124.2783660888672,7449.43994140625,-0.008275867275384208,-0.00211782038026187,-0.006158046895122338,0.17291481689521837,0.12963243092035448,0.06334010951013691,2026-02-28,807,ok,0.0003832064451010121,1.0896334133963035,0.3894494594783263,-0.0019244414048039866,-0.006351425870580222,-0.11639671887197957
CMP001,Airbus SE,AIR.PA,^FCHI,EUR,Euronext Paris,PRIMARY_DIRECT,Defence Contractor,True,2024-09-17,124.5664520263672,7487.419921875,0.0023180698826856805,0.005098367228608014,-0.0027802973459223335,0.17563371540721895,0.13539171188653154,0.06055981216421458,2026-02-28,807,ok,0.0003832064451010121,1.0896334133963035,0.3894494594783263,0.005938557731157014,-0.0036204878484713335,-0.12001720672045091
CMP001,Airbus SE,AIR.PA,^FCHI,EUR,Euronext Paris,PRIMARY_DIRECT,Defence Contractor,True,2024-09-18,123.6061782836914,7444.89990234375,-0.007708927460441162,-0.005678861340075891,-0.0020300661203652703,0.16657084037509584,0.1289439797880565,0.05852974604384931,2026-02-28,807,ok,0.0003832064451010121,1.0896334133963035,0.3894494594783263,-0.005804670621090188,-0.0019042568393509741,-0.12192146355980188
CMP001,Airbus SE,AIR.PA,^FCHI,EUR,Euronext Paris,PRIMARY_DIRECT,Defence Contractor,True,2024-09-19,128.13865661621094,7615.41015625,0.036668703744864084,0.022902961240965913,0.01376574250389817,0.20934748091820743,0.15480014000036424,0.07229548854774748,2026-02-28,807,ok,0.0003832064451010121,1.0896334133963035,0.3894494594783263,0.02533903827897794,0.011329665465886145,-0.11059179809391573
CMP001,Airbus SE,AIR.PA,^FCHI,EUR,Euronext Paris,PRIMARY_DIRECT,Defence Contractor,True,2024-09-20,125.64195251464844,7500.259765625,-0.019484394229607016,-0.015120707652298337,-0.004363686577308679,0.18578407783941486,0.13733874468658547,0.0679318019704388,2026-02-28,807,ok,0.0003832064451010121,1.0896334133963035,0.3894494594783263,-0.01609282184704043,-0.003391572382566585,-0.11398337047648231
CMP001,Airbus SE,AIR.PA,^FCHI,EUR,Euronext Paris,PRIMARY_DIRECT,Defence Contractor,True,2024-09-23,127.65853881835938,7508.080078125,0.016050262379326163,0.0010426722199465832,0.01500759015937958,0.20481622341396477,0.13852461620033907,0.08293939212981838,2026-02-28,807,ok,0.0003832064451010121,1.0896334133963035,0.3894494594783263,0.001519336935174909,0.014530925444151254,-0.09945244503233105
CMP001,Airbus SE,AIR.PA,^FCHI,EUR,Euronext Paris,PRIMARY_DIRECT,Defence Contractor,True,2024-09-24,129.5598602294922,7604.009765625,0.014893805214535094,0.012776859929809925,0.002116945284725169,0.22276052156480408,0.15307138574817136,0.08505633741454355,2026-02-28,807,ok,0.0003832064451010121,1.0896334133963035,0.3894494594783263,0.014305299942906255,0.0005885052716288388,-0.09886393976070222
CMP001,Airbus SE,AIR.PA,^FCHI,EUR,Euronext Paris,PRIMARY_DIRECT,Defence Contractor,True,2024-09-25,128.1962890625,7565.6201171875,-0.010524642158280084,-0.005048605883049451,-0.0054760362752306335,0.20989140463006262,0.14724998276650725,0.07958030113931291,2026-02-28,807,ok,0.0003832064451010121,1.0896334133963035,0.3894494594783263,-0.005117923216138819,-0.005406718942141265,-0.10427065870284348
CMP001,Airbus SE,AIR.PA,^FCHI,EUR,Euronext Paris,PRIMARY_DIRECT,Defence Contractor,True,2024-09-26,129.00291442871094,7742.08984375,0.0062921116680505484,0.023325216417038774,-0.017033104748988226,0.2175041764542096,0.17400983689897997,0.06254719639032469,2026-02-28,807,ok,0.0003832064451010121,1.0896334133963035,0.3894494594783263,0.025799141627806468,-0.01950702995975592,-0.1237776886625994
CMP001,Airbus SE,AIR.PA,^FCHI,EUR,Euronext Paris,PRIMARY_DIRECT,Defence Contractor,True,2024-09-27,128.5035858154297,7791.7900390625,-0.0038706769958843923,0.006419480568624625,-0.010290157564509017,0.21279161104601507,0.18154637023432718,0.05225703882581567,2026-02-28,807,ok,0.0003832064451010121,1.0896334133963035,0.3894494594783263,0.007378086969322705,-0.011248763965207097,-0.1350264526278065
CMP001,Airbus SE,AIR.PA,^FCHI,EUR,Euronext Paris,PRIMARY_DIRECT,Defence Contractor,True,2024-09-30,126.00686645507812,7635.75,-0.019429180473902186,-0.020026211984694897,0.0005970315107927116,0.18922806395776748,0.15788447215426782,0.05285407033660838,2026-02-28,807,ok,0.0003832064451010121,1.0896334133963035,0.3894494594783263,-0.02143802327718005,0.0020088428032778646,-0.13301760982452862
CMP001,Airbus SE,AIR.PA,^FCHI,EUR,Euronext Paris,PRIMARY_DIRECT,Defence Contractor,True,2024-10-01,123.62539672851562,7574.06982421875,-0.018899523443125288,-0.008077814986248932,-0.010821708456876356,0.16675222028377523,0.14853129561275513,0.04203236187973203,2026-02-28,807,ok,0.0003832064451010121,1.0896334133963035,0.3894494594783263,-0.008418650671149226,-0.010480872771976062,-0.1434984825965047
CMP001,Airbus SE,AIR.PA,^FCHI,EUR,Euronext Paris,PRIMARY_DIRECT,Defence Contractor,True,2024-10-02,122.281005859375,7577.58984375,-0.010874714295905918,0.0004647461157532007,-0.011339460411659119,0.15406412323407537,0.14906507107121225,0.03069290146807291,2026-02-28,807,ok,0.0003832064451010121,1.0896334133963035,0.3894494594783263,0.0008896093415718458,-0.011764323637477763,-0.15526280623398245
CMP001,Airbus SE,AIR.PA,^FCHI,EUR,Euronext Paris,PRIMARY_DIRECT,Defence Contractor,True,2024-10-03,121.53199005126952,7477.77978515625,-0.006125365119803328,-0.013171742025081201,0.0070463769052778735,0.14699505910760102,0.13392988238503056,0.03773927837335078,2026-02-28,807,ok,0.0003832064451010121,1.0896334133963035,0.3894494594783263,-0.013969163778063756,0.007843798658260428,-0.14741900757572202
CMP001,Airbus SE,AIR.PA,^FCHI,EUR,Euronext Paris,PRIMARY_DIRECT,Defence Contractor,True,2024-10-04,121.80087280273438,7541.35986328125,0.0022124442408244516,0.008502534168124187,-0.006290089927299736,0.14953272172037768,0.1435711599542664,0.031449188446051046,2026-02-28,807,ok,0.0003832064451010121,1.0896334133963035,0.3894494594783263,0.00964785177323287,-0.007435407532408419,-0.15485441510813044
CMP001,Airbus SE,AIR.PA,^FCHI,EUR,Euronext Paris,PRIMARY_DIRECT,Defence Contractor,True,2024-10-07,122.338623046875,7576.02001953125,0.004414994997708588,0.004596008793952278,-0.00018101379624368974,0.15460790293647553,0.1488270230619264,0.031268174649807357,2026-02-28,807,ok,0.0003832064451010121,1.0896334133963035,0.3894494594783263,0.005391171195254661,-0.0009761761975460729,-0.15583059130567653
CMP001,Airbus SE,AIR.PA,^FCHI,EUR,Euronext Paris,PRIMARY_DIRECT,Defence Contractor,True,2024-10-08,121.32072448730467,7521.31982421875,-0.008320336899495073,-0.007220175655750727,-0.0011001612437443464,0.14500117619722452,0.14053229015734603,0.03016801340606301,2026-02-28,807,ok,0.0003832064451010121,1.0896334133963035,0.3894494594783263,-0.007484138199995546,-0.0008361986994995275,-0.15666679000517605
CMP001,Airbus SE,AIR.PA,^FCHI,EUR,Euronext Paris,PRIMARY_DIRECT,Defence Contractor,True,2024-10-09,122.37703704833984,7560.08984375,0.008706777555929524,0.0051546830127353616,0.003552094543194162,0.15497044673965132,0.14641137257889625,0.03372010794925717,2026-02-28,807,ok,0.0003832064451010121,1.0896334133963035,0.3894494594783263,0.005999921291243785,0.0027068562646857383,-0.15395993374049033
CMP001,Airbus SE,AIR.PA,^FCHI,EUR,Euronext Paris,PRIMARY_DIRECT,Defence Contractor,True,2024-10-10,122.81875610351562,7541.58984375,0.003609492972127537,-0.0024470608659887816,0.006056553838116319,0.159139304450173,0.14360603417273388,0.03977666178737349,2026-02-28,807,ok,0.0003832064451010121,1.0896334133963035,0.3894494594783263,-0.002283192839094858,0.005892685811222395,-0.14806724792926793
CMP001,Airbus SE,AIR.PA,^FCHI,EUR,Euronext Paris,PRIMARY_DIRECT,Defence Contractor,True,2024-10-11,127.63931274414062,7577.89013671875,0.039249352408048166,0.0048133475461853426,0.03443600486186282,0.20463477150055764,0.14911060747112193,0.07421266664923631,2026-02-28,807,ok,0.0003832064451010121,1.0896334133963035,0.3894494594783263,0.005627990761713668,0.033621361646334495,-0.11444588628293342
CMP001,Airbus SE,AIR.PA,^FCHI,EUR,Euronext Paris,PRIMARY_DIRECT,Defence Contractor,True,2024-10-14,129.75192260742188,7602.06005859375,0.01655140424890944,0.003189531840516402,0.013361872408393038,0.224573168575956,0.15277573234192632,0.08757453905762935,2026-02-28,807,ok,0.0003832064451010121,1.0896334133963035,0.3894494594783263,0.0038586269116190936,0.012692777337290347,-0.10175310894564307
CMP001,Airbus SE,AIR.PA,^FCHI,EUR,Euronext Paris,PRIMARY_DIRECT,Defence Contractor,True,2024-10-15,130.3665008544922,7521.97021484375,0.004736563703412688,-0.010535281638489824,0.015271845341902512,0.23037343739840588,0.14063091533568772,0.10284638439953186,2026-02-28,807,ok,0.0003832064451010121,1.0896334133963035,0.3894494594783263,-0.011096388447738055,0.015832952151150742,-0.08592015679449233
CMP001,Airbus SE,AIR.PA,^FCHI,EUR,Euronext Paris,PRIMARY_DIRECT,Defence Contractor,True,2024-10-16,130.5585479736328,7492.0,0.001473132421917045,-0.003984357021862062,0.005457489443779107,0.23218594040010299,0.13608623453881696,0.10830387384331097,2026-02-28,807,ok,0.0003832064451010121,1.0896334133963035,0.3894494594783263,-0.003958282096820077,0.005431414518737122,-0.08048874227575521
CMP001,Airbus SE,AIR.PA,^FCHI,EUR,Euronext Paris,PRIMARY_DIRECT,Defence Contractor,True,2024-10-17,135.6864013671875,7583.72998046875,0.03927627469164485,0.012243724034803893,0.02703255065684096,0.2805816138664401,0.14999616087424972,0.13533642450015193,2026-02-28,807,ok,0.0003832064451010121,1.0896334133963035,0.3894494594783263,0.01372437725782674,0.02555189743381811,-0.0549368448419371
CMP001,Airbus SE,AIR.PA,^FCHI,EUR,Euronext Paris,PRIMARY_DIRECT,Defence Contractor,True,2024-10-18,134.01553344726562,7613.0498046875,-0.012314188474939813,0.0038661482270940795,-0.016180336702033893,0.2648122905157462,0.15444221649277878,0.11915608779811804,2026-02-28,807,ok,0.0003832064451010121,1.0896334133963035,0.3894494594783263,0.004595890734485601,-0.016910079209425416,-0.07184692405136252
CMP001,Airbus SE,AIR.PA,^FCHI,EUR,Euronext Paris,PRIMARY_DIRECT,Defence Contractor,True,2024-10-21,133.32412719726562,7536.22998046875,-0.005159150079211305,-0.01009054533853837,0.004931395259327065,0.2582869340869445,0.14279326496653577,0.1240874830574451,2026-02-28,807,ok,0.0003832064451010121,1.0896334133963035,0.3894494594783263,-0.010611788915160712,0.005452638835949406,-0.06639428521541312
CMP001,Airbus SE,AIR.PA,^FCHI,EUR,Euronext Paris,PRIMARY_DIRECT,Defence Contractor,True,2024-10-22,135.6287841796875,7535.10009765625,0.01728612090602266,-0.00014992679568270884,0.01743604770170537,0.28003783416403993,0.1426219296341915,0.14152353075915047,2026-02-28,807,ok,0.0003832064451010121,1.0896334133963035,0.3894494594783263,0.00021984119896169193,0.01706627970706097,-0.049328005508352146
CMP001,Airbus SE,AIR.PA,^FCHI,EUR,Euronext Paris,PRIMARY_DIRECT,Defence Contractor,True,2024-10-23,135.5711669921875,7497.47998046875,-0.000424815335833606,-0.004992649958187267,0.0045678346223536614,0.2794940544616398,0.1369172183049796,0.14609136538150413,2026-02-28,807,ok,0.0003832064451010121,1.0896334133963035,0.3894494594783263,-0.005056951770731492,0.004632136434897886,-0.04469586907345426
CMP001,Airbus SE,AIR.PA,^FCHI,EUR,Euronext Paris,PRIMARY_DIRECT,Defence Contractor,True,2024-10-24,135.5135498046875,7503.27978515625,-0.0004249958806014087,0.0007735672122644033,-0.001198563092865812,0.2789502747592396,0.1377967001881193,0.14489280228863832,2026-02-28,807,ok,0.0003832064451010121,1.0896334133963035,0.3894494594783263,0.0012261111270921367,-0.0016511070076935454,-0.04634697608114781
CMP001,Airbus SE,AIR.PA,^FCHI,EUR,Euronext Paris,PRIMARY_DIRECT,Defence Contractor,True,2024-10-25,134.8989715576172,7497.5400390625,-0.004535179308313375,-0.0007649649564054339,-0.003770214351907941,0.27315000593678973,0.13692632558496154,0.14112258793673038,2026-02-28,807,ok,0.0003832064451010121,1.0896334133963035,0.3894494594783263,-0.0004503249314755953,-0.0040848543768377795,-0.05043183045798559
CMP001,Airbus SE,AIR.PA,^FCHI,EUR,Euronext Paris,PRIMARY_DIRECT,Defence Contractor,True,2024-10-28,134.3228302001953,7556.93994140625,-0.004270909931850753,0.007922585545962368,-0.012193495477813121,0.2677124969316984,0.14593372165886498,0.12892909245891726,2026-02-28,807,ok,0.0003832064451010121,1.0896334133963035,0.3894494594783263,0.009015920376472204,-0.013286830308322957,-0.06371866076630855
CMP001,Airbus SE,AIR.PA,^FCHI,EUR,Euronext Paris,PRIMARY_DIRECT,Defence Contractor,True,2024-10-29,134.76454162597656,7511.10986328125,0.0032884314983754326,-0.006064634426149906,0.009353065924525339,0.2718812826374928,0.13898405256040647,0.1382821583834426,2026-02-28,807,ok,0.0003832064451010121,1.0896334133963035,0.3894494594783263,-0.006225021865665443,0.009513453364040875,-0.05420520740226768
CMP001,Airbus SE,AIR.PA,^FCHI,EUR,Euronext Paris,PRIMARY_DIRECT,Defence Contractor,True,2024-10-30,134.18836975097656,7428.35986328125,-0.004275396688537714,-0.011017013664589181,0.006741616976051468,0.2664434856134914,0.1264358496895992,0.14502377535949407,2026-02-28,807,ok,0.0003832064451010121,1.0896334133963035,0.3894494594783263,-0.011621299759679016,0.007345903071141302,-0.04685930433112638
CMP001,Airbus SE,AIR.PA,^FCHI,EUR,Euronext Paris,PRIMARY_DIRECT,Defence Contractor,True,2024-10-31,134.59169006347656,7350.3701171875,0.0030056279336909686,-0.0104989186750708,0.01350454660876177,0.2702499435302923,0.11460949131102383,0.15852832196825584,2026-02-28,807,ok,0.0003832064451010121,1.0896334133963035,0.3894494594783263,-0.01105676614778658,0.01406239408147755,-0.03279691024964883
CMP001,Airbus SE,AIR.PA,^FCHI,EUR,Euronext Paris,PRIMARY_DIRECT,Defence Contractor,True,2024-11-01,135.97447204589844,7409.10986328125,0.010273903104788484,0.00799139977406016,0.002282503330728325,0.28330036836898564,0.123516781348052,0.16081082529898416,2026-02-28,807,ok,0.0003832064451010121,1.0896334133963035,0.3894494594783263,0.009090902658724632,0.0011830004460638525,-0.03161390980358497
CMP001,Airbus SE,AIR.PA,^FCHI,EUR,Euronext Paris,PRIMARY_DIRECT,Defence Contractor,True,2024-11-04,134.7069091796875,7371.7099609375,-0.009322064996016843,-0.005047826666614852,-0.0042742383294019914,0.2713373589256376,0.117845463378774,0.15653658696958217,2026-02-28,807,ok,0.0003832064451010121,1.0896334133963035,0.3894494594783263,-0.005117074155875413,-0.00420499084014143,-0.0358189006437264
CMP001,Airbus SE,AIR.PA,^FCHI,EUR,Euronext Paris,PRIMARY_DIRECT,Defence Contractor,True,2024-11-05,136.18576049804688,7407.14990234375,0.01097828854781846,0.004807560470236227,0.006170728077582233,0.2852944672935447,0.1232195730403467,0.1627073150471644,2026-02-28,807,ok,0.0003832064451010121,1.0896334133963035,0.3894494594783263,0.00562168497039365,0.00535660357742481,-0.03046229706630159
CMP001,Airbus SE,AIR.PA,^FCHI,EUR,Euronext Paris,PRIMARY_DIRECT,Defence Contractor,True,2024-11-06,136.70428466796875,7369.60986328125,0.003807477140235216,-0.005068081456083617,0.008875558596318833,0.2901881965962356,0.11752700475111078,0.17158287364348324,2026-02-28,807,ok,0.0003832064451010121,1.0896334133963035,0.3894494594783263,-0.005139144451261888,0.008946621591497103,-0.021515675474804485
CMP001,Airbus SE,AIR.PA,^FCHI,EUR,Euronext Paris,PRIMARY_DIRECT,Defence Contractor,True,2024-11-07,138.66323852539062,7425.60009765625,0.01432986436511352,0.0075974489034988935,0.006732415461614627,0.3086764184589301,0.1260173590679876,0.17831528910509786,2026-02-28,807,ok,0.0003832064451010121,1.0896334133963035,0.3894494594783263,0.008661640626924514,0.0056682237381890065,-0.01584745173661548
CMP001,Airbus SE,AIR.PA,^FCHI,EUR,Euronext Paris,PRIMARY_DIRECT,Defence Contractor,True,2024-11-08,136.64666748046875,7338.669921875,-0.014542939183932457,-0.011706821622226582,-0.0028361175617058754,0.28964441689383547,0.11283527470184795,0.175479171543392,2026-02-28,807,ok,0.0003832064451010121,1.0896334133963035,0.3894494594783263,-0.012372937559147389,-0.0021700016247850687,-0.018017453361400548
CMP001,Airbus SE,AIR.PA,^FCHI,EUR,Euronext Paris,PRIMARY_DIRECT,Defence Contractor,True,2024-11-11,139.70033264160156,7426.8798828125,0.022347161606186106,0.012019883967606226,0.01032727763857988,0.31846430909267776,0.12621142557882337,0.18580644918197187,2026-02-28,807,ok,0.0003832064451010121,1.0896334133963035,0.3894494594783263,0.013480473641351288,0.008866687964834818,-0.00915076539656573
CMP001,Airbus SE,AIR.PA,^FCHI,EUR,Euronext Paris,PRIMARY_DIRECT,Defence Contractor,True,2024-11-12,134.55328369140625,7226.97998046875,-0.036843498171188815,-0.026915731168126733,-0.009927767003062082,0.269887471731844,0.09589862160947105,0.17587868217890978,2026-02-28,807,ok,0.0003832064451010121,1.0896334133963035,0.3894494594783263,-0.028945073581682194,-0.007898424589506622,-0.01704918998607235
CMP001,Airbus SE,AIR.PA,^FCHI,EUR,Euronext Paris,PRIMARY_DIRECT,Defence Contractor,True,2024-11-13,132.95924377441406,7216.830078125,-0.011846904611024334,-0.0014044458918083258,-0.010442458719216008,0.2548432359875019,0.0943594912925132,0.16543622345969378,2026-02-28,807,ok,0.0003832064451010121,1.0896334133963035,0.3894494594783263,-0.0011471247259205095,-0.010699779885103825,-0.027748969871176178
CMP001,Airbus SE,AIR.PA,^FCHI,EUR,Euronext Paris,PRIMARY_DIRECT,Defence Contractor,True,2024-11-14,133.4009552001953,7311.7998046875,0.0033221565740151338,0.013159479374519778,-0.009837322800504644,0.2590120216932963,0.108760692446487,0.15559890065918913,2026-02-28,807,ok,0.0003832064451010121,1.0896334133963035,0.3894494594783263,0.01472221487447725,-0.011400058300462116,-0.039149028171638296
CMP001,Airbus SE,AIR.PA,^FCHI,EUR,Euronext Paris,PRIMARY_DIRECT,Defence Contractor,True,2024-11-15,132.555908203125,7269.6298828125,-0.00633463977677029,-0.005767379168117426,-0.0005672606086528642,0.251036634061246,0.10236604912644376,0.15503164005053627,2026-02-28,807,ok,0.0003832064451010121,1.0896334133963035,0.3894494594783263,-0.005901122604205512,-0.000433517172564778,-0.03958254534420307
CMP001,Airbus SE,AIR.PA,^FCHI,EUR,Euronext Paris,PRIMARY_DIRECT,Defence Contractor,True,2024-11-18,133.03604125976562,7278.22998046875,0.0036221173627726255,0.0011830172642741665,0.002439100098498459,0.2555680355749439,0.10367016719411004,0.15747074014903473,2026-02-28,807,ok,0.0003832064451010121,1.0896334133963035,0.3894494594783263,0.001672261584878829,0.0019498557778937966,-0.037632689566309274
CMP001,Airbus SE,AIR.PA,^FCHI,EUR,Euronext Paris,PRIMARY_DIRECT,Defence Contractor,True,2024-11-19,131.806884765625,7229.64013671875,-0.009239274428954003,-0.006676052265508492,-0.002563222163445511,0.24396749793004435,0.09630200747403972,0.15490751798558922,2026-02-28,807,ok,0.0003832064451010121,1.0896334133963035,0.3894494594783263,-0.006891243172977131,-0.002348031255976872,-0.039980720822286146
CMP001,Airbus SE,AIR.PA,^FCHI,EUR,Euronext Paris,PRIMARY_DIRECT,Defence Contractor,True,2024-11-20,132.36386108398438,7198.4501953125,0.004225699737534727,-0.004314176199149755,0.008539875936684482,0.2492241310595491,0.09157236744631514,0.1634473939222737,2026-02-28,807,ok,0.0003832064451010121,1.0896334133963035,0.3894494594783263,-0.004317664092771626,0.008543363830306353,-0.03143735699197979
CMP001,Airbus SE,AIR.PA,^FCHI,EUR,Euronext Paris,PRIMARY_DIRECT,Defence Contractor,True,2024-11-21,133.95790100097656,7213.31982421875,0.012042863542494953,0.002065670873979686,0.009977192668515267,0.264268366803891,0.0938271966925901,0.17342458659078896,2026-02-28,807,ok,0.0003832064451010121,1.0896334133963035,0.3894494594783263,0.0026340304504688227,0.00940883309202613,-0.02202852389995366
CMP001,Airbus SE,AIR.PA,^FCHI,EUR,Euronext Paris,PRIMARY_DIRECT,Defence Contractor,True,2024-11-22,132.45989990234375,7255.009765625,-0.011182625940234003,0.0057795775623694645,-0.016962203502603468,0.2501305265698526,0.1001490558157041,0.1564623830881855,2026-02-28,807,ok,0.0003832064451010121,1.0896334133963035,0.3894494594783263,0.006680827272374339,-0.017863453212608342,-0.039891977112562
CMP001,Airbus SE,AIR.PA,^FCHI,EUR,Euronext Paris,PRIMARY_DIRECT,Defence Contractor,True,2024-11-25,132.82479858398438,7257.47021484375,0.002754786028901224,0.00033913796097251314,0.0024156480679287107,0.25357436867875016,0.10052215812325938,0.1588780311561142,2026-02-28,807,ok,0.0003832064451010121,1.0896334133963035,0.3894494594783263,0.0007527424991277539,0.00200204352977347,-0.03788993358278853
CMP001,Airbus SE,AIR.PA,^FCHI,EUR,Euronext Paris,PRIMARY_DIRECT,Defence Contractor,True,2024-11-26,131.26914978027344,7194.509765625,-0.011712035856973668,-0.008675261124734157,-0.003036774732239511,0.23889246072340153,0.09097484102798403,0.1558412564238747,2026-02-28,807,ok,0.0003832064451010121,1.0896334133963035,0.3894494594783263,-0.009069647946347322,-0.0026423879106263464,-0.04053232149341488
CMP001,Airbus SE,AIR.PA,^FCHI,EUR,Euronext Paris,PRIMARY_DIRECT,Defence Contractor,True,2024-11-27,133.84268188476562,7143.02978515625,0.01960500322276726,-0.007155453553585933,0.026760456776353192,0.2631809514085459,0.08316842122487755,0.1826017132002279,2026-02-28,807,ok,0.0003832064451010121,1.0896334133963035,0.3894494594783263,-0.007413614834891538,0.027018618057658796,-0.013513703435756086
CMP001,Airbus SE,AIR.PA,^FCHI,EUR,Euronext Paris,PRIMARY_DIRECT,Defence Contractor,True,2024-11-28,139.37384033203125,7179.25,0.041325819009124354,0.005070707519520434,0.03625511148960392,0.3153829387822289,0.08866085148328962,0.2188568246898318,2026-02-28,807,ok,0.0003832064451010121,1.0896334133963035,0.3894494594783263,0.005908418787930366,0.03541740022119399,0.021903696785437902
CMP001,Airbus SE,AIR.PA,^FCHI,EUR,Euronext Paris,PRIMARY_DIRECT,Defence Contractor,True,2024-11-29,141.69769287109375,7235.10986328125,0.016673520178007273,0.007780737999268705,0.008892782178738567,0.337315002753821,0.09713143633874188,0.22774960686857038,2026-02-28,807,ok,0.0003832064451010121,1.0896334133963035,0.3894494594783263,0.008861358549986497,0.007812161628020776,0.029715858413458678
CMP001,Airbus SE,AIR.PA,^FCHI,EUR,Euronext Paris,PRIMARY_DIRECT,Defence Contractor,True,2024-12-02,144.5401153564453,7236.89013671875,0.020059765460947787,0.00024606031852192345,0.019813705142425864,0.3641412280564693,0.09740139684942783,0.24756331201099624,2026-02-28,807,ok,0.0003832064451010121,1.0896334133963035,0.3894494594783263,0.0006513219898734372,0.01940844347107435,0.049124301884533025
CMP001,Airbus SE,AIR.PA,^FCHI,EUR,Euronext Paris,PRIMARY_DIRECT,Defence Contractor,True,2024-12-03,146.0381317138672,7255.419921875,0.010364018001007391,0.0025604624094308637,0.0078035555915765276,0.378279212299963,0.10021125187411761,0.25536686760257277,2026-02-28,807,ok,0.0003832064451010121,1.0896334133963035,0.3894494594783263,0.0031731718401620877,0.007190846160845303,0.05631514804537833
CMP001,Airbus SE,AIR.PA,^FCHI,EUR,Euronext Paris,PRIMARY_DIRECT,Defence Contractor,True,2024-12-04,148.09310913085938,7303.27978515625,0.014071512644509232,0.0065964291242404105,0.0074750835202688215,0.39767368566350614,0.10746871741879716,0.2628419511228416,2026-02-28,807,ok,0.0003832064451010121,1.0896334133963035,0.3894494594783263,0.00757089602797388,0.006500616616535352,0.06281576466191369
CMP001,Airbus SE,AIR.PA,^FCHI,EUR,Euronext Paris,PRIMARY_DIRECT,Defence Contractor,True,2024-12-05,147.44012451171875,7330.5400390625,-0.004409284287249515,0.0037326043514935847,-0.0081418886387431,0.39151094504260797,0.11160245997257756,0.2547000624840985,2026-02-28,807,ok,0.0003832064451010121,1.0896334133963035,0.3894494594783263,0.004450376865476863,-0.008859661152726378,0.05395610350918731
CMP001,Airbus SE,AIR.PA,^FCHI,EUR,Euronext Paris,PRIMARY_DIRECT,Defence Contractor,True,2024-12-06,148.9957733154297,7426.8798828125,0.010551054598351817,0.013142257355751585,-0.0025912027573997687,0.4061928529979566,0.1262114255788238,0.2521088597266987,2026-02-28,807,ok,0.0003832064451010121,1.0896334133963035,0.3894494594783263,0.01470344918738129,-0.004152394589029473,0.049803708920157834
CMP001,Airbus SE,AIR.PA,^FCHI,EUR,Euronext Paris,PRIMARY_DIRECT,Defence Contractor,True,2024-12-09,150.72425842285156,7480.14013671875,0.01160090027361127,0.00717128252329835,0.00442961775031292,0.4225059560510509,0.13428780589261624,0.25653847747701164,2026-02-28,807,ok,0.0003832064451010121,1.0896334133963035,0.3894494594783263,0.00819727549939185,0.0034036247742194204,0.05320733369437725
CMP001,Airbus SE,AIR.PA,^FCHI,EUR,Euronext Paris,PRIMARY_DIRECT,Defence Contractor,True,2024-12-10,149.99444580078125,7394.77978515625,-0.004842038233970558,-0.011411597911579308,0.0065695596776087495,0.4156181278238009,0.1213437695357622,0.2631080371546204,2026-02-28,807,ok,0.0003832064451010121,1.0896334133963035,0.3894494594783263,-0.012051251939599278,0.007209213705628719,0.060416547400005974
CMP001,Airbus SE,AIR.PA,^FCHI,EUR,Euronext Paris,PRIMARY_DIRECT,Defence Contractor,True,2024-12-11,150.03286743164062,7423.39990234375,0.00025615369058673565,0.003870313656256563,-0.0036141599656698276,0.41598074363170445,0.12568372164035457,0.25949387718895056,2026-02-28,807,ok,0.0003832064451010121,1.0896334133963035,0.3894494594783263,0.0046004295252821785,-0.004344275834695443,0.05607227156531053
CMP001,Airbus SE,AIR.PA,^FCHI,EUR,Euronext Paris,PRIMARY_DIRECT,Defence Contractor,True,2024-12-12,153.5474395751953,7420.93994140625,0.02342534808351937,-0.0003313792830591522,0.023756727366578523,0.44915058543083775,0.12531069337572598,0.2832506045555291,2026-02-28,807,ok,0.0003832064451010121,1.0896334133963035,0.3894494594783263,2.2124505772448276e-05,0.023403223577746924,0.07947549514305745
CMP001,Airbus SE,AIR.PA,^FCHI,EUR,Euronext Paris,PRIMARY_DIRECT,Defence Contractor,True,2024-12-13,153.854736328125,7409.56982421875,0.0020013147323059144,-0.0015321667170568043,0.0035334814493627187,0.4520507918467902,0.12358652978498763,0.2867840860048918,2026-02-28,807,ok,0.0003832064451010121,1.0896334133963035,0.3894494594783263,-0.0012862936046978018,0.003287608337003716,0.08276310348006116
CMP001,Airbus SE,AIR.PA,^FCHI,EUR,Euronext Paris,PRIMARY_DIRECT,Defence Contractor,True,2024-12-16,151.5885009765625,7357.080078125,-0.014729708071705483,-0.007084047703037166,-0.007645660368668317,0.4306625075775983,0.11562698920950076,0.2791384256362235,2026-02-28,807,ok,0.0003832064451010121,1.0896334133963035,0.3894494594783263,-0.007335808634221619,-0.007393899437483864,0.0753692040425773
CMP001,Airbus SE,AIR.PA,^FCHI,EUR,Euronext Paris,PRIMARY_DIRECT,Defence Contractor,True,2024-12-17,152.24148559570312,7365.7001953125,0.004307613143041733,0.0011716764118323564,0.0031359367312093767,0.43682524819849666,0.1169341430371611,0.28227436236743286,2026-02-28,807,ok,0.0003832064451010121,1.0896334133963035,0.3894494594783263,0.0016599042131218357,0.0026477089299198975,0.0780169129724972
CMP001,Airbus SE,AIR.PA,^FCHI,EUR,Euronext Paris,PRIMARY_DIRECT,Defence Contractor,True,2024-12-18,152.5487823486328,7384.6201171875,0.002018482358650653,0.002568652181504927,-0.000550169822854274,0.4397254546144491,0.11980315836027078,0.2817241925445786,2026-02-28,807,ok,0.0003832064451010121,1.0896334133963035,0.3894494594783263,0.0031820956894620866,-0.0011636133308114338,0.07685329964168577
CMP001,Airbus SE,AIR.PA,^FCHI,EUR,Euronext Paris,PRIMARY_DIRECT,Defence Contractor,True,2024-12-19,150.30174255371094,7294.3701171875,-0.014729975292667508,-0.012221346334382988,-0.00250862895828452,0.4185183342397538,0.10611765613561408,0.27921556358629407,2026-02-28,807,ok,0.0003832064451010121,1.0896334133963035,0.3894494594783263,-0.012933580877531124,-0.0017963944151363834,0.0750569052265494
CMP001,Airbus SE,AIR.PA,^FCHI,EUR,Euronext Paris,PRIMARY_DIRECT,Defence Contractor,True,2024-12-20,148.630859375,7274.47998046875,-0.011116858329928148,-0.0027267792008365266,-0.008390079129091621,0.40274886687960487,0.10310151751718544,0.27082548445720245,2026-02-28,807,ok,0.0003832064451010121,1.0896334133963035,0.3894494594783263,-0.002587983283084537,-0.00852887504684361,0.0665280301797058
CMP001,Airbus SE,AIR.PA,^FCHI,EUR,Euronext Paris,PRIMARY_DIRECT,Defence Contractor,True,2024-12-23,147.7858123779297,7272.31982421875,-0.005685542024205348,-0.00029694992024165145,-0.005388592103963696,0.39477347924755435,0.10277395160954028,0.26543689235323875,2026-02-28,807,ok,0.0003832064451010121,1.0896334133963035,0.3894494594783263,5.963988990034135e-05,-0.005745181914105689,0.060782848265600105
CMP001,Airbus SE,AIR.PA,^FCHI,EUR,Euronext Paris,PRIMARY_DIRECT,Defence Contractor,True,2024-12-24,147.59376525878906,7282.68994140625,-0.0012994963186960806,0.0014259710021229388,-0.0027254673208190194,0.39296097624585724,0.10434647528643204,0.26271142503241973,2026-02-28,807,ok,0.0003832064451010121,1.0896334133963035,0.3894494594783263,0.0019369920955483774,-0.0032364884142444582,0.057546359851355644
CMP001,Airbus SE,AIR.PA,^FCHI,EUR,Euronext Paris,PRIMARY_DIRECT,Defence Contractor,True,2024-12-27,149.1302032470703,7355.3701171875,0.010409911188235421,0.009979853099061797,0.00043005808917362387,0.40746157629725444,0.11536769088025722,0.26314148312159336,2026-02-28,807,ok,0.0003832064451010121,1.0896334133963035,0.3894494594783263,0.011257587842625396,-0.0008476766543899748,0.056698683196965666
CMP001,Airbus SE,AIR.PA,^FCHI,EUR,Euronext Paris,PRIMARY_DIRECT,Defence Contractor,True,2024-12-30,148.2467498779297,7313.56005859375,-0.005924040535752351,-0.005684290243403445,-0.00023975029234890588,0.39912371686675563,0.10902761719717913,0.26290173282924445,2026-02-28,807,ok,0.0003832064451010121,1.0896334133963035,0.3894494594783263,-0.005810586135553989,-0.00011345440019836211,0.056585228796767306
CMP001,Airbus SE,AIR.PA,^FCHI,EUR,Euronext Paris,PRIMARY_DIRECT,Defence Contractor,True,2024-12-31,148.630859375,7380.740234375,0.0025910146251879596,0.009185700977776268,-0.006594686352588308,0.40274886687960465,0.11921481326484806,0.25630704647665614,2026-02-28,807,ok,0.0003832064451010121,1.0896334133963035,0.3894494594783263,0.01039225315595313,-0.00780123853076517,0.048783990266002136
CMP001,Airbus SE,AIR.PA,^FCHI,EUR,Euronext Paris,PRIMARY_DIRECT,Defence Contractor,True,2025-01-02,153.77792358398438,7393.759765625,0.034629848946766684,0.001763987193230676,0.03286586175353601,0.4513258482498934,0.12118909386192134,0.28917290823019215,2026-02-28,807,ok,0.0003832064451010121,1.0896334133963035,0.3894494594783263,0.0023053058316483185,0.032324543115118363,0.0811085333811205
CMP001,Airbus SE,AIR.PA,^FCHI,EUR,Euronext Paris,PRIMARY_DIRECT,Defence Contractor,True,2025-01-03,152.27989196777344,7282.22021484375,-0.009741525839974008,-0.015085633604139947,0.00534410776416594,0.43718771999694495,0.10427524599096283,0.2945170159943581,2026-02-28,807,ok,0.0003832064451010121,1.0896334133963035,0.3894494594783263,-0.016054603992223977,0.006313078152249969,0.08742161153337047
CMP001,Airbus SE,AIR.PA,^FCHI,EUR,Euronext Paris,PRIMARY_DIRECT,Defence Contractor,True,2025-01-06,153.29779052734375,7445.68994140625,0.006684392446152598,0.022447786765537714,-0.015763394319385116,0.4467944467361957,0.12906378124342965,0.278753621674973,2026-02-28,807,ok,0.0003832064451010121,1.0896334133963035,0.3894494594783263,0.02484306496162624,-0.01815867251547364,0.06926293901789683
CMP001,Airbus SE,AIR.PA,^FCHI,EUR,Euronext Paris,PRIMARY_DIRECT,Defence Contractor,True,2025-01-07,152.10704040527344,7489.35009765625,-0.007767562193650268,0.005863816059167526,-0.013631378252817794,0.43555638088974447,0.1356844035757092,0.2651222434221552,2026-02-28,807,ok,0.0003832064451010121,1.0896334133963035,0.3894494594783263,0.006772616353179784,-0.014540178546830053,0.05472276047106678
CMP001,Airbus SE,AIR.PA,^FCHI,EUR,Euronext Paris,PRIMARY_DIRECT,Defence Contractor,True,2025-01-08,152.27989196777344,7452.419921875,0.0011363810776900962,-0.004931025429403713,0.006067406507093809,0.43718771999694495,0.1300843149019002,0.271189649929249,2026-02-28,807,ok,0.0003832064451010121,1.0896334133963035,0.3894494594783263,-0.004989803625084129,0.006126184702774225,0.060848945173841006
CMP001,Airbus SE,AIR.PA,^FCHI,EUR,Euronext Paris,PRIMARY_DIRECT,Defence Contractor,True,2025-01-09,150.35935974121094,7490.27978515625,-0.012611857033421936,0.0050802106803080616,-0.017692067713729998,0.41906211394215376,0.1358253813081134,0.253497582215519,2026-02-28,807,ok,0.0003832064451010121,1.0896334133963035,0.3894494594783263,0.005918773749457443,-0.01853063078287938,0.04231831439096163
CMP001,Airbus SE,AIR.PA,^FCHI,EUR,Euronext Paris,PRIMARY_DIRECT,Defence Contractor,True,2025-01-10,151.3004150390625,7431.0400390625,0.006258707801571228,-0.007908882951361496,0.014167590752932724,0.4279436090655977,0.12684227131416193,0.2676651729684517,2026-02-28,807,ok,0.0003832064451010121,1.0896334133963035,0.3894494594783263,-0.008234576681342845,0.014493284482914074,0.0568115988738757
CMP001,Airbus SE,AIR.PA,^FCHI,EUR,Euronext Paris,PRIMARY_DIRECT,Defence Contractor,True,2025-01-13,149.2646484375,7408.64013671875,-0.013455128996420207,-0.0030143697552430515,-0.010440759241177155,0.4087304436060062,0.12344555205258323,0.25722441372727456,2026-02-28,807,ok,0.0003832064451010121,1.0896334133963035,0.3894494594783263,-0.002901351560543054,-0.010553777435877152,0.046257821437998545
CMP001,Airbus SE,AIR.PA,^FCHI,EUR,Euronext Paris,PRIMARY_DIRECT,Defence Contractor,True,2025-01-14,149.78318786621094,7423.669921875,0.0034739600711823915,0.0020286833857348086,0.001445276685447583,0.4136243169181526,0.12572466737880994,0.25866969041272214,2026-02-28,807,ok,0.0003832064451010121,1.0896334133963035,0.3894494594783263,0.0025937276473996015,0.00088023242378279,0.04713805386178133
CMP001,Airbus SE,AIR.PA,^FCHI,EUR,Euronext Paris,PRIMARY_DIRECT,Defence Contractor,True,2025-01-15,148.2467498779297,7474.58984375,-0.010257746614751095,0.006859130647088207,-0.017116877261839303,0.39912371686675563,0.1334461599450112,0.24155281315088284,2026-02-28,807,ok,0.0003832064451010121,1.0896334133963035,0.3894494594783263,0.007857144385018932,-0.018114890999770025,0.029023162862011308
CMP001,Airbus SE,AIR.PA,^FCHI,EUR,Euronext Paris,PRIMARY_DIRECT,Defence Contractor,True,2025-01-16,150.9547119140625,7634.740234375,0.0182665862041671,0.0214259770733658,-0.003159390869198697,0.42468093085119696,0.15773135138188743,0.23839342228168414,2026-02-28,807,ok,0.0003832064451010121,1.0896334133963035,0.3894494594783263,0.023729666978903528,-0.005463080774736426,0.02356008208727488
CMP001,Airbus SE,AIR.PA,^FCHI,EUR,Euronext Paris,PRIMARY_DIRECT,Defence Contractor,True,2025-01-17,154.39248657226562,7709.75,0.022773549858849274,0.009824796040508676,0.012948753818340597,0.4571259730628885,0.16910582577891686,0.25134217610002474,2026-02-28,807,ok,0.0003832064451010121,1.0896334133963035,0.3894494594783263,0.011088632490642968,0.011684917368206305,0.03524499945548119
CMP001,Airbus SE,AIR.PA,^FCHI,EUR,Euronext Paris,PRIMARY_DIRECT,Defence Contractor,True,2025-01-20,156.9276123046875,7733.5,0.016420007143516546,0.003080514932390699,0.013339492211125847,0.4810519919495846,0.17270727373277373,0.2646816683111506,2026-02-28,807,ok,0.0003832064451010121,1.0896334133963035,0.3894494594783263,0.0037398384459001724,0.012680168697616373,0.04792516815309756
CMP001,Airbus SE,AIR.PA,^FCHI,EUR,Euronext Paris,PRIMARY_DIRECT,Defence Contractor,True,2025-01-21,156.8123779296875,7770.9501953125,-0.000734315480288239,0.004842593303484799,-0.005576908783773038,0.47996443254478427,0.17838621812349986,0.25910475952737755,2026-02-28,807,ok,0.0003832064451010121,1.0896334133963035,0.3894494594783263,0.005659857916067235,-0.006394173396355474,0.04153099475674209
CMP001,Airbus SE,AIR.PA,^FCHI,EUR,Euronext Paris,PRIMARY_DIRECT,Defence Contractor,True,2025-01-22,158.57928466796875,7837.39990234375,0.011267648393633145,0.008551040138094379,0.002716608255538766,0.49664015140578166,0.18846264597285112,0.2618213677829163,2026-02-28,807,ok,0.0003832064451010121,1.0896334133963035,0.3894494594783263,0.009700705498861588,0.0015669428947715572,0.043097937651513644
CMP001,Airbus SE,AIR.PA,^FCHI,EUR,Euronext Paris,PRIMARY_DIRECT,Defence Contractor,True,2025-01-23,160.0388946533203,7892.60986328125,0.009204291647598728,0.0070444231027422255,0.0021598685448565025,0.5104156638508268,0.19683467969288837,0.2639812363277728,2026-02-28,807,ok,0.0003832064451010121,1.0896334133963035,0.3894494594783263,0.008059045235949802,0.0011452464116489258,0.04424318406316257
CMP001,Airbus SE,AIR.PA,^FCHI,EUR,Euronext Paris,PRIMARY_DIRECT,Defence Contractor,True,2025-01-24,160.40377807617188,7927.6201171875,0.0022799671519975195,0.004435827250137914,-0.002155860098140394,0.5138593619502692,0.2021436315789802,0.2618253762296324,2026-02-28,807,ok,0.0003832064451010121,1.0896334133963035,0.3894494594783263,0.005216632032905125,-0.002936664880907606,0.04130651918225496
CMP001,Airbus SE,AIR.PA,^FCHI,EUR,Euronext Paris,PRIMARY_DIRECT,Defence Contractor,True,2025-01-27,159.25146484375,7906.580078125,-0.007183828499816691,-0.0026540170633156945,-0.004529811436500997,0.5029840559211765,0.19895312186821323,0.2572955647931314,2026-02-28,807,ok,0.0003832064451010121,1.0896334133963035,0.3894494594783263,-0.0025086992268117014,-0.00467512927300499,0.03663138990924997
CMP001,Airbus SE,AIR.PA,^FCHI,EUR,Euronext Paris,PRIMARY_DIRECT,Defence Contractor,True,2025-01-28,160.17333984375,7897.3701171875,0.0057888007554876,-0.0011648476138224062,0.006953648369310006,0.5116845311595788,0.19755652418512004,0.26424921316244143,2026-02-28,807,ok,0.0003832064451010121,1.0896334133963035,0.3894494594783263,-0.0008860504364348355,0.006674851191922435,0.0433062411011724
CMP001,Airbus SE,AIR.PA,^FCHI,EUR,Euronext Paris,PRIMARY_DIRECT,Defence Contractor,True,2025-01-29,160.00047302246094,7872.47998046875,-0.001079248403371591,-0.0031516994074496374,0.0020724510040780464,0.5100530480429233,0.19378218599745844,0.2663216641665195,2026-02-28,807,ok,0.0003832064451010121,1.0896334133963035,0.3894494594783263,-0.0030509905382374433,0.0019717421348658523,0.04527798323603825
CMP001,Airbus SE,AIR.PA,^FCHI,EUR,Euronext Paris,PRIMARY_DIRECT,Defence Contractor,True,2025-01-30,159.71241760253906,7941.64013671875,-0.0018003410520007757,0.008785053302337031,-0.010585394354337807,0.5073344375498328,0.2042696261328265,0.25573626981218167,2026-02-28,807,ok,0.0003832064451010121,1.0896334133963035,0.3894494594783263,0.00995569406179498,-0.011756035113795756,0.0335219481222425
CMP001,Airbus SE,AIR.PA,^FCHI,EUR,Euronext Paris,PRIMARY_DIRECT,Defence Contractor,True,2025-01-31,160.48060607910156,7950.169921875,0.004809823106392441,0.0010740583820729732,0.003735764724319468,0.514584449556621,0.20556308201905038,0.25947203453650114,2026-02-28,807,ok,0.0003832064451010121,1.0896334133963035,0.3894494594783263,0.001553536346146097,0.0032562867602463443,0.03677823488248884
CMP001,Airbus SE,AIR.PA,^FCHI,EUR,Euronext Paris,PRIMARY_DIRECT,Defence Contractor,True,2025-02-03,159.96206665039062,7854.919921875,-0.0032311656927276333,-0.011980875998375606,0.008749710305647973,0.5096905762444748,0.1911193802251605,0.2682217448421491,2026-02-28,807,ok,0.0003832064451010121,1.0896334133963035,0.3894494594783263,-0.012671556364486846,0.009440390671759212,0.04621862555424805
CMP001,Airbus SE,AIR.PA,^FCHI,EUR,Euronext Paris,PRIMARY_DIRECT,Defence Contractor,True,2025-02-04,159.42433166503906,7906.39990234375,-0.0033616406477594563,0.006553851723603676,-0.009915492371363133,0.504615539037832,0.19892580002826699,0.258306252470786,2026-02-28,807,ok,0.0003832064451010121,1.0896334133963035,0.3894494594783263,0.007524502269584533,-0.01088614291734399,0.035332482636904056
CMP001,Airbus SE,AIR.PA,^FCHI,EUR,Euronext Paris,PRIMARY_DIRECT,Defence Contractor,True,2025-02-05,160.26934814453125,7891.68017578125,0.005300423534267074,-0.0018617482981270195,0.007162171832394093,0.512590638650972,0.19669370196048375,0.2654684243031801,2026-02-28,807,ok,0.0003832064451010121,1.0896334133963035,0.3894494594783263,-0.0016454167078718911,0.006945840242138965,0.04227832287904302
CMP001,Airbus SE,AIR.PA,^FCHI,EUR,Euronext Paris,PRIMARY_DIRECT,Defence Contractor,True,2025-02-06,161.2296142578125,8007.6201171875,0.0059915768323663965,0.014691414099884392,-0.008699837267517996,0.5216534416783674,0.21427482468670878,0.2567685870356621,2026-02-28,807,ok,0.0003832064451010121,1.0896334133963035,0.3894494594783263,0.016391462138376625,-0.010399885306010229,0.03187843757303279
CMP001,Airbus SE,AIR.PA,^FCHI,EUR,Euronext Paris,PRIMARY_DIRECT,Defence Contractor,True,2025-02-07,160.28855895996094,7973.02978515625,-0.005836739746500785,-0.004319676948336459,-0.0015170627981643259,0.5127719465549234,0.20902954971756427,0.25525152423749775,2026-02-28,807,ok,0.0003832064451010121,1.0896334133963035,0.3894494594783263,-0.004323657892884172,-0.0015130818536166135,0.030365355719416176
CMP001,Airbus SE,AIR.PA,^FCHI,EUR,Euronext Paris,PRIMARY_DIRECT,Defence Contractor,True,2025-02-10,160.78790283203125,8006.22021484375,0.0031152808117456132,0.00416283778963078,-0.0010475569778851668,0.517484655972573,0.21406254361590893,0.2542039672596126,2026-02-28,807,ok,0.0003832064451010121,1.0896334133963035,0.3894494594783263,0.004919173595231522,-0.0018038927834859086,0.028561462935930267
CMP001,Airbus SE,AIR.PA,^FCHI,EUR,Euronext Paris,PRIMARY_DIRECT,Defence Contractor,True,2025-02-11,160.57664489746094,8028.89990234375,-0.0013138919710334873,0.002832758391775325,-0.0041466503628088125,0.515490845066924,0.217501689474477,0.25005731689680377,2026-02-28,807,ok,0.0003832064451010121,1.0896334133963035,0.3894494594783263,0.003469874640858183,-0.00478376661189167,0.023777696324038596
CMP001,Airbus SE,AIR.PA,^FCHI,EUR,Euronext Paris,PRIMARY_DIRECT,Defence Contractor,True,2025-02-12,163.13096618652344,8042.18994140625,0.01590717809986386,0.0016552752212817268,0.014251902878582134,0.5395980278481167,0.21951698985293278,0.2643092197753859,2026-02-28,807,ok,0.0003832064451010121,1.0896334133963035,0.3894494594783263,0.0021868496345765417,0.01372032846528732,0.037498024789325915
CMP001,Airbus SE,AIR.PA,^FCHI,EUR,Euronext Paris,PRIMARY_DIRECT,Defence Contractor,True,2025-02-13,163.22698974609375,8164.10986328125,0.0005886286449166,0.015160040084017279,-0.014571411439100679,0.5405042793489652,0.2380049163022433,0.24973780833628523,2026-02-28,807,ok,0.0003832064451010121,1.0896334133963035,0.3894494594783263,0.016902092669073544,-0.016313464024156944,0.02118456076516897
CMP001,Airbus SE,AIR.PA,^FCHI,EUR,Euronext Paris,PRIMARY_DIRECT,Defence Contractor,True,2025-02-14,161.8249969482422,8178.5400390625,-0.008589221672423264,0.001767513669328702,-0.010356735341751966,0.5272725466063202,0.24019310691450357,0.23938107299453326,2026-02-28,807,ok,0.0003832064451010121,1.0896334133963035,0.3894494594783263,0.002309148397836271,-0.010898370070259535,0.010286190694909436
CMP001,Airbus SE,AIR.PA,^FCHI,EUR,Euronext Paris,PRIMARY_DIRECT,Defence Contractor,True,2025-02-17,163.72633361816406,8189.1298828125,0.011749338518634467,0.0012948330263617969,0.01045450549227267,0.5452169887666147,0.24179894990840278,0.24983557848680593,2026-02-28,807,ok,0.0003832064451010121,1.0896334133963035,0.3894494594783263,0.0017940997753938827,0.009955238743240584,0.02024142943815002
CMP001,Airbus SE,AIR.PA,^FCHI,EUR,Euronext Paris,PRIMARY_DIRECT,Defence Contractor,True,2025-02-18,166.12701416015625,8206.5595703125,0.01466276370416364,0.0021283930954107966,0.012534370608752843,0.5678741403445589,0.24444198621927615,0.2623699490955588,2026-02-28,807,ok,0.0003832064451010121,1.0896334133963035,0.3894494594783263,0.002702374678702603,0.011960389025461036,0.03220181846361106
CMP001,Airbus SE,AIR.PA,^FCHI,EUR,Euronext Paris,PRIMARY_DIRECT,Defence Contractor,True,2025-02-19,162.2091064453125,8110.5400390625,-0.02358380865779397,-0.011700339274615668,-0.011883469383178302,0.5308976966191696,0.22988159277293407,0.25048647971238047,2026-02-28,807,ok,0.0003832064451010121,1.0896334133963035,0.3894494594783263,-0.012365874176593288,-0.011217934481200682,0.020983883982410377
CMP001,Airbus SE,AIR.PA,^FCHI,EUR,Euronext Paris,PRIMARY_DIRECT,Defence Contractor,True,2025-02-20,158.52166748046875,8122.580078125,-0.022732626087715646,0.0014844928949875325,-0.02421711898270318,0.49609637170338083,0.2317073432590815,0.2262693607296773,2026-02-28,807,ok,0.0003832064451010121,1.0896334133963035,0.3894494594783263,0.002000759505428837,-0.02473338559314448,-0.0037495016107341045
CMP001,Airbus SE,AIR.PA,^FCHI,EUR,Euronext Paris,PRIMARY_DIRECT,Defence Contractor,True,2025-02-21,153.6434783935547,8154.509765625,-0.030773011440313636,0.003930978481331282,-0.03470398992164492,0.450056980941141,0.23654915832073065,0.19156537080803238,2026-02-28,807,ok,0.0003832064451010121,1.0896334133963035,0.3894494594783263,0.0046665319457014345,-0.03543954338601507,-0.039189044996749176
CMP001,Airbus SE,AIR.PA,^FCHI,EUR,Euronext Paris,PRIMARY_DIRECT,Defence Contractor,True,2025-02-24,157.81105041503906,8090.990234375,0.02712495229253542,-0.007789497232287834,0.034914449524823254,0.4893897073706275,0.22691706207440343,0.22647982033285563,2026-02-28,807,ok,0.0003832064451010121,1.0896334133963035,0.3894494594783263,-0.008104490012757839,0.03522944230529326,-0.003959602691455913
CMP001,Airbus SE,AIR.PA,^FCHI,EUR,Euronext Paris,PRIMARY_DIRECT,Defence Contractor,True,2025-02-25,157.58059692382812,8051.06982421875,-0.0014603127639341018,-0.004933933795476131,0.003473621031542029,0.4872147325704821,0.22086353451758822,0.22995344136439766,2026-02-28,807,ok,0.0003832064451010121,1.0896334133963035,0.3894494594783263,-0.004992972677935023,0.0035326599140009214,-0.0004269427774549915
CMP001,Airbus SE,AIR.PA,^FCHI,EUR,Euronext Paris,PRIMARY_DIRECT,Defence Contractor,True,2025-02-26,160.86473083496094,8143.919921875,0.020840978998958315,0.011532640963682006,0.009308338035276309,0.518209743578925,0.23494331532683144,0.23926177939967397,2026-02-28,807,ok,0.0003832064451010121,1.0896334133963035,0.3894494594783263,0.012949557383831871,0.007891421615126444,0.007464478837671452
CMP001,Airbus SE,AIR.PA,^FCHI,EUR,Euronext Paris,PRIMARY_DIRECT,Defence Contractor,True,2025-02-27,158.57928466796875,8102.52001953125,-0.014207254474798092,-0.0050835350471150065,-0.009123719427683086,0.4966401514057812,0.22866543770216707,0.23013805997199088,2026-02-28,807,ok,0.0003832064451010121,1.0896334133963035,0.3894494594783263,-0.005155983200406651,-0.009051271274391441,-0.0015867924367199892
CMP001,Airbus SE,AIR.PA,^FCHI,EUR,Euronext Paris,PRIMARY_DIRECT,Defence Contractor,True,2025-02-28,159.11703491210938,8111.6298828125,0.003391049753229458,0.001124324686553102,0.002266725066676356,0.5017153326218791,0.23004685658529023,0.23240478503866724,2026-02-28,807,ok,0.0003832064451010121,1.0896334133963035,0.3894494594783263,0.0016083081910755978,0.0017827415621538604,0.00019594912543387114
CMP001,Airbus SE,AIR.PA,^FCHI,EUR,Euronext Paris,PRIMARY_DIRECT,Defence Contractor,True,2025-03-03,167.4521942138672,8199.7099609375,0.05238382745355863,0.010858493224848775,0.041525334228709854,0.5803809294903071,0.2434033120437682,0.2739301192673771,2026-02-28,807,ok,0.0003832064451010121,1.0896334133963035,0.3894494594783263,0.012214983482033618,0.04016884397152501,0.04036479309695888
CMP001,Airbus SE,AIR.PA,^FCHI,EUR,Euronext Paris,PRIMARY_DIRECT,Defence Contractor,True,2025-03-04,162.03627014160156,8047.919921875,-0.032343106029106394,-0.018511635141439275,-0.013831470887667119,0.5292665015214244,0.22038588359755673,0.26009864837971,2026-02-28,807,ok,0.0003832064451010121,1.0896334133963035,0.3894494594783263,-0.01978768974161243,-0.012555416287493966,0.027809376809464915
CMP001,Airbus SE,AIR.PA,^FCHI,EUR,Euronext Paris,PRIMARY_DIRECT,Defence Contractor,True,2025-03-05,165.91575622558594,8173.75,0.02394208457522584,0.01563510563555459,0.00830697893967125,0.5658803294389101,0.23946674580374405,0.2684056273193812,2026-02-28,807,ok,0.0003832064451010121,1.0896334133963035,0.3894494594783263,0.017419739967582143,0.006522344607643699,0.034331721417108614
CMP001,Airbus SE,AIR.PA,^FCHI,EUR,Euronext Paris,PRIMARY_DIRECT,Defence Contractor,True,2025-03-06,166.18463134765625,8197.669921875,0.0016205520692365027,0.0029264317938522133,-0.0013058797246157106,0.568417920046959,0.24309396069608669,0.2670997475947655,2026-02-28,807,ok,0.0003832064451010121,1.0896334133963035,0.3894494594783263,0.0035719443097076667,-0.001951392240471164,0.03238032917663745
CMP001,Airbus SE,AIR.PA,^FCHI,EUR,Euronext Paris,PRIMARY_DIRECT,Defence Contractor,True,2025-03-07,162.82366943359375,8120.7998046875,-0.020224264342660003,-0.009377069084274381,-0.010847195258385622,0.5366978214321643,0.23143738274839531,0.2562525523363799,2026-02-28,807,ok,0.0003832064451010121,1.0896334133963035,0.3894494594783263,-0.00983436134884983,-0.010389902993810173,0.021990426182827275
CMP001,Airbus SE,AIR.PA,^FCHI,EUR,Euronext Paris,PRIMARY_DIRECT,Defence Contractor,True,2025-03-10,156.6395263671875,8047.60009765625,-0.037980614783579725,-0.009013854397567744,-0.02896676038601198,0.4783330934375831,0.22033738548057946,0.2272857919503679,2026-02-28,807,ok,0.0003832064451010121,1.0896334133963035,0.3894494594783263,-0.00943859048997801,-0.028542024293601715,-0.0065515981107744405
CMP001,Airbus SE,AIR.PA,^FCHI,EUR,Euronext Paris,PRIMARY_DIRECT,Defence Contractor,True,2025-03-11,156.5242919921875,7941.91015625,-0.0007356660076325294,-0.013133100567090938,0.012397434559458409,0.4772455340327828,0.2043105718712821,0.23968322650982632,2026-02-28,807,ok,0.0003832064451010121,1.0896334133963035,0.3894494594783263,-0.013927058754295216,0.013191392746662686,0.006639794635888246
CMP001,Airbus SE,AIR.PA,^FCHI,EUR,Euronext Paris,PRIMARY_DIRECT,Defence Contractor,True,2025-03-12,157.58059692382812,7988.9599609375,0.006748504773261388,0.00592424287883353,0.0008242618944278579,0.4872147325704821,0.21144520020059443,0.24050748840425418,2026-02-28,807,ok,0.0003832064451010121,1.0896334133963035,0.3894494594783263,0.006838459434953135,-8.995466169174713e-05,0.006549839974196499
CMP001,Airbus SE,AIR.PA,^FCHI,EUR,Euronext Paris,PRIMARY_DIRECT,Defence Contractor,True,2025-03-13,155.77528381347656,7938.2099609375,-0.01145644289711778,-0.006352516503793426,-0.005103926393324354,0.470176541911036,0.20374947457287873,0.23540356201092982,2026-02-28,807,ok,0.0003832064451010121,1.0896334133963035,0.3894494594783263,-0.006538707796583771,-0.004917735100534009,0.0016321048736624892
CMP001,Airbus SE,AIR.PA,^FCHI,EUR,Euronext Paris,PRIMARY_DIRECT,Defence Contractor,True,2025-03-14,162.4779815673828,8028.27978515625,0.04302799256608636,0.011346364566062972,0.03168162800002339,0.5334352872272186,0.2174076549575894,0.2670851900109532,2026-02-28,807,ok,0.0003832064451010121,1.0896334133963035,0.3894494594783263,0.012746584396859077,0.03028140816922728,0.03191351304288977
CMP001,Airbus SE,AIR.PA,^FCHI,EUR,Euronext Paris,PRIMARY_DIRECT,Defence Contractor,True,2025-03-17,164.4369354248047,8073.97998046875,0.01205673432501042,0.005692401926125745,0.006364332398884676,0.5519235090899133,0.22433762863755025,0.2734495224098379,2026-02-28,807,ok,0.0003832064451010121,1.0896334133963035,0.3894494594783263,0.0065858377862891004,0.00547089653872132,0.03738440958161109
CMP001,Airbus SE,AIR.PA,^FCHI,EUR,Euronext Paris,PRIMARY_DIRECT,Defence Contractor,True,2025-03-18,164.95547485351562,8114.56982421875,0.0031534243044080146,0.005027241069235799,-0.0018738167648277848,0.5568173824020597,0.23049266904684762,0.2715757056450101,2026-02-28,807,ok,0.0003832064451010121,1.0896334133963035,0.3894494594783263,0.005861056291338498,-0.002707631986930484,0.03467677759468061
CMP001,Airbus SE,AIR.PA,^FCHI,EUR,Euronext Paris,PRIMARY_DIRECT,Defence Contractor,True,2025-03-19,164.49456787109375,8171.47021484375,-0.0027941296451734488,0.007012126564636345,-0.009806256209809794,0.5524674328017687,0.23912103937906126,0.2617694494352003,2026-02-28,807,ok,0.0003832064451010121,1.0896334133963035,0.3894494594783263,0.008023853848892608,-0.010817983494066057,0.023858794100614554
CMP001,Airbus SE,AIR.PA,^FCHI,EUR,Euronext Paris,PRIMARY_DIRECT,Defence Contractor,True,2025-03-20,160.71107482910156,8094.2001953125,-0.02300071723314978,-0.009456073081057892,-0.01354464415209189,0.5167595683662212,0.2274038202744164,0.24822480528310842,2026-02-28,807,ok,0.0003832064451010121,1.0896334133963035,0.3894494594783263,-0.009920446743536999,-0.013080270489612782,0.010778523611001772
CMP001,Airbus SE,AIR.PA,^FCHI,EUR,Euronext Paris,PRIMARY_DIRECT,Defence Contractor,True,2025-03-21,160.0196990966797,8042.9501953125,-0.004301979394743527,-0.006331694146838651,0.002029714752095124,0.5102344999563295,0.21963227468977742,0.25025452003520354,2026-02-28,807,ok,0.0003832064451010121,1.0896334133963035,0.3894494594783263,-0.006516019060700183,0.0022140396659566563,0.012992563276958427
CMP001,Airbus SE,AIR.PA,^FCHI,EUR,Euronext Paris,PRIMARY_DIRECT,Defence Contractor,True,2025-03-24,160.57664489746094,8022.330078125,0.003480482740095381,-0.0025637504506141884,0.006044233190709569,0.515490845066924,0.216505441895958,0.2562987532259131,2026-02-28,807,ok,0.0003832064451010121,1.0896334133963035,0.3894494594783263,-0.002410341709498037,0.005890824449593417,0.018883387726551844
CMP001,Airbus SE,AIR.PA,^FCHI,EUR,Euronext Paris,PRIMARY_DIRECT,Defence Contractor,True,2025-03-25,165.4740447998047,8108.58984375,0.030498830670369736,0.010752457800285553,0.019746372870084183,0.5617115437331157,0.2295858653237619,0.2760451260959973,2026-02-28,807,ok,0.0003832064451010121,1.0896334133963035,0.3894494594783263,0.012099443740425868,0.01839938692994387,0.03728277465649571
CMP001,Airbus SE,AIR.PA,^FCHI,EUR,Euronext Paris,PRIMARY_DIRECT,Defence Contractor,True,2025-03-26,163.76473999023438,8030.68017578125,-0.010329745741323282,-0.009608288182044622,-0.0007214575592786598,0.5455794605650632,0.21777164998516252,0.27532366853671864,2026-02-28,807,ok,0.0003832064451010121,1.0896334133963035,0.3894494594783263,-0.010086305403595633,-0.00024344033772764895,0.03703933431876806
CMP001,Airbus SE,AIR.PA,^FCHI,EUR,Euronext Paris,PRIMARY_DIRECT,Defence Contractor,True,2025-03-27,161.9978485107422,7990.10986328125,-0.010789205781400524,-0.005051914858015483,-0.005737290923385041,0.5289038857135206,0.21161957129293252,0.2695863776133336,2026-02-28,807,ok,0.0003832064451010121,1.0896334133963035,0.3894494594783263,-0.0051215287858259,-0.005667676995574624,0.031371657323193435
CMP001,Airbus SE,AIR.PA,^FCHI,EUR,Euronext Paris,PRIMARY_DIRECT,Defence Contractor,True,2025-03-28,159.65476989746094,7916.080078125,-0.014463640318814974,-0.009265177378405709,-0.005198462940409265,0.5067903698285217,0.20039370104975562,0.26438791467292433,2026-02-28,807,ok,0.0003832064451010121,1.0896334133963035,0.3894494594783263,-0.009712440407453416,-0.0047511999113615585,0.026620457411831874
CMP001,Airbus SE,AIR.PA,^FCHI,EUR,Euronext Paris,PRIMARY_DIRECT,Defence Contractor,True,2025-03-31,156.3130340576172,7790.7099609375,-0.020931011594517268,-0.015837398807263647,-0.005093612787253621,0.4752517231271338,0.1813825872805035,0.2592943018856707,2026-02-28,807,ok,0.0003832064451010121,1.0896334133963035,0.3894494594783263,-0.016873752476576222,-0.004057259117941046,0.022563198293890828
CMP001,Airbus SE,AIR.PA,^FCHI,EUR,Euronext Paris,PRIMARY_DIRECT,Defence Contractor,True,2025-04-01,161.38327026367188,7876.35986328125,0.03243642628154597,0.010993850723900245,0.021442575557645727,0.5231036168910708,0.1943705310928805,0.28073687744331643,2026-02-28,807,ok,0.0003832064451010121,1.0896334133963035,0.3894494594783263,0.012362473535753859,0.020073952745792115,0.04263715103968294
CMP001,Airbus SE,AIR.PA,^FCHI,EUR,Euronext Paris,PRIMARY_DIRECT,Defence Contractor,True,2025-04-02,156.27464294433594,7858.830078125,-0.031655247232190376,-0.0022256201418592303,-0.029429627090331145,0.47488939533814056,0.19171231598203708,0.2513072503529853,2026-02-28,807,ok,0.0003832064451010121,1.0896334133963035,0.3894494594783263,-0.0020419036269966264,-0.02961334360519375,0.013023807434489193
CMP001,Airbus SE,AIR.PA,^FCHI,EUR,Euronext Paris,PRIMARY_DIRECT,Defence Contractor,True,2025-04-03,151.7421417236328,7598.97998046875,-0.029003433540510937,-0.033064730382648344,0.004061296842137407,0.43211253878084643,0.15230866956040967,0.2553685471951227,2026-02-28,807,ok,0.0003832064451010121,1.0896334133963035,0.3894494594783263,-0.035645228584772565,0.006641795044261628,0.01966560247875082
CMP001,Airbus SE,AIR.PA,^FCHI,EUR,Euronext Paris,PRIMARY_DIRECT,Defence Contractor,True,2025-04-04,141.06390380859375,7274.9501953125,-0.07037094503705688,-0.0426412210571796,-0.027729723979877274,0.33133342602741944,0.10317282085557977,0.22763882321524542,2026-02-28,807,ok,0.0003832064451010121,1.0896334133963035,0.3894494594783263,-0.04608009280681993,-0.024290852230236942,-0.004625249751486121
CMP001,Airbus SE,AIR.PA,^FCHI,EUR,Euronext Paris,PRIMARY_DIRECT,Defence Contractor,True,2025-04-07,131.36517333984375,6927.1201171875,-0.06875416181527183,-0.047812021908977265,-0.020942139906294566,0.23979871222424998,0.05042789777544443,0.20669668330895086,2026-02-28,807,ok,0.0003832064451010121,1.0896334133963035,0.3894494594783263,-0.051714370188956735,-0.017039791626315096,-0.021665041377801217
CMP001,Airbus SE,AIR.PA,^FCHI,EUR,Euronext Paris,PRIMARY_DIRECT,Defence Contractor,True,2025-04-08,134.66851806640625,7100.419921875,0.025146274637165122,0.025017583318283965,0.0001286913188811578,0.27097503113664456,0.07670706522789139,0.20682537462783201,2026-02-28,807,ok,0.0003832064451010121,1.0896334133963035,0.3894494594783263,0.027643201151129188,-0.0024969265139640658,-0.024161967891765283
CMP001,Airbus SE,AIR.PA,^FCHI,EUR,Euronext Paris,PRIMARY_DIRECT,Defence Contractor,True,2025-04-09,128.1770782470703,6863.02001953125,-0.0482030983376156,-0.03343462850871226,-0.014768469828903341,0.20971009672611074,0.04070776448929103,0.19205690479892867,2026-02-28,807,ok,0.0003832064451010121,1.0896334133963035,0.3894494594783263,-0.036048281942484495,-0.012154816395131107,-0.036316784286896386
CMP001,Airbus SE,AIR.PA,^FCHI,EUR,Euronext Paris,PRIMARY_DIRECT,Defence Contractor,True,2025-04-10,133.9195098876953,7126.02001953125,0.04480076874241168,0.03832132199112581,0.006479446751285867,0.26390603901489773,0.08058906183094994,0.19853635155021454,2026-02-28,807,ok,0.0003832064451010121,1.0896334133963035,0.3894494594783263,0.04213939933215026,0.002661369410261419,-0.03365541487663497
CMP001,Airbus SE,AIR.PA,^FCHI,EUR,Euronext Paris,PRIMARY_DIRECT,Defence Contractor,True,2025-04-11,129.5022430419922,7104.7998046875,-0.032984490828912416,-0.0029778494567218594,-0.030006641372190557,0.22221674186240392,0.07737123028023696,0.16852971017802398,2026-02-28,807,ok,0.0003832064451010121,1.0896334133963035,0.3894494594783263,-0.0028615578230071553,-0.03012293300590526,-0.06377834788254022
CMP001,Airbus SE,AIR.PA,^FCHI,EUR,Euronext Paris,PRIMARY_DIRECT,Defence Contractor,True,2025-04-14,133.72744750976562,7273.1201171875,0.03262649641059401,0.023691070421005822,0.008935425989588186,0.2620933920037456,0.1028953079663717,0.17746513616761217,2026-02-28,807,ok,0.0003832064451010121,1.0896334133963035,0.3894494594783263,0.026197788374953786,0.006428708035640222,-0.0573496398469
CMP001,Airbus SE,AIR.PA,^FCHI,EUR,Euronext Paris,PRIMARY_DIRECT,Defence Contractor,True,2025-04-15,135.3406982421875,7335.39990234375,0.01206372186460869,0.008563007918578558,0.0035007139460301318,0.27731893565203936,0.11233940922185082,0.1809658501136423,2026-02-28,807,ok,0.0003832064451010121,1.0896334133963035,0.3894494594783263,0.009713745992361342,0.002349975872247348,-0.054999663974652654
CMP001,Airbus SE,AIR.PA,^FCHI,EUR,Euronext Paris,PRIMARY_DIRECT,Defence Contractor,True,2025-04-16,134.91818237304688,7329.97021484375,-0.0031218685482510278,-0.0007402033389161122,-0.0023816652093349155,0.27333131384074183,0.11151605187713676,0.17858418490430739,2026-02-28,807,ok,0.0003832064451010121,1.0896334133963035,0.3894494594783263,-0.00042334384568949214,-0.0026985247025615357,-0.05769818867721419
CMP001,Airbus SE,AIR.PA,^FCHI,EUR,Euronext Paris,PRIMARY_DIRECT,Defence Contractor,True,2025-04-17,131.0386962890625,7285.85986328125,-0.02875436072254256,-0.006017807749501225,-0.022736552973041335,0.23671748592325614,0.10482716196645558,0.15584763193126605,2026-02-28,807,ok,0.0003832064451010121,1.0896334133963035,0.3894494594783263,-0.006173997954150735,-0.022580362768391826,-0.08027855144560601
CMP001,Airbus SE,AIR.PA,^FCHI,EUR,Euronext Paris,PRIMARY_DIRECT,Defence Contractor,True,2025-04-22,130.64593505859375,7326.47021484375,-0.0029972919571966683,0.00557385844973024,-0.008571150406926908,0.23301068254937385,0.11098531217867369,0.14727648152433914,2026-02-28,807,ok,0.0003832064451010121,1.0896334133963035,0.3894494594783263,0.006456668853468402,-0.00945396081066507,-0.08973251225627109
CMP001,Airbus SE,AIR.PA,^FCHI,EUR,Euronext Paris,PRIMARY_DIRECT,Defence Contractor,True,2025-04-23,136.32107543945312,7482.35986328125,0.043439088849676954,0.021277592601367745,0.02216149624830921,0.286571543141237,0.13462440503731488,0.16943797777264835,2026-02-28,807,ok,0.0003832064451010121,1.0896334133963035,0.3894494594783263,0.02356798230018528,0.019871106549491674,-0.06986140570677941
CMP001,Airbus SE,AIR.PA,^FCHI,EUR,Euronext Paris,PRIMARY_DIRECT,Defence Contractor,True,2025-04-24,134.7697296142578,7502.77978515625,-0.01138008792986922,0.0027290750843471656,-0.014109163014216386,0.27193024585222214,0.13772088023119444,0.15532881475843197,2026-02-28,807,ok,0.0003832064451010121,1.0896334133963035,0.3894494594783263,0.003356897844673019,-0.01473698577454224,-0.08459839148132166
CMP001,Airbus SE,AIR.PA,^FCHI,EUR,Euronext Paris,PRIMARY_DIRECT,Defence Contractor,True,2025-04-25,138.0491485595703,7536.259765625,0.024333497994682984,0.004462343481677067,0.019871154513005918,0.3028807579390438,0.14279778158506207,0.17519996927143788,2026-02-28,807,ok,0.0003832064451010121,1.0896334133963035,0.3894494594783263,0.005245525004787539,0.019087972989895445,-0.06551041849142622
CMP001,Airbus SE,AIR.PA,^FCHI,EUR,Euronext Paris,PRIMARY_DIRECT,Defence Contractor,True,2025-04-28,141.70166015625,7573.759765625,0.026458052329845216,0.0049759431291167555,0.02148210920072846,0.33735244521214347,0.1484842783543101,0.19668207847216634,2026-02-28,807,ok,0.0003832064451010121,1.0896334133963035,0.3894494594783263,0.005805160341746386,0.02065289198809883,-0.04485752650332739
CMP001,Airbus SE,AIR.PA,^FCHI,EUR,Euronext Paris,PRIMARY_DIRECT,Defence Contractor,True,2025-04-29,141.36781311035156,7555.8701171875,-0.0023559854240967626,-0.002362056493882436,6.071069785673622e-06,0.33420166234434356,0.14577149360650132,0.19668814954195202,2026-02-28,807,ok,0.0003832064451010121,1.0896334133963035,0.3894494594783263,-0.0021905692349630116,-0.00016541618913375102,-0.04502294269246114
CMP001,Airbus SE,AIR.PA,^FCHI,EUR,Euronext Paris,PRIMARY_DIRECT,Defence Contractor,True,2025-04-30,144.47048950195312,7593.8701171875,0.021947544659119966,0.005029202383132647,0.01691834227598732,0.36348411291291804,0.15153381033267266,0.21360649181793934,2026-02-28,807,ok,0.0003832064451010121,1.0896334133963035,0.3894494594783263,0.005863193404494663,0.016084351254625304,-0.028938591437835837
CMP001,Airbus SE,AIR.PA,^FCHI,EUR,Euronext Paris,PRIMARY_DIRECT,Defence Contractor,True,2025-05-02,152.14862060546875,7770.47998046875,0.053146709269036085,0.02325689807118536,0.029889811197850724,0.4359488066548505,0.1783149147851033,0.24349630301579006,2026-02-28,807,ok,0.0003832064451010121,1.0896334133963035,0.3894494594783263,0.025724699675416626,0.02742200959361946,-0.0015165818442163768
CMP001,Airbus SE,AIR.PA,^FCHI,EUR,Euronext Paris,PRIMARY_DIRECT,Defence Contractor,True,2025-05-05,155.40838623046875,7727.93017578125,0.0214248779386097,-0.005475827078179174,0.026900705016788873,0.4667138345635229,0.17186266606810063,0.27039700803257893,2026-02-28,807,ok,0.0003832064451010121,1.0896334133963035,0.3894494594783263,-0.005583437705263268,0.027008315643872967,0.02549173379965659
CMP001,Airbus SE,AIR.PA,^FCHI,EUR,Euronext Paris,PRIMARY_DIRECT,Defence Contractor,True,2025-05-06,153.7981414794922,7696.919921875,-0.010361376178172232,-0.004012750270885435,-0.006348625907286798,0.45151666077788066,0.1671602738373954,0.26404838212529214,2026-02-28,807,ok,0.0003832064451010121,1.0896334133963035,0.3894494594783263,-0.003989220329670825,-0.006372155848501407,0.01911957795115518
CMP001,Airbus SE,AIR.PA,^FCHI,EUR,Euronext Paris,PRIMARY_DIRECT,Defence Contractor,True,2025-05-07,151.7755126953125,7626.83984375,-0.013151191325997846,-0.0091049509201504,-0.0040462404058474455,0.4324274874591172,0.1565333368281565,0.2600021417194447,2026-02-28,807,ok,0.0003832064451010121,1.0896334133963035,0.3894494594783263,-0.009537852304828284,-0.0036133390211695628,0.015506238929985618
CMP001,Airbus SE,AIR.PA,^FCHI,EUR,Euronext Paris,PRIMARY_DIRECT,Defence Contractor,True,2025-05-08,155.50657653808594,7694.43994140625,0.0245827787138726,0.008863447907805133,0.015719330806067466,0.46764053540699324,0.16678420981277298,0.27572147252551216,2026-02-28,807,ok,0.0003832064451010121,1.0896334133963035,0.3894494594783263,0.010041115443343044,0.014541663270529555,0.030047902200515175
CMP001,Airbus SE,AIR.PA,^FCHI,EUR,Euronext Paris,PRIMARY_DIRECT,Defence Contractor,True,2025-05-09,155.5654754638672,7743.75,0.00037875520825214615,0.006408531221147928,-0.006029776012895782,0.4681964119036206,0.1742615828497005,0.2696916965126164,2026-02-28,807,ok,0.0003832064451010121,1.0896334133963035,0.3894494594783263,0.00736615619445721,-0.006987400986205064,0.023060501214310112
CMP001,Airbus SE,AIR.PA,^FCHI,EUR,Euronext Paris,PRIMARY_DIRECT,Defence Contractor,True,2025-05-12,155.70294189453125,7850.10009765625,0.0008836564170433547,0.013733668785310682,-0.012850012368267327,0.46949379308447936,0.1903885024958729,0.25684168414434905,2026-02-28,807,ok,0.0003832064451010121,1.0896334133963035,0.3894494594783263,0.015347870842093356,-0.014464214425050002,0.00859628678926011
CMP001,Airbus SE,AIR.PA,^FCHI,EUR,Euronext Paris,PRIMARY_DIRECT,Defence Contractor,True,2025-05-13,158.17723083496094,7873.830078125,0.015891086644372443,0.0030228889025039063,0.012868197741868537,0.49284564627375227,0.19398691468973595,0.2697098818862176,2026-02-28,807,ok,0.0003832064451010121,1.0896334133963035,0.3894494594783263,0.0036770471982541493,0.012214039446118295,0.020810326235378405
CMP001,Airbus SE,AIR.PA,^FCHI,EUR,Euronext Paris,PRIMARY_DIRECT,Defence Contractor,True,2025-05-14,156.6062469482422,7836.7900390625,-0.009931795356550976,-0.004704195886244045,-0.005227599470306932,0.4780190088160432,0.18837016635742332,0.26448228241591065,2026-02-28,807,ok,0.0003832064451010121,1.0896334133963035,0.3894494594783263,-0.004742642575711936,-0.005189152780839041,0.015621173454539363
CMP001,Airbus SE,AIR.PA,^FCHI,EUR,Euronext Paris,PRIMARY_DIRECT,Defence Contractor,True,2025-05-15,156.33132934570312,7853.47021484375,-0.0017554702184384707,0.0021284448987541893,-0.00388391511719266,0.4754243904637807,0.19089954677583854,0.260598367298718,2026-02-28,807,ok,0.0003832064451010121,1.0896334133963035,0.3894494594783263,0.002702431125356489,-0.00445790134379496,0.011163272110744403
CMP001,Airbus SE,AIR.PA,^FCHI,EUR,Euronext Paris,PRIMARY_DIRECT,Defence Contractor,True,2025-05-16,157.33282470703125,7886.68994140625,0.0064062358167087385,0.004229942388997987,0.0021762934277107515,0.48487630703881535,0.19593698324978415,0.26277466072642874,2026-02-28,807,ok,0.0003832064451010121,1.0896334133963035,0.3894494594783263,0.004992293008894603,0.0014139428078141355,0.012577214918558538
CMP001,Airbus SE,AIR.PA,^FCHI,EUR,Euronext Paris,PRIMARY_DIRECT,Defence Contractor,True,2025-05-19,158.96270751953125,7883.6298828125,0.010359458145717593,-0.00038800290318052877,0.010747461048898121,0.5002588209931516,0.19547295622826222,0.27352212177532687,2026-02-28,807,ok,0.0003832064451010121,1.0896334133963035,0.3894494594783263,-3.9574482699262896e-05,0.010399032628416856,0.022976247546975394
CMP001,Airbus SE,AIR.PA,^FCHI,EUR,Euronext Paris,PRIMARY_DIRECT,Defence Contractor,True,2025-05-20,158.90379333496094,7942.419921875,-0.00037061638852042833,0.0074572297198618465,-0.007827846108382275,0.49970280048706917,0.20438787268673875,0.2656942756669446,2026-02-28,807,ok,0.0003832064451010121,1.0896334133963035,0.3894494594783263,0.008508853119234435,-0.008879469507754863,0.01409677803922053
CMP001,Airbus SE,AIR.PA,^FCHI,EUR,Euronext Paris,PRIMARY_DIRECT,Defence Contractor,True,2025-05-21,159.15908813476562,7910.490234375,0.0016065997824641354,-0.004020145977431833,0.005626745759895968,0.5021122226800925,0.19954605762508937,0.27132102142684056,2026-02-28,807,ok,0.0003832064451010121,1.0896334133963035,0.3894494594783263,-0.003997278938639454,0.00560387872110359,0.01970065676032412
CMP001,Airbus SE,AIR.PA,^FCHI,EUR,Euronext Paris,PRIMARY_DIRECT,Defence Contractor,True,2025-05-22,158.3343048095703,7864.43994140625,-0.005182131506665466,-0.005821420873340921,0.0006392893666754551,0.49432807960439473,0.19256299516669695,0.271960310793516,2026-02-28,807,ok,0.0003832064451010121,1.0896334133963035,0.3894494594783263,-0.005960008251933946,0.00077787674526848,0.0204785335055926
CMP001,Airbus SE,AIR.PA,^FCHI,EUR,Euronext Paris,PRIMARY_DIRECT,Defence Contractor,True,2025-05-23,154.4461669921875,7734.39990234375,-0.02455650922937458,-0.01653519386394442,-0.00802131536543016,0.4576325983258758,0.1728437348466494,0.26393899542808585,2026-02-28,807,ok,0.0003832064451010121,1.0896334133963035,0.3894494594783263,-0.01763409328603836,-0.006922415943336219,0.01355611756225638
CMP001,Airbus SE,AIR.PA,^FCHI,EUR,Euronext Paris,PRIMARY_DIRECT,Defence Contractor,True,2025-05-26,157.3131866455078,7828.1298828125,0.018563229565064843,0.01211858471920313,0.006444644845861713,0.4846909668701209,0.1870569410097751,0.27038364027394757,2026-02-28,807,ok,0.0003832064451010121,1.0896334133963035,0.3894494594783263,0.013588021278218601,0.004975208286846241,0.018531325849102623
CMP001,Airbus SE,AIR.PA,^FCHI,EUR,Euronext Paris,PRIMARY_DIRECT,Defence Contractor,True,2025-05-27,159.25726318359375,7826.7900390625,0.01235800112845431,-0.00017115757787078412,0.012529158706325094,0.5030387795141078,0.1868537672189572,0.28291279898027266,2026-02-28,807,ok,0.0003832064451010121,1.0896334133963035,0.3894494594783263,0.000196707429297026,0.012161293699157284,0.030692619548259907
CMP001,Airbus SE,AIR.PA,^FCHI,EUR,Euronext Paris,PRIMARY_DIRECT,Defence Contractor,True,2025-05-28,159.39471435546875,7788.10009765625,0.0008630763151853404,-0.00494327064009048,0.005806346955275821,0.5043360166855115,0.18098682783738296,0.2887191459355485,2026-02-28,807,ok,0.0003832064451010121,1.0896334133963035,0.3894494594783263,-0.005003146415802508,0.005866222730987848,0.03655884227924776
CMP001,Airbus SE,AIR.PA,^FCHI,EUR,Euronext Paris,PRIMARY_DIRECT,Defence Contractor,True,2025-05-29,159.61073303222656,7779.72021484375,0.0013552436643291532,-0.0010759855044777389,0.002431229168806892,0.5063747585411467,0.1797161031296508,0.2911503751043554,2026-02-28,807,ok,0.0003832064451010121,1.0896334133963035,0.3894494594783263,-0.0007892233129080102,0.0021444669772371634,0.03870330925648492
CMP001,Airbus SE,AIR.PA,^FCHI,EUR,Euronext Paris,PRIMARY_DIRECT,Defence Contractor,True,2025-05-30,159.1394500732422,7751.89013671875,-0.002952702177548505,-0.003577259510168518,0.0006245573326200127,0.501926882511398,0.17549595248043137,0.2917749324369754,2026-02-28,807,ok,0.0003832064451010121,1.0896334133963035,0.3894494594783263,-0.0035146950455682987,0.0005619928680197935,0.039265302124504714
CMP001,Airbus SE,AIR.PA,^FCHI,EUR,Euronext Paris,PRIMARY_DIRECT,Defence Contractor,True,2025-06-02,159.63037109375,7737.2001953125,0.0030848480391372224,-0.0018950141381219865,0.004979862177259209,0.5065600987098409,0.17326837103117576,0.2967547946142346,2026-02-28,807,ok,0.0003832064451010121,1.0896334133963035,0.3894494594783263,-0.0016816642786551023,0.004766512317792324,0.044031814442297035
CMP001,Airbus SE,AIR.PA,^FCHI,EUR,Euronext Paris,PRIMARY_DIRECT,Defence Contractor,True,2025-06-03,163.4203338623047,7763.83984375,0.023742115880497794,0.0034430605083268784,0.020299055372170915,0.5423290231543441,0.1773080050251421,0.3170538499864055,2026-02-28,807,ok,0.0003832064451010121,1.0896334133963035,0.3894494594783263,0.00413488021931924,0.019607235661178554,0.06363905010347559
CMP001,Airbus SE,AIR.PA,^FCHI,EUR,Euronext Paris,PRIMARY_DIRECT,Defence Contractor,True,2025-06-04,167.0924835205078,7804.669921875,0.022470579831866067,0.005259005717108911,0.017211574114757155,0.5769860505961377,0.18349947455436744,0.33426542410116267,2026-02-28,807,ok,0.0003832064451010121,1.0896334133963035,0.3894494594783263,0.0061135947957050695,0.016356985036160995,0.07999603513963659
CMP001,Airbus SE,AIR.PA,^FCHI,EUR,Euronext Paris,PRIMARY_DIRECT,Defence Contractor,True,2025-06-05,162.4973907470703,7790.27001953125,-0.027500296103226796,-0.001845036688020607,-0.02565525941520619,0.5336184672540858,0.18131587460356147,0.3086101646859565,2026-02-28,807,ok,0.0003832064451010121,1.0896334133963035,0.3894494594783263,-0.0016272071791082927,-0.025873088924118503,0.05412294621551808
CMP001,Airbus SE,AIR.PA,^FCHI,EUR,Euronext Paris,PRIMARY_DIRECT,Defence Contractor,True,2025-06-06,162.3402862548828,7804.8701171875,-0.0009668123990497213,0.001874145263212501,-0.0028409576622622223,0.5321357459045328,0.18352983215430752,0.30576920702369426,2026-02-28,807,ok,0.0003832064451010121,1.0896334133963035,0.3894494594783263,0.002425337745455763,-0.0033921501445054844,0.05073079607101259
CMP001,Airbus SE,AIR.PA,^FCHI,EUR,Euronext Paris,PRIMARY_DIRECT,Defence Contractor,True,2025-06-09,162.4973907470703,7791.47021484375,0.0009677480298442287,-0.0017168642325311456,0.0026846122623753743,0.5336184672540858,0.18149787211734814,0.30845381928606963,2026-02-28,807,ok,0.0003832064451010121,1.0896334133963035,0.3894494594783263,-0.001487546188929925,0.0024552942187741535,0.05318609028978675
CMP001,Airbus SE,AIR.PA,^FCHI,EUR,Euronext Paris,PRIMARY_DIRECT,Defence Contractor,True,2025-06-10,160.94606018066406,7804.330078125,-0.009546802931875487,0.0016505053509350276,-0.011197308282810514,0.5189773139745262,0.18344794067739612,0.2972565110032591,2026-02-28,807,ok,0.0003832064451010121,1.0896334133963035,0.3894494594783263,0.00218165222446921,-0.011728455156344696,0.041457635133442056
CMP001,Airbus SE,AIR.PA,^FCHI,EUR,Euronext Paris,PRIMARY_DIRECT,Defence Contractor,True,2025-06-11,160.6514892578125,7775.89990234375,-0.0018302462484691695,-0.0036428720334289455,0.001812625784959776,0.5161972114441145,0.17913679127128335,0.2990691367882189,2026-02-28,807,ok,0.0003832064451010121,1.0896334133963035,0.3894494594783263,-0.003586188643250103,0.0017559423947809336,0.04321357752822299
CMP001,Airbus SE,AIR.PA,^FCHI,EUR,Euronext Paris,PRIMARY_DIRECT,Defence Contractor,True,2025-06-12,159.84637451171875,7765.10986328125,-0.005011561049407476,-0.0013876257665363934,-0.0036239352828710825,0.508598696556021,0.17750059067744428,0.2954452015053478,2026-02-28,807,ok,0.0003832064451010121,1.0896334133963035,0.3894494594783263,-0.0011287969554067002,-0.0038827640940007754,0.03933081343422221
CMP001,Airbus SE,AIR.PA,^FCHI,EUR,Euronext Paris,PRIMARY_DIRECT,Defence Contractor,True,2025-06-13,158.6485137939453,7684.68017578125,-0.007493824751624967,-0.010357829949106945,0.002864005197481978,0.4972935223035002,0.16530423979423436,0.2983092067028298,2026-02-28,807,ok,0.0003832064451010121,1.0896334133963035,0.3894494594783263,-0.01090303115772285,0.0034092064060978824,0.042740019840320095
CMP001,Airbus SE,AIR.PA,^FCHI,EUR,Euronext Paris,PRIMARY_DIRECT,Defence Contractor,True,2025-06-16,159.08053588867188,7742.240234375,0.0027231398794425044,0.00749023476281474,-0.004767094883372236,0.5013708620053159,0.1740326421203966,0.29354211181945755,2026-02-28,807,ok,0.0003832064451010121,1.0896334133963035,0.3894494594783263,0.00854481651684649,-0.005821676637403985,0.03691834320291611
CMP001,Airbus SE,AIR.PA,^FCHI,EUR,Euronext Paris,PRIMARY_DIRECT,Defence Contractor,True,2025-06-17,157.82376098632812,7683.72998046875,-0.007900243077023972,-0.007557276981211225,-0.00034296609581274673,0.48950966724671297,0.16516015225890945,0.2931991457236448,2026-02-28,807,ok,0.0003832064451010121,1.0896334133963035,0.3894494594783263,-0.007851455067917488,-4.8788009106483926e-05,0.03686955519380962
CMP001,Airbus SE,AIR.PA,^FCHI,EUR,Euronext Paris,PRIMARY_DIRECT,Defence Contractor,True,2025-06-18,160.02310180664062,7656.1201171875,0.013935422692803678,-0.0035932891123753308,0.01752871180517901,0.5102666140648133,0.16097339496962393,0.3107278575288238,2026-02-28,807,ok,0.0003832064451010121,1.0896334133963035,0.3894494594783263,-0.003532161435736293,0.01746758412853997,0.05433713932234959
CMP001,Airbus SE,AIR.PA,^FCHI,EUR,Euronext Paris,PRIMARY_DIRECT,Defence Contractor,True,2025-06-19,158.8252410888672,7553.4501953125,-0.00748554867547091,-0.013410176473657054,0.005924627798186144,0.4989614398122926,0.1454045368618606,0.31665248532700996,2026-02-28,807,ok,0.0003832064451010121,1.0896334133963035,0.3894494594783263,-0.014228969920136728,0.006743421244665818,0.06108056056701541
CMP001,Airbus SE,AIR.PA,^FCHI,EUR,Euronext Paris,PRIMARY_DIRECT,Defence Contractor,True,2025-06-20,164.4611053466797,7589.66015625,0.035484688826375343,0.004793830633843532,0.03069085819253181,0.5521516200667673,0.15089541221881242,0.34734334351954177,2026-02-28,807,ok,0.0003832064451010121,1.0896334133963035,0.3894494594783263,0.0056067244818997055,0.02987796434447564,0.09095852491149105
CMP001,Airbus SE,AIR.PA,^FCHI,EUR,Euronext Paris,PRIMARY_DIRECT,Defence Contractor,True,2025-06-23,163.97018432617188,7537.56982421875,-0.0029850280981206234,-0.0068633286548877015,0.003878300556767078,0.5475184038683245,0.14299643875735235,0.35122164407630885,2026-02-28,807,ok,0.0003832064451010121,1.0896334133963035,0.3894494594783263,-0.007095305784384934,0.004110277686264311,0.09506880259775535
CMP001,Airbus SE,AIR.PA,^FCHI,EUR,Euronext Paris,PRIMARY_DIRECT,Defence Contractor,True,2025-06-24,167.50486755371094,7615.990234375,0.021556865609834386,0.010403938137233615,0.011152927472600771,0.5808780501292594,0.1548881029972622,0.3623745715489096,2026-02-28,807,ok,0.0003832064451010121,1.0896334133963035,0.3894494594783263,0.011719685070338855,0.00983718053949553,0.10490598313725089
CMP001,Airbus SE,AIR.PA,^FCHI,EUR,Euronext Paris,PRIMARY_DIRECT,Defence Contractor,True,2025-06-25,168.4278106689453,7558.16015625,0.005509948031441114,-0.00759324478437251,0.013103192815813625,0.5895886060295177,0.14611875493264437,0.37547776436472324,2026-02-28,807,ok,0.0003832064451010121,1.0896334133963035,0.3894494594783263,-0.007890646788048485,0.0134005948194896,0.11830657795674049
CMP001,Airbus SE,AIR.PA,^FCHI,EUR,Euronext Paris,PRIMARY_DIRECT,Defence Contractor,True,2025-06-26,172.90509033203125,7557.31005859375,0.026582781342959327,-0.00011247415226400825,0.026695255495223336,0.6318442923688599,0.1459898461972895,0.4021730198599466,2026-02-28,807,ok,0.0003832064451010121,1.0896334133963035,0.3894494594783263,0.0002606508506507252,0.026322130492308603,0.1446287084490491
CMP001,Airbus SE,AIR.PA,^FCHI,EUR,Euronext Paris,PRIMARY_DIRECT,Defence Contractor,True,2025-06-27,174.96697998046875,7691.5498046875,0.011924979446689798,0.017762900430570605,-0.005837920983880807,0.6513040020155565,0.16634594972973682,0.3963350988760658,2026-02-28,807,ok,0.0003832064451010121,1.0896334133963035,0.3894494594783263,0.01973825627308233,-0.007813276826392532,0.13681543162265658
CMP001,Airbus SE,AIR.PA,^FCHI,EUR,Euronext Paris,PRIMARY_DIRECT,Defence Contractor,True,2025-06-30,174.04403686523438,7665.91015625,-0.005274955967905504,-0.00333348272956302,-0.0019414732383424838,0.6425934461152982,0.16245795564961707,0.3943936256377233,2026-02-28,807,ok,0.0003832064451010121,1.0896334133963035,0.3894494594783263,-0.003249067720010368,-0.0020258882478951354,0.13478954337476146
CMP001,Airbus SE,AIR.PA,^FCHI,EUR,Euronext Paris,PRIMARY_DIRECT,Defence Contractor,True,2025-07-01,169.19366455078125,7662.58984375,-0.02786864980734083,-0.0004331269780526448,-0.027435522829288184,0.5968165845896778,0.16195446374817335,0.3669581028084351,2026-02-28,807,ok,0.0003832064451010121,1.0896334133963035,0.3894494594783263,-8.874318242851702e-05,-0.027779906624912313,0.10700963674984915
CMP001,Airbus SE,AIR.PA,^FCHI,EUR,Euronext Paris,PRIMARY_DIRECT,Defence Contractor,True,2025-07-02,172.00177001953125,7738.419921875,0.016596989468876888,0.009896142123129614,0.006700847345747274,0.6233189326278405,0.17345333026203003,0.3736589501541824,2026-02-28,807,ok,0.0003832064451010121,1.0896334133963035,0.3894494594783263,0.011166373566181675,0.0054306159026952135,0.11244025265254436
CMP001,Airbus SE,AIR.PA,^FCHI,EUR,Euronext Paris,PRIMARY_DIRECT,Defence Contractor,True,2025-07-03,173.5531005859375,7754.5498046875,0.009019270942561164,0.0020843897042732706,0.006934881238287893,0.6379600859074002,0.17589926430207337,0.38059383139247027,2026-02-28,807,ok,0.0003832064451010121,1.0896334133963035,0.3894494594783263,0.0026544271134164078,0.0063648438291447566,0.11880509648168912
CMP001,Airbus SE,AIR.PA,^FCHI,EUR,Euronext Paris,PRIMARY_DIRECT,Defence Contractor,True,2025-07-04,172.19815063476562,7696.27001953125,-0.007807120394838218,-0.007515560106535202,-0.0002915602883030166,0.6251723343147815,0.1670617227019806,0.38030227110416726,2026-02-28,807,ok,0.0003832064451010121,1.0896334133963035,0.3894494594783263,-0.007805998967368026,-1.1214274701926846e-06,0.11880397505421893
CMP001,Airbus SE,AIR.PA,^FCHI,EUR,Euronext Paris,PRIMARY_DIRECT,Defence Contractor,True,2025-07-07,174.0636749267578,7723.47021484375,0.01083359075062873,0.0035342049127009556,0.007299385837927774,0.6427787862839918,0.17118635797577908,0.38760165694209503,2026-02-28,807,ok,0.0003832064451010121,1.0896334133963035,0.3894494594783263,0.004234194207769339,0.006599396542859391,0.12540337159707832
CMP001,Airbus SE,AIR.PA,^FCHI,EUR,Euronext Paris,PRIMARY_DIRECT,Defence Contractor,True,2025-07-08,175.67391967773438,7766.7099609375,0.009250894832905976,0.005598486805924008,0.003652408026981968,0.657975960069634,0.17774322934818465,0.391254064969077,2026-02-28,807,ok,0.0003832064451010121,1.0896334133963035,0.3894494594783263,0.006483504733294157,0.0027673900996118186,0.12817076169669014
CMP001,Airbus SE,AIR.PA,^FCHI,EUR,Euronext Paris,PRIMARY_DIRECT,Defence Contractor,True,2025-07-09,179.051513671875,7878.4599609375,0.019226496456256292,0.014388331811287403,0.00483816464496889,0.689853028990471,0.1946889897205435,0.3960922296140459,2026-02-28,807,ok,0.0003832064451010121,1.0896334133963035,0.3894494594783263,0.01606121354971272,0.0031652829065435713,0.13133604460323373
CMP001,Airbus SE,AIR.PA,^FCHI,EUR,Euronext Paris,PRIMARY_DIRECT,Defence Contractor,True,2025-07-10,179.97445678710938,7902.25,0.005154623361217414,0.003019630635994197,0.002134992725223217,0.6985635848907292,0.19829650919438868,0.3982272223392691,2026-02-28,807,ok,0.0003832064451010121,1.0896334133963035,0.3894494594783263,0.00367349688219542,0.001481126479021994,0.13281717108225571
CMP001,Airbus SE,AIR.PA,^FCHI,EUR,Euronext Paris,PRIMARY_DIRECT,Defence Contractor,True,2025-07-11,179.89590454101562,7829.2900390625,-0.0004364633042713839,-0.009232808495997946,0.008796345191726562,0.6978222242159529,0.1872328670035741,0.40702356753099567,2026-02-28,807,ok,0.0003832064451010121,1.0896334133963035,0.3894494594783263,-0.00967717019162762,0.009240706887356237,0.14205787796961195
CMP001,Airbus SE,AIR.PA,^FCHI,EUR,Euronext Paris,PRIMARY_DIRECT,Defence Contractor,True,2025-07-14,179.67990112304688,7808.169921875,-0.0012007133709900364,-0.0026975775686078896,0.0014968641976178532,0.6957836263697728,0.18403021425283117,0.4085204317286135,2026-02-28,807,ok,0.0003832064451010121,1.0896334133963035,0.3894494594783263,-0.002556164208882504,0.0013554508378924674,0.1434133288075044
CMP001,Airbus SE,AIR.PA,^FCHI,EUR,Euronext Paris,PRIMARY_DIRECT,Defence Contractor,True,2025-07-15,176.8717803955078,7766.2099609375,-0.01562846322814937,-0.005373853458279232,-0.010254609769870138,0.669281134322155,0.17766740939126158,0.3982658219587434,2026-02-28,807,ok,0.0003832064451010121,1.0896334133963035,0.3894494594783263,-0.005472323841735317,-0.010156139386414052,0.13325718942109036
CMP001,Airbus SE,AIR.PA,^FCHI,EUR,Euronext Paris,PRIMARY_DIRECT,Defence Contractor,True,2025-07-16,177.7161865234375,7722.08984375,0.004774114480226688,-0.005681035847526106,0.010455150327752794,0.6772504735570917,0.1709770386220466,0.4087209722864962,2026-02-28,807,ok,0.0003832064451010121,1.0896334133963035,0.3894494594783263,-0.005807040037065621,0.010581154517292309,0.14383834393838266
CMP001,Airbus SE,AIR.PA,^FCHI,EUR,Euronext Paris,PRIMARY_DIRECT,Defence Contractor,True,2025-07-17,181.9185333251953,7822.0,0.023646393071818483,0.01293822763935637,0.010708165432462113,0.7169113975347163,0.1861274061081981,0.4194291377189583,2026-02-28,807,ok,0.0003832064451010121,1.0896334133963035,0.3894494594783263,0.014481131591071292,0.009165261480747191,0.15300360541912986
CMP001,Airbus SE,AIR.PA,^FCHI,EUR,Euronext Paris,PRIMARY_DIRECT,Defence Contractor,True,2025-07-18,182.8414764404297,7822.669921875,0.005073386962638482,8.564585464077012e-05,0.004987741107997712,0.7256219534349744,0.18622899300360718,0.424416878826956,2026-02-28,807,ok,0.0003832064451010121,1.0896334133963035,0.3894494594783263,0.00047652903003647814,0.004596857932602004,0.15760046335173186
CMP001,Airbus SE,AIR.PA,^FCHI,EUR,Euronext Paris,PRIMARY_DIRECT,Defence Contractor,True,2025-07-21,182.6451110839844,7798.22021484375,-0.0010739650557857194,-0.0031254938883308325,0.002051528832545113,0.7237686957574885,0.18252144153581362,0.4264684076595011,2026-02-28,807,ok,0.0003832064451010121,1.0896334133963035,0.3894494594783263,-0.0030224361289901977,0.0019484710732044783,0.15954893442493634
CMP001,Airbus SE,AIR.PA,^FCHI,EUR,Euronext Paris,PRIMARY_DIRECT,Defence Contractor,True,2025-07-22,178.03038024902344,7744.41015625,-0.02526610653618322,-0.00690029995451058,-0.01836580658167264,0.6802157722467421,0.17436168888657622,0.4081026010778285,2026-02-28,807,ok,0.0003832064451010121,1.0896334133963035,0.3894494594783263,-0.0071355909477907094,-0.018130515588392508,0.14141841883654382
CMP001,Airbus SE,AIR.PA,^FCHI,EUR,Euronext Paris,PRIMARY_DIRECT,Defence Contractor,True,2025-07-23,180.05300903320312,7850.43017578125,0.011361143987618894,0.013689876619678909,-0.0023287326320600155,0.6993049455655056,0.1904385555143111,0.40577386844576846,2026-02-28,807,ok,0.0003832064451010121,1.0896334133963035,0.3894494594783263,0.015300153435175991,-0.0039390094475570975,0.13747940938898673
CMP001,Airbus SE,AIR.PA,^FCHI,EUR,Euronext Paris,PRIMARY_DIRECT,Defence Contractor,True,2025-07-24,179.2871551513672,7818.27978515625,-0.004253491157677369,-0.004095366738524064,-0.00015812441915330488,0.6920769670053453,0.18556327304980114,0.40561574402661515,2026-02-28,807,ok,0.0003832064451010121,1.0896334133963035,0.3894494594783263,-0.004079241993306651,-0.000174249164370718,0.137305160224616
CMP001,Airbus SE,AIR.PA,^FCHI,EUR,Euronext Paris,PRIMARY_DIRECT,Defence Contractor,True,2025-07-25,176.93069458007812,7834.580078125,-0.013143499149727567,0.0020848950685670165,-0.015228394218294583,0.6698371548282369,0.18803504807125693,0.39038734980832057,2026-02-28,807,ok,0.0003832064451010121,1.0896334133963035,0.3894494594783263,0.0026549777752368103,-0.015798476924964378,0.12150668329965163
CMP001,Airbus SE,AIR.PA,^FCHI,EUR,Euronext Paris,PRIMARY_DIRECT,Defence Contractor,True,2025-07-28,174.41714477539062,7800.8798828125,-0.014206408959469008,-0.0043014679761324,-0.009904940983336608,0.6461147653110308,0.1829247533574554,0.38048240882498396,2026-02-28,807,ok,0.0003832064451010121,1.0896334133963035,0.3894494594783263,-0.004303816788347024,-0.009902592171121983,0.11160409112852965
CMP001,Airbus SE,AIR.PA,^FCHI,EUR,Euronext Paris,PRIMARY_DIRECT,Defence Contractor,True,2025-07-29,176.1844940185547,7857.35986328125,0.010132887139277624,0.007240206401997185,0.0028926807372804397,0.662794660446226,0.19148937272979505,0.3833750895622644,2026-02-28,807,ok,0.0003832064451010121,1.0896334133963035,0.3894494594783263,0.008272377260602974,0.0018605098786746502,0.11346460100720429
CMP001,Airbus SE,AIR.PA,^FCHI,EUR,Euronext Paris,PRIMARY_DIRECT,Defence Contractor,True,2025-07-30,175.61500549316406,7861.9599609375,-0.003232341918413373,0.0005854508048876994,-0.0038177927233010722,0.6574199395635518,0.19218693114207475,0.37955729683896333,2026-02-28,807,ok,0.0003832064451010121,1.0896334133963035,0.3894494594783263,0.0010211332040064094,-0.004253475122419782,0.10921112588478452
CMP001,Airbus SE,AIR.PA,^FCHI,EUR,Euronext Paris,PRIMARY_DIRECT,Defence Contractor,True,2025-07-31,172.84616088867188,7771.97021484375,-0.015766560475380165,-0.01144622289363828,-0.004320337581741884,0.6312881278533222,0.17854089379734006,0.37523695925722145,2026-02-28,807,ok,0.0003832064451010121,1.0896334133963035,0.3894494594783263,-0.012088980476988982,-0.0036775799983911825,0.10553354588639333
CMP001,Airbus SE,AIR.PA,^FCHI,EUR,Euronext Paris,PRIMARY_DIRECT,Defence Contractor,True,2025-08-01,166.03208923339844,7546.16015625,-0.0394227538537133,-0.02905441636439543,-0.01036833748931787,0.566978257524476,0.1442990759664855,0.3648686217679036,2026-02-28,807,ok,0.0003832064451010121,1.0896334133963035,0.3894494594783263,-0.0312754564322726,-0.0081472974214407,0.09738624846495263
CMP001,Airbus SE,AIR.PA,^FCHI,EUR,Euronext Paris,PRIMARY_DIRECT,Defence Contractor,True,2025-08-04,169.19366455078125,7632.009765625,0.019041953468033723,0.011376595195093486,0.007665358272940237,0.5968165845896776,0.15731730333587568,0.3725339800408438,2026-02-28,807,ok,0.0003832064451010121,1.0896334133963035,0.3894494594783263,0.012779524700358712,0.006262428767675011,0.10364867723262763
CMP001,Airbus SE,AIR.PA,^FCHI,EUR,Euronext Paris,PRIMARY_DIRECT,Defence Contractor,True,2025-08-05,172.0214080810547,7621.0400390625,0.016713058008296366,-0.0014373313058256842,0.01815038931412205,0.6235042727965345,0.15565385494501727,0.39068436935496587,2026-02-28,807,ok,0.0003832064451010121,1.0896334133963035,0.3894494594783263,-0.0011829577718471943,0.017896015780143562,0.1215446930127712
CMP001,Airbus SE,AIR.PA,^FCHI,EUR,Euronext Paris,PRIMARY_DIRECT,Defence Contractor,True,2025-08-06,174.67242431640625,7635.02978515625,0.015410966954196859,0.0018356741366065688,0.01357529281759029,0.6485240434945994,0.1577752588374095,0.40425966217255616,2026-02-28,807,ok,0.0003832064451010121,1.0896334133963035,0.3894494594783263,0.00238341832045494,0.013027548633741918,0.1345722416465131
CMP001,Airbus SE,AIR.PA,^FCHI,EUR,Euronext Paris,PRIMARY_DIRECT,Defence Contractor,True,2025-08-07,174.18148803710938,7709.31982421875,-0.0028106112411171447,0.009730157072462609,-0.012540768313579753,0.6438906832867015,0.16904059396050863,0.3917188938589764,2026-02-28,807,ok,0.0003832064451010121,1.0896334133963035,0.3894494594783263,0.010985510708850628,-0.013796121949967773,0.12077611969654534
CMP001,Airbus SE,AIR.PA,^FCHI,EUR,Euronext Paris,PRIMARY_DIRECT,Defence Contractor,True,2025-08-08,173.0229034423828,7743.0,-0.006651594309951769,0.004368760999568844,-0.011020355309520613,0.632956189371569,0.17414785291431611,0.3806985385494558,2026-02-28,807,ok,0.0003832064451010121,1.0896334133963035,0.3894494594783263,0.005143554405373858,-0.011795148715325627,0.10898097098121971
CMP001,Airbus SE,AIR.PA,^FCHI,EUR,Euronext Paris,PRIMARY_DIRECT,Defence Contractor,True,2025-08-11,172.6105194091797,7698.52001953125,-0.002383407196379972,-0.005744540936168163,0.0033611337397881913,0.6290641898384475,0.16740291250813577,0.384059672289244,2026-02-28,807,ok,0.0003832064451010121,1.0896334133963035,0.3894494594783263,-0.0058762373035707,0.0034928301071907282,0.11247380108841044
CMP001,Airbus SE,AIR.PA,^FCHI,EUR,Euronext Paris,PRIMARY_DIRECT,Defence Contractor,True,2025-08-12,177.57872009277344,7753.419921875,0.028782722516560222,0.007131228106761922,0.0216514944097983,0.6759530923762325,0.17572792896972955,0.4057111666990423,2026-02-28,807,ok,0.0003832064451010121,1.0896334133963035,0.3894494594783263,0.008153630868779665,0.020629091647780557,0.133102892736191
CMP001,Airbus SE,AIR.PA,^FCHI,EUR,Euronext Paris,PRIMARY_DIRECT,Defence Contractor,True,2025-08-13,176.30230712890625,7804.97021484375,-0.007187871177359195,0.006648716758305584,-0.01383658793566478,0.6639065574489353,0.18354501095427844,0.3918745787633775,2026-02-28,807,ok,0.0003832064451010121,1.0896334133963035,0.3894494594783263,0.0076278703811587314,-0.014815741558517927,0.11828715117767308
CMP001,Airbus SE,AIR.PA,^FCHI,EUR,Euronext Paris,PRIMARY_DIRECT,Defence Contractor,True,2025-08-14,180.44573974609372,7870.33984375,0.02350186270766108,0.00837538480056299,0.01512647790709809,0.7030114609204772,0.19345765584980712,0.4070010566704756,2026-02-28,807,ok,0.0003832064451010121,1.0896334133963035,0.3894494594783263,0.009509305573845982,0.013992557133815099,0.13227970831148816
CMP001,Airbus SE,AIR.PA,^FCHI,EUR,Euronext Paris,PRIMARY_DIRECT,Defence Contractor,True,2025-08-15,183.489501953125,7923.4501953125,0.016868019224583364,0.006748164960713288,0.010119854263870076,0.7317378909829695,0.20151130498510783,0.41712091093434567,2026-02-28,807,ok,0.0003832064451010121,1.0896334133963035,0.3894494594783263,0.007736232465404364,0.009131786759179,0.14141149507066716
CMP001,Airbus SE,AIR.PA,^FCHI,EUR,Euronext Paris,PRIMARY_DIRECT,Defence Contractor,True,2025-08-18,180.8777618408203,7884.0498046875,-0.014233730455990301,-0.004972630565445946,-0.009261099890544355,0.7070888006222928,0.19553663314520997,0.4078598110438013,2026-02-28,807,ok,0.0003832064451010121,1.0896334133963035,0.3894494594783263,-0.005035137971484645,-0.009198592484505656,0.1322129025861615
CMP001,Airbus SE,AIR.PA,^FCHI,EUR,Euronext Paris,PRIMARY_DIRECT,Defence Contractor,True,2025-08-19,180.5046539306641,7979.080078125,-0.002062762754022618,0.01205348466735967,-0.014116247421382289,0.70356748142656,0.20994701562209261,0.393743563622419,2026-02-28,807,ok,0.0003832064451010121,1.0896334133963035,0.3894494594783263,0.013517086086516137,-0.015579848840538755,0.11663305374562274
CMP001,Airbus SE,AIR.PA,^FCHI,EUR,Euronext Paris,PRIMARY_DIRECT,Defence Contractor,True,2025-08-20,175.88992309570312,7973.02978515625,-0.02556571664204066,-0.0007582694884009644,-0.024807447153639695,0.6600145579158136,0.2090295497175645,0.36893611646877933,2026-02-28,807,ok,0.0003832064451010121,1.0896334133963035,0.3894494594783263,-0.00044302932581959944,-0.02512268731622106,0.09151036642940169
CMP001,Airbus SE,AIR.PA,^FCHI,EUR,Euronext Paris,PRIMARY_DIRECT,Defence Contractor,True,2025-08-21,177.63763427734375,7938.2900390625,0.009936391755027918,-0.004357157445771365,0.014293549200799283,0.6765091128823146,0.20376161761285494,0.3832296656695786,2026-02-28,807,ok,0.0003832064451010121,1.0896334133963035,0.3894494594783263,-0.004364497895239959,0.014300889650267877,0.10581125607966957
CMP001,Airbus SE,AIR.PA,^FCHI,EUR,Euronext Paris,PRIMARY_DIRECT,Defence Contractor,True,2025-08-22,177.44126892089844,7969.68994140625,-0.0011054265456987844,0.003955499507984461,-0.005060926053683246,0.6746558552048285,0.20852309609905317,0.37816873961589537,2026-02-28,807,ok,0.0003832064451010121,1.0896334133963035,0.3894494594783263,0.004693250875673519,-0.005798677421372304,0.10001257865829727
CMP001,Airbus SE,AIR.PA,^FCHI,EUR,Euronext Paris,PRIMARY_DIRECT,Defence Contractor,True,2025-08-25,177.2645263671875,7843.0400390625,-0.000996062273369569,-0.0158914466277722,0.01489538435440263,0.6729877936865816,0.18931791581896507,0.393064123970298,2026-02-28,807,ok,0.0003832064451010121,1.0896334133963035,0.3894494594783263,-0.016932644787723584,0.015936582514354015,0.11594916117265128
CMP001,Airbus SE,AIR.PA,^FCHI,EUR,Euronext Paris,PRIMARY_DIRECT,Defence Contractor,True,2025-08-26,176.6165008544922,7709.81005859375,-0.0036556976512772676,-0.016987033064372214,0.013331335413094947,0.666871856138586,0.16911493305889813,0.40639545938339294,2026-02-28,807,ok,0.0003832064451010121,1.0896334133963035,0.3894494594783263,-0.018126432376306754,0.014470734725029487,0.13041989589768077
CMP001,Airbus SE,AIR.PA,^FCHI,EUR,Euronext Paris,PRIMARY_DIRECT,Defence Contractor,True,2025-08-27,175.02589416503906,7743.93017578125,-0.009005991409395953,0.0044255457564053025,-0.013431537165801255,0.651860022521638,0.17428890468964697,0.3929639222175917,2026-02-28,807,ok,0.0003832064451010121,1.0896334133963035,0.3894494594783263,0.005205428973794448,-0.0142114203831904,0.11620847551449037
CMP001,Airbus SE,AIR.PA,^FCHI,EUR,Euronext Paris,PRIMARY_DIRECT,Defence Contractor,True,2025-08-28,175.37936401367188,7762.60009765625,0.00201952888353496,0.002410910409986533,-0.000391381526451573,0.6551960015486771,0.1771200100342949,0.3925725406911401,2026-02-28,807,ok,0.0003832064451010121,1.0896334133963035,0.3894494594783263,0.0030102149845273197,-0.0009906861009923596,0.11521778941349801
CMP001,Airbus SE,AIR.PA,^FCHI,EUR,Euronext Paris,PRIMARY_DIRECT,Defence Contractor,True,2025-08-29,175.81137084960938,7703.89990234375,0.0024632706268898907,-0.0075619244291900145,0.010025195056079905,0.6592731972410375,0.16821871747432815,0.40259773574722,2026-02-28,807,ok,0.0003832064451010121,1.0896334133963035,0.3894494594783263,-0.007856519082522197,0.010319789709412087,0.1255375791229101
CMP001,Airbus SE,AIR.PA,^FCHI,EUR,Euronext Paris,PRIMARY_DIRECT,Defence Contractor,True,2025-09-01,178.6980438232422,7707.89990234375,0.01641914831607849,0.000519217545750239,0.015899930770328252,0.6865170499634319,0.16882527712971473,0.4184976665175483,2026-02-28,807,ok,0.0003832064451010121,1.0896334133963035,0.3894494594783263,0.0009489632317720965,0.015470185084306394,0.1410077642072165
CMP001,Airbus SE,AIR.PA,^FCHI,EUR,Euronext Paris,PRIMARY_DIRECT,Defence Contractor,True,2025-09-02,175.90956115722656,7654.25,-0.015604438674067578,-0.006960378705415771,-0.008644059968651807,0.6601998980845081,0.1606898105604293,0.40985360654889647,2026-02-28,807,ok,0.0003832064451010121,1.0896334133963035,0.3894494594783263,-0.007201054762212118,-0.00840338391185546,0.13260438029536104
CMP001,Airbus SE,AIR.PA,^FCHI,EUR,Euronext Paris,PRIMARY_DIRECT,Defence Contractor,True,2025-09-03,181.3490447998047,7719.7099609375,0.030922046572081197,0.008552106468628473,0.022369940103452723,0.7115366766520417,0.17061615339739422,0.4322235466523492,2026-02-28,807,ok,0.0003832064451010121,1.0896334133963035,0.3894494594783263,0.009701867408241263,0.021220179163839933,0.15382455945920098
CMP001,Airbus SE,AIR.PA,^FCHI,EUR,Euronext Paris,PRIMARY_DIRECT,Defence Contractor,True,2025-09-04,183.4698638916016,7698.919921875,0.011694680245700306,-0.0026931114209859386,0.014387791666686245,0.731552550814276,0.16746355366508903,0.44661133831903543,2026-02-28,807,ok,0.0003832064451010121,1.0896334133963035,0.3894494594783263,-0.0025512977452044655,0.014245977990904771,0.16807053745010575
CMP001,Airbus SE,AIR.PA,^FCHI,EUR,Euronext Paris,PRIMARY_DIRECT,Defence Contractor,True,2025-09-05,180.5046539306641,7674.77978515625,-0.016161836598349577,-0.0031355225101329376,-0.01302631408821664,0.7035674814265602,0.16380294541281226,0.4335850242308188,2026-02-28,807,ok,0.0003832064451010121,1.0896334133963035,0.3894494594783263,-0.0030333636503960862,-0.01312847294795349,0.15494206450215225
CMP001,Airbus SE,AIR.PA,^FCHI,EUR,Euronext Paris,PRIMARY_DIRECT,Defence Contractor,True,2025-09-08,184.41246032714844,7734.83984375,0.02164933873663677,0.007825639337549761,0.013823699399087008,0.740448590892683,0.17291044752359097,0.4474087236299058,2026-02-28,807,ok,0.0003832064451010121,1.0896334133963035,0.3894494594783263,0.008910284548483745,0.012739054188153024,0.16768111869030528
CMP001,Airbus SE,AIR.PA,^FCHI,EUR,Euronext Paris,PRIMARY_DIRECT,Defence Contractor,True,2025-09-09,184.1375274658203,7749.39013671875,-0.0014908583771421346,0.0018811369417697232,-0.003371995318911858,0.7378538285309655,0.17511685269581534,0.44403672831099394,2026-02-28,807,ok,0.0003832064451010121,1.0896334133963035,0.3894494594783263,0.002432956112027439,-0.003923814489169574,0.1637573042011357
CMP001,Airbus SE,AIR.PA,^FCHI,EUR,Euronext Paris,PRIMARY_DIRECT,Defence Contractor,True,2025-09-10,185.13902282714844,7761.31982421875,0.0054388444067383634,0.0015394356574556234,0.00389940874928274,0.7473057451059999,0.17692586948053224,0.4479361370602767,2026-02-28,807,ok,0.0003832064451010121,1.0896334133963035,0.3894494594783263,0.0020606269752383656,0.003378217431499998,0.1671355216326357
CMP001,Airbus SE,AIR.PA,^FCHI,EUR,Euronext Paris,PRIMARY_DIRECT,Defence Contractor,True,2025-09-11,190.48033142089844,7823.52001953125,0.028850258104347937,0.00801412604057461,0.020836132063773327,0.797715966839518,0.18635790173896205,0.46877226912405,2026-02-28,807,ok,0.0003832064451010121,1.0896334133963035,0.3894494594783263,0.009115665958080527,0.01973459214626741,0.1868701137789031
CMP001,Airbus SE,AIR.PA,^FCHI,EUR,Euronext Paris,PRIMARY_DIRECT,Defence Contractor,True,2025-09-12,189.7144775390625,7825.240234375,-0.004020645470968143,0.00021987734925654756,-0.00424052282022469,0.7904879882793576,0.18661875496966607,0.4645317463038253,2026-02-28,807,ok,0.0003832064451010121,1.0896334133963035,0.3894494594783263,0.0006227921516999552,-0.004643437622668098,0.182226676156235
CMP001,Airbus SE,AIR.PA,^FCHI,EUR,Euronext Paris,PRIMARY_DIRECT,Defence Contractor,True,2025-09-15,192.7386016845703,7896.93017578125,0.015940397299858855,0.009161372591646177,0.0067790247082126776,0.8190290781731555,0.19748981150817846,0.471310771012038,2026-02-28,807,ok,0.0003832064451010121,1.0896334133963035,0.3894494594783263,0.010365744133531776,0.0055746531663270794,0.18780132932256208
CMP001,Airbus SE,AIR.PA,^FCHI,EUR,Euronext Paris,PRIMARY_DIRECT,Defence Contractor,True,2025-09-16,189.419921875,7818.22021484375,-0.01721855290307417,-0.009967159286641825,-0.0072513936164323445,0.7877080297584007,0.18555423981274566,0.46405937739560565,2026-02-28,807,ok,0.0003832064451010121,1.0896334133963035,0.3894494594783263,-0.010477343350267185,-0.006741209552806984,0.18106011976975508
CMP001,Airbus SE,AIR.PA,^FCHI,EUR,Euronext Paris,PRIMARY_DIRECT,Defence Contractor,True,2025-09-17,188.2220458984375,7786.97998046875,-0.006323917593805128,-0.0039958243073899835,-0.002328093286415145,0.7764027114964249,0.18081697336357272,0.4617312841091905,2026-02-28,807,ok,0.0003832064451010121,1.0896334133963035,0.3894494594783263,-0.003970777234292256,-0.0023531403595128727,0.17870697941024222
CMP001,Airbus SE,AIR.PA,^FCHI,EUR,Euronext Paris,PRIMARY_DIRECT,Defence Contractor,True,2025-09-18,188.2220458984375,7854.60986328125,0.0,0.008684995079238478,-0.008684995079238478,0.7764027114964249,0.1910723629667166,0.45304628902995203,2026-02-28,807,ok,0.0003832064451010121,1.0896334133963035,0.3894494594783263,0.009846667278621733,-0.009846667278621733,0.16886031213162048
CMP001,Airbus SE,AIR.PA,^FCHI,EUR,Euronext Paris,PRIMARY_DIRECT,Defence Contractor,True,2025-09-19,190.3428649902344,7853.58984375,0.011267644455109638,-0.00012986253283164828,0.011397506987941286,0.7964185856586594,0.19091768729287595,0.4644437960178933,2026-02-28,807,ok,0.0003832064451010121,1.0896334133963035,0.3894494594783263,0.00024170389017937367,0.011025940564930264,0.17988625269655073
CMP001,Airbus SE,AIR.PA,^FCHI,EUR,Euronext Paris,PRIMARY_DIRECT,Defence Contractor,True,2025-09-22,191.59963989257807,7830.10986328125,0.006602689848175469,-0.002989713103929925,0.009592402952105394,0.8082797804172617,0.18735718507747445,0.4740361989699987,2026-02-28,807,ok,0.0003832064451010121,1.0896334133963035,0.3894494594783263,-0.0028744848494098095,0.00947717469758528,0.189363427394136
CMP001,Airbus SE,AIR.PA,^FCHI,EUR,Euronext Paris,PRIMARY_DIRECT,Defence Contractor,True,2025-09-23,190.7356109619141,7872.02001953125,-0.004509554042734121,0.005352435276359868,-0.009861989319093989,0.8001252450230867,0.1937124375605226,0.4641742096509047,2026-02-28,807,ok,0.0003832064451010121,1.0896334133963035,0.3894494594783263,0.006215398765263802,-0.010724952807997923,0.17863847458613807
CMP001,Airbus SE,AIR.PA,^FCHI,EUR,Euronext Paris,PRIMARY_DIRECT,Defence Contractor,True,2025-09-24,190.30360412597656,7827.4501953125,-0.0022649511213918005,-0.0056618027022502515,0.003396851580858451,0.796048049330726,0.18695387325583268,0.4675710612317632,2026-02-28,807,ok,0.0003832064451010121,1.0896334133963035,0.3894494594783263,-0.005786082959328345,0.003521131837936544,0.1821596064240746
CMP001,Airbus SE,AIR.PA,^FCHI,EUR,Euronext Paris,PRIMARY_DIRECT,Defence Contractor,True,2025-09-25,190.3428649902344,7795.419921875,0.00020630646717467727,-0.004092044361608482,0.0042983508287831595,0.7964185856586594,0.1820968053512868,0.47186941206054633,2026-02-28,807,ok,0.0003832064451010121,1.0896334133963035,0.3894494594783263,-0.004075621820407536,0.004281928287582213,0.18644153471165684
CMP001,Airbus SE,AIR.PA,^FCHI,EUR,Euronext Paris,PRIMARY_DIRECT,Defence Contractor,True,2025-09-26,192.16912841796875,7870.68017578125,0.00959459881949365,0.009654419474576237,-5.982065508258749e-05,0.8136545012999366,0.19350926376970468,0.47180959140546375,2026-02-28,807,ok,0.0003832064451010121,1.0896334133963035,0.3894494594783263,0.010902984491543264,-0.0013083856720496143,0.18513314903960723
CMP001,Airbus SE,AIR.PA,^FCHI,EUR,Euronext Paris,PRIMARY_DIRECT,Defence Contractor,True,2025-09-29,192.22802734375,7880.8701171875,0.00030649525377013376,0.0012946710041155107,-0.000988175750345377,0.8142103777965639,0.19505446560665063,0.47082141565511837,2026-02-28,807,ok,0.0003832064451010121,1.0896334133963035,0.3894494594783263,0.0017939232305406157,-0.001487427976770482,0.18364572106283675
CMP001,Airbus SE,AIR.PA,^FCHI,EUR,Euronext Paris,PRIMARY_DIRECT,Defence Contractor,True,2025-09-30,193.81863403320312,7895.93994140625,0.008274582595641622,0.0019122030936513656,0.006362379501990256,0.8292222114135117,0.19733965245286544,0.4771837951571086,2026-02-28,807,ok,0.0003832064451010121,1.0896334133963035,0.3894494594783263,0.002466806829143321,0.005807775766498301,0.18945349682933504
CMP001,Airbus SE,AIR.PA,^FCHI,EUR,Euronext Paris,PRIMARY_DIRECT,Defence Contractor,True,2025-10-01,195.4681701660156,7966.9501953125,0.008510720040106667,0.008993261655128926,-0.00048254161502225834,0.8447902095459969,0.2081076412374352,0.47670125354208637,2026-02-28,807,ok,0.0003832064451010121,1.0896334133963035,0.3894494594783263,0.010182564839945233,-0.0016718447998385656,0.18778165202949648
CMP001,Airbus SE,AIR.PA,^FCHI,EUR,Euronext Paris,PRIMARY_DIRECT,Defence Contractor,True,2025-10-02,198.38427734375,8056.6298828125,0.014918578176987607,0.011256463929291805,0.0036621142476958024,0.8723118565072503,0.22170666132372618,0.48036336778978217,2026-02-28,807,ok,0.0003832064451010121,1.0896334133963035,0.3894494594783263,0.012648625659147608,0.0022699525178399987,0.1900516045473365
CMP001,Airbus SE,AIR.PA,^FCHI,EUR,Euronext Paris,PRIMARY_DIRECT,Defence Contractor,True,2025-10-03,199.8570709228516,8081.5400390625,0.0074239430605158585,0.0030918829103894208,0.004332060150126438,0.8862117931214888,0.22548403527138183,0.4846954279399086,2026-02-28,807,ok,0.0003832064451010121,1.0896334133963035,0.3894494594783263,0.0037522253745703336,0.003671717685945525,0.193723322233282
CMP001,Airbus SE,AIR.PA,^FCHI,EUR,Euronext Paris,PRIMARY_DIRECT,Defence Contractor,True,2025-10-06,197.45152282714844,7971.77978515625,-0.012036342194926553,-0.013581601201716365,0.001545259006789812,0.8635087025273724,0.20883999982525592,0.4862406869466984,2026-02-28,807,ok,0.0003832064451010121,1.0896334133963035,0.3894494594783263,-0.014415760031712528,0.0023794178367859756,0.19610274007006798
CMP001,Airbus SE,AIR.PA,^FCHI,EUR,Euronext Paris,PRIMARY_DIRECT,Defence Contractor,True,2025-10-07,198.7770233154297,7974.85009765625,0.006713042620803744,0.0003851476812890553,0.006327894939514689,0.8760185158716773,0.2093055817482381,0.4925685818862131,2026-02-28,807,ok,0.0003832064451010121,1.0896334133963035,0.3894494594783263,0.0008028762277256771,0.005910166393078067,0.20201290646314604
CMP001,Airbus SE,AIR.PA,^FCHI,EUR,Euronext Paris,PRIMARY_DIRECT,Defence Contractor,True,2025-10-08,201.5753173828125,8060.1298828125,0.014077552931972104,0.010693590990671131,0.0033839619413009725,0.9024282658302207,0.22223740102218947,0.4959525438275141,2026-02-28,807,ok,0.0003832064451010121,1.0896334133963035,0.3894494594783263,0.012035300497729955,0.002042252434242149,0.20405515889738818
CMP001,Airbus SE,AIR.PA,^FCHI,EUR,Euronext Paris,PRIMARY_DIRECT,Defence Contractor,True,2025-10-09,200.9371032714844,8041.35986328125,-0.003166132240863928,-0.0023287490157293256,-0.0008373832251346025,0.8964049263618448,0.2193911168775715,0.4951151606023795,2026-02-28,807,ok,0.0003832064451010121,1.0896334133963035,0.3894494594783263,-0.002154276293851415,-0.001011855947012513,0.20304330295037568
CMP001,Airbus SE,AIR.PA,^FCHI,EUR,Euronext Paris,PRIMARY_DIRECT,Defence Contractor,True,2025-10-10,198.33518981933597,7918.0,-0.012948895001402616,-0.015340671898610103,0.002391776897207487,0.8718485780902425,0.20068483783747304,0.49750693749958697,2026-02-28,807,ok,0.0003832064451010121,1.0896334133963035,0.3894494594783263,-0.016332502239574265,0.0033836072381716494,0.20642691018854734
CMP001,Airbus SE,AIR.PA,^FCHI,EUR,Euronext Paris,PRIMARY_DIRECT,Defence Contractor,True,2025-10-13,198.6788482666016,7934.259765625,0.0017327154479176432,0.0020535192757009657,-0.0003208038277833225,0.8750919590376622,0.20315046729601427,0.49718613367180364,2026-02-28,807,ok,0.0003832064451010121,1.0896334133963035,0.3894494594783263,0.0026207896629581603,-0.0008880742150405171,0.2055388359735068
CMP001,Airbus SE,AIR.PA,^FCHI,EUR,Euronext Paris,PRIMARY_DIRECT,Defence Contractor,True,2025-10-14,199.61160278320312,7919.6201171875,0.004694785201039053,-0.0018451183689405237,0.006539903569979577,0.8838951130175396,0.20093051226820702,0.5037260372417832,2026-02-28,807,ok,0.0003832064451010121,1.0896334133963035,0.3894494594783263,-0.0016272961813678707,0.006322081382406924,0.21186091735591372
CMP001,Airbus SE,AIR.PA,^FCHI,EUR,Euronext Paris,PRIMARY_DIRECT,Defence Contractor,True,2025-10-15,199.31704711914065,8077.0,-0.0014756440004261018,0.01987215049254032,-0.02134779449296642,0.8811151544965832,0.2247955841390843,0.4823782427488168,2026-02-28,807,ok,0.0003832064451010121,1.0896334133963035,0.3894494594783263,0.022036565617812753,-0.023512209618238855,0.18834870773767487
CMP001,Airbus SE,AIR.PA,^FCHI,EUR,Euronext Paris,PRIMARY_DIRECT,Defence Contractor,True,2025-10-16,201.72259521484372,8188.58984375,0.012068953109992453,0.013815753838058775,-0.0017468007280663223,0.9038182450906986,0.24171705843149138,0.4806314420207505,2026-02-28,807,ok,0.0003832064451010121,1.0896334133963035,0.3894494594783263,0.015437313458308077,-0.0033683603483156237,0.18498034738935926
CMP001,Airbus SE,AIR.PA,^FCHI,EUR,Euronext Paris,PRIMARY_DIRECT,Defence Contractor,True,2025-10-17,196.7642059326172,8174.2001953125,-0.024580237414383976,-0.0017572804001757536,-0.022822957014208223,0.8570219406325335,0.2395350133821459,0.45780848500654225,2026-02-28,807,ok,0.0003832064451010121,1.0896334133963035,0.3894494594783263,-0.0015315849956369163,-0.02304865241874706,0.1619316949706122
CMP001,Airbus SE,AIR.PA,^FCHI,EUR,Euronext Paris,PRIMARY_DIRECT,Defence Contractor,True,2025-10-20,200.00433349609372,8206.0703125,0.01646705785800351,0.0038988667302002344,0.012568191127803274,0.8876016283725114,0.2443677952067398,0.47037667613434553,2026-02-28,807,ok,0.0003832064451010121,1.0896334133963035,0.3894494594783263,0.004631541908706378,0.011835515949297132,0.17376721091990932
CMP001,Airbus SE,AIR.PA,^FCHI,EUR,Euronext Paris,PRIMARY_DIRECT,Defence Contractor,True,2025-10-21,203.588134765625,8258.8603515625,0.01791861809634887,0.006433047372514711,0.01148557072383416,0.9214248410693646,0.25237287218213633,0.4818622468581797,2026-02-28,807,ok,0.0003832064451010121,1.0896334133963035,0.3894494594783263,0.0073928698121543375,0.010525748284194534,0.18429295920410385
CMP001,Airbus SE,AIR.PA,^FCHI,EUR,Euronext Paris,PRIMARY_DIRECT,Defence Contractor,True,2025-10-22,202.06625366210935,8206.8701171875,-0.007475293711333819,-0.006295085782043075,-0.0011802079292907441,0.9070616260381181,0.24448907752064608,0.48068203892888894,2026-02-28,807,ok,0.0003832064451010121,1.0896334133963035,0.3894494594783263,-0.006476129363209122,-0.000999164348124697,0.18329379485597916
CMP001,Airbus SE,AIR.PA,^FCHI,EUR,Euronext Paris,PRIMARY_DIRECT,Defence Contractor,True,2025-10-23,203.4899444580078,8225.7802734375,0.007045663341089803,0.00230418612454919,0.004741477216540613,0.920498140225894,0.24735661198522219,0.48542351614542956,2026-02-28,807,ok,0.0003832064451010121,1.0896334133963035,0.3894494594783263,0.002893924637093946,0.004151738703995857,0.187445533559975
CMP001,Airbus SE,AIR.PA,^FCHI,EUR,Euronext Paris,PRIMARY_DIRECT,Defence Contractor,True,2025-10-24,204.6681671142578,8225.6298828125,0.005790078027630097,-1.8282840046901505e-05,0.005808360867676998,0.9316179743097204,0.2473338067638038,0.49123187701310655,2026-02-28,807,ok,0.0003832064451010121,1.0896334133963035,0.3894494594783263,0.0003632848516941282,0.005426793175935968,0.19287232673591098
CMP001,Airbus SE,AIR.PA,^FCHI,EUR,Euronext Paris,PRIMARY_DIRECT,Defence Contractor,True,2025-10-27,204.81544494628903,8239.1796875,0.000719593252374251,0.0016472665170375045,-0.0009276732646632535,0.9330079535701985,0.24938849797925466,0.4903042037484433,2026-02-28,807,ok,0.0003832064451010121,1.0896334133963035,0.3894494594783263,0.0021781230828340284,-0.0014585298304597774,0.1914137969054512
CMP001,Airbus SE,AIR.PA,^FCHI,EUR,Euronext Paris,PRIMARY_DIRECT,Defence Contractor,True,2025-10-28,203.9808654785156,8216.580078125,-0.004074787758278187,-0.0027429441075653704,-0.0013318436507128162,0.9251313564243362,0.24596149516066257,0.4889723600977305,2026-02-28,807,ok,0.0003832064451010121,1.0896334133963035,0.3894494594783263,-0.00260559710558072,-0.0014691906526974668,0.18994460625275375
CMP001,Airbus SE,AIR.PA,^FCHI,EUR,Euronext Paris,PRIMARY_DIRECT,Defence Contractor,True,2025-10-29,204.6190643310547,8200.8798828125,0.0031287192111963957,-0.001910794413639172,0.005039513624835568,0.9311545518832576,0.2435807188961001,0.49401187372256605,2026-02-28,807,ok,0.0003832064451010121,1.0896334133963035,0.3894494594783263,-0.0016988589941312271,0.004827578205327623,0.19477218445808137
CMP001,Airbus SE,AIR.PA,^FCHI,EUR,Euronext Paris,PRIMARY_DIRECT,Defence Contractor,True,2025-10-30,208.841064453125,8157.2900390625,0.020633464119645728,-0.00531526426101625,0.02594872838066198,0.9710009600390312,0.23697075874526274,0.519960602103228,2026-02-28,807,ok,0.0003832064451010121,1.0896334133963035,0.3894494594783263,-0.005408483094733505,0.026041947214379232,0.2208141316724606
CMP001,Airbus SE,AIR.PA,^FCHI,EUR,Euronext Paris,PRIMARY_DIRECT,Defence Contractor,True,2025-10-31,209.52835083007807,8121.06982421875,0.003290954194055784,-0.004440226431854599,0.007731180625910383,0.9774874339149597,0.23147832848685068,0.5276917827291384,2026-02-28,807,ok,0.0003832064451010121,1.0896334133963035,0.3894494594783263,-0.004455012638093204,0.007745966832148988,0.2285600985046096
CMP001,Airbus SE,AIR.PA,^FCHI,EUR,Euronext Paris,PRIMARY_DIRECT,Defence Contractor,True,2025-11-03,210.2647399902344,8109.7900390625,0.0035145084530996407,-0.0013889531059825266,0.004903461559082167,0.9844373302173521,0.2297678628375488,0.5325952442882206,2026-02-28,807,ok,0.0003832064451010121,1.0896334133963035,0.3894494594783263,-0.0011302432688181261,0.004644751721917767,0.23320485022652737
CMP001,Airbus SE,AIR.PA,^FCHI,EUR,Euronext Paris,PRIMARY_DIRECT,Defence Contractor,True,2025-11-04,208.98834228515625,8067.52978515625,-0.006070431519509367,-0.005211017018035613,-0.0008594145014737542,0.9723909392995096,0.2233595215760691,0.5317358297867468,2026-02-28,807,ok,0.0003832064451010121,1.0896334133963035,0.3894494594783263,-0.0052948918155273595,-0.0007755397039820077,0.23242931052254537
CMP001,Airbus SE,AIR.PA,^FCHI,EUR,Euronext Paris,PRIMARY_DIRECT,Defence Contractor,True,2025-11-05,208.49742126464844,8074.22998046875,-0.0023490354301101135,0.000830513861235227,-0.0031795492913453405,0.9677577231010668,0.224375538616012,0.5285562804954015,2026-02-28,807,ok,0.0003832064451010121,1.0896334133963035,0.3894494594783263,0.0012881620985916965,-0.0036371975287018098,0.22879211299384355
CMP001,Airbus SE,AIR.PA,^FCHI,EUR,Euronext Paris,PRIMARY_DIRECT,Defence Contractor,True,2025-11-06,204.86453247070312,7964.77001953125,-0.01742414257169178,-0.01355670586573321,-0.0038674367059585713,0.9334712319872063,0.20777703956979598,0.5246888437894429,2026-02-28,807,ok,0.0003832064451010121,1.0896334133963035,0.3894494594783263,-0.014388633241787555,-0.003035509329904226,0.22575660366393932
CMP001,Airbus SE,AIR.PA,^FCHI,EUR,Euronext Paris,PRIMARY_DIRECT,Defence Contractor,True,2025-11-07,204.27542114257807,7950.18017578125,-0.002875614051003672,-0.0018317972413796069,-0.0010438168096240652,0.9279113149452924,0.2055646369205104,0.5236450269798189,2026-02-28,807,ok,0.0003832064451010121,1.0896334133963035,0.3894494594783263,-0.0016127810356733815,-0.0012628330153302905,0.22449377064860904
CMP001,Airbus SE,AIR.PA,^FCHI,EUR,Euronext Paris,PRIMARY_DIRECT,Defence Contractor,True,2025-11-10,207.2700958251953,8055.509765625,0.014659985356373584,0.013248704748178852,0.0014112806081947316,0.9561744665907774,0.22153680684991572,0.5250563075880136,2026-02-28,807,ok,0.0003832064451010121,1.0896334133963035,0.3894494594783263,0.014819437822938947,-0.00015945246656536363,0.22433431818204366
CMP001,Airbus SE,AIR.PA,^FCHI,EUR,Euronext Paris,PRIMARY_DIRECT,Defence Contractor,True,2025-11-11,207.17190551757807,8156.22998046875,-0.0004737311826210622,0.012503270155980628,-0.01297700133860169,0.9552477657473062,0.23681001155143422,0.5120793062494119,2026-02-28,807,ok,0.0003832064451010121,1.0896334133963035,0.3894494594783263,0.014007187383778315,-0.014480918566399378,0.20985339961564428
CMP001,Airbus SE,AIR.PA,^FCHI,EUR,Euronext Paris,PRIMARY_DIRECT,Defence Contractor,True,2025-11-12,208.1537628173828,8241.240234375,0.004739336143825934,0.010422738705237578,-0.0056834025614116435,0.9645143421536473,0.24970095912985668,0.5063959036880002,2026-02-28,807,ok,0.0003832064451010121,1.0896334133963035,0.3894494594783263,0.011740170797426803,-0.007000834653600869,0.2028525649620434
CMP001,Airbus SE,AIR.PA,^FCHI,EUR,Euronext Paris,PRIMARY_DIRECT,Defence Contractor,True,2025-11-13,206.43551635742188,8232.490234375,-0.008254698049673936,-0.0010617333982697597,-0.007192964651404177,0.9482978694449151,0.24837410988369868,0.49920293903659607,2026-02-28,807,ok,0.0003832064451010121,1.0896334133963035,0.3894494594783263,-0.000773693741772523,-0.007481004307901414,0.195371560654142
CMP001,Airbus SE,AIR.PA,^FCHI,EUR,Euronext Paris,PRIMARY_DIRECT,Defence Contractor,True,2025-11-14,202.7535400390625,8170.08984375,-0.017835963420094858,-0.00757977098648055,-0.010256192433614308,0.9135480999140468,0.2389117200253288,0.48894674660298176,2026-02-28,807,ok,0.0003832064451010121,1.0896334133963035,0.3894494594783263,-0.007875965287660056,-0.009959998132434802,0.18541156252170718
CMP001,Airbus SE,AIR.PA,^FCHI,EUR,Euronext Paris,PRIMARY_DIRECT,Defence Contractor,True,2025-11-17,203.53903198242188,8119.02001953125,0.003874121967034627,-0.006250827738181863,0.01012494970521649,0.9209614186429012,0.23116749628063582,0.49907169630819825,2026-02-28,807,ok,0.0003832064451010121,1.0896334133963035,0.3894494594783263,-0.006427904319806387,0.010302026286841015,0.1957135888085482
CMP001,Airbus SE,AIR.PA,^FCHI,EUR,Euronext Paris,PRIMARY_DIRECT,Defence Contractor,True,2025-11-18,200.4461669921875,7967.93017578125,-0.015195439224165552,-0.018609369528161723,0.003413930303996171,0.891771566153946,0.20825624539128773,0.5024856266121944,2026-02-28,807,ok,0.0003832064451010121,1.0896334133963035,0.3894494594783263,-0.019894184395023003,0.00469874517085745,0.20041233397940564
CMP001,Airbus SE,AIR.PA,^FCHI,EUR,Euronext Paris,PRIMARY_DIRECT,Defence Contractor,True,2025-11-19,199.56251525878903,7953.77001953125,-0.004408424200163963,-0.0017771436166748034,-0.0026312805834891595,0.883431834600531,0.20610900051748304,0.49985434602870527,2026-02-28,807,ok,0.0003832064451010121,1.0896334133963035,0.3894494594783263,-0.0015532286200318059,-0.002855195580132157,0.19755713839927347
CMP001,Airbus SE,AIR.PA,^FCHI,EUR,Euronext Paris,PRIMARY_DIRECT,Defence Contractor,True,2025-11-20,200.69163513183597,7981.06982421875,0.00565797575553062,0.003432310039196862,0.002225665716333758,0.8940882462578954,0.21024874054832488,0.502080011745039,2026-02-28,807,ok,0.0003832064451010121,1.0896334133963035,0.3894494594783263,0.004123166148945489,0.001534809606585131,0.1990919480058586
CMP001,Airbus SE,AIR.PA,^FCHI,EUR,Euronext Paris,PRIMARY_DIRECT,Defence Contractor,True,2025-11-21,199.0715789794922,7982.64990234375,-0.008072365105200041,0.00019797823597600406,-0.008270343341176045,0.8787984743926336,0.21048834345907075,0.493809668403863,2026-02-28,807,ok,0.0003832064451010121,1.0896334133963035,0.3894494594783263,0.0005989301461457243,-0.008671295251345766,0.19042065275451284
CMP001,Airbus SE,AIR.PA,^FCHI,EUR,Euronext Paris,PRIMARY_DIRECT,Defence Contractor,True,2025-11-24,196.42056274414065,7959.669921875,-0.01331689962445437,-0.0028787408629812328,-0.010438158761473137,0.853778703694569,0.20700366120059277,0.48337150964238984,2026-02-28,807,ok,0.0003832064451010121,1.0896334133963035,0.3894494594783263,-0.002753565787712649,-0.010563333836741722,0.17985731891777113
CMP001,Airbus SE,AIR.PA,^FCHI,EUR,Euronext Paris,PRIMARY_DIRECT,Defence Contractor,True,2025-11-25,198.0897216796875,8025.7998046875,0.008497882870446283,0.008308118736275683,0.00018976413417060023,0.8695318979862932,0.21703159093296676,0.48356127377656044,2026-02-28,807,ok,0.0003832064451010121,1.0896334133963035,0.3894494594783263,0.009436010222610867,-0.0009381273521645844,0.17891919156560654
CMP001,Airbus SE,AIR.PA,^FCHI,EUR,Euronext Paris,PRIMARY_DIRECT,Defence Contractor,True,2025-11-26,201.13348388671875,8096.43017578125,0.015365573646234143,0.008800415262351535,0.006565158383882608,0.8982583280487855,0.2277419743205773,0.49012643216044305,2026-02-28,807,ok,0.0003832064451010121,1.0896334133963035,0.3894494594783263,0.00997243296672204,0.005393140679512102,0.18431233224511864
CMP001,Airbus SE,AIR.PA,^FCHI,EUR,Euronext Paris,PRIMARY_DIRECT,Defence Contractor,True,2025-11-27,200.4461669921875,8099.47021484375,-0.0034172176668423315,0.00037547894522615977,-0.0037926966120684913,0.8917715661539465,0.22820296558210518,0.48633373554837456,2026-02-28,807,ok,0.0003832064451010121,1.0896334133963035,0.3894494594783263,0.0007923408498462362,-0.004209558516688567,0.1801027737284301
CMP001,Airbus SE,AIR.PA,^FCHI,EUR,Euronext Paris,PRIMARY_DIRECT,Defence Contractor,True,2025-11-28,200.74073791503903,8122.7099609375,0.0014695762322209927,0.002869292123719225,-0.0013997158914982322,0.8945516686843578,0.2317270386775785,0.4849340196568763,2026-02-28,807,ok,0.0003832064451010121,1.0896334133963035,0.3894494594783263,0.0035096830159003197,-0.002040106783679327,0.17806266694475076
CMP001,Airbus SE,AIR.PA,^FCHI,EUR,Euronext Paris,PRIMARY_DIRECT,Defence Contractor,True,2025-12-01,189.08609008789065,8097.0,-0.058058209550276074,-0.0031651949978689364,-0.05489301455240714,0.784557390900056,0.22782838241601633,0.4300410051044692,2026-02-28,807,ok,0.0003832064451010121,1.0896334133963035,0.3894494594783263,-0.0030656957844918224,-0.05499251376578425,0.12307015317896651
CMP001,Airbus SE,AIR.PA,^FCHI,EUR,Euronext Paris,PRIMARY_DIRECT,Defence Contractor,True,2025-12-02,187.0438232421875,8074.60986328125,-0.010800724922461868,-0.002765238572156381,-0.008035486350305487,0.7652828774125984,0.2244331440129712,0.4220055187541637,2026-02-28,807,ok,0.0003832064451010121,1.0896334133963035,0.3894494594783263,-0.0026298898991328657,-0.008170835023329003,0.1148993181556375
CMP001,Airbus SE,AIR.PA,^FCHI,EUR,Euronext Paris,PRIMARY_DIRECT,Defence Contractor,True,2025-12-03,194.52557373046875,8087.419921875,0.03999998694741036,0.001586461613706236,0.038413525333704124,0.8358941694675892,0.2263756601944975,0.4604190440878678,2026-02-28,807,ok,0.0003832064451010121,1.0896334133963035,0.3894494594783263,0.002111868028465946,0.03788811891894441,0.15278743707458192
CMP001,Airbus SE,AIR.PA,^FCHI,EUR,Euronext Paris,PRIMARY_DIRECT,Defence Contractor,True,2025-12-04,193.44554138183597,8122.02978515625,-0.005552135526042723,0.004279469053861895,-0.009831604579904618,0.8257010362272335,0.2316238968807094,0.4505874395079632,2026-02-28,807,ok,0.0003832064451010121,1.0896334133963035,0.3894494594783263,0.0050462589177843985,-0.010598394443827121,0.1421890426307548
CMP001,Airbus SE,AIR.PA,^FCHI,EUR,Euronext Paris,PRIMARY_DIRECT,Defence Contractor,True,2025-12-05,193.1313323974609,8114.740234375,-0.001624276176801831,-0.0008975035765779182,-0.0007267726002239128,0.8227355935281271,0.23051851002826007,0.4498606669077393,2026-02-28,807,ok,0.0003832064451010121,1.0896334133963035,0.3894494594783263,-0.0005947434405809756,-0.0010295327362208554,0.14115950989453394
CMP001,Airbus SE,AIR.PA,^FCHI,EUR,Euronext Paris,PRIMARY_DIRECT,Defence Contractor,True,2025-12-08,194.4863128662109,8108.43017578125,0.007015850053586625,-0.000777604508770291,0.007793454562356916,0.8355236331396556,0.22956165328673683,0.4576541214700962,2026-02-28,807,ok,0.0003832064451010121,1.0896334133963035,0.3894494594783263,-0.0004640974100627158,0.007479947463649341,0.14863945735818326
CMP001,Airbus SE,AIR.PA,^FCHI,EUR,Euronext Paris,PRIMARY_DIRECT,Defence Contractor,True,2025-12-09,191.8942108154297,8052.509765625,-0.013327940730535337,-0.006896576642329122,-0.006431364088206215,0.8110598829476734,0.22108188710837595,0.45122275738189,2026-02-28,807,ok,0.0003832064451010121,1.0896334133963035,0.3894494594783263,-0.0071315339024292865,-0.0061964068281060505,0.14244305053007722
CMP001,Airbus SE,AIR.PA,^FCHI,EUR,Euronext Paris,PRIMARY_DIRECT,Defence Contractor,True,2025-12-10,190.460693359375,8022.68994140625,-0.007470352805137526,-0.0037031714442677943,-0.0037671813608697313,0.7975306266708233,0.2165600115329236,0.44745557602102026,2026-02-28,807,ok,0.0003832064451010121,1.0896334133963035,0.3894494594783263,-0.0036518928961082235,-0.003818459909029302,0.13862459062104793
CMP001,Airbus SE,AIR.PA,^FCHI,EUR,Euronext Paris,PRIMARY_DIRECT,Defence Contractor,True,2025-12-11,189.7733917236328,8085.759765625,-0.003608627185060942,0.00786143110096238,-0.011470058286023321,0.7910440087854393,0.22612391424377565,0.43598551773499694,2026-02-28,807,ok,0.0003832064451010121,1.0896334133963035,0.3894494594783263,0.00894928444982251,-0.012557911634883451,0.12606667898616447
CMP001,Airbus SE,AIR.PA,^FCHI,EUR,Euronext Paris,PRIMARY_DIRECT,Defence Contractor,True,2025-12-12,190.49996948242188,8068.6201171875,0.003828659814686608,-0.0021197325834939607,0.005948392398180569,0.7979013070082113,0.22352485943135192,0.4419339101331775,2026-02-28,807,ok,0.0003832064451010121,1.0896334133963035,0.3894494594783263,-0.001926525005338877,0.005755184820025485,0.13182186380618996
CMP001,Airbus SE,AIR.PA,^FCHI,EUR,Euronext Paris,PRIMARY_DIRECT,Defence Contractor,True,2025-12-15,192.56185913085935,8124.8798828125,0.010823569442239389,0.006972662587640954,0.003850906854598435,0.8173610166549077,0.23205608544375766,0.44578481698777594,2026-02-28,807,ok,0.0003832064451010121,1.0896334133963035,0.3894494594783263,0.007980852580932927,0.0028427168613064623,0.13466458066749643
CMP001,Airbus SE,AIR.PA,^FCHI,EUR,Euronext Paris,PRIMARY_DIRECT,Defence Contractor,True,2025-12-16,189.45919799804688,8106.16015625,-0.01611254246721827,-0.0023040004076982923,-0.01380854205951998,0.7880787100957884,0.22921742772058806,0.43197627492825597,2026-02-28,807,ok,0.0003832064451010121,1.0896334133963035,0.3894494594783263,-0.002127309383605753,-0.01398523308361252,0.1206793475838839
CMP001,Airbus SE,AIR.PA,^FCHI,EUR,Euronext Paris,PRIMARY_DIRECT,Defence Contractor,True,2025-12-17,186.9456329345703,8086.0498046875,-0.01326705216762547,-0.0024808727159176813,-0.01078617945170779,0.7643561765691271,0.2261678957422255,0.4211900954765482,2026-02-28,807,ok,0.0003832064451010121,1.0896334133963035,0.3894494594783263,-0.0023200353605461288,-0.010947016807079341,0.10973233077680457
CMP001,Airbus SE,AIR.PA,^FCHI,EUR,Euronext Paris,PRIMARY_DIRECT,Defence Contractor,True,2025-12-18,190.51959228515625,8150.64013671875,0.01911764021701856,0.007987872149118669,0.011129768067899892,0.7980865031674502,0.23596236812676818,0.43231986354444807,2026-02-28,807,ok,0.0003832064451010121,1.0896334133963035,0.3894494594783263,0.009087058840718453,0.010030581376300108,0.11976291215310468
CMP001,Airbus SE,AIR.PA,^FCHI,EUR,Euronext Paris,PRIMARY_DIRECT,Defence Contractor,True,2025-12-19,192.2869415283203,8151.3798828125,0.009276469794869291,9.075926324086936e-05,0.009185710531628422,0.8147663983026452,0.23607454316069276,0.4415055740760765,2026-02-28,807,ok,0.0003832064451010121,1.0896334133963035,0.3894494594783263,0.00048210077090349426,0.008794369023965796,0.12855728117707046
CMP001,Airbus SE,AIR.PA,^FCHI,EUR,Euronext Paris,PRIMARY_DIRECT,Defence Contractor,True,2025-12-22,192.16912841796875,8121.06982421875,-0.0006126942860247286,-0.0037183960298132757,0.003105701743788547,0.8136545012999354,0.23147832848685068,0.44461127581986504,2026-02-28,807,ok,0.0003832064451010121,1.0896334133963035,0.3894494594783263,-0.0036684821132236907,0.003055787827198962,0.13161306900426942
CMP001,Airbus SE,AIR.PA,^FCHI,EUR,Euronext Paris,PRIMARY_DIRECT,Defence Contractor,True,2025-12-23,193.15098571777344,8103.85009765625,0.005109339402680435,-0.002120376617271158,0.007229716019951593,0.8229210777062759,0.22886713063445097,0.45184099183981663,2026-02-28,807,ok,0.0003832064451010121,1.0896334133963035,0.3894494594783263,-0.0019272267660618674,0.007036566168742302,0.1386496351730117
CMP001,Airbus SE,AIR.PA,^FCHI,EUR,Euronext Paris,PRIMARY_DIRECT,Defence Contractor,True,2025-12-24,192.4047698974609,8103.580078125,-0.0038633808548245163,-3.331990695731868e-05,-0.0038300609478671976,0.8158784393148093,0.22882618489599538,0.44801093089194943,2026-02-28,807,ok,0.0003832064451010121,1.0896334133963035,0.3894494594783263,0.0003468999611490617,-0.004210280815973578,0.13443935435703813
CMP001,Airbus SE,AIR.PA,^FCHI,EUR,Euronext Paris,PRIMARY_DIRECT,Defence Contractor,True,2025-12-29,192.4440460205078,8112.02001953125,0.0002041327929023229,0.0010415077440937281,-0.0008373749511914053,0.8162491196521977,0.23010601688370969,0.447173555940758,2026-02-28,807,ok,0.0003832064451010121,1.0896334133963035,0.3894494594783263,0.0015180680833765448,-0.001313935290474222,0.13312541906656392
CMP001,Airbus SE,AIR.PA,^FCHI,EUR,Euronext Paris,PRIMARY_DIRECT,Defence Contractor,True,2025-12-30,195.3307037353516,8168.14990234375,0.014999984538550892,0.006919347175839974,0.008080637362710918,0.8434928283651373,0.23861754747761776,0.45525419330346895,2026-02-28,807,ok,0.0003832064451010121,1.0896334133963035,0.3894494594783263,0.007922758326785595,0.007077226211765297,0.1402026452783292
CMP001,Airbus SE,AIR.PA,^FCHI,EUR,Euronext Paris,PRIMARY_DIRECT,Defence Contractor,True,2025-12-31,194.8004913330078,8149.5,-0.0027144345062215525,-0.0022832468266037464,-0.000431187679617806,0.838488787819851,0.23578947789296367,0.45482300562385114,2026-02-28,807,ok,0.0003832064451010121,1.0896334133963035,0.3894494594783263,-0.002104695588197506,-0.0006097389180240464,0.13959290636030516
CMP001,Airbus SE,AIR.PA,^FCHI,EUR,Euronext Paris,PRIMARY_DIRECT,Defence Contractor,True,2026-01-02,200.00433349609372,8195.2099609375,0.02671370142588625,0.005608928270139257,0.021104773155746992,0.8876016283725101,0.2427209324314581,0.47592777877959813,2026-02-28,807,ok,0.0003832064451010121,1.0896334133963035,0.3894494594783263,0.006494882101587875,0.020218819324298375,0.15981172568460353
CMP001,Airbus SE,AIR.PA,^FCHI,EUR,Euronext Paris,PRIMARY_DIRECT,Defence Contractor,True,2026-01-05,204.2263336181641,8211.5,0.02110954321973635,0.0019877512766781624,0.019121791943058186,0.9274480365282842,0.2451911525514534,0.4950495707226563,2026-02-28,807,ok,0.0003832064451010121,1.0896334133963035,0.3894494594783263,0.0025491266536906984,0.01856041656604565,0.17837214225064918
CMP001,Airbus SE,AIR.PA,^FCHI,EUR,Euronext Paris,PRIMARY_DIRECT,Defence Contractor,True,2026-01-06,205.60092163085935,8237.4296875,0.006730708955806186,0.0031577284905315306,0.0035729804652746555,0.9404211282895962,0.24912312813002302,0.498622551187931,2026-02-28,807,ok,0.0003832064451010121,1.0896334133963035,0.3894494594783263,0.0038239729188176406,0.0029067360369885455,0.18127887828763772
CMP001,Airbus SE,AIR.PA,^FCHI,EUR,Euronext Paris,PRIMARY_DIRECT,Defence Contractor,True,2026-01-07,209.87200927734372,8233.919921875,0.020773679478697904,-0.0004260753363790615,0.021199754815076965,0.9807308148623777,0.24859090757302615,0.5198223060030079,2026-02-28,807,ok,0.0003832064451010121,1.0896334133963035,0.3894494594783263,-8.105947804168282e-05,0.020854738956739588,0.2021336172443773
CMP001,Airbus SE,AIR.PA,^FCHI,EUR,Euronext Paris,PRIMARY_DIRECT,Defence Contractor,True,2026-01-08,211.2957000732422,8243.4697265625,0.0067836144553086175,0.0011598126746568127,0.005623801780651805,0.9941673290501534,0.25003903913309067,0.5254461077836597,2026-02-28,807,ok,0.0003832064451010121,1.0896334133963035,0.3894494594783263,0.0016469770886876113,0.0051366373666210064,0.20727025461099832
CMP001,Airbus SE,AIR.PA,^FCHI,EUR,Euronext Paris,PRIMARY_DIRECT,Defence Contractor,True,2026-01-09,211.1975250244141,8362.08984375,-0.00046463344400315965,0.014389586075057359,-0.014854219519060519,0.9932407722161383,0.2680265834838782,0.5105918882645992,2026-02-28,807,ok,0.0003832064451010121,1.0896334133963035,0.3894494594783263,0.01606258023742568,-0.01652721368142884,0.19074304092956948
CMP001,Airbus SE,AIR.PA,^FCHI,EUR,Euronext Paris,PRIMARY_DIRECT,Defence Contractor,True,2026-01-12,212.2284698486328,8358.759765625,0.004881424742546381,-0.0003982351526022887,0.0052796598951486695,1.0029706270394865,0.2675216107239007,0.5158715481597479,2026-02-28,807,ok,0.0003832064451010121,1.0896334133963035,0.3894494594783263,-5.072388356341755e-05,0.0049321486261097985,0.19567518955567928
CMP001,Airbus SE,AIR.PA,^FCHI,EUR,Euronext Paris,PRIMARY_DIRECT,Defence Contractor,True,2026-01-13,216.2049865722656,8347.2001953125,0.018736961758565984,-0.001382928883784662,0.020119890642350646,1.0405002110818562,0.2657687184776094,0.5359914388020985,2026-02-28,807,ok,0.0003832064451010121,1.0896334133963035,0.3894494594783263,-0.0011236790750216092,0.019860640833587594,0.21553583038926688
CMP001,Airbus SE,AIR.PA,^FCHI,EUR,Euronext Paris,PRIMARY_DIRECT,Defence Contractor,True,2026-01-14,211.54116821289065,8330.9697265625,-0.02157128026191979,-0.0019444206884021709,-0.01962685957351762,0.996484009154103,0.26330753159466935,0.5163645792285809,2026-02-28,807,ok,0.0003832064451010121,1.0896334133963035,0.3894494594783263,-0.0017354993066810353,-0.019835780955238753,0.19570004943402813
CMP001,Airbus SE,AIR.PA,^FCHI,EUR,Euronext Paris,PRIMARY_DIRECT,Defence Contractor,True,2026-01-15,210.9520568847656,8313.1201171875,-0.0027848542820383404,-0.002142560825552864,-0.0006422934564854765,0.9909240921121891,0.2606008183668487,0.5157222857720954,2026-02-28,807,ok,0.0003832064451010121,1.0896334133963035,0.3894494594783263,-0.0019513994206553568,-0.0008334548613829836,0.19486659457264516
CMP001,Airbus SE,AIR.PA,^FCHI,EUR,Euronext Paris,PRIMARY_DIRECT,Defence Contractor,True,2026-01-16,213.45578002929688,8258.9404296875,0.011868683252038492,-0.006517370943309508,0.018386054195348,1.0145537395403208,0.2523850152221123,0.5341083399674434,2026-02-28,807,ok,0.0003832064451010121,1.0896334133963035,0.3894494594783263,-0.006718338702227214,0.018587021954265707,0.21345361652691086
CMP001,Airbus SE,AIR.PA,^FCHI,EUR,Euronext Paris,PRIMARY_DIRECT,Defence Contractor,True,2026-01-19,206.5827789306641,8112.02001953125,-0.03219871159117571,-0.017789256552587673,-0.014409455038588037,0.9496877046959376,0.23010601688370969,0.5196988849288554,2026-02-28,807,ok,0.0003832064451010121,1.0896334133963035,0.3894494594783263,-0.01900056189407765,-0.013198149697098059,0.2002554668298128
CMP001,Airbus SE,AIR.PA,^FCHI,EUR,Euronext Paris,PRIMARY_DIRECT,Defence Contractor,True,2026-01-20,204.1772308349609,8062.580078125,-0.011644475440571789,-0.006094652292180425,-0.005549823148391364,0.926984614101821,0.2226089484282845,0.514149061780464,2026-02-28,807,ok,0.0003832064451010121,1.0896334133963035,0.3894494594783263,-0.006257730335491149,-0.00538674510508064,0.19486872172473216
CMP001,Airbus SE,AIR.PA,^FCHI,EUR,Euronext Paris,PRIMARY_DIRECT,Defence Contractor,True,2026-01-21,203.63720703125,8069.169921875,-0.002644877695238246,0.0008173368433113115,-0.0034622145385495573,0.9218879754769158,0.22360823176679712,0.5106868472419145,2026-02-28,807,ok,0.0003832064451010121,1.0896334133963035,0.3894494594783263,0.0012738039795728762,-0.003918681674811122,0.19095004004992103
CMP001,Airbus SE,AIR.PA,^FCHI,EUR,Euronext Paris,PRIMARY_DIRECT,Defence Contractor,True,2026-01-22,202.9990081787109,8148.89013671875,-0.0031339992422954044,0.009879605413641634,-0.013013604655937039,0.9158647800179944,0.23569699827753676,0.49767324258597745,2026-02-28,807,ok,0.0003832064451010121,1.0896334133963035,0.3894494594783263,0.011148354614975944,-0.014282353857271349,0.17666768619264966
CMP001,Airbus SE,AIR.PA,^FCHI,EUR,Euronext Paris,PRIMARY_DIRECT,Defence Contractor,True,2026-01-23,203.0481109619141,8143.0498046875,0.00024188681335801654,-0.0007167027574630502,0.0009585895708210668,0.9163282024444579,0.2348113708314825,0.4986318321567985,2026-02-28,807,ok,0.0003832064451010121,1.0896334133963035,0.3894494594783263,-0.0003977368269039944,0.0006396236402620109,0.17730730983291168
CMP001,Airbus SE,AIR.PA,^FCHI,EUR,Euronext Paris,PRIMARY_DIRECT,Defence Contractor,True,2026-01-26,198.72792053222656,8131.14990234375,-0.021276683684576914,-0.001461356939865488,-0.019815326744711426,0.8755550934452132,0.23300687066529302,0.4788165054120871,2026-02-28,807,ok,0.0003832064451010121,1.0896334133963035,0.3894494594783263,-0.0012091369054749962,-0.020067546779101917,0.15723976305380977
CMP001,Airbus SE,AIR.PA,^FCHI,EUR,Euronext Paris,PRIMARY_DIRECT,Defence Contractor,True,2026-01-27,195.7823486328125,8152.81982421875,-0.014822134159736211,0.0026650501018008477,-0.01748718426153706,0.8477553642261917,0.2362928957514807,0.46132932115055003,2026-02-28,807,ok,0.0003832064451010121,1.0896334133963035,0.3894494594783263,0.003287134084398436,-0.018109268244134648,0.13913049480967513
CMP001,Airbus SE,AIR.PA,^FCHI,EUR,Euronext Paris,PRIMARY_DIRECT,Defence Contractor,True,2026-01-28,191.5210876464844,8066.68017578125,-0.021765297107146475,-0.010565626408376327,-0.011199670698770148,0.8075384197424851,0.2232306868836409,0.4501296504517799,2026-02-28,807,ok,0.0003832064451010121,1.0896334133963035,0.3894494594783263,-0.011129453122928212,-0.010635843984218263,0.12849465082545686
CMP001,Airbus SE,AIR.PA,^FCHI,EUR,Euronext Paris,PRIMARY_DIRECT,Defence Contractor,True,2026-01-29,190.48033142089844,8071.35986328125,-0.005434159957920848,0.0005801255780599757,-0.006014285535980823,0.7977159668395168,0.2239403142929699,0.44411536491579906,2026-02-28,807,ok,0.0003832064451010121,1.0896334133963035,0.3894494594783263,0.0010153306589210072,-0.006449490616841855,0.122045160208615
CMP001,Airbus SE,AIR.PA,^FCHI,EUR,Euronext Paris,PRIMARY_DIRECT,Defence Contractor,True,2026-01-30,189.8912048339844,8126.52978515625,-0.0030928473429220338,0.006835269745062655,-0.00992811708798469,0.7921559057881487,0.23230627649301905,0.43418724782781437,2026-02-28,807,ok,0.0003832064451010121,1.0896334133963035,0.3894494594783263,0.007831144748898115,-0.010923992091820149,0.11112116811679484
CMP001,Airbus SE,AIR.PA,^FCHI,EUR,Euronext Paris,PRIMARY_DIRECT,Defence Contractor,True,2026-02-02,190.28396606445312,8181.169921875,0.002068348720058344,0.0067236739621079344,-0.0046553252420495905,0.7958627091620305,0.24059190211761727,0.4295319225857648,2026-02-28,807,ok,0.0003832064451010121,1.0896334133963035,0.3894494594783263,0.0077095462549965285,-0.005641197534938185,0.10547997058185665
CMP001,Airbus SE,AIR.PA,^FCHI,EUR,Euronext Paris,PRIMARY_DIRECT,Defence Contractor,True,2026-02-03,186.78854370117188,8179.5,-0.018369505511028117,-0.00020411773510964348,-0.018165387775918473,0.7628735992290288,0.24033867530836162,0.4113665348098463,2026-02-28,807,ok,0.0003832064451010121,1.0896334133963035,0.3894494594783263,0.0001607929406587688,-0.018530298451686886,0.08694967213016977
CMP001,Airbus SE,AIR.PA,^FCHI,EUR,Euronext Paris,PRIMARY_DIRECT,Defence Contractor,True,2026-02-04,184.84446716308597,8262.16015625,-0.010407900289624239,0.010105771287975962,-0.0205136715776002,0.7445257865850421,0.2528732542806591,0.3908528632322461,2026-02-28,807,ok,0.0003832064451010121,1.0896334133963035,0.3894494594783263,0.011394792508620619,-0.021802692798244858,0.06514697933192491
CMP001,Airbus SE,AIR.PA,^FCHI,EUR,Euronext Paris,PRIMARY_DIRECT,Defence Contractor,True,2026-02-05,186.08160400390625,8238.169921875,0.006692852968808394,-0.002903627371208972,0.009596480340017366,0.7562016411749506,0.24923537720687405,0.40044934357226347,2026-02-28,807,ok,0.0003832064451010121,1.0896334133963035,0.3894494594783263,-0.002780682958620356,0.00947353592742875,0.07462051525935366
CMP001,Airbus SE,AIR.PA,^FCHI,EUR,Euronext Paris,PRIMARY_DIRECT,Defence Contractor,True,2026-02-06,187.82931518554688,8273.83984375,0.009392176034789257,0.004329835656859293,0.005062340377929964,0.7726961961414516,0.25464436108691446,0.40551168395019344,2026-02-28,807,ok,0.0003832064451010121,1.0896334133963035,0.3894494594783263,0.0051011400513296295,0.0042910359834596274,0.0789115512428133
CMP001,Airbus SE,AIR.PA,^FCHI,EUR,Euronext Paris,PRIMARY_DIRECT,Defence Contractor,True,2026-02-09,189.63592529296875,8323.2802734375,0.0096183607209408,0.00597551205016944,0.003642848670771359,0.7897466276045797,0.26214150358526656,0.4091545326209648,2026-02-28,807,ok,0.0003832064451010121,1.0896334133963035,0.3894494594783263,0.006894324037117883,0.0027240366838229167,0.08163558792663621
CMP001,Airbus SE,AIR.PA,^FCHI,EUR,Euronext Paris,PRIMARY_DIRECT,Defence Contractor,True,2026-02-10,188.1435089111328,8327.8798828125,-0.007869903234475784,0.0005526197873786387,-0.008422523021854422,0.7756614948311022,0.2628389879546196,0.4007320095991104,2026-02-28,807,ok,0.0003832064451010121,1.0896334133963035,0.3894494594783263,0.0009853594303327376,-0.008855262664808522,0.07278032526182769
CMP001,Airbus SE,AIR.PA,^FCHI,EUR,Euronext Paris,PRIMARY_DIRECT,Defence Contractor,True,2026-02-11,183.8429718017578,8313.240234375,-0.022857749035637975,-0.0017579082123547751,-0.0210998408232832,0.7350738700100072,0.2606190329268123,0.3796321687758272,2026-02-28,807,ok,0.0003832064451010121,1.0896334133963035,0.3894494594783263,-0.0015322690807645155,-0.02132547995487346,0.05145484530695423
CMP001,Airbus SE,AIR.PA,^FCHI,EUR,Euronext Paris,PRIMARY_DIRECT,Defence Contractor,True,2026-02-12,186.96527099609372,8340.5595703125,0.016983511328911405,0.003286244011635242,0.013697267317276163,0.7645415167378204,0.2647617346747215,0.39332943609310334,2026-02-28,807,ok,0.0003832064451010121,1.0896334133963035,0.3894494594783263,0.003964007724752283,0.013019503604159122,0.06447434891111335
CMP001,Airbus SE,AIR.PA,^FCHI,EUR,Euronext Paris,PRIMARY_DIRECT,Defence Contractor,True,2026-02-13,188.92898559570312,8311.740234375,0.01050309819116313,-0.0034553240336631097,0.013958422224826239,0.7830746695505018,0.26039157305604244,0.4072878583179296,2026-02-28,807,ok,0.0003832064451010121,1.0896334133963035,0.3894494594783263,-0.003381830076089606,0.013884928267252735,0.07835927717836609
CMP001,Airbus SE,AIR.PA,^FCHI,EUR,Euronext Paris,PRIMARY_DIRECT,Defence Contractor,True,2026-02-16,193.6222686767578,8316.5,0.024841519506689336,0.0005726557244072339,0.024268863782282102,0.8273689537360243,0.26111334350534765,0.4315567221002117,2026-02-28,807,ok,0.0003832064451010121,1.0896334133963035,0.3894494594783263,0.001007191256787799,0.023834328249901535,0.10219360542826762
CMP001,Airbus SE,AIR.PA,^FCHI,EUR,Euronext Paris,PRIMARY_DIRECT,Defence Contractor,True,2026-02-17,192.9349670410156,8361.4599609375,-0.0035497034532201432,0.005406115666145572,-0.008955819119365716,0.8208823358506403,0.26793106810845724,0.42260090298084596,2026-02-28,807,ok,0.0003832064451010121,1.0896334133963035,0.3894494594783263,0.006273890711618443,-0.009823594164838585,0.09237001126342903
CMP001,Airbus SE,AIR.PA,^FCHI,EUR,Euronext Paris,PRIMARY_DIRECT,Defence Contractor,True,2026-02-18,197.0096740722656,8429.0302734375,0.02111958808578107,0.00808116199989839,0.013038426085882682,0.8593386207364806,0.27817742447454585,0.43563932906672864,2026-02-28,807,ok,0.0003832064451010121,1.0896334133963035,0.3894494594783263,0.009188710579258793,0.011930877506522278,0.1043008887699513
CMP001,Airbus SE,AIR.PA,^FCHI,EUR,Euronext Paris,PRIMARY_DIRECT,Defence Contractor,True,2026-02-19,183.7055206298828,8398.7802734375,-0.06753045760332899,-0.0035887876800403395,-0.06394166992328865,0.7337766328386035,0.27359031708068593,0.37169765914344,2026-02-28,807,ok,0.0003832064451010121,1.0896334133963035,0.3894494594783263,-0.003527256524655944,-0.06400320107867304,0.04029768769127827
CMP001,Airbus SE,AIR.PA,^FCHI,EUR,Euronext Paris,PRIMARY_DIRECT,Defence Contractor,True,2026-02-20,186.2976226806641,8515.490234375,0.014110093381481281,0.013896060753799455,0.00021403262768182607,0.7582403830305864,0.29128820550228984,0.3719116917711218,2026-02-28,807,ok,0.0003832064451010121,1.0896334133963035,0.3894494594783263,0.015524818557025923,-0.0014147251755446417,0.03888296251573363
CMP001,Airbus SE,AIR.PA,^FCHI,EUR,Euronext Paris,PRIMARY_DIRECT,Defence Contractor,True,2026-02-23,179.81735229492188,8497.169921875,-0.034784503916349796,-0.0021514101943356234,-0.03263309372201417,0.6970808635411745,0.2885101148931468,0.33927859804910765,2026-02-28,807,ok,0.0003832064451010121,1.0896334133963035,0.3894494594783263,-0.001961041988568518,-0.03282346192778128,0.006059500587952349
CMP001,Airbus SE,AIR.PA,^FCHI,EUR,Euronext Paris,PRIMARY_DIRECT,Defence Contractor,True,2026-02-24,179.52279663085938,8519.2099609375,-0.0016380825337667382,0.0025938093818460572,-0.004231891915612795,0.694300905020218,0.29185226451776014,0.33504670613349485,2026-02-28,807,ok,0.0003832064451010121,1.0896334133963035,0.3894494594783263,0.0032095078155412876,-0.004847590349308026,0.0012119102386443231
CMP001,Airbus SE,AIR.PA,^FCHI,EUR,Euronext Paris,PRIMARY_DIRECT,Defence Contractor,True,2026-02-25,181.13304138183597,8559.0703125,0.008969583702997053,0.004678878880232773,0.00429070482276428,0.7094980788058605,0.2978966847945932,0.33933741095625913,2026-02-28,807,ok,0.0003832064451010121,1.0896334133963035,0.3894494594783263,0.005481469210236923,0.00348811449276013,0.004700024731404453
CMP001,Airbus SE,AIR.PA,^FCHI,EUR,Euronext Paris,PRIMARY_DIRECT,Defence Contractor,True,2026-02-26,183.35205078125,8620.9296875,0.012250715730744322,0.007227347450301735,0.005023368280442586,0.7304406538115646,0.30727703509019855,0.3443607792367017,2026-02-28,807,ok,0.0003832064451010121,1.0896334133963035,0.3894494594783263,0.008258365717174363,0.003992350013569958,0.008692374744974411
CMP001,Airbus SE,AIR.PA,^FCHI,EUR,Euronext Paris,PRIMARY_DIRECT,Defence Contractor,True,2026-02-27,180.89739990234372,8580.75,-0.013387637980852629,-0.00466071397824519,-0.008726924002607439,0.7072741407909855,0.3011841907393147,0.3356338552340943,2026-02-28,807,ok,0.0003832064451010121,1.0896334133963035,0.3894494594783263,-0.004695263235878159,-0.00869237474497447,-5.898059818321144e-17
CMP001,Airbus SE,AIR.PA,^FCHI,EUR,Euronext Paris,PRIMARY_DIRECT,Defence Contractor,True,2026-03-02,177.00924682617188,8394.3203125,-0.021493692437098866,-0.02172650263671594,0.00023281019961707283,0.6705785155030117,0.27291400898836393,0.33586666543371135,2026-02-28,807,ok,0.0003832064451010121,1.0896334133963035,0.3894494594783263,-0.023290716784107563,0.0017970243470086973,0.0017970243470086383
CMP001,Airbus SE,AIR.PA,^FCHI,EUR,Euronext Paris,PRIMARY_DIRECT,Defence Contractor,True,2026-03-03,172.23741149902344,8103.83984375,-0.026958113277746,-0.034604406066974236,0.007646292789228237,0.6255428706427129,0.2288655757329905,0.3435129582229396,2026-02-28,807,ok,0.0003832064451010121,1.0896334133963035,0.3894494594783263,-0.03732291065620788,0.010364797378461882,0.01216182172547052
CMP001,Airbus SE,AIR.PA,^FCHI,EUR,Euronext Paris,PRIMARY_DIRECT,Defence Contractor,True,2026-03-04,173.98512268066406,8167.72998046875,0.010147105477432916,0.007883933783319419,0.002263171694113497,0.6420374256092136,0.23855387056067,0.3457761299170531,2026-02-28,807,ok,0.0003832064451010121,1.0896334133963035,0.3894494594783263,0.008973804124409783,0.0011733013530231332,0.013335123078493653
CMP001,Airbus SE,AIR.PA,^FCHI,EUR,Euronext Paris,PRIMARY_DIRECT,Defence Contractor,True,2026-03-05,172.68907165527344,8045.7998046875,-0.007449206032227429,-0.014928281918332065,0.007479075886104636,0.6298055505132223,0.22006438920989901,0.3532552058031577,2026-02-28,807,ok,0.0003832064451010121,1.0896334133963035,0.3894494594783263,-0.01588314833771347,0.008433942305486043,0.021769065383979696
CMP001,Airbus SE,AIR.PA,^FCHI,EUR,Euronext Paris,PRIMARY_DIRECT,Defence Contractor,True,2026-03-06,172.3159637451172,7993.490234375,-0.002160576269128689,-0.0065014755005492475,0.0043408992314205586,0.6262842313174892,0.21213217047435817,0.3575961050345783,2026-02-28,807,ok,0.0003832064451010121,1.0896334133963035,0.3894494594783263,-0.006701018496674906,0.004540442227546217,0.026309507611525913
CMP001,Airbus SE,AIR.PA,^FCHI,EUR,Euronext Paris,PRIMARY_DIRECT,Defence Contractor,True,2026-03-09,172.23741149902344,7915.35986328125,-0.0004558616879509758,-0.00977424989621678,0.009318388208265804,0.6255428706427129,0.2002844877328982,0.3669144932428441,2026-02-28,807,ok,0.0003832064451010121,1.0896334133963035,0.3894494594783263,-0.010267142832702143,0.009811281144751167,0.036120788756277084
CMP001,Airbus SE,AIR.PA,^FCHI,EUR,Euronext Paris,PRIMARY_DIRECT,Defence Contractor,True,2026-03-10,174.67242431640625,8057.35986328125,0.014137537229515384,0.017939803426844536,-0.0038022661973291516,0.6485240434945976,0.22181735549911719,0.36311222704551493,2026-02-28,807,ok,0.0003832064451010121,1.0896334133963035,0.3894494594783263,0.019931015688752326,-0.005793478459236941,0.030327310297040142
CMP001,Airbus SE,AIR.PA,^FCHI,EUR,Euronext Paris,PRIMARY_DIRECT,Defence Contractor,True,2026-03-11,173.710205078125,8041.81005859375,-0.005508707181725803,-0.0019298883196670058,-0.003578818862058797,0.6394428072569511,0.2194593844559729,0.35953340818345614,2026-02-28,807,ok,0.0003832064451010121,1.0896334133963035,0.3894494594783263,-0.001719664352131404,-0.0037890428295943987,0.026538267467445743
CMP001,Airbus SE,AIR.PA,^FCHI,EUR,Euronext Paris,PRIMARY_DIRECT,Defence Contractor,True,2026-03-12,168.91873168945312,7984.43994140625,-0.027583142778036196,-0.007133980629919545,-0.02044916214811665,0.5942218222279583,0.21075978482829028,0.3390842460353395,2026-02-28,807,ok,0.0003832064451010121,1.0896334133963035,0.3894494594783263,-0.007390217219781333,-0.020192925558254863,0.00634534190919088
CMP001,Airbus SE,AIR.PA,^FCHI,EUR,Euronext Paris,PRIMARY_DIRECT,Defence Contractor,True,2026-03-13,165.3251495361328,7911.52978515625,-0.02127402992775773,-0.009131530424807632,-0.0121424995029501,0.5603062994703962,0.19970369501599716,0.3269417465323894,2026-02-28,807,ok,0.0003832064451010121,1.0896334133963035,0.3894494594783263,-0.009566814221214326,-0.011707215706543405,-0.005361873797352526
CMP001,Airbus SE,AIR.PA,^FCHI,EUR,Euronext Paris,PRIMARY_DIRECT,Defence Contractor,True,2026-03-16,166.87648010253906,7935.97021484375,0.009383512253029691,0.003089216668735295,0.006294295584294396,0.5749474527499561,0.20340983966818382,0.3332360421166838,2026-02-28,807,ok,0.0003832064451010121,1.0896334133963035,0.3894494594783263,0.0037493201485758096,0.005634192104453881,0.0002723183071013553
CMP001,Airbus SE,AIR.PA,^FCHI,EUR,Euronext Paris,PRIMARY_DIRECT,Defence Contractor,True,2026-03-17,167.22994995117188,7974.490234375,0.0021181525905604737,0.004853851323584957,-0.002735698733024483,0.5782834317769949,0.2092510121112725,0.3305003433836593,2026-02-28,807,ok,0.0003832064451010121,1.0896334133963035,0.3894494594783263,0.005672125030937054,-0.0035539724403765805,-0.0032816541332752252
CMP001,Airbus SE,AIR.PA,^FCHI,EUR,Euronext Paris,PRIMARY_DIRECT,Defence Contractor,True,2026-03-18,167.21031188964844,7969.8798828125,-0.00011743148598186703,-0.0005781374642138681,0.0004607059782320011,0.5780980916083007,0.20855189879753233,0.3309610493618913,2026-02-28,807,ok,0.0003832064451010121,1.0896334133963035,0.3894494594783263,-0.0002467514534426283,0.00012931996746076127,-0.003152334165814464
CMP001,Airbus SE,AIR.PA,^FCHI,EUR,Euronext Paris,PRIMARY_DIRECT,Defence Contractor,True,2026-03-19,160.98533630371094,7807.8701171875,-0.03722841920207476,-0.020327754998464065,-0.016900664203610694,0.5193479943119128,0.1839847518958475,0.3140603851582806,2026-02-28,807,ok,0.0003832064451010121,1.0896334133963035,0.3894494594783263,-0.021766594620559156,-0.015461824581515602,-0.018614158747330065
CMP001,Airbus SE,AIR.PA,^FCHI,EUR,Euronext Paris,PRIMARY_DIRECT,Defence Contractor,True,2026-03-20,158.00048828125,7665.6201171875,-0.01854111741475506,-0.01821879691452144,-0.00032232050023361936,0.4911775847555031,0.16241397415116698,0.313738064658047,2026-02-28,807,ok,0.0003832064451010121,1.0896334133963035,0.3894494594783263,-0.019468603424843026,0.0009274860100879669,-0.017686672737242098
CMP001,Airbus SE,AIR.PA,^FCHI,EUR,Euronext Paris,PRIMARY_DIRECT,Defence Contractor,True,2026-03-23,163.3810577392578,7726.2001953125,0.03405413183553008,0.007902828107692272,0.026151303727837805,0.5419583428169543,0.17160033197886304,0.3398893683858848,2026-02-28,807,ok,0.0003832064451010121,1.0896334133963035,0.3894494594783263,0.008994392011569994,0.025059739823960085,0.0073730670867179875
CMP001,Airbus SE,AIR.PA,^FCHI,EUR,Euronext Paris,PRIMARY_DIRECT,Defence Contractor,True,2026-03-24,161.57444763183594,7743.919921875,-0.011057647272091131,0.002293459412720189,-0.01335110668481132,0.5249079113538262,0.17428734978818605,0.3265382617010735,2026-02-28,807,ok,0.0003832064451010121,1.0896334133963035,0.3894494594783263,0.0028822364534691934,-0.013939883725560324,-0.006566816638842336
CMP001,Airbus SE,AIR.PA,^FCHI,EUR,Euronext Paris,PRIMARY_DIRECT,Defence Contractor,True,2026-03-25,165.40370178222656,7846.5498046875,0.023699627054371675,0.013252962820882397,0.010446664233489278,0.5610476601451728,0.1898501363759615,0.33698492593456275,2026-02-28,807,ok,0.0003832064451010121,1.0896334133963035,0.3894494594783263,0.014824077561233402,0.008875549493138273,0.002308732854295937
CMP001,Airbus SE,AIR.PA,^FCHI,EUR,Euronext Paris,PRIMARY_DIRECT,Defence Contractor,True,2026-03-26,160.43548583984375,7769.31005859375,-0.030036909022290503,-0.009843784595314431,-0.020193124426976072,0.5141586135979328,0.17813750793277094,0.3167918015075867,2026-02-28,807,ok,0.0003832064451010121,1.0896334133963035,0.3894494594783263,-0.010342910164229401,-0.019693998858061102,-0.017385266003765165
CMP001,Airbus SE,AIR.PA,^FCHI,EUR,Euronext Paris,PRIMARY_DIRECT,Defence Contractor,True,2026-03-27,157.50955200195312,7701.9501953125,-0.018237448046945604,-0.00866999293029147,-0.009567455116654133,0.48654422454760526,0.16792306406808266,0.30722434639093255,2026-02-28,807,ok,0.0003832064451010121,1.0896334133963035,0.3894494594783263,-0.009063907545654303,-0.009173540501291301,-0.026558806505056466
CMP001,Airbus SE,AIR.PA,^FCHI,EUR,Euronext Paris,PRIMARY_DIRECT,Defence Contractor,True,2026-03-30,156.29205322265625,7772.4501953125,-0.007729682192745835,0.009153525822967135,-0.01688320801571297,0.4750537101263905,0.17861367799426886,0.2903411383752196,2026-02-28,807,ok,0.0003832064451010121,1.0896334133963035,0.3894494594783263,0.010357194032191899,-0.018086876224937733,-0.044645682729994196
CMP001,Airbus SE,AIR.PA,^FCHI,EUR,Euronext Paris,PRIMARY_DIRECT,Defence Contractor,True,2026-03-31,157.90231323242188,7816.93994140625,0.010302891135940406,0.005724031029569199,0.0045788601063712076,0.4902510279214878,0.18536009925898278,0.2949199984815908,2026-02-28,807,ok,0.0003832064451010121,1.0896334133963035,0.3894494594783263,0.006620301914236856,0.0036825892217035505,-0.040963093508290645
CMP001,Airbus SE,AIR.PA,^FCHI,EUR,Euronext Paris,PRIMARY_DIRECT,Defence Contractor,True,2026-04-01,164.85385131835938,7981.27001953125,0.044024295424382354,0.02102230276256134,0.023001992661821014,0.5558582794311928,0.21027909814826495,0.3179219911434118,2026-02-28,807,ok,0.0003832064451010121,1.0896334133963035,0.3894494594783263,0.023289809961721267,0.020734485462661087,-0.020228608045629558
CMP001,Airbus SE,AIR.PA,^FCHI,EUR,Euronext Paris,PRIMARY_DIRECT,Defence Contractor,True,2026-04-02,162.1439208984375,7962.39013671875,-0.016438381015973724,-0.0023655236279812586,-0.014072857387992466,0.5302824882270456,0.20741615434514338,0.30384913375541933,2026-02-28,807,ok,0.0003832064451010121,1.0896334133963035,0.3894494594783263,-0.0021943471401258143,-0.01424403387584791,-0.03447264192147747
CMP001,Airbus SE,AIR.PA,^FCHI,EUR,Euronext Paris,PRIMARY_DIRECT,Defence Contractor,True,2026-04-07,159.6696319580078,7908.740234375,-0.015259831677436164,-0.006737914297409553,-0.008521917380026611,0.5069306350377727,0.19928068777585795,0.2953272163753927,2026-02-28,807,ok,0.0003832064451010121,1.0896334133963035,0.3894494594783263,-0.006958650109957115,-0.00830118156747905,-0.04277382348895652
CMP001,Airbus SE,AIR.PA,^FCHI,EUR,Euronext Paris,PRIMARY_DIRECT,Defence Contractor,True,2026-04-08,172.080322265625,8263.8701171875,0.07772730578398979,0.04490347037432629,0.03282383540966349,0.6240602933026156,0.25313255260990286,0.3281510517850562,2026-02-28,807,ok,0.0003832064451010121,1.0896334133963035,0.3894494594783263,0.04931152814241796,0.028415777641571827,-0.01435804584738469
CMP001,Airbus SE,AIR.PA,^FCHI,EUR,Euronext Paris,PRIMARY_DIRECT,Defence Contractor,True,2026-04-09,167.70123291015625,8245.7998046875,-0.025447937903725792,-0.0021866646309477433,-0.02326127327277805,0.582731307806744,0.2503923719792216,0.30488977851227816,2026-02-28,807,ok,0.0003832064451010121,1.0896334133963035,0.3894494594783263,-0.0019994564006715456,-0.023448481503054248,-0.037806527350438934
CMP001,Airbus SE,AIR.PA,^FCHI,EUR,Euronext Paris,PRIMARY_DIRECT,Defence Contractor,True,2026-04-10,166.42481994628906,8259.599609375,-0.007611231841992527,0.0016735556300622179,-0.009284787472054745,0.5706847728794469,0.25248497317313423,0.2956049910402234,2026-02-28,807,ok,0.0003832064451010121,1.0896334133963035,0.3894494594783263,0.002206768578794308,-0.009818000420786836,-0.04762452777122577
CMP001,Airbus SE,AIR.PA,^FCHI,EUR,Euronext Paris,PRIMARY_DIRECT,Defence Contractor,True,2026-04-13,167.36741638183594,8235.98046875,0.005663797238002699,-0.0028595987386835775,0.008523395976686277,0.5795808129578544,0.24890336872362817,0.3041283870169097,2026-02-28,807,ok,0.0003832064451010121,1.0896334133963035,0.3894494594783263,-0.0027327078894745383,0.008396505127477237,-0.039228022643748535
CMP001,Airbus SE,AIR.PA,^FCHI,EUR,Euronext Paris,PRIMARY_DIRECT,Defence Contractor,True,2026-04-14,169.62567138671875,8327.8603515625,0.013492799576536374,0.011155913149760721,0.002336886426775653,0.6008937802820371,0.26283602623755264,0.30646527344368535,2026-02-28,807,ok,0.0003832064451010121,1.0896334133963035,0.3894494594783263,0.012539062170027494,0.00095373740650888,-0.03827428523723966
CMP001,Airbus SE,AIR.PA,^FCHI,EUR,Euronext Paris,PRIMARY_DIRECT,Defence Contractor,True,2026-04-15,168.5652618408203,8274.5703125,-0.0062514685261341185,-0.006399007285527003,0.00014753875939288452,0.5908858432009201,0.2547551293052326,0.30661281220307823,2026-02-28,807,ok,0.0003832064451010121,1.0896334133963035,0.3894494594783263,-0.0065893657057755906,0.00033789717964147203,-0.037936388057598185
CMP001,Airbus SE,AIR.PA,^FCHI,EUR,Euronext Paris,PRIMARY_DIRECT,Defence Contractor,True,2026-04-16,168.6634521484375,8262.7001953125,0.0005825061851112423,-0.0014345297386099132,0.0020170359237211555,0.5918125440443904,0.25295514575757094,0.3086298481267994,2026-02-28,807,ok,0.0003832064451010121,1.0896334133963035,0.3894494594783263,-0.0011799050905990146,0.001762411275710257,-0.036173976781887926
CMP001,Airbus SE,AIR.PA,^FCHI,EUR,Euronext Paris,PRIMARY_DIRECT,Defence Contractor,True,2026-04-17,176.2237548828125,8425.1298828125,0.04482478354422237,0.019658184813742485,0.025166598730479883,0.6631651967741581,0.27758596957620285,0.33379644685727927,2026-02-28,807,ok,0.0003832064451010121,1.0896334133963035,0.3894494594783263,0.021803421464874614,0.023021362079347754,-0.013152614702540172
CMP001,Airbus SE,AIR.PA,^FCHI,EUR,Euronext Paris,PRIMARY_DIRECT,Defence Contractor,True,2026-04-20,173.1800079345703,8331.0498046875,-0.017272058186855954,-0.01116660270329195,-0.006105455483564004,0.634438910721121,0.26331967463464534,0.32769099137371527,2026-02-28,807,ok,0.0003832064451010121,1.0896334133963035,0.3894494594783263,-0.011784296974527386,-0.005487761212328569,-0.01864037591486874
CMP001,Airbus SE,AIR.PA,^FCHI,EUR,Euronext Paris,PRIMARY_DIRECT,Defence Contractor,True,2026-04-21,170.52000427246094,8235.7197265625,-0.015359761752143819,-0.01144274495530706,-0.003917016796836759,0.6093343184540112,0.2488638298007797,0.3237739745768785,2026-02-28,807,ok,0.0003832064451010121,1.0896334133963035,0.3894494594783263,-0.012085190799173553,-0.003274570952970266,-0.021914946867839007
CMP001,Airbus SE,AIR.PA,^FCHI,EUR,Euronext Paris,PRIMARY_DIRECT,Defence Contractor,True,2026-04-22,166.24000549316406,8156.43017578125,-0.025099687262839843,-0.009627519319959199,-0.015472167942880644,0.5689405303594601,0.23684036915137452,0.30830180663399787,2026-02-28,807,ok,0.0003832064451010121,1.0896334133963035,0.3894494594783263,-0.010107260294044988,-0.014992426968794855,-0.03690737383663386
CMP001,Airbus SE,AIR.PA,^FCHI,EUR,Euronext Paris,PRIMARY_DIRECT,Defence Contractor,True,2026-04-23,168.16000366210938,8227.3203125,0.011549555495077746,0.008691319019592969,0.0028582364754847767,0.5870610960833234,0.24759014337598018,0.31116004310948264,2026-02-28,807,ok,0.0003832064451010121,1.0896334133963035,0.3894494594783263,0.009853558055336312,0.0016959974397414337,-0.035211376396892424
CMP001,Airbus SE,AIR.PA,^FCHI,EUR,Euronext Paris,PRIMARY_DIRECT,Defence Contractor,True,2026-04-24,165.9199981689453,8157.81982421875,-0.013320679379057343,-0.008447524302129805,-0.004873155076927538,0.5659203640674222,0.2370510953207139,0.3062868880325551,2026-02-28,807,ok,0.0003832064451010121,1.0896334133963035,0.3894494594783263,-0.008821498294976913,-0.00449918108408043,-0.03971055748097285
CMP001,Airbus SE,AIR.PA,^FCHI,EUR,Euronext Paris,PRIMARY_DIRECT,Defence Contractor,True,2026-04-27,165.55999755859375,8141.919921875,-0.0021697240496892922,-0.0019490381849996963,-0.00022068586468959595,0.5625227489936069,0.23464003549913803,0.3060662021678655,2026-02-28,807,ok,0.0003832064451010121,1.0896334133963035,0.3894494594783263,-0.001740530685259943,-0.00042919336442934913,-0.0401397508454022
CMP001,Airbus SE,AIR.PA,^FCHI,EUR,Euronext Paris,PRIMARY_DIRECT,Defence Contractor,True,2026-04-28,166.10000610351562,8104.08984375,0.0032617090655051584,-0.004646333848526529,0.007908042914031688,0.5676192436090575,0.22890348571145247,0.3139742450818972,2026-02-28,807,ok,0.0003832064451010121,1.0896334133963035,0.3894494594783263,-0.004679594166047733,0.007941303231552892,-0.03219844761384931
CMP001,Airbus SE,AIR.PA,^FCHI,EUR,Euronext Paris,PRIMARY_DIRECT,Defence Contractor,True,2026-04-29,174.6199951171875,8072.1298828125,0.05129433293555752,-0.0039436829494367,0.05523801588499422,0.6480292270069272,0.22405707998834878,0.3692122609668914,2026-02-28,807,ok,0.0003832064451010121,1.0896334133963035,0.3894494594783263,-0.003913962268446501,0.05520829520400402,0.02300984759015471
CMP001,Airbus SE,AIR.PA,^FCHI,EUR,Euronext Paris,PRIMARY_DIRECT,Defence Contractor,True,2026-04-30,174.8800048828125,8114.83984375,0.0014890033953471882,0.005291039856585966,-0.003802036461238778,0.650483148121572,0.23053361478530343,0.36541022450565264,2026-02-28,807,ok,0.0003832064451010121,1.0896334133963035,0.3894494594783263,0.006148500264448666,-0.004659496869101478,0.018350350721053232
CMP001,Airbus SE,AIR.PA,^FCHI,EUR,Euronext Paris,PRIMARY_DIRECT,Defence Contractor,True,2026-05-04,176.17999267578125,7976.1201171875,0.007433598791582119,-0.017094573550868186,0.024528172342450305,0.6627521776569751,0.20949816740054028,0.38993839684810294,2026-02-28,807,ok,0.0003832064451010121,1.0896334133963035,0.3894494594783263,-0.01824361208368566,0.025677210875267777,0.04402756159632101
CMP001,Airbus SE,AIR.PA,^FCHI,EUR,Euronext Paris,PRIMARY_DIRECT,Defence Contractor,True,2026-05-05,177.86000061035156,8062.31005859375,0.00953574755597808,0.010805998422782181,-0.0012702508668041013,0.6786077626712648,0.22256800268982846,0.38866814598129884,2026-02-28,807,ok,0.0003832064451010121,1.0896334133963035,0.3894494594783263,0.012157783391672233,-0.0026220358356941528,0.04140552576062686
CMP001,Airbus SE,AIR.PA,^FCHI,EUR,Euronext Paris,PRIMARY_DIRECT,Defence Contractor,True,2026-05-06,188.5,8299.419921875,0.05982232853444169,0.029409668142012402,0.03041266039242929,0.7790259877302492,0.2585233219299792,0.41908080637372813,2026-02-28,807,ok,0.0003832064451010121,1.0896334133963035,0.3894494594783263,0.032428963529534505,0.02739336500490719,0.06879889076553405
CMP001,Airbus SE,AIR.PA,^FCHI,EUR,Euronext Paris,PRIMARY_DIRECT,Defence Contractor,True,2026-05-07,183.44000244140625,8202.080078125,-0.026843488374502678,-0.011728511711214806,-0.015114976663287871,0.7312707243106742,0.24376271640988656,0.40396582971044026,2026-02-28,807,ok,0.0003832064451010121,1.0896334133963035,0.3894494594783263,-0.012396571804848497,-0.01444691656965418,0.05435197419587987
CMP001,Airbus SE,AIR.PA,^FCHI,EUR,Euronext Paris,PRIMARY_DIRECT,Defence Contractor,True,2026-05-08,179.8800048828125,8112.56982421875,-0.01940687696911081,-0.010913116313625681,-0.008493760655485127,0.6976721663637535,0.23018938921915444,0.39547206905495513,2026-02-28,807,ok,0.0003832064451010121,1.0896334133963035,0.3894494594783263,-0.011508089734505823,-0.007898787234604986,0.04645318696127489
CMP001,Airbus SE,AIR.PA,^FCHI,EUR,Euronext Paris,PRIMARY_DIRECT,Defence Contractor,True,2026-05-11,175.47999572753906,8056.3798828125,-0.024460801844762736,-0.006926281390947642,-0.017534520453815094,0.6561457439049607,0.22166875134526465,0.37793754860114004,2026-02-28,807,ok,0.0003832064451010121,1.0896334133963035,0.3894494594783263,-0.0071639011890605635,-0.017296900655702174,0.029156286305572713
CMP001,Airbus SE,AIR.PA,^FCHI,EUR,Euronext Paris,PRIMARY_DIRECT,Defence Contractor,True,2026-05-12,172.52000427246094,7979.919921875,-0.016867970863607695,-0.009490610180959758,-0.007377360682647938,0.628209925750884,0.2100743694559868,0.3705601879184921,2026-02-28,807,ok,0.0003832064451010121,1.0896334133963035,0.3894494594783263,-0.009958079521591877,-0.006909891342015818,0.022246394963556897
CMP001,Airbus SE,AIR.PA,^FCHI,EUR,Euronext Paris,PRIMARY_DIRECT,Defence Contractor,True,2026-05-13,173.44000244140625,8007.97021484375,0.005332704301886926,0.0035151095804679677,0.001817594721418958,0.6368926878263108,0.21432791346514035,0.37237778263991106,2026-02-28,807,ok,0.0003832064451010121,1.0896334133963035,0.3894494594783263,0.004213387295728372,0.0011193170061585536,0.02336571196971545
CMP001,Airbus SE,AIR.PA,^FCHI,EUR,Euronext Paris,PRIMARY_DIRECT,Defence Contractor,True,2026-05-14,172.74000549316406,8082.27001953125,-0.004035960207499856,0.009278231898237621,-0.013314192105737477,0.6302862540742964,0.22559472944677306,0.3590635905341736,2026-02-28,807,ok,0.0003832064451010121,1.0896334133963035,0.3894494594783263,0.010493077938660136,-0.014529038146159991,0.00883667382355546
CMP001,Airbus SE,AIR.PA,^FCHI,EUR,Euronext Paris,PRIMARY_DIRECT,Defence Contractor,True,2026-05-15,167.67999267578125,7952.5498046875,-0.029292651710509876,-0.016049972907397847,-0.013242678803112029,0.5825308466452661,0.20592396724370277,0.34582091173106155,2026-02-28,807,ok,0.0003832064451010121,1.0896334133963035,0.3894494594783263,-0.017105380318905097,-0.01218727139160478,-0.0033505975680493197
CMP001,Airbus SE,AIR.PA,^FCHI,EUR,Euronext Paris,PRIMARY_DIRECT,Defence Contractor,True,2026-05-18,170.3800048828125,7987.490234375,0.01610217273954606,0.004393613437907007,0.011708559301639054,0.6080130317036083,0.21122233099127885,0.3575294710327006,2026-02-28,807,ok,0.0003832064451010121,1.0896334133963035,0.3894494594783263,0.0051706344525914915,0.010931538286954569,0.007580940718905249
CMP001,Airbus SE,AIR.PA,^FCHI,EUR,Euronext Paris,PRIMARY_DIRECT,Defence Contractor,True,2026-05-19,169.10000610351562,7981.759765625,-0.0075126114720871495,-0.0007174304546049282,-0.006795181017482221,0.5959326545543662,0.21035336320372822,0.3507342900152184,2026-02-28,807,ok,0.0003832064451010121,1.0896334133963035,0.3894494594783263,-0.0003985297500246175,-0.007114081722062532,0.00046685899684271743
CMP001,Airbus SE,AIR.PA,^FCHI,EUR,Euronext Paris,PRIMARY_DIRECT,Defence Contractor,True,2026-05-20,173.36000061035156,8117.419921875,0.0251921605740697,0.0169962715282721,0.0081958890457976,0.636137646253301,0.23092485760989612,0.358930179061016,2026-02-28,807,ok,0.0003832064451010121,1.0896334133963035,0.3894494594783263,0.01890291180546255,0.006289248768607151,0.006756107765449868
CMP001,Airbus SE,AIR.PA,^FCHI,EUR,Euronext Paris,PRIMARY_DIRECT,Defence Contractor,True,2026-05-21,165.9600067138672,8086.0,-0.04268570529782589,-0.003870678390103799,-0.038815026907722094,0.5662979568586541,0.22616034336370383,0.3201151521532939,2026-02-28,807,ok,0.0003832064451010121,1.0896334133963035,0.3894494594783263,-0.0038344140612670994,-0.038851291236558796,-0.03209518347110893
CMP001,Airbus SE,AIR.PA,^FCHI,EUR,Euronext Paris,PRIMARY_DIRECT,Defence Contractor,True,2026-05-22,169.52000427246094,8115.75,0.0214509364580322,0.003679198614889856,0.017771737843142343,0.5998965148055748,0.23067163080064046,0.33788688999643623,2026-02-28,807,ok,0.0003832064451010121,1.0896334133963035,0.3894494594783263,0.004392184190406398,0.0170587522676258,-0.015036431203483129
CMP001,Airbus SE,AIR.PA,^FCHI,EUR,Euronext Paris,PRIMARY_DIRECT,Defence Contractor,True,2026-05-25,174.25999450683594,8258.259765625,0.02796124418895518,0.01755965445276164,0.01040158973619354,0.6446316119331119,0.2522817993823163,0.3482884797326298,2026-02-28,807,ok,0.0003832064451010121,1.0896334133963035,0.3894494594783263,0.019516792664523278,0.008444451524431903,-0.006591979679051226
CMP001,Airbus SE,AIR.PA,^FCHI,EUR,Euronext Paris,PRIMARY_DIRECT,Defence Contractor,True,2026-05-26,172.27999877929688,8173.10986328125,-0.011362307987800357,-0.010310877201778812,-0.0010514307860215455,0.6259448010318553,0.2393696755268626,0.34723704894660823,2026-02-28,807,ok,0.0003832064451010121,1.0896334133963035,0.3894494594783263,-0.010851869875383361,-0.0005104381124169961,-0.007102417791468222
CMP001,Airbus SE,AIR.PA,^FCHI,EUR,Euronext Paris,PRIMARY_DIRECT,Defence Contractor,True,2026-05-27,173.6999969482422,8207.8896484375,0.008242385529410479,0.00425539185671564,0.0039869936726948385,0.6393464649315006,0.24464367915155982,0.35122404261930307,2026-02-28,807,ok,0.0003832064451010121,1.0896334133963035,0.3894494594783263,0.005020023599272908,0.0032223619301375702,-0.003880055861330652
CMP001,Airbus SE,AIR.PA,^FCHI,EUR,Euronext Paris,PRIMARY_DIRECT,Defence Contractor,True,2026-05-28,177.6999969482422,8188.8701171875,0.023028209961292623,-0.002317225506756282,0.025345435468048905,0.6770976795252461,0.24175955907140678,0.37656947808735197,2026-02-28,807,ok,0.0003832064451010121,1.0896334133963035,0.3894494594783263,-0.0021417198934348142,0.025169929854727435,0.021289873993396782
CMP001,Airbus SE,AIR.PA,^FCHI,EUR,Euronext Paris,PRIMARY_DIRECT,Defence Contractor,True,2026-05-29,179.6999969482422,8183.33984375,0.011254924222551033,-0.000675340231113486,0.011930264453664519,0.6959732868221189,0.24092094888379623,0.3884997425410165,2026-02-28,807,ok,0.0003832064451010121,1.0896334133963035,0.3894494594783263,-0.0003526668361310241,0.011607591058682056,0.03289746505207884
CMP001,Airbus SE,AIR.PA,^FCHI,EUR,Euronext Paris,PRIMARY_DIRECT,Defence Contractor,True,2026-06-01,173.17999267578125,8146.58984375,-0.036282717769543726,-0.004490831457777955,-0.03179188631176577,0.6344387667116664,0.23534818204993324,0.3567078562292507,2026-02-28,807,ok,0.0003832064451010121,1.0896334133963035,0.3894494594783263,-0.004510153565225079,-0.03177256420431865,0.0011249008477601935
CMP001,Airbus SE,AIR.PA,^FCHI,EUR,Euronext Paris,PRIMARY_DIRECT,Defence Contractor,True,2026-06-02,172.67999267578125,8209.08984375,-0.0028871695412071574,0.0076719217732497125,-0.01055909131445687,0.6297198648874482,0.2448256766653465,0.34614876491479385,2026-02-28,807,ok,0.0003832064451010121,1.0896334133963035,0.3894494594783263,0.008742788754196517,-0.011629958295403675,-0.010505057447643481
CMP001,Airbus SE,AIR.PA,^FCHI,EUR,Euronext Paris,PRIMARY_DIRECT,Defence Contractor,True,2026-06-03,169.3000030517578,8150.419921875,-0.019573718828964748,-0.007146946006403865,-0.012426772822560883,0.5978201864821628,0.23592897476683405,0.33372199209223297,2026-02-28,807,ok,0.0003832064451010121,1.0896334133963035,0.3894494594783263,-0.007404344727215911,-0.012169374101748837,-0.022674431549392318
CMP001,Airbus SE,AIR.PA,^FCHI,EUR,Euronext Paris,PRIMARY_DIRECT,Defence Contractor,True,2026-06-04,177.0,8244.2900390625,0.045481375129616364,0.011517212375225183,0.03396416275439118,0.6704912457732317,0.2501634312499179,0.36768615484662415,2026-02-28,807,ok,0.0003832064451010121,1.0896334133963035,0.3894494594783263,0.012932745878327776,0.03254862925128859,0.009874197701896271
CMP001,Airbus SE,AIR.PA,^FCHI,EUR,Euronext Paris,PRIMARY_DIRECT,Defence Contractor,True,2026-06-05,178.9600067138672,8218.240234375,0.011073484259136679,-0.003159738990752725,0.014233223249889404,0.6889894042883271,0.24621324111138443,0.38191937809651355,2026-02-28,807,ok,0.0003832064451010121,1.0896334133963035,0.3894494594783263,-0.0030597507368342707,0.01413323499597095,0.02400743269786722
CMP001,Airbus SE,AIR.PA,^FCHI,EUR,Euronext Paris,PRIMARY_DIRECT,Defence Contractor,True,2026-06-08,176.9600067138672,8199.2900390625,-0.011175681297317608,-0.002305870207253813,-0.008869811090063795,0.6701137969914543,0.24333963512682044,0.37304956700644976,2026-02-28,807,ok,0.0003832064451010121,1.0896334133963035,0.3894494594783263,-0.0021293467796778018,-0.009046334517639806,0.014961098180227415
CMP001,Airbus SE,AIR.PA,^FCHI,EUR,Euronext Paris,PRIMARY_DIRECT,Defence Contractor,True,2026-06-09,175.74000549316406,8203.4296875,-0.006894220018174968,0.0005048788880230859,-0.007399098906198054,0.6585996650196058,0.24396737105923827,0.3656504681002517,2026-02-28,807,ok,0.0003832064451010121,1.0896334133963035,0.3894494594783263,0.0009333393512093373,-0.007827559369384306,0.00713353881084311
CMP001,Airbus SE,AIR.PA,^FCHI,EUR,Euronext Paris,PRIMARY_DIRECT,Defence Contractor,True,2026-06-10,174.9600067138672,8161.830078125,-0.004438367787163999,-0.005071002124683033,0.0006326343375190335,0.6512381896945818,0.2376592098775605,0.36628310243777074,2026-02-28,807,ok,0.0003832064451010121,1.0896334133963035,0.3894494594783263,-0.005142326909357268,0.000703959122193269,0.00783749793303638
CMP001,Airbus SE,AIR.PA,^FCHI,EUR,Euronext Paris,PRIMARY_DIRECT,Defence Contractor,True,2026-06-11,175.25999450683594,8200.7998046875,0.0017146078043959179,0.004774630957699699,-0.0030600231533037814,0.6540694155815487,0.24356857585612413,0.36322307928446695,2026-02-28,807,ok,0.0003832064451010121,1.0896334133963035,0.3894494594783263,0.005585803873246997,-0.003871196068851079,0.003966301864185301
CMP001,Airbus SE,AIR.PA,^FCHI,EUR,Euronext Paris,PRIMARY_DIRECT,Defence Contractor,True,2026-06-12,179.27999877929688,8350.8701171875,0.022937375319295406,0.018299472743404932,0.0046379025758904735,0.6920094265709102,0.26632522511455825,0.3678609818603574,2026-02-28,807,ok,0.0003832064451010121,1.0896334133963035,0.3894494594783263,0.020322923393849945,0.00261445192544546,0.006580753789630761
CMP001,Airbus SE,AIR.PA,^FCHI,EUR,Euronext Paris,PRIMARY_DIRECT,Defence Contractor,True,2026-06-15,183.67999267578125,8384.009765625,0.024542581026570698,0.003968406641757349,0.02057417438481335,0.7335357050202482,0.27135051854852765,0.3884351562451708,2026-02-28,807,ok,0.0003832064451010121,1.0896334133963035,0.3894494594783263,0.004707314919903635,0.01983526610666706,0.026416019896297823
CMP001,Airbus SE,AIR.PA,^FCHI,EUR,Euronext Paris,PRIMARY_DIRECT,Defence Contractor,True,2026-06-16,185.3000030517578,8447.26953125,0.00881974325225543,0.007545287683748736,0.0012744555685066938,0.7488250448571445,0.28094322395785953,0.38970961181367747,2026-02-28,807,ok,0.0003832064451010121,1.0896334133963035,0.3894494594783263,0.008604804019001235,0.00021493923325419453,0.026630959129552018
CMP001,Airbus SE,AIR.PA,^FCHI,EUR,Euronext Paris,PRIMARY_DIRECT,Defence Contractor,True,2026-06-17,187.0200042724609,8430.7900390625,0.009282251442935374,-0.001950866149888486,0.01123311759282386,0.7650580786532113,0.2784442751823111,0.40094272940650133,2026-02-28,807,ok,0.0003832064451010121,1.0896334133963035,0.3894494594783263,-0.0017425224968812838,0.011024773939816658,0.037655733069368674
CMP001,Airbus SE,AIR.PA,^FCHI,EUR,Euronext Paris,PRIMARY_DIRECT,Defence Contractor,True,2026-06-18,191.94000244140625,8467.98046875,0.026307336416149463,0.004411262706719654,0.02189607370942981,0.8114920553223837,0.2840838287360421,0.42283880311593114,2026-02-28,807,ok,0.0003832064451010121,1.0896334133963035,0.3894494594783263,0.005189865685611765,0.0211174707305377,0.05877320379990637
CMP001,Airbus SE,AIR.PA,^FCHI,EUR,Euronext Paris,PRIMARY_DIRECT,Defence Contractor,True,2026-06-19,189.4199981689453,8421.1396484375,-0.013129124936998027,-0.005531522006381628,-0.007597602930616398,0.7877087498056767,0.27698089077934984,0.41524120018531474,2026-02-28,807,ok,0.0003832064451010121,1.0896334133963035,0.3894494594783263,-0.005644124759989371,-0.0074850001770086555,0.05128820362289772
CMP001,Airbus SE,AIR.PA,^FCHI,EUR,Euronext Paris,PRIMARY_DIRECT,Defence Contractor,True,2026-06-22,189.5200042724609,8400.1103515625,0.0005279595844278617,-0.00249720319967639,0.0030251627841042517,0.7886525877743022,0.27379201001297004,0.418266362969419,2026-02-28,807,ok,0.0003832064451010121,1.0896334133963035,0.3894494594783263,-0.0023378296013065437,0.0028657891857344054,0.054153992808632125
CMP001,Airbus SE,AIR.PA,^FCHI,EUR,Euronext Paris,PRIMARY_DIRECT,Defence Contractor,True,2026-06-23,193.25999450683597,8340.7099609375,0.019734013033253728,-0.007071382177015195,0.026805395210268923,0.8239498812534034,0.2647845398961399,0.4450717581796879,2026-02-28,807,ok,0.0003832064451010121,1.0896334133963035,0.3894494594783263,-0.007322007853869839,0.027056020887123566,0.08121001369575569
CMP001,Airbus SE,AIR.PA,^FCHI,EUR,Euronext Paris,PRIMARY_DIRECT,Defence Contractor,True,2026-06-24,195.1000061035156,8385.490234375,0.009520913013451038,0.0053688803048208555,0.004152032708630182,0.8413155494137114,0.27157501670223017,0.4492237908883181,2026-02-28,807,ok,0.0003832064451010121,1.0896334133963035,0.3894494594783263,0.006233317817759147,0.0032875951956918906,0.08449760889144758
CMP001,Airbus SE,AIR.PA,^FCHI,EUR,Euronext Paris,PRIMARY_DIRECT,Defence Contractor,True,2026-06-25,195.0800018310547,8431.6103515625,-0.00010253342816557431,0.005499990566852908,-0.005602523995018482,0.8411267530180955,0.2785686672991383,0.4436212668932996,2026-02-28,807,ok,0.0003832064451010121,1.0896334133963035,0.3894494594783263,0.0063761799401084165,-0.006478713368273991,0.07801889552317359
CMP001,Airbus SE,AIR.PA,^FCHI,EUR,Euronext Paris,PRIMARY_DIRECT,Defence Contractor,True,2026-06-26,191.8999938964844,8384.8701171875,-0.016301045236426948,-0.005543452843066676,-0.010757592393360271,0.8111144625311517,0.271480982185343,0.43286367449993934,2026-02-28,807,ok,0.0003832064451010121,1.0896334133963035,0.3894494594783263,-0.005657124998291173,-0.010643920238135774,0.06737497528503782
CMP001,Airbus SE,AIR.PA,^FCHI,EUR,Euronext Paris,PRIMARY_DIRECT,Defence Contractor,True,2026-06-29,191.5800018310547,8367.330078125,-0.0016674938801839456,-0.0020918677114086792,0.0004243738312247336,0.8080944402485684,0.26882121217303934,0.4332880483311641,2026-02-28,807,ok,0.0003832064451010121,1.0896334133963035,0.3894494594783263,-0.0018961625096547406,0.00022866862947079495,0.06760364391450861
CMP001,Airbus SE,AIR.PA,^FCHI,EUR,Euronext Paris,PRIMARY_DIRECT,Defence Contractor,True,2026-06-30,194.5399932861328,8403.990234375,0.015450419807848226,0.004381344575594248,0.011069075232253978,0.8360302584026451,0.27438035510839254,0.44435712356341805,2026-02-28,807,ok,0.0003832064451010121,1.0896334133963035,0.3894494594783263,0.005157265890271151,0.010293153917577074,0.07789679783208568
CMP001,Airbus SE,AIR.PA,^FCHI,EUR,Euronext Paris,PRIMARY_DIRECT,Defence Contractor,True,2026-07-01,198.22000122070312,8337.2900390625,0.018916459656486584,-0.007936729274110155,0.02685318893059674,0.8707614507138073,0.26426594323765284,0.4712103124940148,2026-02-28,807,ok,0.0003832064451010121,1.0896334133963035,0.3894494594783263,-0.008264918965050001,0.027181378621536585,0.10507817645362227
CMP001,Airbus SE,AIR.PA,^FCHI,EUR,Euronext Paris,PRIMARY_DIRECT,Defence Contractor,True,2026-07-02,203.8999938964844,8474.8603515625,0.028654992638492693,0.016500602936379227,0.012154389702113466,0.9243681063123874,0.28512709357300436,0.48336470219612826,2026-02-28,807,ok,0.0003832064451010121,1.0896334133963035,0.3894494594783263,0.01836281474576498,0.010292177892727714,0.11537035434634998
CMP001,Airbus SE,AIR.PA,^FCHI,EUR,Euronext Paris,PRIMARY_DIRECT,Defence Contractor,True,2026-07-03,206.1499938964844,8508.0703125,0.011034821320996535,0.003918644031860374,0.007116177289136161,0.9456031645213692,0.2901630491884162,0.4904808794852644,2026-02-28,807,ok,0.0003832064451010121,1.0896334133963035,0.3894494594783263,0.004653091917422085,0.00638172940357445,0.12175208374992444
CMP001,Airbus SE,AIR.PA,^FCHI,EUR,Euronext Paris,PRIMARY_DIRECT,Defence Contractor,True,2026-07-06,209.3999938964844,8479.8701171875,0.01576521996712721,-0.003314523067712405,0.019079743034839614,0.9762760263787873,0.2858867740007709,0.509560622520104,2026-02-28,807,ok,0.0003832064451010121,1.0896334133963035,0.3894494594783263,-0.003228408638951243,0.01899362860607845,0.1407457123560029
CMP001,Airbus SE,AIR.PA,^FCHI,EUR,Euronext Paris,PRIMARY_DIRECT,Defence Contractor,True,2026-07-07,203.9499969482422,8436.240234375,-0.026026729260251957,-0.005145112154969045,-0.020881617105282912,0.9248400252967,0.27927074232994564,0.4886790054148211,2026-02-28,807,ok,0.0003832064451010121,1.0896334133963035,0.3894494594783263,-0.005223079674624719,-0.020803649585627238,0.11994206277037565
CMP001,Airbus SE,AIR.PA,^FCHI,EUR,Euronext Paris,PRIMARY_DIRECT,Defence Contractor,True,2026-07-08,197.3600006103516,8252.66015625,-0.03231182366510643,-0.021760887910347693,-0.010550935754758739,0.862644933815774,0.2514326750991165,0.4781280696600624,2026-02-28,807,ok,0.0003832064451010121,1.0896334133963035,0.3894494594783263,-0.023328184127185497,-0.008983639537920935,0.11095842323245472
CMP001,Airbus SE,AIR.PA,^FCHI,EUR,Euronext Paris,PRIMARY_DIRECT,Defence Contractor,True,2026-07-09,196.5200042724609,8326.6201171875,-0.004256163028440008,0.008961954029027552,-0.01321811705746756,0.8547172133133563,0.26264795720377765,0.4649099526025948,2026-02-28,807,ok,0.0003832064451010121,1.0896334133963035,0.3894494594783263,0.010148451004451059,-0.014404614032891066,0.09655380919956366
CMP001,Airbus SE,AIR.PA,^FCHI,EUR,Euronext Paris,PRIMARY_DIRECT,Defence Contractor,True,2026-07-10,197.25999450683597,8338.9697265625,0.003765470274207372,0.0014831479281141036,0.0022823223460932685,0.8617010958471485,0.26452065090544186,0.4671922749486881,2026-02-28,807,ok,0.0003832064451010121,1.0896334133963035,0.3894494594783263,0.0019992939845836382,0.0017661762896237338,0.0983199854891874
CMP001,Airbus SE,AIR.PA,^FCHI,EUR,Euronext Paris,PRIMARY_DIRECT,Defence Contractor,True,2026-07-13,195.27999877929688,8364.650390625,-0.01003749256147568,0.0030795967493080223,-0.013117089310783703,0.8430142849458917,0.26841486459140307,0.4540751856379044,2026-02-28,807,ok,0.0003832064451010121,1.0896334133963035,0.3894494594783263,0.003738837962933673,-0.013776330524409353,0.08454365496477804
CMP001,Airbus SE,AIR.PA,^FCHI,EUR,Euronext Paris,PRIMARY_DIRECT,Defence Contractor,True,2026-07-14,195.94000244140625,8366.849609375,0.0033797811667097832,0.0002629181911135703,0.003116862975596213,0.849243269916129,0.26874835393318297,0.4571920486135006,2026-02-28,807,ok,0.0003832064451010121,1.0896334133963035,0.3894494594783263,0.0006696908911280734,0.00271009027558171,0.08725374524035975
CMP001,Airbus SE,AIR.PA,^FCHI,EUR,Euronext Paris,PRIMARY_DIRECT,Defence Contractor,True,2026-07-15,195.3800048828125,8382.4296875,-0.0028580052649597176,0.0018621200155841677,-0.004720125280543885,0.8439581229145174,0.27111091563778134,0.4524719233329567,2026-02-28,807,ok,0.0003832064451010121,1.0896334133963035,0.3894494594783263,0.0024122346338355666,-0.005270239898795284,0.08198350534156447
CMP001,Airbus SE,AIR.PA,^FCHI,EUR,Euronext Paris,PRIMARY_DIRECT,Defence Contractor,True,2026-07-16,195.6199951171875,8377.8603515625,0.0012283254600129467,-0.000545108770111602,0.0017734342301245487,0.846223103624091,0.2704180219298826,0.45424535756308126,2026-02-28,807,ok,0.0003832064451010121,1.0896334133963035,0.3894494594783263,-0.0002107622847479536,0.0014390877447609004,0.08342259308632537
CMP001,Airbus SE,AIR.PA,^FCHI,EUR,Euronext Paris,PRIMARY_DIRECT,Defence Contractor,True,2026-07-17,194.32000732421875,8338.8095703125,-0.006645475030249259,-0.004661187894199892,-0.0019842871360493675,0.8339540740886879,0.26449636482548966,0.4522610704270319,2026-02-28,807,ok,0.0003832064451010121,1.0896334133963035,0.3894494594783263,-0.004695779630537544,-0.0019496953997117155,0.08147289768661366
CMP001,Airbus SE,AIR.PA,^FCHI,EUR,Euronext Paris,PRIMARY_DIRECT,Defence Contractor,True,2026-07-20,191.77999877929688,8340.1103515625,-0.01307126620618082,0.00015599124059995084,-0.013227257446780771,0.8099819721763648,0.2646936151821728,0.4390338129802511,2026-02-28,807,ok,0.0003832064451010121,1.0896334133963035,0.3894494594783263,0.0005531797130558607,-0.01362444591923668,0.06784845176737697
CMP001,Airbus SE,AIR.PA,^FCHI,EUR,Euronext Paris,PRIMARY_DIRECT,Defence Contractor,True,2026-07-21,194.6000061035156,8363.1396484375,0.014704387017251186,0.0027612700437094073,0.011943116973541779,0.8365966475894937,0.2681857757762458,0.4509769299537929,2026-02-28,807,ok,0.0003832064451010121,1.0896334133963035,0.3894494594783263,0.003391978548137054,0.011312408469114132,0.0791608602364911
CMP001,Airbus SE,AIR.PA,^FCHI,EUR,Euronext Paris,PRIMARY_DIRECT,Defence Contractor,True,2026-07-22,208.3000030517578,8437.8896484375,0.07040080430909468,0.008938030828406163,0.061462773480688515,0.9658945287711809,0.2795208593362801,0.5124397034344814,2026-02-28,807,ok,0.0003832064451010121,1.0896334133963035,0.3894494594783263,0.010122383485698608,0.06027842082339607,0.13943928105988718
CMP001,Airbus SE,AIR.PA,^FCHI,EUR,Euronext Paris,PRIMARY_DIRECT,Defence Contractor,True,2026-07-23,204.5,8299.08984375,-0.01824293325052717,-0.016449587571129576,-0.0017933456793975955,0.9300308461052316,0.258473268911541,0.5106463577550838,2026-02-28,807,ok,0.0003832064451010121,1.0896334133963035,0.3894494594783263,-0.017540813808990318,-0.0007021194415368533,0.1387371616183503
CMP001,Airbus SE,AIR.PA,^FCHI,EUR,Euronext Paris,PRIMARY_DIRECT,Defence Contractor,True,2026-07-24,206.0500030517578,8372.2802734375,0.00757947702571049,0.008819091137158841,-0.0012396141114483505,0.9446594705621987,0.26957185936375017,0.5094067436436355,2026-02-28,807,ok,0.0003832064451010121,1.0896334133963035,0.3894494594783263,0.009992782823936487,-0.0024133057982259967,0.13632385582012432
CMP001,Airbus SE,AIR.PA,^FCHI,EUR,Euronext Paris,PRIMARY_DIRECT,Defence Contractor,True,2026-07-27,208.8999938964844,8406.0595703125,0.01383154963608857,0.004034659109797278,0.009796890526291291,0.9715571245545696,0.27469414903167433,0.5192036341699268,2026-02-28,807,ok,0.0003832064451010121,1.0896334133963035,0.3894494594783263,0.004779505822799911,0.009052043813288658,0.145375899633413
CMP001,Airbus SE,AIR.PA,^FCHI,EUR,Euronext Paris,PRIMARY_DIRECT,Defence Contractor,True,2026-07-28,212.0,8458.7802734375,0.014839665840544525,0.006271749882809763,0.008567915957734762,1.0008143734685042,0.28268871191148204,0.5277715501276615,2026-02-28,807,ok,0.0003832064451010121,1.0896334133963035,0.3894494594783263,0.0072171146778748805,0.007622551162669644,0.15299845079608262
CMP001,Airbus SE,AIR.PA,^FCHI,EUR,Euronext Paris,PRIMARY_DIRECT,Defence Contractor,True,2026-07-29,209.8999938964844,8408.26953125,-0.009905689167526432,-0.005971397832157388,-0.0039342913353690445,0.9809949282030062,0.27502926731784116,0.5238372587922925,2026-02-28,807,ok,0.0003832064451010121,1.0896334133963035,0.3894494594783263,-0.006123428157499929,-0.0037822610100265034,0.1492161897860561
CMP001,Airbus SE,AIR.PA,^FCHI,EUR,Euronext Paris,PRIMARY_DIRECT,Defence Contractor,True,2026-07-30,204.0,8485.6396484375,-0.02810859489302353,0.009201669487395536,-0.03731026438041907,0.9253119442810136,0.28676166522245605,0.4865269944118734,2026-02-28,807,ok,0.0003832064451010121,1.0896334133963035,0.3894494594783263,0.010409652977596424,-0.03851824787061996,0.11069794191543615
CMP001,Airbus SE,AIR.PA,^FCHI,EUR,Euronext Paris,PRIMARY_DIRECT,Defence Contractor,True,2026-07-31,202.1999969482422,8509.6396484375,-0.008823544371361791,0.0028283077050554883,-0.01165185207641728,0.9083238689119373,0.2904010231547747,0.47487514233545614,2026-02-28,807,ok,0.0003832064451010121,1.0896334133963035,0.3894494594783263,0.0034650250238956893,-0.01228856939525748,0.09840937252017867
CMP001,Airbus SE,AIR.PA,^FCHI,EUR,Euronext Paris,PRIMARY_DIRECT,Defence Contractor,True,2026-08-03,208.0,8613.8203125,0.028684486346666205,0.01224266459762835,0.016441821749037855,0.9630631588747589,0.30619897007769503,0.491316964084494,2026-02-28,807,ok,0.0003832064451010121,1.0896334133963035,0.3894494594783263,0.013723222859680874,0.014961263486985331,0.113370636007164
CMP001,Airbus SE,AIR.PA,^FCHI,EUR,Euronext Paris,PRIMARY_DIRECT,Defence Contractor,True,2026-08-04,214.1000061035156,8666.6298828125,0.02932695242074801,0.006130795442280679,0.02319615697846733,1.020633818734002,0.31420700877015917,0.5145131210629613,2026-02-28,807,ok,0.0003832064451010121,1.0896334133963035,0.3894494594783263,0.007063526009707808,0.0222634264110402,0.1356340624182042
CMP001,Airbus SE,AIR.PA,^FCHI,EUR,Euronext Paris,PRIMARY_DIRECT,Defence Contractor,True,2026-08-05,214.9499969482422,8669.2998046875,0.003970064551589214,0.0003080692161891996,0.0036619953354000145,1.0286558654295002,0.3146118754932614,0.5181751163983613,2026-02-28,807,ok,0.0003832064451010121,1.0896334133963035,0.3894494594783263,0.0007188889566995734,0.003251175594889641,0.13888523801309383
CMP001,Airbus SE,AIR.PA,^FCHI,EUR,Euronext Paris,PRIMARY_DIRECT,Defence Contractor,True,2026-08-06,212.4499969482422,8699.7099609375,-0.011630611935305013,0.003507798430682607,-0.01513841036598762,1.0050613563084094,0.3192232689670733,0.5030367060323737,2026-02-28,807,ok,0.0003832064451010121,1.0896334133963035,0.3894494594783263,0.004205420822631898,-0.01583603275793691,0.12304920525515692
CMP001,Airbus SE,AIR.PA,^FCHI,EUR,Euronext Paris,PRIMARY_DIRECT,Defence Contractor,True,2026-08-07,213.6000061035156,8714.9296875,0.005413081533503616,0.0017494521806862284,0.003663629352817388,1.015914916909784,0.32153118699177985,0.5067003353851911,2026-02-28,807,ok,0.0003832064451010121,1.0896334133963035,0.3894494594783263,0.0022894679963157537,0.0031236135371878627,0.1261728187923448
CMP001,Airbus SE,AIR.PA,^FCHI,EUR,Euronext Paris,PRIMARY_DIRECT,Defence Contractor,True,2026-08-10,214.6499938964844,8726.0302734375,0.0049156730475932164,0.001273743602707711,0.0036419294448855055,1.0258244955330786,0.3232144788869893,0.5103422648300766,2026-02-28,807,ok,0.0003832064451010121,1.0896334133963035,0.3894494594783263,0.0017711200347111202,0.003144553012882096,0.1293173718052269
CMP001,Airbus SE,AIR.PA,^FCHI,EUR,Euronext Paris,PRIMARY_DIRECT,Defence Contractor,True,2026-08-11,212.5,8714.9404296875,-0.010016277463866352,-0.0012708921929549533,-0.008745385270911399,1.0055332752927222,0.3215328159361668,0.5015968795591652,2026-02-28,807,ok,0.0003832064451010121,1.0896334133963035,0.3894494594783263,-0.001001600153167207,-0.009014677310699146,0.12030269449452775
CMP001,Airbus SE,AIR.PA,^FCHI,EUR,Euronext Paris,PRIMARY_DIRECT,Defence Contractor,True,2026-08-12,213.6499938964844,8674.9404296875,0.005411735983456012,-0.004589819095462744,0.010001555078918756,1.0163866918846423,0.31546721938230227,0.511598434638084,2026-02-28,807,ok,0.0003832064451010121,1.0896334133963035,0.3894494594783263,-0.004618013802759591,0.010029749786215604,0.13033244428074336
CMP001,Airbus SE,AIR.PA,^FCHI,EUR,Euronext Paris,PRIMARY_DIRECT,Defence Contractor,True,2026-08-13,212.8999938964844,8650.5595703125,-0.00351041432916388,-0.00281049300252989,-0.0006999213266339899,1.009308339148315,0.31177010796717086,0.51089851331145,2026-02-28,807,ok,0.0003832064451010121,1.0896334133963035,0.3894494594783263,-0.002679200638572058,-0.0008312136905918219,0.12950123059015153
CMP001,Airbus SE,AIR.PA,^FCHI,EUR,Euronext Paris,PRIMARY_DIRECT,Defence Contractor,True,2026-08-14,215.3999938964844,8636.7998046875,0.011742602497281096,-0.001590621452076002,0.013333223949357098,1.0329028482694058,0.30968357829324633,0.5242317372608071,2026-02-28,807,ok,0.0003832064451010121,1.0896334133963035,0.3894494594783263,-0.0013499878371459467,0.013092590334427043,0.14259382092457856
CMP001,Airbus SE,AIR.PA,^FCHI,EUR,Euronext Paris,PRIMARY_DIRECT,Defence Contractor,True,2026-08-17,214.25,8579.599609375,-0.005338876179527885,-0.006622846031634988,0.001283969852107103,1.0220494316774857,0.3010097456040495,0.5255157071129142,2026-02-28,807,ok,0.0003832064451010121,1.0896334133963035,0.3894494594783263,-0.006833267882747583,0.001494391703219698,0.14408821262779825
CMP001,Airbus SE,AIR.PA,^FCHI,EUR,Euronext Paris,PRIMARY_DIRECT,Defence Contractor,True,2026-08-18,209.8000030517578,8509.3603515625,-0.020770114110815308,-0.008186775725029016,-0.012583338385786291,0.9800512342438352,0.29035867060071197,0.5129323687271279,2026-02-28,807,ok,0.0003832064451010121,1.0896334133963035,0.3894494594783263,-0.008537377932872353,-0.012232736177942955,0.1318554764498553
CMP001,Airbus SE,AIR.PA,^FCHI,EUR,Euronext Paris,PRIMARY_DIRECT,Defence Contractor,True,2026-08-19,208.0500030517578,8501.91015625,-0.008341277285721871,-0.0008755294175704087,-0.007465747868151462,0.9635350778590717,0.289228923625384,0.5054666208589764,2026-02-28,807,ok,0.0003832064451010121,1.0896334133963035,0.3894494594783263,-0.0005707996626951098,-0.007770477623026761,0.12408499882682852
CMP001,Airbus SE,AIR.PA,^FCHI,EUR,Euronext Paris,PRIMARY_DIRECT,Defence Contractor,True,2026-08-20,204.8000030517578,8453.08984375,-0.015621244663916123,-0.005742275747775416,-0.009878968916140707,0.9328622160016535,0.2818258156439193,0.4955876519428357,2026-02-28,807,ok,0.0003832064451010121,1.0896334133963035,0.3894494594783263,-0.005873769078610326,-0.009747475585305797,0.11433752324152273
CMP001,Airbus SE,AIR.PA,^FCHI,EUR,Euronext Paris,PRIMARY_DIRECT,Defence Contractor,True,2026-08-21,203.6999969482422,8484.4296875,-0.00537112347228641,0.003707501556152515,-0.009078625028438925,0.9224805743845916,0.2865781868501356,0.4865090269143968,2026-02-28,807,ok,0.0003832064451010121,1.0896334133963035,0.3894494594783263,0.004423024020903584,-0.009794147493189994,0.10454337574833274
CMP001,Airbus SE,AIR.PA,^FCHI,EUR,Euronext Paris,PRIMARY_DIRECT,Defence Contractor,True,2026-08-24,202.6999969482422,8453.009765625,-0.00490918024045961,-0.0037032450067080447,-0.001205935233751565,0.9130427707361553,0.2818136726039433,0.4853030916806452,2026-02-28,807,ok,0.0003832064451010121,1.0896334133963035,0.3894494594783263,-0.0036519730522010917,-0.001257207188258518,0.10328616856007422
CMP001,Airbus SE,AIR.PA,^FCHI,EUR,Euronext Paris,PRIMARY_DIRECT,Defence Contractor,True,2026-08-25,204.5500030517578,8439.2001953125,0.009126818605665887,-0.0016336867808502964,0.010760505386516184,0.9305027650895445,0.2797195905514971,0.4960635970671614,2026-02-28,807,ok,0.0003832064451010121,1.0896334133963035,0.3894494594783263,-0.0013969132583373151,0.010523731864003202,0.11380990042407742
CMP001,Airbus SE,AIR.PA,^FCHI,EUR,Euronext Paris,PRIMARY_DIRECT,Defence Contractor,True,2026-08-26,205.8500061035156,8462.3896484375,0.006355429148680258,0.0027478259299833496,0.0036076032186969087,0.9427719386344025,0.28323603722552226,0.4996712002858583,2026-02-28,807,ok,0.0003832064451010121,1.0896334133963035,0.3894494594783263,0.0033773293926076414,0.002978099756072617,0.11678800018015004
CMP001,Airbus SE,AIR.PA,^FCHI,EUR,Euronext Paris,PRIMARY_DIRECT,Defence Contractor,True,2026-08-27,203.3999938964844,8319.8701171875,-0.01190192924162048,-0.016841523159633165,0.004939593918012686,0.9196492044881699,0.26162438778531283,0.504610794203871,2026-02-28,807,ok,0.0003832064451010121,1.0896334133963035,0.3894494594783263,-0.01796787992212297,0.006065950680502492,0.12285395086065252
CMP001,Airbus SE,AIR.PA,^FCHI,EUR,Euronext Paris,PRIMARY_DIRECT,Defence Contractor,True,2026-08-28,203.0500030517578,8401.1796875,-0.001720702336425406,0.009772937457825037,-0.011493639794250443,0.91634605961689,0.27395416402240547,0.49311715440962056,2026-02-28,807,ok,0.0003832064451010121,1.0896334133963035,0.3894494594783263,0.0110321256461795,-0.012752827982604907,0.11010112287804762
CMP001,Airbus SE,AIR.PA,^FCHI,EUR,Euronext Paris,PRIMARY_DIRECT,Defence Contractor,True,2026-08-31,197.2400054931641,8334.5,-0.028613629506386906,-0.007936943379417527,-0.02067668612696938,0.8615124434609878,0.2638428619545865,0.4724404682826512,2026-02-28,807,ok,0.0003832064451010121,1.0896334133963035,0.3894494594783263,-0.0082651522613469,-0.020348477245040006,0.08975264563300761
CMP001,Airbus SE,AIR.PA,^FCHI,EUR,Euronext Paris,PRIMARY_DIRECT,Defence Contractor,True,2026-09-01,196.17999267578125,8301.849609375,-0.0053742282897045746,-0.003917498425220489,-0.0014567298644840854,0.8515082506257026,0.25889175953315324,0.4709837384181671,2026-02-28,807,ok,0.0003832064451010121,1.0896334133963035,0.3894494594783263,-0.003885430735946633,-0.0014887975537579414,0.08826384807924967
CMP001,Airbus SE,AIR.PA,^FCHI,EUR,Euronext Paris,PRIMARY_DIRECT,Defence Contractor,True,2026-09-02,196.8999938964844,8280.6298828125,0.003670105248158917,-0.0025560239658566353,0.006226129214015552,0.8583034807733334,0.25567400202536716,0.47720986763218265,2026-02-28,807,ok,0.0003832064451010121,1.0896334133963035,0.3894494594783263,-0.00240192267353811,0.006072027921697027,0.0943358760009467
