company_id,company_name,market_data_ticker,benchmark_ticker,trade_currency,primary_listing_exchange,analysis_tier,role_category,is_confirmatory,Date,company_price,benchmark_price,company_return,benchmark_return,abnormal_return,company_cumulative_return,benchmark_cumulative_return,cumulative_abnormal_return,ols_event_date,ols_estimation_window_observations,ols_status,ols_alpha,ols_beta,ols_r_squared,market_model_expected_return,market_model_abnormal_return,market_model_cumulative_abnormal_return
CMP015,Duke Energy Corporation,DUK,^GSPC,USD,NYSE,PRIMARY_DIRECT,Raw Materials & Energy,False,2023-01-03,89.74771881103516,3824.139892578125,0.0,0.0,0.0,0.0,0.0,0.0,2026-02-28,791,ok,0.00045485019676998553,0.07309641738017002,0.004099177461357351,0.00045485019676998553,-0.00045485019676998553,-0.00045485019676998553
CMP015,Duke Energy Corporation,DUK,^GSPC,USD,NYSE,PRIMARY_DIRECT,Raw Materials & Energy,False,2023-01-04,90.70836639404295,3852.969970703125,0.010703866301386977,0.007538970575044379,0.003164895726342598,0.010703866301386977,0.007538970575044379,0.003164895726342598,2026-02-28,791,ok,0.00045485019676998553,0.07309641738017002,0.004099177461357351,0.0010059219365402498,0.009697944364846727,0.009243094168076742
CMP015,Duke Energy Corporation,DUK,^GSPC,USD,NYSE,PRIMARY_DIRECT,Raw Materials & Energy,False,2023-01-05,89.3669204711914,3808.10009765625,-0.014788557838471328,-0.011645528874622113,-0.003143028963849215,-0.004242986282977701,-0.004194353599094369,2.1866762493383263e-05,2026-02-28,791,ok,0.00045485019676998553,0.07309641738017002,0.004099177461357351,-0.0003963962424622141,-0.014392161596009114,-0.005149067427932372
CMP015,Duke Energy Corporation,DUK,^GSPC,USD,NYSE,PRIMARY_DIRECT,Raw Materials & Energy,False,2023-01-06,91.02859497070312,3895.080078125,0.01859384312171053,0.02284078102943865,-0.004246937907728121,0.014271963417419542,0.01855062511822725,-0.004225071145234738,2026-02-28,791,ok,0.00045485019676998553,0.07309641738017002,0.004099177461357351,0.0021244294601869026,0.016469413661523626,0.011320346233591254
CMP015,Duke Energy Corporation,DUK,^GSPC,USD,NYSE,PRIMARY_DIRECT,Raw Materials & Energy,False,2023-01-09,91.03723907470705,3892.090087890625,9.49603144670963e-05,-0.0007676325452631305,0.0008625928597302268,0.014368279002020756,0.017768752509388364,-0.003362478285504511,2026-02-28,791,ok,0.00045485019676998553,0.07309641738017002,0.004099177461357351,0.0003987390078468295,-0.0003037786933797332,0.011016567540211521
CMP015,Duke Energy Corporation,DUK,^GSPC,USD,NYSE,PRIMARY_DIRECT,Raw Materials & Energy,False,2023-01-10,91.2449722290039,3919.25,0.002281848136084008,0.006978233159061986,-0.004696385022977978,0.016682913368764263,0.02487098016640643,-0.008058863308482489,2026-02-28,791,ok,0.00045485019676998553,0.07309641738017002,0.004099177461357351,0.0009649340403409229,0.0013169140957430853,0.012333481635954607
CMP015,Duke Energy Corporation,DUK,^GSPC,USD,NYSE,PRIMARY_DIRECT,Raw Materials & Energy,False,2023-01-11,91.44401550292967,3969.610107421875,0.0021814163461655323,0.012849424614881588,-0.010668008268716056,0.01890072209485405,0.03803998256603447,-0.018726871577198545,2026-02-28,791,ok,0.00045485019676998553,0.07309641738017002,0.004099177461357351,0.0013940971015144006,0.0007873192446511317,0.01312080088060574
CMP015,Duke Energy Corporation,DUK,^GSPC,USD,NYSE,PRIMARY_DIRECT,Raw Materials & Energy,False,2023-01-12,90.94204711914062,3983.169921875,-0.005489351938760434,0.0034159058663651987,-0.008905257805125633,0.013307617440618147,0.04158582943200351,-0.027632129382324178,2026-02-28,791,ok,0.00045485019676998553,0.07309641738017002,0.004099177461357351,0.0007045406777091874,-0.006193892616469621,0.006926908264136118
CMP015,Duke Energy Corporation,DUK,^GSPC,USD,NYSE,PRIMARY_DIRECT,Raw Materials & Energy,False,2023-01-13,90.85550689697266,3999.090087890625,-0.0009515974723396381,0.003996858363534361,-0.004948455835873999,0.012343356473159206,0.045748900465707676,-0.03258058521819818,2026-02-28,791,ok,0.00045485019676998553,0.07309641738017002,0.004099177461357351,0.0007470062239203165,-0.0016986036962599546,0.005228304567876164
CMP015,Duke Energy Corporation,DUK,^GSPC,USD,NYSE,PRIMARY_DIRECT,Raw Materials & Energy,False,2023-01-17,90.19776153564452,3990.969970703125,-0.007239466090635527,-0.0020304911890052235,-0.005208974901630303,0.005014531071891648,0.04362551653740021,-0.03778956011982848,2026-02-28,791,ok,0.00045485019676998553,0.07309641738017002,0.004099177461357351,0.000306428565331702,-0.0075458946559672285,-0.0023175900880910644
CMP015,Duke Energy Corporation,DUK,^GSPC,USD,NYSE,PRIMARY_DIRECT,Raw Materials & Energy,False,2023-01-18,88.4928207397461,3928.860107421875,-0.01890225175072291,-0.015562598500411085,-0.003339653250311825,-0.01398250660756395,0.02738399163874461,-0.041129213370140305,2026-02-28,791,ok,0.00045485019676998553,0.07309641738017002,0.004099177461357351,-0.0006827199987360712,-0.018219531751986838,-0.0205371218400779
CMP015,Duke Energy Corporation,DUK,^GSPC,USD,NYSE,PRIMARY_DIRECT,Raw Materials & Energy,False,2023-01-19,88.25048828125,3898.85009765625,-0.0027384420167686496,-0.007638350296294338,0.004899908279525689,-0.016682658340738676,0.01953647282180282,-0.036229305090614616,2026-02-28,791,ok,0.00045485019676998553,0.07309641738017002,0.004099177461357351,-0.00010348584458389073,-0.002634956172184759,-0.023172078012262662
CMP015,Duke Energy Corporation,DUK,^GSPC,USD,NYSE,PRIMARY_DIRECT,Raw Materials & Energy,False,2023-01-20,88.12067413330078,3972.610107421875,-0.0014709737076525897,0.018918401045981525,-0.020389374753634115,-0.018129092296598315,0.038824472695651036,-0.05661867984424873,2026-02-28,791,ok,0.00045485019676998553,0.07309641738017002,0.004099177461357351,0.0018377175357924963,-0.003308691243445086,-0.026480769255707748
CMP015,Duke Energy Corporation,DUK,^GSPC,USD,NYSE,PRIMARY_DIRECT,Raw Materials & Energy,False,2023-01-23,87.4023208618164,4019.81005859375,-0.008151926645473928,0.01188134498366522,-0.02003327162913915,-0.026133231911521393,0.05116710463322227,-0.07665195147338788,2026-02-28,791,ok,0.00045485019676998553,0.07309641738017002,0.004099177461357351,0.0013233339487337679,-0.009475260594207696,-0.035956029849915444
CMP015,Duke Energy Corporation,DUK,^GSPC,USD,NYSE,PRIMARY_DIRECT,Raw Materials & Energy,False,2023-01-24,87.73120880126953,4016.949951171875,0.003762919979815038,-0.0007115031258156934,0.0044744231056307315,-0.02246864919220337,0.05041919595252109,-0.07217752836775715,2026-02-28,791,ok,0.00045485019676998553,0.07309641738017002,0.004099177461357351,0.000402841867318066,0.003360078112496972,-0.03259595173741847
CMP015,Duke Energy Corporation,DUK,^GSPC,USD,NYSE,PRIMARY_DIRECT,Raw Materials & Energy,False,2023-01-25,87.77447509765625,4016.219970703125,0.0004931688161817771,-0.0001817250594663422,0.0006748938756481193,-0.021986561213144906,0.05022830846167192,-0.07150263449210903,2026-02-28,791,ok,0.00045485019676998553,0.07309641738017002,0.004099177461357351,0.00044156674597479757,5.160207020697954e-05,-0.032544349667211495
CMP015,Duke Energy Corporation,DUK,^GSPC,USD,NYSE,PRIMARY_DIRECT,Raw Materials & Energy,False,2023-01-26,87.70524597167969,4060.429931640625,-0.0007887159211096284,0.011007853469181317,-0.011796569390290945,-0.022757935983375277,0.06178906779040427,-0.08329920388239997,2026-02-28,791,ok,0.00045485019676998553,0.07309641738017002,0.004099177461357351,0.0012594848484130156,-0.002048200769522644,-0.03459255043673414
CMP015,Duke Energy Corporation,DUK,^GSPC,USD,NYSE,PRIMARY_DIRECT,Raw Materials & Energy,False,2023-01-27,87.91294860839844,4070.56005859375,0.0023681894328855257,0.002494840970949097,-0.00012665153806357132,-0.02044364165399981,0.06443806265923357,-0.08342585542046355,2026-02-28,791,ok,0.00045485019676998553,0.07309641738017002,0.004099177461357351,0.0006372141336796293,0.0017309752992058964,-0.03286157513752824
CMP015,Duke Energy Corporation,DUK,^GSPC,USD,NYSE,PRIMARY_DIRECT,Raw Materials & Energy,False,2023-01-30,87.96487426757812,4017.77001953125,0.0005906485904707548,-0.012968740984683369,0.013559389575154124,-0.01986506807165611,0.050633641130367835,-0.06986646584530942,2026-02-28,791,ok,0.00045485019676998553,0.07309641738017002,0.004099177461357351,-0.0004931183071417471,0.001083766897612502,-0.03177780823991574
CMP015,Duke Energy Corporation,DUK,^GSPC,USD,NYSE,PRIMARY_DIRECT,Raw Materials & Energy,False,2023-01-31,88.6658935546875,4076.60009765625,0.007969309260614121,0.014642470285510134,-0.006673161024896013,-0.012054069681988189,0.06601751300157654,-0.07653962687020543,2026-02-28,791,ok,0.00045485019676998553,0.07309641738017002,0.004099177461357351,0.0015251623162363713,0.00644414694437775,-0.025333661295537987
CMP015,Duke Energy Corporation,DUK,^GSPC,USD,NYSE,PRIMARY_DIRECT,Raw Materials & Energy,False,2023-02-01,88.74376678466797,4119.2099609375,0.0008782771690269975,0.010452303944590291,-0.009574026775563294,-0.011186379327156715,0.07715985205772524,-0.08611365364576873,2026-02-28,791,ok,0.00045485019676998553,0.07309641738017002,0.004099177461357351,0.0012188761684881549,-0.0003405989994611574,-0.025674260294999144
CMP015,Duke Energy Corporation,DUK,^GSPC,USD,NYSE,PRIMARY_DIRECT,Raw Materials & Energy,False,2023-02-02,88.3110580444336,4179.759765625,-0.00487593389273544,0.014699373244309921,-0.01957530713704536,-0.016007769173793873,0.09299342676690747,-0.10568896078281409,2026-02-28,791,ok,0.00045485019676998553,0.07309641738017002,0.004099177461357351,0.0015293217186629674,-0.006405255611398408,-0.03207951590639755
CMP015,Duke Energy Corporation,DUK,^GSPC,USD,NYSE,PRIMARY_DIRECT,Raw Materials & Energy,False,2023-02-03,87.0475082397461,4136.47998046875,-0.01430794549026626,-0.010354610691310495,-0.0039533347989557655,-0.030086676375300714,0.0816759053445748,-0.10964229558176986,2026-02-28,791,ok,0.00045485019676998553,0.07309641738017002,0.004099177461357351,-0.0003020347481312172,-0.014005910742135044,-0.046085426648532594
CMP015,Duke Energy Corporation,DUK,^GSPC,USD,NYSE,PRIMARY_DIRECT,Raw Materials & Energy,False,2023-02-06,88.11199188232422,4111.080078125,0.01222876638405701,-0.006140463017754394,0.018369229401811404,-0.018225832927910024,0.07503391445061047,-0.09127306617995845,2026-02-28,791,ok,0.00045485019676998553,0.07309641738017002,0.004099177461357351,6.00434911671204e-06,0.012222762034940299,-0.033862664613592296
CMP015,Duke Energy Corporation,DUK,^GSPC,USD,NYSE,PRIMARY_DIRECT,Raw Materials & Energy,False,2023-02-07,87.25521087646484,4164.0,-0.00972377297977356,0.01287251059802652,-0.02259628357780008,-0.02777238204592536,0.08887229990761392,-0.11386934975775853,2026-02-28,791,ok,0.00045485019676998553,0.07309641738017002,0.004099177461357351,0.001395784604173994,-0.011119557583947554,-0.04498222219753985
CMP015,Duke Energy Corporation,DUK,^GSPC,USD,NYSE,PRIMARY_DIRECT,Raw Materials & Energy,False,2023-02-08,85.83586883544922,4117.85986328125,-0.016266559060009844,-0.011080724476164705,-0.005185834583845139,-0.043587180013147986,0.07680680596260991,-0.11905518434160367,2026-02-28,791,ok,0.00045485019676998553,0.07309641738017002,0.004099177461357351,-0.0003551110644144155,-0.015911447995595428,-0.060893670193135276
CMP015,Duke Energy Corporation,DUK,^GSPC,USD,NYSE,PRIMARY_DIRECT,Raw Materials & Energy,False,2023-02-09,84.42516326904297,4081.5,-0.016434919172433893,-0.00882979617773516,-0.007605122994698732,-0.05930574740511152,0.06729882134316201,-0.1266603073363024,2026-02-28,791,ok,0.00045485019676998553,0.07309641738017002,0.004099177461357351,-0.00019057627001957368,-0.01624434290241432,-0.0771380130955496
CMP015,Duke Energy Corporation,DUK,^GSPC,USD,NYSE,PRIMARY_DIRECT,Raw Materials & Energy,False,2023-02-10,85.77528381347656,4090.4599609375,0.015991921035806378,0.0021952617756952897,0.013796659260111088,-0.04426223919877714,0.0696418216489012,-0.11286364807619131,2026-02-28,791,ok,0.00045485019676998553,0.07309641738017002,0.004099177461357351,0.0006153159677849416,0.015376605068021437,-0.061761408027528164
CMP015,Duke Energy Corporation,DUK,^GSPC,USD,NYSE,PRIMARY_DIRECT,Raw Materials & Energy,False,2023-02-13,86.58015441894531,4137.2900390625,0.009383479362411462,0.011448609342766147,-0.002065129980354685,-0.03529409364442149,0.08188773300164431,-0.114928778056546,2026-02-28,791,ok,0.00045485019676998553,0.07309641738017002,0.004099177461357351,0.0012917025237113339,0.008091776838700129,-0.05366963118882803
CMP015,Duke Energy Corporation,DUK,^GSPC,USD,NYSE,PRIMARY_DIRECT,Raw Materials & Energy,False,2023-02-14,86.08685302734375,4136.1298828125,-0.005697626608686446,-0.0002804145319874607,-0.005417212076698985,-0.040790627686030034,0.08158435595933167,-0.12034599013324498,2026-02-28,791,ok,0.00045485019676998553,0.07309641738017002,0.004099177461357351,0.00043435289910036506,-0.006131979507786811,-0.05980161069661484
CMP015,Duke Energy Corporation,DUK,^GSPC,USD,NYSE,PRIMARY_DIRECT,Raw Materials & Energy,False,2023-02-15,85.90509033203125,4147.60009765625,-0.002111387382865093,0.002773175690496066,-0.004884563073361159,-0.042815890252259736,0.08458377940249884,-0.12523055320660614,2026-02-28,791,ok,0.00045485019676998553,0.07309641738017002,0.004099177461357351,0.0006575594045110272,-0.0027689467873761205,-0.06257055748399096
CMP015,Duke Energy Corporation,DUK,^GSPC,USD,NYSE,PRIMARY_DIRECT,Raw Materials & Energy,False,2023-02-16,85.9356918334961,4090.409912109375,0.0003562245420680732,-0.013788741489130674,0.014144966031198747,-0.04247491778109003,0.06962873404501346,-0.1110855871754074,2026-02-28,791,ok,0.00045485019676998553,0.07309641738017002,0.004099177461357351,-0.0005530574062667773,0.0009092819483348505,-0.061661275535656104
CMP015,Duke Energy Corporation,DUK,^GSPC,USD,NYSE,PRIMARY_DIRECT,Raw Materials & Energy,False,2023-02-17,86.98484802246094,4079.090087890625,0.012208619801393095,-0.002767405825327751,0.014976025626720846,-0.030784858101981727,0.06666863725547945,-0.09610956154868655,2026-02-28,791,ok,0.00045485019676998553,0.07309641738017002,0.004099177461357351,0.0002525627455015144,0.01195605705589158,-0.04970521847976452
CMP015,Duke Energy Corporation,DUK,^GSPC,USD,NYSE,PRIMARY_DIRECT,Raw Materials & Energy,False,2023-02-21,85.40238189697266,3997.340087890625,-0.01819243421658523,-0.020041234255327334,0.0018488000387421044,-0.04841724081267973,0.04529128122343162,-0.09426076150994445,2026-02-28,791,ok,0.00045485019676998553,0.07309641738017002,0.004099177461357351,-0.0010100922271711822,-0.017182341989414048,-0.06688756046917857
CMP015,Duke Energy Corporation,DUK,^GSPC,USD,NYSE,PRIMARY_DIRECT,Raw Materials & Energy,False,2023-02-22,85.21876525878906,3991.050048828125,-0.0021500177642013174,-0.0015735561458868341,-0.0005764616183144833,-0.05046316064904022,0.04364645670362055,-0.09483722312825893,2026-02-28,791,ok,0.00045485019676998553,0.07309641738017002,0.004099177461357351,0.0003398288799591098,-0.0024898466441604272,-0.06937740711333899
CMP015,Duke Energy Corporation,DUK,^GSPC,USD,NYSE,PRIMARY_DIRECT,Raw Materials & Energy,False,2023-02-23,84.66793823242188,4012.320068359375,-0.006463682320372199,0.005329429416074394,-0.011793111736446593,-0.056600665130095096,0.04920849682995865,-0.10663033486470552,2026-02-28,791,ok,0.00045485019676998553,0.07309641738017002,0.004099177461357351,0.0008444123937655152,-0.0073080947141377145,-0.0766855018274767
CMP015,Duke Energy Corporation,DUK,^GSPC,USD,NYSE,PRIMARY_DIRECT,Raw Materials & Energy,False,2023-02-24,84.73789978027344,3970.0400390625,0.0008263050844525832,-0.010537551485558128,0.01136385657001071,-0.05582112946302287,0.038152408275528016,-0.09526647829469481,2026-02-28,791,ok,0.00045485019676998553,0.07309641738017002,0.004099177461357351,-0.0003154070647834019,0.0011417121492359851,-0.07554378967824071
CMP015,Duke Energy Corporation,DUK,^GSPC,USD,NYSE,PRIMARY_DIRECT,Raw Materials & Energy,False,2023-02-27,83.76742553710938,3982.239990234375,-0.011452658676702088,0.0030730045671669703,-0.014525663243869058,-0.06663448779703696,0.0413426553675742,-0.10979214153856387,2026-02-28,791,ok,0.00045485019676998553,0.07309641738017002,0.004099177461357351,0.0006794758212227911,-0.01213213449792488,-0.0876759241761656
CMP015,Duke Energy Corporation,DUK,^GSPC,USD,NYSE,PRIMARY_DIRECT,Raw Materials & Energy,False,2023-02-28,82.4122314453125,3970.14990234375,-0.016178055886372222,-0.0030360018281855305,-0.013142054058186692,-0.08173452721586894,0.03818113716211058,-0.12293419559675056,2026-02-28,791,ok,0.00045485019676998553,0.07309641738017002,0.004099177461357351,0.00023292933996997678,-0.016410985226342198,-0.1040869094025078
CMP015,Duke Energy Corporation,DUK,^GSPC,USD,NYSE,PRIMARY_DIRECT,Raw Materials & Energy,False,2023-03-01,80.35762023925781,3951.389892578125,-0.024930901275475037,-0.004725264845680033,-0.020205636429795004,-0.1046277130625275,0.0332754563312303,-0.14313983202654557,2026-02-28,791,ok,0.00045485019676998553,0.07309641738017002,0.004099177461357351,0.00010945026537831316,-0.02504035154085335,-0.12912726094336113
CMP015,Duke Energy Corporation,DUK,^GSPC,USD,NYSE,PRIMARY_DIRECT,Raw Materials & Energy,False,2023-03-02,81.98382568359375,3981.35009765625,0.020237103083616148,0.0075821940867943916,0.012654908996821757,-0.08650797179356073,0.04110995138625473,-0.1304849230297238,2026-02-28,791,ok,0.00045485019676998553,0.07309641738017002,0.004099177461357351,0.0010090814203957653,0.019228021663220383,-0.10989923928014075
CMP015,Duke Energy Corporation,DUK,^GSPC,USD,NYSE,PRIMARY_DIRECT,Raw Materials & Energy,False,2023-03-03,83.40021514892578,4045.639892578125,0.01727645000122835,0.0161477371607488,0.001128712840479551,-0.07072607244173146,0.05792152123667993,-0.12935621018924426,2026-02-28,791,ok,0.00045485019676998553,0.07309641738017002,0.004099177461357351,0.001635191932017361,0.01564125806921099,-0.09425798121092976
CMP015,Duke Energy Corporation,DUK,^GSPC,USD,NYSE,PRIMARY_DIRECT,Raw Materials & Energy,False,2023-03-06,83.91605377197266,4048.419921875,0.006185099428409835,0.0006871667698291617,0.005497932658580673,-0.06497842080355465,0.05864848975116099,-0.12385827753066359,2026-02-28,791,ok,0.00045485019676998553,0.07309641738017002,0.004099177461357351,0.0005050796257872011,0.005680019802622634,-0.08857796140830713
CMP015,Duke Energy Corporation,DUK,^GSPC,USD,NYSE,PRIMARY_DIRECT,Raw Materials & Energy,False,2023-03-07,81.7652359008789,3986.3701171875,-0.02563058883748548,-0.015326919115337678,-0.010303669722147801,-0.08894357445411516,0.04242266997717059,-0.1341619472528114,2026-02-28,791,ok,0.00045485019676998553,0.07309641738017002,0.004099177461357351,-0.0006654926800368435,-0.024965096157448637,-0.11354305756575578
CMP015,Duke Energy Corporation,DUK,^GSPC,USD,NYSE,PRIMARY_DIRECT,Raw Materials & Energy,False,2023-03-08,82.77069091796875,3992.010009765625,0.012296852152529958,0.0014147940136839399,0.010882058138846018,-0.07774044828656501,0.04389748333038268,-0.12327988911396537,2026-02-28,791,ok,0.00045485019676998553,0.07309641738017002,0.004099177461357351,0.0005582665705011928,0.011738585582028765,-0.10180447198372701
CMP015,Duke Energy Corporation,DUK,^GSPC,USD,NYSE,PRIMARY_DIRECT,Raw Materials & Energy,False,2023-03-09,82.37725830078125,3918.320068359375,-0.004753284197874019,-0.01845935787384867,0.01370607367597465,-0.08212421004006287,0.024627806101977123,-0.10957381543799072,2026-02-28,791,ok,0.00045485019676998553,0.07309641738017002,0.004099177461357351,-0.0008944627309467847,-0.0038588214669272344,-0.10566329345065424
CMP015,Duke Energy Corporation,DUK,^GSPC,USD,NYSE,PRIMARY_DIRECT,Raw Materials & Energy,False,2023-03-10,81.16197204589844,3861.590087890625,-0.014752691215401681,-0.01447813845705137,-0.00027455275835031046,-0.09566534814343475,0.009793102858287828,-0.10984836819634103,2026-02-28,791,ok,0.00045485019676998553,0.07309641738017002,0.004099177461357351,-0.0006034498547745321,-0.01414924136062715,-0.11981253481128139
CMP015,Duke Energy Corporation,DUK,^GSPC,USD,NYSE,PRIMARY_DIRECT,Raw Materials & Energy,False,2023-03-13,82.33353424072266,3855.760009765625,0.014434866049850115,-0.001509761003189447,0.015944627053039562,-0.08261139857964739,0.00826855661030268,-0.09390374114330147,2026-02-28,791,ok,0.00045485019676998553,0.07309641738017002,0.004099177461357351,0.0003444920763365455,0.01409037397351357,-0.10572216083776782
CMP015,Duke Energy Corporation,DUK,^GSPC,USD,NYSE,PRIMARY_DIRECT,Raw Materials & Energy,False,2023-03-14,83.1379165649414,3919.2900390625,0.009769801960243019,0.016476655480623936,-0.006706853520380918,-0.07364869362318627,0.024881450249516712,-0.10061059466368238,2026-02-28,791,ok,0.00045485019676998553,0.07309641738017002,0.004099177461357351,0.0016592346828109387,0.00811056727743208,-0.09761159356033575
CMP015,Duke Energy Corporation,DUK,^GSPC,USD,NYSE,PRIMARY_DIRECT,Raw Materials & Energy,False,2023-03-15,84.65921020507812,3891.929931640625,0.018298433530606895,-0.00698088356543769,0.025279317096044585,-0.05669791581745931,0.017726872176947905,-0.0753312775676378,2026-02-28,791,ok,0.00045485019676998553,0.07309641738017002,0.004099177461357351,-5.5427382011617255e-05,0.01835386091261851,-0.07925773264771724
CMP015,Duke Energy Corporation,DUK,^GSPC,USD,NYSE,PRIMARY_DIRECT,Raw Materials & Energy,False,2023-03-16,84.98271179199219,3960.280029296875,0.0038212214138357847,0.017562006217166637,-0.013740784803330852,-0.05309334969366508,0.035600197833496994,-0.08907206237096865,2026-02-28,791,ok,0.00045485019676998553,0.07309641738017002,0.004099177461357351,0.001738569933253139,0.0020826514805826458,-0.07717508116713459
CMP015,Duke Energy Corporation,DUK,^GSPC,USD,NYSE,PRIMARY_DIRECT,Raw Materials & Energy,False,2023-03-17,84.2745132446289,3916.639892578125,-0.008333442560608084,-0.011019457310067593,0.002686014749459509,-0.060984341874250725,0.02418844566317313,-0.08638604762150914,2026-02-28,791,ok,0.00045485019676998553,0.07309641738017002,0.004099177461357351,-0.0003506326540696808,-0.007982809906538404,-0.085157891073673
CMP015,Duke Energy Corporation,DUK,^GSPC,USD,NYSE,PRIMARY_DIRECT,Raw Materials & Energy,False,2023-03-20,85.0788803100586,3951.570068359375,0.009544606482564832,0.008918403718310097,0.0006262027642547352,-0.05202180693647385,0.0333225717052259,-0.08575984485725441,2026-02-28,791,ok,0.00045485019676998553,0.07309641738017002,0.004099177461357351,0.0011067535573284406,0.008437852925236392,-0.0767200381484366
CMP015,Duke Energy Corporation,DUK,^GSPC,USD,NYSE,PRIMARY_DIRECT,Raw Materials & Energy,False,2023-03-21,82.85812377929688,4002.8701171875,-0.026102324368497465,0.012982193897784988,-0.03908451826628245,-0.07676624122608011,0.04673736569006093,-0.12484436312353686,2026-02-28,791,ok,0.00045485019676998553,0.07309641738017002,0.004099177461357351,0.0014038020604327734,-0.027506126428930237,-0.10422616457736683
CMP015,Duke Energy Corporation,DUK,^GSPC,USD,NYSE,PRIMARY_DIRECT,Raw Materials & Energy,False,2023-03-22,81.26689147949219,3936.969970703125,-0.01920430040201171,-0.01646322377571363,-0.002741076626298078,-0.09449629967085293,0.02950469420430446,-0.12758543974983494,2026-02-28,791,ok,0.00045485019676998553,0.07309641738017002,0.004099177461357351,-0.0007485524797627166,-0.018455747922248994,-0.12268191249961583
CMP015,Duke Energy Corporation,DUK,^GSPC,USD,NYSE,PRIMARY_DIRECT,Raw Materials & Energy,False,2023-03-23,80.0428466796875,3948.719970703125,-0.015062035442977129,0.0029845287333754023,-0.01804656417635253,-0.10813502849895751,0.032577280545301956,-0.14563200392618747,2026-02-28,791,ok,0.00045485019676998553,0.07309641738017002,0.004099177461357351,0.0006730085547479041,-0.01573504399772503,-0.13841695649734087
CMP015,Duke Energy Corporation,DUK,^GSPC,USD,NYSE,PRIMARY_DIRECT,Raw Materials & Energy,False,2023-03-24,82.50841522216797,3970.989990234375,0.030803109144119878,0.005639807253104534,0.025163301891015344,-0.08066281443999357,0.03840081738151224,-0.12046870203517213,2026-02-28,791,ok,0.00045485019676998553,0.07309641738017002,0.004099177461357351,0.0008670999016866248,0.029936009242433254,-0.10848094725490762
CMP015,Duke Energy Corporation,DUK,^GSPC,USD,NYSE,PRIMARY_DIRECT,Raw Materials & Energy,False,2023-03-27,82.7881851196289,3977.530029296875,0.0033908044010735328,0.0016469543057482383,0.0017438500953252944,-0.0775455218651262,0.040111016078791195,-0.11872485193984683,2026-02-28,791,ok,0.00045485019676998553,0.07309641738017002,0.004099177461357351,0.0005752366561090269,0.0028155677449645056,-0.1056653795099431
CMP015,Duke Energy Corporation,DUK,^GSPC,USD,NYSE,PRIMARY_DIRECT,Raw Materials & Energy,False,2023-03-28,82.84065246582031,3971.27001953125,0.0006337540328440472,-0.0015738434957162095,0.0022075975285602567,-0.07696091261949323,0.03847404412131272,-0.11651725441128657,2026-02-28,791,ok,0.00045485019676998553,0.07309641738017002,0.004099177461357351,0.00033980787571604766,0.00029394615712799953,-0.10537143335281511
CMP015,Duke Energy Corporation,DUK,^GSPC,USD,NYSE,PRIMARY_DIRECT,Raw Materials & Energy,False,2023-03-29,84.16958618164062,4027.81005859375,0.016042047910820312,0.014237268879836451,0.0018047790309838607,-0.062153475356175325,0.05325907831219889,-0.11471247538030271,2026-02-28,791,ok,0.00045485019676998553,0.07309641738017002,0.004099177461357351,0.0014955435451642165,0.014546504365656096,-0.09082492898715902
CMP015,Duke Energy Corporation,DUK,^GSPC,USD,NYSE,PRIMARY_DIRECT,Raw Materials & Energy,False,2023-03-30,84.07341766357422,4050.830078125,-0.0011425566220424344,0.005715269388667954,-0.006857826010710388,-0.06322501811336656,0.059278737680813265,-0.1215703013910131,2026-02-28,791,ok,0.00045485019676998553,0.07309641738017002,0.004099177461357351,0.0008726159134441675,-0.002015172535486602,-0.09284010152264563
CMP015,Duke Energy Corporation,DUK,^GSPC,USD,NYSE,PRIMARY_DIRECT,Raw Materials & Energy,False,2023-03-31,84.3444595336914,4109.31005859375,0.003223871202688411,0.014436542471763847,-0.011212671269075436,-0.060204976225863294,0.07457106016677861,-0.13278297266008854,2026-02-28,791,ok,0.00045485019676998553,0.07309641738017002,0.004099177461357351,0.001510109730812587,0.0017137614718758238,-0.0911263400507698
CMP015,Duke Energy Corporation,DUK,^GSPC,USD,NYSE,PRIMARY_DIRECT,Raw Materials & Energy,False,2023-04-03,83.1379165649414,4124.509765625,-0.014304946352380665,0.0036988464765423945,-0.01800379282892306,-0.0736486936231866,0.07854573354647099,-0.1507867654890116,2026-02-28,791,ok,0.00045485019676998553,0.07309641738017002,0.004099177461357351,0.0007252226226444996,-0.015030168975025165,-0.10615650902579497
CMP015,Duke Energy Corporation,DUK,^GSPC,USD,NYSE,PRIMARY_DIRECT,Raw Materials & Energy,False,2023-04-04,84.13463592529297,4100.60009765625,0.011988745948101842,-0.005796972083329965,0.017785718031431808,-0.06254290315234268,0.07229343403850752,-0.1330010474575798,2026-02-28,791,ok,0.00045485019676998553,0.07309641738017002,0.004099177461357351,3.111230582570463e-05,0.011957633642276137,-0.09419887538351884
CMP015,Duke Energy Corporation,DUK,^GSPC,USD,NYSE,PRIMARY_DIRECT,Raw Materials & Energy,False,2023-04-05,86.41654968261719,4090.3798828125,0.027122168322573303,-0.002492370531228194,0.029614538853801498,-0.03711703397644961,0.06962088148268042,-0.1033865086037783,2026-02-28,791,ok,0.00045485019676998553,0.07309641738017002,0.004099177461357351,0.00027266684015329337,0.02684950148242001,-0.06734937390109882
CMP015,Duke Energy Corporation,DUK,^GSPC,USD,NYSE,PRIMARY_DIRECT,Raw Materials & Energy,False,2023-04-06,87.20343780517578,4105.02001953125,0.009105757235721601,0.0035791630944272956,0.005526594141294305,-0.028349255441427634,0.07344922906671192,-0.09785991446248399,2026-02-28,791,ok,0.00045485019676998553,0.07309641738017002,0.004099177461357351,0.000716474196191944,0.008389283039529656,-0.05896009086156917
CMP015,Duke Energy Corporation,DUK,^GSPC,USD,NYSE,PRIMARY_DIRECT,Raw Materials & Energy,False,2023-04-10,86.67012786865234,4109.10986328125,-0.006115698531460656,0.0009963029974375814,-0.0071120015288982374,-0.034291578473017115,0.0745187097512281,-0.10497191599138223,2026-02-28,791,ok,0.00045485019676998553,0.07309641738017002,0.004099177461357351,0.0005276763765077974,-0.0066433749079684535,-0.06560346576953763
CMP015,Duke Energy Corporation,DUK,^GSPC,USD,NYSE,PRIMARY_DIRECT,Raw Materials & Energy,False,2023-04-11,86.86246490478516,4108.93994140625,0.0022191848663739577,-4.1352477946232646e-05,0.0022605373443201904,-0.032148492958634534,0.07447427573998033,-0.10271137864706203,2026-02-28,791,ok,0.00045485019676998553,0.07309641738017002,0.004099177461357351,0.00045182747878232344,0.0017673573875916344,-0.06383610838194599
CMP015,Duke Energy Corporation,DUK,^GSPC,USD,NYSE,PRIMARY_DIRECT,Raw Materials & Energy,False,2023-04-12,86.91493225097656,4091.949951171875,0.0006040278300749602,-0.004134884052006904,0.004738911882081864,-0.03156388371300156,0.07003144919293147,-0.09797246676498017,2026-02-28,791,ok,0.00045485019676998553,0.07309641738017002,0.004099177461357351,0.00015260498628588026,0.00045142284378907994,-0.06338468553815692
CMP015,Duke Energy Corporation,DUK,^GSPC,USD,NYSE,PRIMARY_DIRECT,Raw Materials & Energy,False,2023-04-13,86.67886352539062,4146.22021484375,-0.0027160893930661123,0.01326268999363811,-0.015978779386704223,-0.03419424277631078,0.08422294458702062,-0.1139512461516844,2026-02-28,791,ok,0.00045485019676998553,0.07309641738017002,0.004099177461357351,0.0014243053201287612,-0.004140394713194873,-0.06752508025135179
CMP015,Duke Energy Corporation,DUK,^GSPC,USD,NYSE,PRIMARY_DIRECT,Raw Materials & Energy,False,2023-04-14,85.36740112304688,4137.64013671875,-0.015130129180334517,-0.0020693734728036706,-0.013060755707530847,-0.04880700864621601,0.08197928238688723,-0.12701200185921524,2026-02-28,791,ok,0.00045485019676998553,0.07309641738017002,0.004099177461357351,0.0003035864096864765,-0.015433715590020994,-0.08295879584137278
CMP015,Duke Energy Corporation,DUK,^GSPC,USD,NYSE,PRIMARY_DIRECT,Raw Materials & Energy,False,2023-04-17,86.04061126708984,4151.31982421875,0.007886033019473215,0.00330615690296554,0.004579876116507675,-0.04130586930850855,0.08555647566021629,-0.12243212574270756,2026-02-28,791,ok,0.00045485019676998553,0.07309641738017002,0.004099177461357351,0.0006965184216734849,0.007189514597799731,-0.07576928124357304
CMP015,Duke Energy Corporation,DUK,^GSPC,USD,NYSE,PRIMARY_DIRECT,Raw Materials & Energy,False,2023-04-18,85.16630554199219,4154.8701171875,-0.010161547113881064,0.0008552202959737354,-0.0110167674098548,-0.0510476848853314,0.08648486559062674,-0.13344889315256236,2026-02-28,791,ok,0.00045485019676998553,0.07309641738017002,0.004099177461357351,0.0005173637364764743,-0.010678910850357538,-0.08644819209393058
CMP015,Duke Energy Corporation,DUK,^GSPC,USD,NYSE,PRIMARY_DIRECT,Raw Materials & Energy,False,2023-04-19,86.03186798095703,4154.52001953125,0.010163202847140784,-8.42619976980652e-05,0.01024746484483885,-0.041403290014557115,0.08639331620538337,-0.12320142830772352,2026-02-28,791,ok,0.00045485019676998553,0.07309641738017002,0.004099177461357351,0.00044869094661696083,0.009714511900523824,-0.07673368019340676
CMP015,Duke Energy Corporation,DUK,^GSPC,USD,NYSE,PRIMARY_DIRECT,Raw Materials & Energy,False,2023-04-20,85.87450408935547,4129.7900390625,-0.0018291348926237072,-0.00595254815297297,0.004123413260349262,-0.04315669270474576,0.07992650767760279,-0.11907801504737425,2026-02-28,791,ok,0.00045485019676998553,0.07309641738017002,0.004099177461357351,1.9740252504713235e-05,-0.0018488751451284204,-0.07858255533853518
CMP015,Duke Energy Corporation,DUK,^GSPC,USD,NYSE,PRIMARY_DIRECT,Raw Materials & Energy,False,2023-04-21,85.99690246582031,4133.52001953125,0.0014253168360365276,0.0009031888869577287,0.0005221279490787989,-0.04179288782940893,0.0809018852980683,-0.11855588709829545,2026-02-28,791,ok,0.00045485019676998553,0.07309641738017002,0.004099177461357351,0.0005208700686241789,0.0009044467674123487,-0.07767810857112284
CMP015,Duke Energy Corporation,DUK,^GSPC,USD,NYSE,PRIMARY_DIRECT,Raw Materials & Energy,False,2023-04-24,86.46903991699219,4137.0400390625,0.005490168106456306,0.0008515791660903549,0.004638588940365951,-0.036532169702790385,0.08182235882417599,-0.1139172981579295,2026-02-28,791,ok,0.00045485019676998553,0.07309641738017002,0.004099177461357351,0.0005170975829267832,0.004973070523529522,-0.07270503804759332
CMP015,Duke Energy Corporation,DUK,^GSPC,USD,NYSE,PRIMARY_DIRECT,Raw Materials & Energy,False,2023-04-25,87.20343780517578,4071.6298828125,0.008493188878800906,-0.015810858882773227,0.024304047761574132,-0.028349255441427634,0.06471781817257805,-0.08961325039635537,2026-02-28,791,ok,0.00045485019676998553,0.07309641738017002,0.004099177461357351,-0.0007008669432641749,0.00919405582206508,-0.06351098222552824
CMP015,Duke Energy Corporation,DUK,^GSPC,USD,NYSE,PRIMARY_DIRECT,Raw Materials & Energy,False,2023-04-26,85.98815155029297,4055.989990234375,-0.013936219551320073,-0.003841187197329843,-0.01009503235399023,-0.04189039354479951,0.06062803772064451,-0.0997082827503456,2026-02-28,791,ok,0.00045485019676998553,0.07309641738017002,0.004099177461357351,0.00017407317415859787,-0.01411029272547867,-0.07762127495100692
CMP015,Duke Energy Corporation,DUK,^GSPC,USD,NYSE,PRIMARY_DIRECT,Raw Materials & Energy,False,2023-04-27,86.9673843383789,4135.35009765625,0.011387996723167149,0.01956614972249704,-0.00817815299932989,-0.03097944448605272,0.08138044470656491,-0.10788643574967549,2026-02-28,791,ok,0.00045485019676998553,0.07309641738017002,0.004099177461357351,0.001885065643408527,0.009502931079758623,-0.0681183438712483
CMP015,Duke Energy Corporation,DUK,^GSPC,USD,NYSE,PRIMARY_DIRECT,Raw Materials & Energy,False,2023-04-28,86.45154571533203,4169.47998046875,-0.005931403214793907,0.008253202753460531,-0.014184605968254438,-0.03672709612422953,0.09030529677035548,-0.12207104171792993,2026-02-28,791,ok,0.00045485019676998553,0.07309641738017002,0.004099177461357351,0.001058129749960105,-0.006989532964754012,-0.0751078768360023
CMP015,Duke Energy Corporation,DUK,^GSPC,USD,NYSE,PRIMARY_DIRECT,Raw Materials & Energy,False,2023-05-01,86.63513946533203,4167.8701171875,0.0021236606989600837,-0.0003861064902076494,0.002509767189167733,-0.034681431315895406,0.08988432281896475,-0.1195612745287622,2026-02-28,791,ok,0.00045485019676998553,0.07309641738017002,0.004099177461357351,0.00042662719560857465,0.001697033503351509,-0.07341084333265079
CMP015,Duke Energy Corporation,DUK,^GSPC,USD,NYSE,PRIMARY_DIRECT,Raw Materials & Energy,False,2023-05-02,85.33242797851562,4119.580078125,-0.015036756388413286,-0.011586262936400304,-0.0034504934520129815,-0.04919669147041006,0.07725663648452352,-0.12301176798077518,2026-02-28,791,ok,0.00045485019676998553,0.07309641738017002,0.004099177461357351,-0.00039206411470552537,-0.01464469227370776,-0.08805553560635855
CMP015,Duke Energy Corporation,DUK,^GSPC,USD,NYSE,PRIMARY_DIRECT,Raw Materials & Energy,False,2023-05-03,85.09636688232422,4090.75,-0.0027663703211496804,-0.006998305064656485,0.004231934743506804,-0.051826965524377266,0.06971766590947914,-0.11877983323726837,2026-02-28,791,ok,0.00045485019676998553,0.07309641738017002,0.004099177461357351,-5.670083118990263e-05,-0.0027096694899597777,-0.09076520509631833
CMP015,Duke Energy Corporation,DUK,^GSPC,USD,NYSE,PRIMARY_DIRECT,Raw Materials & Energy,False,2023-05-04,85.7783203125,4061.219970703125,0.008013895953029593,-0.007218732334382416,0.015232628287412009,-0.044228405480621236,0.061995660405918196,-0.10354720494985636,2026-02-28,791,ok,0.00045485019676998553,0.07309641738017002,0.004099177461357351,-7.281327489976064e-05,0.008086709227929353,-0.08267849586838898
CMP015,Duke Energy Corporation,DUK,^GSPC,USD,NYSE,PRIMARY_DIRECT,Raw Materials & Energy,False,2023-05-05,86.87120819091797,4136.25,0.01274084027801492,0.018474751389515376,-0.005733911111500456,-0.03205107225258619,0.08161576620866162,-0.10928111606135682,2026-02-28,791,ok,0.00045485019676998553,0.07309641738017002,0.004099177461357351,0.0018052883353328773,0.010935551942682042,-0.07174294392570693
CMP015,Duke Energy Corporation,DUK,^GSPC,USD,NYSE,PRIMARY_DIRECT,Raw Materials & Energy,False,2023-05-08,86.46903991699219,4138.1201171875,-0.0046294771570568605,0.0004521286642489297,-0.00508160582130579,-0.036532169702790496,0.08210479570026807,-0.11436272188266261,2026-02-28,791,ok,0.00045485019676998553,0.07309641738017002,0.004099177461357351,0.00048789918232146405,-0.005117376339378325,-0.07686032026508526
CMP015,Duke Energy Corporation,DUK,^GSPC,USD,NYSE,PRIMARY_DIRECT,Raw Materials & Energy,False,2023-05-09,85.72587585449219,4119.169921875,-0.008594568220179344,-0.004579421277258522,-0.004015146942920822,-0.044812759698228066,0.07714938197461474,-0.11837786882558343,2026-02-28,791,ok,0.00045485019676998553,0.07309641738017002,0.004099177461357351,0.00012011090772786535,-0.008714679127907209,-0.08557499939299246
CMP015,Duke Energy Corporation,DUK,^GSPC,USD,NYSE,PRIMARY_DIRECT,Raw Materials & Energy,False,2023-05-10,86.67886352539062,4137.64013671875,0.011116686314363244,0.004483965263404999,0.006632721050958246,-0.034194242776311,0.08197928238688701,-0.11174514777462519,2026-02-28,791,ok,0.00045485019676998553,0.07309641738017002,0.004099177461357351,0.0007826119931820213,0.010334074321181223,-0.07524092507181124
CMP015,Duke Energy Corporation,DUK,^GSPC,USD,NYSE,PRIMARY_DIRECT,Raw Materials & Energy,False,2023-05-11,85.96783447265625,4130.6201171875,-0.008203026941234537,-0.0016966239932159066,-0.00650640294801863,-0.04211677342281639,0.08014357037622699,-0.11825155072264382,2026-02-28,791,ok,0.00045485019676998553,0.07309641738017002,0.004099177461357351,0.0003308330612246649,-0.008533860002459202,-0.08377478507427044
CMP015,Duke Energy Corporation,DUK,^GSPC,USD,NYSE,PRIMARY_DIRECT,Raw Materials & Energy,False,2023-05-12,86.0738296508789,4124.080078125,0.001232963222498773,-0.0015833068345566526,0.0028162700570554255,-0.040935738632998264,0.07843337167894782,-0.11543528066558839,2026-02-28,791,ok,0.00045485019676998553,0.07309641738017002,0.004099177461357351,0.00033911613955035666,0.0008938470829484163,-0.08288093799132203
CMP015,Duke Energy Corporation,DUK,^GSPC,USD,NYSE,PRIMARY_DIRECT,Raw Materials & Energy,False,2023-05-15,85.08457946777344,4136.27978515625,-0.01149304250918004,0.0029581644391338813,-0.014451206948313922,-0.05195830495792453,0.08162355492902362,-0.1298864876139023,2026-02-28,791,ok,0.00045485019676998553,0.07309641738017002,0.004099177461357351,0.0006710814192920923,-0.012164123928472133,-0.09504506191979416
CMP015,Duke Energy Corporation,DUK,^GSPC,USD,NYSE,PRIMARY_DIRECT,Raw Materials & Energy,False,2023-05-16,83.03540802001953,4109.89990234375,-0.02408393460450786,-0.006377683373153031,-0.01770625123135483,-0.07479087914366467,0.07472530236674202,-0.14759273884525714,2026-02-28,791,ok,0.00045485019676998553,0.07309641738017002,0.004099177461357351,-1.1335608992579034e-05,-0.024072598995515282,-0.11911766091530944
CMP015,Duke Energy Corporation,DUK,^GSPC,USD,NYSE,PRIMARY_DIRECT,Raw Materials & Energy,False,2023-05-17,82.16098022460938,4158.77001953125,-0.0105307821839008,0.011890829058788244,-0.022421611242689043,-0.08453405486996113,0.08750467722233957,-0.1700143500879462,2026-02-28,791,ok,0.00045485019676998553,0.07309641738017002,0.004099177461357351,0.001324027200647425,-0.011854809384548224,-0.13097247029985767
CMP015,Duke Energy Corporation,DUK,^GSPC,USD,NYSE,PRIMARY_DIRECT,Raw Materials & Energy,False,2023-05-18,81.97549438476562,4198.0498046875,-0.002257590395546294,0.009445048649426635,-0.011702639044972929,-0.08660080199513642,0.09777621180518348,-0.18171698913291912,2026-02-28,791,ok,0.00045485019676998553,0.07309641738017002,0.004099177461357351,0.001145249415024486,-0.00340283981057078,-0.13437531011042844
CMP015,Duke Energy Corporation,DUK,^GSPC,USD,NYSE,PRIMARY_DIRECT,Raw Materials & Energy,False,2023-05-19,81.71053314208984,4191.97998046875,-0.0032322006065879094,-0.0014458676054706077,-0.0017863330011173018,-0.08955309143698464,0.09618897274247806,-0.18350332213403642,2026-02-28,791,ok,0.00045485019676998553,0.07309641738017002,0.004099177461357351,0.000349162454804039,-0.0035813630613919486,-0.1379566731718204
CMP015,Duke Energy Corporation,DUK,^GSPC,USD,NYSE,PRIMARY_DIRECT,Raw Materials & Energy,False,2023-05-22,81.23355102539062,4192.6298828125,-0.005837461810092148,0.0001550346964389604,-0.005992496506531109,-0.09486779049583771,0.09635892006710689,-0.18949581864056753,2026-02-28,791,ok,0.00045485019676998553,0.07309641738017002,0.004099177461357351,0.0004661826776492957,-0.006303644487741444,-0.14426031765956185
CMP015,Duke Energy Corporation,DUK,^GSPC,USD,NYSE,PRIMARY_DIRECT,Raw Materials & Energy,False,2023-05-23,80.1559829711914,4145.580078125,-0.013265061549044055,-0.011222026747550129,-0.002043034801493926,-0.10687442496493271,0.08405555094119865,-0.19153885344206145,2026-02-28,791,ok,0.00045485019676998553,0.07309641738017002,0.004099177461357351,-0.0003654397542203706,-0.012899621794823684,-0.15715993945438553
CMP015,Duke Energy Corporation,DUK,^GSPC,USD,NYSE,PRIMARY_DIRECT,Raw Materials & Energy,False,2023-05-24,79.6348648071289,4115.240234375,-0.00650130089789791,-0.007318600335353365,0.0008172994374554543,-0.11268090306784373,0.0761217816225388,-0.190721554004606,2026-02-28,791,ok,0.00045485019676998553,0.07309641738017002,0.004099177461357351,-8.011326798165622e-05,-0.006421187629916254,-0.16358112708430178
CMP015,Duke Energy Corporation,DUK,^GSPC,USD,NYSE,PRIMARY_DIRECT,Raw Materials & Energy,False,2023-05-25,78.51311492919922,4151.27978515625,-0.0140861654081601,0.008757581265902425,-0.022843746674062526,-0.1251798266370493,0.08554600557710579,-0.21356530067866852,2026-02-28,791,ok,0.00045485019676998553,0.07309641738017002,0.004099177461357351,0.0010949980122231468,-0.015181163420383247,-0.17876229050468503
CMP015,Duke Energy Corporation,DUK,^GSPC,USD,NYSE,PRIMARY_DIRECT,Raw Materials & Energy,False,2023-05-26,78.34528350830078,4205.4501953125,-0.0021376227532149406,0.01304908677799732,-0.015186709531212261,-0.12704986214460134,0.09971138960538983,-0.22875201020988079,2026-02-28,791,ok,0.00045485019676998553,0.07309641738017002,0.004099177461357351,0.0014086916903245357,-0.003546314443539476,-0.1823086049482245
CMP015,Duke Energy Corporation,DUK,^GSPC,USD,NYSE,PRIMARY_DIRECT,Raw Materials & Energy,False,2023-05-30,77.73584747314453,4205.52001953125,-0.0077788477859255245,1.660326849850513e-05,-0.00779545105442403,-0.1338404083916812,0.09972964840886234,-0.23654746126430481,2026-02-28,791,ok,0.00045485019676998553,0.07309641738017002,0.004099177461357351,0.00045606383621402726,-0.008234911622139551,-0.19054351657036406
CMP015,Duke Energy Corporation,DUK,^GSPC,USD,NYSE,PRIMARY_DIRECT,Raw Materials & Energy,False,2023-05-31,78.86641693115234,4179.830078125,0.014543733615284715,-0.006108624209833935,0.02065235782511865,-0.12124321402300597,0.09301181325431984,-0.21589510343918616,2026-02-28,791,ok,0.00045485019676998553,0.07309641738017002,0.004099177461357351,8.331651909352928e-06,0.014535401963375362,-0.1760081146069887
CMP015,Duke Energy Corporation,DUK,^GSPC,USD,NYSE,PRIMARY_DIRECT,Raw Materials & Energy,False,2023-06-01,77.83299255371094,4221.02001953125,-0.01310347823134339,0.009854453563032717,-0.022957931794376107,-0.1327579844387008,0.10378284741188071,-0.23885303523356227,2026-02-28,791,ok,0.00045485019676998553,0.07309641738017002,0.004099177461357351,0.0011751754474669286,-0.01427865367881032,-0.19028676828579902
CMP015,Duke Energy Corporation,DUK,^GSPC,USD,NYSE,PRIMARY_DIRECT,Raw Materials & Energy,False,2023-06-02,79.21088409423828,4282.3701171875,0.01770318081469746,0.014534424705965554,0.003168756108731907,-0.11740504222711645,0.11982569609932492,-0.23568427912483036,2026-02-28,791,ok,0.00045485019676998553,0.07309641738017002,0.004099177461357351,0.0015172645714578987,0.016185916243239562,-0.17410085204255946
CMP015,Duke Energy Corporation,DUK,^GSPC,USD,NYSE,PRIMARY_DIRECT,Raw Materials & Energy,False,2023-06-05,79.6348648071289,4273.7900390625,0.005352556252070206,-0.0020035816359177394,0.007356137887987946,-0.11268090306784362,0.11758203389919153,-0.22832814123684242,2026-02-28,791,ok,0.00045485019676998553,0.07309641738017002,0.004099177461357351,0.0003083955572556986,0.005044160694814508,-0.16905669134774495
CMP015,Duke Energy Corporation,DUK,^GSPC,USD,NYSE,PRIMARY_DIRECT,Raw Materials & Energy,False,2023-06-06,79.27271270751953,4283.85009765625,-0.004547657618136025,0.0023538963079141606,-0.006901553926050186,-0.11671612651872476,0.12021270612257795,-0.2352296951628926,2026-02-28,791,ok,0.00045485019676998553,0.07309641738017002,0.004099177461357351,0.0006269115837629202,-0.005174569201898945,-0.17423126054964388
CMP015,Duke Energy Corporation,DUK,^GSPC,USD,NYSE,PRIMARY_DIRECT,Raw Materials & Energy,False,2023-06-07,80.88025665283203,4267.52001953125,0.02027865441218868,-0.0038120096998572883,0.024090664112045967,-0.09880431810053858,0.11594244442093538,-0.21113903105084664,2026-02-28,791,ok,0.00045485019676998553,0.07309641738017002,0.004099177461357351,0.00017620594469196053,0.020102448467496717,-0.15412881208214718
CMP015,Duke Energy Corporation,DUK,^GSPC,USD,NYSE,PRIMARY_DIRECT,Raw Materials & Energy,False,2023-06-08,81.26005554199219,4293.93017578125,0.004695817061886931,0.0061886426142414575,-0.0014928255523545264,-0.09457246804137631,0.12284861338751951,-0.21263185660320116,2026-02-28,791,ok,0.00045485019676998553,0.07309641738017002,0.004099177461357351,0.0009072178003172856,0.0037885992615696454,-0.15034021282057752
CMP015,Duke Energy Corporation,DUK,^GSPC,USD,NYSE,PRIMARY_DIRECT,Raw Materials & Energy,False,2023-06-09,80.83609008789062,4298.85986328125,-0.00521739065120963,0.001148059539441082,-0.006365450190650712,-0.09929643718196501,0.1241377104494672,-0.21899730679385188,2026-02-28,791,ok,0.00045485019676998553,0.07309641738017002,0.004099177461357351,0.0005387692360422566,-0.005756159887251887,-0.15609637270782942
CMP015,Duke Energy Corporation,DUK,^GSPC,USD,NYSE,PRIMARY_DIRECT,Raw Materials & Energy,False,2023-06-12,80.72126007080078,4338.93017578125,-0.0014205290850286545,0.009321148810237156,-0.010741677895265811,-0.10057591278993694,0.134615965331766,-0.2297389846891177,2026-02-28,791,ok,0.00045485019676998553,0.07309641738017002,0.004099177461357351,0.0011361927806657558,-0.0025567218656944103,-0.15865309457352383
CMP015,Duke Energy Corporation,DUK,^GSPC,USD,NYSE,PRIMARY_DIRECT,Raw Materials & Energy,False,2023-06-13,80.16481018066406,4369.009765625,-0.006893473784337023,0.006932489951473775,-0.013825963735810798,-0.10677606915612081,0.14248167911021015,-0.24356494842492848,2026-02-28,791,ok,0.00045485019676998553,0.07309641738017002,0.004099177461357351,0.0009615903757467472,-0.007855064160083771,-0.1665081587336076
CMP015,Duke Energy Corporation,DUK,^GSPC,USD,NYSE,PRIMARY_DIRECT,Raw Materials & Energy,False,2023-06-14,80.24430847167969,4372.58984375,0.0009916856390785878,0.0008194255259321714,0.00017226011314641632,-0.10589027181142163,0.14341785776098281,-0.24339268831178207,2026-02-28,791,ok,0.00045485019676998553,0.07309641738017002,0.004099177461357351,0.0005147472670254888,0.00047693837205309893,-0.16603122036155452
CMP015,Duke Energy Corporation,DUK,^GSPC,USD,NYSE,PRIMARY_DIRECT,Raw Materials & Energy,False,2023-06-15,80.98624420166016,4425.83984375,0.00924596079287432,0.01217813742034668,-0.0029321766274723604,-0.09762336832006258,0.15734255756167448,-0.24632486493925443,2026-02-28,791,ok,0.00045485019676998553,0.07309641738017002,0.004099177461357351,0.0013450284125607133,0.007900932380313606,-0.1581302879812409
CMP015,Duke Energy Corporation,DUK,^GSPC,USD,NYSE,PRIMARY_DIRECT,Raw Materials & Energy,False,2023-06-16,81.41902923583984,4409.58984375,0.005343932644932048,-0.0036716195284263176,0.009015552173358365,-0.09280112838000432,0.15309323602625224,-0.23730931276589606,2026-02-28,791,ok,0.00045485019676998553,0.07309641738017002,0.004099177461357351,0.00018646796325895242,0.005157464681673095,-0.1529728232995678
CMP015,Duke Energy Corporation,DUK,^GSPC,USD,NYSE,PRIMARY_DIRECT,Raw Materials & Energy,False,2023-06-20,80.33262634277344,4388.7099609375,-0.013343353553375237,-0.0047351076976228645,-0.008608245855752372,-0.104906203667253,0.14763321536826757,-0.24591755862164844,2026-02-28,791,ok,0.00045485019676998553,0.07309641738017002,0.004099177461357351,0.00010873078816448872,-0.013452084341539725,-0.1664249076411075
CMP015,Duke Energy Corporation,DUK,^GSPC,USD,NYSE,PRIMARY_DIRECT,Raw Materials & Energy,False,2023-06-21,80.95091247558594,4365.68994140625,0.0076965756126821105,-0.005245281583003636,0.012941857195685746,-0.09801704658333532,0.1416135559996532,-0.2329757014259627,2026-02-28,791,ok,0.00045485019676998553,0.07309641738017002,0.004099177461357351,7.143890490223285e-05,0.0076251367077798775,-0.15879977093332764
CMP015,Duke Energy Corporation,DUK,^GSPC,USD,NYSE,PRIMARY_DIRECT,Raw Materials & Energy,False,2023-06-22,80.28846740722656,4381.89013671875,-0.008183293407089898,0.003710798414438443,-0.011894091821528341,-0.10539823773933743,0.14584985377315807,-0.24486979324749103,2026-02-28,791,ok,0.00045485019676998553,0.07309641738017002,0.004099177461357351,0.0007260962664854511,-0.008909389673575348,-0.167709160606903
CMP015,Duke Energy Corporation,DUK,^GSPC,USD,NYSE,PRIMARY_DIRECT,Raw Materials & Energy,False,2023-06-23,79.24620819091797,4348.330078125,-0.012981431206330218,-0.007658808766684566,-0.005322622439645652,-0.11701144897318605,0.137074008867776,-0.2501924156871367,2026-02-28,791,ok,0.00045485019676998553,0.07309641738017002,0.004099177461357351,-0.00010498128547449471,-0.012876449920855723,-0.18058561052775873
CMP015,Duke Energy Corporation,DUK,^GSPC,USD,NYSE,PRIMARY_DIRECT,Raw Materials & Energy,False,2023-06-26,80.23546600341797,4328.81982421875,0.012483345703010906,-0.004486838293256468,0.016970183996267374,-0.10598879763891766,0.13197214166252147,-0.2332222316908693,2026-02-28,791,ok,0.00045485019676998553,0.07309641738017002,0.004099177461357351,0.0001268783921687811,0.012356467310842126,-0.16822914321691662
CMP015,Duke Energy Corporation,DUK,^GSPC,USD,NYSE,PRIMARY_DIRECT,Raw Materials & Energy,False,2023-06-27,79.95282745361328,4378.41015625,-0.0035226136755116544,0.011455854954693034,-0.014978468630204689,-0.10913805372641538,0.14493985033016066,-0.248200700321074,2026-02-28,791,ok,0.00045485019676998553,0.07309641738017002,0.004099177461357351,0.0012922321519849163,-0.004814845827496571,-0.1730439890444132
CMP015,Duke Energy Corporation,DUK,^GSPC,USD,NYSE,PRIMARY_DIRECT,Raw Materials & Energy,False,2023-06-28,78.69860076904297,4376.85986328125,-0.015687083553086123,-0.00035407668843834283,-0.01533300686464778,-0.123113079511874,0.1445344538194946,-0.2635337071857218,2026-02-28,791,ok,0.00045485019676998553,0.07309641738017002,0.004099177461357351,0.00042896845936730803,-0.01611605201245343,-0.18916004105686662
CMP015,Duke Energy Corporation,DUK,^GSPC,USD,NYSE,PRIMARY_DIRECT,Raw Materials & Energy,False,2023-06-29,78.50426483154297,4396.43994140625,-0.0024693696660543774,0.004473544672805918,-0.006942914338860295,-0.12527843747388723,0.1496545798282216,-0.2704766215245821,2026-02-28,791,ok,0.00045485019676998553,0.07309641738017002,0.004099177461357351,0.0007818502853422431,-0.0032512199513966204,-0.19241126100826325
CMP015,Duke Energy Corporation,DUK,^GSPC,USD,NYSE,PRIMARY_DIRECT,Raw Materials & Energy,False,2023-06-30,79.26388549804688,4450.3798828125,0.00967617069128579,0.012269004495714109,-0.0025928338044283183,-0.11681448232753633,0.16375969703665239,-0.2730694553290104,2026-02-28,791,ok,0.00045485019676998553,0.07309641738017002,0.004099177461357351,0.0013516704702278863,0.008324500221057903,-0.18408676078720534
CMP015,Duke Energy Corporation,DUK,^GSPC,USD,NYSE,PRIMARY_DIRECT,Raw Materials & Energy,False,2023-07-03,80.12947082519531,4455.58984375,0.010920298969822273,0.0011706778016009611,0.009749621168221312,-0.10716983242873579,0.16512208468037115,-0.2633198341607891,2026-02-28,791,ok,0.00045485019676998553,0.07309641738017002,0.004099177461357351,0.0005404225499735093,0.010379876419848763,-0.1737068843673566
CMP015,Duke Energy Corporation,DUK,^GSPC,USD,NYSE,PRIMARY_DIRECT,Raw Materials & Energy,False,2023-07-05,80.91558837890625,4446.81982421875,0.009810592103196125,-0.0019683184132291975,0.011778910516425323,-0.09841063983726583,0.16282875342743486,-0.25154092364436376,2026-02-28,791,ok,0.00045485019676998553,0.07309641738017002,0.004099177461357351,0.00031097317249951015,0.009499618930696615,-0.16420726543665998
CMP015,Duke Energy Corporation,DUK,^GSPC,USD,NYSE,PRIMARY_DIRECT,Raw Materials & Energy,False,2023-07-06,79.98815155029297,4411.58984375,-0.011461781928475134,-0.007922511336500904,-0.0035392705919742307,-0.10874446047248454,0.15361622944599684,-0.255080194236338,2026-02-28,791,ok,0.00045485019676998553,0.07309641738017002,0.004099177461357351,-0.00012425699858201308,-0.01133752492989312,-0.1755447903665531
CMP015,Duke Energy Corporation,DUK,^GSPC,USD,NYSE,PRIMARY_DIRECT,Raw Materials & Energy,False,2023-07-07,79.2903823852539,4398.9501953125,-0.008723406548535317,-0.0028651005386203243,-0.005858306009914993,-0.11651924488241727,0.15031100296565003,-0.260938500246253,2026-02-28,791,ok,0.00045485019676998553,0.07309641738017002,0.004099177461357351,0.00024542161196284434,-0.008968828160498162,-0.18451361852705125
CMP015,Duke Energy Corporation,DUK,^GSPC,USD,NYSE,PRIMARY_DIRECT,Raw Materials & Energy,False,2023-07-10,78.80458068847656,4409.52978515625,-0.006126867876824482,0.002405026057131332,-0.008531893933955814,-0.12193221474073979,0.15307753090158727,-0.2694703941802088,2026-02-28,791,ok,0.00045485019676998553,0.07309641738017002,0.004099177461357351,0.000630648985252242,-0.006757516862076724,-0.191271135389128
CMP015,Duke Energy Corporation,DUK,^GSPC,USD,NYSE,PRIMARY_DIRECT,Raw Materials & Energy,False,2023-07-11,80.27079772949219,4439.259765625,0.01860573367951468,0.0067422110558885695,0.01186352262362611,-0.1055951193756447,0.16085182297872858,-0.2576068715565827,2026-02-28,791,ok,0.00045485019676998553,0.07309641738017002,0.004099177461357351,0.0009476816701764132,0.017658052009338267,-0.17361308337978973
CMP015,Duke Energy Corporation,DUK,^GSPC,USD,NYSE,PRIMARY_DIRECT,Raw Materials & Energy,False,2023-07-12,81.57801818847656,4472.16015625,0.016285131030958855,0.007411233485312474,0.008873897545646381,-0.09102961869994797,0.16945516688067452,-0.2487329740109363,2026-02-28,791,ok,0.00045485019676998553,0.07309641738017002,0.004099177461357351,0.0009965848129142782,0.015288546218044577,-0.15832453716174516
CMP015,Duke Energy Corporation,DUK,^GSPC,USD,NYSE,PRIMARY_DIRECT,Raw Materials & Energy,False,2023-07-13,82.4171142578125,4510.0400390625,0.010285810907998627,0.008470153458069118,0.0018156574499295086,-0.08168012123692425,0.17936063160648574,-0.2469173165610068,2026-02-28,791,ok,0.00045485019676998553,0.07309641738017002,0.004099177461357351,0.0010739880692150962,0.00921182283878353,-0.14911271432296164
CMP015,Duke Energy Corporation,DUK,^GSPC,USD,NYSE,PRIMARY_DIRECT,Raw Materials & Energy,False,2023-07-14,82.15216064453125,4505.419921875,-0.0032147887689010224,-0.0010244071333035398,-0.0021903816355974826,-0.08463232566943035,0.1781524861627306,-0.24910769819660428,2026-02-28,791,ok,0.00045485019676998553,0.07309641738017002,0.004099177461357351,0.00037996970538680655,-0.003594758474287829,-0.15270747279724947
CMP015,Duke Energy Corporation,DUK,^GSPC,USD,NYSE,PRIMARY_DIRECT,Raw Materials & Energy,False,2023-07-17,81.06574249267578,4522.7900390625,-0.013224462306674512,0.0038553825145495324,-0.017079844821224044,-0.09673757097536329,0.18269471465735543,-0.2661875430178283,2026-02-28,791,ok,0.00045485019676998553,0.07309641738017002,0.004099177461357351,0.0007366648462137076,-0.01396112715288822,-0.1666685999501377
CMP015,Duke Energy Corporation,DUK,^GSPC,USD,NYSE,PRIMARY_DIRECT,Raw Materials & Energy,False,2023-07-18,80.29728698730469,4554.97998046875,-0.009479411175941865,0.007117275205842377,-0.016596686381784242,-0.10529996693986787,0.19111227842606704,-0.28278422939961256,2026-02-28,791,ok,0.00045485019676998553,0.07309641738017002,0.004099177461357351,0.0009750975158257754,-0.010454508691767641,-0.17712310864190534
CMP015,Duke Energy Corporation,DUK,^GSPC,USD,NYSE,PRIMARY_DIRECT,Raw Materials & Energy,False,2023-07-19,80.95091247558594,4565.72021484375,0.008140069394680705,0.002357910335732072,0.005782159058948633,-0.09801704658333532,0.19392081437838526,-0.27700207034066393,2026-02-28,791,ok,0.00045485019676998553,0.07309641738017002,0.004099177461357351,0.0006272049948156739,0.007512864399865031,-0.1696102442420403
CMP015,Duke Energy Corporation,DUK,^GSPC,USD,NYSE,PRIMARY_DIRECT,Raw Materials & Energy,False,2023-07-20,82.31997680664062,4534.8701171875,0.01691227793717065,-0.006756896218903741,0.02366917415607439,-0.08276246018056266,0.18585361534204137,-0.25333289618458954,2026-02-28,791,ok,0.00045485019676998553,0.07309641738017002,0.004099177461357351,-3.905470944149498e-05,0.016951332646612145,-0.15265891159542816
CMP015,Duke Energy Corporation,DUK,^GSPC,USD,NYSE,PRIMARY_DIRECT,Raw Materials & Energy,False,2023-07-21,83.71551513671875,4536.33984375,0.016952608397303948,0.0003240945218980773,0.01662851387540587,-0.0672128913606973,0.18623794400254678,-0.23670438230918367,2026-02-28,791,ok,0.00045485019676998553,0.07309641738017002,0.004099177461357351,0.00047854034521327405,0.016474068052090673,-0.13618484354333749
CMP015,Duke Energy Corporation,DUK,^GSPC,USD,NYSE,PRIMARY_DIRECT,Raw Materials & Energy,False,2023-07-24,83.70668029785156,4554.64013671875,-0.00010553406800106746,0.004034153877153557,-0.004139687945154624,-0.06731133217885099,0.1910234104035713,-0.2408440702543383,2026-02-28,791,ok,0.00045485019676998553,0.07309641738017002,0.004099177461357351,0.0007497323923502331,-0.0008552664603513005,-0.1370401100036888
CMP015,Duke Energy Corporation,DUK,^GSPC,USD,NYSE,PRIMARY_DIRECT,Raw Materials & Energy,False,2023-07-25,84.1659927368164,4567.4599609375,0.005487165866935317,0.002814673351556163,0.0026724925153791546,-0.06219351475630541,0.1943757522579137,-0.23817157773895914,2026-02-28,791,ok,0.00045485019676998553,0.07309641738017002,0.004099177461357351,0.0006605927348641769,0.00482657313207114,-0.13221353687161766
CMP015,Duke Energy Corporation,DUK,^GSPC,USD,NYSE,PRIMARY_DIRECT,Raw Materials & Energy,False,2023-07-26,84.40445709228516,4566.75,0.0028332625531362066,-0.00015543889679858758,0.002988701449934794,-0.059536462759576136,0.19419009980861968,-0.23518287628902435,2026-02-28,791,ok,0.00045485019676998553,0.07309641738017002,0.004099177461357351,0.0004434881702924828,0.0023897743828437236,-0.12982376248877395
CMP015,Duke Energy Corporation,DUK,^GSPC,USD,NYSE,PRIMARY_DIRECT,Raw Materials & Energy,False,2023-07-27,83.41519927978516,4537.41015625,-0.011720445182395678,-0.006424666064487883,-0.005295779117907795,-0.07055911409384441,0.1865178271998318,-0.24047865540693214,2026-02-28,791,ok,0.00045485019676998553,0.07309641738017002,0.004099177461357351,-1.476987540803505e-05,-0.011705675306987642,-0.1415294377957616
CMP015,Duke Energy Corporation,DUK,^GSPC,USD,NYSE,PRIMARY_DIRECT,Raw Materials & Energy,False,2023-07-28,82.44361877441406,4582.22998046875,-0.011647523637895896,0.009877842794752345,-0.02152536643264824,-0.0813847987824633,0.1982380637700829,-0.2620040218395804,2026-02-28,791,ok,0.00045485019676998553,0.07309641738017002,0.004099177461357351,0.001176885116510908,-0.012824408754406803,-0.1543538465501684
CMP015,Duke Energy Corporation,DUK,^GSPC,USD,NYSE,PRIMARY_DIRECT,Raw Materials & Energy,False,2023-07-31,82.6909408569336,4588.9599609375,0.0029998935781345715,0.0014687129405193122,0.0015311806376152592,-0.07862905093955397,0.19999793152016476,-0.2604728412019651,2026-02-28,791,ok,0.00045485019676998553,0.07309641738017002,0.004099177461357351,0.000562207850881842,0.0024376857272527296,-0.15191616082291567
CMP015,Duke Energy Corporation,DUK,^GSPC,USD,NYSE,PRIMARY_DIRECT,Raw Materials & Energy,False,2023-08-01,81.39254760742188,4576.72998046875,-0.015701759298616724,-0.002665087639215691,-0.013036671659401033,-0.09309619580643913,0.19679983186578598,-0.27350951286136616,2026-02-28,791,ok,0.00045485019676998553,0.07309641738017002,0.004099177461357351,0.00026004183833914347,-0.015961801136955868,-0.16787796195987154
CMP015,Duke Energy Corporation,DUK,^GSPC,USD,NYSE,PRIMARY_DIRECT,Raw Materials & Energy,False,2023-08-02,81.72817993164062,4513.39013671875,0.0041236247553964045,-0.013839541336347905,0.01796316609174431,-0.08935646482870341,0.18023667112134523,-0.25554634676962185,2026-02-28,791,ok,0.00045485019676998553,0.07309641738017002,0.004099177461357351,-0.0005567706931018168,0.004680395448498222,-0.16319756651137332
CMP015,Duke Energy Corporation,DUK,^GSPC,USD,NYSE,PRIMARY_DIRECT,Raw Materials & Energy,False,2023-08-03,79.82035064697266,4501.89013671875,-0.023343591968690847,-0.0025479738404268204,-0.020795618128264026,-0.11061415594266832,0.1772294589578156,-0.2763419648978859,2026-02-28,791,ok,0.00045485019676998553,0.07309641738017002,0.004099177461357351,0.0002686024374563919,-0.023612194406147237,-0.18680976091752055
CMP015,Duke Energy Corporation,DUK,^GSPC,USD,NYSE,PRIMARY_DIRECT,Raw Materials & Energy,False,2023-08-04,79.01657104492188,4478.02978515625,-0.01006985806922489,-0.005300074155050516,-0.004769783914174375,-0.11957014516110342,0.1709900555278292,-0.28111174881206025,2026-02-28,791,ok,0.00045485019676998553,0.07309641738017002,0.004099177461357351,6.743376418656108e-05,-0.010137291833411452,-0.196947052750932
CMP015,Duke Energy Corporation,DUK,^GSPC,USD,NYSE,PRIMARY_DIRECT,Raw Materials & Energy,False,2023-08-07,79.1932373046875,4518.43994140625,0.0022358127849559928,0.00902409277936278,-0.006788279994406787,-0.11760166883539769,0.18155717843262353,-0.28790002880646703,2026-02-28,791,ok,0.00045485019676998553,0.07309641738017002,0.004099177461357351,0.001114479049047666,0.0011213337359083269,-0.19582571901502366
CMP015,Duke Energy Corporation,DUK,^GSPC,USD,NYSE,PRIMARY_DIRECT,Raw Materials & Energy,False,2023-08-08,81.37486267089844,4499.3798828125,0.027548127093445673,-0.004218283044793103,0.031766410138238776,-0.09329324746143086,0.17657303582038764,-0.25613361866822826,2026-02-28,791,ok,0.00045485019676998553,0.07309641738017002,0.004099177461357351,0.00014650881870009448,0.02740161827474558,-0.16842410074027808
CMP015,Duke Energy Corporation,DUK,^GSPC,USD,NYSE,PRIMARY_DIRECT,Raw Materials & Energy,False,2023-08-09,81.98432922363281,4467.7099609375,0.007489616974214908,-0.007038730380597102,0.01452834735481201,-0.08650236117698273,0.16829145544816737,-0.24160527131341625,2026-02-28,791,ok,0.00045485019676998553,0.07309641738017002,0.004099177461357351,-5.965577695662321e-05,0.0075492727511715305,-0.16087482798910654
CMP015,Duke Energy Corporation,DUK,^GSPC,USD,NYSE,PRIMARY_DIRECT,Raw Materials & Energy,False,2023-08-10,82.06382751464844,4468.830078125,0.0009696766658757738,0.00025071394456976925,0.0007189627213060046,-0.08561656383228344,0.16858436240736996,-0.24088630859211024,2026-02-28,791,ok,0.00045485019676998553,0.07309641738017002,0.004099177461357351,0.00047317648790528617,0.0004965001779704877,-0.16037832781113606
CMP015,Duke Energy Corporation,DUK,^GSPC,USD,NYSE,PRIMARY_DIRECT,Raw Materials & Energy,False,2023-08-11,82.86758422851562,4464.0498046875,0.009794287424915948,-0.0010696923700230787,0.010863979794939027,-0.0766608296418746,0.16733433663117459,-0.23002232879717122,2026-02-28,791,ok,0.00045485019676998553,0.07309641738017002,0.004099177461357351,0.0003766595168223953,0.009417627908093553,-0.1509606999030425
CMP015,Duke Energy Corporation,DUK,^GSPC,USD,NYSE,PRIMARY_DIRECT,Raw Materials & Energy,False,2023-08-14,81.95782470703125,4489.72021484375,-0.010978472824495822,0.005750475751703066,-0.016728948576198888,-0.0867976836314438,0.17404706442810247,-0.2467512773733701,2026-02-28,791,ok,0.00045485019676998553,0.07309641738017002,0.004099177461357351,0.0008751893724510197,-0.011853662196946842,-0.16281436209998934
CMP015,Duke Energy Corporation,DUK,^GSPC,USD,NYSE,PRIMARY_DIRECT,Raw Materials & Energy,False,2023-08-15,80.76542663574219,4437.85986328125,-0.014548922882610005,-0.011550909428841738,-0.0029980134537682668,-0.10008379370851073,0.16048575312169588,-0.24974929082713837,2026-02-28,791,ok,0.00045485019676998553,0.07309641738017002,0.004099177461357351,-0.0003894798999611714,-0.014159442982648833,-0.17697380508263819
CMP015,Duke Energy Corporation,DUK,^GSPC,USD,NYSE,PRIMARY_DIRECT,Raw Materials & Energy,False,2023-08-16,80.99507141113281,4404.330078125,0.002843354947239307,-0.007555395210577687,0.010398750157816994,-0.09752501251125101,0.15171782462061656,-0.23935054066932138,2026-02-28,791,ok,0.00045485019676998553,0.07309641738017002,0.004099177461357351,-9.742212501453855e-05,0.0029407770722538456,-0.17403302801038434
CMP015,Duke Energy Corporation,DUK,^GSPC,USD,NYSE,PRIMARY_DIRECT,Raw Materials & Energy,False,2023-08-17,81.01741027832031,4370.35986328125,0.00027580526565751384,-0.007712913029036983,0.007988718294694497,-0.09727610515757745,0.14283472520532614,-0.23136182237462688,2026-02-28,791,ok,0.00045485019676998553,0.07309641738017002,0.004099177461357351,-0.00010893611321745311,0.00038474137887496696,-0.17364828663150939
CMP015,Duke Energy Corporation,DUK,^GSPC,USD,NYSE,PRIMARY_DIRECT,Raw Materials & Energy,False,2023-08-18,81.46402740478516,4369.7099609375,0.005512606795632813,-0.00014870682600087726,0.00566131362163369,-0.092299743280289,0.1426647778806973,-0.2257005087529932,2026-02-28,791,ok,0.00045485019676998553,0.07309641738017002,0.004099177461357351,0.0004439802605493451,0.005068626535083468,-0.16857966009642592
CMP015,Duke Energy Corporation,DUK,^GSPC,USD,NYSE,PRIMARY_DIRECT,Raw Materials & Energy,False,2023-08-21,80.06163024902344,4399.77001953125,-0.017214925414789195,0.006879188518795987,-0.02409411393358518,-0.10792573549870388,0.15052538430152684,-0.24979462268657837,2026-02-28,791,ok,0.00045485019676998553,0.07309641738017002,0.004099177461357351,0.0009576942319767705,-0.018172619646765965,-0.1867522797431919
CMP015,Duke Energy Corporation,DUK,^GSPC,USD,NYSE,PRIMARY_DIRECT,Raw Materials & Energy,False,2023-08-22,80.02589416503906,4387.5498046875,-0.0004463571859980586,-0.002777466728829614,0.0023311095428315554,-0.10832391925710794,0.14732983832595536,-0.24746351314374682,2026-02-28,791,ok,0.00045485019676998553,0.07309641738017002,0.004099177461357351,0.00025182732949992055,-0.0006981845154979792,-0.18745046425868986
CMP015,Duke Energy Corporation,DUK,^GSPC,USD,NYSE,PRIMARY_DIRECT,Raw Materials & Energy,False,2023-08-23,80.69583892822266,4436.009765625,0.00837159984494451,0.011044879965972587,-0.0026732801210280766,-0.10085916391782002,0.16000195867164435,-0.2501367932647749,2026-02-28,791,ok,0.00045485019676998553,0.07309641738017002,0.004099177461357351,0.0012621913526765958,0.007109408492267915,-0.18034105576642195
CMP015,Duke Energy Corporation,DUK,^GSPC,USD,NYSE,PRIMARY_DIRECT,Raw Materials & Energy,False,2023-08-24,80.38321685791016,4376.31005859375,-0.0038740791900133686,-0.013457974663146133,0.009583895473132764,-0.10434250671977718,0.14439068170264147,-0.24055289779164213,2026-02-28,791,ok,0.00045485019676998553,0.07309641738017002,0.004099177461357351,-0.0005288795362990971,-0.0033451996537142716,-0.18368625542013622
CMP015,Duke Energy Corporation,DUK,^GSPC,USD,NYSE,PRIMARY_DIRECT,Raw Materials & Energy,False,2023-08-25,80.91021728515625,4405.7099609375,0.0065561002389049605,0.006717966037625089,-0.00016186579872012885,-0.09847048641410572,0.15207865943609433,-0.24071476359036226,2026-02-28,791,ok,0.00045485019676998553,0.07309641738017002,0.004099177461357351,0.000945909446202036,0.005610190792702924,-0.1780760646274333
CMP015,Duke Energy Corporation,DUK,^GSPC,USD,NYSE,PRIMARY_DIRECT,Raw Materials & Energy,False,2023-08-28,80.41000366210938,4433.31005859375,-0.00618232949843589,0.006264619755036449,-0.01244694925347234,-0.1040440389196583,0.15929599416535356,-0.2531617128438346,2026-02-28,791,ok,0.00045485019676998553,0.07309641738017002,0.004099177461357351,0.0009127714571121883,-0.007095100955548078,-0.18517116558298138
CMP015,Duke Energy Corporation,DUK,^GSPC,USD,NYSE,PRIMARY_DIRECT,Raw Materials & Energy,False,2023-08-29,80.65117645263672,4497.6298828125,0.0029992883912899337,0.01450830719454621,-0.011509018803256277,-0.101356808606483,0.17611541657811136,-0.2646707316470909,2026-02-28,791,ok,0.00045485019676998553,0.07309641738017002,0.004099177461357351,0.001515355474942259,0.0014839329163476747,-0.1836872326666337
CMP015,Duke Energy Corporation,DUK,^GSPC,USD,NYSE,PRIMARY_DIRECT,Raw Materials & Energy,False,2023-08-30,80.34746551513672,4514.8701171875,-0.003765734746328908,0.003833182103508026,-0.007598916849836934,-0.10474086049686548,0.18062368114459848,-0.2722696484969278,2026-02-28,791,ok,0.00045485019676998553,0.07309641738017002,0.004099177461357351,0.0007350420757022062,-0.004500776822031115,-0.18818800948866482
CMP015,Duke Energy Corporation,DUK,^GSPC,USD,NYSE,PRIMARY_DIRECT,Raw Materials & Energy,False,2023-08-31,79.32024383544922,4507.66015625,-0.012784742780641678,-0.0015969365120942491,-0.011187806268547429,-0.11618651831743165,0.17873830008113556,-0.28345745476547524,2026-02-28,791,ok,0.00045485019676998553,0.07309641738017002,0.004099177461357351,0.00033811985895231136,-0.01312286263959399,-0.20131087212825882
CMP015,Duke Energy Corporation,DUK,^GSPC,USD,NYSE,PRIMARY_DIRECT,Raw Materials & Energy,False,2023-09-01,78.54310607910156,4515.77001953125,-0.009797470592246782,0.0017991292600010311,-0.011596599852247813,-0.12484565491324784,0.1808590026466954,-0.29505405461772305,2026-02-28,791,ok,0.00045485019676998553,0.07309641738017002,0.004099177461357351,0.0005863601000798973,-0.010383830692326679,-0.2116947028205855
CMP015,Duke Energy Corporation,DUK,^GSPC,USD,NYSE,PRIMARY_DIRECT,Raw Materials & Energy,False,2023-09-05,77.39977264404297,4496.830078125,-0.014556763694920982,-0.004194177587506065,-0.010362586107414917,-0.13758506991125907,0.1759062702837899,-0.30541664072513797,2026-02-28,791,ok,0.00045485019676998553,0.07309641738017002,0.004099177461357351,0.00014827084126708766,-0.01470503453618807,-0.22639973735677357
CMP015,Duke Energy Corporation,DUK,^GSPC,USD,NYSE,PRIMARY_DIRECT,Raw Materials & Energy,False,2023-09-06,78.15007019042969,4465.47998046875,0.00969379522388647,-0.006971599351452862,0.016665394575339332,-0.1292249961809564,0.16770832289251003,-0.28875124614979863,2026-02-28,791,ok,0.00045485019676998553,0.07309641738017002,0.004099177461357351,-5.474873923113548e-05,0.009748543963117605,-0.21665119339365596
CMP015,Duke Energy Corporation,DUK,^GSPC,USD,NYSE,PRIMARY_DIRECT,Raw Materials & Energy,False,2023-09-07,79.85618591308594,4451.14013671875,0.021831275627762325,-0.0032112659361860363,0.02504254156394836,-0.11021486706281702,0.1639585009318043,-0.2637087045858503,2026-02-28,791,ok,0.00045485019676998553,0.07309641738017002,0.004099177461357351,0.0002201181615798086,0.021611157466182515,-0.19504003592747343
CMP015,Duke Energy Corporation,DUK,^GSPC,USD,NYSE,PRIMARY_DIRECT,Raw Materials & Energy,False,2023-09-08,81.3032455444336,4457.490234375,0.01812082075798882,0.0014266227216406246,0.016694198036348196,-0.09409123015573906,0.16561903057628036,-0.24701450654950208,2026-02-28,791,ok,0.00045485019676998553,0.07309641738017002,0.004099177461357351,0.0005591312066750627,0.017561689551313757,-0.17747834637615967
CMP015,Duke Energy Corporation,DUK,^GSPC,USD,NYSE,PRIMARY_DIRECT,Raw Materials & Energy,False,2023-09-11,81.98211669921875,4487.4599609375,0.008349865374244425,0.006723453106275201,0.0016264122679692239,-0.0865270138861921,0.17345601546814193,-0.24538809428153285,2026-02-28,791,ok,0.00045485019676998553,0.07309641738017002,0.004099177461357351,0.0009463105312622782,0.007403554842982147,-0.17007479153317753
CMP015,Duke Energy Corporation,DUK,^GSPC,USD,NYSE,PRIMARY_DIRECT,Raw Materials & Energy,False,2023-09-12,82.28581237792969,4461.89990234375,0.003704413729949785,-0.005695885604828921,0.009400299334778706,-0.08314313201449386,0.16677214424173714,-0.23598779494675415,2026-02-28,791,ok,0.00045485019676998553,0.07309641738017002,0.004099177461357351,3.85013652497086e-05,0.003665912364700076,-0.16640887916847746
CMP015,Duke Energy Corporation,DUK,^GSPC,USD,NYSE,PRIMARY_DIRECT,Raw Materials & Energy,False,2023-09-13,83.85794830322266,4467.43994140625,0.01910579576066307,0.0012416323054647016,0.017864163455198367,-0.06562585195300152,0.1682208462291439,-0.21812363149155578,2026-02-28,791,ok,0.00045485019676998553,0.07309641738017002,0.004099177461357351,0.0005456090700029361,0.018560186690660133,-0.14784869247781735
CMP015,Duke Energy Corporation,DUK,^GSPC,USD,NYSE,PRIMARY_DIRECT,Raw Materials & Energy,False,2023-09-14,85.26031494140625,4505.10009765625,0.016723121261120744,0.00842991886716793,0.008293202393952814,-0.050000199771955134,0.17806885318178978,-0.20983042909760297,2026-02-28,791,ok,0.00045485019676998553,0.07309641738017002,0.004099177461357351,0.0010710470647654624,0.01565207419635528,-0.13219661828146206
CMP015,Duke Energy Corporation,DUK,^GSPC,USD,NYSE,PRIMARY_DIRECT,Raw Materials & Energy,False,2023-09-15,85.01914978027344,4450.31982421875,-0.002828574598845335,-0.012159612938677844,0.00933103833983251,-0.05268734507578832,0.16374399191198719,-0.20049939075777046,2026-02-28,791,ok,0.00045485019676998553,0.07309641738017002,0.004099177461357351,-0.0004339739457769259,-0.002394600653068409,-0.13459121893453047
CMP015,Duke Energy Corporation,DUK,^GSPC,USD,NYSE,PRIMARY_DIRECT,Raw Materials & Energy,False,2023-09-18,84.8226318359375,4453.52978515625,-0.0023114550644628418,0.0007212876971294246,-0.0030327427615922664,-0.05487701570964265,0.16458338613596157,-0.20353213351936272,2026-02-28,791,ok,0.00045485019676998553,0.07309641738017002,0.004099177461357351,0.0005075737433305396,-0.002819028807793381,-0.13741024774232385
CMP015,Duke Energy Corporation,DUK,^GSPC,USD,NYSE,PRIMARY_DIRECT,Raw Materials & Energy,False,2023-09-19,83.82220458984375,4443.9501953125,-0.011794343377941385,-0.002151010615372817,-0.009643332762568568,-0.06602412072074781,0.1620783549098963,-0.2131754662819313,2026-02-28,791,ok,0.00045485019676998553,0.07309641738017002,0.004099177461357351,0.0002976190270395177,-0.012091962404980902,-0.14950221014730475
CMP015,Duke Energy Corporation,DUK,^GSPC,USD,NYSE,PRIMARY_DIRECT,Raw Materials & Energy,False,2023-09-20,84.29561614990234,4402.2001953125,0.005647806119811305,-0.0093947947580596,0.015042600877870904,-0.06074920603399836,0.15116086727273426,-0.1981328654040604,2026-02-28,791,ok,0.00045485019676998553,0.07309641738017002,0.004099177461357351,-0.00023187564206617235,0.005879681761877477,-0.14362252838542727
CMP015,Duke Energy Corporation,DUK,^GSPC,USD,NYSE,PRIMARY_DIRECT,Raw Materials & Energy,False,2023-09-21,83.4381103515625,4330.0,-0.01017260253267438,-0.01640093410321941,0.0062283315705450315,-0.07030383103951332,0.13228075374638926,-0.19190453383351536,2026-02-28,791,ok,0.00045485019676998553,0.07309641738017002,0.004099177461357351,-0.000743999327863605,-0.009428603204810775,-0.15305113159023806
CMP015,Duke Energy Corporation,DUK,^GSPC,USD,NYSE,PRIMARY_DIRECT,Raw Materials & Energy,False,2023-09-22,83.36664581298828,4320.06005859375,-0.0008564975677554099,-0.002295598477193961,0.001439100909438551,-0.07110011354697954,0.129681491772333,-0.1904654329240768,2026-02-28,791,ok,0.00045485019676998553,0.07309641738017002,0.004099177461357351,0.0002870501723437331,-0.001143547740099143,-0.1541946793303372
CMP015,Duke Energy Corporation,DUK,^GSPC,USD,NYSE,PRIMARY_DIRECT,Raw Materials & Energy,False,2023-09-25,83.34877014160156,4337.43994140625,-0.00021442234136204164,0.0040230650909416354,-0.004237487432303677,-0.07129929043552374,0.13422627394576514,-0.19470292035638048,2026-02-28,791,ok,0.00045485019676998553,0.07309641738017002,0.004099177461357351,0.0007489218418050469,-0.0009633441831670886,-0.1551580235135043
CMP015,Duke Energy Corporation,DUK,^GSPC,USD,NYSE,PRIMARY_DIRECT,Raw Materials & Energy,False,2023-09-26,81.392578125,4273.52978515625,-0.023469956584580398,-0.014734533990868215,-0.008735422593712183,-0.09309585576907098,0.11751397835897537,-0.20343834295009267,2026-02-28,791,ok,0.00045485019676998553,0.07309641738017002,0.004099177461357351,-0.0006221914497288196,-0.022847765134851577,-0.17800578864835587
CMP015,Duke Energy Corporation,DUK,^GSPC,USD,NYSE,PRIMARY_DIRECT,Raw Materials & Energy,False,2023-09-27,80.4725341796875,4274.509765625,-0.011303781825162562,0.00022931406074522265,-0.011533095885907785,-0.10334730235179312,0.11777024002729242,-0.21497143883600045,2026-02-28,791,ok,0.00045485019676998553,0.07309641738017002,0.004099177461357351,0.00047161223306536,-0.011775394058227922,-0.18978118270658378
CMP015,Duke Energy Corporation,DUK,^GSPC,USD,NYSE,PRIMARY_DIRECT,Raw Materials & Energy,False,2023-09-28,79.21305847167969,4299.7001953125,-0.01565100093897287,0.005893173970516585,-0.021544174909489455,-0.1173808145646178,0.12435745451083924,-0.2365156137454899,2026-02-28,791,ok,0.00045485019676998553,0.07309641738017002,0.004099177461357351,0.0008856201010128196,-0.01653662103998569,-0.20631780374656947
CMP015,Duke Energy Corporation,DUK,^GSPC,USD,NYSE,PRIMARY_DIRECT,Raw Materials & Energy,False,2023-09-29,78.83788299560547,4288.0498046875,-0.004736283174930689,-0.002709582086142026,-0.0020267010887886627,-0.12156114896246639,0.12131091569367647,-0.23854231483427857,2026-02-28,791,ok,0.00045485019676998553,0.07309641738017002,0.004099177461357351,0.0002567894536755162,-0.004993072628606205,-0.21131087637517568
CMP015,Duke Energy Corporation,DUK,^GSPC,USD,NYSE,PRIMARY_DIRECT,Raw Materials & Energy,False,2023-10-02,76.31893157958984,4288.39013671875,-0.031951028113680224,7.936755559079245e-05,-0.03203039566927102,-0.14962817338811563,0.1213999114001123,-0.2705727105035496,2026-02-28,791,ok,0.00045485019676998553,0.07309641738017002,0.004099177461357351,0.00046065168073989394,-0.03241167979442012,-0.2437225561695958
CMP015,Duke Energy Corporation,DUK,^GSPC,USD,NYSE,PRIMARY_DIRECT,Raw Materials & Energy,False,2023-10-03,76.60476684570312,4229.4501953125,0.003745273422953943,-0.013744071674259506,0.01748934509721345,-0.14644329838627734,0.10598731064232081,-0.25308336540633614,2026-02-28,791,ok,0.00045485019676998553,0.07309641738017002,0.004099177461357351,-0.0005497922028346595,0.004295065625788602,-0.2394274905438072
CMP015,Duke Energy Corporation,DUK,^GSPC,USD,NYSE,PRIMARY_DIRECT,Raw Materials & Energy,False,2023-10-04,76.92635345458984,4263.75,0.004197997358760475,0.008109754957160709,-0.003911757598400234,-0.14286006960735065,0.11495659671735914,-0.25699512300473637,2026-02-28,791,ok,0.00045485019676998553,0.07309641738017002,0.004099177461357351,0.0010476442299695075,0.0031503531287909673,-0.23627713741501621
CMP015,Duke Energy Corporation,DUK,^GSPC,USD,NYSE,PRIMARY_DIRECT,Raw Materials & Energy,False,2023-10-05,76.35467529296875,4258.18994140625,-0.007431499557021937,-0.001304030159777203,-0.006127469397244734,-0.14922990462036945,0.11350265968839723,-0.2631225924019811,2026-02-28,791,ok,0.00045485019676998553,0.07309641738017002,0.004099177461357351,0.00035953026393458127,-0.007791029820956518,-0.24406816723597274
CMP015,Duke Energy Corporation,DUK,^GSPC,USD,NYSE,PRIMARY_DIRECT,Raw Materials & Energy,False,2023-10-06,77.64094543457031,4308.5,0.01684599059148928,0.011814893014644445,0.005031097576844834,-0.13489783959808377,0.12665857448413775,-0.25809149482513627,2026-02-28,791,ok,0.00045485019676998553,0.07309641738017002,0.004099177461357351,0.001318476547870491,0.015527514043618788,-0.22854065319235395
CMP015,Duke Energy Corporation,DUK,^GSPC,USD,NYSE,PRIMARY_DIRECT,Raw Materials & Energy,False,2023-10-09,78.81108856201172,4335.66015625,0.015071211728449496,0.00630385429964031,0.008767357428809186,-0.1218597017719274,0.1337608659831262,-0.24932413739632708,2026-02-28,791,ok,0.00045485019676998553,0.07309641738017002,0.004099177461357351,0.000915639361760273,0.014155572366689222,-0.21438508082566474
CMP015,Duke Energy Corporation,DUK,^GSPC,USD,NYSE,PRIMARY_DIRECT,Raw Materials & Energy,False,2023-10-10,79.44530487060547,4358.240234375,0.008047297914109075,0.005207990781392224,0.0028393071327168506,-0.11479304518170153,0.13966548212146956,-0.24648483026361023,2026-02-28,791,ok,0.00045485019676998553,0.07309641738017002,0.004099177461357351,0.0008355356646387094,0.007211762249470365,-0.20717331857619437
CMP015,Duke Energy Corporation,DUK,^GSPC,USD,NYSE,PRIMARY_DIRECT,Raw Materials & Energy,False,2023-10-11,80.27600860595703,4376.9501953125,0.010456297407437143,0.00429300817103373,0.006163289236403413,-0.10553705799498958,0.1445580753484621,-0.24032154102720682,2026-02-28,791,ok,0.00045485019676998553,0.07309641738017002,0.004099177461357351,0.0007686537138563473,0.009687643693580796,-0.19748567488261357
CMP015,Duke Energy Corporation,DUK,^GSPC,USD,NYSE,PRIMARY_DIRECT,Raw Materials & Energy,False,2023-10-12,78.63243865966797,4349.60986328125,-0.020473986871428762,-0.00624643434611849,-0.014227552525310272,-0.12385028052657976,0.13740866847547828,-0.2545490935525171,2026-02-28,791,ok,0.00045485019676998553,0.07309641738017002,0.004099177461357351,-1.7417753317210084e-06,-0.02047224509609704,-0.2179579199787106
CMP015,Duke Energy Corporation,DUK,^GSPC,USD,NYSE,PRIMARY_DIRECT,Raw Materials & Energy,False,2023-10-13,79.21305847167969,4327.77978515625,0.007383973102051744,-0.005018858888767519,0.012402831990819263,-0.1173808145646178,0.131700174869539,-0.24214626156169783,2026-02-28,791,ok,0.00045485019676998553,0.07309641738017002,0.004099177461357351,8.79895926644587e-05,0.007295983509387286,-0.21066193646932332
CMP015,Duke Energy Corporation,DUK,^GSPC,USD,NYSE,PRIMARY_DIRECT,Raw Materials & Energy,False,2023-10-16,79.90978240966797,4373.6298828125,0.008795569208293719,0.01059436938392988,-0.0017988001756361616,-0.10961767643455311,0.14368982455396484,-0.243945061737334,2026-02-28,791,ok,0.00045485019676998553,0.07309641738017002,0.004099177461357351,0.0012292606431374188,0.0075663085651563,-0.20309562790416702
CMP015,Duke Energy Corporation,DUK,^GSPC,USD,NYSE,PRIMARY_DIRECT,Raw Materials & Energy,False,2023-10-17,79.46316528320312,4373.2001953125,-0.005589016926303203,-9.824505308242415e-05,-0.005490771873220779,-0.11459403831184156,0.14357746268644167,-0.24943583361055477,2026-02-28,791,ok,0.00045485019676998553,0.07309641738017002,0.004099177461357351,0.00044766883536433567,-0.006036685761667539,-0.20913231366583457
CMP015,Duke Energy Corporation,DUK,^GSPC,USD,NYSE,PRIMARY_DIRECT,Raw Materials & Energy,False,2023-10-18,78.77536010742188,4314.60009765625,-0.008655647850547399,-0.013399820506516447,0.004744172655969048,-0.12225780052098956,0.12825372995114592,-0.24469166095458572,2026-02-28,791,ok,0.00045485019676998553,0.07309641738017002,0.004099177461357351,-0.0005246286757937018,-0.008131019174753697,-0.21726333284058827
CMP015,Duke Energy Corporation,DUK,^GSPC,USD,NYSE,PRIMARY_DIRECT,Raw Materials & Energy,False,2023-10-19,78.40911865234375,4278.0,-0.004649187951393685,-0.008482848196321058,0.0038336602449273727,-0.1263385889792371,0.11868292483303744,-0.24085800070965835,2026-02-28,791,ok,0.00045485019676998553,0.07309641738017002,0.004099177461357351,-0.00016521561556092094,-0.0044839723358327645,-0.22174730517642102
CMP015,Duke Energy Corporation,DUK,^GSPC,USD,NYSE,PRIMARY_DIRECT,Raw Materials & Energy,False,2023-10-20,77.73920440673828,4224.16015625,-0.008543830833959265,-0.012585283719027562,0.004041452885068297,-0.13380300428115666,0.10460398283238215,-0.23681654782459005,2026-02-28,791,ok,0.00045485019676998553,0.07309641738017002,0.004099177461357351,-0.0004650889548039115,-0.008078741879155353,-0.22982604705557638
CMP015,Duke Energy Corporation,DUK,^GSPC,USD,NYSE,PRIMARY_DIRECT,Raw Materials & Energy,False,2023-10-23,77.11392974853516,4217.0400390625,-0.00804323459411338,-0.0016855698941634634,-0.0063576646999499165,-0.1407700299224396,0.10274209561394687,-0.24317421252453997,2026-02-28,791,ok,0.00045485019676998553,0.07309641738017002,0.004099177461357351,0.00033164107626276404,-0.008374875670376144,-0.23820092272595253
CMP015,Duke Energy Corporation,DUK,^GSPC,USD,NYSE,PRIMARY_DIRECT,Raw Materials & Energy,False,2023-10-24,78.39126586914062,4247.68017578125,0.0165642721719772,0.007265792222727274,0.009298479949249927,-0.12653751083975506,0.11075439055593272,-0.23387573257529004,2026-02-28,791,ok,0.00045485019676998553,0.07309641738017002,0.004099177461357351,0.0009859535776800517,0.01557831859429715,-0.22262260413165538
CMP015,Duke Energy Corporation,DUK,^GSPC,USD,NYSE,PRIMARY_DIRECT,Raw Materials & Energy,False,2023-10-25,78.73963165283203,4186.77001953125,0.004443936194026277,-0.014339628627712542,0.01878356482173882,-0.1226558992700516,0.09482658509875952,-0.21509216775355122,2026-02-28,791,ok,0.00045485019676998553,0.07309641738017002,0.004099177461357351,-0.0005933252824779251,0.005037261476504202,-0.21758534265515117
CMP015,Duke Energy Corporation,DUK,^GSPC,USD,NYSE,PRIMARY_DIRECT,Raw Materials & Energy,False,2023-10-26,79.67752838134766,4137.22998046875,0.011911367996371602,-0.011832519778109618,0.02374388777448122,-0.1122055308268115,0.08187202787697823,-0.19134827997907,2026-02-28,791,ok,0.00045485019676998553,0.07309641738017002,0.004099177461357351,-0.0004100646075898319,0.012321432603961435,-0.20526391005118974
CMP015,Duke Energy Corporation,DUK,^GSPC,USD,NYSE,PRIMARY_DIRECT,Raw Materials & Energy,False,2023-10-27,78.18582916259766,4117.3701171875,-0.018721705467701244,-0.004800280229768528,-0.013921425237932716,-0.1288265573945261,0.07667873897042088,-0.20526970521700272,2026-02-28,791,ok,0.00045485019676998553,0.07309641738017002,0.004099177461357351,0.0001039669095530468,-0.018825672377254292,-0.22408958242844404
CMP015,Duke Energy Corporation,DUK,^GSPC,USD,NYSE,PRIMARY_DIRECT,Raw Materials & Energy,False,2023-10-30,78.51632690429688,4166.81982421875,0.00422707983325088,0.012010022325859904,-0.007782942492609024,-0.1251440377040247,0.08960967466323422,-0.21305264770961174,2026-02-28,791,ok,0.00045485019676998553,0.07309641738017002,0.004099177461357351,0.0013327398014462014,0.0028943400318046783,-0.22119524239663937
CMP015,Duke Energy Corporation,DUK,^GSPC,USD,NYSE,PRIMARY_DIRECT,Raw Materials & Energy,False,2023-10-31,79.400634765625,4193.7998046875,0.011262725807410723,0.006474957307233353,0.0047877685001773695,-0.11529077487970674,0.09666485078822706,-0.20826487920943437,2026-02-28,791,ok,0.00045485019676998553,0.07309641738017002,0.004099177461357351,0.0009281463786182965,0.010334579428792427,-0.21086066296784695
CMP015,Duke Energy Corporation,DUK,^GSPC,USD,NYSE,PRIMARY_DIRECT,Raw Materials & Energy,False,2023-11-01,79.98123168945312,4237.85986328125,0.007312245368590986,0.010505999486313922,-0.0031937541177229356,-0.10882156394577114,0.10818641114726679,-0.2114586333271573,2026-02-28,791,ok,0.00045485019676998553,0.07309641738017002,0.004099177461357351,0.0012228011202174397,0.006089444248373547,-0.2047712187194734
CMP015,Duke Energy Corporation,DUK,^GSPC,USD,NYSE,PRIMARY_DIRECT,Raw Materials & Energy,False,2023-11-02,80.29387664794922,4317.77978515625,0.003908979042858585,0.01885855702012762,-0.014949577977269035,-0.10533796611578772,0.12908520777081822,-0.22640821130442634,2026-02-28,791,ok,0.00045485019676998553,0.07309641738017002,0.004099177461357351,0.0018333431519009695,0.002075635890957615,-0.2026955828285158
CMP015,Duke Energy Corporation,DUK,^GSPC,USD,NYSE,PRIMARY_DIRECT,Raw Materials & Energy,False,2023-11-03,80.64224243164062,4358.33984375,0.0043386345040834495,0.009393730253031363,-0.005055095748947913,-0.10145635454608415,0.13969152964530518,-0.23146330705337426,2026-02-28,791,ok,0.00045485019676998553,0.07309641738017002,0.004099177461357351,0.001141498224102296,0.0031971362799811534,-0.19949844654853463
CMP015,Duke Energy Corporation,DUK,^GSPC,USD,NYSE,PRIMARY_DIRECT,Raw Materials & Energy,False,2023-11-06,80.14202117919922,4365.97998046875,-0.006202968039553669,0.0017529924220356374,-0.007955960461589306,-0.10702999206097885,0.14168940026023158,-0.23941926751496356,2026-02-28,791,ok,0.00045485019676998553,0.07309641738017002,0.004099177461357351,0.0005829876625153776,-0.006785955702069047,-0.20628440225060368
CMP015,Duke Energy Corporation,DUK,^GSPC,USD,NYSE,PRIMARY_DIRECT,Raw Materials & Energy,False,2023-11-07,79.7490005493164,4378.3798828125,-0.004904051883143912,0.0028401189192852616,-0.007744170802429173,-0.11140916331000328,0.14493193392585813,-0.24716343831739274,2026-02-28,791,ok,0.00045485019676998553,0.07309641738017002,0.004099177461357351,0.0006624527147033784,-0.00556650459784729,-0.21185090684845098
CMP015,Duke Energy Corporation,DUK,^GSPC,USD,NYSE,PRIMARY_DIRECT,Raw Materials & Energy,False,2023-11-08,78.92720031738281,4382.77978515625,-0.010304834245858596,0.0010049156221052513,-0.011309749867963848,-0.12056594459448255,0.14608249391250738,-0.2584731881853566,2026-02-28,791,ok,0.00045485019676998553,0.07309641738017002,0.004099177461357351,0.0005283059285152441,-0.01083314017437384,-0.22268404702282482
CMP015,Duke Energy Corporation,DUK,^GSPC,USD,NYSE,PRIMARY_DIRECT,Raw Materials & Energy,False,2023-11-09,78.5699234008789,4347.35009765625,-0.004526664002615366,-0.008083839306732843,0.003557175304117477,-0.1245468470757608,0.13681774719945916,-0.2549160128812391,2026-02-28,791,ok,0.00045485019676998553,0.07309641738017002,0.004099177461357351,-0.0001360494952291826,-0.0043906145073861836,-0.227074661530211
CMP015,Duke Energy Corporation,DUK,^GSPC,USD,NYSE,PRIMARY_DIRECT,Raw Materials & Energy,False,2023-11-10,78.8468246459961,4415.240234375,0.003524265178475261,0.015616441094852496,-0.012092175916377235,-0.12146151801352356,0.15457079458418232,-0.26700818879761634,2026-02-28,791,ok,0.00045485019676998553,0.07309641738017002,0.004099177461357351,0.0015963560930321629,0.0019279090854430981,-0.2251467524447679
CMP015,Duke Energy Corporation,DUK,^GSPC,USD,NYSE,PRIMARY_DIRECT,Raw Materials & Energy,False,2023-11-13,77.73026275634766,4411.5498046875,-0.014161152267850197,-0.0008358389332403515,-0.013325313334609845,-0.13390263523010004,0.15360575936288656,-0.2803335021322262,2026-02-28,791,ok,0.00045485019676998553,0.07309641738017002,0.004099177461357351,0.00039375336524325274,-0.014554905633093449,-0.23970165807786134
CMP015,Duke Energy Corporation,DUK,^GSPC,USD,NYSE,PRIMARY_DIRECT,Raw Materials & Energy,False,2023-11-14,80.25812530517578,4495.7001953125,0.03252095720751558,0.019075017703661823,0.013445939503853754,-0.10573631989287613,0.1756108096457798,-0.26688756262837243,2026-02-28,791,ok,0.00045485019676998553,0.07309641738017002,0.004099177461357351,0.0018491656523709826,0.030671791555144594,-0.20902986652271674
CMP015,Duke Energy Corporation,DUK,^GSPC,USD,NYSE,PRIMARY_DIRECT,Raw Materials & Energy,False,2023-11-15,80.04376220703125,4502.8798828125,-0.0026709208236478377,0.0015970120755575135,-0.004267932899205351,-0.10812482737790619,0.17748827430493996,-0.2711554955275778,2026-02-28,791,ok,0.00045485019676998553,0.07309641738017002,0.004099177461357351,0.0005715860580061092,-0.003242506881653947,-0.2122723734043707
CMP015,Duke Energy Corporation,DUK,^GSPC,USD,NYSE,PRIMARY_DIRECT,Raw Materials & Energy,False,2023-11-16,81.48497772216797,4508.240234375,0.018005344519027577,0.0011904273935798848,0.016814917125447693,-0.09206630762687817,0.17888998860229166,-0.2543405784021301,2026-02-28,791,ok,0.00045485019676998553,0.07309641738017002,0.004099177461357351,0.0005418661743918887,0.01746347834463569,-0.194808895059735
CMP015,Duke Energy Corporation,DUK,^GSPC,USD,NYSE,PRIMARY_DIRECT,Raw Materials & Energy,False,2023-11-17,81.33136749267578,4514.02001953125,-0.001885135564691942,0.0012820490603360213,-0.0031671846250279634,-0.09377788572075285,0.1804013834044187,-0.25750776302715805,2026-02-28,791,ok,0.00045485019676998553,0.07309641738017002,0.004099177461357351,0.0005485633899861621,-0.002433698954678104,-0.1972425940144131
CMP015,Duke Energy Corporation,DUK,^GSPC,USD,NYSE,PRIMARY_DIRECT,Raw Materials & Energy,False,2023-11-20,80.68982696533203,4547.3798828125,-0.007887984022911243,0.007390278097329839,-0.015278262120241082,-0.10092615127939641,0.18912487789425025,-0.27278602514739914,2026-02-28,791,ok,0.00045485019676998553,0.07309641738017002,0.004099177461357351,0.0009950530491279362,-0.00888303707203918,-0.2061256310864523
CMP015,Duke Energy Corporation,DUK,^GSPC,USD,NYSE,PRIMARY_DIRECT,Raw Materials & Energy,False,2023-11-21,81.21390533447266,4538.18994140625,0.006494974507329054,-0.0020209310950652926,0.008515905602394347,-0.09508668955174993,0.1867217384525981,-0.2642701195450048,2026-02-28,791,ok,0.00045485019676998553,0.07309641738017002,0.004099177461357351,0.00030712737394852886,0.006187847133380525,-0.19993778395307177
CMP015,Duke Energy Corporation,DUK,^GSPC,USD,NYSE,PRIMARY_DIRECT,Raw Materials & Energy,False,2023-11-22,81.64762878417969,4556.6201171875,0.005340507243442927,0.00406112922094648,0.0012793780224964468,-0.09025399346261309,0.1915411687817603,-0.26299074152250834,2026-02-28,791,ok,0.00045485019676998553,0.07309641738017002,0.004099177461357351,0.0007517041933390941,0.004588803050103832,-0.19534898090296793
CMP015,Duke Energy Corporation,DUK,^GSPC,USD,NYSE,PRIMARY_DIRECT,Raw Materials & Energy,False,2023-11-24,81.99098205566406,4559.33984375,0.004205306101319417,0.0005968736678840791,0.003608432433435338,-0.08642823303067049,0.19225236832960602,-0.259382309089073,2026-02-28,791,ok,0.00045485019676998553,0.07309641738017002,0.004099177461357351,0.0004984795235208732,0.003706826577798544,-0.19164215432516937
CMP015,Duke Energy Corporation,DUK,^GSPC,USD,NYSE,PRIMARY_DIRECT,Raw Materials & Energy,False,2023-11-27,82.16266632080078,4550.43017578125,0.002093940831445984,-0.001954157460090089,0.004048098291536073,-0.08451526780535712,0.18992251946972472,-0.25533421079753693,2026-02-28,791,ok,0.00045485019676998553,0.07309641738017002,0.004099177461357351,0.0003120082874406674,0.0017819325440053164,-0.18986022178116405
CMP015,Duke Energy Corporation,DUK,^GSPC,USD,NYSE,PRIMARY_DIRECT,Raw Materials & Energy,False,2023-11-28,82.3433837890625,4554.89013671875,0.002199508321165222,0.0009801185306033133,0.0012193897905619089,-0.08250165151899524,0.19108878458103917,-0.254114821006975,2026-02-28,791,ok,0.00045485019676998553,0.07309641738017002,0.004099177461357351,0.0005264933499650043,0.001673014971200218,-0.18818720680996381
CMP015,Duke Energy Corporation,DUK,^GSPC,USD,NYSE,PRIMARY_DIRECT,Raw Materials & Energy,False,2023-11-29,81.96387481689453,4550.580078125,-0.004608858109841019,-0.0009462486392383118,-0.003662609470602707,-0.08673027122315768,0.18996171843941734,-0.25777743047757773,2026-02-28,791,ok,0.00045485019676998553,0.07309641738017002,0.004099177461357351,0.000385682811290804,-0.004994540921131822,-0.19318174773109564
CMP015,Duke Energy Corporation,DUK,^GSPC,USD,NYSE,PRIMARY_DIRECT,Raw Materials & Energy,False,2023-11-30,83.38249206542969,4567.7998046875,0.017307835332386556,0.0037840728581564065,0.01352376247423015,-0.0709235491434348,0.194464620280409,-0.24425366800334758,2026-02-28,791,ok,0.00045485019676998553,0.07309641738017002,0.004099177461357351,0.0007314523658067591,0.016576382966579796,-0.17660536476451585
CMP015,Duke Energy Corporation,DUK,^GSPC,USD,NYSE,PRIMARY_DIRECT,Raw Materials & Energy,False,2023-12-01,83.70777893066406,4594.6298828125,0.003901141081021242,0.005873742123607695,-0.0019726010425864526,-0.06729909083358887,0.201480597435709,-0.24622626904593403,2026-02-28,791,ok,0.00045485019676998553,0.07309641738017002,0.004099177461357351,0.0008841997026206997,0.0030169413784005422,-0.1735884233861153
CMP015,Duke Energy Corporation,DUK,^GSPC,USD,NYSE,PRIMARY_DIRECT,Raw Materials & Energy,False,2023-12-04,83.78912353515625,4569.77978515625,0.000971768759502778,-0.005408509126972105,0.006380277886474883,-0.06639272122810114,0.19498237865859802,-0.23984599115945915,2026-02-28,791,ok,0.00045485019676998553,0.07309641738017002,0.004099177461357351,5.9507556220373564e-05,0.0009122612032824044,-0.17267616218283288
CMP015,Duke Energy Corporation,DUK,^GSPC,USD,NYSE,PRIMARY_DIRECT,Raw Materials & Energy,False,2023-12-05,83.55418395996094,4567.18017578125,-0.0028039388083196393,-0.0005688697261614362,-0.002235069082158203,-0.0690104989087793,0.1943025893600827,-0.24208106024161735,2026-02-28,791,ok,0.00045485019676998553,0.07309641738017002,0.004099177461357351,0.0004132678578315462,-0.0032172066661511857,-0.17589336884898407
CMP015,Duke Energy Corporation,DUK,^GSPC,USD,NYSE,PRIMARY_DIRECT,Raw Materials & Energy,False,2023-12-06,84.8824462890625,4549.33984375,0.015897017553759607,-0.003906202808869552,0.01980322036262916,-0.05421054246756629,0.18963740123088413,-0.2222778398789882,2026-02-28,791,ok,0.00045485019676998553,0.07309641738017002,0.004099177461357351,0.00016932076588126426,0.015727696787878342,-0.16016567206110574
CMP015,Duke Energy Corporation,DUK,^GSPC,USD,NYSE,PRIMARY_DIRECT,Raw Materials & Energy,False,2023-12-07,85.35230255126953,4585.58984375,0.005535376073009912,0.007968189065892917,-0.0024328129928830045,-0.04897524213423621,0.19911665696374925,-0.2247106528718712,2026-02-28,791,ok,0.00045485019676998553,0.07309641738017002,0.004099177461357351,0.0010372962704946012,0.0044980798025153115,-0.15566759225859042
CMP015,Duke Energy Corporation,DUK,^GSPC,USD,NYSE,PRIMARY_DIRECT,Raw Materials & Energy,False,2023-12-08,85.28907012939453,4604.3701171875,-0.000740840258375175,0.00409549786994079,-0.0048363381283159645,-0.049679799561574645,0.20402763667815482,-0.22954699100018716,2026-02-28,791,ok,0.00045485019676998553,0.07309641738017002,0.004099177461357351,0.0007542164184507747,-0.0014950566768259497,-0.15716264893541637
CMP015,Duke Energy Corporation,DUK,^GSPC,USD,NYSE,PRIMARY_DIRECT,Raw Materials & Energy,False,2023-12-11,86.16554260253906,4622.43994140625,0.010276492308039176,0.003924494286698943,0.006351998021340233,-0.039913841331594924,0.20875283625932584,-0.22319499297884693,2026-02-28,791,ok,0.00045485019676998553,0.07309641738017002,0.004099177461357351,0.0007417166691566241,0.009534775638882552,-0.14762787329653382
CMP015,Duke Energy Corporation,DUK,^GSPC,USD,NYSE,PRIMARY_DIRECT,Raw Materials & Energy,False,2023-12-12,86.138427734375,4643.7001953125,-0.0003146834261711362,0.00459935752021523,-0.004914040946386367,-0.04021596453342413,0.21431232270685663,-0.2281090339252333,2026-02-28,791,ok,0.00045485019676998553,0.07309641738017002,0.004099177461357351,0.0007910467537482618,-0.001105730179919398,-0.1487336034764532
CMP015,Duke Energy Corporation,DUK,^GSPC,USD,NYSE,PRIMARY_DIRECT,Raw Materials & Energy,False,2023-12-13,88.62327575683594,4707.08984375,0.028847148570246173,0.013650676351045998,0.015196472219200174,-0.01252893186696935,0.23088850721321474,-0.21291256170603312,2026-02-28,791,ok,0.00045485019676998553,0.07309641738017002,0.004099177461357351,0.0014526657328476603,0.027394482837398513,-0.12133912063905469
CMP015,Duke Energy Corporation,DUK,^GSPC,USD,NYSE,PRIMARY_DIRECT,Raw Materials & Energy,False,2023-12-14,88.83110046386719,4719.5498046875,0.002345035265921336,0.0026470624846992585,-0.0003020272187779227,-0.01021327738812039,0.23414674600350627,-0.21321458892481104,2026-02-28,791,ok,0.00045485019676998553,0.07309641738017002,0.004099177461357351,0.0006483409809829525,0.0016966942849383833,-0.11964242635411632
CMP015,Duke Energy Corporation,DUK,^GSPC,USD,NYSE,PRIMARY_DIRECT,Raw Materials & Energy,False,2023-12-15,87.31306457519531,4719.18994140625,-0.01708901365338089,-7.62494933082003e-05,-0.01701276416007269,-0.027127756204769926,0.2340526429394556,-0.23022735308488373,2026-02-28,791,ok,0.00045485019676998553,0.07309641738017002,0.004099177461357351,0.00044927663198210285,-0.017538290285362995,-0.1371807166394793
CMP015,Duke Energy Corporation,DUK,^GSPC,USD,NYSE,PRIMARY_DIRECT,Raw Materials & Energy,False,2023-12-18,87.80101776123047,4740.56005859375,0.005588547239856911,0.004528344366900416,0.001060202872956495,-0.021690813711974677,0.23964085827356896,-0.22916715021192724,2026-02-28,791,ok,0.00045485019676998553,0.07309641738017002,0.004099177461357351,0.0007858559466540801,0.004802691293202831,-0.1323780253462765
CMP015,Duke Energy Corporation,DUK,^GSPC,USD,NYSE,PRIMARY_DIRECT,Raw Materials & Energy,False,2023-12-19,87.4757308959961,4768.3701171875,-0.0037048188452549757,0.005866407818910568,-0.009571226664165544,-0.0253152720218206,0.246913097097186,-0.23873837687609278,2026-02-28,791,ok,0.00045485019676998553,0.07309641738017002,0.004099177461357351,0.0008836635912233652,-0.004588482436478341,-0.13696650778275482
CMP015,Duke Energy Corporation,DUK,^GSPC,USD,NYSE,PRIMARY_DIRECT,Raw Materials & Energy,False,2023-12-20,86.45468139648438,4698.35009765625,-0.011672374600970037,-0.014684266911006771,0.0030118923100367345,-0.03669215728462649,0.22860309236458076,-0.23572648456605605,2026-02-28,791,ok,0.00045485019676998553,0.07309641738017002,0.004099177461357351,-0.0006185171062787854,-0.011053857494691252,-0.14802036527744608
CMP015,Duke Energy Corporation,DUK,^GSPC,USD,NYSE,PRIMARY_DIRECT,Raw Materials & Energy,False,2023-12-21,87.0691146850586,4746.75,0.007106998471909209,0.010301467821202559,-0.0031944693492933496,-0.029845929918470127,0.24125950758560455,-0.2389209539153494,2026-02-28,791,ok,0.00045485019676998553,0.07309641738017002,0.004099177461357351,0.0012078505882569986,0.005899147883652211,-0.14212121739379388
CMP015,Duke Energy Corporation,DUK,^GSPC,USD,NYSE,PRIMARY_DIRECT,Raw Materials & Energy,False,2023-12-22,87.52091217041016,4754.6298828125,0.005188952328110563,0.0016600585268868873,0.003528893801223676,-0.0248118466978946,0.24332007101525144,-0.23539206011412572,2026-02-28,791,ok,0.00045485019676998553,0.07309641738017002,0.004099177461357351,0.0005761945277268196,0.004612757800383744,-0.13750845959341013
CMP015,Duke Energy Corporation,DUK,^GSPC,USD,NYSE,PRIMARY_DIRECT,Raw Materials & Energy,False,2023-12-26,87.4034423828125,4774.75,-0.0013421910796466152,0.0042316894655107795,-0.005573880545157395,-0.026120735538233797,0.24858141546202472,-0.24096594065928312,2026-02-28,791,ok,0.00045485019676998553,0.07309641738017002,0.004099177461357351,0.0007641715361642301,-0.0021063626158108455,-0.13961482220922097
CMP015,Duke Energy Corporation,DUK,^GSPC,USD,NYSE,PRIMARY_DIRECT,Raw Materials & Energy,False,2023-12-27,87.01490020751953,4781.580078125,-0.004445387557977631,0.0014304577464787638,-0.005875845304456395,-0.03045000630344452,0.25036745841988184,-0.2468417859637395,2026-02-28,791,ok,0.00045485019676998553,0.07309641738017002,0.004099177461357351,0.0005594115332512947,-0.005004799091228926,-0.1446196213004499
CMP015,Duke Energy Corporation,DUK,^GSPC,USD,NYSE,PRIMARY_DIRECT,Raw Materials & Energy,False,2023-12-28,87.57512664794922,4783.35009765625,0.006438281709151061,0.0003701746080437829,0.0060681071011072785,-0.02420777031292043,0.25083031270371303,-0.24077367886263223,2026-02-28,791,ok,0.00045485019676998553,0.07309641738017002,0.004099177461357351,0.0004819086344230947,0.005956373074727967,-0.13866324822572193
CMP015,Duke Energy Corporation,DUK,^GSPC,USD,NYSE,PRIMARY_DIRECT,Raw Materials & Energy,False,2023-12-29,87.68354797363281,4769.830078125,0.001238037897672184,-0.0028264750133749628,0.004064512911047147,-0.02299970255231376,0.2472948720788839,-0.2367091659515851,2026-02-28,791,ok,0.00045485019676998553,0.07309641738017002,0.004099177461357351,0.00024824499947770763,0.0009897928981944764,-0.13767345532752745
CMP015,Duke Energy Corporation,DUK,^GSPC,USD,NYSE,PRIMARY_DIRECT,Raw Materials & Energy,False,2024-01-02,88.37930297851562,4742.830078125,0.007934840924685549,-0.005660579005492328,0.013595419930177877,-0.015247360608695915,0.2402344609123359,-0.2231137460214072,2026-02-28,791,ok,0.00045485019676998553,0.07309641738017002,0.004099177461357351,4.108215117109063e-05,0.007893758773514458,-0.129779696554013
CMP015,Duke Energy Corporation,DUK,^GSPC,USD,NYSE,PRIMARY_DIRECT,Raw Materials & Energy,False,2024-01-03,89.25578308105469,4704.81005859375,0.009917255205691422,-0.008016314922730805,0.017933570128422227,-0.0054813173693741835,0.23029235089563937,-0.20518017589298498,2026-02-28,791,ok,0.00045485019676998553,0.07309641738017002,0.004099177461357351,-0.0001311137046728308,0.010048368910364253,-0.11973132764364874
CMP015,Duke Energy Corporation,DUK,^GSPC,USD,NYSE,PRIMARY_DIRECT,Raw Materials & Energy,False,2024-01-04,88.99374389648438,4688.68017578125,-0.0029358230416549613,-0.0034283812973570083,0.0004925582557020469,-0.008401048233197539,0.22607443960954732,-0.20468761763728294,2026-02-28,791,ok,0.00045485019676998553,0.07309641738017002,0.004099177461357351,0.00020424780652000888,-0.0031400708481749704,-0.12287139849182371
CMP015,Duke Energy Corporation,DUK,^GSPC,USD,NYSE,PRIMARY_DIRECT,Raw Materials & Energy,False,2024-01-05,89.03893280029297,4697.240234375,0.0005077761854941354,0.0018256861788026324,-0.001317909993308497,-0.007897537899929419,0.22831286676812557,-0.20600552763059143,2026-02-28,791,ok,0.00045485019676998553,0.07309641738017002,0.004099177461357351,0.0005883013157009505,-8.052513020681508e-05,-0.12295192362203053
CMP015,Duke Energy Corporation,DUK,^GSPC,USD,NYSE,PRIMARY_DIRECT,Raw Materials & Energy,False,2024-01-08,89.80696868896484,4763.5400390625,0.008625843375667186,0.014114629309846638,-0.005488785934179452,0.0006601825507595027,0.2456500475590726,-0.21149431356477089,2026-02-28,791,ok,0.00045485019676998553,0.07309641738017002,0.004099177461357351,0.0014865790319689163,0.00713926434369827,-0.11581265927833226
CMP015,Duke Energy Corporation,DUK,^GSPC,USD,NYSE,PRIMARY_DIRECT,Raw Materials & Energy,False,2024-01-09,89.535888671875,4756.5,-0.003018474190223386,-0.0014779006799081618,-0.001540573510315224,-0.0023602843834541476,0.24380910050685745,-0.2130348870750861,2026-02-28,791,ok,0.00045485019676998553,0.07309641738017002,0.004099177461357351,0.0003468209518249815,-0.0033652951420483673,-0.11917795442038062
CMP015,Duke Energy Corporation,DUK,^GSPC,USD,NYSE,PRIMARY_DIRECT,Raw Materials & Energy,False,2024-01-10,89.70756530761719,4783.4501953125,0.0019174058390298843,0.00566597189372442,-0.0037485660546945354,-0.000447404167482901,0.25085648791148785,-0.21678345312978065,2026-02-28,791,ok,0.00045485019676998553,0.07309641738017002,0.004099177461357351,0.000869012443177978,0.0010483933958519063,-0.11812956102452872
CMP015,Duke Energy Corporation,DUK,^GSPC,USD,NYSE,PRIMARY_DIRECT,Raw Materials & Energy,False,2024-01-11,87.78294372558594,4780.240234375,-0.021454395461871112,-0.0006710555783868699,-0.020783339883484242,-0.02189220084341359,0.25001709368751346,-0.2375667930132649,2026-02-28,791,ok,0.00045485019676998553,0.07309641738017002,0.004099177461357351,0.0004057984381269275,-0.021860193899998038,-0.13998975492452675
CMP015,Duke Energy Corporation,DUK,^GSPC,USD,NYSE,PRIMARY_DIRECT,Raw Materials & Energy,False,2024-01-12,88.96663665771484,4783.830078125,0.013484315766730148,0.0007509755941104146,0.012733340172619734,-0.008703086425684736,0.25095582601709365,-0.22483345284064515,2026-02-28,791,ok,0.00045485019676998553,0.07309641738017002,0.004099177461357351,0.0005097438222394016,0.012974571944490747,-0.127015182980036
CMP015,Duke Energy Corporation,DUK,^GSPC,USD,NYSE,PRIMARY_DIRECT,Raw Materials & Energy,False,2024-01-16,88.57808685302734,4765.97998046875,-0.004367365332494044,-0.0037313402367431525,-0.0006360250957508917,-0.013032442200237582,0.24628808420908777,-0.22546947793639605,2026-02-28,791,ok,0.00045485019676998553,0.07309641738017002,0.004099177461357351,0.00018210259343758565,-0.00454946792593163,-0.13156465090596764
CMP015,Duke Energy Corporation,DUK,^GSPC,USD,NYSE,PRIMARY_DIRECT,Raw Materials & Energy,False,2024-01-17,87.49381256103516,4739.2099609375,-0.012240886324303424,-0.005616897183990499,-0.006623989140312925,-0.02511379988103979,0.23928781217845274,-0.23209346707670897,2026-02-28,791,ok,0.00045485019676998553,0.07309641738017002,0.004099177461357351,4.427513582751436e-05,-0.012285161460130938,-0.1438498123660986
CMP015,Duke Energy Corporation,DUK,^GSPC,USD,NYSE,PRIMARY_DIRECT,Raw Materials & Energy,False,2024-01-18,86.61732482910156,4780.93994140625,-0.010017711038962429,0.008805260963896,-0.01882297200285843,-0.03487992812970364,0.25020006477405965,-0.2509164390795674,2026-02-28,791,ok,0.00045485019676998553,0.07309641738017002,0.004099177461357351,0.0010984832273282456,-0.011116194266290675,-0.15496600663238927
CMP015,Duke Energy Corporation,DUK,^GSPC,USD,NYSE,PRIMARY_DIRECT,Raw Materials & Energy,False,2024-01-19,86.34623718261719,4839.81005859375,-0.003129716220389378,0.012313502764936146,-0.015443218985325524,-0.037900480073259524,0.2655944067283784,-0.2663596580648929,2026-02-28,791,ok,0.00045485019676998553,0.07309641738017002,0.004099177461357351,0.0013549231342876358,-0.004484639354677014,-0.1594506459870663
CMP015,Duke Energy Corporation,DUK,^GSPC,USD,NYSE,PRIMARY_DIRECT,Raw Materials & Energy,False,2024-01-22,85.89445495605469,4850.43017578125,-0.00523221672771923,0.0021943252026270788,-0.007426541930346309,-0.042934393275150806,0.26837153243136647,-0.27378619999523923,2026-02-28,791,ok,0.00045485019676998553,0.07309641738017002,0.004099177461357351,0.0006152475076490406,-0.00584746423536827,-0.16529811022243457
CMP015,Duke Energy Corporation,DUK,^GSPC,USD,NYSE,PRIMARY_DIRECT,Raw Materials & Energy,False,2024-01-23,86.39142608642578,4864.60009765625,0.005785834843766713,0.002921374261968035,0.002864460581798678,-0.037396969739991404,0.2720769203808244,-0.27092173941344055,2026-02-28,791,ok,0.00045485019676998553,0.07309641738017002,0.004099177461357351,0.0006683921891464872,0.005117442654620226,-0.16018066756781435
CMP015,Duke Energy Corporation,DUK,^GSPC,USD,NYSE,PRIMARY_DIRECT,Raw Materials & Energy,False,2024-01-24,85.42459869384766,4868.5498046875,-0.011191242422725067,0.0008119284117831249,-0.012003170834508192,-0.04816969360848089,0.2731097557744553,-0.28292491024794875,2026-02-28,791,ok,0.00045485019676998553,0.07309641738017002,0.004099177461357351,0.0005141992548405034,-0.01170544167756557,-0.17188610924537992
CMP015,Duke Energy Corporation,DUK,^GSPC,USD,NYSE,PRIMARY_DIRECT,Raw Materials & Energy,False,2024-01-25,86.49984741210938,4894.16015625,0.01258710880358116,0.005260365527706368,0.007326743275874792,-0.03618890197938485,0.279806778446718,-0.27559816697207395,2026-02-28,791,ok,0.00045485019676998553,0.07309641738017002,0.004099177461357351,0.0008393640709554685,0.01174774473262569,-0.16013836451275423
CMP015,Duke Energy Corporation,DUK,^GSPC,USD,NYSE,PRIMARY_DIRECT,Raw Materials & Energy,False,2024-01-26,86.62635803222656,4890.97021484375,0.0014625531015615145,-0.0006517852510764532,0.0021143383526379678,-0.034779277068655357,0.2789726192642987,-0.273483828619436,2026-02-28,791,ok,0.00045485019676998553,0.07309641738017002,0.004099177461357351,0.0004072070300150622,0.0010553460715464523,-0.15908301844120779
CMP015,Duke Energy Corporation,DUK,^GSPC,USD,NYSE,PRIMARY_DIRECT,Raw Materials & Energy,False,2024-01-29,86.53599548339844,4927.93017578125,-0.00104312995352418,0.007556774896180896,-0.008599904849705076,-0.035786127716507354,0.2886375274464579,-0.28208373346914106,2026-02-28,791,ok,0.00045485019676998553,0.07309641738017002,0.004099177461357351,0.0010072233686292153,-0.0020503533221533955,-0.16113337176336118
CMP015,Duke Energy Corporation,DUK,^GSPC,USD,NYSE,PRIMARY_DIRECT,Raw Materials & Energy,False,2024-01-30,86.31914520263672,4924.97021484375,-0.0025058968762117217,-0.0006006499345398986,-0.0019052469416718232,-0.03820234824706259,0.2878635073999516,-0.2839889804108129,2026-02-28,791,ok,0.00045485019676998553,0.07309641738017002,0.004099177461357351,0.0004109448384554853,-0.0029168417146672072,-0.1640502134780284
CMP015,Duke Energy Corporation,DUK,^GSPC,USD,NYSE,PRIMARY_DIRECT,Raw Materials & Energy,False,2024-01-31,86.5902099609375,4845.64990234375,0.0031402623098786275,-0.016105744611597972,0.0192460069214766,-0.03518205133153307,0.2671215066551711,-0.2647429734893363,2026-02-28,791,ok,0.00045485019676998553,0.07309641738017002,0.004099177461357351,-0.000722422033577804,0.0038626843434564316,-0.16018752913457196
CMP015,Duke Energy Corporation,DUK,^GSPC,USD,NYSE,PRIMARY_DIRECT,Raw Materials & Energy,False,2024-02-01,88.36123657226562,4906.18994140625,0.020452965896803788,0.012493688211609788,0.007959277685194,-0.015448662730792706,0.282952527685546,-0.2567836958041423,2026-02-28,791,ok,0.00045485019676998553,0.07309641738017002,0.004099177461357351,0.0013680940449035245,0.019084871851900262,-0.14110265728267168
CMP015,Duke Energy Corporation,DUK,^GSPC,USD,NYSE,PRIMARY_DIRECT,Raw Materials & Energy,False,2024-02-02,86.94261169433594,4958.60986328125,-0.01605483278597486,0.01068444607751462,-0.02673927886348948,-0.03125546981985772,0.29666016478761326,-0.28352297466763177,2026-02-28,791,ok,0.00045485019676998553,0.07309641738017002,0.004099177461357351,0.0012358449267279147,-0.017290677712702776,-0.15839333499537445
CMP015,Duke Energy Corporation,DUK,^GSPC,USD,NYSE,PRIMARY_DIRECT,Raw Materials & Energy,False,2024-02-05,86.06613159179688,4942.81005859375,-0.010081133812962717,-0.0031863375266721894,-0.006894796286290528,-0.04102151305917945,0.29252856784520964,-0.2904177709539223,2026-02-28,791,ok,0.00045485019676998553,0.07309641738017002,0.004099177461357351,0.00022194033900625656,-0.010303074151968974,-0.1686964091473434
CMP015,Duke Energy Corporation,DUK,^GSPC,USD,NYSE,PRIMARY_DIRECT,Raw Materials & Energy,False,2024-02-06,85.89445495605469,4954.22998046875,-0.0019947060773735092,0.0023104108269635937,-0.004305116904337103,-0.042934393275150806,0.2955148398425189,-0.2947228878582594,2026-02-28,791,ok,0.00045485019676998553,0.07309641738017002,0.004099177461357351,0.0006237329508973801,-0.0026184390282708893,-0.1713148481756143
CMP015,Duke Energy Corporation,DUK,^GSPC,USD,NYSE,PRIMARY_DIRECT,Raw Materials & Energy,False,2024-02-07,86.29203033447266,4995.06005859375,0.004628650110433563,0.008241457963390042,-0.003612807852956479,-0.038504471448891686,0.3061917709360291,-0.2983356957112159,2026-02-28,791,ok,0.00045485019676998553,0.07309641738017002,0.004099177461357351,0.00105727124788307,0.003571378862550493,-0.1677434693130638
CMP015,Duke Energy Corporation,DUK,^GSPC,USD,NYSE,PRIMARY_DIRECT,Raw Materials & Energy,False,2024-02-08,83.7168197631836,4997.91015625,-0.029842971144697916,0.0005705832608251526,-0.03041355440552307,-0.06719835476319846,0.30693706209595284,-0.32874925011673894,2026-02-28,791,ok,0.00045485019676998553,0.07309641738017002,0.004099177461357351,0.0004965577889533993,-0.030339528933651317,-0.19808299824671513
CMP015,Duke Energy Corporation,DUK,^GSPC,USD,NYSE,PRIMARY_DIRECT,Raw Materials & Energy,False,2024-02-09,82.8493881225586,5026.60986328125,-0.010361497762083838,0.0057423415255595245,-0.016103839287643362,-0.07686357692278767,0.3144419410589192,-0.3448530894043823,2026-02-28,791,ok,0.00045485019676998553,0.07309641738017002,0.004099177461357351,0.0008745947896617668,-0.011236092551745604,-0.20931909079846073
CMP015,Duke Energy Corporation,DUK,^GSPC,USD,NYSE,PRIMARY_DIRECT,Raw Materials & Energy,False,2024-02-12,83.7168197631836,5021.83984375,0.010469982461932092,-0.0009489536011326738,0.011418936063064766,-0.06719835476319858,0.31319459664547145,-0.33343415334131754,2026-02-28,791,ok,0.00045485019676998553,0.07309641738017002,0.004099177461357351,0.0003854850882671762,0.010084497373664916,-0.19923459342479583
CMP015,Duke Energy Corporation,DUK,^GSPC,USD,NYSE,PRIMARY_DIRECT,Raw Materials & Energy,False,2024-02-13,82.77710723876953,4953.169921875,-0.011224895153355119,-0.013674255653625456,0.0024493605002703367,-0.07766895542985885,0.29523763800798175,-0.3309847928410472,2026-02-28,791,ok,0.00045485019676998553,0.07309641738017002,0.004099177461357351,-0.0005446889018505704,-0.01068020625150455,-0.20991479967630036
CMP015,Duke Energy Corporation,DUK,^GSPC,USD,NYSE,PRIMARY_DIRECT,Raw Materials & Energy,False,2024-02-14,82.53311920166016,5000.6201171875,-0.0029475303649545426,0.009579763275017639,-0.012527293639972181,-0.08038755419026955,0.30764570796499124,-0.3435120864810194,2026-02-28,791,ok,0.00045485019676998553,0.07309641738017002,0.004099177461357351,0.0011550965715238994,-0.0041026269364784415,-0.2140174266127788
CMP015,Duke Energy Corporation,DUK,^GSPC,USD,NYSE,PRIMARY_DIRECT,Raw Materials & Energy,False,2024-02-15,84.40193176269531,5029.72998046875,0.022643183477276896,0.005821250684729495,0.0168219327925474,-0.05956460085181248,0.31525784143786595,-0.326690153688472,2026-02-28,791,ok,0.00045485019676998553,0.07309641738017002,0.004099177461357351,0.0008803627664955732,0.02176282071078132,-0.1922546059019975
CMP015,Duke Energy Corporation,DUK,^GSPC,USD,NYSE,PRIMARY_DIRECT,Raw Materials & Energy,False,2024-02-16,83.96328735351562,5005.56982421875,-0.005197089687626888,-0.0048034698371121065,-0.00039361985051478143,-0.06445212796660482,0.30894004006849407,-0.32708377353898677,2026-02-28,791,ok,0.00045485019676998553,0.07309641738017002,0.004099177461357351,0.00010373376068338169,-0.00530082344831027,-0.19755542935030776
CMP015,Duke Energy Corporation,DUK,^GSPC,USD,NYSE,PRIMARY_DIRECT,Raw Materials & Energy,False,2024-02-20,84.01812744140625,4975.509765625,0.0006531436490775366,-0.006005322001165325,0.006658465650242862,-0.06384108081557816,0.30107943364766454,-0.3204253078887439,2026-02-28,791,ok,0.00045485019676998553,0.07309641738017002,0.004099177461357351,1.5882673270487045e-05,0.0006372609758070496,-0.1969181683745007
CMP015,Duke Energy Corporation,DUK,^GSPC,USD,NYSE,PRIMARY_DIRECT,Raw Materials & Energy,False,2024-02-21,84.97764587402344,4981.7998046875,0.011420373934022177,0.001264199922982101,0.010156174011040076,-0.053149795896822005,0.3027242581674756,-0.31026913387770383,2026-02-28,791,ok,0.00045485019676998553,0.07309641738017002,0.004099177461357351,0.000547258681992264,0.010873115252029913,-0.1860450531224708
CMP015,Duke Energy Corporation,DUK,^GSPC,USD,NYSE,PRIMARY_DIRECT,Raw Materials & Energy,False,2024-02-22,84.19173431396484,5087.02978515625,-0.009248450601040181,0.02112288421741404,-0.03037133481845422,-0.06190669323605502,0.33024155183996373,-0.34064046869615805,2026-02-28,791,ok,0.00045485019676998553,0.07309641738017002,0.004099177461357351,0.0019988573577990883,-0.01124730795883927,-0.19729236108131007
CMP015,Duke Energy Corporation,DUK,^GSPC,USD,NYSE,PRIMARY_DIRECT,Raw Materials & Energy,False,2024-02-23,84.74005889892578,5088.7998046875,0.006512807812179666,0.0003479475462115911,0.006164860265968075,-0.05579707181920934,0.33070440612379515,-0.33447560843019,2026-02-28,791,ok,0.00045485019676998553,0.07309641738017002,0.004099177461357351,0.000480283915834274,0.006032523896345393,-0.19125983718496467
CMP015,Duke Energy Corporation,DUK,^GSPC,USD,NYSE,PRIMARY_DIRECT,Raw Materials & Energy,False,2024-02-26,82.83927917480469,5069.52978515625,-0.022430710443431034,-0.003786751350190576,-0.01864395909324046,-0.07697621430107238,0.3256653594172014,-0.35311956752343043,2026-02-28,791,ok,0.00045485019676998553,0.07309641738017002,0.004099177461357351,0.00017805223956153282,-0.022608762682992566,-0.21386859986795723
CMP015,Duke Energy Corporation,DUK,^GSPC,USD,NYSE,PRIMARY_DIRECT,Raw Materials & Energy,False,2024-02-27,83.02204132080078,5078.18017578125,0.0022062256916846046,0.0017063496993998672,0.0004998759922847373,-0.07493981551102746,0.32792740810474785,-0.3526196915311457,2026-02-28,791,ok,0.00045485019676998553,0.07309641738017002,0.004099177461357351,0.0005795782465938459,0.0016266474450907587,-0.21224195242286648
CMP015,Duke Energy Corporation,DUK,^GSPC,USD,NYSE,PRIMARY_DIRECT,Raw Materials & Energy,False,2024-02-28,82.9215087890625,5069.759765625,-0.0012109137542140047,-0.001658155060430544,0.00044724130621653924,-0.07605998361190092,0.3257254985531146,-0.35217245022492916,2026-02-28,791,ok,0.00045485019676998553,0.07309641738017002,0.004099177461357351,0.00033364500239171344,-0.001544558756605718,-0.2137865111794722
CMP015,Duke Energy Corporation,DUK,^GSPC,USD,NYSE,PRIMARY_DIRECT,Raw Materials & Energy,False,2024-02-29,83.9176025390625,5096.27001953125,0.012012489455949016,0.005229094697149161,0.006783394758799854,-0.06496116390710949,0.33265784272747423,-0.3453890554661293,2026-02-28,791,ok,0.00045485019676998553,0.07309641738017002,0.004099177461357351,0.0008370782852732343,0.011175411170675782,-0.20261110000879642
CMP015,Duke Energy Corporation,DUK,^GSPC,USD,NYSE,PRIMARY_DIRECT,Raw Materials & Energy,False,2024-03-01,83.03118133544922,5137.080078125,-0.010562994852011731,0.00800782894888763,-0.01857082380089936,-0.0748379743191897,0.3433295387794295,-0.36395987926702866,2026-02-28,791,ok,0.00045485019676998553,0.07309641738017002,0.004099177461357351,0.0010401938039268839,-0.011603188655938615,-0.21421428866473505
CMP015,Duke Energy Corporation,DUK,^GSPC,USD,NYSE,PRIMARY_DIRECT,Raw Materials & Energy,False,2024-03-04,84.45675659179688,5130.9501953125,0.01716915541148656,-0.0011932620709189656,0.018362417482405524,-0.058953723719470164,0.3417265945920589,-0.34559746178462314,2026-02-28,791,ok,0.00045485019676998553,0.07309641738017002,0.004099177461357351,0.0003676270143901668,0.01680152839709639,-0.19741276026763865
CMP015,Duke Energy Corporation,DUK,^GSPC,USD,NYSE,PRIMARY_DIRECT,Raw Materials & Energy,False,2024-03-05,84.70349884033203,5078.64990234375,0.002921521717057285,-0.010193100883444606,0.01311462260050189,-0.05620443658656071,0.3280502400553815,-0.33248283918412125,2026-02-28,791,ok,0.00045485019676998553,0.07309641738017002,0.004099177461357351,-0.0002902289598044611,0.003211750676861746,-0.1942010095907769
CMP015,Duke Energy Corporation,DUK,^GSPC,USD,NYSE,PRIMARY_DIRECT,Raw Materials & Energy,False,2024-03-06,85.96459197998047,5104.759765625,0.014888324058792701,0.005141103203274655,0.009747220855518046,-0.04215290239321057,0.3348778833986399,-0.3227356183286032,2026-02-28,791,ok,0.00045485019676998553,0.07309641738017002,0.004099177461357351,0.0008306464223110788,0.014057677636481622,-0.18014333195429527
CMP015,Duke Energy Corporation,DUK,^GSPC,USD,NYSE,PRIMARY_DIRECT,Raw Materials & Energy,False,2024-03-07,86.33927154541016,5157.35986328125,0.004358533633439965,0.010304127925951478,-0.0059455942925115135,-0.03797809360259852,0.3486326358747027,-0.3286812126211147,2026-02-28,791,ok,0.00045485019676998553,0.07309641738017002,0.004099177461357351,0.0012080450323840005,0.0031504886010559644,-0.1769928433532393
CMP015,Duke Energy Corporation,DUK,^GSPC,USD,NYSE,PRIMARY_DIRECT,Raw Materials & Energy,False,2024-03-08,86.75963592529297,5123.68994140625,0.004868750597017968,-0.0065285190034379825,0.01139726960045595,-0.0332942488714818,0.3398280620827381,-0.31728394302065877,2026-02-28,791,ok,0.00045485019676998553,0.07309641738017002,0.004099177461357351,-2.236115317968886e-05,0.004891111750197657,-0.17210173160304165
CMP015,Duke Energy Corporation,DUK,^GSPC,USD,NYSE,PRIMARY_DIRECT,Raw Materials & Energy,False,2024-03-11,87.58207702636719,5117.93994140625,0.009479536103429664,-0.001122238087346461,0.010601774190776125,-0.0241303268022659,0.3383244560009733,-0.30668216882988264,2026-02-28,791,ok,0.00045485019676998553,0.07309641738017002,0.004099177461357351,0.0003728186131373849,0.00910671749029228,-0.16299501411274936
CMP015,Duke Energy Corporation,DUK,^GSPC,USD,NYSE,PRIMARY_DIRECT,Raw Materials & Energy,False,2024-03-12,86.82360076904297,5175.27001953125,-0.00866017663746288,0.011201787981366396,-0.019861964618829275,-0.03258153054730151,0.3533160828073736,-0.3265441334487119,2026-02-28,791,ok,0.00045485019676998553,0.07309641738017002,0.004099177461357351,0.0012736607664601157,-0.009933837403922995,-0.17292885151667237
CMP015,Duke Energy Corporation,DUK,^GSPC,USD,NYSE,PRIMARY_DIRECT,Raw Materials & Energy,False,2024-03-13,87.27136993408203,5165.31005859375,0.005157228692117544,-0.0019245297153407392,0.007081758407458283,-0.027592332259355645,0.3507115857917622,-0.31946237504125363,2026-02-28,791,ok,0.00045485019676998553,0.07309641738017002,0.004099177461357351,0.0003141739694368991,0.004843054722680645,-0.16808579679399172
CMP015,Duke Energy Corporation,DUK,^GSPC,USD,NYSE,PRIMARY_DIRECT,Raw Materials & Energy,False,2024-03-14,86.86016082763672,5150.47998046875,-0.004711844293906586,-0.0028710915621273925,-0.0018407527317791939,-0.03217416577995036,0.3468335691549278,-0.3213031277730328,2026-02-28,791,ok,0.00045485019676998553,0.07309641738017002,0.004099177461357351,0.0002449836896080373,-0.0049568279835146235,-0.17304262477750634
CMP015,Duke Energy Corporation,DUK,^GSPC,USD,NYSE,PRIMARY_DIRECT,Raw Materials & Energy,False,2024-03-15,86.54944610595703,5117.08984375,-0.0035771833567780353,-0.006482917484461503,0.002905734127683468,-0.035636256246382114,0.3381021582607937,-0.31839739364534936,2026-02-28,791,ok,0.00045485019676998553,0.07309641738017002,0.004099177461357351,-1.9027845515414376e-05,-0.003558155511262621,-0.17660078028876897
CMP015,Duke Energy Corporation,DUK,^GSPC,USD,NYSE,PRIMARY_DIRECT,Raw Materials & Energy,False,2024-03-18,86.75963592529297,5149.419921875,0.0024285518717082066,0.006318059504952345,-0.003889507633244138,-0.03329424887148169,0.34655636732039063,-0.3222869012785935,2026-02-28,791,ok,0.00045485019676998553,0.07309641738017002,0.004099177461357351,0.0009166777113767326,0.001511874160331474,-0.1750889061284375
CMP015,Duke Energy Corporation,DUK,^GSPC,USD,NYSE,PRIMARY_DIRECT,Raw Materials & Energy,False,2024-03-19,86.9423828125,5178.509765625,0.0021063583918723428,0.0056491496501236416,-0.003542791258251299,-0.03125802010012091,0.3541632657517104,-0.3258296925368448,2026-02-28,791,ok,0.00045485019676998553,0.07309641738017002,0.004099177461357351,0.0008677827974384646,0.001238575594433878,-0.17385033053400362
CMP015,Duke Energy Corporation,DUK,^GSPC,USD,NYSE,PRIMARY_DIRECT,Raw Materials & Energy,False,2024-03-20,87.18913269042969,5224.6201171875,0.0028380850621707587,0.008904173912846591,-0.006066088850675833,-0.028508647957869337,0.366220970976352,-0.3318957813875206,2026-02-28,791,ok,0.00045485019676998553,0.07309641738017002,0.004099177461357351,0.0011057134095290417,0.001732371652641717,-0.1721179588813619
CMP015,Duke Energy Corporation,DUK,^GSPC,USD,NYSE,PRIMARY_DIRECT,Raw Materials & Energy,False,2024-03-21,86.77790832519531,5241.52978515625,-0.004716463537886684,0.0032365354015160275,-0.007952998939402711,-0.03309065149714829,0.37064279351521057,-0.33984878032692334,2026-02-28,791,ok,0.00045485019676998553,0.07309641738017002,0.004099177461357351,0.0006914293393448973,-0.005407892877231581,-0.17752585175859348
CMP015,Duke Energy Corporation,DUK,^GSPC,USD,NYSE,PRIMARY_DIRECT,Raw Materials & Energy,False,2024-03-22,86.45806121826172,5234.18017578125,-0.003685812588786863,-0.0014021878490156903,-0.002283624739771173,-0.0366544981460758,0.36872089484480264,-0.3421324050666945,2026-02-28,791,ok,0.00045485019676998553,0.07309641738017002,0.004099177461357351,0.0003523552885129318,-0.004038167877299795,-0.18156401963589328
CMP015,Duke Energy Corporation,DUK,^GSPC,USD,NYSE,PRIMARY_DIRECT,Raw Materials & Energy,False,2024-03-25,86.6682357788086,5218.18994140625,0.0024309423272435016,-0.0030549644525015296,0.005485906779745031,-0.034312660789859506,0.3645395011656556,-0.3366464982869495,2026-02-28,791,ok,0.00045485019676998553,0.07309641738017002,0.004099177461357351,0.00023154324006835115,0.0021993990871751502,-0.17936462054871813
CMP015,Duke Energy Corporation,DUK,^GSPC,USD,NYSE,PRIMARY_DIRECT,Raw Materials & Energy,False,2024-03-26,85.59906005859375,5203.580078125,-0.012336419572951174,-0.002799795225030266,-0.009536624347920908,-0.046225784982642626,0.36071906998592684,-0.3461831226348704,2026-02-28,791,ok,0.00045485019676998553,0.07309641738017002,0.004099177461357351,0.00025019519642216617,-0.01258661476937334,-0.19195123531809147
CMP015,Duke Energy Corporation,DUK,^GSPC,USD,NYSE,PRIMARY_DIRECT,Raw Materials & Energy,False,2024-03-27,87.81053924560547,5248.490234375,0.025835320919387783,0.008630626525532925,0.017204694393854858,-0.02158472205303208,0.3724629280851459,-0.32897842824101553,2026-02-28,791,ok,0.00045485019676998553,0.07309641738017002,0.004099177461357351,0.0010857180755327067,0.024749602843855075,-0.1672016324742364
CMP015,Duke Energy Corporation,DUK,^GSPC,USD,NYSE,PRIMARY_DIRECT,Raw Materials & Energy,False,2024-03-28,88.37712097167969,5254.35009765625,0.006452320313049098,0.0011164855071790214,0.005335834805870077,-0.015271673280537246,0.3739952630534935,-0.32364259343514545,2026-02-28,791,ok,0.00045485019676998553,0.07309641738017002,0.004099177461357351,0.0005364612874016541,0.005915859025647444,-0.16128577344858894
CMP015,Duke Energy Corporation,DUK,^GSPC,USD,NYSE,PRIMARY_DIRECT,Raw Materials & Energy,False,2024-04-01,87.79227447509766,5243.77001953125,-0.006617623318703081,-0.0020135845401164643,-0.004604038778586617,-0.021788234418023467,0.37122860743361574,-0.32824663221373207,2026-02-28,791,ok,0.00045485019676998553,0.07309641738017002,0.004099177461357351,0.00030766438079537475,-0.006925287699498455,-0.1682110611480874
CMP015,Duke Energy Corporation,DUK,^GSPC,USD,NYSE,PRIMARY_DIRECT,Raw Materials & Energy,False,2024-04-02,88.2217788696289,5205.81005859375,0.004892280067912758,-0.0072390590731691296,0.012131339141081887,-0.017002548495068992,0.3613022025415844,-0.3161152930726502,2026-02-28,791,ok,0.00045485019676998553,0.07309641738017002,0.004099177461357351,-7.429908668209184e-05,0.0049665791545948496,-0.16324448199349256
CMP015,Duke Energy Corporation,DUK,^GSPC,USD,NYSE,PRIMARY_DIRECT,Raw Materials & Energy,False,2024-04-03,87.70088195800781,5211.490234375,-0.005904402725667723,0.001091122364688113,-0.006995525090355836,-0.02280656132705916,0.3627875498198767,-0.323110818163006,2026-02-28,791,ok,0.00045485019676998553,0.07309641738017002,0.004099177461357351,0.000534607332552066,-0.0064390100582197895,-0.16968349205171235
CMP015,Duke Energy Corporation,DUK,^GSPC,USD,NYSE,PRIMARY_DIRECT,Raw Materials & Energy,False,2024-04-04,87.83797454833984,5147.2099609375,0.0015631837134508775,-0.012334336350379616,0.013897520063830493,-0.02127902845883456,0.34597846980628866,-0.3092132980991755,2026-02-28,791,ok,0.00045485019676998553,0.07309641738017002,0.004099177461357351,-0.0004467456012047658,0.0020099293146556433,-0.1676735627370567
CMP015,Duke Energy Corporation,DUK,^GSPC,USD,NYSE,PRIMARY_DIRECT,Raw Materials & Energy,False,2024-04-05,87.64605712890625,5204.33984375,-0.002184902605284589,0.011099194174331695,-0.013284096779616283,-0.023417438459401474,0.36091774619713846,-0.3224973948787918,2026-02-28,791,ok,0.00045485019676998553,0.07309641738017002,0.004099177461357351,0.0012661615267204867,-0.0034510641320050755,-0.17112462686906177
CMP015,Duke Energy Corporation,DUK,^GSPC,USD,NYSE,PRIMARY_DIRECT,Raw Materials & Energy,False,2024-04-08,88.0115737915039,5202.39013671875,0.004170372000420697,-0.00037463099831791524,0.004545002998738612,-0.019344725888653436,0.360407904223252,-0.3179523918800532,2026-02-28,791,ok,0.00045485019676998553,0.07309641738017002,0.004099177461357351,0.00042746601295338944,0.0037429059874673075,-0.16738172088159445
CMP015,Duke Energy Corporation,DUK,^GSPC,USD,NYSE,PRIMARY_DIRECT,Raw Materials & Energy,False,2024-04-09,88.93455505371094,5209.91015625,0.010487044174366744,0.0014454931932483817,0.009041550981118363,-0.00906055070922207,0.362374364588848,-0.30891084089893484,2026-02-28,791,ok,0.00045485019676998553,0.07309641738017002,0.004099177461357351,0.000560510570543864,0.00992653360382288,-0.15745518727777158
CMP015,Duke Energy Corporation,DUK,^GSPC,USD,NYSE,PRIMARY_DIRECT,Raw Materials & Energy,False,2024-04-10,87.18913269042969,5160.64013671875,-0.01962591888189158,-0.009456980649108493,-0.010168938232783087,-0.028508647957869226,0.3494904165860897,-0.3190797791317179,2026-02-28,791,ok,0.00045485019676998553,0.07309641738017002,0.004099177461357351,-0.00023642120791344005,-0.01938949767397814,-0.1768446849517497
CMP015,Duke Energy Corporation,DUK,^GSPC,USD,NYSE,PRIMARY_DIRECT,Raw Materials & Energy,False,2024-04-11,87.0794677734375,5199.06005859375,-0.0012577819460776185,0.007444797710585593,-0.008702579656663212,-0.029730572241238318,0.35953709974994696,-0.32778235878838113,2026-02-28,791,ok,0.00045485019676998553,0.07309641738017002,0.004099177461357351,0.0009990382375338843,-0.002256820183611503,-0.17910150513536122
CMP015,Duke Energy Corporation,DUK,^GSPC,USD,NYSE,PRIMARY_DIRECT,Raw Materials & Energy,False,2024-04-12,86.72308349609375,5123.41015625,-0.004092632700408605,-0.01455068829580164,0.010458055595393034,-0.03370152862949061,0.3397548991849073,-0.3173243031929881,2026-02-28,791,ok,0.00045485019676998553,0.07309641738017002,0.004099177461357351,-0.000608752988068686,-0.003483879712339919,-0.18258538484770115
CMP015,Duke Energy Corporation,DUK,^GSPC,USD,NYSE,PRIMARY_DIRECT,Raw Materials & Energy,False,2024-04-15,86.0194320678711,5061.81982421875,-0.008113773171526506,-0.01202135494776202,0.003907581776235514,-0.04154185524218368,0.3236492299988025,-0.3134167214167526,2026-02-28,791,ok,0.00045485019676998553,0.07309641738017002,0.004099177461357351,-0.000423867781966799,-0.007689905389559707,-0.19027529023726086
CMP015,Duke Energy Corporation,DUK,^GSPC,USD,NYSE,PRIMARY_DIRECT,Raw Materials & Energy,False,2024-04-16,84.86798858642578,5051.41015625,-0.01338585310045759,-0.0020565070133361507,-0.011329346087121439,-0.054371635170848975,0.32092713607411305,-0.324746067503874,2026-02-28,791,ok,0.00045485019676998553,0.07309641738017002,0.004099177461357351,0.0003045269017779194,-0.013690380002235509,-0.20396567023949638
CMP015,Duke Energy Corporation,DUK,^GSPC,USD,NYSE,PRIMARY_DIRECT,Raw Materials & Energy,False,2024-04-17,86.3575439453125,5022.2099609375,0.017551439402500035,-0.005780602724641426,0.02333204212714146,-0.0377744962282649,0.31329138107227017,-0.30141402537673256,2026-02-28,791,ok,0.00045485019676998553,0.07309641738017002,0.004099177461357351,3.230884730064782e-05,0.017519130555199387,-0.186446539684297
CMP015,Duke Energy Corporation,DUK,^GSPC,USD,NYSE,PRIMARY_DIRECT,Raw Materials & Energy,False,2024-04-18,87.6643295288086,5011.1201171875,0.01513226898073472,-0.002208160119998248,0.017340429100732968,-0.023213841085068077,0.3103914234186489,-0.2840735962759996,2026-02-28,791,ok,0.00045485019676998553,0.07309641738017002,0.004099177461357351,0.00029344160299634727,0.014838827377738372,-0.17160771230655864
CMP015,Duke Energy Corporation,DUK,^GSPC,USD,NYSE,PRIMARY_DIRECT,Raw Materials & Energy,False,2024-04-19,89.77528381347656,4967.22998046875,0.024079968397799245,-0.00875854812743615,0.032838516525235395,0.000307138753011138,0.29891429707085715,-0.2512350797507642,2026-02-28,791,ok,0.00045485019676998553,0.07309641738017002,0.004099177461357351,-0.00018536829279739385,0.024265336690596637,-0.147342375615962
CMP015,Duke Energy Corporation,DUK,^GSPC,USD,NYSE,PRIMARY_DIRECT,Raw Materials & Energy,False,2024-04-22,89.66563415527344,5010.60009765625,-0.0012213791318214096,0.008731248071466746,-0.009952627203288156,-0.0009146155116738219,0.31025544002215755,-0.26118770695405236,2026-02-28,791,ok,0.00045485019676998553,0.07309641738017002,0.004099177461357351,0.0010930731500517234,-0.002314452281873133,-0.14965682789783513
CMP015,Duke Energy Corporation,DUK,^GSPC,USD,NYSE,PRIMARY_DIRECT,Raw Materials & Energy,False,2024-04-23,89.73873901367188,5070.5498046875,0.0008153052068069488,0.011964576270872662,-0.011149271064065713,-0.00010005599565576784,0.32593209116862853,-0.27233697801811807,2026-02-28,791,ok,0.00045485019676998553,0.07309641738017002,0.004099177461357351,0.0013294178576425718,-0.000514112650835623,-0.15017094054867075
CMP015,Duke Energy Corporation,DUK,^GSPC,USD,NYSE,PRIMARY_DIRECT,Raw Materials & Energy,False,2024-04-24,90.4332504272461,5071.6298828125,0.007739259780198182,0.0002130100613548791,0.007526249718843303,0.007638429425199433,0.32621452804472084,-0.26481072829927477,2026-02-28,791,ok,0.00045485019676998553,0.07309641738017002,0.004099177461357351,0.0004704204691209574,0.007268839311077225,-0.14290210123759353
CMP015,Duke Energy Corporation,DUK,^GSPC,USD,NYSE,PRIMARY_DIRECT,Raw Materials & Energy,False,2024-04-25,90.49722290039062,5048.419921875,0.0007073999092401806,-0.004576430353515626,0.0052838302627558065,0.008351232758721627,0.32014519962330357,-0.25952689803651896,2026-02-28,791,ok,0.00045485019676998553,0.07309641738017002,0.004099177461357351,0.0001203295335381283,0.0005870703757020522,-0.14231503086189148
CMP015,Duke Energy Corporation,DUK,^GSPC,USD,NYSE,PRIMARY_DIRECT,Raw Materials & Energy,False,2024-04-26,89.29095458984375,5099.9599609375,-0.01332934063484581,0.01020914263474304,-0.02353848326958885,-0.005089424302286094,0.33362275026482924,-0.2830653813061078,2026-02-28,791,ok,0.00045485019676998553,0.07309641738017002,0.004099177461357351,0.0012011019478928514,-0.01453044258273866,-0.15684547344463015
CMP015,Duke Energy Corporation,DUK,^GSPC,USD,NYSE,PRIMARY_DIRECT,Raw Materials & Energy,False,2024-04-29,90.22306823730467,5116.169921875,0.010439060168441205,0.0031784486665891176,0.007260611501852088,0.005296507059640909,0.3378616017171414,-0.2758047698042557,2026-02-28,791,ok,0.00045485019676998553,0.07309641738017002,0.004099177461357351,0.0006871834071244285,0.009751876761316777,-0.14709359668331337
CMP015,Duke Energy Corporation,DUK,^GSPC,USD,NYSE,PRIMARY_DIRECT,Raw Materials & Energy,False,2024-04-30,89.79356384277344,5035.68994140625,-0.004760472049138875,-0.01573051358686217,0.010970041537723296,0.0005108211366866566,0.3168163516139888,-0.2648347282665324,2026-02-28,791,ok,0.00045485019676998553,0.07309641738017002,0.004099177461357351,-0.0006949939899797271,-0.004065478059159148,-0.15115907474247253
CMP015,Duke Energy Corporation,DUK,^GSPC,USD,NYSE,PRIMARY_DIRECT,Raw Materials & Energy,False,2024-05-01,91.1825942993164,5018.39013671875,0.015469153880284026,-0.0034354388154940185,0.018904592695778044,0.01598787698773929,0.3122925096067768,-0.24593013557075438,2026-02-28,791,ok,0.00045485019676998553,0.07309641738017002,0.004099177461357351,0.00020373192722859785,0.015265421953055427,-0.13589365278941712
CMP015,Duke Energy Corporation,DUK,^GSPC,USD,NYSE,PRIMARY_DIRECT,Raw Materials & Energy,False,2024-05-02,90.75308227539062,5064.2001953125,-0.0047104606666033,0.009128437077573048,-0.013838897744176348,0.011202106055442806,0.3242716892080926,-0.25976903331493073,2026-02-28,791,ok,0.00045485019676998553,0.07309641738017002,0.004099177461357351,0.0011221062434208845,-0.0058325669100241844,-0.1417262196994413
CMP015,Duke Energy Corporation,DUK,^GSPC,USD,NYSE,PRIMARY_DIRECT,Raw Materials & Energy,False,2024-05-03,91.6212387084961,5127.7900390625,0.009566137164036315,0.012556739721478527,-0.0029906025574422124,0.020875404102531636,0.3409002241300012,-0.26275963587237294,2026-02-28,791,ok,0.00045485019676998553,0.07309641738017002,0.004099177461357351,0.0013727028843853397,0.008193434279650975,-0.13353278541979033
CMP015,Duke Energy Corporation,DUK,^GSPC,USD,NYSE,PRIMARY_DIRECT,Raw Materials & Energy,False,2024-05-06,91.76744842529295,5180.740234375,0.0015958059382066292,0.01032612390701182,-0.00873031796880519,0.022504523134567522,0.3547465259913076,-0.27148995384117813,2026-02-28,791,ok,0.00045485019676998553,0.07309641738017002,0.004099177461357351,0.0012096528597962735,0.00038615307841035566,-0.13314663234137997
CMP015,Duke Energy Corporation,DUK,^GSPC,USD,NYSE,PRIMARY_DIRECT,Raw Materials & Energy,False,2024-05-07,93.4489288330078,5187.7001953125,0.018323277333832877,0.0013434298232750663,0.01697984751055781,0.041240157087060636,0.35656653287730267,-0.2545101063306203,2026-02-28,791,ok,0.00045485019676998553,0.07309641738017002,0.004099177461357351,0.0005530501038530679,0.01777022722997981,-0.11537640511140015
CMP015,Duke Energy Corporation,DUK,^GSPC,USD,NYSE,PRIMARY_DIRECT,Raw Materials & Energy,False,2024-05-08,93.55855560302734,5187.669921875,0.0011731196000699384,-5.835618166138978e-06,0.0011789552182360774,0.042461656323719454,0.3565586164729999,-0.25333115111238425,2026-02-28,791,ok,0.00045485019676998553,0.07309641738017002,0.004099177461357351,0.00045442363398884213,0.0007186959660810963,-0.11465770914531906
CMP015,Duke Energy Corporation,DUK,^GSPC,USD,NYSE,PRIMARY_DIRECT,Raw Materials & Energy,False,2024-05-09,94.14342498779295,5214.080078125,0.006251372533445654,0.005090947698625836,0.0011604248348198176,0.04897847248923193,0.36346478543958427,-0.2521707262775644,2026-02-28,791,ok,0.00045485019676998553,0.07309641738017002,0.004099177461357351,0.0008269802346093557,0.005424392298836298,-0.10923331684648276
CMP015,Duke Energy Corporation,DUK,^GSPC,USD,NYSE,PRIMARY_DIRECT,Raw Materials & Energy,False,2024-05-10,93.82359313964844,5222.68017578125,-0.0033972829030385343,0.001649398844549843,-0.005046681747588377,0.04541479585898878,0.3657136826812728,-0.2572174080251528,2026-02-28,791,ok,0.00045485019676998553,0.07309641738017002,0.004099177461357351,0.000575415343137571,-0.003972698246176106,-0.11320601509265886
CMP015,Duke Energy Corporation,DUK,^GSPC,USD,NYSE,PRIMARY_DIRECT,Raw Materials & Energy,False,2024-05-13,94.02464294433594,5221.419921875,0.0021428491273858263,-0.00024130405535727206,0.0023841531827430984,0.04765496204205144,0.3653841304311849,-0.2548332548424097,2026-02-28,791,ok,0.00045485019676998553,0.07309641738017002,0.004099177461357351,0.0004372117348240627,0.0017056373925617636,-0.1115003777000971
CMP015,Duke Energy Corporation,DUK,^GSPC,USD,NYSE,PRIMARY_DIRECT,Raw Materials & Energy,False,2024-05-14,93.49461364746094,5246.68017578125,-0.00563713171650948,0.004837813139759728,-0.010474944856269208,0.041749193027565745,0.3719896037182042,-0.2653081996986789,2026-02-28,791,ok,0.00045485019676998553,0.07309641738017002,0.004099177461357351,0.0008084770052411334,-0.0064456087217506135,-0.11794598642184771
CMP015,Duke Energy Corporation,DUK,^GSPC,USD,NYSE,PRIMARY_DIRECT,Raw Materials & Energy,False,2024-05-15,94.44498443603516,5308.14990234375,0.010164979045293121,0.011715927882596233,-0.0015509488373031122,0.052338551745142015,0.3880637349710385,-0.266859148535982,2026-02-28,791,ok,0.00045485019676998553,0.07309641738017002,0.004099177461357351,0.0013112425512722113,0.00885373649402091,-0.1090922499278268
CMP015,Duke Energy Corporation,DUK,^GSPC,USD,NYSE,PRIMARY_DIRECT,Raw Materials & Energy,False,2024-05-16,94.92033386230467,5297.10009765625,0.005033082795322663,-0.0020816677921287052,0.007114750587451368,0.057635058804785366,0.3851742474005275,-0.25974439794853066,2026-02-28,791,ok,0.00045485019676998553,0.07309641738017002,0.004099177461357351,0.0003026877389896887,0.004730395056332975,-0.10436185487149383
CMP015,Duke Energy Corporation,DUK,^GSPC,USD,NYSE,PRIMARY_DIRECT,Raw Materials & Energy,False,2024-05-17,95.88946533203124,5303.27001953125,0.010209945859781966,0.0011647735102702228,0.009045172349511743,0.06843345549458957,0.3867876616710082,-0.2506992255990189,2026-02-28,791,ok,0.00045485019676998553,0.07309641738017002,0.004099177461357351,0.0005399909674300635,0.009669954892351902,-0.09469189997914193
CMP015,Duke Energy Corporation,DUK,^GSPC,USD,NYSE,PRIMARY_DIRECT,Raw Materials & Energy,False,2024-05-20,95.67717742919922,5308.1298828125,-0.0022138813903794796,0.0009163899374069473,-0.003130271327786427,0.06606807055061115,0.3880584999294836,-0.25382949692680534,2026-02-28,791,ok,0.00045485019676998553,0.07309641738017002,0.004099177461357351,0.0005218350181176716,-0.002735716408497151,-0.09742761638763908
CMP015,Duke Energy Corporation,DUK,^GSPC,USD,NYSE,PRIMARY_DIRECT,Raw Materials & Energy,False,2024-05-21,96.34172821044922,5321.41015625,0.006945760724826666,0.002501874243978186,0.00444388648084848,0.07347272428503326,0.39153124773959225,-0.24938561044595686,2026-02-28,791,ok,0.00045485019676998553,0.07309641738017002,0.004099177461357351,0.0006377282407405123,0.006308032484086154,-0.09111958390355293
CMP015,Duke Energy Corporation,DUK,^GSPC,USD,NYSE,PRIMARY_DIRECT,Raw Materials & Energy,False,2024-05-22,95.47412872314452,5307.009765625,-0.009005438281214029,-0.002706123039226127,-0.006299315241987902,0.06380563191991762,0.387765592970281,-0.25568492568794476,2026-02-28,791,ok,0.00045485019676998553,0.07309641738017002,0.004099177461357351,0.00025704229761261833,-0.009262480578826646,-0.10038206448237957
CMP015,Duke Energy Corporation,DUK,^GSPC,USD,NYSE,PRIMARY_DIRECT,Raw Materials & Energy,False,2024-05-23,93.9511947631836,5267.83984375,-0.015951273714967518,-0.0073807894850155265,-0.008570484229951991,0.04683657710563893,0.37752278727401967,-0.26425540991789676,2026-02-28,791,ok,0.00045485019676998553,0.07309641738017002,0.004099177461357351,-8.465907202187951e-05,-0.01586661464294564,-0.11624867912532522
CMP015,Duke Energy Corporation,DUK,^GSPC,USD,NYSE,PRIMARY_DIRECT,Raw Materials & Energy,False,2024-05-24,94.30193328857422,5304.72021484375,0.0037331992027851424,0.0070010425881694704,-0.003267843385384328,0.050744626580736085,0.387166882973899,-0.2675232533032811,2026-02-28,791,ok,0.00045485019676998553,0.07309641738017002,0.004099177461357351,0.0009666013278911669,0.0027665978748939754,-0.11348208125043124
CMP015,Duke Energy Corporation,DUK,^GSPC,USD,NYSE,PRIMARY_DIRECT,Raw Materials & Energy,False,2024-05-28,93.38817596435548,5306.0400390625,-0.009689698740560693,0.0002488018529340774,-0.00993850059349477,0.04056322769590581,0.3875120126647118,-0.27746175389677585,2026-02-28,791,ok,0.00045485019676998553,0.07309641738017002,0.004099177461357351,0.0004730367208570145,-0.010162735461417707,-0.12364481671184895
CMP015,Duke Energy Corporation,DUK,^GSPC,USD,NYSE,PRIMARY_DIRECT,Raw Materials & Energy,False,2024-05-29,92.68669891357422,5266.9501953125,-0.00751141184135562,-0.007367046509680453,-0.00014436533167516696,0.03274712874571151,0.3772901471346706,-0.277606119228451,2026-02-28,791,ok,0.00045485019676998553,0.07309641738017002,0.004099177461357351,-8.36545097607416e-05,-0.007427757331594878,-0.13107257404344383
CMP015,Duke Energy Corporation,DUK,^GSPC,USD,NYSE,PRIMARY_DIRECT,Raw Materials & Energy,False,2024-05-30,93.49893188476562,5235.47998046875,0.008763209615964218,-0.005975035585443322,0.01473824520140754,0.04179730831519546,0.3690607894940605,-0.2628678740270435,2026-02-28,791,ok,0.00045485019676998553,0.07309641738017002,0.004099177461357351,1.8096501755051947e-05,0.008745113114209167,-0.12232746092923466
CMP015,Duke Energy Corporation,DUK,^GSPC,USD,NYSE,PRIMARY_DIRECT,Raw Materials & Energy,False,2024-05-31,95.59410858154295,5277.509765625,0.022408562905933183,0.00802787620486467,0.014380686701068512,0.06514248883380835,0.3800514400290531,-0.24848718732597497,2026-02-28,791,ok,0.00045485019676998553,0.07309641738017002,0.004099177461357351,0.0010416591865171087,0.021366903719416075,-0.10096055720981859
CMP015,Duke Energy Corporation,DUK,^GSPC,USD,NYSE,PRIMARY_DIRECT,Raw Materials & Energy,False,2024-06-03,95.44644165039062,5283.39990234375,-0.001544728366041137,0.0011160825806737495,-0.0026608109467148866,0.0634971330174312,0.38159169140170324,-0.25114799827268985,2026-02-28,791,ok,0.00045485019676998553,0.07309641738017002,0.004099177461357351,0.0005364318349176512,-0.002081160200958788,-0.10304171741077738
CMP015,Duke Energy Corporation,DUK,^GSPC,USD,NYSE,PRIMARY_DIRECT,Raw Materials & Energy,False,2024-06-04,96.54480743408205,5291.33984375,0.011507666128765859,0.0015028090913065117,0.010004857037459347,0.0757355029530955,0.3836679599560153,-0.2411431412352305,2026-02-28,791,ok,0.00045485019676998553,0.07309641738017002,0.004099177461357351,0.0005647001573508404,0.010942965971415019,-0.09209875143936236
CMP015,Duke Energy Corporation,DUK,^GSPC,USD,NYSE,PRIMARY_DIRECT,Raw Materials & Energy,False,2024-06-05,95.25260925292967,5354.02978515625,-0.013384439986942276,0.011847649793331305,-0.02523208978027358,0.061337385671996536,0.40006117337582725,-0.2663752310155041,2026-02-28,791,ok,0.00045485019676998553,0.07309641738017002,0.004099177461357351,0.0013208709510374155,-0.014705310937979691,-0.10680406237734205
CMP015,Duke Energy Corporation,DUK,^GSPC,USD,NYSE,PRIMARY_DIRECT,Raw Materials & Energy,False,2024-06-06,94.93878936767578,5352.9599609375,-0.0032946067064744122,-0.00019981663563317653,-0.0030947900708412357,0.05784069640332956,0.39978141786248256,-0.2694700210863453,2026-02-28,791,ok,0.00045485019676998553,0.07309641738017002,0.004099177461357351,0.0004402443165722415,-0.003734851023046654,-0.11053891340038871
CMP015,Duke Energy Corporation,DUK,^GSPC,USD,NYSE,PRIMARY_DIRECT,Raw Materials & Energy,False,2024-06-07,94.71728515625,5346.990234375,-0.0023331265639795484,-0.0011152197300303701,-0.0012179068339491783,0.05537262017409228,0.3982203540075524,-0.2706879279202945,2026-02-28,791,ok,0.00045485019676998553,0.07309641738017002,0.004099177461357351,0.0003733316299130851,-0.0027064581938926334,-0.11324537159428134
CMP015,Duke Energy Corporation,DUK,^GSPC,USD,NYSE,PRIMARY_DIRECT,Raw Materials & Energy,False,2024-06-10,94.62496948242188,5360.7900390625,-0.0009746444239384644,0.0025808546645145203,-0.0035554990884529847,0.054344007134662364,0.40182895753021186,-0.2742434270087475,2026-02-28,791,ok,0.00045485019676998553,0.07309641738017002,0.004099177461357351,0.0006435014265248975,-0.001618145850463362,-0.11486351744474471
CMP015,Duke Energy Corporation,DUK,^GSPC,USD,NYSE,PRIMARY_DIRECT,Raw Materials & Energy,False,2024-06-11,94.47731018066406,5375.31982421875,-0.0015604686856489636,0.0027103813151374556,-0.004270850000786419,0.052698736327627005,0.40562844854372027,-0.2785142770095339,2026-02-28,791,ok,0.00045485019676998553,0.07309641738017002,0.004099177461357351,0.0006529693606406871,-0.002213438046289651,-0.11707695549103436
CMP015,Duke Energy Corporation,DUK,^GSPC,USD,NYSE,PRIMARY_DIRECT,Raw Materials & Energy,False,2024-06-12,93.51739501953124,5421.02978515625,-0.010160271913936092,0.008503672791998707,-0.0186639447059348,0.04200303092308144,0.4175814529372608,-0.2971782217154687,2026-02-28,791,ok,0.00045485019676998553,0.07309641738017002,0.004099177461357351,0.0010764382124383185,-0.011236710126374411,-0.12831366561740878
CMP015,Duke Energy Corporation,DUK,^GSPC,USD,NYSE,PRIMARY_DIRECT,Raw Materials & Energy,False,2024-06-13,93.46200561523438,5433.740234375,-0.0005922898545804856,0.0023446558536817097,-0.0029369457082621953,0.04138586309942349,0.4209051935889607,-0.3001151674237309,2026-02-28,791,ok,0.00045485019676998553,0.07309641738017002,0.004099177461357351,0.0006262361396635627,-0.0012185259942440482,-0.12953219161165283
CMP015,Duke Energy Corporation,DUK,^GSPC,USD,NYSE,PRIMARY_DIRECT,Raw Materials & Energy,False,2024-06-14,94.47731018066406,5431.60009765625,0.01086328673075454,-0.000393860697500914,0.011257147428255454,0.05269873632762678,0.42034555487833103,-0.28885801999547545,2026-02-28,791,ok,0.00045485019676998553,0.07309641738017002,0.004099177461357351,0.0004260603908358138,0.010437226339918726,-0.1190949652717341
CMP015,Duke Energy Corporation,DUK,^GSPC,USD,NYSE,PRIMARY_DIRECT,Raw Materials & Energy,False,2024-06-17,93.03743743896484,5473.22998046875,-0.01524040787090386,0.007664386564552705,-0.022904794435456566,0.03665517822080866,0.4312316322661627,-0.311762814430932,2026-02-28,791,ok,0.00045485019676998553,0.07309641738017002,0.004099177461357351,0.0010150893960554975,-0.016255497266959358,-0.13535046253869346
CMP015,Duke Energy Corporation,DUK,^GSPC,USD,NYSE,PRIMARY_DIRECT,Raw Materials & Energy,False,2024-06-18,92.32672882080078,5487.02978515625,-0.00763895306800888,0.0025213273947457537,-0.010160280462754634,0.028736217966671473,0.43484023578882214,-0.32192309489368665,2026-02-28,791,ok,0.00045485019676998553,0.07309641738017002,0.004099177461357351,0.0006391501963683778,-0.008278103264377258,-0.1436285658030707
CMP015,Duke Energy Corporation,DUK,^GSPC,USD,NYSE,PRIMARY_DIRECT,Raw Materials & Energy,False,2024-06-20,92.3913345336914,5473.169921875,0.0006997509141259961,-0.0025259318472709014,0.0032256827613968975,0.02945607707558806,0.4312159271414975,-0.31869741213228975,2026-02-28,791,ok,0.00045485019676998553,0.07309641738017002,0.004099177461357351,0.00027021362818800785,0.00042953728593798826,-0.14319902851713273
CMP015,Duke Energy Corporation,DUK,^GSPC,USD,NYSE,PRIMARY_DIRECT,Raw Materials & Energy,False,2024-06-21,92.15135955810548,5464.6201171875,-0.0025973753577335223,-0.001562130321101196,-0.0010352450366323263,0.026782193229123008,0.42898018134566684,-0.3197326571689221,2026-02-28,791,ok,0.00045485019676998553,0.07309641738017002,0.004099177461357351,0.0003406640668165535,-0.002938039424550076,-0.1461370679416828
CMP015,Duke Energy Corporation,DUK,^GSPC,USD,NYSE,PRIMARY_DIRECT,Raw Materials & Energy,False,2024-06-24,93.69275665283205,5447.8701171875,0.016726797109864133,-0.003065171894990004,0.019791969004854137,0.0439569706512879,0.4246001114553084,-0.29994068816406794,2026-02-28,791,ok,0.00045485019676998553,0.07309641738017002,0.004099177461357351,0.00023079711259182953,0.016495999997272304,-0.1296410679444105
CMP015,Duke Energy Corporation,DUK,^GSPC,USD,NYSE,PRIMARY_DIRECT,Raw Materials & Energy,False,2024-06-25,92.48363494873048,5469.2998046875,-0.012905178023332464,0.003933590015736899,-0.016838768039069363,0.030484520096334178,0.43020390423014665,-0.3167794562031373,2026-02-28,791,ok,0.00045485019676998553,0.07309641738017002,0.004099177461357351,0.0007423815343627594,-0.013647559557695223,-0.14328862750210572
CMP015,Duke Energy Corporation,DUK,^GSPC,USD,NYSE,PRIMARY_DIRECT,Raw Materials & Energy,False,2024-06-26,92.2528839111328,5477.89990234375,-0.0024950472343091556,0.0015724312002203256,-0.004067478434529481,0.02791341254446933,0.43245280147183496,-0.3208469346376668,2026-02-28,791,ok,0.00045485019676998553,0.07309641738017002,0.004099177461357351,0.0005697892840828921,-0.0030648365183920476,-0.14635346402049776
CMP015,Duke Energy Corporation,DUK,^GSPC,USD,NYSE,PRIMARY_DIRECT,Raw Materials & Energy,False,2024-06-27,92.84359741210938,5482.8701171875,0.006403198208368321,0.0009073212238914774,0.005495876984476844,0.03449534586603176,0.43375249630083323,-0.31535105765318994,2026-02-28,791,ok,0.00045485019676998553,0.07309641738017002,0.004099177461357351,0.0005211721276494436,0.005882026080718878,-0.14047143793977887
CMP015,Duke Energy Corporation,DUK,^GSPC,USD,NYSE,PRIMARY_DIRECT,Raw Materials & Energy,False,2024-06-28,92.51132202148438,5460.47998046875,-0.003578872425096913,-0.004083652583445674,0.000504780158348761,0.03079301899882081,0.42789754921529255,-0.3148462774948412,2026-02-28,791,ok,0.00045485019676998553,0.07309641738017002,0.004099177461357351,0.00015634982309483097,-0.003735222248191744,-0.14420666018797063
CMP015,Duke Energy Corporation,DUK,^GSPC,USD,NYSE,PRIMARY_DIRECT,Raw Materials & Energy,False,2024-07-01,91.69908905029295,5475.08984375,-0.008779822333560339,0.0026755639309195,-0.011455386264479839,0.021742839429336858,0.4317179803950213,-0.326301663759321,2026-02-28,791,ok,0.00045485019676998553,0.07309641738017002,0.004099177461357351,0.0006504243345918057,-0.009430246668152144,-0.15363690685612277
CMP015,Duke Energy Corporation,DUK,^GSPC,USD,NYSE,PRIMARY_DIRECT,Raw Materials & Energy,False,2024-07-02,92.12366485595705,5509.009765625,0.004630098401863458,0.006195317856513505,-0.0015652194546500464,0.026473609317294144,0.44058792836445404,-0.32786688321397106,2026-02-28,791,ok,0.00045485019676998553,0.07309641738017002,0.004099177461357351,0.0009077057366125169,0.0037223926652509413,-0.14991451419087184
CMP015,Duke Energy Corporation,DUK,^GSPC,USD,NYSE,PRIMARY_DIRECT,Raw Materials & Energy,False,2024-07-03,92.15135955810548,5537.02001953125,0.0003006252757284944,0.005084444409779065,-0.004783819134050571,0.02678219322912323,0.44791251760362183,-0.33265070234802163,2026-02-28,791,ok,0.00045485019676998553,0.07309641738017002,0.004099177461357351,0.0008265048674934683,-0.0005258795917649739,-0.15044039378263682
CMP015,Duke Energy Corporation,DUK,^GSPC,USD,NYSE,PRIMARY_DIRECT,Raw Materials & Energy,False,2024-07-05,92.81591033935548,5567.18994140625,0.007211513584137297,0.005448765178485582,0.001762748405651715,0.03418684696354535,0.4558018529110339,-0.3308879539423699,2026-02-28,791,ok,0.00045485019676998553,0.07309641738017002,0.004099177461357351,0.0008531354104631041,0.006358378173674193,-0.14408201560896264
CMP015,Duke Energy Corporation,DUK,^GSPC,USD,NYSE,PRIMARY_DIRECT,Raw Materials & Energy,False,2024-07-08,92.88975524902344,5572.85009765625,0.0007956061562932604,0.0010166989647510949,-0.00022109280845783452,0.03500965238574705,0.4572819651477713,-0.33110904675082775,2026-02-28,791,ok,0.00045485019676998553,0.07309641738017002,0.004099177461357351,0.0005291672486474183,0.0002664389076458421,-0.14381557670131678
CMP015,Duke Energy Corporation,DUK,^GSPC,USD,NYSE,PRIMARY_DIRECT,Raw Materials & Energy,False,2024-07-09,93.1666488647461,5576.97998046875,0.0029808843287437714,0.0007410719362856977,0.0022398123924580737,0.03809489643864228,0.45836191591539754,-0.3288692343583697,2026-02-28,791,ok,0.00045485019676998553,0.07309641738017002,0.004099177461357351,0.0005090199003334557,0.0024718644284103157,-0.14134371227290646
CMP015,Duke Energy Corporation,DUK,^GSPC,USD,NYSE,PRIMARY_DIRECT,Raw Materials & Energy,False,2024-07-10,94.91112518310548,5633.91015625,0.01872425744208006,0.010208065293514812,0.00851619214856525,0.05753245252886896,0.47324896957463736,-0.32035304220980443,2026-02-28,791,ok,0.00045485019676998553,0.07309641738017002,0.004099177461357351,0.0012010231981087719,0.01752323424397129,-0.12382047802893517
CMP015,Duke Energy Corporation,DUK,^GSPC,USD,NYSE,PRIMARY_DIRECT,Raw Materials & Energy,False,2024-07-11,96.41558074951172,5584.5400390625,0.015851203570748984,-0.008763028841120457,0.02461423241186944,0.07429561471657742,0.4603388463641038,-0.295738809797935,2026-02-28,791,ok,0.00045485019676998553,0.07309641738017002,0.004099177461357351,-0.00018569581691502298,0.016036899387664005,-0.10778357864127117
CMP015,Duke Energy Corporation,DUK,^GSPC,USD,NYSE,PRIMARY_DIRECT,Raw Materials & Energy,False,2024-07-12,97.27395629882812,5615.35009765625,0.008902871741720553,0.0055170270744306915,0.0033858446672898612,0.08385993078709197,0.46839557531733744,-0.2923529651306451,2026-02-28,791,ok,0.00045485019676998553,0.07309641738017002,0.004099177461357351,0.0008581251105002697,0.008044746631220283,-0.09973883201005088
CMP015,Duke Energy Corporation,DUK,^GSPC,USD,NYSE,PRIMARY_DIRECT,Raw Materials & Energy,False,2024-07-15,97.20934295654295,5631.22021484375,-0.0006642409206291111,0.0028262026252154904,-0.0034904435458446015,0.08313998666883293,0.4725455587471541,-0.2958434086764897,2026-02-28,791,ok,0.00045485019676998553,0.07309641738017002,0.004099177461357351,0.0006614354834636692,-0.0013256764040927803,-0.10106450841414366
CMP015,Duke Energy Corporation,DUK,^GSPC,USD,NYSE,PRIMARY_DIRECT,Raw Materials & Energy,False,2024-07-16,98.32615661621094,5667.2001953125,0.011488748156308848,0.006389375498743188,0.0050993726575656595,0.09558390919369897,0.4819542052609962,-0.29074403601892407,2026-02-28,791,ok,0.00045485019676998553,0.07309641738017002,0.004099177461357351,0.0009218906550247496,0.010566857501284098,-0.09049765091285956
CMP015,Duke Energy Corporation,DUK,^GSPC,USD,NYSE,PRIMARY_DIRECT,Raw Materials & Energy,False,2024-07-17,99.23992156982422,5588.27001953125,0.009293203203089906,-0.013927543241993745,0.02322074644508365,0.1057653930878717,0.4613142239845691,-0.2675232895738404,2026-02-28,791,ok,0.00045485019676998553,0.07309641738017002,0.004099177461357351,-0.0005632033171271556,0.009856406520217062,-0.0806412443926425
CMP015,Duke Energy Corporation,DUK,^GSPC,USD,NYSE,PRIMARY_DIRECT,Raw Materials & Energy,False,2024-07-18,98.67691040039062,5544.58984375,-0.005673232712477105,-0.007816403936922511,0.002143171224445406,0.09949212868748059,0.4498920017311352,-0.265380118349395,2026-02-28,791,ok,0.00045485019676998553,0.07309641738017002,0.004099177461357351,-0.00011650092781530653,-0.005556731784661799,-0.0861979761773043
CMP015,Duke Energy Corporation,DUK,^GSPC,USD,NYSE,PRIMARY_DIRECT,Raw Materials & Energy,False,2024-07-19,98.6861343383789,5505.0,9.347615314325708e-05,-0.007140265531926926,0.007233741685070183,0.09959490498208168,0.43953938784615776,-0.25814637666432483,2026-02-28,791,ok,0.00045485019676998553,0.07309641738017002,0.004099177461357351,-6.70776327569867e-05,0.00016055378590024377,-0.08603742239140406
CMP015,Duke Energy Corporation,DUK,^GSPC,USD,NYSE,PRIMARY_DIRECT,Raw Materials & Energy,False,2024-07-22,99.25839233398438,5564.41015625,0.005798767977305497,0.01079203564940956,-0.0049932676721040625,0.10597120070510013,0.4550749482385228,-0.2631396443364289,2026-02-28,791,ok,0.00045485019676998553,0.07309641738017002,0.004099177461357351,0.0012437093389809008,0.004555058638324596,-0.08148236375307946
CMP015,Duke Energy Corporation,DUK,^GSPC,USD,NYSE,PRIMARY_DIRECT,Raw Materials & Energy,False,2024-07-23,98.8707275390625,5555.740234375,-0.0039056122692120443,-0.001558102589770738,-0.0023475096794413064,0.10165170601423101,0.45280779219336176,-0.2654871540158702,2026-02-28,791,ok,0.00045485019676998553,0.07309641738017002,0.004099177461357351,0.00034095847954697985,-0.004246570748759024,-0.08572893450183848
CMP015,Duke Energy Corporation,DUK,^GSPC,USD,NYSE,PRIMARY_DIRECT,Raw Materials & Energy,False,2024-07-24,100.23674774169922,5427.1298828125,0.013816224848725023,-0.02314909375473495,0.03696531860345997,0.1168723736895052,0.41917660840426807,-0.22852183541241022,2026-02-28,791,ok,0.00045485019676998553,0.07309641738017002,0.004099177461357351,-0.0012372656222988075,0.01505349047102383,-0.07067544403081465
CMP015,Duke Energy Corporation,DUK,^GSPC,USD,NYSE,PRIMARY_DIRECT,Raw Materials & Energy,False,2024-07-25,99.27684783935548,5399.22021484375,-0.009576327284852693,-0.005142620237842288,-0.0044337070470104045,0.1061768383036441,0.41187832205681585,-0.23295554245942063,2026-02-28,791,ok,0.00045485019676998553,0.07309641738017002,0.004099177461357351,7.894308143695645e-05,-0.009655270366289648,-0.08033071439710429
CMP015,Duke Energy Corporation,DUK,^GSPC,USD,NYSE,PRIMARY_DIRECT,Raw Materials & Energy,False,2024-07-26,99.7106475830078,5459.10009765625,0.004369596266334597,0.011090468702846357,-0.00672087243651176,0.1110103844862016,0.4275367143998141,-0.2396764148959324,2026-02-28,791,ok,0.00045485019676998553,0.07309641738017002,0.004099177461357351,0.0012655237260149556,0.003104072540319641,-0.07722664185678466
CMP015,Duke Energy Corporation,DUK,^GSPC,USD,NYSE,PRIMARY_DIRECT,Raw Materials & Energy,False,2024-07-29,100.31060028076172,5463.5400390625,0.0060169371305554,0.0008133101292933098,0.00520362700126209,0.11769526412104936,0.42869774446957365,-0.2344727878946703,2026-02-28,791,ok,0.00045485019676998553,0.07309641738017002,0.004099177461357351,0.0005143002534403294,0.005502636877115071,-0.07172400497966959
CMP015,Duke Energy Corporation,DUK,^GSPC,USD,NYSE,PRIMARY_DIRECT,Raw Materials & Energy,False,2024-07-30,101.4366455078125,5436.43994140625,0.011225585570209695,-0.004960171878030217,0.016185757448239912,0.13024204794985828,0.4216111580952504,-0.21828703044643039,2026-02-28,791,ok,0.00045485019676998553,0.07309641738017002,0.004099177461357351,9.227940289610701e-05,0.011133306167313587,-0.060590698812356
CMP015,Duke Energy Corporation,DUK,^GSPC,USD,NYSE,PRIMARY_DIRECT,Raw Materials & Energy,False,2024-07-31,100.85515594482422,5522.2998046875,-0.005732539360674083,0.0157933986591674,-0.021525938019841484,0.12376289092289672,0.4440632298533693,-0.23981296846627187,2026-02-28,791,ok,0.00045485019676998553,0.07309641738017002,0.004099177461357351,0.0016092910570119036,-0.007341830417685986,-0.06793252923004199
CMP015,Duke Energy Corporation,DUK,^GSPC,USD,NYSE,PRIMARY_DIRECT,Raw Materials & Energy,False,2024-08-01,103.9287109375,5446.68017578125,0.030474941651542853,-0.013693502993456064,0.04416844464499892,0.15800949945394116,0.4242889456926324,-0.19564452382127295,2026-02-28,791,ok,0.00045485019676998553,0.07309641738017002,0.004099177461357351,-0.0005460958134362864,0.03102103746497914,-0.03691149176506285
CMP015,Duke Energy Corporation,DUK,^GSPC,USD,NYSE,PRIMARY_DIRECT,Raw Materials & Energy,False,2024-08-02,105.14706420898438,5346.56005859375,0.011722971068284016,-0.018381860868696753,0.03010483193698077,0.17158481131283776,0.3981078644560876,-0.16553969188429218,2026-02-28,791,ok,0.00045485019676998553,0.07309641738017002,0.004099177461357351,-0.0008887979775124871,0.012611769045796504,-0.024299722719266347
CMP015,Duke Energy Corporation,DUK,^GSPC,USD,NYSE,PRIMARY_DIRECT,Raw Materials & Energy,False,2024-08-05,102.46116638183594,5186.330078125,-0.02554420180301087,-0.02996879838863975,0.004424596585628882,0.1416576124633202,0.35620825174063153,-0.1611150952986633,2026-02-28,791,ok,0.00045485019676998553,0.07309641738017002,0.004099177461357351,-0.0017357615986281923,-0.023808440204382678,-0.04810816292364903
CMP015,Duke Energy Corporation,DUK,^GSPC,USD,NYSE,PRIMARY_DIRECT,Raw Materials & Energy,False,2024-08-06,104.22406768798828,5240.02978515625,0.01720555570861504,0.010354085880061037,0.006851469828554002,0.16130046611472237,0.3702505484504015,-0.1542636254701093,2026-02-28,791,ok,0.00045485019676998553,0.07309641738017002,0.004099177461357351,0.001211696779849052,0.015993858928765987,-0.03211430399488304
CMP015,Duke Energy Corporation,DUK,^GSPC,USD,NYSE,PRIMARY_DIRECT,Raw Materials & Energy,False,2024-08-07,104.76863861083984,5199.5,0.005225001623251124,-0.007734647858502863,0.012959649481753988,0.16736826293525398,0.3596521429802173,-0.1413039759883553,2026-02-28,791,ok,0.00045485019676998553,0.07309641738017002,0.004099177461357351,-0.00011052485138377801,0.005335526474634903,-0.02677877752024814
CMP015,Duke Energy Corporation,DUK,^GSPC,USD,NYSE,PRIMARY_DIRECT,Raw Materials & Energy,False,2024-08-08,103.77181243896484,5319.31005859375,-0.009514547340618629,0.023042611519136447,-0.032557158859755075,0.1562612823336207,0.3909820791120717,-0.1738611348481104,2026-02-28,791,ok,0.00045485019676998553,0.07309641738017002,0.004099177461357351,0.002139182545901897,-0.011653729886520525,-0.038432507406768665
CMP015,Duke Energy Corporation,DUK,^GSPC,USD,NYSE,PRIMARY_DIRECT,Raw Materials & Energy,False,2024-08-09,103.99333190917967,5344.16015625,0.0021346786281208896,0.004671676849538509,-0.002536998221417619,0.158729528581542,0.3974802978891825,-0.176398133069528,2026-02-28,791,ok,0.00045485019676998553,0.07309641738017002,0.004099177461357351,0.00079633303762913,0.0013383455904917596,-0.03709416181627691
CMP015,Duke Energy Corporation,DUK,^GSPC,USD,NYSE,PRIMARY_DIRECT,Raw Materials & Energy,False,2024-08-12,104.63941955566406,5344.39013671875,0.006212779556372228,4.303397765514916e-05,0.0061697455787170785,0.16592845970807812,0.39754043702509545,-0.17022838749081093,2026-02-28,791,ok,0.00045485019676998553,0.07309641738017002,0.004099177461357351,0.00045799582636219525,0.005754783730010033,-0.03133937808626688
CMP015,Duke Energy Corporation,DUK,^GSPC,USD,NYSE,PRIMARY_DIRECT,Raw Materials & Energy,False,2024-08-13,104.96247100830078,5434.43017578125,0.0030872825366243806,0.016847579753558328,-0.013760297216933948,0.1695280102806882,0.4210856109966985,-0.18398868470774488,2026-02-28,791,ok,0.00045485019676998553,0.07309641738017002,0.004099177461357351,0.001686347918281787,0.0014009346183425937,-0.029938443467924285
CMP015,Duke Energy Corporation,DUK,^GSPC,USD,NYSE,PRIMARY_DIRECT,Raw Materials & Energy,False,2024-08-14,104.72248840332033,5455.2099609375,-0.002286365809370805,0.0038237284285767004,-0.006110094237947505,0.16685404142488092,0.4265194564469079,-0.19009877894569238,2026-02-28,791,ok,0.00045485019676998553,0.07309641738017002,0.004099177461357351,0.0007343510459336496,-0.0030207168553044545,-0.03295916032322874
CMP015,Duke Energy Corporation,DUK,^GSPC,USD,NYSE,PRIMARY_DIRECT,Raw Materials & Energy,False,2024-08-15,104.39944458007812,5543.22021484375,-0.003084760763113814,0.016133247764330783,-0.019218008527444597,0.16325457586161263,0.44953384827840437,-0.20931678747313698,2026-02-28,791,ok,0.00045485019676998553,0.07309641738017002,0.004099177461357351,0.001634132809049203,-0.004718893572163017,-0.03767805389539175
CMP015,Duke Energy Corporation,DUK,^GSPC,USD,NYSE,PRIMARY_DIRECT,Raw Materials & Energy,False,2024-08-16,104.61837768554688,5554.25,0.0020970715538704,0.001989779357261412,0.00010729219660898792,0.16569400394256162,0.45241810080736045,-0.209209495276528,2026-02-28,791,ok,0.00045485019676998553,0.07309641738017002,0.004099177461357351,0.0006002959391628121,0.0014967756147075879,-0.03618127828068416
CMP015,Duke Energy Corporation,DUK,^GSPC,USD,NYSE,PRIMARY_DIRECT,Raw Materials & Energy,False,2024-08-19,105.0096435546875,5608.25,0.0037399343958157694,0.009722284736913167,-0.005982350341097398,0.1700536230429026,0.4665389231404562,-0.2151918456176254,2026-02-28,791,ok,0.00045485019676998553,0.07309641738017002,0.004099177461357351,0.0011655143797882467,0.0025744200160275226,-0.03360685826465664
CMP015,Duke Energy Corporation,DUK,^GSPC,USD,NYSE,PRIMARY_DIRECT,Raw Materials & Energy,False,2024-08-20,104.69288635253906,5597.1201171875,-0.0030164582168443754,-0.0019845553982971165,-0.001031902818547259,0.16652420517752642,0.46362849540372486,-0.21622374843617265,2026-02-28,791,ok,0.00045485019676998553,0.07309641738017002,0.004099177461357351,0.0003097863070619899,-0.0033262445239063652,-0.036933102788563
CMP015,Duke Energy Corporation,DUK,^GSPC,USD,NYSE,PRIMARY_DIRECT,Raw Materials & Energy,False,2024-08-21,105.01895904541016,5620.85009765625,0.003114563980718632,0.004239676828782013,-0.001125112848063381,0.17015741944960872,0.46983380722163304,-0.21734886128423603,2026-02-28,791,ok,0.00045485019676998553,0.07309641738017002,0.004099177461357351,0.0007647553838036711,0.002349808596914961,-0.03458329419164804
CMP015,Duke Energy Corporation,DUK,^GSPC,USD,NYSE,PRIMARY_DIRECT,Raw Materials & Energy,False,2024-08-22,104.45069122314452,5570.64013671875,-0.005411097457364011,-0.008932805548120926,0.0035217080907569143,0.16382558361250932,0.456704067633668,-0.2138271531934791,2026-02-28,791,ok,0.00045485019676998553,0.07309641738017002,0.004099177461357351,-0.0001981058859513601,-0.005212991571412652,-0.03979628576306069
CMP015,Duke Energy Corporation,DUK,^GSPC,USD,NYSE,PRIMARY_DIRECT,Raw Materials & Energy,False,2024-08-23,104.67426300048828,5634.60986328125,0.0021404528273167855,0.01148337085011919,-0.009342918022802404,0.16631669737345622,0.47343194066118244,-0.22317007121628152,2026-02-28,791,ok,0.00045485019676998553,0.07309641738017002,0.004099177461357351,0.0012942434653615757,0.0008462093619552098,-0.03895007640110548
CMP015,Duke Energy Corporation,DUK,^GSPC,USD,NYSE,PRIMARY_DIRECT,Raw Materials & Energy,False,2024-08-26,105.27980041503906,5616.83984375,0.005784969458518807,-0.0031537266931381813,0.008938696151656988,0.17306380384672226,0.4687851390193969,-0.21423137506462453,2026-02-28,791,ok,0.00045485019676998553,0.07309641738017002,0.004099177461357351,0.00022432407410537367,0.005560645384413434,-0.03338943101669205
CMP015,Duke Energy Corporation,DUK,^GSPC,USD,NYSE,PRIMARY_DIRECT,Raw Materials & Energy,False,2024-08-27,104.24573516845705,5625.7998046875,-0.009822066935019635,0.0015951960865450143,-0.01141726302156465,0.16154189264629104,0.4711281393251361,-0.22564863808618918,2026-02-28,791,ok,0.00045485019676998553,0.07309641738017002,0.004099177461357351,0.0005714533157152937,-0.01039352025073493,-0.04378295126742698
CMP015,Duke Energy Corporation,DUK,^GSPC,USD,NYSE,PRIMARY_DIRECT,Raw Materials & Energy,False,2024-08-28,104.99100494384766,5592.18017578125,0.00714916321695358,-0.00597597320797616,0.01312513642492974,0.16984594522014862,0.46233671697902934,-0.21252350166125944,2026-02-28,791,ok,0.00045485019676998553,0.07309641738017002,0.004099177461357351,1.802796490704662e-05,0.007131135252046533,-0.036651816015380444
CMP015,Duke Energy Corporation,DUK,^GSPC,USD,NYSE,PRIMARY_DIRECT,Raw Materials & Energy,False,2024-08-29,105.26116943359376,5591.9599609375,0.002573215580616628,-3.937906806072977e-05,0.0026125946486773577,0.17285621103331028,0.4622791315219237,-0.20991090701258208,2026-02-28,791,ok,0.00045485019676998553,0.07309641738017002,0.004099177461357351,0.0004519717279749763,0.002121243852641652,-0.03453057216273879
CMP015,Duke Energy Corporation,DUK,^GSPC,USD,NYSE,PRIMARY_DIRECT,Raw Materials & Energy,False,2024-08-30,106.15550231933594,5648.39990234375,0.00849632291332636,0.010093051774424433,-0.0015967288610980734,0.18282117613314974,0.4770379905050348,-0.21150763587368016,2026-02-28,791,ok,0.00045485019676998553,0.07309641738017002,0.004099177461357351,0.0011926161219129794,0.00730370679141338,-0.02722686537132541
CMP015,Duke Energy Corporation,DUK,^GSPC,USD,NYSE,PRIMARY_DIRECT,Raw Materials & Energy,False,2024-09-03,107.8696517944336,5528.93017578125,0.016147532983652235,-0.02115107439771169,0.037298607381363924,0.20192082008852208,0.44579705007961623,-0.17420902849231623,2026-02-28,791,ok,0.00045485019676998553,0.07309641738017002,0.004099177461357351,-0.001091217565444176,0.01723875054909641,-0.009988114822229
CMP015,Duke Energy Corporation,DUK,^GSPC,USD,NYSE,PRIMARY_DIRECT,Raw Materials & Energy,False,2024-09-04,109.05277252197266,5520.06982421875,0.01096805920717836,-0.0016025435809103872,0.012570602788088747,0.2151035588055934,0.443480097297712,-0.16163842570422748,2026-02-28,791,ok,0.00045485019676998553,0.07309641738017002,0.004099177461357351,0.0003377100023098476,0.010630349204868512,0.0006422343826395123
CMP015,Duke Energy Corporation,DUK,^GSPC,USD,NYSE,PRIMARY_DIRECT,Raw Materials & Energy,False,2024-09-05,108.85713958740234,5503.41015625,-0.0017939290312943834,-0.003018017615584734,0.0012240885842903504,0.212923749255423,0.4391236489363215,-0.16041433711993713,2026-02-28,791,ok,0.00045485019676998553,0.07309641738017002,0.004099177461357351,0.00023424392148049832,-0.0020281729527748815,-0.0013859385701353692
CMP015,Duke Energy Corporation,DUK,^GSPC,USD,NYSE,PRIMARY_DIRECT,Raw Materials & Energy,False,2024-09-06,108.62423706054688,5408.419921875,-0.002139524589183872,-0.01726024985928465,0.015120725270100777,0.21032866906908598,0.4142840151772751,-0.14529361184983636,2026-02-28,791,ok,0.00045485019676998553,0.07309641738017002,0.004099177461357351,-0.000806812231030306,-0.001332712358153566,-0.0027186509282889353
CMP015,Duke Energy Corporation,DUK,^GSPC,USD,NYSE,PRIMARY_DIRECT,Raw Materials & Energy,False,2024-09-09,109.14592742919922,5471.0498046875,0.004802706861467332,0.0115800702824842,-0.006777363421016869,0.21614152287265465,0.4306615234724218,-0.15207097527085323,2026-02-28,791,ok,0.00045485019676998553,0.07309641738017002,0.004099177461357351,0.001301311847430154,0.0035013950140371777,0.0007827440857482424
CMP015,Duke Energy Corporation,DUK,^GSPC,USD,NYSE,PRIMARY_DIRECT,Raw Materials & Energy,False,2024-09-10,108.93165588378906,5495.52001953125,-0.0019631657401889546,0.004472672652839682,-0.006435838393028637,0.21375403549972982,0.4370604041439268,-0.15850681366388186,2026-02-28,791,ok,0.00045485019676998553,0.07309641738017002,0.004099177461357351,0.0007817865438068272,-0.002744952283995782,-0.0019622081982475395
CMP015,Duke Energy Corporation,DUK,^GSPC,USD,NYSE,PRIMARY_DIRECT,Raw Materials & Energy,False,2024-09-11,108.25160217285156,5554.1298828125,-0.006242939257831481,0.010665025888896507,-0.016907965146727988,0.2061766427821572,0.4523866905580298,-0.17541477881060985,2026-02-28,791,ok,0.00045485019676998553,0.07309641738017002,0.004099177461357351,0.0012344253805150834,-0.007477364638346565,-0.009439572836594105
CMP015,Duke Energy Corporation,DUK,^GSPC,USD,NYSE,PRIMARY_DIRECT,Raw Materials & Energy,False,2024-09-12,108.0373306274414,5595.759765625,-0.0019793845181895753,0.007495302358939249,-0.009474686877128824,0.20378915540923237,0.4632727679458615,-0.18488946568773867,2026-02-28,791,ok,0.00045485019676998553,0.07309641738017002,0.004099177461357351,0.0010027299463895817,-0.002982114464579157,-0.012421687301173262
CMP015,Duke Energy Corporation,DUK,^GSPC,USD,NYSE,PRIMARY_DIRECT,Raw Materials & Energy,False,2024-09-13,109.28565979003906,5626.02001953125,0.011554609460894927,0.005407711405364557,0.00614689805553037,0.21769846897324663,0.47118572478224174,-0.1787425676322083,2026-02-28,791,ok,0.00045485019676998553,0.07309641738017002,0.004099177461357351,0.000850134526728019,0.010704474934166907,-0.001717212367006355
CMP015,Duke Energy Corporation,DUK,^GSPC,USD,NYSE,PRIMARY_DIRECT,Raw Materials & Energy,False,2024-09-16,109.64898681640624,5633.08984375,0.00332456268338599,0.0012566297656613212,0.0020679329177246686,0.22174678386281133,0.4730344605548191,-0.17667463471448364,2026-02-28,791,ok,0.00045485019676998553,0.07309641738017002,0.004099177461357351,0.0005467053306131107,0.0027778573527728794,0.0010606449857665243
CMP015,Duke Energy Corporation,DUK,^GSPC,USD,NYSE,PRIMARY_DIRECT,Raw Materials & Energy,False,2024-09-17,108.74535369873048,5634.580078125,-0.008241144254153232,0.00026455008109871336,-0.008505694335251945,0.21167819237495022,0.47342415194082,-0.18518032904973558,2026-02-28,791,ok,0.00045485019676998553,0.07309641738017002,0.004099177461357351,0.0004741878599159349,-0.008715332114069167,-0.007654687128302642
CMP015,Duke Energy Corporation,DUK,^GSPC,USD,NYSE,PRIMARY_DIRECT,Raw Materials & Energy,False,2024-09-18,107.95347595214844,5618.259765625,-0.0072819455696091495,-0.002896455862498093,-0.004385489707111057,0.20285481773019343,0.4691564439179847,-0.18956581875684664,2026-02-28,791,ok,0.00045485019676998553,0.07309641738017002,0.004099177461357351,0.0002431296501215846,-0.0075250752197307345,-0.015179762348033376
CMP015,Duke Energy Corporation,DUK,^GSPC,USD,NYSE,PRIMARY_DIRECT,Raw Materials & Energy,False,2024-09-19,107.26410675048828,5713.64013671875,-0.0063857990266633635,0.01697685316676334,-0.023362652193426703,0.1951736286059147,0.49409809714538455,-0.21292847095027334,2026-02-28,791,ok,0.00045485019676998553,0.07309641738017002,0.004099177461357351,0.0016957973416495795,-0.008081596368312943,-0.02326135871634632
CMP015,Duke Energy Corporation,DUK,^GSPC,USD,NYSE,PRIMARY_DIRECT,Raw Materials & Energy,False,2024-09-20,108.40997314453124,5702.5498046875,0.01068266383561478,-0.0019410273951238066,0.012623691230738587,0.2079412667055036,0.49119801180782297,-0.20030477971953475,2026-02-28,791,ok,0.00045485019676998553,0.07309641738017002,0.004099177461357351,0.0003129680481496716,0.010369695787465109,-0.01289166292888121
CMP015,Duke Energy Corporation,DUK,^GSPC,USD,NYSE,PRIMARY_DIRECT,Raw Materials & Energy,False,2024-09-23,109.28565979003906,5718.56982421875,0.008077546927720114,0.0028092730585327352,0.005268273869187379,0.21769846897324707,0.49538719420733224,-0.19503650585034737,2026-02-28,791,ok,0.00045485019676998553,0.07309641738017002,0.004099177461357351,0.0006601979927913611,0.007417348934928753,-0.0054743139939524565
CMP015,Duke Energy Corporation,DUK,^GSPC,USD,NYSE,PRIMARY_DIRECT,Raw Materials & Energy,False,2024-09-24,108.04664611816406,5732.93017578125,-0.01133738565750908,0.0025111788443470395,-0.01384856450185612,0.20389295181593892,0.4991423788935332,-0.2088850703522035,2026-02-28,791,ok,0.00045485019676998553,0.07309641738017002,0.004099177461357351,0.0006384083736926297,-0.01197579403120171,-0.017450108025154166
CMP015,Duke Energy Corporation,DUK,^GSPC,USD,NYSE,PRIMARY_DIRECT,Raw Materials & Energy,False,2024-09-25,108.26092529296876,5722.259765625,0.0019832098681744625,-0.0018612489301417234,0.003844458798316186,0.20628052419820597,0.49635210174468747,-0.2050406115538873,2026-02-28,791,ok,0.00045485019676998553,0.07309641738017002,0.004099177461357351,0.00031879956812395124,0.0016644103000505112,-0.015785697725103656
CMP015,Duke Energy Corporation,DUK,^GSPC,USD,NYSE,PRIMARY_DIRECT,Raw Materials & Energy,False,2024-09-26,107.29204559326172,5745.3701171875,-0.00894948659532635,0.00403867571712313,-0.01298816231244948,0.195484932816691,0.5023953826422698,-0.2180287738663368,2026-02-28,791,ok,0.00045485019676998553,0.07309641738017002,0.004099177461357351,0.0007500629226519753,-0.009699549517978325,-0.02548524724308198
CMP015,Duke Energy Corporation,DUK,^GSPC,USD,NYSE,PRIMARY_DIRECT,Raw Materials & Energy,False,2024-09-27,108.0373306274414,5738.169921875,0.00694632141701379,-0.0012532169669905446,0.008199538384004335,0.20378915540923281,0.5005125552576142,-0.20982923548233245,2026-02-28,791,ok,0.00045485019676998553,0.07309641738017002,0.004099177461357351,0.00036324452628293393,0.006583076890730856,-0.018902170352351123
CMP015,Duke Energy Corporation,DUK,^GSPC,USD,NYSE,PRIMARY_DIRECT,Raw Materials & Energy,False,2024-09-30,107.41315460205078,5762.47998046875,-0.005777410657646143,0.004236552581176722,-0.010013963238822865,0.19683437111321256,0.5068695555966789,-0.21984319872115532,2026-02-28,791,ok,0.00045485019676998553,0.07309641738017002,0.004099177461357351,0.0007645270124967158,-0.006541937670142858,-0.025444108022493982
CMP015,Duke Energy Corporation,DUK,^GSPC,USD,NYSE,PRIMARY_DIRECT,Raw Materials & Energy,False,2024-10-01,108.27023315429688,5708.75,0.007979269908061415,-0.009324107094664358,0.017303377002725773,0.20638423559556984,0.49281934248260617,-0.20253982171842955,2026-02-28,791,ok,0.00045485019676998553,0.07309641738017002,0.004099177461357351,-0.00022670862711900478,0.00820597853518042,-0.017238129487313562
CMP015,Duke Energy Corporation,DUK,^GSPC,USD,NYSE,PRIMARY_DIRECT,Raw Materials & Energy,False,2024-10-02,108.69876098632812,5709.5400390625,0.003957946884814989,0.00013839090212397487,0.003819555982691014,0.21115904032273525,0.49302593509812054,-0.19872026573573853,2026-02-28,791,ok,0.00045485019676998553,0.07309641738017002,0.004099177461357351,0.00046496607591325786,0.0034929808089017313,-0.01374514867841183
CMP015,Duke Energy Corporation,DUK,^GSPC,USD,NYSE,PRIMARY_DIRECT,Raw Materials & Energy,False,2024-10-03,107.84169006347656,5699.93994140625,-0.0078848269757128,-0.001681413492255035,-0.006203413483457765,0.2016092608497202,0.4905155411465598,-0.2049236792191963,2026-02-28,791,ok,0.00045485019676998553,0.07309641738017002,0.004099177461357351,0.0003319448943514622,-0.008216771870064261,-0.021961920548476094
CMP015,Duke Energy Corporation,DUK,^GSPC,USD,NYSE,PRIMARY_DIRECT,Raw Materials & Energy,False,2024-10-04,106.24867248535156,5751.06982421875,-0.014771815771686625,0.008970249395274354,-0.02374206516696098,0.18385931021889568,0.5038858372781767,-0.22866574438615728,2026-02-28,791,ok,0.00045485019676998553,0.07309641738017002,0.004099177461357351,0.0011105432905711774,-0.015882359062257802,-0.037844279610733896
CMP015,Duke Energy Corporation,DUK,^GSPC,USD,NYSE,PRIMARY_DIRECT,Raw Materials & Energy,False,2024-10-07,102.6899642944336,5695.93994140625,-0.03349414263419248,-0.009586022165882668,-0.023908120468309813,0.14420695762360736,0.48946955430707106,-0.2525738648544671,2026-02-28,791,ok,0.00045485019676998553,0.07309641738017002,0.004099177461357351,-0.0002458536804829354,-0.03324828895370954,-0.07109256856444343
CMP015,Duke Energy Corporation,DUK,^GSPC,USD,NYSE,PRIMARY_DIRECT,Raw Materials & Energy,False,2024-10-08,103.09986114501952,5751.1298828125,0.003991595998715791,0.009689347495581924,-0.0056977514968661325,0.14877416953736056,0.5039015424028419,-0.2582716163513332,2026-02-28,791,ok,0.00045485019676998553,0.07309641738017002,0.004099177461357351,0.001163106785448547,0.002828489213267244,-0.06826407935117619
CMP015,Duke Energy Corporation,DUK,^GSPC,USD,NYSE,PRIMARY_DIRECT,Raw Materials & Energy,False,2024-10-09,103.70539855957033,5792.0400390625,0.005873309700185292,0.007113411987488272,-0.0012401022873029799,0.1555212760106266,0.5145994136625724,-0.2595117186386362,2026-02-28,791,ok,0.00045485019676998553,0.07309641738017002,0.004099177461357351,0.000974815128404533,0.004898494571780759,-0.06336558477939543
CMP015,Duke Energy Corporation,DUK,^GSPC,USD,NYSE,PRIMARY_DIRECT,Raw Materials & Energy,False,2024-10-10,105.3822784423828,5780.0498046875,0.01616964889102901,-0.002070122839989974,0.018239771731018983,0.1742056493298323,0.5114640068229142,-0.24127194690761722,2026-02-28,791,ok,0.00045485019676998553,0.07309641738017002,0.004099177461357351,0.0003035316336298555,0.015866117257399153,-0.04749946752199627
CMP015,Duke Energy Corporation,DUK,^GSPC,USD,NYSE,PRIMARY_DIRECT,Raw Materials & Energy,False,2024-10-11,106.3604507446289,5815.02978515625,0.00928213279029566,0.006051847587953629,0.0032302852023420314,0.18510478209002712,0.5206111566268841,-0.2380416617052752,2026-02-28,791,ok,0.00045485019676998553,0.07309641738017002,0.004099177461357351,0.0008972185739802192,0.008384914216315442,-0.039114553305680824
CMP015,Duke Energy Corporation,DUK,^GSPC,USD,NYSE,PRIMARY_DIRECT,Raw Materials & Energy,False,2024-10-14,107.21752166748048,5859.85009765625,0.008058173097718502,0.0077076668832223305,0.00035050621449617125,0.19465456156304262,0.5323315208810755,-0.23769115549077902,2026-02-28,791,ok,0.00045485019676998553,0.07309641738017002,0.004099177461357351,0.0010182530322933193,0.0070399200654251825,-0.03207463324025564
CMP015,Duke Energy Corporation,DUK,^GSPC,USD,NYSE,PRIMARY_DIRECT,Raw Materials & Energy,False,2024-10-15,109.10867309570312,5815.259765625,0.017638454972758844,-0.007609466332438197,0.02524792130519704,0.21572642225517336,0.520671295762797,-0.21244323418558198,2026-02-28,791,ok,0.00045485019676998553,0.07309641738017002,0.004099177461357351,-0.00010137453030626851,0.017739829503065112,-0.014334803737190528
CMP015,Duke Energy Corporation,DUK,^GSPC,USD,NYSE,PRIMARY_DIRECT,Raw Materials & Energy,False,2024-10-16,111.5867156982422,5842.47021484375,0.02271169222602043,0.004679145956573816,0.018032546269446614,0.2433376265884739,0.5277867387076434,-0.19441068791613536,2026-02-28,791,ok,0.00045485019676998553,0.07309641738017002,0.004099177461357351,0.0007968790025944401,0.02191481322342599,0.007580009486235464
CMP015,Duke Energy Corporation,DUK,^GSPC,USD,NYSE,PRIMARY_DIRECT,Raw Materials & Energy,False,2024-10-17,112.3319854736328,5841.47021484375,0.006678839597770603,-0.00017116047891174713,0.00685000007668235,0.25164167916233104,0.5275252419977712,-0.187560687839453,2026-02-28,791,ok,0.00045485019676998553,0.07309641738017002,0.004099177461357351,0.0004423389789644627,0.00623650061880614,0.013816510105041604
CMP015,Duke Energy Corporation,DUK,^GSPC,USD,NYSE,PRIMARY_DIRECT,Raw Materials & Energy,False,2024-10-18,112.49968719482422,5864.669921875,0.0014929115735320408,0.00397155273894878,-0.0024786411654167395,0.2535102695110676,0.5335918890564408,-0.19003932900486975,2026-02-28,791,ok,0.00045485019676998553,0.07309641738017002,0.004099177461357351,0.0007451564734235431,0.0007477551001084978,0.014564265205150102
CMP015,Duke Energy Corporation,DUK,^GSPC,USD,NYSE,PRIMARY_DIRECT,Raw Materials & Energy,False,2024-10-21,111.68919372558594,5853.97998046875,-0.007204406425012411,-0.0018227694906369774,-0.005381636934375433,0.24447947207158305,0.5307965045499805,-0.19542096593924518,2026-02-28,791,ok,0.00045485019676998553,0.07309641738017002,0.004099177461357351,0.00032161227729454516,-0.007526018702306956,0.007038246502843145
CMP015,Duke Energy Corporation,DUK,^GSPC,USD,NYSE,PRIMARY_DIRECT,Raw Materials & Energy,False,2024-10-22,111.67987060546876,5851.2001953125,-8.347378834228092e-05,-0.0004748538883844189,0.00039138010004213797,0.24437559065553494,0.5300695998774696,-0.19502958583920305,2026-02-28,791,ok,0.00045485019676998553,0.07309641738017002,0.004099177461357351,0.00042014007875004137,-0.0005036138670923223,0.006534632635750823
CMP015,Duke Energy Corporation,DUK,^GSPC,USD,NYSE,PRIMARY_DIRECT,Raw Materials & Energy,False,2024-10-23,112.32266998291016,5797.419921875,0.005755731753237958,-0.009191323428069387,0.014947055181307345,0.25153788275562516,0.516006235317539,-0.1800825306578957,2026-02-28,791,ok,0.00045485019676998553,0.07309641738017002,0.004099177461357351,-0.00021700261680430944,0.005972734370042268,0.01250736700579309
CMP015,Duke Energy Corporation,DUK,^GSPC,USD,NYSE,PRIMARY_DIRECT,Raw Materials & Energy,False,2024-10-24,110.8786849975586,5809.85986328125,-0.01285568608341725,0.002145772011323821,-0.015001458094741071,0.23544850461341427,0.5192592390662758,-0.19508398875263677,2026-02-28,791,ok,0.00045485019676998553,0.07309641738017002,0.004099177461357351,0.0006116984433123984,-0.013467384526729648,-0.0009600175209365583
CMP015,Duke Energy Corporation,DUK,^GSPC,USD,NYSE,PRIMARY_DIRECT,Raw Materials & Energy,False,2024-10-25,109.19251251220705,5808.1201171875,-0.015207363664068274,-0.00029944716993013376,-0.01490791649413814,0.21666058991552872,0.5188043011867471,-0.2099919052467749,2026-02-28,791,ok,0.00045485019676998553,0.07309641738017002,0.004099177461357351,0.0004329616814534618,-0.015640325345521736,-0.016600342866458295
CMP015,Duke Energy Corporation,DUK,^GSPC,USD,NYSE,PRIMARY_DIRECT,Raw Materials & Energy,False,2024-10-28,109.05277252197266,5823.52001953125,-0.0012797579890724275,0.0026514435020339455,-0.003931201491106373,0.21510355880559473,0.52283132498199,-0.21392310673788129,2026-02-28,791,ok,0.00045485019676998553,0.07309641738017002,0.004099177461357351,0.0006486612176545985,-0.001928419206727026,-0.01852876207318532
CMP015,Duke Energy Corporation,DUK,^GSPC,USD,NYSE,PRIMARY_DIRECT,Raw Materials & Energy,False,2024-10-29,106.58403778076172,5832.919921875,-0.022637982365038223,0.001614127248163344,-0.024252109613201567,0.1875960658696585,0.5252893685180002,-0.23817521635108285,2026-02-28,791,ok,0.00045485019676998553,0.07309641738017002,0.004099177461357351,0.0005728371158064386,-0.02321081948084466,-0.04173958155402998
CMP015,Duke Energy Corporation,DUK,^GSPC,USD,NYSE,PRIMARY_DIRECT,Raw Materials & Energy,False,2024-10-30,106.20207977294922,5813.669921875,-0.003583632369024814,-0.003300233889343751,-0.0002833984796810629,0.18334015816668137,0.5202555568529614,-0.23845861483076392,2026-02-28,791,ok,0.00045485019676998553,0.07309641738017002,0.004099177461357351,0.00021361492294233288,-0.0037972472919671468,-0.04553682884599713
CMP015,Duke Energy Corporation,DUK,^GSPC,USD,NYSE,PRIMARY_DIRECT,Raw Materials & Energy,False,2024-10-31,107.3852081298828,5705.4501953125,0.011140350165109725,-0.018614700871699585,0.02975505103680931,0.19652298189309447,0.4919564544136046,-0.2087035637939546,2026-02-28,791,ok,0.00045485019676998553,0.07309641738017002,0.004099177461357351,-0.000905817747554782,0.012046167912664506,-0.033490660933332625
CMP015,Duke Energy Corporation,DUK,^GSPC,USD,NYSE,PRIMARY_DIRECT,Raw Materials & Energy,False,2024-11-01,104.97237396240234,5728.7998046875,-0.022468962061908182,0.004092509543626166,-0.026561471605534348,0.1696383524067373,0.49806230044196687,-0.23526503539948895,2026-02-28,791,ok,0.00045485019676998553,0.07309641738017002,0.004099177461357351,0.0007539979825032129,-0.023222960044411396,-0.05671362097774402
CMP015,Duke Energy Corporation,DUK,^GSPC,USD,NYSE,PRIMARY_DIRECT,Raw Materials & Energy,False,2024-11-04,104.82331085205078,5712.68994140625,-0.0014200222851485922,-0.002812083478299976,0.0013920611931513838,0.1679774398807552,0.49384962419742995,-0.23387297420633757,2026-02-28,791,ok,0.00045485019676998553,0.07309641738017002,0.004099177461357351,0.00024929696913229024,-0.0016693192542808824,-0.0583829402320249
CMP015,Duke Energy Corporation,DUK,^GSPC,USD,NYSE,PRIMARY_DIRECT,Raw Materials & Energy,False,2024-11-05,106.276611328125,5782.759765625,0.013864287096649885,0.012265644545291332,0.0015986425513585534,0.1841706144296722,0.5121726526919526,-0.23227433165497902,2026-02-28,791,ok,0.00045485019676998553,0.07309641738017002,0.004099177461357351,0.0013514248698894065,0.012512862226760478,-0.04587007800526442
CMP015,Duke Energy Corporation,DUK,^GSPC,USD,NYSE,PRIMARY_DIRECT,Raw Materials & Energy,False,2024-11-06,105.8573989868164,5929.0400390625,-0.003944539970457739,0.025295927786425976,-0.029240467756883715,0.1794996061092129,0.5504244629150563,-0.26151479941186273,2026-02-28,791,ok,0.00045485019676998553,0.07309641738017002,0.004099177461357351,0.002303891892265219,-0.006248431862722958,-0.052118509867987384
CMP015,Duke Energy Corporation,DUK,^GSPC,USD,NYSE,PRIMARY_DIRECT,Raw Materials & Energy,False,2024-11-07,103.48182678222656,5973.10009765625,-0.02244124857900298,0.007431229727488331,-0.029872478306491312,0.1530301622496799,0.5619460232740958,-0.29138727771835404,2026-02-28,791,ok,0.00045485019676998553,0.07309641738017002,0.004099177461357351,0.0009980464665783997,-0.02343929504558138,-0.07555780491356877
CMP015,Duke Energy Corporation,DUK,^GSPC,USD,NYSE,PRIMARY_DIRECT,Raw Materials & Energy,False,2024-11-08,105.48475646972656,5995.5400390625,0.01935537620257799,0.0037568333092317108,0.015598542893346279,0.1753474948129421,0.5678139941215539,-0.27578873482500776,2026-02-28,791,ok,0.00045485019676998553,0.07309641738017002,0.004099177461357351,0.000729461252369312,0.018625914950208676,-0.05693188996336009
CMP015,Duke Energy Corporation,DUK,^GSPC,USD,NYSE,PRIMARY_DIRECT,Raw Materials & Energy,False,2024-11-11,104.76742553710938,6001.35009765625,-0.006800327901624881,0.0009690634297987444,-0.007769391331423625,0.16735474644986081,0.5693333053279839,-0.2835581261564314,2026-02-28,791,ok,0.00045485019676998553,0.07309641738017002,0.004099177461357351,0.0005256852617024137,-0.0073260131633272945,-0.06425790312668739
CMP015,Duke Energy Corporation,DUK,^GSPC,USD,NYSE,PRIMARY_DIRECT,Raw Materials & Energy,False,2024-11-12,104.22708892822266,5983.990234375,-0.0051574867485441045,-0.00289265965137242,-0.0022648270971716844,0.1613341298141957,0.5647937581961067,-0.2858229532536031,2026-02-28,791,ok,0.00045485019676998553,0.07309641738017002,0.004099177461357351,0.00024340713955449002,-0.005400893888098594,-0.06965879701478599
CMP015,Duke Energy Corporation,DUK,^GSPC,USD,NYSE,PRIMARY_DIRECT,Raw Materials & Energy,False,2024-11-13,103.69608306884766,5985.3798828125,-0.005094701049749961,0.00023222772482434095,-0.005326928774574302,0.15541747960392094,0.565157146690392,-0.2911498820281774,2026-02-28,791,ok,0.00045485019676998553,0.07309641738017002,0.004099177461357351,0.00047182521147099283,-0.005566526261220954,-0.07522532327600694
CMP015,Duke Energy Corporation,DUK,^GSPC,USD,NYSE,PRIMARY_DIRECT,Raw Materials & Energy,False,2024-11-14,103.10918426513672,5949.169921875,-0.005659797229961683,-0.006049734794859041,0.000389937564897358,0.14887805095340934,0.5556883610406369,-0.29075994446328,2026-02-28,791,ok,0.00045485019676998553,0.07309641738017002,0.004099177461357351,1.263625716563184e-05,-0.005672433487127314,-0.08089775676313425
CMP015,Duke Energy Corporation,DUK,^GSPC,USD,NYSE,PRIMARY_DIRECT,Raw Materials & Energy,False,2024-11-15,105.4932861328125,5870.6201171875,0.023122109680794978,-0.013203489851361216,0.036325599532156194,0.17544253525741205,0.5351478455537562,-0.2544343449311238,2026-02-28,791,ok,0.00045485019676998553,0.07309641738017002,0.004099177461357351,-0.0005102776082799529,0.023632387289074932,-0.057265369474059316
CMP015,Duke Energy Corporation,DUK,^GSPC,USD,NYSE,PRIMARY_DIRECT,Raw Materials & Energy,False,2024-11-18,106.78174591064452,5893.6201171875,0.01221366614942565,0.003917814394541086,0.008295851754884564,0.1897989979608805,0.5411622698808154,-0.24613849317623926,2026-02-28,791,ok,0.00045485019676998553,0.07309641738017002,0.004099177461357351,0.0007412283929713988,0.011472437756454252,-0.04579293171760507
CMP015,Duke Energy Corporation,DUK,^GSPC,USD,NYSE,PRIMARY_DIRECT,Raw Materials & Energy,False,2024-11-19,106.81936645507812,5916.97998046875,0.0003523125054079035,0.003963584828470035,-0.0036112723230621313,0.19021817902678384,0.5472707972719255,-0.2497497654993014,2026-02-28,791,ok,0.00045485019676998553,0.07309641738017002,0.004099177461357351,0.0007445740477135408,-0.00039226154230563733,-0.0461851932599107
CMP015,Duke Energy Corporation,DUK,^GSPC,USD,NYSE,PRIMARY_DIRECT,Raw Materials & Energy,False,2024-11-20,106.96984100341795,5917.10986328125,0.0014086822767584994,2.195086225209586e-05,0.0013867314145064036,0.1918948182810547,0.5473047612000632,-0.248363034084795,2026-02-28,791,ok,0.00045485019676998553,0.07309641738017002,0.004099177461357351,0.0004564547261590193,0.0009522275505994801,-0.04523296570931122
CMP015,Duke Energy Corporation,DUK,^GSPC,USD,NYSE,PRIMARY_DIRECT,Raw Materials & Energy,False,2024-11-21,108.02316284179688,5948.7099609375,0.00984690477706951,0.0053404615405816536,0.004506443236487856,0.20363129306095074,0.555568082768811,-0.24385659084830713,2026-02-28,791,ok,0.00045485019676998553,0.07309641738017002,0.004099177461357351,0.0008452188025430879,0.009001685974526422,-0.0362312797347848
CMP015,Duke Energy Corporation,DUK,^GSPC,USD,NYSE,PRIMARY_DIRECT,Raw Materials & Energy,False,2024-11-22,107.87268829345705,5969.33984375,-0.0013929841006433685,0.003467959094991535,-0.004860943195634904,0.2019546538066801,0.5609627292493276,-0.24871753404394203,2026-02-28,791,ok,0.00045485019676998553,0.07309641738017002,0.004099177461357351,0.0007083455822348434,-0.002101329682878212,-0.03833260941766301
CMP015,Duke Energy Corporation,DUK,^GSPC,USD,NYSE,PRIMARY_DIRECT,Raw Materials & Energy,False,2024-11-25,108.15483856201172,5987.3701171875,0.002615585770766371,0.003020480305938378,-0.0004048945351720068,0.20509846929628317,0.565677586431329,-0.24912242857911404,2026-02-28,791,ok,0.00045485019676998553,0.07309641738017002,0.004099177461357351,0.0006756364859014408,0.00193994928486493,-0.036392660132798085
CMP015,Duke Energy Corporation,DUK,^GSPC,USD,NYSE,PRIMARY_DIRECT,Raw Materials & Energy,False,2024-11-26,110.07341003417967,6021.6298828125,0.01773911826485608,0.005722005647630368,0.012017112617225711,0.22647585356392708,0.5746364024232573,-0.23710531596188833,2026-02-28,791,ok,0.00045485019676998553,0.07309641738017002,0.004099177461357351,0.000873108309840865,0.016866009955015214,-0.01952665017778287
CMP015,Duke Energy Corporation,DUK,^GSPC,USD,NYSE,PRIMARY_DIRECT,Raw Materials & Energy,False,2024-11-27,110.4307861328125,5998.740234375,0.0032467068888104578,-0.003801238017440034,0.007047944906250492,0.2304578611666528,0.568650834666721,-0.23005737105563784,2026-02-28,791,ok,0.00045485019676998553,0.07309641738017002,0.004099177461357351,0.00017699331608581883,0.003069713572724639,-0.01645693660505823
CMP015,Duke Energy Corporation,DUK,^GSPC,USD,NYSE,PRIMARY_DIRECT,Raw Materials & Energy,False,2024-11-29,110.0828094482422,6032.3798828125,-0.0031510840115889227,0.005607785488815242,-0.008758869500404165,0.22658058507339662,0.5774474920543828,-0.238816240556042,2026-02-28,791,ok,0.00045485019676998553,0.07309641738017002,0.004099177461357351,0.0008647592254388852,-0.004015843237027808,-0.02047277984208604
CMP015,Duke Energy Corporation,DUK,^GSPC,USD,NYSE,PRIMARY_DIRECT,Raw Materials & Energy,False,2024-12-02,108.3241195678711,6047.14990234375,-0.015976062831117965,0.0024484564662998753,-0.01842451929741784,0.2069846565788347,0.5813098035665518,-0.25724075985345984,2026-02-28,791,ok,0.00045485019676998553,0.07309641738017002,0.004099177461357351,0.0006338235925678175,-0.01660988642368578,-0.03708266626577182
CMP015,Duke Energy Corporation,DUK,^GSPC,USD,NYSE,PRIMARY_DIRECT,Raw Materials & Energy,False,2024-12-03,106.87578582763672,6049.8798828125,-0.013370371677259851,0.0004514491145146682,-0.01382182079177452,0.19084682311162582,0.5820236844771454,-0.27106258064523436,2026-02-28,791,ok,0.00045485019676998553,0.07309641738017002,0.004099177461357351,0.0004878495096704579,-0.013858221186930308,-0.05094088745270213
CMP015,Duke Energy Corporation,DUK,^GSPC,USD,NYSE,PRIMARY_DIRECT,Raw Materials & Energy,False,2024-12-04,106.5372085571289,6086.490234375,-0.0031679511676653282,0.006051417924264779,-0.009219369091930107,0.18707427852783876,0.5915971709580017,-0.28028194973716447,2026-02-28,791,ok,0.00045485019676998553,0.07309641738017002,0.004099177461357351,0.0008971871671038859,-0.004065138334769214,-0.055006025787471345
CMP015,Duke Energy Corporation,DUK,^GSPC,USD,NYSE,PRIMARY_DIRECT,Raw Materials & Energy,False,2024-12-05,107.22376251220705,6075.10986328125,0.0064442645379616526,-0.0018697756269248078,0.00831404016488646,0.1947240992048822,0.5886212413598619,-0.271967909572278,2026-02-28,791,ok,0.00045485019676998553,0.07309641738017002,0.004099177461357351,0.0003181762971370207,0.006126088240824632,-0.04887993754664671
CMP015,Duke Energy Corporation,DUK,^GSPC,USD,NYSE,PRIMARY_DIRECT,Raw Materials & Energy,False,2024-12-06,105.4274444580078,6090.27001953125,-0.016752984712644636,0.0024954538421815275,-0.019248438554826164,0.1747089046350747,0.5925855723403846,-0.2912163481271042,2026-02-28,791,ok,0.00045485019676998553,0.07309641738017002,0.004099177461357351,0.0006372589323710353,-0.017390243645015672,-0.06627018119166239
CMP015,Duke Energy Corporation,DUK,^GSPC,USD,NYSE,PRIMARY_DIRECT,Raw Materials & Energy,False,2024-12-09,105.20175170898438,6052.85009765625,-0.002140740014933362,-0.006144213927296471,0.004003473912363109,0.1721941582770239,0.5828003858863993,-0.28721287421474107,2026-02-28,791,ok,0.00045485019676998553,0.07309641738017002,0.004099177461357351,5.730171067269089e-06,-0.0021464701860006313,-0.06841665137766302
CMP015,Duke Energy Corporation,DUK,^GSPC,USD,NYSE,PRIMARY_DIRECT,Raw Materials & Energy,False,2024-12-10,104.49637603759766,6034.91015625,-0.006704980287191131,-0.002963883313944371,-0.0037410969732467603,0.16433461955301576,0.578109150233366,-0.2909539711879878,2026-02-28,791,ok,0.00045485019676998553,0.07309641738017002,0.004099177461357351,0.0002382009449877863,-0.006943181232178917,-0.07535983260984194
CMP015,Duke Energy Corporation,DUK,^GSPC,USD,NYSE,PRIMARY_DIRECT,Raw Materials & Energy,False,2024-12-11,103.06684112548828,6084.18994140625,-0.01368023434224197,0.008165786048233592,-0.021846020390475562,0.1484062491047453,0.5909956519149313,-0.3127999915784634,2026-02-28,791,ok,0.00045485019676998553,0.07309641738017002,0.004099177461357351,0.0010517399019888372,-0.014731974244230808,-0.09009180685407275
CMP015,Duke Energy Corporation,DUK,^GSPC,USD,NYSE,PRIMARY_DIRECT,Raw Materials & Energy,False,2024-12-12,102.6624526977539,6051.25,-0.003923555076671192,-0.005414022527810203,0.0014904674511390104,0.1439004139359894,0.5823819656138158,-0.3113095241273244,2026-02-28,791,ok,0.00045485019676998553,0.07309641738017002,0.004099177461357351,5.910454637152781e-05,-0.00398265962304272,-0.09407446647711547
CMP015,Duke Energy Corporation,DUK,^GSPC,USD,NYSE,PRIMARY_DIRECT,Raw Materials & Energy,False,2024-12-13,102.34268188476562,6051.08984375,-0.003114778622421155,-2.6466639124200775e-05,-0.003088311983296954,0.14033741738048278,0.5823400852813754,-0.31439783611062133,2026-02-28,791,ok,0.00045485019676998553,0.07309641738017002,0.004099177461357351,0.0004529155802699126,-0.0035676942026910676,-0.09764216067980654
CMP015,Duke Energy Corporation,DUK,^GSPC,USD,NYSE,PRIMARY_DIRECT,Raw Materials & Energy,False,2024-12-16,101.04483032226562,6074.080078125,-0.012681430060249355,0.0037993543260221863,-0.01648078438627154,0.12587630817688678,0.5883519559296275,-0.3308786204968929,2026-02-28,791,ok,0.00045485019676998553,0.07309641738017002,0.004099177461357351,0.0007325693863600579,-0.013413999446609412,-0.11105616012641595
CMP015,Duke Energy Corporation,DUK,^GSPC,USD,NYSE,PRIMARY_DIRECT,Raw Materials & Energy,False,2024-12-17,101.46804809570312,6050.60986328125,0.004188415895080677,-0.003863994965801476,0.008052410860882153,0.1305919464019496,0.5822145719679945,-0.3228262096360107,2026-02-28,791,ok,0.00045485019676998553,0.07309641738017002,0.004099177461357351,0.00017240600799488508,0.004016009887085792,-0.10704015023933015
CMP015,Duke Energy Corporation,DUK,^GSPC,USD,NYSE,PRIMARY_DIRECT,Raw Materials & Energy,False,2024-12-18,99.46482849121094,5872.16015625,-0.01974236857895184,-0.02949284635160343,0.009750477772651589,0.1082713834836877,0.5355505607016744,-0.31307573186335913,2026-02-28,791,ok,0.00045485019676998553,0.07309641738017002,0.004099177461357351,-0.0017009712098760435,-0.0180413973690758,-0.12508154760840595
CMP015,Duke Energy Corporation,DUK,^GSPC,USD,NYSE,PRIMARY_DIRECT,Raw Materials & Energy,False,2024-12-19,100.70626831054688,5867.080078125,0.012481193987537331,-0.0008651123249070469,0.013346306312444378,0.12210393361178395,0.5342221369860936,-0.29972942555091475,2026-02-28,791,ok,0.00045485019676998553,0.07309641738017002,0.004099177461357351,0.0003916135851878508,0.012089580402349481,-0.11299196720605648
CMP015,Duke Energy Corporation,DUK,^GSPC,USD,NYSE,PRIMARY_DIRECT,Raw Materials & Energy,False,2024-12-20,101.83483123779295,5930.85009765625,0.011206481445285466,0.010869123768910471,0.00033735767637499414,0.1346787705234862,0.5508977872819978,-0.29939206787453976,2026-02-28,791,ok,0.00045485019676998553,0.07309641738017002,0.004099177461357351,0.0012493442043389918,0.009957137240946474,-0.10303482996511
CMP015,Duke Energy Corporation,DUK,^GSPC,USD,NYSE,PRIMARY_DIRECT,Raw Materials & Energy,False,2024-12-23,102.09815979003906,5974.06982421875,0.0025858397273836875,0.007287273468533639,-0.004701433741149952,0.13761286796612482,0.5621996035796655,-0.3040935016156897,2026-02-28,791,ok,0.00045485019676998553,0.07309641738017002,0.004099177461357351,0.0009875237797893597,0.0015983159475943278,-0.10143651401751567
CMP015,Duke Energy Corporation,DUK,^GSPC,USD,NYSE,PRIMARY_DIRECT,Raw Materials & Energy,False,2024-12-24,102.4837646484375,6040.0400390625,0.003776805176424425,0.01104275925539211,-0.007265954078967685,0.14190941013462632,0.5794505977108646,-0.3113594556946574,2026-02-28,791,ok,0.00045485019676998553,0.07309641738017002,0.004099177461357351,0.0012620363363308627,0.002514768840093562,-0.09892174517742211
CMP015,Duke Energy Corporation,DUK,^GSPC,USD,NYSE,PRIMARY_DIRECT,Raw Materials & Energy,False,2024-12-26,101.86305236816406,6037.58984375,-0.006056688904849894,-0.00040565878647391695,-0.005651030118375977,0.1349932200799202,0.5788098796981016,-0.31701048581303337,2026-02-28,791,ok,0.00045485019676998553,0.07309641738017002,0.004099177461357351,0.0004251979927999548,-0.006481886897649849,-0.10540363207507196
CMP015,Duke Energy Corporation,DUK,^GSPC,USD,NYSE,PRIMARY_DIRECT,Raw Materials & Energy,False,2024-12-27,101.89125061035156,5970.83984375,0.0002768250266600436,-0.011055736101235558,0.011332561127895602,0.13530741460832774,0.561354974314136,-0.30567792468513777,2026-02-28,791,ok,0.00045485019676998553,0.07309641738017002,0.004099177461357351,-0.0003532845037309424,0.000630109530390986,-0.10477352254468097
CMP015,Duke Energy Corporation,DUK,^GSPC,USD,NYSE,PRIMARY_DIRECT,Raw Materials & Energy,False,2024-12-30,101.29875946044922,5906.93994140625,-0.005814936477402943,-0.010701995701766776,0.004887059224363832,0.12870567411005585,0.5446453600900938,-0.30079086546077394,2026-02-28,791,ok,0.00045485019676998553,0.07309641738017002,0.004099177461357351,-0.00032742734784714424,-0.005487509129555799,-0.11026103167423677
CMP015,Duke Energy Corporation,DUK,^GSPC,USD,NYSE,PRIMARY_DIRECT,Raw Materials & Energy,False,2024-12-31,101.32696533203124,5881.6298828125,0.00027844241856711527,-0.004284800394927402,0.004563242813494517,0.12901995364780539,0.5380268630411569,-0.2962276226472794,2026-02-28,791,ok,0.00045485019676998553,0.07309641738017002,0.004099177461357351,0.00014164663871165485,0.00013679577985546042,-0.1101242358943813
CMP015,Duke Energy Corporation,DUK,^GSPC,USD,NYSE,PRIMARY_DIRECT,Raw Materials & Energy,False,2025-01-02,101.40220642089844,5868.5498046875,0.0007425574092805309,-0.0022238866412221947,0.0029664440505027256,0.12985831577961204,0.5346064656465987,-0.2932611785967767,2026-02-28,791,ok,0.00045485019676998553,0.07309641738017002,0.004099177461357351,0.0002922920506370236,0.00045026535864350735,-0.1096739705357378
CMP015,Duke Energy Corporation,DUK,^GSPC,USD,NYSE,PRIMARY_DIRECT,Raw Materials & Energy,False,2025-01-03,101.36458587646484,5942.47021484375,-0.00037100321345517884,0.01259602672149196,-0.012967029934947139,0.12943913471370871,0.5539364096948576,-0.30622820853172383,2026-02-28,791,ok,0.00045485019676998553,0.07309641738017002,0.004099177461357351,0.0013755746233359363,-0.0017465778367911152,-0.11142054837252892
CMP015,Duke Energy Corporation,DUK,^GSPC,USD,NYSE,PRIMARY_DIRECT,Raw Materials & Energy,False,2025-01-06,100.0385284423828,5975.3798828125,-0.013082058419280118,0.005538045085450305,-0.018620103504730423,0.11466374597236273,0.5625421795916705,-0.32484831203645426,2026-02-28,791,ok,0.00045485019676998553,0.07309641738017002,0.004099177461357351,0.0008596614518062603,-0.013941719871086378,-0.1253622682436153
CMP015,Duke Energy Corporation,DUK,^GSPC,USD,NYSE,PRIMARY_DIRECT,Raw Materials & Energy,False,2025-01-07,100.45233154296876,5909.02978515625,0.004136437300997553,-0.01110391288210788,0.015240350183105433,0.11927448266927243,0.5451918473548656,-0.3096079618533488,2026-02-28,791,ok,0.00045485019676998553,0.07309641738017002,0.004099177461357351,-0.0003568060538136187,0.004493243354811172,-0.12086902488880412
CMP015,Duke Energy Corporation,DUK,^GSPC,USD,NYSE,PRIMARY_DIRECT,Raw Materials & Energy,False,2025-01-08,101.7878189086914,5918.25,0.013294737366562615,0.001560360190925314,0.0117343771756373,0.13415494295745556,0.5476029032008205,-0.2978735846777115,2026-02-28,791,ok,0.00045485019676998553,0.07309641738017002,0.004099177461357351,0.000568906936549264,0.01272583043001335,-0.10814319445879077
CMP015,Duke Energy Corporation,DUK,^GSPC,USD,NYSE,PRIMARY_DIRECT,Raw Materials & Energy,False,2025-01-10,99.56829071044922,5827.0400390625,-0.02180544019941333,-0.01541164380306681,-0.006393796396346518,0.1094241951719277,0.5237517985080973,-0.30426738107405804,2026-02-28,791,ok,0.00045485019676998553,0.07309641738017002,0.004099177461357351,-0.0006716857511734968,-0.021133754448239832,-0.1292769489070306
CMP015,Duke Energy Corporation,DUK,^GSPC,USD,NYSE,PRIMARY_DIRECT,Raw Materials & Energy,False,2025-01-13,99.82221221923828,5836.22021484375,0.0025502246445856525,0.0015754440882007614,0.000974780556384891,0.11225347609575476,0.5261523842709421,-0.30329260051767315,2026-02-28,791,ok,0.00045485019676998553,0.07309641738017002,0.004099177461357351,0.0005700095154002298,0.001980215129185423,-0.12729673377784517
CMP015,Duke Energy Corporation,DUK,^GSPC,USD,NYSE,PRIMARY_DIRECT,Raw Materials & Energy,False,2025-01-14,100.4899444580078,5842.91015625,0.006689214994584525,0.0011462798112440442,0.0055429351833404805,0.1196935787258333,0.5279017819379139,-0.29774966533433267,2026-02-28,791,ok,0.00045485019676998553,0.07309641738017002,0.004099177461357351,0.0005386391442871427,0.006150575850297382,-0.12114615792754779
CMP015,Duke Energy Corporation,DUK,^GSPC,USD,NYSE,PRIMARY_DIRECT,Raw Materials & Energy,False,2025-01-15,100.11376190185548,5949.91015625,-0.003743484566353872,0.018312792279639112,-0.022056276845992984,0.1155020230948276,0.5558819298942335,-0.31980594218032565,2026-02-28,791,ok,0.00045485019676998553,0.07309641738017002,0.004099177461357351,0.0017934497046388411,-0.005536934270992713,-0.12668309219854051
CMP015,Duke Energy Corporation,DUK,^GSPC,USD,NYSE,PRIMARY_DIRECT,Raw Materials & Energy,False,2025-01-16,102.56839752197266,5937.33984375,0.024518463530753376,-0.0021126894641922966,0.026631152994945673,0.14285241876655963,0.5525948345334188,-0.29317478918538,2026-02-28,791,ok,0.00045485019676998553,0.07309641738017002,0.004099177461357351,0.00030042016590069767,0.024218043364852677,-0.10246504883368784
CMP015,Duke Energy Corporation,DUK,^GSPC,USD,NYSE,PRIMARY_DIRECT,Raw Materials & Energy,False,2025-01-17,102.75650024414062,5996.66015625,0.001833924744000015,0.009991058969353706,-0.00815713422535369,0.14494832409607583,0.5681069010807562,-0.30133192341073367,2026-02-28,791,ok,0.00045485019676998553,0.07309641738017002,0.004099177461357351,0.0011851608132637552,0.0006487639307362599,-0.10181628490295158
CMP015,Duke Energy Corporation,DUK,^GSPC,USD,NYSE,PRIMARY_DIRECT,Raw Materials & Energy,False,2025-01-21,104.17662048339844,6049.240234375,0.013820247243568229,0.008768227105582893,0.005052020137985336,0.1607717930161927,0.5818564185152642,-0.29627990327274834,2026-02-28,791,ok,0.00045485019676998553,0.07309641738017002,0.004099177461357351,0.0010957761849637927,0.012724471058604437,-0.08909181384434714
CMP015,Duke Energy Corporation,DUK,^GSPC,USD,NYSE,PRIMARY_DIRECT,Raw Materials & Energy,False,2025-01-22,102.34268188476562,6086.3701171875,-0.017604128355508175,0.006137941522227575,-0.02374206987773575,0.14033741738048233,0.5915657607086713,-0.3200219731504841,2026-02-28,791,ok,0.00045485019676998553,0.07309641738017002,0.004099177461357351,0.0009035117321338084,-0.018507640087641983,-0.10759945393198912
CMP015,Duke Energy Corporation,DUK,^GSPC,USD,NYSE,PRIMARY_DIRECT,Raw Materials & Energy,False,2025-01-23,102.83173370361328,6118.7099609375,0.004778571460520409,0.00531348622041139,-0.0005349147598909809,0.14578660121854026,0.6000225234470753,-0.32055688791037507,2026-02-28,791,ok,0.00045485019676998553,0.07309641738017002,0.004099177461357351,0.0008432470032809585,0.00393532445723945,-0.10366412947474968
CMP015,Duke Energy Corporation,DUK,^GSPC,USD,NYSE,PRIMARY_DIRECT,Raw Materials & Energy,False,2025-01-24,103.32079315185548,6101.240234375,0.004755919506830297,-0.002855132319398823,0.0076110518262291205,0.1512358700659402,0.5954542474286155,-0.31294583608414595,2026-02-28,791,ok,0.00045485019676998553,0.07309641738017002,0.004099177461357351,0.0002461502530755963,0.004509769253754701,-0.09915436022099498
CMP015,Duke Energy Corporation,DUK,^GSPC,USD,NYSE,PRIMARY_DIRECT,Raw Materials & Energy,False,2025-01-27,105.91650390625,6012.27978515625,0.025122830315283062,-0.014580715690809543,0.039703546006092605,0.18015817348247398,0.5721913826491645,-0.27324229007805334,2026-02-28,791,ok,0.00045485019676998553,0.07309641738017002,0.004099177461357351,-0.0006109478830670227,0.025733778198350085,-0.0734205820226449
CMP015,Duke Energy Corporation,DUK,^GSPC,USD,NYSE,PRIMARY_DIRECT,Raw Materials & Energy,False,2025-01-28,104.68446350097656,6067.7001953125,-0.011632185352000945,0.009217869449967608,-0.020850054801968554,0.16643035486384705,0.5866836375647886,-0.2940923448800219,2026-02-28,791,ok,0.00045485019676998553,0.07309641738017002,0.004099177461357351,0.001128643429440736,-0.01276082878144168,-0.08618141080408658
CMP015,Duke Energy Corporation,DUK,^GSPC,USD,NYSE,PRIMARY_DIRECT,Raw Materials & Energy,False,2025-01-29,104.03555297851562,6039.31005859375,-0.006198728070616499,-0.004678895760321544,-0.0015198323102949551,0.1591999702807334,0.5792597102200152,-0.29561217719031685,2026-02-28,791,ok,0.00045485019676998553,0.07309641738017002,0.004099177461357351,0.00011283967939521402,-0.006311567750011713,-0.09249297855409828
CMP015,Duke Energy Corporation,DUK,^GSPC,USD,NYSE,PRIMARY_DIRECT,Raw Materials & Energy,False,2025-01-30,105.5779266357422,6071.169921875,0.014825447773080924,0.005275414405311762,0.009550033367769162,0.17638562889868736,0.5875909596450384,-0.2860621438225477,2026-02-28,791,ok,0.00045485019676998553,0.07309641738017002,0.004099177461357351,0.0008404640899940155,0.01398498368308691,-0.07850799487101137
CMP015,Duke Energy Corporation,DUK,^GSPC,USD,NYSE,PRIMARY_DIRECT,Raw Materials & Energy,False,2025-01-31,105.3239974975586,6040.52978515625,-0.0024051347310475313,-0.005046825754019935,0.0026416910229724033,0.17355626296551785,0.5795786647030525,-0.2834204527995753,2026-02-28,791,ok,0.00045485019676998553,0.07309641738017002,0.004099177461357351,8.594531500915313e-05,-0.002491080046056684,-0.08099907491706805
CMP015,Duke Energy Corporation,DUK,^GSPC,USD,NYSE,PRIMARY_DIRECT,Raw Materials & Energy,False,2025-02-03,106.46197509765624,5994.56982421875,0.010804542432260256,-0.007608597684666707,0.018413140116926963,0.18623600140537366,0.5675602861320439,-0.2650073126826483,2026-02-28,791,ok,0.00045485019676998553,0.07309641738017002,0.004099177461357351,-0.00010131103526620725,0.010905853467526462,-0.07009322144954158
CMP015,Duke Energy Corporation,DUK,^GSPC,USD,NYSE,PRIMARY_DIRECT,Raw Materials & Energy,False,2025-02-04,105.7378158569336,6037.8798828125,-0.006802045895338504,0.007224881828679752,-0.014026927724018257,0.17816716968111157,0.5788857239586793,-0.2790342404066666,2026-02-28,791,ok,0.00045485019676998553,0.07309641738017002,0.004099177461357351,0.0009829631744415666,-0.007785009069780071,-0.07787823051932165
CMP015,Duke Energy Corporation,DUK,^GSPC,USD,NYSE,PRIMARY_DIRECT,Raw Materials & Energy,False,2025-02-05,107.08269500732422,6061.47998046875,0.012718998775332002,0.003908672930614365,0.008810325844717637,0.193152276469422,0.58505707184845,-0.27022391456194894,2026-02-28,791,ok,0.00045485019676998553,0.07309641738017002,0.004099177461357351,0.0007405601847087455,0.011978438590623256,-0.0658997919286984
CMP015,Duke Energy Corporation,DUK,^GSPC,USD,NYSE,PRIMARY_DIRECT,Raw Materials & Energy,False,2025-02-06,107.70339965820312,6083.56982421875,0.005796498218843427,0.003644298722618622,0.0021521994962248048,0.2000683815147859,0.5908334933106649,-0.26807171506572414,2026-02-28,791,ok,0.00045485019676998553,0.07309641738017002,0.004099177461357351,0.0007212353772565367,0.00507526284158689,-0.06082452908711151
CMP015,Duke Energy Corporation,DUK,^GSPC,USD,NYSE,PRIMARY_DIRECT,Raw Materials & Energy,False,2025-02-07,108.14542388916016,6025.990234375,0.004104088007990336,-0.009464770111542897,0.013568858119533234,0.20499356776812916,0.5757766200107368,-0.2545028569461909,2026-02-28,791,ok,0.00045485019676998553,0.07309641738017002,0.004099177461357351,-0.0002369905897107124,0.004341078597701048,-0.05648345048941046
CMP015,Duke Energy Corporation,DUK,^GSPC,USD,NYSE,PRIMARY_DIRECT,Raw Materials & Energy,False,2025-02-10,108.71910858154295,6066.43994140625,0.005304752357998765,0.006712541085862833,-0.0014077887278640677,0.2113857602381204,0.5863540853147009,-0.25591064567405497,2026-02-28,791,ok,0.00045485019676998553,0.07309641738017002,0.004099177461357351,0.0009455129016637549,0.004359239456335011,-0.05212421103307545
CMP015,Duke Energy Corporation,DUK,^GSPC,USD,NYSE,PRIMARY_DIRECT,Raw Materials & Energy,False,2025-02-11,109.74424743652344,6068.5,0.009429242645156544,0.00033958278885926063,0.009089659856297283,0.22280821050829314,0.5868927838591103,-0.2468209858177577,2026-02-28,791,ok,0.00045485019676998553,0.07309641738017002,0.004099177461357351,0.0004796724820395642,0.008949570163116979,-0.04317464086995847
CMP015,Duke Energy Corporation,DUK,^GSPC,USD,NYSE,PRIMARY_DIRECT,Raw Materials & Energy,False,2025-02-12,109.44329833984376,6051.97021484375,-0.0027422767362247358,-0.0027238667143857365,-1.8410021838999313e-05,0.21945493199975163,0.5825702994258575,-0.2468393958395967,2026-02-28,791,ok,0.00045485019676998553,0.07309641738017002,0.004099177461357351,0.0002557452985272934,-0.0029980220347520293,-0.0461726629047105
CMP015,Duke Energy Corporation,DUK,^GSPC,USD,NYSE,PRIMARY_DIRECT,Raw Materials & Energy,False,2025-02-13,107.1673355102539,6115.06982421875,-0.0207958172324314,0.010426292122230674,-0.031222109354662075,0.19409537011069777,0.5990706396716374,-0.27806150519425876,2026-02-28,791,ok,0.00045485019676998553,0.07309641738017002,0.004099177461357351,0.0012169747974641375,-0.02201279202989554,-0.06818545493460604
CMP015,Duke Energy Corporation,DUK,^GSPC,USD,NYSE,PRIMARY_DIRECT,Raw Materials & Energy,False,2025-02-14,105.9286651611328,6114.6298828125,-0.011558282598176484,-7.194380749464546e-05,-0.011486338790681838,0.1802936783737843,0.5989555964413666,-0.2895478439849406,2026-02-28,791,ok,0.00045485019676998553,0.07309641738017002,0.004099177461357351,0.0004495913621894383,-0.012007873960365923,-0.08019332889497197
CMP015,Duke Energy Corporation,DUK,^GSPC,USD,NYSE,PRIMARY_DIRECT,Raw Materials & Energy,False,2025-02-18,105.25474548339844,6129.580078125,-0.006362014254680082,0.0024449877750611915,-0.008807002029741273,0.17278463316726156,0.6028650233275314,-0.2983548460146819,2026-02-28,791,ok,0.00045485019676998553,0.07309641738017002,0.004099177461357351,0.0006335700436652717,-0.006995584298345354,-0.08718891319331731
CMP015,Duke Energy Corporation,DUK,^GSPC,USD,NYSE,PRIMARY_DIRECT,Raw Materials & Energy,False,2025-02-19,106.10899353027344,6144.14990234375,0.008116005059455755,0.0023769693899173827,0.005739035669538373,0.1823029591836991,0.6066749844241501,-0.2926158103451435,2026-02-28,791,ok,0.00045485019676998553,0.07309641738017002,0.004099177461357351,0.0006285981433952746,0.007487406916060481,-0.07970150627725683
CMP015,Duke Energy Corporation,DUK,^GSPC,USD,NYSE,PRIMARY_DIRECT,Raw Materials & Energy,False,2025-02-20,107.4093780517578,6117.52001953125,0.01225517723069669,-0.0043341850761716705,0.01658936230686836,0.19679229148887245,0.5997113576844006,-0.27602644803827514,2026-02-28,791,ok,0.00045485019676998553,0.07309641738017002,0.004099177461357351,0.00013803679543923712,0.012117140435257454,-0.06758436584199938
CMP015,Duke Energy Corporation,DUK,^GSPC,USD,NYSE,PRIMARY_DIRECT,Raw Materials & Energy,False,2025-02-21,109.67791748046876,6013.1298828125,0.021120496830526525,-0.01706412670256352,0.038184623533090045,0.22206913928806182,0.572413680389344,-0.2378418245051851,2026-02-28,791,ok,0.00045485019676998553,0.07309641738017002,0.004099177461357351,-0.0007924763309087019,0.02191297316143523,-0.04567139268056415
CMP015,Duke Energy Corporation,DUK,^GSPC,USD,NYSE,PRIMARY_DIRECT,Raw Materials & Energy,False,2025-02-24,110.02912139892578,5983.25,0.0032021388309051435,-0.00496910650440241,0.008171245335307553,0.22598237433302693,0.5646001893425101,-0.22967057916987754,2026-02-28,791,ok,0.00045485019676998553,0.07309641738017002,0.004099177461357351,9.162631371766934e-05,0.003110512517187474,-0.042560880163376676
CMP015,Duke Energy Corporation,DUK,^GSPC,USD,NYSE,PRIMARY_DIRECT,Raw Materials & Energy,False,2025-02-25,111.32949829101562,5955.25,0.011818479285816919,-0.004679730915472358,0.016498210201289276,0.2404716216288585,0.5572782814660902,-0.21317236896858827,2026-02-28,791,ok,0.00045485019676998553,0.07309641738017002,0.004099177461357351,0.00011277863254573293,0.011705700653271185,-0.03085517951010549
CMP015,Duke Energy Corporation,DUK,^GSPC,USD,NYSE,PRIMARY_DIRECT,Raw Materials & Energy,False,2025-02-26,110.39930725097656,5956.06005859375,-0.008355297152310315,0.00013602428004699796,-0.008491321432357313,0.23010711262114114,0.5574901091231594,-0.22166369040094558,2026-02-28,791,ok,0.00045485019676998553,0.07309641738017002,0.004099177461357351,0.00046479308431813805,-0.008820090236628452,-0.03967526974673394
CMP015,Duke Energy Corporation,DUK,^GSPC,USD,NYSE,PRIMARY_DIRECT,Raw Materials & Energy,False,2025-02-27,110.00064849853516,5861.56982421875,-0.003611062083343608,-0.015864553655509872,0.012253491572166264,0.2256651194683037,0.5327812237190492,-0.20941019882877931,2026-02-28,791,ok,0.00045485019676998553,0.07309641738017002,0.004099177461357351,-0.000704791838783266,-0.002906270244560342,-0.04258153999129428
CMP015,Duke Energy Corporation,DUK,^GSPC,USD,NYSE,PRIMARY_DIRECT,Raw Materials & Energy,False,2025-02-28,111.5193328857422,5954.5,0.013806140308593395,0.01585414463498891,-0.002048004326395514,0.2425868240790321,0.5570821589336863,-0.21145820315517483,2026-02-28,791,ok,0.00045485019676998553,0.07309641738017002,0.004099177461357351,0.001613731370214718,0.012192408938378677,-0.030389131052915602
CMP015,Duke Energy Corporation,DUK,^GSPC,USD,NYSE,PRIMARY_DIRECT,Raw Materials & Energy,False,2025-03-03,112.63936614990234,5849.72021484375,0.010043399966422673,-0.0175967394669998,0.027640139433422473,0.2550666205462646,0.5296825898542166,-0.18381806372175236,2026-02-28,791,ok,0.00045485019676998553,0.07309641738017002,0.004099177461357351,-0.0008314084158399423,0.010874808382262615,-0.019514322670652985
CMP015,Duke Energy Corporation,DUK,^GSPC,USD,NYSE,PRIMARY_DIRECT,Raw Materials & Energy,False,2025-03-04,110.49422454833984,5778.14990234375,-0.019044333032802285,-0.012234826602200433,-0.006809506430601853,0.23116471384622783,0.5109671886109453,-0.1906275701523542,2026-02-28,791,ok,0.00045485019676998553,0.07309641738017002,0.004099177461357351,-0.00043947179511846465,-0.01860486123768382,-0.03811918390833681
CMP015,Duke Energy Corporation,DUK,^GSPC,USD,NYSE,PRIMARY_DIRECT,Raw Materials & Energy,False,2025-03-05,109.37418365478516,5842.6298828125,-0.010136646491099466,0.011159277893187936,-0.0212959243842874,0.21868483236965308,0.5278284913561437,-0.2119234945366416,2026-02-28,791,ok,0.00045485019676998553,0.07309641738017002,0.004099177461357351,0.0012705534313117552,-0.01140719992241122,-0.04952638383074803
CMP015,Duke Energy Corporation,DUK,^GSPC,USD,NYSE,PRIMARY_DIRECT,Raw Materials & Energy,False,2025-03-06,109.00399780273438,5738.52001953125,-0.0033845816232026538,-0.017819007085749905,0.014434425462547251,0.21456009408153887,0.500604104642858,-0.19748906907409436,2026-02-28,791,ok,0.00045485019676998553,0.07309641738017002,0.004099177461357351,-0.0008476553824701966,-0.002536926240732457,-0.05206331007148049
CMP015,Duke Energy Corporation,DUK,^GSPC,USD,NYSE,PRIMARY_DIRECT,Raw Materials & Energy,False,2025-03-07,110.80743408203124,5770.2001953125,0.01654468015531463,0.00552061780274804,0.011024062352566588,0.23465460236752667,0.5088883663778261,-0.18646500672152777,2026-02-28,791,ok,0.00045485019676998553,0.07309641738017002,0.004099177461357351,0.0008583875798760534,0.015686292575438576,-0.036377017496041913
CMP015,Duke Energy Corporation,DUK,^GSPC,USD,NYSE,PRIMARY_DIRECT,Raw Materials & Energy,False,2025-03-10,112.4780044555664,5614.56005859375,0.015076338400710876,-0.0269730913054258,0.042049429706136676,0.2532686729608147,0.4681889827018222,-0.1444155770153911,2026-02-28,791,ok,0.00045485019676998553,0.07309641738017002,0.004099177461357351,-0.0015167861433248537,0.01659312454403573,-0.019783892952006183
CMP015,Duke Energy Corporation,DUK,^GSPC,USD,NYSE,PRIMARY_DIRECT,Raw Materials & Energy,False,2025-03-11,111.71865844726562,5572.06982421875,-0.00675106223635713,-0.007567865323653167,0.0008168030872960363,0.2448077781507796,0.45707792621106336,-0.14359877392809506,2026-02-28,791,ok,0.00045485019676998553,0.07309641738017002,0.004099177461357351,-9.833364560468184e-05,-0.006652728590752449,-0.02643662154275863
CMP015,Duke Energy Corporation,DUK,^GSPC,USD,NYSE,PRIMARY_DIRECT,Raw Materials & Energy,False,2025-03-12,110.71253967285156,5599.2998046875,-0.009005825780560861,0.004886869929446425,-0.013892695710007286,0.23359725617046667,0.4641984765135243,-0.15749146963810234,2026-02-28,791,ok,0.00045485019676998553,0.07309641738017002,0.004099177461357351,0.0008120628808154034,-0.009817888661376265,-0.03625451020413489
CMP015,Duke Energy Corporation,DUK,^GSPC,USD,NYSE,PRIMARY_DIRECT,Raw Materials & Energy,False,2025-03-13,112.20274353027344,5521.52001953125,0.013460118084413386,-0.013890984206835322,0.027351102291248708,0.2502016209071296,0.44385931860060257,-0.13014036734685364,2026-02-28,791,ok,0.00045485019676998553,0.07309641738017002,0.004099177461357351,-0.000560530982634199,0.014020649067047586,-0.022233861137087307
CMP015,Duke Energy Corporation,DUK,^GSPC,USD,NYSE,PRIMARY_DIRECT,Raw Materials & Energy,False,2025-03-14,114.0156707763672,5638.93994140625,0.01615760175779135,0.021265869083087807,-0.005108267325296456,0.2704018808146922,0.4745642418443594,-0.1352486346721501,2026-02-28,791,ok,0.00045485019676998553,0.07309641738017002,0.004099177461357351,0.0020093090392194254,0.014148292718571926,-0.008085568418515382
CMP015,Duke Energy Corporation,DUK,^GSPC,USD,NYSE,PRIMARY_DIRECT,Raw Materials & Energy,False,2025-03-17,114.67061614990234,5675.1201171875,0.005744345220928038,0.006416130719105961,-0.0006717854981779237,0.27769950778740804,0.48402523877375225,-0.13592042017032802,2026-02-28,791,ok,0.00045485019676998553,0.07309641738017002,0.004099177461357351,0.0009238463657794853,0.004820498855148552,-0.0032650695633668295
CMP015,Duke Energy Corporation,DUK,^GSPC,USD,NYSE,PRIMARY_DIRECT,Raw Materials & Energy,False,2025-03-18,114.62315368652344,5614.66015625,-0.0004139025756769721,-0.010653512117636543,0.010239609541959571,0.2771706646701937,0.46821515790959767,-0.12568081062836844,2026-02-28,791,ok,0.00045485019676998553,0.07309641738017002,0.004099177461357351,-0.00032388337154547414,-9.001920413149794e-05,-0.0033550887674983275
CMP015,Duke Energy Corporation,DUK,^GSPC,USD,NYSE,PRIMARY_DIRECT,Raw Materials & Energy,False,2025-03-19,113.2468490600586,5675.2900390625,-0.01200721304727681,0.010798495567894584,-0.022805708615171394,0.26183540440176656,0.484069672785,-0.14848651924353984,2026-02-28,791,ok,0.00045485019676998553,0.07309641738017002,0.004099177461357351,0.0012441815358787242,-0.013251394583155534,-0.016606483350653862
CMP015,Duke Energy Corporation,DUK,^GSPC,USD,NYSE,PRIMARY_DIRECT,Raw Materials & Energy,False,2025-03-20,114.05364990234376,5662.89013671875,0.007124267465113299,-0.0021848931523151816,0.00930916061742848,0.2708250573196742,0.48082713911937347,-0.13917735862611136,2026-02-28,791,ok,0.00045485019676998553,0.07309641738017002,0.004099177461357351,0.0002951423349772796,0.006829125130136019,-0.009777358220517843
CMP015,Duke Energy Corporation,DUK,^GSPC,USD,NYSE,PRIMARY_DIRECT,Raw Materials & Energy,False,2025-03-21,113.04751586914062,5667.56005859375,-0.008821585578932534,0.0008246534476661349,-0.009646239026598669,0.25961436532067683,0.48204830832504575,-0.14882359765271003,2026-02-28,791,ok,0.00045485019676998553,0.07309641738017002,0.004099177461357351,0.0005151294093745855,-0.00933671498830712,-0.019114073208824963
CMP015,Duke Energy Corporation,DUK,^GSPC,USD,NYSE,PRIMARY_DIRECT,Raw Materials & Energy,False,2025-03-24,112.1457977294922,5767.56982421875,-0.007976452491819552,0.017646000146633645,-0.025622452638453197,0.24956711117768293,0.5082005329910677,-0.17444605029116322,2026-02-28,791,ok,0.00045485019676998553,0.07309641738017002,0.004099177461357351,0.0017447095885788598,-0.009721162080398412,-0.028835235289223375
CMP015,Duke Energy Corporation,DUK,^GSPC,USD,NYSE,PRIMARY_DIRECT,Raw Materials & Energy,False,2025-03-25,110.18098449707033,5776.64990234375,-0.017520168140060077,0.0015743334544251475,-0.019094501594485225,0.22767448528756074,0.5105749435461373,-0.19354055188564845,2026-02-28,791,ok,0.00045485019676998553,0.07309641738017002,0.004099177461357351,0.000569928332050211,-0.01809009647211029,-0.04692533176133366
CMP015,Duke Energy Corporation,DUK,^GSPC,USD,NYSE,PRIMARY_DIRECT,Raw Materials & Energy,False,2025-03-26,111.1586456298828,5712.2001953125,0.008873229235290214,-0.011156934922627149,0.020030164157917363,0.23856792242183422,0.4937215572052418,-0.17351038772773109,2026-02-28,791,ok,0.00045485019676998553,0.07309641738017002,0.004099177461357351,-0.00036068177501776336,0.009233911010307978,-0.03769142075102569
CMP015,Duke Energy Corporation,DUK,^GSPC,USD,NYSE,PRIMARY_DIRECT,Raw Materials & Energy,False,2025-03-27,111.67120361328124,5693.31005859375,0.004611049194545469,-0.003306980860763864,0.007918030055309333,0.24427902004290725,0.48878184860425367,-0.16559235767242175,2026-02-28,791,ok,0.00045485019676998553,0.07309641738017002,0.004099177461357351,0.00021312174350335622,0.004397927451042113,-0.03329349329998357
CMP015,Duke Energy Corporation,DUK,^GSPC,USD,NYSE,PRIMARY_DIRECT,Raw Materials & Energy,False,2025-03-28,113.34176635742188,5580.93994140625,0.01495965557894241,-0.01973722070834405,0.03469687628728646,0.262893005626853,0.45939743267177513,-0.1308954813851353,2026-02-28,791,ok,0.00045485019676998553,0.07309641738017002,0.004099177461357351,-0.000987869926051666,0.015947525504994075,-0.017345967794989498
CMP015,Duke Energy Corporation,DUK,^GSPC,USD,NYSE,PRIMARY_DIRECT,Raw Materials & Energy,False,2025-03-31,115.77166748046876,5611.85009765625,0.0214387087932284,0.005538521570653376,0.015900187222575024,0.2899678010114921,0.467480336832784,-0.11499529416256027,2026-02-28,791,ok,0.00045485019676998553,0.07309641738017002,0.004099177461357351,0.0008596962811675395,0.02057901251206086,0.0032330447170713615
CMP015,Duke Energy Corporation,DUK,^GSPC,USD,NYSE,PRIMARY_DIRECT,Raw Materials & Energy,False,2025-04-01,114.91740417480467,5633.06982421875,-0.007378863276787606,0.0037812354559083605,-0.011160098732695967,0.2804493049763699,0.47302922551326443,-0.12615539289525624,2026-02-28,791,ok,0.00045485019676998553,0.07309641738017002,0.004099177461357351,0.0007312449618677605,-0.008110108238655366,-0.004877063521584004
CMP015,Duke Energy Corporation,DUK,^GSPC,USD,NYSE,PRIMARY_DIRECT,Raw Materials & Energy,False,2025-04-02,114.2719497680664,5670.97021484375,-0.005616681053432493,0.006728194715792668,-0.012344875769225161,0.27325742962522837,0.4829400529645709,-0.1385002686644814,2026-02-28,791,ok,0.00045485019676998553,0.07309641738017002,0.004099177461357351,0.0009466571259306208,-0.006563338179363114,-0.01144040170094712
CMP015,Duke Energy Corporation,DUK,^GSPC,USD,NYSE,PRIMARY_DIRECT,Raw Materials & Energy,False,2025-04-03,117.74596405029295,5396.52001953125,0.030401286486120505,-0.04839563335990149,0.078796919846022,0.3119660935138464,0.4111722298665845,-0.0597033488184594,2026-02-28,791,ok,0.00045485019676998553,0.07309641738017002,0.004099177461357351,-0.003082697218683054,0.03348398370480356,0.02204358200385644
CMP015,Duke Energy Corporation,DUK,^GSPC,USD,NYSE,PRIMARY_DIRECT,Raw Materials & Energy,False,2025-04-04,112.88615417480467,5074.080078125,-0.04127368538434584,-0.05974960534553109,0.01847591996118525,0.2578164177352267,0.32685524605748295,-0.04122742885727415,2026-02-28,791,ok,0.00045485019676998553,0.07309641738017002,0.004099177461357351,-0.003912631893867392,-0.03736105349047845,-0.01531747148662201
CMP015,Duke Energy Corporation,DUK,^GSPC,USD,NYSE,PRIMARY_DIRECT,Raw Materials & Energy,False,2025-04-07,110.92135620117188,5062.25,-0.017405128095605904,-0.0023314724921273955,-0.015073655603478509,0.23592396186378894,0.3237617195502649,-0.05630108446075266,2026-02-28,791,ok,0.00045485019676998553,0.07309641738017002,0.004099177461357351,0.0002844279103750563,-0.01768955600598096,-0.03300702749260297
CMP015,Duke Energy Corporation,DUK,^GSPC,USD,NYSE,PRIMARY_DIRECT,Raw Materials & Energy,False,2025-04-08,110.0575942993164,4982.77001953125,-0.007787155976428095,-0.015700524562941354,0.007913368586513259,0.2262996291977506,0.30297796615698447,-0.0483877158742394,2026-02-28,791,ok,0.00045485019676998553,0.07309641738017002,0.004099177461357351,-0.000692801899770387,-0.007094354076657708,-0.04010138156926067
CMP015,Duke Energy Corporation,DUK,^GSPC,USD,NYSE,PRIMARY_DIRECT,Raw Materials & Energy,False,2025-04-09,110.39930725097656,5456.89990234375,0.003104855724274991,0.09515387644904849,-0.0920490207247735,0.23010711262114159,0.42696137056451855,-0.1404367365990129,2026-02-28,791,ok,0.00045485019676998553,0.07309641738017002,0.004099177461357351,0.007410257665030764,-0.004305401940755773,-0.044406783510016444
CMP015,Duke Energy Corporation,DUK,^GSPC,USD,NYSE,PRIMARY_DIRECT,Raw Materials & Energy,False,2025-04-10,110.90235900878906,5268.0498046875,0.00455665683362394,-0.03460757958472693,0.03916423641835087,0.23571228860195603,0.37757769136837593,-0.10127250018066203,2026-02-28,791,ok,0.00045485019676998553,0.07309641738017002,0.004099177461357351,-0.0020748398850726655,0.0066314967186966054,-0.03777528679131984
CMP015,Duke Energy Corporation,DUK,^GSPC,USD,NYSE,PRIMARY_DIRECT,Raw Materials & Energy,False,2025-04-11,112.89564514160156,5363.35986328125,0.017973342953458094,0.018092095201708958,-0.00011875224825086406,0.2579221693568017,0.40250095810836295,-0.10139125242891289,2026-02-28,791,ok,0.00045485019676998553,0.07309641738017002,0.004099177461357351,0.0017773175389158746,0.01619602541454222,-0.021579261376777622
CMP015,Duke Energy Corporation,DUK,^GSPC,USD,NYSE,PRIMARY_DIRECT,Raw Materials & Energy,False,2025-04-14,114.4712905883789,5405.97021484375,0.013956653906366911,0.007944712390868913,0.006011941515497998,0.27547855371566077,0.41364342484845196,-0.0953793109134149,2026-02-28,791,ok,0.00045485019676998553,0.07309641738017002,0.004099177461357351,0.001035580209658348,0.012921073696708564,-0.008658187680069058
CMP015,Duke Energy Corporation,DUK,^GSPC,USD,NYSE,PRIMARY_DIRECT,Raw Materials & Energy,False,2025-04-15,114.36687469482422,5396.6298828125,-0.0009121579132898017,-0.0017277808903947145,0.0008156229771049128,0.2743151158596575,0.41120095875316665,-0.09456368793630998,2026-02-28,791,ok,0.00045485019676998553,0.07309641738017002,0.004099177461357351,0.00032855560366421173,-0.0012407135169540135,-0.009898901197023071
CMP015,Duke Energy Corporation,DUK,^GSPC,USD,NYSE,PRIMARY_DIRECT,Raw Materials & Energy,False,2025-04-16,114.2340087890625,5275.7001953125,-0.0011617516533196648,-0.0224083715440897,0.021246619890770035,0.2728346781669573,0.37957824334605017,-0.07331706804553995,2026-02-28,791,ok,0.00045485019676998553,0.07309641738017002,0.004099177461357351,-0.0011831214824267202,2.1369829107055396e-05,-0.009877531367916016
CMP015,Duke Energy Corporation,DUK,^GSPC,USD,NYSE,PRIMARY_DIRECT,Raw Materials & Energy,False,2025-04-17,115.61031341552734,5282.7001953125,0.01204811632765379,0.0013268380955802073,0.010721278232073583,0.28816993843538463,0.38140872031515527,-0.06259578981346636,2026-02-28,791,ok,0.00045485019676998553,0.07309641738017002,0.004099177461357351,0.0005518373080004263,0.011496279019653364,0.0016187476517373484
CMP015,Duke Energy Corporation,DUK,^GSPC,USD,NYSE,PRIMARY_DIRECT,Raw Materials & Energy,False,2025-04-21,114.0631332397461,5158.2001953125,-0.013382717597351101,-0.023567493023827546,0.010184775426476445,0.27093072393190676,0.3488523799360732,-0.05241101438698992,2026-02-28,791,ok,0.00045485019676998553,0.07309641738017002,0.004099177461357351,-0.001267849109903958,-0.012114868487447143,-0.010496120835709794
CMP015,Duke Energy Corporation,DUK,^GSPC,USD,NYSE,PRIMARY_DIRECT,Raw Materials & Energy,False,2025-04-22,116.30321502685548,5287.759765625,0.019638964172595808,0.025117204723895226,-0.005478240551299418,0.2958904868850567,0.3827317813052409,-0.057889254938289336,2026-02-28,791,ok,0.00045485019676998553,0.07309641738017002,0.004099177461357351,0.002290827876691009,0.017348136295904797,0.006852015460195003
CMP015,Duke Energy Corporation,DUK,^GSPC,USD,NYSE,PRIMARY_DIRECT,Raw Materials & Energy,False,2025-04-23,115.24961853027344,5375.85986328125,-0.00905904876609609,0.01666113847096007,-0.025720187237056158,0.284150951768845,0.40576966698176475,-0.0836094421753455,2026-02-28,791,ok,0.00045485019676998553,0.07309641738017002,0.004099177461357351,0.0016727197284720904,-0.01073176849456818,-0.0038797530343731776
CMP015,Duke Energy Corporation,DUK,^GSPC,USD,NYSE,PRIMARY_DIRECT,Raw Materials & Energy,False,2025-04-24,114.56620025634766,5484.77001953125,-0.005929896190903783,0.020259113708281262,-0.026189009899185045,0.27653606993140545,0.434249314512801,-0.10979845207453054,2026-02-28,791,ok,0.00045485019676998553,0.07309641738017002,0.004099177461357351,0.0019357188281428368,-0.00786561501904662,-0.011745368053419797
CMP015,Duke Energy Corporation,DUK,^GSPC,USD,NYSE,PRIMARY_DIRECT,Raw Materials & Energy,False,2025-04-25,113.7593994140625,5525.2099609375,-0.007042223976005957,0.007373133469998461,-0.014415357446004418,0.267546417013498,0.4448242261379578,-0.12421380952053496,2026-02-28,791,ok,0.00045485019676998553,0.07309641738017002,0.004099177461357351,0.0009937998382926944,-0.00803602381429865,-0.019781391867718448
CMP015,Duke Energy Corporation,DUK,^GSPC,USD,NYSE,PRIMARY_DIRECT,Raw Materials & Energy,False,2025-04-28,114.5377426147461,5528.75,0.006842012217826321,0.0006407067039131409,0.00620130551391318,0.27621898508536624,0.4457499347056204,-0.11801250400662178,2026-02-28,791,ok,0.00045485019676998553,0.07309641738017002,0.004099177461357351,0.0005016835614174935,0.006340328656408828,-0.01344106321130962
CMP015,Duke Energy Corporation,DUK,^GSPC,USD,NYSE,PRIMARY_DIRECT,Raw Materials & Energy,False,2025-04-29,115.515380859375,5560.830078125,0.008535511721383005,0.005802410694099036,0.0027331010272839684,0.2871121671916139,0.45413876958774924,-0.11527940297933781,2026-02-28,791,ok,0.00045485019676998553,0.07309641738017002,0.004099177461357351,0.0008789856306770107,0.007656526090705993,-0.005784537120603627
CMP015,Duke Energy Corporation,DUK,^GSPC,USD,NYSE,PRIMARY_DIRECT,Raw Materials & Energy,False,2025-04-30,115.8191146850586,5569.06005859375,0.0026293799442460575,0.00147999135976562,0.0011493885844804375,0.29049647411002266,0.45629088240263926,-0.11413001439485737,2026-02-28,791,ok,0.00045485019676998553,0.07309641738017002,0.004099177461357351,0.0005630322629224586,0.0020663476813235987,-0.0037181894392800284
CMP015,Duke Energy Corporation,DUK,^GSPC,USD,NYSE,PRIMARY_DIRECT,Raw Materials & Energy,False,2025-05-01,115.16419219970705,5604.14013671875,-0.0056547011875582864,0.006299102138585644,-0.01195380332614393,0.28319910216533284,0.46546420741438443,-0.1260838177210013,2026-02-28,791,ok,0.00045485019676998553,0.07309641738017002,0.004099177461357351,0.0009152919958123633,-0.00656999318337065,-0.010288182622650677
CMP015,Duke Energy Corporation,DUK,^GSPC,USD,NYSE,PRIMARY_DIRECT,Raw Materials & Energy,False,2025-05-02,115.40149688720705,5686.669921875,0.002060577015887688,0.01472657412963474,-0.012665997113747052,0.28584323274206236,0.4870454746991988,-0.13874981483474835,2026-02-28,791,ok,0.00045485019676998553,0.07309641738017002,0.004099177461357351,0.0015313100059297807,0.0005292670099579073,-0.00975891561269277
CMP015,Duke Energy Corporation,DUK,^GSPC,USD,NYSE,PRIMARY_DIRECT,Raw Materials & Energy,False,2025-05-05,114.61366271972656,5650.3798828125,-0.006826897299698875,-0.006381597588933863,-0.0004452997107650125,0.2770649130486196,0.4775557488832234,-0.13919511454551337,2026-02-28,791,ok,0.00045485019676998553,0.07309641738017002,0.004099177461357351,-1.1621724143010762e-05,-0.006815275575555864,-0.016574191188248634
CMP015,Duke Energy Corporation,DUK,^GSPC,USD,NYSE,PRIMARY_DIRECT,Raw Materials & Energy,False,2025-05-06,116.69237518310548,5606.91015625,0.018136689937761963,-0.007693239651855532,0.025829929589617495,0.30022664340697736,0.4661885584080878,-0.11336518495589587,2026-02-28,791,ok,0.00045485019676998553,0.07309641738017002,0.004099177461357351,-0.0001074980598277204,0.018244187997589683,0.001669996809341049
CMP015,Duke Energy Corporation,DUK,^GSPC,USD,NYSE,PRIMARY_DIRECT,Raw Materials & Energy,False,2025-05-07,116.3696517944336,5631.27978515625,-0.0027655910522473848,0.00434635623313584,-0.007111947285383224,0.29663074823607727,0.4725611361878772,-0.1204771322412791,2026-02-28,791,ok,0.00045485019676998553,0.07309641738017002,0.004099177461357351,0.0007725532660701863,-0.003538144318317571,-0.001868147508976522
CMP015,Duke Energy Corporation,DUK,^GSPC,USD,NYSE,PRIMARY_DIRECT,Raw Materials & Energy,False,2025-05-08,113.90177917480467,5663.93994140625,-0.021207184017259073,0.005799775094835535,-0.02700695911209461,0.2691328613557984,0.48110165959116236,-0.1474840913533737,2026-02-28,791,ok,0.00045485019676998553,0.07309641738017002,0.004099177461357351,0.0008787929778131989,-0.02208597699507227,-0.023954124504048793
CMP015,Duke Energy Corporation,DUK,^GSPC,USD,NYSE,PRIMARY_DIRECT,Raw Materials & Energy,False,2025-05-09,114.21501159667967,5659.91015625,0.002750022204607294,-0.0007114809122162891,0.0034615031168235832,0.2726230049051237,0.4800478840313114,-0.14402258823655012,2026-02-28,791,ok,0.00045485019676998553,0.07309641738017002,0.004099177461357351,0.0004028434910525996,0.0023471787135546946,-0.021606945790494096
CMP015,Duke Energy Corporation,DUK,^GSPC,USD,NYSE,PRIMARY_DIRECT,Raw Materials & Energy,False,2025-05-12,109.96268463134766,5844.18994140625,-0.0372308937843302,0.032558782749008364,-0.06978967653333856,0.22524211298200592,0.5282364415456164,-0.21381226476988868,2026-02-28,791,ok,0.00045485019676998553,0.07309641738017002,0.004099177461357351,0.00283478056998178,-0.04006567435431198,-0.061672620144806074
CMP015,Duke Energy Corporation,DUK,^GSPC,USD,NYSE,PRIMARY_DIRECT,Raw Materials & Energy,False,2025-05-13,107.3239517211914,5886.5498046875,-0.023996621390271256,0.0072482009835321826,-0.031244822373803438,0.19584044188536076,0.539313406424297,-0.24505708714369212,2026-02-28,791,ok,0.00045485019676998553,0.07309641738017002,0.004099177461357351,0.0009846677211176127,-0.024981289111388867,-0.08665390925619494
CMP015,Duke Energy Corporation,DUK,^GSPC,USD,NYSE,PRIMARY_DIRECT,Raw Materials & Energy,False,2025-05-14,106.74495697021484,5892.580078125,-0.005394832576428921,0.001024415597859818,-0.006419248174288739,0.1893890829132665,0.5408903030878329,-0.25147633531798086,2026-02-28,791,ok,0.00045485019676998553,0.07309641738017002,0.004099177461357351,0.0005297313068819032,-0.005924563883310824,-0.09257847313950576
CMP015,Duke Energy Corporation,DUK,^GSPC,USD,NYSE,PRIMARY_DIRECT,Raw Materials & Energy,False,2025-05-15,110.0481185913086,5916.93017578125,0.030944427866652635,0.004132332074135769,0.026812095792516866,0.22619404759486028,0.5472577735100075,-0.224664239525464,2026-02-28,791,ok,0.00045485019676998553,0.07309641738017002,0.004099177461357351,0.0007569088668144773,0.030187518999838157,-0.06239095413966761
CMP015,Duke Energy Corporation,DUK,^GSPC,USD,NYSE,PRIMARY_DIRECT,Raw Materials & Energy,False,2025-05-16,111.35552215576172,5958.3798828125,0.011880290014848027,0.007005272294898557,0.00487501771994947,0.2407615884947676,0.5580967355238435,-0.21978922180551452,2026-02-28,791,ok,0.00045485019676998553,0.07309641738017002,0.004099177461357351,0.0009669105042996319,0.010913379510548396,-0.05147757462911921
CMP015,Duke Energy Corporation,DUK,^GSPC,USD,NYSE,PRIMARY_DIRECT,Raw Materials & Energy,False,2025-05-19,112.0547332763672,5963.60009765625,0.006279087979376818,0.0008761131291423752,0.005402974850234443,0.24855243967035756,0.5594618045303099,-0.21438624695528008,2026-02-28,791,ok,0.00045485019676998553,0.07309641738017002,0.004099177461357351,0.0005188909277300234,0.005760197051646795,-0.04571737757747242
CMP015,Duke Energy Corporation,DUK,^GSPC,USD,NYSE,PRIMARY_DIRECT,Raw Materials & Energy,False,2025-05-20,112.36122131347656,5940.4599609375,0.0027351636842813942,-0.0038802294486252054,0.0066153931329066,0.25196743496126484,0.5534107349123651,-0.20777085382237348,2026-02-28,791,ok,0.00045485019676998553,0.07309641738017002,0.004099177461357351,0.00017121932546245057,0.0025639443588189436,-0.043153433218653475
CMP015,Duke Energy Corporation,DUK,^GSPC,USD,NYSE,PRIMARY_DIRECT,Raw Materials & Energy,False,2025-05-21,111.52793884277344,5844.60986328125,-0.007416103714094957,-0.01613513066101424,0.008719026946919284,0.2426827146169226,0.5283462497343321,-0.1990518268754542,2026-02-28,791,ok,0.00045485019676998553,0.07309641738017002,0.004099177461357351,-0.0007245700485110899,-0.006691533665583867,-0.04984496688423734
CMP015,Duke Energy Corporation,DUK,^GSPC,USD,NYSE,PRIMARY_DIRECT,Raw Materials & Energy,False,2025-05-22,110.6946258544922,5842.009765625,-0.007471786862805696,-0.00044487103794299543,-0.007026915824862701,0.23339765423521208,0.5276663327518765,-0.2060787427003169,2026-02-28,791,ok,0.00045485019676998553,0.07309641738017002,0.004099177461357351,0.00042233171770015486,-0.00789411858050585,-0.05773908546474319
CMP015,Duke Energy Corporation,DUK,^GSPC,USD,NYSE,PRIMARY_DIRECT,Raw Materials & Energy,False,2025-05-23,111.57581329345705,5802.81982421875,0.007960525925831075,-0.006708297825321674,0.014668823751152749,0.24321614823861082,0.51741829201406,-0.19140991894916415,2026-02-28,791,ok,0.00045485019676998553,0.07309641738017002,0.004099177461357351,-3.5502340980214414e-05,0.007996028266811289,-0.0497430571979319
CMP015,Duke Energy Corporation,DUK,^GSPC,USD,NYSE,PRIMARY_DIRECT,Raw Materials & Energy,False,2025-05-27,111.47046661376952,5921.5400390625,-0.0009441712910526201,0.0204590558452733,-0.02140322713632592,0.242042339242871,0.5484632375910148,-0.21281314608549007,2026-02-28,791,ok,0.00045485019676998553,0.07309641738017002,0.004099177461357351,0.0019503338820402896,-0.0028945051730929097,-0.05263756237102481
CMP015,Duke Energy Corporation,DUK,^GSPC,USD,NYSE,PRIMARY_DIRECT,Raw Materials & Energy,False,2025-05-28,109.62186431884766,5888.5498046875,-0.01658378538350458,-0.005571225417268844,-0.011012559966235735,0.22144457565164122,0.5398363998440414,-0.2238257060517258,2026-02-28,791,ok,0.00045485019676998553,0.07309641738017002,0.004099177461357351,4.76135783502903e-05,-0.01663139896185487,-0.06926896133287967
CMP015,Duke Energy Corporation,DUK,^GSPC,USD,NYSE,PRIMARY_DIRECT,Raw Materials & Energy,False,2025-05-29,110.5796890258789,5912.169921875,0.008737533456330437,0.004011194261904327,0.00472633919442611,0.23211698849645068,0.5460129827753673,-0.2190993668572997,2026-02-28,791,ok,0.00045485019676998553,0.07309641738017002,0.004099177461357351,0.0007480541267310872,0.00798947932959935,-0.061279482003280324
CMP015,Duke Energy Corporation,DUK,^GSPC,USD,NYSE,PRIMARY_DIRECT,Raw Materials & Energy,False,2025-05-30,112.75393676757812,5911.68994140625,0.01966227035771806,-8.118516130162234e-05,0.01974345551901968,0.2563432058366053,0.5458874694619862,-0.19935591133828,2026-02-28,791,ok,0.00045485019676998553,0.07309641738017002,0.004099177461357351,0.0004489158523344057,0.019213354505383654,-0.04206612749789667
CMP015,Duke Energy Corporation,DUK,^GSPC,USD,NYSE,PRIMARY_DIRECT,Raw Materials & Energy,False,2025-06-02,112.28459930419922,5935.93994140625,-0.0041624929189510995,0.0041020419271569075,-0.008264534846108007,0.25111368613853813,0.5522287646763857,-0.20762044618438802,2026-02-28,791,ok,0.00045485019676998553,0.07309641738017002,0.004099177461357351,0.0007546947655884039,-0.004917187684539503,-0.046983315182436175
CMP015,Duke Energy Corporation,DUK,^GSPC,USD,NYSE,PRIMARY_DIRECT,Raw Materials & Energy,False,2025-06-03,111.80570220947266,5970.3701171875,-0.004265029199856163,0.005800290454605506,-0.010065319654461669,0.24577764973481764,0.5612321423635023,-0.2176857658388497,2026-02-28,791,ok,0.00045485019676998553,0.07309641738017002,0.004099177461357351,0.0008788306487660456,-0.005143859848622209,-0.05212717503105838
CMP015,Duke Energy Corporation,DUK,^GSPC,USD,NYSE,PRIMARY_DIRECT,Raw Materials & Energy,False,2025-06-04,111.08733367919922,5970.81005859375,-0.006425151097638526,7.36874595066439e-05,-0.00649883855714517,0.23777334010121054,0.5613471855937731,-0.22418460439599486,2026-02-28,791,ok,0.00045485019676998553,0.07309641738017002,0.004099177461357351,0.00046023648606576754,-0.006885387583704294,-0.059012562614762676
CMP015,Duke Energy Corporation,DUK,^GSPC,USD,NYSE,PRIMARY_DIRECT,Raw Materials & Energy,False,2025-06-05,110.85745239257812,5939.2998046875,-0.002069374419274017,-0.005277383403094138,0.003208008983820121,0.23521192361434573,0.5531073578700527,-0.22097659541217474,2026-02-28,791,ok,0.00045485019676998553,0.07309641738017002,0.004099177461357351,6.909237686223438e-05,-0.0021384667961362514,-0.06115102941089893
CMP015,Duke Energy Corporation,DUK,^GSPC,USD,NYSE,PRIMARY_DIRECT,Raw Materials & Energy,False,2025-06-06,110.36896514892578,6000.35986328125,-0.004406444791122066,0.010280683010067904,-0.01468712780118997,0.22976903046760344,0.5690743622969188,-0.2356637232133647,2026-02-28,791,ok,0.00045485019676998553,0.07309641738017002,0.004099177461357351,0.0012063312930271318,-0.005612776084149198,-0.06676380549504812
CMP015,Duke Energy Corporation,DUK,^GSPC,USD,NYSE,PRIMARY_DIRECT,Raw Materials & Energy,False,2025-06-09,110.5988540649414,6005.8798828125,0.0020829126711972012,0.0009199480792858594,0.0011629645919113418,0.23233053196381026,0.5705178292427706,-0.23450075862145336,2026-02-28,791,ok,0.00045485019676998553,0.07309641738017002,0.004099177461357351,0.0005220951055415504,0.0015608175656556507,-0.06520298792939247
CMP015,Duke Energy Corporation,DUK,^GSPC,USD,NYSE,PRIMARY_DIRECT,Raw Materials & Energy,False,2025-06-10,111.4225616455078,6038.81005859375,0.0074477044769625245,0.00548298940767844,0.0019647150692840842,0.24150856558381473,0.5791289618650788,-0.23253604355216928,2026-02-28,791,ok,0.00045485019676998553,0.07309641738017002,0.004099177461357351,0.0008556370790046999,0.006592067397957825,-0.05861092053143464
CMP015,Duke Energy Corporation,DUK,^GSPC,USD,NYSE,PRIMARY_DIRECT,Raw Materials & Energy,False,2025-06-11,111.44172668457033,6022.240234375,0.00017200321711774436,-0.002743888954607865,0.002915892171725609,0.2417221090511743,0.5747960073487157,-0.22962015138044367,2026-02-28,791,ok,0.00045485019676998553,0.07309641738017002,0.004099177461357351,0.00025428174449913067,-8.227852738138631e-05,-0.05869319905881603
CMP015,Duke Energy Corporation,DUK,^GSPC,USD,NYSE,PRIMARY_DIRECT,Raw Materials & Energy,False,2025-06-12,112.3324966430664,6045.259765625,0.007993145700419424,0.0038224199557175265,0.0041707257447018975,0.2516473747882524,0.5808155390333898,-0.22544942563574177,2026-02-28,791,ok,0.00045485019676998553,0.07309641738017002,0.004099177461357351,0.0007342554012554048,0.007258890299164019,-0.05143430875965201
CMP015,Duke Energy Corporation,DUK,^GSPC,USD,NYSE,PRIMARY_DIRECT,Raw Materials & Energy,False,2025-06-13,111.93020629882812,5976.97021484375,-0.003581246355776724,-0.011296379879250695,0.0077151335234739715,0.24716491718857436,0.5629580461854462,-0.2177342921122678,2026-02-28,791,ok,0.00045485019676998553,0.07309641738017002,0.004099177461357351,-0.0003708747017686779,-0.0032103716540080457,-0.05464468041366006
CMP015,Duke Energy Corporation,DUK,^GSPC,USD,NYSE,PRIMARY_DIRECT,Raw Materials & Energy,False,2025-06-16,110.53180694580078,6033.10986328125,-0.012493493930440303,0.009392659896159117,-0.02188615382659942,0.2315834698654209,0.5776383795452316,-0.23962044593886722,2026-02-28,791,ok,0.00045485019676998553,0.07309641738017002,0.004099177461357351,0.0011414199848496166,-0.013634913915289919,-0.06827959432894998
CMP015,Duke Energy Corporation,DUK,^GSPC,USD,NYSE,PRIMARY_DIRECT,Raw Materials & Energy,False,2025-06-17,109.9475326538086,5982.72021484375,-0.005286028593368464,-0.008352184790166306,0.0030661561967978423,0.2250732844285923,0.5644616522672112,-0.23655428974206938,2026-02-28,791,ok,0.00045485019676998553,0.07309641738017002,0.004099177461357351,-0.0001556645886883185,-0.005130364004680145,-0.07340995833363012
CMP015,Duke Energy Corporation,DUK,^GSPC,USD,NYSE,PRIMARY_DIRECT,Raw Materials & Energy,False,2025-06-18,109.74639129638672,5980.8701171875,-0.0018294303889038188,-0.0003092402101070313,-0.0015201901787967875,0.22283209813342442,0.5639778578171597,-0.23807447992086617,2026-02-28,791,ok,0.00045485019676998553,0.07309641738017002,0.004099177461357351,0.0004322458453012705,-0.002261676234205089,-0.07567163456783521
CMP015,Duke Energy Corporation,DUK,^GSPC,USD,NYSE,PRIMARY_DIRECT,Raw Materials & Energy,False,2025-06-20,110.53180694580078,5967.83984375,0.00715664214682854,-0.002178658486505891,0.009335300633334431,0.2315834698654209,0.5605704841845189,-0.22873917928753174,2026-02-28,791,ok,0.00045485019676998553,0.07309641738017002,0.004099177461357351,0.0002955980667115014,0.006861044080117039,-0.06881059048771818
CMP015,Duke Energy Corporation,DUK,^GSPC,USD,NYSE,PRIMARY_DIRECT,Raw Materials & Energy,False,2025-06-23,112.03557586669922,6025.169921875,0.013604852417149038,0.009606504133156335,0.003998348283992703,0.24833898121234022,0.5755621109909193,-0.22474083100353903,2026-02-28,791,ok,0.00045485019676998553,0.07309641738017002,0.004099177461357351,0.0011570512324515095,0.01244780118469753,-0.05636278930302065
CMP015,Duke Energy Corporation,DUK,^GSPC,USD,NYSE,PRIMARY_DIRECT,Raw Materials & Energy,False,2025-06-24,112.01641082763672,6092.18017578125,-0.00017106208375550214,0.01112172017970181,-0.011292782263457313,0.24812543774498086,0.5930850719151006,-0.23603361326699634,2026-02-28,791,ok,0.00045485019676998553,0.07309641738017002,0.004099177461357351,0.0012678080970109284,-0.0014388701807664305,-0.05780165948378708
CMP015,Duke Energy Corporation,DUK,^GSPC,USD,NYSE,PRIMARY_DIRECT,Raw Materials & Energy,False,2025-06-25,111.05859375,6092.16015625,-0.008550685301911165,-3.2861029504172024e-06,-0.008547399198960748,0.2374531099095134,0.5930798368735455,-0.2445810124659571,2026-02-28,791,ok,0.00045485019676998553,0.07309641738017002,0.004099177461357351,0.0004546099944171676,-0.009005295296328333,-0.06680695478011542
CMP015,Duke Energy Corporation,DUK,^GSPC,USD,NYSE,PRIMARY_DIRECT,Raw Materials & Energy,False,2025-06-26,111.34593963623048,6141.02001953125,0.002587335896556686,0.008020121275230219,-0.0054327853786735325,0.24065481676108802,0.6058565303663952,-0.2500137978446306,2026-02-28,791,ok,0.00045485019676998553,0.07309641738017002,0.004099177461357351,0.001041092328943795,0.0015462435676128912,-0.06526071121250253
CMP015,Duke Energy Corporation,DUK,^GSPC,USD,NYSE,PRIMARY_DIRECT,Raw Materials & Energy,False,2025-06-27,111.98767852783205,6173.06982421875,0.00576346918170656,0.005218970885222163,0.000544498296484397,0.2478052925626264,0.6142374488442213,-0.24946929954814623,2026-02-28,791,ok,0.00045485019676998553,0.07309641738017002,0.004099177461357351,0.0008363382708911401,0.00492713091081542,-0.06033358030168711
CMP015,Duke Energy Corporation,DUK,^GSPC,USD,NYSE,PRIMARY_DIRECT,Raw Materials & Energy,False,2025-06-30,113.02212524414062,6204.9501953125,0.009237147603265106,0.005164427424532603,0.004072720178732503,0.2593314542301628,0.6225740609947399,-0.24539657936941373,2026-02-28,791,ok,0.00045485019676998553,0.07309641738017002,0.004099177461357351,0.0008323513393232171,0.008404796263941888,-0.05192878403774522
CMP015,Duke Energy Corporation,DUK,^GSPC,USD,NYSE,PRIMARY_DIRECT,Raw Materials & Energy,False,2025-07-01,113.85541534423828,6198.009765625,0.0073728050883634655,-0.001118531087121899,0.008491336175485364,0.26861625958384705,0.6207591614663597,-0.23690524319392836,2026-02-28,791,ok,0.00045485019676998553,0.07309641738017002,0.004099177461357351,0.00037308958157302786,0.006999715506790438,-0.04492906853095478
CMP015,Duke Energy Corporation,DUK,^GSPC,USD,NYSE,PRIMARY_DIRECT,Raw Materials & Energy,False,2025-07-02,112.12177276611328,6227.419921875,-0.01522670285715777,0.004745096791088033,-0.019971799648245803,0.24929941675940492,0.6284498205625602,-0.25687704284217416,2026-02-28,791,ok,0.00045485019676998553,0.07309641738017002,0.004099177461357351,0.0008016997723206618,-0.016028402629478432,-0.060957471160433215
CMP015,Duke Energy Corporation,DUK,^GSPC,USD,NYSE,PRIMARY_DIRECT,Raw Materials & Energy,False,2025-07-03,112.36122131347656,6279.35009765625,0.0021356115003887677,0.008338955206607324,-0.006203343706218556,0.2519674349612653,0.642029390672439,-0.2630803865483927,2026-02-28,791,ok,0.00045485019676998553,0.07309641738017002,0.004099177461357351,0.0010643979470666962,0.0010712135533220714,-0.059886257607111144
CMP015,Duke Energy Corporation,DUK,^GSPC,USD,NYSE,PRIMARY_DIRECT,Raw Materials & Energy,False,2025-07-07,112.34207916259766,6229.97998046875,-0.00017036260958303018,-0.007862297279128794,0.0076919346695457635,0.2517541465219324,0.6291192674619055,-0.25538845187884696,2026-02-28,791,ok,0.00045485019676998553,0.07309641738017002,0.004099177461357351,-0.0001198555667121879,-5.0507042870842275e-05,-0.05993676464998199
CMP015,Duke Energy Corporation,DUK,^GSPC,USD,NYSE,PRIMARY_DIRECT,Raw Materials & Energy,False,2025-07-08,111.4034194946289,6225.52001953125,-0.008355370267005502,-0.0007158868810946961,-0.007639483385910806,0.2412952771444823,0.6279530023505908,-0.26302793526475776,2026-02-28,791,ok,0.00045485019676998553,0.07309641738017002,0.004099177461357351,0.0004025214305124995,-0.008757891697518002,-0.0686946563475
CMP015,Duke Energy Corporation,DUK,^GSPC,USD,NYSE,PRIMARY_DIRECT,Raw Materials & Energy,False,2025-07-09,112.22712707519533,6263.259765625,0.007393916491101438,0.0060621034026635545,0.0013318130884378832,0.2504733107644872,0.6378218217855167,-0.2616961221763199,2026-02-28,791,ok,0.00045485019676998553,0.07309641738017002,0.004099177461357351,0.0008979682372928296,0.006495948253808608,-0.062198708093691386
CMP015,Duke Energy Corporation,DUK,^GSPC,USD,NYSE,PRIMARY_DIRECT,Raw Materials & Energy,False,2025-07-10,113.18494415283205,6280.4599609375,0.008534630642330843,0.0027462050044453346,0.005788425637885508,0.26114563859995465,0.6423196162688938,-0.25590769653843437,2026-02-28,791,ok,0.00045485019676998553,0.07309641738017002,0.004099177461357351,0.0006555879439864333,0.00787904269834441,-0.05431966539534698
CMP015,Duke Energy Corporation,DUK,^GSPC,USD,NYSE,PRIMARY_DIRECT,Raw Materials & Energy,False,2025-07-11,112.5049057006836,6259.75,-0.006008205925606247,-0.0032975229626984737,-0.0027106829629077733,0.2535684159010658,0.6369040296221569,-0.25861837950134214,2026-02-28,791,ok,0.00045485019676998553,0.07309641738017002,0.004099177461357351,0.0002138130819678831,-0.00622201900757413,-0.06054168440292111
CMP015,Duke Energy Corporation,DUK,^GSPC,USD,NYSE,PRIMARY_DIRECT,Raw Materials & Energy,False,2025-07-14,112.95507049560548,6268.56005859375,0.004001290362569021,0.001407413809457303,0.002593876553111718,0.25858430712243163,0.6392078309582034,-0.2560245029482304,2026-02-28,791,ok,0.00045485019676998553,0.07309641738017002,0.004099177461357351,0.0005577271040126916,0.0034435632585563293,-0.057098121144364786
CMP015,Duke Energy Corporation,DUK,^GSPC,USD,NYSE,PRIMARY_DIRECT,Raw Materials & Energy,False,2025-07-15,112.16008758544922,6243.759765625,-0.007038045363241929,-0.003956298214731202,-0.0030817471485107273,0.24972633367543962,0.63272263594301,-0.25910625009674115,2026-02-28,791,ok,0.00045485019676998553,0.07309641738017002,0.004099177461357351,0.00016565897118557207,-0.007203704334427501,-0.06430182547879229
CMP015,Duke Energy Corporation,DUK,^GSPC,USD,NYSE,PRIMARY_DIRECT,Raw Materials & Energy,False,2025-07-16,112.82097625732422,6263.7001953125,0.005892369434639555,0.003193657417327689,0.002698712017311866,0.2570901829256529,0.6379369926997283,-0.2564075380794293,2026-02-28,791,ok,0.00045485019676998553,0.07309641738017002,0.004099177461357351,0.0006882951123162462,0.005204074322323309,-0.05909775115646898
CMP015,Duke Energy Corporation,DUK,^GSPC,USD,NYSE,PRIMARY_DIRECT,Raw Materials & Energy,False,2025-07-17,112.5049057006836,6297.35986328125,-0.0028015229713995726,0.00537376740890938,-0.008175290380308953,0.2535684159010658,0.6467388851289451,-0.26458282845973824,2026-02-28,791,ok,0.00045485019676998553,0.07309641738017002,0.004099177461357351,0.0008476533421955803,-0.003649176313595153,-0.06274692747006413
CMP015,Duke Energy Corporation,DUK,^GSPC,USD,NYSE,PRIMARY_DIRECT,Raw Materials & Energy,False,2025-07-18,113.42440795898438,6296.7900390625,0.008172997013544459,-9.048620868445933e-05,0.008263483222228918,0.2638138268204988,0.6465898779705366,-0.2563193452375093,2026-02-28,791,ok,0.00045485019676998553,0.07309641738017002,0.004099177461357351,0.00044823597909283714,0.007724761034451621,-0.055022166435612516
CMP015,Duke Energy Corporation,DUK,^GSPC,USD,NYSE,PRIMARY_DIRECT,Raw Materials & Energy,False,2025-07-21,114.7749252319336,6305.60009765625,0.011906760610446154,0.001399134882868358,0.010507625727577796,0.27886175551262227,0.6488936793065831,-0.24581171950993153,2026-02-28,791,ok,0.00045485019676998553,0.07309641738017002,0.004099177461357351,0.0005571219441392863,0.011349638666306868,-0.04367252776930565
CMP015,Duke Energy Corporation,DUK,^GSPC,USD,NYSE,PRIMARY_DIRECT,Raw Materials & Energy,False,2025-07-22,115.63695526123048,6309.6201171875,0.007510612858644183,0.0006375316336257875,0.006873081225018396,0.28846679105800366,0.6499449011876266,-0.23893863828491313,2026-02-28,791,ok,0.00045485019676998553,0.07309641738017002,0.004099177461357351,0.0005014514751545577,0.007009161383489625,-0.03666336638581602
CMP015,Duke Energy Corporation,DUK,^GSPC,USD,NYSE,PRIMARY_DIRECT,Raw Materials & Energy,False,2025-07-23,114.46842193603516,6358.91015625,-0.010105189319068009,0.007811886951519131,-0.01791707627058714,0.27544659020303053,0.6628340842319398,-0.25685571455550027,2026-02-28,791,ok,0.00045485019676998553,0.07309641738017002,0.004099177461357351,0.001025871145904932,-0.01113106046497294,-0.04779442685078896
CMP015,Duke Energy Corporation,DUK,^GSPC,USD,NYSE,PRIMARY_DIRECT,Raw Materials & Energy,False,2025-07-24,114.6982879638672,6363.35009765625,0.002008117382455765,0.0006982236416543941,0.0013098937408013711,0.2780078366712111,0.6639951143016993,-0.2555458208146989,2026-02-28,791,ok,0.00045485019676998553,0.07309641738017002,0.004099177461357351,0.0005058878435050574,0.0015022295389507077,-0.04629219731183826
CMP015,Duke Energy Corporation,DUK,^GSPC,USD,NYSE,PRIMARY_DIRECT,Raw Materials & Energy,False,2025-07-25,114.8707046508789,6388.64013671875,0.001503219359874075,0.00397432777929585,-0.0024711084194217747,0.2799289627933661,0.6706083763090811,-0.2580169292341207,2026-02-28,791,ok,0.00045485019676998553,0.07309641738017002,0.004099177461357351,0.0007453593189309991,0.0007578600409430759,-0.04553433727089518
CMP015,Duke Energy Corporation,DUK,^GSPC,USD,NYSE,PRIMARY_DIRECT,Raw Materials & Energy,False,2025-07-28,112.63898468017578,6389.77001953125,-0.019428103775334882,0.00017685810881817865,-0.01960496188415306,0.2550623700791599,0.670903836947091,-0.27762189111827373,2026-02-28,791,ok,0.00045485019676998553,0.07309641738017002,0.004099177461357351,0.00046777789090922666,-0.01989588166624411,-0.0654302189371393
CMP015,Duke Energy Corporation,DUK,^GSPC,USD,NYSE,PRIMARY_DIRECT,Raw Materials & Energy,False,2025-07-29,114.44925689697266,6370.85986328125,0.016071453608507813,-0.002959442388724254,0.019030895997232067,0.27523304673567095,0.6659588933045477,-0.25859099512104167,2026-02-28,791,ok,0.00045485019676998553,0.07309641738017002,0.004099177461357351,0.00023852556071123012,0.015832928047796582,-0.04959729088934271
CMP015,Duke Energy Corporation,DUK,^GSPC,USD,NYSE,PRIMARY_DIRECT,Raw Materials & Energy,False,2025-07-30,115.3975067138672,6362.89990234375,0.00828532960898265,-0.0012494327466496813,0.009534762355632331,0.2857987728561431,0.6638773897086807,-0.24905623276540934,2026-02-28,791,ok,0.00045485019676998553,0.07309641738017002,0.004099177461357351,0.0003635211392324282,0.007921808469750222,-0.04167548241959249
CMP015,Duke Energy Corporation,DUK,^GSPC,USD,NYSE,PRIMARY_DIRECT,Raw Materials & Energy,False,2025-07-31,116.50856018066406,6339.39013671875,0.009628054352610604,-0.0036948193411530106,0.013322873693763615,0.29817851332772194,0.657729663347878,-0.23573335907164572,2026-02-28,791,ok,0.00045485019676998553,0.07309641738017002,0.004099177461357351,0.00018477214006474028,0.009443282212545864,-0.03223220020704663
CMP015,Duke Energy Corporation,DUK,^GSPC,USD,NYSE,PRIMARY_DIRECT,Raw Materials & Energy,False,2025-08-01,117.72499084472656,6238.009765625,0.010440697766552542,-0.015992133140148468,0.02643283090670101,0.3117324028324091,0.6312190298612452,-0.2093005281649447,2026-02-28,791,ok,0.00045485019676998553,0.07309641738017002,0.004099177461357351,-0.0007141174420415558,0.011154815208594099,-0.021077384998452534
CMP015,Duke Energy Corporation,DUK,^GSPC,USD,NYSE,PRIMARY_DIRECT,Raw Materials & Energy,False,2025-08-04,118.93182373046876,6329.93994140625,0.010251288847700657,0.01473710033091602,-0.004485811483215363,0.32517935058473246,0.6552584683660099,-0.21378633964816007,2026-02-28,791,ok,0.00045485019676998553,0.07309641738017002,0.004099177461357351,0.0015320794335320644,0.008719209414168592,-0.012358175584283941
CMP015,Duke Energy Corporation,DUK,^GSPC,USD,NYSE,PRIMARY_DIRECT,Raw Materials & Energy,False,2025-08-05,118.76900482177734,6299.18994140625,-0.0013690104429947558,-0.004857865996303334,0.0034888555533085785,0.32336516621494105,0.6472174445374415,-0.2102974840948515,2026-02-28,791,ok,0.00045485019676998553,0.07309641738017002,0.004099177461357351,9.975759632726156e-05,-0.0014687680393220175,-0.01382694362360596
CMP015,Duke Energy Corporation,DUK,^GSPC,USD,NYSE,PRIMARY_DIRECT,Raw Materials & Energy,False,2025-08-06,119.92796325683594,6345.06005859375,0.009758088289092859,0.007281907295092482,0.0024761809940003765,0.3362786803455764,0.6592123292634222,-0.20782130310085112,2026-02-28,791,ok,0.00045485019676998553,0.07309641738017002,0.004099177461357351,0.0009871315317357705,0.008770956757357088,-0.005055986866248871
CMP015,Duke Energy Corporation,DUK,^GSPC,USD,NYSE,PRIMARY_DIRECT,Raw Materials & Energy,False,2025-08-07,120.61759185791016,6340.0,0.005750356983861282,-0.0007974800154801898,0.006547836999341472,0.3439627597874866,0.6578891405893963,-0.20127346610150965,2026-02-28,791,ok,0.00045485019676998553,0.07309641738017002,0.004099177461357351,0.00039655726470610113,0.005353799719155181,0.00029781285290630954
CMP015,Duke Energy Corporation,DUK,^GSPC,USD,NYSE,PRIMARY_DIRECT,Raw Materials & Energy,False,2025-08-08,120.0333251953125,6389.4501953125,-0.004843958941627147,0.007799715348974834,-0.01264367429060198,0.33745265936,0.6708202039661502,-0.21391714039211163,2026-02-28,791,ok,0.00045485019676998553,0.07309641738017002,0.004099177461357351,0.0010249814453651685,-0.005868940386992315,-0.005571127534086006
CMP015,Duke Energy Corporation,DUK,^GSPC,USD,NYSE,PRIMARY_DIRECT,Raw Materials & Energy,False,2025-08-11,120.26319885253906,6373.4501953125,0.0019150819728814827,-0.0025041278217863283,0.004419209794667811,0.3400139908375228,0.6666362566081958,-0.20949793059744382,2026-02-28,791,ok,0.00045485019676998553,0.07309641738017002,0.004099177461357351,0.0002718074243353961,0.0016432745485460867,-0.0039278529855399195
CMP015,Duke Energy Corporation,DUK,^GSPC,USD,NYSE,PRIMARY_DIRECT,Raw Materials & Energy,False,2025-08-12,119.21918487548828,6445.759765625,-0.008681076064930737,0.01134543584661274,-0.020026511911543476,0.3283812274549909,0.6855449713371828,-0.2295244425089873,2026-02-28,791,ok,0.00045485019676998553,0.07309641738017002,0.004099177461357351,0.0012841609107739327,-0.00996523697570467,-0.01389308996124459
CMP015,Duke Energy Corporation,DUK,^GSPC,USD,NYSE,PRIMARY_DIRECT,Raw Materials & Energy,False,2025-08-13,120.40687561035156,6466.580078125,0.009962245053962482,0.0032300788824048965,0.006732166171557585,0.3416148867679809,0.6909894145544428,-0.2227922763374297,2026-02-28,791,ok,0.00045485019676998553,0.07309641738017002,0.004099177461357351,0.0006909573909291269,0.009271287663033355,-0.004621802298211235
CMP015,Duke Energy Corporation,DUK,^GSPC,USD,NYSE,PRIMARY_DIRECT,Raw Materials & Energy,False,2025-08-14,119.01803588867188,6468.5400390625,-0.011534554938325225,0.00030309080129242716,-0.011837645739617653,0.32613995615048075,0.6915019378910772,-0.23462992207704736,2026-02-28,791,ok,0.00045485019676998553,0.07309641738017002,0.004099177461357351,0.00047700504848534694,-0.012011559986810572,-0.016633362285021807
CMP015,Duke Energy Corporation,DUK,^GSPC,USD,NYSE,PRIMARY_DIRECT,Raw Materials & Energy,False,2025-08-15,118.29830169677734,6449.7998046875,-0.006047269949638223,-0.0028971350972291088,-0.0031501348524091144,0.3181204298446374,0.6866014282597819,-0.23778005692945647,2026-02-28,791,ok,0.00045485019676998553,0.07309641738017002,0.004099177461357351,0.00024308000049618714,-0.00629034995013441,-0.022923712235156216
CMP015,Duke Energy Corporation,DUK,^GSPC,USD,NYSE,PRIMARY_DIRECT,Raw Materials & Energy,False,2025-08-18,117.34185791015624,6449.14990234375,-0.008085017053521715,-0.00010076318078544588,-0.007984253872736269,0.3074634036907482,0.686431480935153,-0.24576431080219274,2026-02-28,791,ok,0.00045485019676998553,0.07309641738017002,0.004099177461357351,0.00044748476925073906,-0.008532501822772454,-0.03145621405792867
CMP015,Duke Energy Corporation,DUK,^GSPC,USD,NYSE,PRIMARY_DIRECT,Raw Materials & Energy,False,2025-08-19,119.58319854736328,6411.3701171875,0.019100947241888377,-0.005858103118756786,0.024959050360645163,0.3324371931853449,0.6765521914171173,-0.22080526044154758,2026-02-28,791,ok,0.00045485019676998553,0.07309641738017002,0.004099177461357351,2.664384614526385e-05,0.019074303395743113,-0.01238191066218556
CMP015,Duke Energy Corporation,DUK,^GSPC,USD,NYSE,PRIMARY_DIRECT,Raw Materials & Energy,False,2025-08-20,120.25946807861328,6395.77978515625,0.005655221966505142,-0.0024316693228262354,0.008086891289331377,0.3399724212692352,0.6724753708851312,-0.2127183691522162,2026-02-28,791,ok,0.00045485019676998553,0.07309641738017002,0.004099177461357351,0.00027710388101812364,0.005378118085487018,-0.007003792576698541
CMP015,Duke Energy Corporation,DUK,^GSPC,USD,NYSE,PRIMARY_DIRECT,Raw Materials & Energy,False,2025-08-21,119.93099975585938,6370.169921875,-0.0027313302478536583,-0.004004181529308926,0.0012728512814552673,0.33631251406373286,0.6657784758968088,-0.21144551787076094,2026-02-28,791,ok,0.00045485019676998553,0.07309641738017002,0.004099177461357351,0.0001621588724376528,-0.002893489120291311,-0.009897281696989852
CMP015,Duke Energy Corporation,DUK,^GSPC,USD,NYSE,PRIMARY_DIRECT,Raw Materials & Energy,False,2025-08-22,120.12421417236328,6466.91015625,0.0016110464925433998,0.015186444876893468,-0.013575398384350068,0.33846537565245716,0.6910757288981313,-0.225020916255111,2026-02-28,791,ok,0.00045485019676998553,0.07309641738017002,0.004099177461357351,0.001564924910012335,4.6121582531064714e-05,-0.009851160114458787
CMP015,Duke Energy Corporation,DUK,^GSPC,USD,NYSE,PRIMARY_DIRECT,Raw Materials & Energy,False,2025-08-25,118.93592071533205,6439.31982421875,-0.009892205873881399,-0.004266385548063467,-0.005625820325817932,0.325225000601441,0.6838609478476794,-0.23064673658092893,2026-02-28,791,ok,0.00045485019676998553,0.07309641738017002,0.004099177461357351,0.00014299269804401293,-0.010035198571925412,-0.0198863586863842
CMP015,Duke Energy Corporation,DUK,^GSPC,USD,NYSE,PRIMARY_DIRECT,Raw Materials & Energy,False,2025-08-26,119.10015106201172,6465.93994140625,0.0013808304984055386,0.004133995191134998,-0.0027531646927294595,0.32705491169952094,0.6908220209086218,-0.2333999012736584,2026-02-28,791,ok,0.00045485019676998553,0.07309641738017002,0.004099177461357351,0.0007570304347088051,0.0006238000636967335,-0.019262558622687467
CMP015,Duke Energy Corporation,DUK,^GSPC,USD,NYSE,PRIMARY_DIRECT,Raw Materials & Energy,False,2025-08-27,119.4865951538086,6481.39990234375,0.0032446985864498235,0.0023909843081744153,0.0008537142782754081,0.3313608048956538,0.6948647498285301,-0.232546186995383,2026-02-28,791,ok,0.00045485019676998553,0.07309641738017002,0.004099177461357351,0.0006296225837097397,0.002615076002740084,-0.016647482619947383
CMP015,Duke Energy Corporation,DUK,^GSPC,USD,NYSE,PRIMARY_DIRECT,Raw Materials & Energy,False,2025-08-28,118.22100830078124,6501.85986328125,-0.010591873100059823,0.0031567194195349924,-0.013748592519594816,0.3172592001998056,0.7002149622977991,-0.2462947795149778,2026-02-28,791,ok,0.00045485019676998553,0.07309641738017002,0.004099177461357351,0.0006855950770124034,-0.011277468177072227,-0.02792495079701961
CMP015,Duke Energy Corporation,DUK,^GSPC,USD,NYSE,PRIMARY_DIRECT,Raw Materials & Energy,False,2025-08-29,118.3369369506836,6460.259765625,0.0009806095512856494,-0.00639818429357164,0.00737879384485729,0.3185509171530405,0.6893366736303299,-0.2389159856701205,2026-02-28,791,ok,0.00045485019676998553,0.07309641738017002,0.004099177461357351,-1.2834152828175333e-05,0.0009934437041138246,-0.026931507092905788
CMP015,Duke Energy Corporation,DUK,^GSPC,USD,NYSE,PRIMARY_DIRECT,Raw Materials & Energy,False,2025-09-02,117.75728607177734,6415.5400390625,-0.004898308962888009,-0.006922279936861564,0.0020239709739735545,0.3120922473775256,0.6776426122678543,-0.23689201469614696,2026-02-28,791,ok,0.00045485019676998553,0.07309641738017002,0.004099177461357351,-5.114366671722431e-05,-0.0048471652961707854,-0.03177867238907657
CMP015,Duke Energy Corporation,DUK,^GSPC,USD,NYSE,PRIMARY_DIRECT,Raw Materials & Energy,False,2025-09-03,117.38050842285156,6448.259765625,-0.003199612198060642,0.0051000736279842585,-0.0082996858260449,0.3078940610178358,0.6861987131118641,-0.24519170052219186,2026-02-28,791,ok,0.00045485019676998553,0.07309641738017002,0.004099177461357351,0.0008276473073507208,-0.004027259505411362,-0.035805931894487934
CMP015,Duke Energy Corporation,DUK,^GSPC,USD,NYSE,PRIMARY_DIRECT,Raw Materials & Energy,False,2025-09-04,116.7718734741211,6502.080078125,-0.005185144935119235,0.008346486409699372,-0.013531631344818607,0.30111244075167654,0.7002725477549048,-0.25872333186701046,2026-02-28,791,ok,0.00045485019676998553,0.07309641738017002,0.004099177461357351,0.0010649484510312874,-0.006250093386150522,-0.042056025280638454
CMP015,Duke Energy Corporation,DUK,^GSPC,USD,NYSE,PRIMARY_DIRECT,Raw Materials & Energy,False,2025-09-05,116.52069091796876,6481.5,-0.002151053577195472,-0.003165152978388819,0.0010140994011933468,0.2983136781816642,0.6948909250363056,-0.2577092324658171,2026-02-28,791,ok,0.00045485019676998553,0.07309641738017002,0.004099177461357351,0.00022348885358958818,-0.0023745424307850603,-0.044430567711423515
CMP015,Duke Energy Corporation,DUK,^GSPC,USD,NYSE,PRIMARY_DIRECT,Raw Materials & Energy,False,2025-09-08,116.0956039428711,6495.14990234375,-0.003648167306156247,0.0021059789159529885,-0.005754146222109235,0.29357721266778647,0.6984603295892722,-0.26346337868792635,2026-02-28,791,ok,0.00045485019676998553,0.07309641738017002,0.004099177461357351,0.0006087897106043232,-0.00425695701676057,-0.048687524728184085
CMP015,Duke Energy Corporation,DUK,^GSPC,USD,NYSE,PRIMARY_DIRECT,Raw Materials & Energy,False,2025-09-09,116.2984848022461,6512.60986328125,0.0017475326582980788,0.0026881536531127015,-0.0009406209948146227,0.29583778109295356,0.7030260519289246,-0.264403999682741,2026-02-28,791,ok,0.00045485019676998553,0.07309641738017002,0.004099177461357351,0.0006513445981799404,0.0010961880601181384,-0.04759133666806595
CMP015,Duke Energy Corporation,DUK,^GSPC,USD,NYSE,PRIMARY_DIRECT,Raw Materials & Energy,False,2025-09-10,117.235595703125,6532.0400390625,0.008057808340945938,0.002983469943562689,0.005074338397383249,0.30627939357395717,0.7081069789679588,-0.2593296612853577,2026-02-28,791,ok,0.00045485019676998553,0.07309641738017002,0.004099177461357351,0.0006729311610058361,0.007384877179940102,-0.040206459488125845
CMP015,Duke Energy Corporation,DUK,^GSPC,USD,NYSE,PRIMARY_DIRECT,Raw Materials & Energy,False,2025-09-11,117.9698257446289,6587.47021484375,0.006262859305659951,0.008485890387959882,-0.002223031082299931,0.3144604376297937,0.7226017875623902,-0.26155269236765766,2026-02-28,791,ok,0.00045485019676998553,0.07309641738017002,0.004099177461357351,0.001075138382410674,0.005187720923249277,-0.03501873856487657
CMP015,Duke Energy Corporation,DUK,^GSPC,USD,NYSE,PRIMARY_DIRECT,Raw Materials & Energy,False,2025-09-12,117.81524658203124,6584.2900390625,-0.0013103279726147665,-0.00048276131466740146,-0.0008275666579473651,0.31273806334947185,0.7217701820587783,-0.262380259025605,2026-02-28,791,ok,0.00045485019676998553,0.07309641738017002,0.004099177461357351,0.00041956207421805754,-0.001729890046832824,-0.0367486286117094
CMP015,Duke Energy Corporation,DUK,^GSPC,USD,NYSE,PRIMARY_DIRECT,Raw Materials & Energy,False,2025-09-15,118.22100830078124,6615.27978515625,0.003444051008011817,0.004706619226962694,-0.001262568218950877,0.317259200199806,0.7298738987020672,-0.2636428272445559,2026-02-28,791,ok,0.00045485019676998553,0.07309641738017002,0.004099177461357351,0.0007988872002335837,0.002645163807778233,-0.034103464803931165
CMP015,Duke Energy Corporation,DUK,^GSPC,USD,NYSE,PRIMARY_DIRECT,Raw Materials & Energy,False,2025-09-16,116.17288208007812,6606.759765625,-0.017324553817813948,-0.0012879303382402618,-0.016036623479573686,0.2944382722939338,0.7276459416265988,-0.2796794507241296,2026-02-28,791,ok,0.00045485019676998553,0.07309641738017002,0.004099177461357351,0.0003607071032093918,-0.01768526092102334,-0.05178872572495451
CMP015,Duke Energy Corporation,DUK,^GSPC,USD,NYSE,PRIMARY_DIRECT,Raw Materials & Energy,False,2025-09-17,116.99406433105467,6600.35009765625,0.007068622524235124,-0.0009701681605103207,0.008038790684745445,0.3035881678217027,0.7259698345413979,-0.27164066003938414,2026-02-28,791,ok,0.00045485019676998553,0.07309641738017002,0.004099177461357351,0.00038393437998037133,0.0066846881442547525,-0.04510403758069975
CMP015,Duke Energy Corporation,DUK,^GSPC,USD,NYSE,PRIMARY_DIRECT,Raw Materials & Energy,False,2025-09-18,116.30813598632812,6631.9599609375,-0.005862932864573289,0.004789119185128365,-0.010652052049701655,0.2959453179107119,0.7342357097889529,-0.2822927120890858,2026-02-28,791,ok,0.00045485019676998553,0.07309641738017002,0.004099177461357351,0.0008049176516095083,-0.006667850516182797,-0.051771888096882546
CMP015,Duke Energy Corporation,DUK,^GSPC,USD,NYSE,PRIMARY_DIRECT,Raw Materials & Energy,False,2025-09-19,116.97474670410156,6664.35986328125,0.0057314194928874684,0.004885418870829605,0.0008460006220578631,0.3033729241675016,0.7427081776520223,-0.28144671146702793,2026-02-28,791,ok,0.00045485019676998553,0.07309641738017002,0.004099177461357351,0.0008119568136291052,0.004919462679258363,-0.04685242541762418
CMP015,Duke Energy Corporation,DUK,^GSPC,USD,NYSE,PRIMARY_DIRECT,Raw Materials & Energy,False,2025-09-22,117.45779418945312,6693.75,0.0041295022982479335,0.004410046474333074,-0.00028054417608514015,0.30875520565332537,0.7503936017066681,-0.2817272556431131,2026-02-28,791,ok,0.00045485019676998553,0.07309641738017002,0.004099177461357351,0.0007772087945237831,0.00335229350372415,-0.04350013191390003
CMP015,Duke Energy Corporation,DUK,^GSPC,USD,NYSE,PRIMARY_DIRECT,Raw Materials & Energy,False,2025-09-23,118.92626190185548,6656.919921875,0.012502088282313473,-0.005502159197012135,0.018004247479325608,0.32511737877434066,0.7407626574526467,-0.26372300816378746,2026-02-28,791,ok,0.00045485019676998553,0.07309641738017002,0.004099177461357351,5.266207161304539e-05,0.012449426210700427,-0.0310507057031996
CMP015,Duke Energy Corporation,DUK,^GSPC,USD,NYSE,PRIMARY_DIRECT,Raw Materials & Energy,False,2025-09-24,119.44794464111328,6637.97021484375,0.004386606716759722,-0.002846617843333288,0.00723322456009301,0.3309301475685673,0.7358073714109337,-0.25648978360369445,2026-02-28,791,ok,0.00045485019676998553,0.07309641738017002,0.004099177461357351,0.0002467726307718561,0.004139834085987866,-0.026910871617211736
CMP015,Duke Energy Corporation,DUK,^GSPC,USD,NYSE,PRIMARY_DIRECT,Raw Materials & Energy,False,2025-09-25,118.1727066040039,6604.72021484375,-0.010676098621377528,-0.0050090613431266195,-0.005667037278250908,0.3167210060549608,0.7271126058076849,-0.26215682088194536,2026-02-28,791,ok,0.00045485019676998553,0.07309641738017002,0.004099177461357351,8.870575814992713e-05,-0.010764804379527456,-0.03767567599673919
CMP015,Duke Energy Corporation,DUK,^GSPC,USD,NYSE,PRIMARY_DIRECT,Raw Materials & Energy,False,2025-09-26,118.8489761352539,6643.7001953125,0.005722721859254376,0.005901836747171263,-0.0001791148879168869,0.32425623413885085,0.7373057424511433,-0.26233593576986225,2026-02-28,791,ok,0.00045485019676998553,0.07309641738017002,0.004099177461357351,0.000886253318950841,0.004836468540303535,-0.032839207456435655
CMP015,Duke Energy Corporation,DUK,^GSPC,USD,NYSE,PRIMARY_DIRECT,Raw Materials & Energy,False,2025-09-29,118.63643646240234,6661.2099609375,-0.0017883172389275837,0.00263554421636214,-0.004423861455289724,0.321888043886583,0.7418844885527132,-0.266759797225152,2026-02-28,791,ok,0.00045485019676998553,0.07309641738017002,0.004099177461357351,0.0006474990368330856,-0.002435816275760669,-0.03527502373219633
CMP015,Duke Energy Corporation,DUK,^GSPC,USD,NYSE,PRIMARY_DIRECT,Raw Materials & Energy,False,2025-09-30,119.5542221069336,6688.4599609375,0.007736119457887769,0.0040908483833717035,0.0036452710745160655,0.33211432770404326,0.7490102738967293,-0.2631145261506359,2026-02-28,791,ok,0.00045485019676998553,0.07309641738017002,0.004099177461357351,0.0007538765576399173,0.006982242900247852,-0.028292780831948475
CMP015,Duke Energy Corporation,DUK,^GSPC,USD,NYSE,PRIMARY_DIRECT,Raw Materials & Energy,False,2025-10-01,118.24032592773438,6711.2001953125,-0.010989960505317975,0.003399920834961989,-0.014389881340279964,0.3174744438540076,0.7549567703675133,-0.27750440749091587,2026-02-28,791,ok,0.00045485019676998553,0.07309641738017002,0.004099177461357351,0.0007033722291819032,-0.011693332734499878,-0.03998611356644835
CMP015,Duke Energy Corporation,DUK,^GSPC,USD,NYSE,PRIMARY_DIRECT,Raw Materials & Energy,False,2025-10-02,117.4481430053711,6715.35009765625,-0.006699769441158687,0.0006183547238911569,-0.007318124165049844,0.30864766883556705,0.7560419561766949,-0.2848225316559657,2026-02-28,791,ok,0.00045485019676998553,0.07309641738017002,0.004099177461357351,0.0005000497117565333,-0.00719981915291522,-0.04718593271936357
CMP015,Duke Energy Corporation,DUK,^GSPC,USD,NYSE,PRIMARY_DIRECT,Raw Materials & Energy,False,2025-10-03,119.3513412475586,6715.7900390625,0.016204583516492566,6.551280273581206e-05,0.016139070713756754,0.3298537592788764,0.7561569994069657,-0.26868346094220896,2026-02-28,791,ok,0.00045485019676998553,0.07309641738017002,0.004099177461357351,0.0004596389479425072,0.015744944568550058,-0.03144098815081351
CMP015,Duke Energy Corporation,DUK,^GSPC,USD,NYSE,PRIMARY_DIRECT,Raw Materials & Energy,False,2025-10-06,120.1628646850586,6740.27978515625,0.006799449666985646,0.0036465919796933033,0.003152857687292343,0.33889603297954474,0.7625609874360855,-0.2655306032549166,2026-02-28,791,ok,0.00045485019676998553,0.07309641738017002,0.004099177461357351,0.0007214030061328278,0.006078046660852819,-0.02536294148996069
CMP015,Duke Energy Corporation,DUK,^GSPC,USD,NYSE,PRIMARY_DIRECT,Raw Materials & Energy,False,2025-10-07,121.3028564453125,6714.58984375,0.00948705544963313,-0.0038114057910215715,0.013298461240654702,0.35159821388571544,0.755843152281543,-0.2522321420142619,2026-02-28,791,ok,0.00045485019676998553,0.07309641738017002,0.004099177461357351,0.0001762500882642757,0.009310805361368855,-0.016052136128591833
CMP015,Duke Energy Corporation,DUK,^GSPC,USD,NYSE,PRIMARY_DIRECT,Raw Materials & Energy,False,2025-10-08,120.98403930664062,6753.72021484375,-0.0026282739583762815,0.0058276636405680815,-0.008455937598944363,0.34804584349797163,0.7660756155786346,-0.2606880796132063,2026-02-28,791,ok,0.00045485019676998553,0.07309641738017002,0.004099177461357351,0.0008808315305921912,-0.0035091054889684727,-0.019561241617560305
CMP015,Duke Energy Corporation,DUK,^GSPC,USD,NYSE,PRIMARY_DIRECT,Raw Materials & Energy,False,2025-10-09,120.4816665649414,6735.10986328125,-0.004152388567767451,-0.002755570407195318,-0.001396818160572133,0.3424482333486043,0.7612090698754768,-0.2620848977737784,2026-02-28,791,ok,0.00045485019676998553,0.07309641738017002,0.004099177461357351,0.0002534278721651915,-0.004405816439932642,-0.023967058057492947
CMP015,Duke Energy Corporation,DUK,^GSPC,USD,NYSE,PRIMARY_DIRECT,Raw Materials & Energy,False,2025-10-10,122.71334838867188,6552.509765625,0.018522999285767394,-0.02711167321141361,0.045634672497181006,0.36731440101610024,0.7134597451160352,-0.2164502252765974,2026-02-28,791,ok,0.00045485019676998553,0.07309641738017002,0.004099177461357351,-0.0015269159841662782,0.020049915269933674,-0.003917142787559273
CMP015,Duke Energy Corporation,DUK,^GSPC,USD,NYSE,PRIMARY_DIRECT,Raw Materials & Energy,False,2025-10-13,121.81488037109376,6654.72021484375,-0.007321681213785958,0.015598671787557583,-0.02292035300134354,0.35730336085284176,0.7401874413012923,-0.23937057827794095,2026-02-28,791,ok,0.00045485019676998553,0.07309641738017002,0.004099177461357351,0.0015950572203295775,-0.008916738434115536,-0.012833881221674809
CMP015,Duke Energy Corporation,DUK,^GSPC,USD,NYSE,PRIMARY_DIRECT,Raw Materials & Energy,False,2025-10-14,123.48622131347656,6644.31005859375,0.013720334800570111,-0.0015643266604626893,0.0152846614610328,0.3759260173896817,0.7374652196926623,-0.22408591681690815,2026-02-28,791,ok,0.00045485019676998553,0.07309641738017002,0.004099177461357351,0.0003405035222778773,0.013379831278292233,0.0005459500566174242
CMP015,Duke Energy Corporation,DUK,^GSPC,USD,NYSE,PRIMARY_DIRECT,Raw Materials & Energy,False,2025-10-15,124.30740356445312,6671.06005859375,0.006649990924023408,0.004026001159503689,0.0026239897645197185,0.3850759129174508,0.7444602566817422,-0.22146192705238843,2026-02-28,791,ok,0.00045485019676998553,0.07309641738017002,0.004099177461357351,0.0007491364578981157,0.0059008544661252925,0.006446804522742717
CMP015,Duke Energy Corporation,DUK,^GSPC,USD,NYSE,PRIMARY_DIRECT,Raw Materials & Energy,False,2025-10-16,123.08047485351562,6629.06982421875,-0.009870117754501528,-0.006294387099829435,-0.0035757306546720935,0.37140505055803197,0.7334799485459196,-0.22503765770706052,2026-02-28,791,ok,0.00045485019676998553,0.07309641738017002,0.004099177461357351,-5.246949831504719e-06,-0.009864870804670023,-0.003418066281927306
CMP015,Duke Energy Corporation,DUK,^GSPC,USD,NYSE,PRIMARY_DIRECT,Raw Materials & Energy,False,2025-10-17,124.17214965820312,6664.009765625,0.008869601827477203,0.0052707155502571545,0.003598886277220048,0.38356886730067297,0.7426166282667794,-0.22143877142984048,2026-02-28,791,ok,0.00045485019676998553,0.07309641738017002,0.004099177461357351,0.000840120620523735,0.008029481206953468,0.004611414925026162
CMP015,Duke Energy Corporation,DUK,^GSPC,USD,NYSE,PRIMARY_DIRECT,Raw Materials & Energy,False,2025-10-20,124.56825256347656,6735.1298828125,0.003189949649448298,0.010672270853256949,-0.007482321203808651,0.38798238232390636,0.7612143049170319,-0.22892109263364913,2026-02-28,791,ok,0.00045485019676998553,0.07309641738017002,0.004099177461357351,0.0012349549614538787,0.0019549946879944195,0.006566409613020581
CMP015,Duke Energy Corporation,DUK,^GSPC,USD,NYSE,PRIMARY_DIRECT,Raw Materials & Energy,False,2025-10-21,123.97892761230467,6735.35009765625,-0.004730940179734633,3.2696450934288634e-05,-0.0047636366306689215,0.38141592070260644,0.7612718903741373,-0.23368472926431805,2026-02-28,791,ok,0.00045485019676998553,0.07309641738017002,0.004099177461357351,0.00045724019019432853,-0.005188180369928961,0.0013782292430916197
CMP015,Duke Energy Corporation,DUK,^GSPC,USD,NYSE,PRIMARY_DIRECT,Raw Materials & Energy,False,2025-10-22,124.65519714355467,6699.39990234375,0.005454713508772802,-0.005337539220865439,0.010792252729638241,0.3889511487864967,0.7518710325806575,-0.2228924765346798,2026-02-28,791,ok,0.00045485019676998553,0.07309641738017002,0.004099177461357351,6.469520209857792e-05,0.005390018306674224,0.006768247549765844
CMP015,Duke Energy Corporation,DUK,^GSPC,USD,NYSE,PRIMARY_DIRECT,Raw Materials & Energy,False,2025-10-23,122.9452133178711,6738.43994140625,-0.013717709849789372,0.0058273934429324825,-0.019545103292721855,0.3698979199319119,0.7620798743487813,-0.24243757982740166,2026-02-28,791,ok,0.00045485019676998553,0.07309641738017002,0.004099177461357351,0.0008808117801130443,-0.014598521629902416,-0.007830274080136573
CMP015,Duke Energy Corporation,DUK,^GSPC,USD,NYSE,PRIMARY_DIRECT,Raw Materials & Energy,False,2025-10-24,123.05148315429688,6791.68994140625,0.0008643674166559645,0.00790242258787388,-0.007038055171217916,0.37108201505804583,0.7760045741494732,-0.24947563499861958,2026-02-28,791,ok,0.00045485019676998553,0.07309641738017002,0.004099177461357351,0.001032488976567698,-0.00016812155991173354,-0.007998395640048306
CMP015,Duke Energy Corporation,DUK,^GSPC,USD,NYSE,PRIMARY_DIRECT,Raw Materials & Energy,False,2025-10-27,123.16741180419922,6875.16015625,0.0009421150150379365,0.012290050865671143,-0.011347935850633206,0.37237373201128054,0.7978317607034349,-0.2608235708492528,2026-02-28,791,ok,0.00045485019676998553,0.07309641738017002,0.004099177461357351,0.0013532088844706034,-0.0004110938694326669,-0.008409489509480974
CMP015,Duke Energy Corporation,DUK,^GSPC,USD,NYSE,PRIMARY_DIRECT,Raw Materials & Energy,False,2025-10-28,121.38980102539062,6890.89013671875,-0.014432476519312454,0.0022879438603986557,-0.01672042037971111,0.35256698034830647,0.801945098842366,-0.2775439912289639,2026-02-28,791,ok,0.00045485019676998553,0.07309641738017002,0.004099177461357351,0.0006220906961320831,-0.015054567215444537,-0.023464056724925512
CMP015,Duke Energy Corporation,DUK,^GSPC,USD,NYSE,PRIMARY_DIRECT,Raw Materials & Energy,False,2025-10-29,120.07591247558594,6890.58984375,-0.010823714502422366,-4.3578255173426506e-05,-0.01078013624724894,0.3379271815076128,0.8018665732190402,-0.28832412747621283,2026-02-28,791,ok,0.00045485019676998553,0.07309641738017002,0.004099177461357351,0.0004516647824411292,-0.011275379284863494,-0.03473943600978901
CMP015,Duke Energy Corporation,DUK,^GSPC,USD,NYSE,PRIMARY_DIRECT,Raw Materials & Energy,False,2025-10-30,120.9647216796875,6822.33984375,0.007402060794518439,-0.00990481243951924,0.01730687323403768,0.34783059984377096,0.7840194227702664,-0.27101725424217515,2026-02-28,791,ok,0.00045485019676998553,0.07309641738017002,0.004099177461357351,-0.0002691561073814128,0.0076712169018998515,-0.027068219107889157
CMP015,Duke Energy Corporation,DUK,^GSPC,USD,NYSE,PRIMARY_DIRECT,Raw Materials & Energy,False,2025-10-31,120.0855712890625,6840.2001953125,-0.0072678246882010855,0.0026179217059763005,-0.009885746394177386,0.3380348033347136,0.7886898459410199,-0.28090300063635254,2026-02-28,791,ok,0.00045485019676998553,0.07309641738017002,0.004099177461357351,0.0006462108944586359,-0.00791403558265972,-0.03498225469054888
CMP015,Duke Energy Corporation,DUK,^GSPC,USD,NYSE,PRIMARY_DIRECT,Raw Materials & Energy,False,2025-11-03,119.47693634033205,6851.97021484375,-0.0050683437002218,0.0017207127269924793,-0.0067890564272142795,0.33125318306855456,0.7917676673235727,-0.2876920570635668,2026-02-28,791,ok,0.00045485019676998553,0.07309641738017002,0.004099177461357351,0.0005806281324535984,-0.005648971832675398,-0.040631226523224276
CMP015,Duke Energy Corporation,DUK,^GSPC,USD,NYSE,PRIMARY_DIRECT,Raw Materials & Energy,False,2025-11-04,119.63150787353516,6771.5498046875,0.0012937353261452955,-0.011736830084583816,0.013030565410729111,0.33297547233953373,0.7707379946611448,-0.2746614916528377,2026-02-28,791,ok,0.00045485019676998553,0.07309641738017002,0.004099177461357351,-0.0004030700338128893,0.0016968053599581848,-0.03893442116326609
CMP015,Duke Energy Corporation,DUK,^GSPC,USD,NYSE,PRIMARY_DIRECT,Raw Materials & Energy,False,2025-11-05,119.57354736328124,6796.2900390625,-0.0004844920145551379,0.0036535556982648654,-0.004138047712820003,0.33232965636758727,0.7772074845516732,-0.2787995393656577,2026-02-28,791,ok,0.00045485019676998553,0.07309641738017002,0.004099177461357351,0.0007219120290120526,-0.0012064040435671906,-0.040140825206833285
CMP015,Duke Energy Corporation,DUK,^GSPC,USD,NYSE,PRIMARY_DIRECT,Raw Materials & Energy,False,2025-11-06,119.79574584960938,6720.31982421875,0.0018582578774974934,-0.011178189042419073,0.013036446919916567,0.3348054684469559,0.7573415233217526,-0.26576309244574114,2026-02-28,791,ok,0.00045485019676998553,0.07309641738017002,0.004099177461357351,-0.00036223537502912205,0.0022204932525266155,-0.03792033195430667
CMP015,Duke Energy Corporation,DUK,^GSPC,USD,NYSE,PRIMARY_DIRECT,Raw Materials & Energy,False,2025-11-07,119.46727752685548,6728.7998046875,-0.002741903065291207,0.0012618418007710464,-0.004003744866062253,0.3311455612414538,0.7595590103141108,-0.2697668373118034,2026-02-28,791,ok,0.00045485019676998553,0.07309641738017002,0.004099177461357351,0.0005470863117068912,-0.003288989376998098,-0.04120932133130477
CMP015,Duke Energy Corporation,DUK,^GSPC,USD,NYSE,PRIMARY_DIRECT,Raw Materials & Energy,False,2025-11-10,118.76202392578124,6832.43017578125,-0.005903320270403856,0.01540101862170995,-0.021304338892113805,0.3232873826669189,0.786658011397956,-0.2910711762039172,2026-02-28,791,ok,0.00045485019676998553,0.07309641738017002,0.004099177461357351,0.001580609482022267,-0.0074839297524261226,-0.04869325108373089
CMP015,Duke Energy Corporation,DUK,^GSPC,USD,NYSE,PRIMARY_DIRECT,Raw Materials & Energy,False,2025-11-11,119.47693634033205,6846.60986328125,0.006019705549962451,0.002075350517340535,0.003944355032621916,0.33125318306855434,0.7903659530262213,-0.2871268211712953,2026-02-28,791,ok,0.00045485019676998553,0.07309641738017002,0.004099177461357351,0.0006065508843956611,0.00541315466556679,-0.0432800964181641
CMP015,Duke Energy Corporation,DUK,^GSPC,USD,NYSE,PRIMARY_DIRECT,Raw Materials & Energy,False,2025-11-12,119.69914245605467,6850.919921875,0.0018598243521215085,0.0006295171887717999,0.0012303071633497087,0.33372908015726455,0.7914930191678431,-0.2858965140079456,2026-02-28,791,ok,0.00045485019676998553,0.07309641738017002,0.004099177461357351,0.0005008656479484403,0.0013589587041730683,-0.04192113771399103
CMP015,Duke Energy Corporation,DUK,^GSPC,USD,NYSE,PRIMARY_DIRECT,Raw Materials & Energy,False,2025-11-13,119.39964294433594,6737.490234375,-0.0025021024008479165,-0.01655685496159698,0.014054752560749062,0.3303919534237223,0.7618315290847677,-0.2718417614471965,2026-02-28,791,ok,0.00045485019676998553,0.07309641738017002,0.004099177461357351,-0.0007553965840058459,-0.0017467058168420704,-0.0436678435308331
CMP015,Duke Energy Corporation,DUK,^GSPC,USD,NYSE,PRIMARY_DIRECT,Raw Materials & Energy,False,2025-11-14,119.57992553710938,6734.10986328125,0.0015099089773449315,-0.0005017255648851471,0.0020116345422300785,0.33240072417758415,0.7609475731656052,-0.26983012690496644,2026-02-28,791,ok,0.00045485019676998553,0.07309641738017002,0.004099177461357351,0.0004181758554688392,0.0010917331218760922,-0.04257611040895701
CMP015,Duke Energy Corporation,DUK,^GSPC,USD,NYSE,PRIMARY_DIRECT,Raw Materials & Energy,False,2025-11-17,121.98693084716795,6672.41015625,0.020128841017814647,-0.00916226617680782,0.029291107194622468,0.35922040652657583,0.7448133027768582,-0.24053901971034397,2026-02-28,791,ok,0.00045485019676998553,0.07309641738017002,0.004099177461357351,-0.0002148786358381735,0.02034371965365282,-0.02223239075530419
CMP015,Duke Energy Corporation,DUK,^GSPC,USD,NYSE,PRIMARY_DIRECT,Raw Materials & Energy,False,2025-11-18,120.64212799072266,6617.31982421875,-0.011024155187002282,-0.008256436690967983,-0.0027677184960342993,0.3442361498316866,0.7304073622049223,-0.24330673820637827,2026-02-28,791,ok,0.00045485019676998553,0.07309641738017002,0.004099177461357351,-0.00014866574566595994,-0.010875489441336322,-0.03310788019664051
CMP015,Duke Energy Corporation,DUK,^GSPC,USD,NYSE,PRIMARY_DIRECT,Raw Materials & Energy,False,2025-11-19,119.11217498779295,6642.16015625,-0.012681747482499284,0.0037538357962292324,-0.016435583278728516,0.3271888864226742,0.7369030273032258,-0.2597423214851068,2026-02-28,791,ok,0.00045485019676998553,0.07309641738017002,0.004099177461357351,0.0007292421449077804,-0.013410989627407064,-0.04651886982404757
CMP015,Duke Energy Corporation,DUK,^GSPC,USD,NYSE,PRIMARY_DIRECT,Raw Materials & Energy,False,2025-11-20,119.41426849365234,6538.759765625,0.0025362101388068936,-0.015567283563270418,0.01810349370207731,0.3305549163325312,0.7098641653552937,-0.24163882778302948,2026-02-28,791,ok,0.00045485019676998553,0.07309641738017002,0.004099177461357351,-0.0006830624600462893,0.0032192725988531828,-0.043299597225194386
CMP015,Duke Energy Corporation,DUK,^GSPC,USD,NYSE,PRIMARY_DIRECT,Raw Materials & Energy,False,2025-11-21,119.66763305664062,6602.990234375,0.0021217277146554636,0.009823035415319481,-0.007701307700664017,0.3333779915743851,0.7266602216069644,-0.2493401354836935,2026-02-28,791,ok,0.00045485019676998553,0.07309641738017002,0.004099177461357351,0.00117287889342837,0.0009488488212270937,-0.04235074840396729
CMP015,Duke Energy Corporation,DUK,^GSPC,USD,NYSE,PRIMARY_DIRECT,Raw Materials & Energy,False,2025-11-24,118.97573852539062,6705.1201171875,-0.005781801758563354,0.015467217001293498,-0.021249018759856853,0.32566866435787056,0.7533668499420609,-0.27058915424355034,2026-02-28,791,ok,0.00045485019676998553,0.07309641738017002,0.004099177461357351,0.0015854483464061968,-0.007367250104969551,-0.04971799850893684
CMP015,Duke Energy Corporation,DUK,^GSPC,USD,NYSE,PRIMARY_DIRECT,Raw Materials & Energy,False,2025-11-25,118.81981658935548,6765.8798828125,-0.0013105355593305834,0.009061696817220577,-0.01037223237655116,0.3239313284333394,0.769255328745601,-0.2809613866201015,2026-02-28,791,ok,0.00045485019676998553,0.07309641738017002,0.004099177461357351,0.001117227769494099,-0.002427763328824682,-0.052145761837761526
CMP015,Duke Energy Corporation,DUK,^GSPC,USD,NYSE,PRIMARY_DIRECT,Raw Materials & Energy,False,2025-11-26,120.28157043457033,6812.60986328125,0.012302273199652491,0.006906711511012631,0.0053955616886398605,0.3402186933333051,0.7814750648905686,-0.27556582493146164,2026-02-28,791,ok,0.00045485019676998553,0.07309641738017002,0.004099177461357351,0.0009597060641033895,0.011342567135549101,-0.04080319470221243
CMP015,Duke Energy Corporation,DUK,^GSPC,USD,NYSE,PRIMARY_DIRECT,Raw Materials & Energy,False,2025-11-28,120.77855682373048,6849.08984375,0.004131858167170321,0.005354773163420257,-0.0012229149962499353,0.34575628688714866,0.7910144597593469,-0.2767887399277116,2026-02-28,791,ok,0.00045485019676998553,0.07309641738017002,0.004099177461357351,0.000846264930899486,0.003285593236270835,-0.037517601465941595
CMP015,Duke Energy Corporation,DUK,^GSPC,USD,NYSE,PRIMARY_DIRECT,Raw Materials & Energy,False,2025-12-01,117.669921875,6812.6298828125,-0.02573830181848724,-0.005323329342915684,-0.020414972475571558,0.31111880540112047,0.7814802999321238,-0.29720371240328314,2026-02-28,791,ok,0.00045485019676998553,0.07309641738017002,0.004099177461357351,6.573389326811454e-05,-0.025804035711755356,-0.06332163717769695
CMP015,Duke Energy Corporation,DUK,^GSPC,USD,NYSE,PRIMARY_DIRECT,Raw Materials & Energy,False,2025-12-02,116.636962890625,6829.3701171875,-0.008778445399770907,0.002457235261999813,-0.01123568066177072,0.2996092205552938,0.7858578161436749,-0.30843939306505386,2026-02-28,791,ok,0.00045485019676998553,0.07309641738017002,0.004099177461357351,0.0006344652910823952,-0.009412910690853302,-0.07273454786855026
CMP015,Duke Energy Corporation,DUK,^GSPC,USD,NYSE,PRIMARY_DIRECT,Raw Materials & Energy,False,2025-12-03,115.59425354003906,6849.72021484375,-0.008939784822447172,0.0029797912994984355,-0.011919576121945608,0.28799099377026116,0.7911792997263611,-0.32035896918699946,2026-02-28,791,ok,0.00045485019676998553,0.07309641738017002,0.004099177461357351,0.0006726622653039224,-0.009612447087751094,-0.08234699495630135
CMP015,Duke Energy Corporation,DUK,^GSPC,USD,NYSE,PRIMARY_DIRECT,Raw Materials & Energy,False,2025-12-04,114.9608383178711,6857.1201171875,-0.005479642826263564,0.0010803218396737702,-0.0065599646659373345,0.2809332631609558,0.7931143498426272,-0.3269189338529368,2026-02-28,791,ok,0.00045485019676998553,0.07309641738017002,0.004099177461357351,0.0005338178528676925,-0.006013460679131256,-0.0883604556354326
CMP015,Duke Energy Corporation,DUK,^GSPC,USD,NYSE,PRIMARY_DIRECT,Raw Materials & Energy,False,2025-12-05,113.54782104492188,6870.39990234375,-0.01229129235333315,0.001936641757662061,-0.01422793411099521,0.2651889379383354,0.7965869699687955,-0.341146867963932,2026-02-28,791,ok,0.00045485019676998553,0.07309641738017002,0.004099177461357351,0.0005964117710039176,-0.012887704124337068,-0.10124815975976967
CMP015,Duke Energy Corporation,DUK,^GSPC,USD,NYSE,PRIMARY_DIRECT,Raw Materials & Energy,False,2025-12-08,112.2809829711914,6846.509765625,-0.011156868199428294,-0.003477255626794018,-0.007679612572634276,0.2510733917103827,0.7903397778184467,-0.3488264805365663,2026-02-28,791,ok,0.00045485019676998553,0.07309641738017002,0.004099177461357351,0.0002006752681363053,-0.0113575434675646,-0.11260570322733426
CMP015,Duke Energy Corporation,DUK,^GSPC,USD,NYSE,PRIMARY_DIRECT,Raw Materials & Energy,False,2025-12-09,112.30046844482422,6840.509765625,0.00017354206489095247,-0.0008763589340257116,0.001049900998916664,0.25129050557011023,0.7887707975592138,-0.3477765795376496,2026-02-28,791,ok,0.00045485019676998553,0.07309641738017002,0.004099177461357351,0.00039079149835360126,-0.00021724943346264878,-0.11282295266079691
CMP015,Duke Energy Corporation,DUK,^GSPC,USD,NYSE,PRIMARY_DIRECT,Raw Materials & Energy,False,2025-12-10,111.09210205078124,6886.68017578125,-0.010760118909358574,0.00674955693920154,-0.017509675848560113,0.2378264709400244,0.8008442079085205,-0.36528625538620974,2026-02-28,791,ok,0.00045485019676998553,0.07309641738017002,0.004099177461357351,0.0009482186279290841,-0.011708337537287658,-0.12453129019808457
CMP015,Duke Energy Corporation,DUK,^GSPC,USD,NYSE,PRIMARY_DIRECT,Raw Materials & Energy,False,2025-12-11,111.47215270996094,6901.0,0.0034210412096260523,0.002079350841514227,0.0013416903681118253,0.24206112630747612,0.8045887948276711,-0.3639445650180979,2026-02-28,791,ok,0.00045485019676998553,0.07309641738017002,0.004099177461357351,0.0006068432937611172,0.002814197915864935,-0.12171709228221964
CMP015,Duke Energy Corporation,DUK,^GSPC,USD,NYSE,PRIMARY_DIRECT,Raw Materials & Energy,False,2025-12-12,112.35894012451172,6827.41015625,0.007955237186977993,-0.010663649289958,0.018618886476935992,0.25194201716797715,0.7853452928070408,-0.3453256785411619,2026-02-28,791,ok,0.00045485019676998553,0.07309641738017002,0.004099177461357351,-0.0003246243625245381,0.00827986154950253,-0.11343723073271711
CMP015,Duke Energy Corporation,DUK,^GSPC,USD,NYSE,PRIMARY_DIRECT,Raw Materials & Energy,False,2025-12-15,113.7524642944336,6816.509765625,0.012402432493379134,-0.0015965630269072495,0.013998995520286384,0.26746914352152795,0.7824948765222821,-0.33132668302087553,2026-02-28,791,ok,0.00045485019676998553,0.07309641738017002,0.004099177461357351,0.0003381471593814256,0.012064285333997709,-0.1013729453987194
CMP015,Duke Energy Corporation,DUK,^GSPC,USD,NYSE,PRIMARY_DIRECT,Raw Materials & Energy,False,2025-12-16,112.64154052734376,6800.259765625,-0.009766151212463825,-0.0023839179519623555,-0.0073822332605014696,0.2550908482087646,0.7782455549868597,-0.338708916281377,2026-02-28,791,ok,0.00045485019676998553,0.07309641738017002,0.004099177461357351,0.00028059433515326506,-0.01004674554761709,-0.11141969094633648
CMP015,Duke Energy Corporation,DUK,^GSPC,USD,NYSE,PRIMARY_DIRECT,Raw Materials & Energy,False,2025-12-17,114.43460845947266,6721.43017578125,0.015918354132360424,-0.011592143912241393,0.027510498044601817,0.27506982879883624,0.7576318766021484,-0.3111984182367752,2026-02-28,791,ok,0.00045485019676998553,0.07309641738017002,0.004099177461357351,-0.0003924939929702083,0.01631084812533063,-0.09510884282100585
CMP015,Duke Energy Corporation,DUK,^GSPC,USD,NYSE,PRIMARY_DIRECT,Raw Materials & Energy,False,2025-12-18,114.55155181884766,6774.759765625,0.00102192300868853,0.007934262269941872,-0.006912339261253342,0.2763728519945703,0.7715773888851198,-0.31811075749802853,2026-02-28,791,ok,0.00045485019676998553,0.07309641738017002,0.004099177461357351,0.0010348163432573917,-1.2893334568861697e-05,-0.0951217361555747
CMP015,Duke Energy Corporation,DUK,^GSPC,USD,NYSE,PRIMARY_DIRECT,Raw Materials & Energy,False,2025-12-19,112.6123046875,6834.5,-0.016929034138397303,0.008818059450332205,-0.025747093588729508,0.2547650924098306,0.7871992636211731,-0.34385785108675804,2026-02-28,791,ok,0.00045485019676998553,0.07309641738017002,0.004099177461357351,0.001099418750834621,-0.018028452889231925,-0.11315018904480663
CMP015,Duke Energy Corporation,DUK,^GSPC,USD,NYSE,PRIMARY_DIRECT,Raw Materials & Energy,False,2025-12-22,113.33343505859376,6878.490234375,0.006403655205307279,0.006436496360377575,-3.2841155070295613e-05,0.26280017542527867,0.7987025651767403,-0.34389069224182833,2026-02-28,791,ok,0.00045485019676998553,0.07309641738017002,0.004099177461357351,0.0009253350211940899,0.005478320184113189,-0.10767186886069344
CMP015,Duke Energy Corporation,DUK,^GSPC,USD,NYSE,PRIMARY_DIRECT,Raw Materials & Energy,False,2025-12-23,113.8109359741211,6909.7900390625,0.00421323959059805,0.004550388765703239,-0.00033714917510518916,0.26812065511939465,0.8068873611221621,-0.3442278414169335,2026-02-28,791,ok,0.00045485019676998553,0.07309641738017002,0.004099177461357351,0.0007874673132298661,0.003425772277368184,-0.10424609658332526
CMP015,Duke Energy Corporation,DUK,^GSPC,USD,NYSE,PRIMARY_DIRECT,Raw Materials & Energy,False,2025-12-24,114.48332977294922,6932.0498046875,0.005907989360363519,0.0032214822012188726,0.0026865071591446466,0.27561269845749714,0.8127082165956245,-0.3415413342577889,2026-02-28,791,ok,0.00045485019676998553,0.07309641738017002,0.004099177461357351,0.0006903290043330691,0.00521766035603045,-0.0990284362272948
CMP015,Duke Energy Corporation,DUK,^GSPC,USD,NYSE,PRIMARY_DIRECT,Raw Materials & Energy,False,2025-12-26,114.19098663330078,6929.93994140625,-0.0025535869740007655,-0.00030436354912266594,-0.0022492234248780996,0.27235531048684614,0.8121564942892976,-0.343790557682667,2026-02-28,791,ok,0.00045485019676998553,0.07309641738017002,0.004099177461357351,0.00043260231174800526,-0.0029861892857487708,-0.10201462551304358
CMP015,Duke Energy Corporation,DUK,^GSPC,USD,NYSE,PRIMARY_DIRECT,Raw Materials & Energy,False,2025-12-29,114.52230834960938,6905.740234375,0.0029014699502734054,-0.00349205148036813,0.0063935214306415356,0.2760470111862945,0.805828350520756,-0.33739703625202544,2026-02-28,791,ok,0.00045485019676998553,0.07309641738017002,0.004099177461357351,0.0001995937442479561,0.002701876206025449,-0.09931274930701812
CMP015,Duke Energy Corporation,DUK,^GSPC,USD,NYSE,PRIMARY_DIRECT,Raw Materials & Energy,False,2025-12-30,114.67823791503906,6896.240234375,0.001361564988313635,-0.0013756671519022934,0.0027372321402159283,0.2777844321201679,0.8033441317769707,-0.3346598041118095,2026-02-28,791,ok,0.00045485019676998553,0.07309641738017002,0.004099177461357351,0.00035429385645834575,0.0010072711318552892,-0.09830547817516283
CMP015,Duke Energy Corporation,DUK,^GSPC,USD,NYSE,PRIMARY_DIRECT,Raw Materials & Energy,False,2025-12-31,114.22021484375,6845.5,-0.003993984208480739,-0.007357666300846111,0.003363682092365372,0.2726809812764375,0.7900757274297667,-0.33129612201944414,2026-02-28,791,ok,0.00045485019676998553,0.07309641738017002,0.004099177461357351,-8.296885010067334e-05,-0.0039110153583800655,-0.1022164935335429
CMP015,Duke Energy Corporation,DUK,^GSPC,USD,NYSE,PRIMARY_DIRECT,Raw Materials & Energy,False,2026-01-02,114.4443588256836,6858.47021484375,0.001962384523967353,0.0018947067188299638,6.767780513738941e-05,0.275178470738042,0.7934673959377423,-0.33122844421430675,2026-02-28,791,ok,0.00045485019676998553,0.07309641738017002,0.004099177461357351,0.000593346469902593,0.0013690380540647602,-0.10084745547947814
CMP015,Duke Energy Corporation,DUK,^GSPC,USD,NYSE,PRIMARY_DIRECT,Raw Materials & Energy,False,2026-01-05,113.8304214477539,6902.0498046875,-0.005364505373871786,0.006354126864826393,-0.011718632238698179,0.2683377689791222,0.8048633152994604,-0.34294707645300493,2026-02-28,791,ok,0.00045485019676998553,0.07309641738017002,0.004099177461357351,0.0009193141061678866,-0.0062838194800396725,-0.10713127495951781
CMP015,Duke Energy Corporation,DUK,^GSPC,USD,NYSE,PRIMARY_DIRECT,Raw Materials & Energy,False,2026-01-06,114.73670196533205,6944.81982421875,0.007961672337250425,0.006196712678341321,0.0017649596589091043,0.27843585870869325,0.8160475346880498,-0.3411821167940958,2026-02-28,791,ok,0.00045485019676998553,0.07309641738017002,0.004099177461357351,0.0009078076930910139,0.0070538646441594115,-0.1000774103153584
CMP015,Duke Energy Corporation,DUK,^GSPC,USD,NYSE,PRIMARY_DIRECT,Raw Materials & Energy,False,2026-01-07,113.22624969482422,6920.93017578125,-0.013164508345064774,-0.003439923431013958,-0.009724584914050816,0.26160587917809264,0.8098004702216413,-0.35090670170814664,2026-02-28,791,ok,0.00045485019676998553,0.07309641738017002,0.004099177461357351,0.00020340411790076274,-0.013367912462965537,-0.11344532277832393
CMP015,Duke Energy Corporation,DUK,^GSPC,USD,NYSE,PRIMARY_DIRECT,Raw Materials & Energy,False,2026-01-08,114.3274154663086,6921.4599609375,0.009725357630870235,7.65482590914246e-05,0.00964880937177881,0.27387544754230797,0.8099390072969395,-0.34125789233636783,2026-02-28,791,ok,0.00045485019676998553,0.07309641738017002,0.004099177461357351,0.0004604456002662577,0.009264912030603978,-0.10418041074771996
CMP015,Duke Energy Corporation,DUK,^GSPC,USD,NYSE,PRIMARY_DIRECT,Raw Materials & Energy,False,2026-01-09,113.82068634033205,6966.27978515625,-0.004432262584698088,0.006475487031883276,-0.010907749616581364,0.26822929705860066,0.8216592438671906,-0.3521656419529492,2026-02-28,791,ok,0.00045485019676998553,0.07309641738017002,0.004099177461357351,0.0009281850995924038,-0.005360447684290491,-0.10954085843201045
CMP015,Duke Energy Corporation,DUK,^GSPC,USD,NYSE,PRIMARY_DIRECT,Raw Materials & Energy,False,2026-01-12,113.73297882080078,6977.27001953125,-0.0007705762665057847,0.001577633215136931,-0.0023482094816427157,0.26725202966179995,0.8245331539969767,-0.3545138514345919,2026-02-28,791,ok,0.00045485019676998553,0.07309641738017002,0.004099177461357351,0.0005701695327364542,-0.0013407457992422388,-0.11088160423125268
CMP015,Duke Energy Corporation,DUK,^GSPC,USD,NYSE,PRIMARY_DIRECT,Raw Materials & Energy,False,2026-01-13,114.39562225341795,6963.740234375,0.005826308600087149,-0.0019391230550597216,0.0077654316551468705,0.27463543106069643,0.8209951596933402,-0.34674841977944504,2026-02-28,791,ok,0.00045485019676998553,0.07309641738017002,0.004099177461357351,0.00031310724858582973,0.005513201351501319,-0.10536840287975135
CMP015,Duke Energy Corporation,DUK,^GSPC,USD,NYSE,PRIMARY_DIRECT,Raw Materials & Energy,False,2026-01-14,115.65272521972656,6926.60009765625,0.01098908281231048,-0.005333360445499591,0.01632244325781007,0.2886425053681274,0.8112831361371855,-0.33042597652163497,2026-02-28,791,ok,0.00045485019676998553,0.07309641738017002,0.004099177461357351,6.500065560685793e-05,0.010924082156703622,-0.09444432072304773
CMP015,Duke Energy Corporation,DUK,^GSPC,USD,NYSE,PRIMARY_DIRECT,Raw Materials & Energy,False,2026-01-15,115.86711883544922,6944.47021484375,0.0018537705472596588,0.0025799262171273263,-0.0007261556698676674,0.29103135289052573,0.8159561129867465,-0.33115213219150264,2026-02-28,791,ok,0.00045485019676998553,0.07309641738017002,0.004099177461357351,0.0006434335603471677,0.0012103369869124912,-0.09323398373613524
CMP015,Duke Energy Corporation,DUK,^GSPC,USD,NYSE,PRIMARY_DIRECT,Raw Materials & Energy,False,2026-01-16,116.178955078125,6940.009765625,0.002691326459222987,-0.0006423023039563436,0.0033336287631793304,0.2945059397302465,0.8147897201914915,-0.3278185034283233,2026-02-28,791,ok,0.00045485019676998553,0.07309641738017002,0.004099177461357351,0.0004079001994757478,0.002283426259747239,-0.090950557476388
CMP015,Duke Energy Corporation,DUK,^GSPC,USD,NYSE,PRIMARY_DIRECT,Raw Materials & Energy,False,2026-01-20,116.50054168701172,6796.85986328125,0.0027680280707504945,-0.02062675805627745,0.023394786127027944,0.2980891685091731,0.7773564917100821,-0.30442371730129536,2026-02-28,791,ok,0.00045485019676998553,0.07309641738017002,0.004099177461357351,-0.0010528919193114553,0.00382091999006195,-0.08712963748632604
CMP015,Duke Energy Corporation,DUK,^GSPC,USD,NYSE,PRIMARY_DIRECT,Raw Materials & Energy,False,2026-01-21,116.32512664794922,6875.6201171875,-0.0015057014887859266,0.011587741323274559,-0.013093442812060485,0.2961346337155719,0.7979520389752615,-0.31751716011335585,2026-02-28,791,ok,0.00045485019676998553,0.07309641738017002,0.004099177461357351,0.0013018725730295061,-0.0028075740618154327,-0.08993721154814148
CMP015,Duke Energy Corporation,DUK,^GSPC,USD,NYSE,PRIMARY_DIRECT,Raw Materials & Energy,False,2026-01-22,114.70746612548828,6913.35009765625,-0.013906372329657413,0.005487502192628835,-0.019393874522286247,0.278110102909759,0.8078183047313796,-0.3369110346356421,2026-02-28,791,ok,0.00045485019676998553,0.07309641738017002,0.004099177461357351,0.0008559669474169809,-0.014762339277074394,-0.10469955082521587
CMP015,Duke Energy Corporation,DUK,^GSPC,USD,NYSE,PRIMARY_DIRECT,Raw Materials & Energy,False,2026-01-23,114.43460845947266,6915.60986328125,-0.002378726295959921,0.0003268698377891788,-0.0027055961337490997,0.27506982879883557,0.8084092260073994,-0.3396166307693912,2026-02-28,791,ok,0.00045485019676998553,0.07309641738017002,0.004099177461357351,0.00047874321086201183,-0.0028574695068219326,-0.1075570203320378
CMP015,Duke Energy Corporation,DUK,^GSPC,USD,NYSE,PRIMARY_DIRECT,Raw Materials & Energy,False,2026-01-26,115.75016784667967,6950.22998046875,0.011496167155349069,0.005006083031276365,0.006490084124072704,0.2897282446854492,0.8174622727473186,-0.3331265466453185,2026-02-28,791,ok,0.00045485019676998553,0.07309641738017002,0.004099177461357351,0.0008207769314639494,0.010675390223885119,-0.09688163010815268
CMP015,Duke Energy Corporation,DUK,^GSPC,USD,NYSE,PRIMARY_DIRECT,Raw Materials & Energy,False,2026-01-27,117.22166442871094,6978.60009765625,0.012712695017258024,0.004081896177137168,0.008630798840120857,0.30612416651527896,0.8248809650505369,-0.32449574780519763,2026-02-28,791,ok,0.00045485019676998553,0.07309641738017002,0.004099177461357351,0.0007532221834365243,0.0119594728338215,-0.08492215727433118
CMP015,Duke Energy Corporation,DUK,^GSPC,USD,NYSE,PRIMARY_DIRECT,Raw Materials & Energy,False,2026-01-28,117.17293548583984,6978.02978515625,-0.00041569912105055007,-8.172305219089626e-05,-0.0003339760688596538,0.3055812118472756,0.8247318302081879,-0.3248297238740573,2026-02-28,791,ok,0.00045485019676998553,0.07309641738017002,0.004099177461357351,0.00044887653443745833,-0.0008645756554880084,-0.08578673292981918
CMP015,Duke Energy Corporation,DUK,^GSPC,USD,NYSE,PRIMARY_DIRECT,Raw Materials & Energy,False,2026-01-29,117.8063507080078,6969.009765625,0.005405815084700283,-0.001292631274007694,0.006698446358707977,0.31263894245658097,0.8223731247777835,-0.3181312775153493,2026-02-28,791,ok,0.00045485019676998553,0.07309641738017002,0.004099177461357351,0.0003603634816464582,0.005045451603053825,-0.08074128132676536
CMP015,Duke Energy Corporation,DUK,^GSPC,USD,NYSE,PRIMARY_DIRECT,Raw Materials & Energy,False,2026-01-30,118.25460815429688,6939.02978515625,0.0038050363464710024,-0.004301899620894223,0.008106935967365225,0.3176335813424216,0.814533458523174,-0.3100243415479841,2026-02-28,791,ok,0.00045485019676998553,0.07309641738017002,0.004099177461357351,0.00014039674655350623,0.0036646395999174962,-0.07707664172684786
CMP015,Duke Energy Corporation,DUK,^GSPC,USD,NYSE,PRIMARY_DIRECT,Raw Materials & Energy,False,2026-02-02,116.44206237792967,6976.43994140625,-0.015327485369552973,0.00539126612916796,-0.020718751498720933,0.29743757190196396,0.824316091298352,-0.330743093046705,2026-02-28,791,ok,0.00045485019676998553,0.07309641738017002,0.004099177461357351,0.0008489324359552203,-0.016176417805508193,-0.09325305953235605
CMP015,Duke Energy Corporation,DUK,^GSPC,USD,NYSE,PRIMARY_DIRECT,Raw Materials & Energy,False,2026-02-03,118.5664520263672,6917.81005859375,0.018244177448029975,-0.008403983020698336,0.02664816046872831,0.3211082531914846,0.8089845698426938,-0.3040949325779767,2026-02-28,791,ok,0.00045485019676998553,0.07309641738017002,0.004099177461357351,-0.00015945085376684205,0.018403628301796815,-0.07484943123055923
CMP015,Duke Energy Corporation,DUK,^GSPC,USD,NYSE,PRIMARY_DIRECT,Raw Materials & Energy,False,2026-02-04,119.09268188476562,6882.72021484375,0.004438269421112473,-0.005072391906223106,0.009510661327335579,0.32697168755360373,0.7998086911521414,-0.2945842712506411,2026-02-28,791,ok,0.00045485019676998553,0.07309641738017002,0.004099177461357351,8.407652087690518e-05,0.004354192900235568,-0.07049523833032366
CMP015,Duke Energy Corporation,DUK,^GSPC,USD,NYSE,PRIMARY_DIRECT,Raw Materials & Energy,False,2026-02-05,120.26206970214844,6798.39990234375,0.009819140847918018,-0.012251015567674717,0.022070156415592734,0.340001409454892,0.7777592068580002,-0.2725141148350484,2026-02-28,791,ok,0.00045485019676998553,0.07309641738017002,0.004099177461357351,-0.0004406551504957261,0.010259795998413744,-0.060235442331909916
CMP015,Duke Energy Corporation,DUK,^GSPC,USD,NYSE,PRIMARY_DIRECT,Raw Materials & Energy,False,2026-02-06,118.75161743164062,6932.2998046875,-0.012559673006199978,0.0196957966973359,-0.03225546970353588,0.3231714299242914,0.8127735907730924,-0.30476958453858427,2026-02-28,791,ok,0.00045485019676998553,0.07309641738017002,0.004099177461357351,0.0018945423727934245,-0.014454215378993402,-0.07468965771090331
CMP015,Duke Energy Corporation,DUK,^GSPC,USD,NYSE,PRIMARY_DIRECT,Raw Materials & Energy,False,2026-02-09,118.61518096923828,6964.81982421875,-0.0011489229818775204,0.004691086716887227,-0.005840009698764748,0.32165120785948753,0.821277468885492,-0.310609594237349,2026-02-28,791,ok,0.00045485019676998553,0.07309641738017002,0.004099177461357351,0.0007977518293941458,-0.0019466748112716662,-0.07663633252217499
CMP015,Duke Energy Corporation,DUK,^GSPC,USD,NYSE,PRIMARY_DIRECT,Raw Materials & Energy,False,2026-02-10,120.4862060546875,6941.81005859375,0.01577390912495802,-0.003303712975458173,0.01907762210041619,0.3424988139071541,0.8152604908796255,-0.2915319721369328,2026-02-28,791,ok,0.00045485019676998553,0.07309641738017002,0.004099177461357351,0.00021336061421161153,0.015560548510746407,-0.061075784011428574
CMP015,Duke Energy Corporation,DUK,^GSPC,USD,NYSE,PRIMARY_DIRECT,Raw Materials & Energy,False,2026-02-11,122.00640869140624,6941.47021484375,0.01261723384358815,-4.895607156218951e-05,0.012666189915150339,0.3594374353769605,0.81517162285713,-0.2788657822217825,2026-02-28,791,ok,0.00045485019676998553,0.07309641738017002,0.004099177461357351,0.00045127168332978224,0.012165962160258366,-0.04890982185117021
CMP015,Duke Energy Corporation,DUK,^GSPC,USD,NYSE,PRIMARY_DIRECT,Raw Materials & Energy,False,2026-02-12,122.89319610595705,6832.759765625,0.007268367490381511,-0.01566101212770199,0.0229293796180835,0.36931832623746197,0.7867441980577039,-0.255936402603699,2026-02-28,791,ok,0.00045485019676998553,0.07309641738017002,0.004099177461357351,-0.0006899136823124236,0.007958281172693935,-0.04095154067847628
CMP015,Duke Energy Corporation,DUK,^GSPC,USD,NYSE,PRIMARY_DIRECT,Raw Materials & Energy,False,2026-02-13,125.99390411376952,6836.169921875,0.025230916812832183,0.0004990891480125548,0.024731827664819628,0.4038674830170459,0.7876359426972288,-0.23120457493887936,2026-02-28,791,ok,0.00045485019676998553,0.07309641738017002,0.004099177461357351,0.0004913318254430247,0.02473958498738916,-0.016211955691087118
CMP015,Duke Energy Corporation,DUK,^GSPC,USD,NYSE,PRIMARY_DIRECT,Raw Materials & Energy,False,2026-02-17,124.52955627441406,6843.22021484375,-0.011622370539714266,0.0010313220779065713,-0.012653692617620838,0.38755121494076583,0.7894795711121918,-0.2438582675565002,2026-02-28,791,ok,0.00045485019676998553,0.07309641738017002,0.004099177461357351,0.0005302361458300285,-0.012152606685544295,-0.028364562376631413
CMP015,Duke Energy Corporation,DUK,^GSPC,USD,NYSE,PRIMARY_DIRECT,Raw Materials & Energy,False,2026-02-18,123.08484649658205,6881.31005859375,-0.011601340445222874,0.005566070147410729,-0.017167410592633603,0.3714537609110553,0.7994399399323606,-0.2610256781491338,2026-02-28,791,ok,0.00045485019676998553,0.07309641738017002,0.004099177461357351,0.0008617099834324247,-0.012463050428655299,-0.04082761280528671
CMP015,Duke Energy Corporation,DUK,^GSPC,USD,NYSE,PRIMARY_DIRECT,Raw Materials & Energy,False,2026-02-19,124.19540405273438,6861.89013671875,0.00902269928234567,-0.0028221256867719813,0.011844824969117651,0.38382797577539773,0.7943616942560741,-0.24918085318001615,2026-02-28,791,ok,0.00045485019676998553,0.07309641738017002,0.004099177461357351,0.0002485629196704018,0.008774136362675268,-0.032053476442611445
CMP015,Duke Energy Corporation,DUK,^GSPC,USD,NYSE,PRIMARY_DIRECT,Raw Materials & Energy,False,2026-02-20,124.5983428955078,6909.509765625,0.003244394153283814,0.006939724763506794,-0.00369533061022298,0.38831765916915395,0.806814070540391,-0.25287618379023913,2026-02-28,791,ok,0.00045485019676998553,0.07309641738017002,0.004099177461357351,0.0009621192145867798,0.002282274938697034,-0.02977120150391441
CMP015,Duke Energy Corporation,DUK,^GSPC,USD,NYSE,PRIMARY_DIRECT,Raw Materials & Energy,False,2026-02-23,125.59097290039062,6837.75,0.007966638895954503,-0.010385652247284827,0.01835229114323933,0.39937788463263146,0.7880491279282573,-0.2345238926469998,2026-02-28,791,ok,0.00045485019676998553,0.07309641738017002,0.004099177461357351,-0.0003043037746628469,0.00827094267061735,-0.02150025883329706
CMP015,Duke Energy Corporation,DUK,^GSPC,USD,NYSE,PRIMARY_DIRECT,Raw Materials & Energy,False,2026-02-24,126.24944305419922,6890.06982421875,0.005242973588004851,0.0076516140863223114,-0.0024086404983174603,0.4067147859213984,0.8017305898225495,-0.23693253314531726,2026-02-28,791,ok,0.00045485019676998553,0.07309641738017002,0.004099177461357351,0.0010141557736557895,0.0042288178143490614,-0.017271441018948
CMP015,Duke Energy Corporation,DUK,^GSPC,USD,NYSE,PRIMARY_DIRECT,Raw Materials & Energy,False,2026-02-25,126.71134185791016,6946.1298828125,0.0036586205256576854,0.008136355657339944,-0.004477735131682259,0.41186142151091665,0.8163901107000546,-0.24141026827699952,2026-02-28,791,ok,0.00045485019676998553,0.07309641738017002,0.004099177461357351,0.0010495886458524138,0.0026090318798052715,-0.01466240913914273
CMP015,Duke Energy Corporation,DUK,^GSPC,USD,NYSE,PRIMARY_DIRECT,Raw Materials & Energy,False,2026-02-26,127.00618743896484,6908.85986328125,0.00232690757379328,-0.005365580569328343,0.007692488143121623,0.41514669254577696,0.8066441232157622,-0.2337177801338779,2026-02-28,791,ok,0.00045485019676998553,0.07309641738017002,0.004099177461357351,6.264547998743067e-05,0.0022642620938058493,-0.01239814704533688
CMP015,Duke Energy Corporation,DUK,^GSPC,USD,NYSE,PRIMARY_DIRECT,Raw Materials & Energy,False,2026-02-27,128.5983123779297,6878.8798828125,0.012535806097871971,-0.00433935281103115,0.01687515890890312,0.43288669708357563,0.798804456961153,-0.21684262122497477,2026-02-28,791,ok,0.00045485019676998553,0.07309641738017002,0.004099177461357351,0.0001376590525350386,0.012398147045336932,5.204170427930421e-17
CMP015,Duke Energy Corporation,DUK,^GSPC,USD,NYSE,PRIMARY_DIRECT,Raw Materials & Energy,False,2026-03-02,129.36488342285156,6881.6201171875,0.0059609728210821,0.0003983547353176853,0.005562618085764415,0.44142809574058095,0.7995210192344939,-0.21128000313921036,2026-02-28,791,ok,0.00045485019676998553,0.07309641738017002,0.004099177461357351,0.0004839685007681342,0.005477004320313966,0.005477004320314018
CMP015,Duke Energy Corporation,DUK,^GSPC,USD,NYSE,PRIMARY_DIRECT,Raw Materials & Energy,False,2026-03-03,129.16831970214844,6816.6298828125,-0.001519451921590087,-0.009444031095625416,0.007924579174035329,0.439237915050674,0.7825262867716118,-0.20335542396517503,2026-02-28,791,ok,0.00045485019676998553,0.07309641738017002,0.004099177461357351,-0.00023547464194715424,-0.0012839772796429329,0.004193027040671085
CMP015,Duke Energy Corporation,DUK,^GSPC,USD,NYSE,PRIMARY_DIRECT,Raw Materials & Energy,False,2026-03-04,129.610595703125,6869.5,0.003424028445956573,0.007756049264286302,-0.004332020818329729,0.4441659066123067,0.7963516484666977,-0.20768744478350476,2026-02-28,791,ok,0.00045485019676998553,0.07309641738017002,0.004099177461357351,0.0010217896110134178,0.002402238834943155,0.00659526587561424
CMP015,Duke Energy Corporation,DUK,^GSPC,USD,NYSE,PRIMARY_DIRECT,Raw Materials & Energy,False,2026-03-05,129.34524536132812,6830.7099609375,-0.002047288960886018,-0.005646704863891072,0.0035994159030050543,0.4412092816940114,0.7862081808760422,-0.2040880288804997,2026-02-28,791,ok,0.00045485019676998553,0.07309641738017002,0.004099177461357351,4.209630121636759e-05,-0.0020893852621023854,0.0045058806135118545
CMP015,Duke Energy Corporation,DUK,^GSPC,USD,NYSE,PRIMARY_DIRECT,Raw Materials & Energy,False,2026-03-06,130.2199249267578,6740.02001953125,0.006762363494585699,-0.013276795812569242,0.02003915930715494,0.4509552627285971,0.7624930595798103,-0.18404886957334476,2026-02-28,791,ok,0.00045485019676998553,0.07309641738017002,0.004099177461357351,-0.0005156360114168693,0.007277999506002568,0.011783880119514423
CMP015,Duke Energy Corporation,DUK,^GSPC,USD,NYSE,PRIMARY_DIRECT,Raw Materials & Energy,False,2026-03-09,128.82435607910156,6795.990234375,-0.010717014684513027,0.008304161513105202,-0.019021176197618228,0.43540535387136337,0.777129086612288,-0.203070045770963,2026-02-28,791,ok,0.00045485019676998553,0.07309641738017002,0.004099177461357351,0.0010618546527242675,-0.011778869337237294,5.0107822771282284e-06
CMP015,Duke Energy Corporation,DUK,^GSPC,USD,NYSE,PRIMARY_DIRECT,Raw Materials & Energy,False,2026-03-10,127.45828247070312,6781.47998046875,-0.01060415631000422,-0.0021351198877325173,-0.008469036422271703,0.42018409113069444,0.7733347029563942,-0.2115390821932347,2026-02-28,791,ok,0.00045485019676998553,0.07309641738017002,0.004099177461357351,0.0002987805822995877,-0.010902936892303807,-0.01089792611002668
CMP015,Duke Energy Corporation,DUK,^GSPC,USD,NYSE,PRIMARY_DIRECT,Raw Materials & Energy,False,2026-03-11,127.79242706298828,6775.7998046875,0.002621599678011899,-0.0008376012017449197,0.0034592008797568186,0.4239072452867203,0.7718493556781019,-0.20807988131347788,2026-02-28,791,ok,0.00045485019676998553,0.07309641738017002,0.004099177461357351,0.0003936245497291069,0.002227975128282792,-0.008669950981743887
CMP015,Duke Energy Corporation,DUK,^GSPC,USD,NYSE,PRIMARY_DIRECT,Raw Materials & Energy,False,2026-03-12,129.5516357421875,6672.6201171875,0.013766141856998315,-0.015227676506708532,0.028993818363706847,0.4435089544165449,0.7448682068712158,-0.17908606294977103,2026-02-28,791,ok,0.00045485019676998553,0.07309641738017002,0.004099177461357351,-0.0006582384008945906,0.014424380257892905,0.005754429276149019
CMP015,Duke Energy Corporation,DUK,^GSPC,USD,NYSE,PRIMARY_DIRECT,Raw Materials & Energy,False,2026-03-13,130.8587188720703,6632.18994140625,0.010089283106266222,-0.006059115470564369,0.01614839857683059,0.4580729249240838,0.7342958489248665,-0.16293766437294044,2026-02-28,791,ok,0.00045485019676998553,0.07309641738017002,0.004099177461357351,1.1950563378967168e-05,0.010077332542887256,0.015831761819036276
CMP015,Duke Energy Corporation,DUK,^GSPC,USD,NYSE,PRIMARY_DIRECT,Raw Materials & Energy,False,2026-03-16,131.1634063720703,6699.3798828125,0.0023283698833844735,0.010130883162251969,-0.007802513278867496,0.46146785801025536,0.751865797539103,-0.17074017765180793,2026-02-28,791,ok,0.00045485019676998553,0.07309641738017002,0.004099177461357351,0.0011953814608276921,0.0011329884225567814,0.01696475024159306
CMP015,Duke Energy Corporation,DUK,^GSPC,USD,NYSE,PRIMARY_DIRECT,Raw Materials & Energy,False,2026-03-17,130.66217041015625,6716.08984375,-0.0038214619136393013,0.0024942548757938,-0.006315716789433101,0.4558829142528611,0.7562353973463514,-0.17705589444124104,2026-02-28,791,ok,0.00045485019676998553,0.07309641738017002,0.004099177461357351,0.0006371712922235333,-0.004458633205862835,0.012506117035730225
CMP015,Duke Energy Corporation,DUK,^GSPC,USD,NYSE,PRIMARY_DIRECT,Raw Materials & Energy,False,2026-03-18,128.50003051757812,6624.7001953125,-0.016547558377386862,-0.013607567880073446,-0.002939990497313416,0.4317916067386218,0.7323373049635731,-0.17999588493855445,2026-02-28,791,ok,0.00045485019676998553,0.07309641738017002,0.004099177461357351,-0.0005398142645208585,-0.016007744112866002,-0.003501627077135777
CMP015,Duke Energy Corporation,DUK,^GSPC,USD,NYSE,PRIMARY_DIRECT,Raw Materials & Energy,False,2026-03-19,127.5074234008789,6606.490234375,-0.007724567167036067,-0.002748797741878972,-0.004975769425157095,0.4207316363031708,0.7275754600915165,-0.18497165436371155,2026-02-28,791,ok,0.00045485019676998553,0.07309641738017002,0.004099177461357351,0.0002539229297359313,-0.007978490096771998,-0.011480117173907775
CMP015,Duke Energy Corporation,DUK,^GSPC,USD,NYSE,PRIMARY_DIRECT,Raw Materials & Energy,False,2026-03-20,124.6278305053711,6506.47998046875,-0.022583727430947054,-0.015138182356779217,-0.007445545074167836,0.3886462202763765,0.7014231077415545,-0.19241719943787938,2026-02-28,791,ok,0.00045485019676998553,0.07309641738017002,0.004099177461357351,-0.0006516966991582739,-0.02193203073178878,-0.033412147905696556
CMP015,Duke Energy Corporation,DUK,^GSPC,USD,NYSE,PRIMARY_DIRECT,Raw Materials & Energy,False,2026-03-23,125.1487045288086,6581.0,0.004179435855742097,0.011453200463990454,-0.0072737646082483565,0.3944499780803403,0.7209098476685842,-0.19969096404612774,2026-02-28,791,ok,0.00045485019676998553,0.07309641738017002,0.004099177461357351,0.0012920381182245887,0.0028873977375175088,-0.030524750168179047
CMP015,Duke Energy Corporation,DUK,^GSPC,USD,NYSE,PRIMARY_DIRECT,Raw Materials & Energy,False,2026-03-24,125.18801879882812,6556.3701171875,0.00031414044729860535,-0.0037425745042546366,0.004056714951553242,0.3948880312201901,0.7144692143485791,-0.1956342490945745,2026-02-28,791,ok,0.00045485019676998553,0.07309641738017002,0.004099177461357351,0.00018128140873060572,0.00013285903856799963,-0.03039189112961105
CMP015,Duke Energy Corporation,DUK,^GSPC,USD,NYSE,PRIMARY_DIRECT,Raw Materials & Energy,False,2026-03-25,125.95460510253906,6591.89990234375,0.0061234797951617015,0.005419124381509377,0.0007043554136523245,0.4034295998958799,0.7237601362694028,-0.19492989368092217,2026-02-28,791,ok,0.00045485019676998553,0.07309641738017002,0.004099177461357351,0.0008509687743958506,0.0052725110207658505,-0.025119380108845197
CMP015,Duke Energy Corporation,DUK,^GSPC,USD,NYSE,PRIMARY_DIRECT,Raw Materials & Energy,False,2026-03-26,127.15361785888672,6477.16015625,0.009519403878655686,-0.017406172392416708,0.026925576271072393,0.4167894130725489,0.693756070174322,-0.16800431740984978,2026-02-28,791,ok,0.00045485019676998553,0.07309641738017002,0.004099177461357351,-0.0008174786454172987,0.010336882524072985,-0.014782497584772212
CMP015,Duke Energy Corporation,DUK,^GSPC,USD,NYSE,PRIMARY_DIRECT,Raw Materials & Energy,False,2026-03-27,127.75311279296876,6368.85009765625,0.004714729664612172,-0.01672184352107431,0.02143657318568648,0.4234691921468705,0.6654333462059971,-0.1465677442241633,2026-02-28,791,ok,0.00045485019676998553,0.07309641738017002,0.004099177461357351,-0.0007674566566123539,0.005482186321224525,-0.009300311263547686
CMP015,Duke Energy Corporation,DUK,^GSPC,USD,NYSE,PRIMARY_DIRECT,Raw Materials & Energy,False,2026-03-30,129.44351196289062,6343.72021484375,0.01323176502682366,-0.003945748828622642,0.017177513855446302,0.4423042020202803,0.6588619645310558,-0.129390230368717,2026-02-28,791,ok,0.00045485019676998553,0.07309641738017002,0.004099177461357351,0.000166430093515668,0.013065334933307993,0.0037650236697603073
CMP015,Duke Energy Corporation,DUK,^GSPC,USD,NYSE,PRIMARY_DIRECT,Raw Materials & Energy,False,2026-03-31,128.686767578125,6528.52001953125,-0.005846136073491048,0.02913114047102594,-0.03497727654451699,0.4338722953959018,0.707186505441852,-0.16436750691323398,2026-02-28,791,ok,0.00045485019676998553,0.07309641738017002,0.004099177461357351,0.0025842321994004602,-0.008430368272891509,-0.004665344603131201
CMP015,Duke Energy Corporation,DUK,^GSPC,USD,NYSE,PRIMARY_DIRECT,Raw Materials & Energy,False,2026-04-01,128.64744567871094,6575.31982421875,-0.00030556288073824156,0.007168516684867399,-0.00747407956560564,0.43343415724670975,0.7194245003902924,-0.17184158647883963,2026-02-28,791,ok,0.00045485019676998553,0.07309641738017002,0.004099177461357351,0.0009788430843637656,-0.0012844059651020072,-0.005949750568233209
CMP015,Duke Energy Corporation,DUK,^GSPC,USD,NYSE,PRIMARY_DIRECT,Raw Materials & Energy,False,2026-04-02,129.94473266601562,6582.68994140625,0.01008404776682914,0.0011208758485563575,0.008963171918272783,0.4478889757589901,0.721351761786196,-0.16287841456056684,2026-02-28,791,ok,0.00045485019676998553,0.07309641738017002,0.004099177461357351,0.0005367822056274133,0.009547265561201727,0.0035975149929685177
CMP015,Duke Energy Corporation,DUK,^GSPC,USD,NYSE,PRIMARY_DIRECT,Raw Materials & Energy,False,2026-04-06,129.148681640625,6611.830078125,-0.006126073824297529,0.0044267825126402816,-0.01055285633693781,0.439019101004104,0.7289718116633737,-0.17343127089750465,2026-02-28,791,ok,0.00045485019676998553,0.07309641738017002,0.004099177461357351,0.0007784321389651774,-0.006904505963262706,-0.003306990970294188
CMP015,Duke Energy Corporation,DUK,^GSPC,USD,NYSE,PRIMARY_DIRECT,Raw Materials & Energy,False,2026-04-07,129.5516357421875,6616.85009765625,0.0031200790936742884,0.0007592481161695641,0.0023608309775047243,0.4435089544165449,0.7302845302542893,-0.17107043991999993,2026-02-28,791,ok,0.00045485019676998553,0.07309641738017002,0.004099177461357351,0.0005103485139646238,0.0026097305797096646,-0.0006972603905845234
CMP015,Duke Energy Corporation,DUK,^GSPC,USD,NYSE,PRIMARY_DIRECT,Raw Materials & Energy,False,2026-04-08,129.3354034423828,6782.81005859375,-0.001669081973113773,0.025081414644149813,-0.026750496617263586,0.44109961964269995,0.773682514009955,-0.19782093653726351,2026-02-28,791,ok,0.00045485019676998553,0.07309641738017002,0.004099177461357351,0.0022882117500838688,-0.003957293723197641,-0.004654554113782164
CMP015,Duke Energy Corporation,DUK,^GSPC,USD,NYSE,PRIMARY_DIRECT,Raw Materials & Energy,False,2026-04-09,130.7113037109375,6824.66015625,0.010638233862761526,0.006170023529293189,0.0044682103334683365,0.45643037441599565,0.7846261768548923,-0.19335272620379518,2026-02-28,791,ok,0.00045485019676998553,0.07309641738017002,0.004099177461357351,0.0009058568119126701,0.009732377050848855,0.005077822937066691
CMP015,Duke Energy Corporation,DUK,^GSPC,USD,NYSE,PRIMARY_DIRECT,Raw Materials & Energy,False,2026-04-10,129.5221405029297,6816.89013671875,-0.00909763099477301,-0.0011385210916523558,-0.007959109903120654,0.4431803082999799,0.7825943423118282,-0.20131183610691583,2026-02-28,791,ok,0.00045485019676998553,0.07309641738017002,0.004099177461357351,0.00037162838385843813,-0.009469259378631448,-0.004391436441564757
CMP015,Duke Energy Corporation,DUK,^GSPC,USD,NYSE,PRIMARY_DIRECT,Raw Materials & Energy,False,2026-04-13,128.1560516357422,6886.240234375,-0.01054714554502445,0.010173274948748201,-0.02072042049377265,0.4279588755406267,0.8007291646782495,-0.22203225660068848,2026-02-28,791,ok,0.00045485019676998553,0.07309641738017002,0.004099177461357351,0.0011984801485469118,-0.011745625693571363,-0.016137062135136118
CMP015,Duke Energy Corporation,DUK,^GSPC,USD,NYSE,PRIMARY_DIRECT,Raw Materials & Energy,False,2026-04-14,127.54672241210938,6967.3798828125,-0.004754587987500614,0.011782866364792755,-0.016537454352293368,0.42116951942433634,0.8219469157848383,-0.23856971095298185,2026-02-28,791,ok,0.00045485019676998553,0.07309641738017002,0.004099177461357351,0.0013161355145056433,-0.006070723502006257,-0.022207785637142374
CMP015,Duke Energy Corporation,DUK,^GSPC,USD,NYSE,PRIMARY_DIRECT,Raw Materials & Energy,False,2026-04-15,125.77769470214844,7022.9501953125,-0.013869644601647413,0.007975783355387733,-0.021845427957035146,0.4014584032712267,0.836478369670155,-0.260415138910017,2026-02-28,791,ok,0.00045485019676998553,0.07309641738017002,0.004099177461357351,0.0010378513858492202,-0.014907495987496633,-0.03711528162463901
CMP015,Duke Energy Corporation,DUK,^GSPC,USD,NYSE,PRIMARY_DIRECT,Raw Materials & Energy,False,2026-04-16,126.41651916503906,7041.27978515625,0.0050789964341722005,0.0026099558353673835,0.002469040598804817,0.4085764055040819,0.8412714971076016,-0.2579460983112122,2026-02-28,791,ok,0.00045485019676998553,0.07309641738017002,0.004099177461357351,0.0006456286178558101,0.00443336781631639,-0.03268191380832262
CMP015,Duke Energy Corporation,DUK,^GSPC,USD,NYSE,PRIMARY_DIRECT,Raw Materials & Energy,False,2026-04-17,125.82683563232422,7126.06005859375,-0.004664608206345289,0.012040463669150903,-0.01670507187549619,0.4020059484437033,0.8634412596735688,-0.27465117018670837,2026-02-28,791,ok,0.00045485019676998553,0.07309641738017002,0.004099177461357351,0.0013349649545810133,-0.005999573160926302,-0.03868148696924892
CMP015,Duke Energy Corporation,DUK,^GSPC,USD,NYSE,PRIMARY_DIRECT,Raw Materials & Energy,False,2026-04-20,125.65975952148438,7109.14013671875,-0.0013278257376514446,-0.002374372617670484,0.0010465468800190392,0.40014432886101936,0.8590167557719623,-0.27360462330668933,2026-02-28,791,ok,0.00045485019676998553,0.07309641738017002,0.004099177461357351,0.000281292064892697,-0.0016091178025441416,-0.04029060477179306
CMP015,Duke Energy Corporation,DUK,^GSPC,USD,NYSE,PRIMARY_DIRECT,Raw Materials & Energy,False,2026-04-21,123.5074462890625,7064.009765625,-0.01712810243006946,-0.006348217959672997,-0.010779884470396461,0.37616251337940687,0.8472153122156378,-0.2843845077770858,2026-02-28,791,ok,0.00045485019676998553,0.07309641738017002,0.004099177461357351,-9.18179283056317e-06,-0.017118920637238896,-0.05740952540903196
CMP015,Duke Energy Corporation,DUK,^GSPC,USD,NYSE,PRIMARY_DIRECT,Raw Materials & Energy,False,2026-04-22,123.09467315673828,7137.89990234375,-0.0033420910619279542,0.010460084168953943,-0.013802175230881897,0.3715632529436812,0.8665373398595939,-0.2981866830079677,2026-02-28,791,ok,0.00045485019676998553,0.07309641738017002,0.004099177461357351,0.0012194448750155519,-0.004561535936943506,-0.061971061345975464
CMP015,Duke Energy Corporation,DUK,^GSPC,USD,NYSE,PRIMARY_DIRECT,Raw Materials & Energy,False,2026-04-23,125.83665466308594,7108.39990234375,0.02227538719613187,-0.004132868267081369,0.026408255463213237,0.40211535546698784,0.8588231869183658,-0.27177842754475445,2026-02-28,791,ok,0.00045485019676998553,0.07309641738017002,0.004099177461357351,0.00015275233294214584,0.022122634863189723,-0.03984842648278574
CMP015,Duke Energy Corporation,DUK,^GSPC,USD,NYSE,PRIMARY_DIRECT,Raw Materials & Energy,False,2026-04-24,125.07991790771484,7165.080078125,-0.006013643301287508,0.007973689797975636,-0.013987333099263144,0.39368353385195154,0.8736448664001373,-0.2857657606440176,2026-02-28,791,ok,0.00045485019676998553,0.07309641738017002,0.004099177461357351,0.0010376983543028161,-0.007051341655590324,-0.04689976813837607
CMP015,Duke Energy Corporation,DUK,^GSPC,USD,NYSE,PRIMARY_DIRECT,Raw Materials & Energy,False,2026-04-27,124.90300750732422,7173.91015625,-0.0014143789294869258,0.0012323767534654362,-0.002646755682952362,0.39171233722729837,0.8759539027777388,-0.28841251632696996,2026-02-28,791,ok,0.00045485019676998553,0.07309641738017002,0.004099177461357351,0.000544932522310914,-0.0019593114517978396,-0.04885907959017391
CMP015,Duke Energy Corporation,DUK,^GSPC,USD,NYSE,PRIMARY_DIRECT,Raw Materials & Energy,False,2026-04-28,125.60079956054688,7138.7998046875,0.005586671347219019,-0.004894172187521972,0.010480843534740991,0.39948737666525735,0.8667726613616906,-0.27793167279222897,2026-02-28,791,ok,0.00045485019676998553,0.07309641738017002,0.004099177461357351,9.710374382045973e-05,0.005489567603398559,-0.04336951198677535
CMP015,Duke Energy Corporation,DUK,^GSPC,USD,NYSE,PRIMARY_DIRECT,Raw Materials & Energy,False,2026-04-29,124.33299255371094,7135.9501953125,-0.010093940574198212,-0.0003991720531409948,-0.009694768521057218,0.38536103425085777,0.8660274978857074,-0.2876264413132862,2026-02-28,791,ok,0.00045485019676998553,0.07309641738017002,0.004099177461357351,0.00042567214976709194,-0.010519612723965304,-0.05388912471074065
CMP015,Duke Energy Corporation,DUK,^GSPC,USD,NYSE,PRIMARY_DIRECT,Raw Materials & Energy,False,2026-04-30,127.3206787109375,7209.009765625,0.024029713239113848,0.010238239941821936,0.013791473297291912,0.41865086263654816,0.885132335147099,-0.2738349680159943,2026-02-28,791,ok,0.00045485019676998553,0.07309641738017002,0.004099177461357351,0.0012032288567957294,0.02282648438231812,-0.03106264032842253
CMP015,Duke Energy Corporation,DUK,^GSPC,USD,NYSE,PRIMARY_DIRECT,Raw Materials & Energy,False,2026-05-01,126.38703155517578,7230.1201171875,-0.007333036276702787,0.002928328889657106,-0.010261365166359893,0.4082478443968587,0.8906526226249369,-0.28409633318235417,2026-02-28,791,ok,0.00045485019676998553,0.07309641738017002,0.004099177461357351,0.0006689005475147712,-0.008001936824217558,-0.03906457715264009
CMP015,Duke Energy Corporation,DUK,^GSPC,USD,NYSE,PRIMARY_DIRECT,Raw Materials & Energy,False,2026-05-04,125.25682067871094,7200.75,-0.008942459226692345,-0.004062189384334225,-0.00488026984235812,0.3956546454672625,0.8829724336118463,-0.2889766030247123,2026-02-28,791,ok,0.00045485019676998553,0.07309641738017002,0.004099177461357351,0.00015791870605539514,-0.00910037793274774,-0.04816495508538783
CMP015,Duke Energy Corporation,DUK,^GSPC,USD,NYSE,PRIMARY_DIRECT,Raw Materials & Energy,False,2026-05-05,125.38458251953124,7259.22021484375,0.0010199990717312257,0.008120017337603702,-0.007100018265872476,0.3970782119100964,0.8982622024190043,-0.29607662129058476,2026-02-28,791,ok,0.00045485019676998553,0.07309641738017002,0.004099177461357351,0.0010483943732136826,-2.8395301482456907e-05,-0.04819335038687029
CMP015,Duke Energy Corporation,DUK,^GSPC,USD,NYSE,PRIMARY_DIRECT,Raw Materials & Energy,False,2026-05-06,123.3796844482422,7365.1201171875,-0.015989988808845168,0.014588330317794274,-0.03057831912663944,0.3747389469365725,0.9259546784576764,-0.3266549404172242,2026-02-28,791,ok,0.00045485019676998553,0.07309641738017002,0.004099177461357351,0.001521204878559264,-0.017511193687404433,-0.06570454407427473
CMP015,Duke Energy Corporation,DUK,^GSPC,USD,NYSE,PRIMARY_DIRECT,Raw Materials & Energy,False,2026-05-07,122.72122192382812,7337.10986328125,-0.00533687962778262,-0.003803095327784889,-0.0015337842999977314,0.36740213065714733,0.9186300892185086,-0.32818872471722194,2026-02-28,791,ok,0.00045485019676998553,0.07309641738017002,0.004099177461357351,0.0001768575533536468,-0.005513737181136267,-0.07121828125541099
CMP015,Duke Energy Corporation,DUK,^GSPC,USD,NYSE,PRIMARY_DIRECT,Raw Materials & Energy,False,2026-05-08,122.03326416015624,7398.93017578125,-0.00560585816281145,0.008425703533400997,-0.014031561696212447,0.35973666826115713,0.9347958975405264,-0.3422202864134344,2026-02-28,791,ok,0.00045485019676998553,0.07309641738017002,0.004099177461357351,0.001070738938969038,-0.006676597101780488,-0.07789487835719149
CMP015,Duke Energy Corporation,DUK,^GSPC,USD,NYSE,PRIMARY_DIRECT,Raw Materials & Energy,False,2026-05-11,122.75070190429688,7412.83984375,0.005879034286906171,0.0018799566475542484,0.003999077639351922,0.3677306067550281,0.9384332299497684,-0.33822120877408246,2026-02-28,791,ok,0.00045485019676998553,0.07309641738017002,0.004099177461357351,0.0005922682925362361,0.005286765994369934,-0.07260811236282155
CMP015,Duke Energy Corporation,DUK,^GSPC,USD,NYSE,PRIMARY_DIRECT,Raw Materials & Energy,False,2026-05-12,122.9177703857422,7400.9599609375,0.0013610389093789976,-0.0016026088601545085,0.002963647769533506,0.36959214132837026,0.935326679680633,-0.33525756100454895,2026-02-28,791,ok,0.00045485019676998553,0.07309641738017002,0.004099177461357351,0.0003377052306309731,0.0010233336787480246,-0.07158477868407352
CMP015,Duke Energy Corporation,DUK,^GSPC,USD,NYSE,PRIMARY_DIRECT,Raw Materials & Energy,False,2026-05-13,121.76790618896484,7444.25,-0.009354743363541695,0.005849246488426552,-0.015203989851968247,0.35677995833351983,0.946646882465713,-0.3504615508565172,2026-02-28,791,ok,0.00045485019676998553,0.07309641738017002,0.004099177461357351,0.0008824091594475065,-0.010237152522989202,-0.08182193120706273
CMP015,Duke Energy Corporation,DUK,^GSPC,USD,NYSE,PRIMARY_DIRECT,Raw Materials & Energy,False,2026-05-14,122.1708526611328,7501.240234375,0.0033091352621490433,0.007655604577358366,-0.0043464693152093226,0.3612697267366185,0.9615496412496181,-0.3548080201717265,2026-02-28,791,ok,0.00045485019676998553,0.07309641738017002,0.004099177461357351,0.0010144474642541127,0.002294687797894931,-0.0795272434091678
CMP015,Duke Energy Corporation,DUK,^GSPC,USD,NYSE,PRIMARY_DIRECT,Raw Materials & Energy,False,2026-05-15,119.8958511352539,7408.5,-0.01862147538733394,-0.012363320128051747,-0.006258155259282194,0.3359208760246697,0.9372983750877839,-0.3610661754310087,2026-02-28,791,ok,0.00045485019676998553,0.07309641738017002,0.004099177461357351,-0.000448864211514742,-0.018172611175819198,-0.09769985458498699
CMP015,Duke Energy Corporation,DUK,^GSPC,USD,NYSE,PRIMARY_DIRECT,Raw Materials & Energy,False,2026-05-18,121.76937866210938,7403.0498046875,0.01562629156151485,-0.0007356678561787344,0.016361959417693583,0.35679636513654556,0.9358731669454046,-0.34470421601331513,2026-02-28,791,ok,0.00045485019676998553,0.07309641738017002,0.004099177461357351,0.0004010755121015699,0.015225216049413279,-0.08247463853557371
CMP015,Duke Energy Corporation,DUK,^GSPC,USD,NYSE,PRIMARY_DIRECT,Raw Materials & Energy,False,2026-05-19,123.4743881225586,7353.60986328125,0.01400195582158914,-0.006678320788135905,0.020680276609725046,0.37579416790008024,0.9229447849313985,-0.3240239394035901,2026-02-28,791,ok,0.00045485019676998553,0.07309641738017002,0.004099177461357351,-3.3311126958262595e-05,0.014035266948547403,-0.06843937158702632
CMP015,Duke Energy Corporation,DUK,^GSPC,USD,NYSE,PRIMARY_DIRECT,Raw Materials & Energy,False,2026-05-20,122.73092651367188,7432.97021484375,-0.006021180750041655,0.010792026370445518,-0.016813207120487172,0.3675102625403006,0.9436972557592889,-0.34083714652407726,2026-02-28,791,ok,0.00045485019676998553,0.07309641738017002,0.004099177461357351,0.0012437086607218724,-0.007264889410763527,-0.07570426099778985
CMP015,Duke Energy Corporation,DUK,^GSPC,USD,NYSE,PRIMARY_DIRECT,Raw Materials & Energy,False,2026-05-21,123.57352447509766,7445.72021484375,0.006865408624874281,0.0017153304306989359,0.005150078194175345,0.37689877929134896,0.9470313388101588,-0.3356870683299019,2026-02-28,791,ok,0.00045485019676998553,0.07309641738017002,0.004099177461357351,0.0005802347058772618,0.006285173918997019,-0.06941908707879282
CMP015,Duke Energy Corporation,DUK,^GSPC,USD,NYSE,PRIMARY_DIRECT,Raw Materials & Energy,False,2026-05-22,124.57471466064452,7473.47021484375,0.008101979690225747,0.0037269732409066503,0.0043750064493190965,0.388054385236664,0.9542878725091108,-0.3313120618805828,2026-02-28,791,ok,0.00045485019676998553,0.07309641738017002,0.004099177461357351,0.000727278588352023,0.007374701101873724,-0.0620443859769191
CMP015,Duke Energy Corporation,DUK,^GSPC,USD,NYSE,PRIMARY_DIRECT,Raw Materials & Energy,False,2026-05-26,123.8808135986328,7519.1201171875,-0.005570159754344828,0.006108260424063872,-0.0116784201784087,0.38032270056317685,0.9662251717779862,-0.3429904820589915,2026-02-28,791,ok,0.00045485019676998553,0.07309641738017002,0.004099177461357351,0.0009013421501941326,-0.00647150190453896,-0.06851588788145806
CMP015,Duke Energy Corporation,DUK,^GSPC,USD,NYSE,PRIMARY_DIRECT,Raw Materials & Energy,False,2026-05-27,124.25749969482422,7520.35986328125,0.003040713773578174,0.00016487914469087706,0.002875834628887297,0.3845198668107619,0.9665493613025786,-0.3401146474301042,2026-02-28,791,ok,0.00045485019676998553,0.07309641738017002,0.004099177461357351,0.00046690227154759533,0.002573811502030579,-0.06594207637942748
CMP015,Duke Energy Corporation,DUK,^GSPC,USD,NYSE,PRIMARY_DIRECT,Raw Materials & Energy,False,2026-05-28,122.68136596679688,7563.6298828125,-0.012684415281961403,0.005753716619668614,-0.018438131901630017,0.3669580418540084,0.977864329046104,-0.35855277933173424,2026-02-28,791,ok,0.00045485019676998553,0.07309641738017002,0.004099177461357351,0.0008754262682885035,-0.013559841550249906,-0.07950191792967738
CMP015,Duke Energy Corporation,DUK,^GSPC,USD,NYSE,PRIMARY_DIRECT,Raw Materials & Energy,False,2026-05-29,121.66033935546876,7580.06005859375,-0.008322589199116437,0.002172260678511728,-0.010494849877628165,0.35558141161922885,0.9821607659555218,-0.3690476292093624,2026-02-28,791,ok,0.00045485019676998553,0.07309641738017002,0.004099177461357351,0.0006136346699850101,-0.008936223869101447,-0.08843814179877883
CMP015,Duke Energy Corporation,DUK,^GSPC,USD,NYSE,PRIMARY_DIRECT,Raw Materials & Energy,False,2026-06-01,118.8450927734375,7599.9599609375,-0.023140216416836057,0.0026252961308912415,-0.0257655125477273,0.3242129643837197,0.9873645249451892,-0.3948131417570897,2026-02-28,791,ok,0.00045485019676998553,0.07309641738017002,0.004099177461357351,0.0006467499385001572,-0.023786966355336215,-0.11222510815411504
CMP015,Duke Energy Corporation,DUK,^GSPC,USD,NYSE,PRIMARY_DIRECT,Raw Materials & Energy,False,2026-06-02,120.03462982177734,7609.77978515625,0.010009138960474617,0.0012920889411551784,0.008717050019319439,0.3374671959574984,0.9899323766699151,-0.38609609173777026,2026-02-28,791,ok,0.00045485019676998553,0.07309641738017002,0.004099177461357351,0.0005492972693049664,0.009459841691169651,-0.1027652664629454
CMP015,Duke Energy Corporation,DUK,^GSPC,USD,NYSE,PRIMARY_DIRECT,Raw Materials & Energy,False,2026-06-03,119.98506927490234,7553.68017578125,-0.00041288540605810553,-0.007372041104846239,0.006959155698788133,0.3369149752712062,0.97526251339324,-0.37913693603898213,2026-02-28,791,ok,0.00045485019676998553,0.07309641738017002,0.004099177461357351,-8.401959677362483e-05,-0.0003288658092844807,-0.10309413227222988
CMP015,Duke Energy Corporation,DUK,^GSPC,USD,NYSE,PRIMARY_DIRECT,Raw Materials & Energy,False,2026-06-04,120.75827026367188,7584.31005859375,0.006444143370855748,0.004054961568363158,0.0023891818024925904,0.3455302470464978,0.983272126972478,-0.37674775423648954,2026-02-28,791,ok,0.00045485019676998553,0.07309641738017002,0.004099177461357351,0.0007512533600316077,0.005692890010824141,-0.09740124226140574
CMP015,Duke Energy Corporation,DUK,^GSPC,USD,NYSE,PRIMARY_DIRECT,Raw Materials & Energy,False,2026-06-05,123.1373519897461,7383.740234375,0.019701190824277015,-0.026445361894386843,0.04614655271866386,0.37203879520339744,0.9308237778396404,-0.3306012015178257,2026-02-28,791,ok,0.00045485019676998553,0.07309641738017002,0.004099177461357351,-0.001478211014031759,0.021179401838308774,-0.07622184042309697
CMP015,Duke Energy Corporation,DUK,^GSPC,USD,NYSE,PRIMARY_DIRECT,Raw Materials & Energy,False,2026-06-08,120.98626708984376,7405.72998046875,-0.017468987802185754,0.0029781310549599205,-0.020447118857145674,0.3480706662258637,0.9365740240940796,-0.35104832037497136,2026-02-28,791,ok,0.00045485019676998553,0.07309641738017002,0.004099177461357351,0.0006725409073761819,-0.018141528709561934,-0.09436336913265891
CMP015,Duke Energy Corporation,DUK,^GSPC,USD,NYSE,PRIMARY_DIRECT,Raw Materials & Energy,False,2026-06-09,122.74083709716795,7386.64990234375,0.014502224504713945,-0.0025763939780845124,0.017078618482798458,0.3676206896756904,0.9315846464402888,-0.3339697018921729,2026-02-28,791,ok,0.00045485019676998553,0.07309641738017002,0.004099177461357351,0.0002665250272121634,0.014235699477501782,-0.08012766965515714
CMP015,Duke Energy Corporation,DUK,^GSPC,USD,NYSE,PRIMARY_DIRECT,Raw Materials & Energy,False,2026-06-10,123.95020294189452,7266.990234375,0.009853003069949517,-0.016199450298948426,0.026052453368897943,0.38109586052959155,0.9002940369620676,-0.30791724852327496,2026-02-28,791,ok,0.00045485019676998553,0.07309641738017002,0.004099177461357351,-0.0007292715836112687,0.010582274653560786,-0.06954539500159634
CMP015,Duke Energy Corporation,DUK,^GSPC,USD,NYSE,PRIMARY_DIRECT,Raw Materials & Energy,False,2026-06-11,123.10761260986328,7394.2998046875,-0.006797813251070095,0.017518885564244746,-0.02431669881531484,0.37170742878788543,0.9335850707340227,-0.3322339473385898,2026-02-28,791,ok,0.00045485019676998553,0.07309641738017002,0.004099177461357351,0.0017354179680094547,-0.00853323121907955,-0.07807862622067589
CMP015,Duke Energy Corporation,DUK,^GSPC,USD,NYSE,PRIMARY_DIRECT,Raw Materials & Energy,False,2026-06-12,123.8808135986328,7431.4599609375,0.0062806919278002304,0.0050255138730570525,0.001255178054743178,0.3803227005631771,0.9433023293317326,-0.3309787692838466,2026-02-28,791,ok,0.00045485019676998553,0.07309641738017002,0.004099177461357351,0.0008221972563847986,0.005458494671415431,-0.07262013154926046
CMP015,Duke Energy Corporation,DUK,^GSPC,USD,NYSE,PRIMARY_DIRECT,Raw Materials & Energy,False,2026-06-15,124.1881103515625,7554.2900390625,0.002480583909670875,0.016528391294663436,-0.014047807384992561,0.38374670684434764,0.9754219906347583,-0.3450265766688392,2026-02-28,791,ok,0.00045485019676998553,0.07309641738017002,0.004099177461357351,0.0016630163854674728,0.000817567524203402,-0.07180256402505705
CMP015,Duke Energy Corporation,DUK,^GSPC,USD,NYSE,PRIMARY_DIRECT,Raw Materials & Energy,False,2026-06-16,124.96131134033205,7511.35009765625,0.006226046813827102,-0.005684179609759754,0.011910226423586856,0.39236197861963973,0.9641933372349212,-0.3331163502452523,2026-02-28,791,ok,0.00045485019676998553,0.07309641738017002,0.004099177461357351,3.93570315511346e-05,0.0061866897822759675,-0.06561587424278109
CMP015,Duke Energy Corporation,DUK,^GSPC,USD,NYSE,PRIMARY_DIRECT,Raw Materials & Energy,False,2026-06-17,122.65162658691406,7420.10009765625,-0.018483198748831642,-0.012148282108228825,-0.006334916640602817,0.36662667543849636,0.9403317624590879,-0.33945126688585514,2026-02-28,791,ok,0.00045485019676998553,0.07309641738017002,0.004099177461357351,-0.00043314570266516045,-0.01805005304616648,-0.08366592728894758
CMP015,Duke Energy Corporation,DUK,^GSPC,USD,NYSE,PRIMARY_DIRECT,Raw Materials & Energy,False,2026-06-18,122.78048706054688,7500.580078125,0.0010506218076242746,0.010846212235623431,-0.009795590427999157,0.3680624832265931,0.9613770125622405,-0.3492468573138543,2026-02-28,791,ok,0.00045485019676998553,0.07309641738017002,0.004099177461357351,0.0012476694533390229,-0.00019704764571474827,-0.08386297493466233
CMP015,Duke Energy Corporation,DUK,^GSPC,USD,NYSE,PRIMARY_DIRECT,Raw Materials & Energy,False,2026-06-22,122.44345092773438,7472.7900390625,-0.0027450301011291423,-0.003705051979052687,0.0009600218779235448,0.3643071105299105,0.9541100087801784,-0.34828683543593075,2026-02-28,791,ok,0.00045485019676998553,0.07309641738017002,0.004099177461357351,0.0001840241708939254,-0.0029290542720230676,-0.0867920292066854
CMP015,Duke Energy Corporation,DUK,^GSPC,USD,NYSE,PRIMARY_DIRECT,Raw Materials & Energy,False,2026-06-23,123.96012115478516,7365.4599609375,0.012386699456436556,-0.014362785193208105,0.02674948464964466,0.3812063726743238,0.9260435464801706,-0.3215373507862861,2026-02-28,791,ok,0.00045485019676998553,0.07309641738017002,0.004099177461357351,-0.00059501794445448,0.012981717400891036,-0.07381031180579437
CMP015,Duke Energy Corporation,DUK,^GSPC,USD,NYSE,PRIMARY_DIRECT,Raw Materials & Energy,False,2026-06-24,125.42721557617188,7358.22021484375,0.011835212871039502,-0.0009829319733113406,0.012818144844350843,0.3975532441137608,0.9241503766963453,-0.30871920594193525,2026-02-28,791,ok,0.00045485019676998553,0.07309641738017002,0.004099177461357351,0.0003830013909925056,0.011452211480046997,-0.062358100325747366
CMP015,Duke Energy Corporation,DUK,^GSPC,USD,NYSE,PRIMARY_DIRECT,Raw Materials & Energy,False,2026-06-25,126.00216674804688,7357.490234375,0.004583942721154033,-9.92061187945481e-05,0.004683148839948581,0.40395954813454127,0.9239594892054961,-0.30403605710198667,2026-02-28,791,ok,0.00045485019676998553,0.07309641738017002,0.004099177461357351,0.00044759858490391253,0.004136344136250121,-0.058221756189497244
CMP015,Duke Energy Corporation,DUK,^GSPC,USD,NYSE,PRIMARY_DIRECT,Raw Materials & Energy,False,2026-06-26,127.28091430664062,7354.02001953125,0.01014861562778302,-0.00047165741757115853,0.010620273045354178,0.41820779394551466,0.923052039441306,-0.2934157840566325,2026-02-28,791,ok,0.00045485019676998553,0.07309641738017002,0.004099177461357351,0.000420373729314751,0.009728241898468269,-0.04849351429102897
CMP015,Duke Energy Corporation,DUK,^GSPC,USD,NYSE,PRIMARY_DIRECT,Raw Materials & Energy,False,2026-06-29,127.21153259277344,7440.43017578125,-0.0005451069725979085,0.011750057250389023,-0.012295164222986932,0.4174347189884422,0.9456480110002188,-0.3057109482796194,2026-02-28,791,ok,0.00045485019676998553,0.07309641738017002,0.004099177461357351,0.0013137372857853144,-0.001858844258383223,-0.050352358549412196
CMP015,Duke Energy Corporation,DUK,^GSPC,USD,NYSE,PRIMARY_DIRECT,Raw Materials & Energy,False,2026-06-30,125.4767837524414,7499.35986328125,-0.013636726206933347,0.007920198981480553,-0.0215569251884139,0.3981055498093953,0.9610579303952624,-0.3272678734680333,2026-02-28,791,ok,0.00045485019676998553,0.07309641738017002,0.004099177461357351,0.0010337883672542855,-0.014670514574187632,-0.06502287312359983
CMP015,Duke Energy Corporation,DUK,^GSPC,USD,NYSE,PRIMARY_DIRECT,Raw Materials & Energy,False,2026-07-01,124.67383575439452,7483.22998046875,-0.006399175799971624,-0.0021508346187620875,-0.004248341181209536,0.38915882660924894,0.9568400191091704,-0.33151621464924286,2026-02-28,791,ok,0.00045485019676998553,0.07309641738017002,0.004099177461357351,0.00029763189176123313,-0.006696807691732857,-0.07171968081533268
CMP015,Duke Energy Corporation,DUK,^GSPC,USD,NYSE,PRIMARY_DIRECT,Raw Materials & Energy,False,2026-07-02,128.47047424316406,7483.240234375,0.03045256822168252,1.3702513856905796e-06,0.03045119797029683,0.4314622805473196,0.9568427004719182,-0.30106501667894603,2026-02-28,791,ok,0.00045485019676998553,0.07309641738017002,0.004099177461357351,0.0004549503572371897,0.02999761786444533,-0.04172206295088736
CMP015,Duke Energy Corporation,DUK,^GSPC,USD,NYSE,PRIMARY_DIRECT,Raw Materials & Energy,False,2026-07-06,124.87210083007812,7537.43017578125,-0.02800934171282865,0.00724150765029874,-0.03525084936312739,0.3913679643824448,0.9710131918578169,-0.3363158660420734,2026-02-28,791,ok,0.00045485019676998553,0.07309641738017002,0.004099177461357351,0.0009841784624379166,-0.028993520175266567,-0.07071558312615392
CMP015,Duke Energy Corporation,DUK,^GSPC,USD,NYSE,PRIMARY_DIRECT,Raw Materials & Energy,False,2026-07-07,127.1024932861328,7503.85009765625,0.01786141532999208,-0.0044551096782159405,0.02231652500820802,0.41621976547112527,0.9622321119108799,-0.3139993410338654,2026-02-28,791,ok,0.00045485019676998553,0.07309641738017002,0.004099177461357351,0.0001291976402566782,0.017732217689735402,-0.05298336543641852
CMP015,Duke Energy Corporation,DUK,^GSPC,USD,NYSE,PRIMARY_DIRECT,Raw Materials & Energy,False,2026-07-08,125.68495178222656,7482.7099609375,-0.01115274348485884,-0.002817238676629863,-0.008335504808228977,0.4004250297086389,0.9567040357126795,-0.3223348458420944,2026-02-28,791,ok,0.00045485019676998553,0.07309641738017002,0.004099177461357351,0.0002489201426034912,-0.011401663627462331,-0.06438502906388086
CMP015,Duke Energy Corporation,DUK,^GSPC,USD,NYSE,PRIMARY_DIRECT,Raw Materials & Energy,False,2026-07-09,124.16828918457033,7543.64013671875,-0.012067177304440957,0.008142795337428232,-0.02020997264186919,0.38352585257356786,0.9726370762114076,-0.34254481848396356,2026-02-28,791,ok,0.00045485019676998553,0.07309641738017002,0.004099177461357351,0.001050059363395942,-0.0131172366678369,-0.07750226573171776
CMP015,Duke Energy Corporation,DUK,^GSPC,USD,NYSE,PRIMARY_DIRECT,Raw Materials & Energy,False,2026-07-10,124.3863754272461,7575.39013671875,0.0017563763188488402,0.004208843399813977,-0.002452467080965137,0.3859558446175433,0.9809395967498484,-0.3449972855649287,2026-02-28,791,ok,0.00045485019676998553,0.07309641738017002,0.004099177461357351,0.0007625015706105618,0.0009938747482382783,-0.07650839098347947
CMP015,Duke Energy Corporation,DUK,^GSPC,USD,NYSE,PRIMARY_DIRECT,Raw Materials & Energy,False,2026-07-13,125.75434112548828,7515.33984375,0.01099771332305055,-0.007927023147980106,0.018924736471030656,0.4011981896750534,0.9652366427116621,-0.32607254909389805,2026-02-28,791,ok,0.00045485019676998553,0.07309641738017002,0.004099177461357351,-0.00012458679583703754,0.011122300118887589,-0.06538609086459188
CMP015,Duke Energy Corporation,DUK,^GSPC,USD,NYSE,PRIMARY_DIRECT,Raw Materials & Energy,False,2026-07-14,125.26861572265624,7543.58984375,-0.003862494117378823,0.0037589783811964317,-0.007621472498575255,0.39578606991015164,0.9726239247655504,-0.3336940215924733,2026-02-28,791,ok,0.00045485019676998553,0.07309641738017002,0.004099177461357351,0.0007296180494449557,-0.0045921121668237785,-0.06997820303141565
CMP015,Duke Energy Corporation,DUK,^GSPC,USD,NYSE,PRIMARY_DIRECT,Raw Materials & Energy,False,2026-07-15,123.2563018798828,7572.39990234375,-0.016063990419026286,0.003819144358387927,-0.019883134777414213,0.3733641758561046,0.9801576602990398,-0.3535771563698875,2026-02-28,791,ok,0.00045485019676998553,0.07309641738017002,0.004099177461357351,0.0007340159668258311,-0.01679800638585212,-0.08677620941726777
CMP015,Duke Energy Corporation,DUK,^GSPC,USD,NYSE,PRIMARY_DIRECT,Raw Materials & Energy,False,2026-07-16,125.01087951660156,7533.77001953125,0.014235196172189601,-0.005101405539945647,0.01933660171213525,0.39291428431527375,0.9700560730408245,-0.33424055465775226,2026-02-28,791,ok,0.00045485019676998553,0.07309641738017002,0.004099177461357351,8.195572819660695e-05,0.014153240443992994,-0.07262296897327478
CMP015,Duke Energy Corporation,DUK,^GSPC,USD,NYSE,PRIMARY_DIRECT,Raw Materials & Energy,False,2026-07-17,123.92047119140624,7457.68994140625,-0.00872250742824765,-0.010098540030789804,0.0013760326025421543,0.38076457912342154,0.9501613829243212,-0.3328645220552101,2026-02-28,791,ok,0.00045485019676998553,0.07309641738017002,0.004099177461357351,-0.000283316900250981,-0.00843919052799667,-0.08106215950127145
CMP015,Duke Energy Corporation,DUK,^GSPC,USD,NYSE,PRIMARY_DIRECT,Raw Materials & Energy,False,2026-07-20,124.75314331054688,7443.27978515625,0.0067194073032090795,-0.0019322546744660052,0.008651661977675085,0.39004249872039587,0.9463931744762026,-0.324212860077535,2026-02-28,791,ok,0.00045485019676998553,0.07309641738017002,0.004099177461357351,0.00031360930260043387,0.006405798000608646,-0.07465636150066281
CMP015,Duke Energy Corporation,DUK,^GSPC,USD,NYSE,PRIMARY_DIRECT,Raw Materials & Energy,False,2026-07-21,124.81262969970705,7509.2001953125,0.00047683278818944075,0.008856366018608064,-0.008379533230418623,0.39070531656076257,0.9636311448454844,-0.33259239330795365,2026-02-28,791,ok,0.00045485019676998553,0.07309641738017002,0.004099177461357351,0.001102218823737715,-0.0006253860355482743,-0.07528174753621109
CMP015,Duke Energy Corporation,DUK,^GSPC,USD,NYSE,PRIMARY_DIRECT,Raw Materials & Energy,False,2026-07-22,126.8348388671875,7498.9599609375,0.01620195946793035,-0.0013636917526039793,0.01756565122053433,0.4132374677315154,0.9609533572481024,-0.3150267420874193,2026-02-28,791,ok,0.00045485019676998553,0.07309641738017002,0.004099177461357351,0.0003551692152437495,0.0158467902526866,-0.059434957283524485
CMP015,Duke Energy Corporation,DUK,^GSPC,USD,NYSE,PRIMARY_DIRECT,Raw Materials & Energy,False,2026-07-23,128.1334228515625,7408.2998046875,0.010238385572711506,-0.012089697334330851,0.022328082907042357,0.427706737831953,0.937246024672233,-0.29269865918037696,2026-02-28,791,ok,0.00045485019676998553,0.07309641738017002,0.004099177461357351,-0.00042886336558019126,0.010667248938291697,-0.04876770834523279
CMP015,Duke Energy Corporation,DUK,^GSPC,USD,NYSE,PRIMARY_DIRECT,Raw Materials & Energy,False,2026-07-24,129.3824462890625,7411.97998046875,0.009747834793634835,0.0004967638835191579,0.009251070910115677,0.4416237872460982,0.9382083785307811,-0.2834475882702613,2026-02-28,791,ok,0.00045485019676998553,0.07309641738017002,0.004099177461357351,0.000491161856939096,0.009256672936695739,-0.03951103540853705
CMP015,Duke Energy Corporation,DUK,^GSPC,USD,NYSE,PRIMARY_DIRECT,Raw Materials & Energy,False,2026-07-27,127.7071762084961,7413.18017578125,-0.012948202237756168,0.0001619264104413265,-0.013110128648197494,0.42295735089807573,0.9385222256562038,-0.2965577169184588,2026-02-28,791,ok,0.00045485019676998553,0.07309641738017002,0.004099177461357351,0.00046668643725247745,-0.013414888675008646,-0.0529259240835457
CMP015,Duke Energy Corporation,DUK,^GSPC,USD,NYSE,PRIMARY_DIRECT,Raw Materials & Energy,False,2026-07-28,128.1136016845703,7428.77978515625,0.0031824795453208043,0.002104307328987254,0.0010781722163335505,0.4274858835611728,0.9426014721830569,-0.29547954470212523,2026-02-28,791,ok,0.00045485019676998553,0.07309641738017002,0.004099177461357351,0.0006086675235857886,0.0025738120217350157,-0.05035211206181068
CMP015,Duke Energy Corporation,DUK,^GSPC,USD,NYSE,PRIMARY_DIRECT,Raw Materials & Energy,False,2026-07-29,127.95499420166016,7316.14990234375,-0.0012380221992405183,-0.015161289750108109,0.01392326755086759,0.4257186243482216,0.913149128394303,-0.28155627715125764,2026-02-28,791,ok,0.00045485019676998553,0.07309641738017002,0.004099177461357351,-0.0006533857668256103,-0.000584636432414908,-0.05093674849422559
CMP015,Duke Energy Corporation,DUK,^GSPC,USD,NYSE,PRIMARY_DIRECT,Raw Materials & Energy,False,2026-07-30,125.1694793701172,7437.6298828125,-0.0217694889435337,0.016604359135647728,-0.03837384807918143,0.3946814585188829,0.9449157436022133,-0.31993012523043907,2026-02-28,791,ok,0.00045485019676998553,0.07309641738017002,0.004099177461357351,0.0016685693624795312,-0.02343805830601323,-0.07437480680023882
CMP015,Duke Energy Corporation,DUK,^GSPC,USD,NYSE,PRIMARY_DIRECT,Raw Materials & Energy,False,2026-07-31,124.33680725097656,7489.72021484375,-0.006652357454315916,0.00700361981598796,-0.013655977270303876,0.3854035389219086,0.9585371940445326,-0.33358610250074294,2026-02-28,791,ok,0.00045485019676998553,0.07309641738017002,0.004099177461357351,0.0009667897140114711,-0.0076191471683273865,-0.08199395396856621
CMP015,Duke Energy Corporation,DUK,^GSPC,USD,NYSE,PRIMARY_DIRECT,Raw Materials & Energy,False,2026-08-03,123.19683074951172,7600.5,-0.009168455638110307,0.01479091100582064,-0.023959366643930946,0.37270152803442214,0.987505743383235,-0.3575454691446739,2026-02-28,791,ok,0.00045485019676998553,0.07309641738017002,0.004099177461357351,0.0015360128010844013,-0.010704468439194708,-0.09269842240776091
CMP015,Duke Energy Corporation,DUK,^GSPC,USD,NYSE,PRIMARY_DIRECT,Raw Materials & Energy,False,2026-08-04,123.1869125366211,7736.52001953125,-8.05070457599033e-05,0.01789619360979544,-0.017976700655555344,0.3725910158896899,1.0230745309674019,-0.37552216980022923,2026-02-28,791,ok,0.00045485019676998553,0.07309641738017002,0.004099177461357351,0.0017629978343879247,-0.001843504880147828,-0.09454192728790874
CMP015,Duke Energy Corporation,DUK,^GSPC,USD,NYSE,PRIMARY_DIRECT,Raw Materials & Energy,False,2026-08-05,122.2650146484375,7723.5498046875,-0.007483732396568743,-0.0016764921193257454,-0.005807240277242998,0.3623189120368371,1.0196828624594265,-0.38132941007747223,2026-02-28,791,ok,0.00045485019676998553,0.07309641738017002,0.004099177461357351,0.00033230462908118505,-0.007816037025649928,-0.10235796431355866
CMP015,Duke Energy Corporation,DUK,^GSPC,USD,NYSE,PRIMARY_DIRECT,Raw Materials & Energy,False,2026-08-06,122.82014465332033,7709.9599609375,0.004540383088973199,-0.0017595333873230423,0.006299916476296241,0.36850436178683754,1.0161291630311249,-0.375029493601176,2026-02-28,791,ok,0.00045485019676998553,0.07309641738017002,0.004099177461357351,0.0003262346098958761,0.004214148479077323,-0.09814381583448134
CMP015,Duke Energy Corporation,DUK,^GSPC,USD,NYSE,PRIMARY_DIRECT,Raw Materials & Energy,False,2026-08-07,123.76185607910156,7757.64013671875,0.007667402024638337,0.006184231308959065,0.0014831707156792717,0.37899723490112835,1.0285973721240476,-0.3735463228854967,2026-02-28,791,ok,0.00045485019676998553,0.07309641738017002,0.004099177461357351,0.0009068953497051725,0.006760506674933164,-0.09138330915954818
CMP015,Duke Energy Corporation,DUK,^GSPC,USD,NYSE,PRIMARY_DIRECT,Raw Materials & Energy,False,2026-08-10,120.1337661743164,7753.10986328125,-0.029315089638493164,-0.0005839757139619595,-0.028731113924531204,0.3385718073487676,1.0274127205253198,-0.4022774368100279,2026-02-28,791,ok,0.00045485019676998553,0.07309641738017002,0.004099177461357351,0.00041216366424233936,-0.029727253302735502,-0.12111056246228367
CMP015,Duke Energy Corporation,DUK,^GSPC,USD,NYSE,PRIMARY_DIRECT,Raw Materials & Energy,False,2026-08-11,122.1163330078125,7728.2001953125,0.016502994092596257,-0.003212861472107087,0.019715855564703344,0.36066224997796015,1.0208989243074842,-0.3825615812453246,2026-02-28,791,ok,0.00045485019676998553,0.07309641738017002,0.004099177461357351,0.00022000153362017842,0.01628299255897608,-0.10482756990330759
CMP015,Duke Energy Corporation,DUK,^GSPC,USD,NYSE,PRIMARY_DIRECT,Raw Materials & Energy,False,2026-08-12,122.41371154785156,7748.5,0.00243520692698862,0.0026267182752088836,-0.0001915113482202635,0.3639757441143985,1.0262072564443128,-0.38275309259354484,2026-02-28,791,ok,0.00045485019676998553,0.07309641738017002,0.004099177461357351,0.0006468538921547744,0.0017883530348338458,-0.10303921686847374
CMP015,Duke Energy Corporation,DUK,^GSPC,USD,NYSE,PRIMARY_DIRECT,Raw Materials & Energy,False,2026-08-13,123.40499877929688,7798.990234375,0.00809784475048625,0.0065161301380911585,0.001581714612395091,0.3750210079336658,1.0394102866140487,-0.38117137798114975,2026-02-28,791,ok,0.00045485019676998553,0.07309641738017002,0.004099177461357351,0.0009311559650474017,0.007166688785438848,-0.0958725280830349
CMP015,Duke Energy Corporation,DUK,^GSPC,USD,NYSE,PRIMARY_DIRECT,Raw Materials & Energy,False,2026-08-14,123.91999816894533,7785.759765625,0.0041732457740184525,-0.0016964335577297485,0.005869679331748201,0.3807593085442116,1.0359505625658572,-0.37530169864940155,2026-02-28,791,ok,0.00045485019676998553,0.07309641738017002,0.004099177461357351,0.0003308469813764451,0.0038423987926420075,-0.09203012929039289
CMP015,Duke Energy Corporation,DUK,^GSPC,USD,NYSE,PRIMARY_DIRECT,Raw Materials & Energy,False,2026-08-17,123.58000183105467,7745.06005859375,-0.002743676104861814,-0.005227454770816764,0.00248377866595495,0.3769709522227933,1.0253077230844254,-0.3728179199834466,2026-02-28,791,ok,0.00045485019676998553,0.07309641738017002,0.004099177461357351,7.274198100640233e-05,-0.0028164180858682164,-0.09484654737626111
CMP015,Duke Energy Corporation,DUK,^GSPC,USD,NYSE,PRIMARY_DIRECT,Raw Materials & Energy,False,2026-08-18,123.98999786376952,7691.759765625,0.003317656794303625,-0.006881843725615733,0.010199500519919358,0.381539269257994,1.0113698718378759,-0.36261841946352724,2026-02-28,791,ok,0.00045485019676998553,0.07309641738017002,0.004099177461357351,-4.818792454272633e-05,0.003365844718846351,-0.09148070265741476
CMP015,Duke Energy Corporation,DUK,^GSPC,USD,NYSE,PRIMARY_DIRECT,Raw Materials & Energy,False,2026-08-19,123.5999984741211,7707.97998046875,-0.0031454100844241495,0.002108778138942835,-0.0052541882233669845,0.377193761708442,1.0156114046529359,-0.3678726076868942,2026-02-28,791,ok,0.00045485019676998553,0.07309641738017002,0.004099177461357351,0.0006089943237763292,-0.003754404408200479,-0.09523510706561523
CMP015,Duke Energy Corporation,DUK,^GSPC,USD,NYSE,PRIMARY_DIRECT,Raw Materials & Energy,False,2026-08-20,122.69000244140624,7641.16015625,-0.0073624275400406836,-0.008668915122777232,0.0013064875827365485,0.3670542724292676,0.9981382404654977,-0.3665661201041577,2026-02-28,791,ok,0.00045485019676998553,0.07309641738017002,0.004099177461357351,-0.00017881644127780687,-0.007183611098762877,-0.10241871816437811
CMP015,Duke Energy Corporation,DUK,^GSPC,USD,NYSE,PRIMARY_DIRECT,Raw Materials & Energy,False,2026-08-21,119.8499984741211,7674.3701171875,-0.023147802679696405,0.004346193543703691,-0.027493996223400097,0.335409969878639,1.0068225359856364,-0.3940601163275578,2026-02-28,791,ok,0.00045485019676998553,0.07309641738017002,0.004099177461357351,0.0007725413740555507,-0.023920344053751957,-0.12633906221813007
CMP015,Duke Energy Corporation,DUK,^GSPC,USD,NYSE,PRIMARY_DIRECT,Raw Materials & Energy,False,2026-08-24,121.97000122070312,7652.85986328125,0.01768880078075097,-0.0028028689752760405,0.02049166975602701,0.359031770796451,1.0011976753606375,-0.37356844657153077,2026-02-28,791,ok,0.00045485019676998553,0.07309641738017002,0.004099177461357351,0.00024997051629127863,0.01743883026445969,-0.10890023195367038
CMP015,Duke Energy Corporation,DUK,^GSPC,USD,NYSE,PRIMARY_DIRECT,Raw Materials & Energy,False,2026-08-25,121.58999633789062,7677.27978515625,-0.0031155602116038628,0.003190953749482306,-0.006306513961086169,0.354797625485052,1.0075834045862848,-0.37987496053261693,2026-02-28,791,ok,0.00045485019676998553,0.07309641738017002,0.004099177461357351,0.0006880974838829627,-0.0038036576954868255,-0.1127038896491572
CMP015,Duke Energy Corporation,DUK,^GSPC,USD,NYSE,PRIMARY_DIRECT,Raw Materials & Energy,False,2026-08-26,121.88999938964844,7675.7001953125,0.002467333339859046,-0.00020574863596922732,0.002673081975828273,0.35814036283517314,1.0071703470391968,-0.37720187855678866,2026-02-28,791,ok,0.00045485019676998553,0.07309641738017002,0.004099177461357351,0.00043981070859977825,0.0020275226312592674,-0.11067636701789793
CMP015,Duke Energy Corporation,DUK,^GSPC,USD,NYSE,PRIMARY_DIRECT,Raw Materials & Energy,False,2026-08-27,120.83999633789062,7730.990234375,-0.00861434947096229,0.0072032567265023495,-0.01581760619746464,0.3464408671190915,1.021628510342743,-0.3930194847542533,2026-02-28,791,ok,0.00045485019676998553,0.07309641738017002,0.004099177461357351,0.0009813824569469185,-0.00959573192790921,-0.12027209894580713
CMP015,Duke Energy Corporation,DUK,^GSPC,USD,NYSE,PRIMARY_DIRECT,Raw Materials & Energy,False,2026-08-28,120.25,7711.759765625,-0.004882459084497914,-0.0024874522107780628,-0.0023950068737198515,0.3398669246756867,1.0165998060353187,-0.39541449162797315,2026-02-28,791,ok,0.00045485019676998553,0.07309641738017002,0.004099177461357351,0.0002730263517577256,-0.00515548543625564,-0.12542758438206278
CMP015,Duke Energy Corporation,DUK,^GSPC,USD,NYSE,PRIMARY_DIRECT,Raw Materials & Energy,False,2026-08-31,119.91000366210938,7686.14013671875,-0.002827412373310856,-0.0033221508040809367,0.0004947384307700808,0.33607856835426864,1.0099003573681888,-0.39491975319720307,2026-02-28,791,ok,0.00045485019676998553,0.07309641738017002,0.004099177461357351,0.00021201287499501796,-0.003039425248305874,-0.12846700963036864
CMP015,Duke Energy Corporation,DUK,^GSPC,USD,NYSE,PRIMARY_DIRECT,Raw Materials & Energy,False,2026-09-01,120.38999938964844,7631.47021484375,0.004002966498872107,-0.007112792754561781,0.011115759253433888,0.3414268461032517,0.9956043526689093,-0.3838039939437692,2026-02-28,791,ok,0.00045485019676998553,0.07309641738017002,0.004099177461357351,-6.506947115611159e-05,0.004068035970028219,-0.12439897366034042
CMP015,Duke Energy Corporation,DUK,^GSPC,USD,NYSE,PRIMARY_DIRECT,Raw Materials & Energy,False,2026-09-02,120.55999755859376,7666.60009765625,0.0014120622128679372,0.004603291610071336,-0.003191229397203399,0.3433210242639606,1.0047907014425719,-0.3869952233409726,2026-02-28,791,ok,0.00045485019676998553,0.07309641738017002,0.004099177461357351,0.0007913343216223948,0.0006207278912455424,-0.12377824576909488
