company_id,company_name,market_data_ticker,benchmark_ticker,trade_currency,primary_listing_exchange,analysis_tier,role_category,is_confirmatory,Date,company_price,benchmark_price,company_return,benchmark_return,abnormal_return,company_cumulative_return,benchmark_cumulative_return,cumulative_abnormal_return,ols_event_date,ols_estimation_window_observations,ols_status,ols_alpha,ols_beta,ols_r_squared,market_model_expected_return,market_model_abnormal_return,market_model_cumulative_abnormal_return
CMP018,Equinor ASA,EQNR.OL,OBX.OL,NOK,Oslo Børs,PRIMARY_DIRECT,Raw Materials & Energy,False,2023-01-02,272.13385009765625,1097.780029296875,0.0,0.0,0.0,0.0,0.0,0.0,2026-02-28,790,ok,-0.0008260834163516127,1.4688154504978062,0.5103016241030873,-0.0008260834163516127,0.0008260834163516127,0.0008260834163516127
CMP018,Equinor ASA,EQNR.OL,OBX.OL,NOK,Oslo Børs,PRIMARY_DIRECT,Raw Materials & Energy,False,2023-01-03,256.93194580078125,1082.949951171875,-0.055861864635434855,-0.013509152771251087,-0.04235271186418377,-0.055861864635434855,-0.013509152771251087,-0.04235271186418377,2026-02-28,790,ok,-0.0008260834163516127,1.4688154504978062,0.5103016241030873,-0.020668535729900465,-0.03519332890553439,-0.03436724548918278
CMP018,Equinor ASA,EQNR.OL,OBX.OL,NOK,Oslo Børs,PRIMARY_DIRECT,Raw Materials & Energy,False,2023-01-04,244.3855438232422,1065.8399658203125,-0.04883161546313608,-0.015799423909708454,-0.033032191553427626,-0.10196565500563959,-0.029095139849665497,-0.07538490341761139,2026-02-28,790,ok,-0.0008260834163516127,1.4688154504978062,0.5103016241030873,-0.024032521363895845,-0.024799094099240235,-0.05916633958842302
CMP018,Equinor ASA,EQNR.OL,OBX.OL,NOK,Oslo Børs,PRIMARY_DIRECT,Raw Materials & Energy,False,2023-01-05,246.001953125,1077.219970703125,0.006614177240070074,0.010677029617719436,-0.004062852377649362,-0.09602589668017669,-0.018728759901852632,-0.07944775579526075,2026-02-28,790,ok,-0.0008260834163516127,1.4688154504978062,0.5103016241030873,0.014856502651577378,-0.008242325411507304,-0.06740866499993033
CMP018,Equinor ASA,EQNR.OL,OBX.OL,NOK,Oslo Børs,PRIMARY_DIRECT,Raw Materials & Energy,False,2023-01-06,247.5029296875,1088.7099609375,0.006101482298952687,0.01066633607514289,-0.004564853776190203,-0.09051031469005921,-0.008262191074093539,-0.08401260957145096,2026-02-28,790,ok,-0.0008260834163516127,1.4688154504978062,0.5103016241030873,0.014840795811020392,-0.008739313512067705,-0.07614797851199803
CMP018,Equinor ASA,EQNR.OL,OBX.OL,NOK,Oslo Børs,PRIMARY_DIRECT,Raw Materials & Energy,False,2023-01-09,240.98048400878903,1095.1700439453125,-0.026353003929877827,0.005933704328607181,-0.03228670825848501,-0.11447809994121538,-0.002377512144426497,-0.11629931782993597,2026-02-28,790,ok,-0.0008260834163516127,1.4688154504978062,0.5103016241030873,0.007889433180192326,-0.034242437110070155,-0.1103904156220682
CMP018,Equinor ASA,EQNR.OL,OBX.OL,NOK,Oslo Børs,PRIMARY_DIRECT,Raw Materials & Energy,False,2023-01-10,238.58767700195312,1085.1099853515625,-0.009929463859607135,-0.009185841641092596,-0.0007436222185145391,-0.12327085764473977,-0.011541514335460579,-0.1170429400484505,2026-02-28,790,ok,-0.0008260834163516127,1.4688154504978062,0.5103016241030873,-0.014318389544614542,0.004388925685007407,-0.1060014899370608
CMP018,Equinor ASA,EQNR.OL,OBX.OL,NOK,Oslo Børs,PRIMARY_DIRECT,Raw Materials & Energy,False,2023-01-11,234.3037567138672,1081.0799560546875,-0.017955329218662275,-0.0037139362380572694,-0.014241392980605005,-0.13901281803132393,-0.015212586125185279,-0.1312843330290555,2026-02-28,790,ok,-0.0008260834163516127,1.4688154504978062,0.5103016241030873,-0.006281170344973828,-0.011674158873688447,-0.11767564881074924
CMP018,Equinor ASA,EQNR.OL,OBX.OL,NOK,Oslo Børs,PRIMARY_DIRECT,Raw Materials & Energy,False,2023-01-12,239.1280212402344,1093.8699951171875,0.02058978735137673,0.011830798444526058,0.008758988906850673,-0.12128527504232778,-0.003561764720926286,-0.12252534412220484,2026-02-28,790,ok,-0.0008260834163516127,1.4688154504978062,0.5103016241030873,0.016551176130693675,0.004038611220683056,-0.11363703759006619
CMP018,Equinor ASA,EQNR.OL,OBX.OL,NOK,Oslo Børs,PRIMARY_DIRECT,Raw Materials & Energy,False,2023-01-13,238.1631317138672,1088.199951171875,-0.004035033290380685,-0.005183471500838643,0.0011484382104579582,-0.1248309182102797,-0.008726773915841313,-0.12137690591174688,2026-02-28,790,ok,-0.0008260834163516127,1.4688154504978062,0.5103016241030873,-0.008439646443998463,0.004404613153617778,-0.10923242443644841
CMP018,Equinor ASA,EQNR.OL,OBX.OL,NOK,Oslo Børs,PRIMARY_DIRECT,Raw Materials & Energy,False,2023-01-16,233.99501037597656,1081.300048828125,-0.017501119119051056,-0.006340656729785343,-0.011160462389265713,-0.1401473565599921,-0.015012097167867888,-0.1325373683010126,2026-02-28,790,ok,-0.0008260834163516127,1.4688154504978062,0.5103016241030873,-0.010139337987363219,-0.007361781131687837,-0.11659420556813625
CMP018,Equinor ASA,EQNR.OL,OBX.OL,NOK,Oslo Børs,PRIMARY_DIRECT,Raw Materials & Energy,False,2023-01-17,238.27896118164065,1090.739990234375,0.018307872457539842,0.008730177545520856,0.009577694912018986,-0.124405284031614,-0.006412977895953076,-0.1229596733889936,2026-02-28,790,ok,-0.0008260834163516127,1.4688154504978062,0.5103016241030873,0.011996936248098436,0.0063109362094414066,-0.11028326935869484
CMP018,Equinor ASA,EQNR.OL,OBX.OL,NOK,Oslo Børs,PRIMARY_DIRECT,Raw Materials & Energy,False,2023-01-18,238.9736785888672,1093.7099609375,0.002915563353899975,0.002722895217664778,0.00019266813623519674,-0.12185243216486807,-0.003707544545132224,-0.12276700525275841,2026-02-28,790,ok,-0.0008260834163516127,1.4688154504978062,0.5103016241030873,0.0031733471494410003,-0.00025778379554102556,-0.11054105315423586
CMP018,Equinor ASA,EQNR.OL,OBX.OL,NOK,Oslo Børs,PRIMARY_DIRECT,Raw Materials & Energy,False,2023-01-19,234.18795776367188,1077.550048828125,-0.020026142014697434,-0.014775317667878873,-0.005250824346818561,-0.13943834006819555,-0.018428082064588902,-0.12801782959957697,2026-02-28,790,ok,-0.0008260834163516127,1.4688154504978062,0.5103016241030873,-0.022528298292945313,0.002502156278247878,-0.10803889687598799
CMP018,Equinor ASA,EQNR.OL,OBX.OL,NOK,Oslo Børs,PRIMARY_DIRECT,Raw Materials & Energy,False,2023-01-20,236.7351837158203,1082.81005859375,0.010876844294098742,0.004881452858125135,0.005995391435973607,-0.13007814488764613,-0.013636585020327718,-0.12202243816360336,2026-02-28,790,ok,-0.0008260834163516127,1.4688154504978062,0.5103016241030873,0.00634386996253926,0.004532974331559482,-0.1035059225444285
CMP018,Equinor ASA,EQNR.OL,OBX.OL,NOK,Oslo Børs,PRIMARY_DIRECT,Raw Materials & Energy,False,2023-01-23,237.89303588867188,1092.6099853515625,0.004890917161858965,0.009050457815786839,-0.004159540653927873,-0.12582342915700095,-0.004709544542018773,-0.12618197881753124,2026-02-28,790,ok,-0.0008260834163516127,1.4688154504978062,0.5103016241030873,0.012467368857554723,-0.007576451695695758,-0.11108237424012427
CMP018,Equinor ASA,EQNR.OL,OBX.OL,NOK,Oslo Børs,PRIMARY_DIRECT,Raw Materials & Energy,False,2023-01-24,232.25830078125,1084.5899658203125,-0.02368600277167754,-0.007340240011324273,-0.016345762760353266,-0.14652917783692376,-0.01201521536606065,-0.1425277415778845,2026-02-28,790,ok,-0.0008260834163516127,1.4688154504978062,0.5103016241030873,-0.011607541355346897,-0.012078461416330642,-0.12316083565645491
CMP018,Equinor ASA,EQNR.OL,OBX.OL,NOK,Oslo Børs,PRIMARY_DIRECT,Raw Materials & Energy,False,2023-01-25,227.1638946533203,1075.530029296875,-0.02193422629371511,-0.008353328731549814,-0.013580897562165295,-0.16524939998533172,-0.0202681770538774,-0.1561086391400498,2026-02-28,790,ok,-0.0008260834163516127,1.4688154504978062,0.5103016241030873,-0.01309558172033922,-0.008838644573375888,-0.1319994802298308
CMP018,Equinor ASA,EQNR.OL,OBX.OL,NOK,Oslo Børs,PRIMARY_DIRECT,Raw Materials & Energy,False,2023-01-26,227.47267150878903,1077.0899658203125,0.0013592690684405273,0.0014503886278818268,-9.111955944129946e-05,-0.16411474931486958,-0.018847185159502455,-0.1561997586994911,2026-02-28,790,ok,-0.0008260834163516127,1.4688154504978062,0.5103016241030873,0.0013042698095075275,5.4999258932999845e-05,-0.1319444809708978
CMP018,Equinor ASA,EQNR.OL,OBX.OL,NOK,Oslo Børs,PRIMARY_DIRECT,Raw Materials & Energy,False,2023-01-27,234.3037567138672,1094.280029296875,0.03003035555774103,0.015959728548274654,0.014070627009466374,-0.1390128180313236,-0.003188252570272554,-0.14212913169002472,2026-02-28,790,ok,-0.0008260834163516127,1.4688154504978062,0.5103016241030873,0.022615812461105122,0.007414543096635907,-0.1245299378742619
CMP018,Equinor ASA,EQNR.OL,OBX.OL,NOK,Oslo Børs,PRIMARY_DIRECT,Raw Materials & Energy,False,2023-01-30,231.1004943847656,1088.949951171875,-0.013671408320667378,-0.004870853878622627,-0.00880055444204475,-0.15078372535487816,-0.008043576936497265,-0.15092968613206947,2026-02-28,790,ok,-0.0008260834163516127,1.4688154504978062,0.5103016241030873,-0.007980468850389694,-0.005690939470277684,-0.13022087734453958
CMP018,Equinor ASA,EQNR.OL,OBX.OL,NOK,Oslo Børs,PRIMARY_DIRECT,Raw Materials & Energy,False,2023-01-31,234.1107177734375,1089.8699951171875,0.013025603414158482,0.0008448909376619351,0.012180712476496547,-0.1397221709485017,-0.0072054819440953155,-0.13874897365557293,2026-02-28,790,ok,-0.0008260834163516127,1.4688154504978062,0.5103016241030873,0.0004149054468718164,0.012610697967286666,-0.1176101793772529
CMP018,Equinor ASA,EQNR.OL,OBX.OL,NOK,Oslo Børs,PRIMARY_DIRECT,Raw Materials & Energy,False,2023-02-01,235.2686004638672,1098.5799560546875,0.0049458764700820446,0.007991743030381748,-0.0030458665602997037,-0.13546734307606267,0.000728676726179156,-0.14179484021587263,2026-02-28,790,ok,-0.0008260834163516127,1.4688154504978062,0.5103016241030873,0.010912312223081257,-0.005966435752999212,-0.12357661513025212
CMP018,Equinor ASA,EQNR.OL,OBX.OL,NOK,Oslo Børs,PRIMARY_DIRECT,Raw Materials & Energy,False,2023-02-02,226.66217041015625,1087.6800537109375,-0.03658129489758544,-0.009921810682669507,-0.02665948421491593,-0.1670930671475903,-0.009200363749016338,-0.16845432443078856,2026-02-28,790,ok,-0.0008260834163516127,1.4688154504978062,0.5103016241030873,-0.01539939224397077,-0.021181902653614665,-0.14475851778386678
CMP018,Equinor ASA,EQNR.OL,OBX.OL,NOK,Oslo Børs,PRIMARY_DIRECT,Raw Materials & Energy,False,2023-02-03,231.4478302001953,1099.510009765625,0.02111362377488568,0.01087631975444081,0.01023730402044487,-0.14950738352785053,0.001575889907432959,-0.1582170204103437,2026-02-28,790,ok,-0.0008260834163516127,1.4688154504978062,0.5103016241030873,0.015149223083525556,0.005964400691360125,-0.13879411709250666
CMP018,Equinor ASA,EQNR.OL,OBX.OL,NOK,Oslo Børs,PRIMARY_DIRECT,Raw Materials & Energy,False,2023-02-06,227.3182830810547,1090.739990234375,-0.0178422373438053,-0.00797629803581279,-0.00986593930799251,-0.16468207465010065,-0.006412977895953187,-0.1680829597183362,2026-02-28,790,ok,-0.0008260834163516127,1.4688154504978062,0.5103016241030873,-0.012541793209128743,-0.005300444134676558,-0.14409456122718323
CMP018,Equinor ASA,EQNR.OL,OBX.OL,NOK,Oslo Børs,PRIMARY_DIRECT,Raw Materials & Energy,False,2023-02-07,231.1390380859375,1095.8399658203125,0.01680795294200088,0.0046757023961701005,0.01213225054583078,-0.15064209026920972,-0.0017672606758978304,-0.15595070917250542,2026-02-28,790,ok,-0.0008260834163516127,1.4688154504978062,0.5103016241030873,0.006041660505072645,0.010766292436928237,-0.133328268790255
CMP018,Equinor ASA,EQNR.OL,OBX.OL,NOK,Oslo Børs,PRIMARY_DIRECT,Raw Materials & Energy,False,2023-02-08,246.9625701904297,1125.199951171875,0.06845893378949253,0.026792219911038195,0.04166671387845433,-0.0924959533633678,0.024977610398471572,-0.11428399529405109,2026-02-28,790,ok,-0.0008260834163516127,1.4688154504978062,0.5103016241030873,0.038526743142116245,0.029932190647376282,-0.10339607814287871
CMP018,Equinor ASA,EQNR.OL,OBX.OL,NOK,Oslo Børs,PRIMARY_DIRECT,Raw Materials & Energy,False,2023-02-09,247.5028533935547,1122.9599609375,0.002187712910131978,-0.001990748606096271,0.004178461516228249,-0.09051059504454384,0.02293713764929084,-0.11010553377782284,2026-02-28,790,ok,-0.0008260834163516127,1.4688154504978062,0.5103016241030873,-0.003750125727042786,0.005937838637174764,-0.09745823950570395
CMP018,Equinor ASA,EQNR.OL,OBX.OL,NOK,Oslo Børs,PRIMARY_DIRECT,Raw Materials & Energy,False,2023-02-10,255.7234039306641,1127.31005859375,0.03321396268526211,0.0038737780576061365,0.029340184627655974,-0.06030284788571205,0.026899769087427083,-0.08076534915016687,2026-02-28,790,ok,-0.0008260834163516127,1.4688154504978062,0.5103016241030873,0.004863781646459661,0.02835018103880245,-0.0691080584669015
CMP018,Equinor ASA,EQNR.OL,OBX.OL,NOK,Oslo Børs,PRIMARY_DIRECT,Raw Materials & Energy,False,2023-02-13,254.71994018554688,1124.6199951171875,-0.003924019975071524,-0.00238626760761651,-0.0015377523674550142,-0.06399023828112638,0.024449311432184873,-0.08230310151762188,2026-02-28,790,ok,-0.0008260834163516127,1.4688154504978062,0.5103016241030873,-0.004331070147441179,0.00040705017236965495,-0.06870100829453185
CMP018,Equinor ASA,EQNR.OL,OBX.OL,NOK,Oslo Børs,PRIMARY_DIRECT,Raw Materials & Energy,False,2023-02-14,253.29196166992188,1122.949951171875,-0.005606072750271585,-0.0014849851083595933,-0.004121087641911991,-0.06923757710028677,0.022928019460438875,-0.08642418915953387,2026-02-28,790,ok,-0.0008260834163516127,1.4688154504978062,0.5103016241030873,-0.0030072524872693423,-0.0025988202630022423,-0.0712998285575341
CMP018,Equinor ASA,EQNR.OL,OBX.OL,NOK,Oslo Børs,PRIMARY_DIRECT,Raw Materials & Energy,False,2023-02-15,250.3588714599609,1119.8199462890625,-0.01157987877160993,-0.0027873057739983276,-0.008792572997611603,-0.08001569312263535,0.020076806285412196,-0.09521676215714547,2026-02-28,790,ok,-0.0008260834163516127,1.4688154504978062,0.5103016241030873,-0.004920121202462103,-0.0066597575691478275,-0.07795958612668193
CMP018,Equinor ASA,EQNR.OL,OBX.OL,NOK,Oslo Børs,PRIMARY_DIRECT,Raw Materials & Energy,False,2023-02-16,251.6324462890625,1126.530029296875,0.005086997004239535,0.005992108847541866,-0.0009051118433023309,-0.07533573570960284,0.026189217541527254,-0.0961218740004478,2026-02-28,790,ok,-0.0008260834163516127,1.4688154504978062,0.5103016241030873,0.007975218639982483,-0.0028882216357429477,-0.08084780776242487
CMP018,Equinor ASA,EQNR.OL,OBX.OL,NOK,Oslo Børs,PRIMARY_DIRECT,Raw Materials & Energy,False,2023-02-17,245.4960021972656,1116.219970703125,-0.024386537516499995,-0.00915204950212023,-0.015234488014379766,-0.09788509548088742,0.016797483024045157,-0.11135636201482757,2026-02-28,790,ok,-0.0008260834163516127,1.4688154504978062,0.5103016241030873,-0.01426875512878656,-0.010117782387713435,-0.0909655901501383
CMP018,Equinor ASA,EQNR.OL,OBX.OL,NOK,Oslo Børs,PRIMARY_DIRECT,Raw Materials & Energy,False,2023-02-20,246.84683227539065,1122.6500244140625,0.00550245244743186,0.005760561430277145,-0.0002581089828452843,-0.0929212511166515,0.022654807387156417,-0.11161447099767285,2026-02-28,790,ok,-0.0008260834163516127,1.4688154504978062,0.5103016241030873,0.007635118215981198,-0.0021326657685493376,-0.09309825591868764
CMP018,Equinor ASA,EQNR.OL,OBX.OL,NOK,Oslo Børs,PRIMARY_DIRECT,Raw Materials & Energy,False,2023-02-21,243.18032836914065,1114.3699951171875,-0.014853356117446648,-0.007375432340275934,-0.007477923777170714,-0.10639441480038381,0.01511228604781456,-0.11909239477484357,2026-02-28,790,ok,-0.0008260834163516127,1.4688154504978062,0.5103016241030873,-0.011659232391850098,-0.00319412372559655,-0.09629237964428419
CMP018,Equinor ASA,EQNR.OL,OBX.OL,NOK,Oslo Børs,PRIMARY_DIRECT,Raw Materials & Energy,False,2023-02-22,243.0645904541016,1109.260009765625,-0.0004759345289778727,-0.004585537455201405,0.004109602926223532,-0.10681971255366773,0.01045745063890724,-0.11498279184862004,2026-02-28,790,ok,-0.0008260834163516127,1.4688154504978062,0.5103016241030873,-0.007561391679387828,0.007085457150409955,-0.08920692249387424
CMP018,Equinor ASA,EQNR.OL,OBX.OL,NOK,Oslo Børs,PRIMARY_DIRECT,Raw Materials & Energy,False,2023-02-23,248.4677276611328,1125.699951171875,0.0222292239150792,0.014820638318804535,0.007408585596274664,-0.0869650079474884,0.025433075051367826,-0.10757420625234537,2026-02-28,790,ok,-0.0008260834163516127,1.4688154504978062,0.5103016241030873,0.02094269913254832,0.0012865247825308776,-0.08792039771134336
CMP018,Equinor ASA,EQNR.OL,OBX.OL,NOK,Oslo Børs,PRIMARY_DIRECT,Raw Materials & Energy,False,2023-02-24,248.81509399414065,1118.06005859375,0.0013980340073846964,-0.006786793026127169,0.008184827033511866,-0.08568855397866681,0.018473673008849056,-0.0993893792188335,2026-02-28,790,ok,-0.0008260834163516127,1.4688154504978062,0.5103016241030873,-0.01079462987245796,0.012192663879842656,-0.0757277338315007
CMP018,Equinor ASA,EQNR.OL,OBX.OL,NOK,Oslo Børs,PRIMARY_DIRECT,Raw Materials & Energy,False,2023-02-27,247.8115997314453,1126.2099609375,-0.004033092392373039,0.007289324290862043,-0.011322416683235081,-0.08937605651587499,0.025897657893116044,-0.11071179590206859,2026-02-28,790,ok,-0.0008260834163516127,1.4688154504978062,0.5103016241030873,0.009880588725755519,-0.013913681118128558,-0.08964141494962925
CMP018,Equinor ASA,EQNR.OL,OBX.OL,NOK,Oslo Børs,PRIMARY_DIRECT,Raw Materials & Energy,False,2023-02-28,247.11700439453125,1128.449951171875,-0.0028029169646085483,0.0019889632591336692,-0.0047918802237422176,-0.0919284598154454,0.027938130642296777,-0.1155036761258108,2026-02-28,790,ok,-0.0008260834163516127,1.4688154504978062,0.5103016241030873,0.0020953365491363923,-0.004898253513744941,-0.0945396684633742
CMP018,Equinor ASA,EQNR.OL,OBX.OL,NOK,Oslo Børs,PRIMARY_DIRECT,Raw Materials & Energy,False,2023-03-01,245.57318115234372,1128.93994140625,-0.006247337150958487,0.00043421530025877786,-0.006681552451217265,-0.09760148888416842,0.028384477106341066,-0.12218522857702807,2026-02-28,790,ok,-0.0008260834163516127,1.4688154504978062,0.5103016241030873,-0.0001883012744889758,-0.0060590358764695115,-0.1005987043398437
CMP018,Equinor ASA,EQNR.OL,OBX.OL,NOK,Oslo Børs,PRIMARY_DIRECT,Raw Materials & Energy,False,2023-03-02,250.47462463378903,1139.18994140625,0.019959196922259448,0.009079313809406298,0.01087988311285315,-0.07959033929845383,0.03772150249071182,-0.11130534546417492,2026-02-28,790,ok,-0.0008260834163516127,1.4688154504978062,0.5103016241030873,0.01250975298682245,0.007449443935436997,-0.09314926040440671
CMP018,Equinor ASA,EQNR.OL,OBX.OL,NOK,Oslo Børs,PRIMARY_DIRECT,Raw Materials & Energy,False,2023-03-03,247.5414276123047,1144.2099609375,-0.011710555613259732,0.004406657176987627,-0.01611721279024736,-0.09036884781708077,0.042294385397376955,-0.12742255825442228,2026-02-28,790,ok,-0.0008260834163516127,1.4688154504978062,0.5103016241030873,0.00564648273025486,-0.01735703834351459,-0.11050629874792131
CMP018,Equinor ASA,EQNR.OL,OBX.OL,NOK,Oslo Børs,PRIMARY_DIRECT,Raw Materials & Energy,False,2023-03-06,247.34857177734372,1146.3299560546875,-0.0007790850881858047,0.0018528025358655054,-0.00263188762405131,-0.09107752788349577,0.044225551077759606,-0.1300544458784736,2026-02-28,790,ok,-0.0008260834163516127,1.4688154504978062,0.5103016241030873,0.001895341575049157,-0.0026744266632349615,-0.11318072541115627
CMP018,Equinor ASA,EQNR.OL,OBX.OL,NOK,Oslo Børs,PRIMARY_DIRECT,Raw Materials & Energy,False,2023-03-07,247.7344665527344,1136.4100341796875,0.001560125343024188,-0.008653635737777665,0.010213761080801853,-0.08965949489990266,0.03518920353065247,-0.11984068479767174,2026-02-28,790,ok,-0.0008260834163516127,1.4688154504978062,0.5103016241030873,-0.013536677290979428,0.015096802634003616,-0.09808392277715265
CMP018,Equinor ASA,EQNR.OL,OBX.OL,NOK,Oslo Børs,PRIMARY_DIRECT,Raw Materials & Energy,False,2023-03-08,247.2327117919922,1134.1500244140625,-0.002025373246299589,-0.0019887273938551386,-3.664585244445018e-05,-0.09150327420395521,0.03313049440376803,-0.11987733065011619,2026-02-28,790,ok,-0.0008260834163516127,1.4688154504978062,0.5103016241030873,-0.003747156939274276,0.0017217836929746873,-0.09636213908417797
CMP018,Equinor ASA,EQNR.OL,OBX.OL,NOK,Oslo Børs,PRIMARY_DIRECT,Raw Materials & Energy,False,2023-03-09,241.3664703369141,1123.93994140625,-0.023727610365790186,-0.009002409547261947,-0.014725200818528239,-0.11305973053223983,0.023829830577380084,-0.13460253146864443,2026-02-28,790,ok,-0.0008260834163516127,1.4688154504978062,0.5103016241030873,-0.01404896165107892,-0.009678648714711266,-0.10604078779888923
CMP018,Equinor ASA,EQNR.OL,OBX.OL,NOK,Oslo Børs,PRIMARY_DIRECT,Raw Materials & Energy,False,2023-03-10,244.0294342041016,1113.199951171875,0.011032865764123656,-0.00955566204092484,0.020588527805048495,-0.10327423759840637,0.014046458728965261,-0.11401400366359593,2026-02-28,790,ok,-0.0008260834163516127,1.4688154504978062,0.5103016241030873,-0.014861587461797417,0.02589445322592107,-0.08014633457296816
CMP018,Equinor ASA,EQNR.OL,OBX.OL,NOK,Oslo Børs,PRIMARY_DIRECT,Raw Materials & Energy,False,2023-03-13,238.35614013671875,1084.7099609375,-0.02324840069349099,-0.025592877725500562,0.002344477032009573,-0.12412167743489477,-0.011905908297262013,-0.11166952663158636,2026-02-28,790,ok,-0.0008260834163516127,1.4688154504978062,0.5103016241030873,-0.038417297642267985,0.015168896948776996,-0.06497743762419117
CMP018,Equinor ASA,EQNR.OL,OBX.OL,NOK,Oslo Børs,PRIMARY_DIRECT,Raw Materials & Energy,False,2023-03-14,237.15972900390625,1098.5899658203125,-0.005019426527574478,0.012796051831971855,-0.017815478359546333,-0.12851808432210554,0.0007377949150313423,-0.1294850049911327,2026-02-28,790,ok,-0.0008260834163516127,1.4688154504978062,0.5103016241030873,0.017968955219819407,-0.022988381747393885,-0.08796581937158506
CMP018,Equinor ASA,EQNR.OL,OBX.OL,NOK,Oslo Børs,PRIMARY_DIRECT,Raw Materials & Energy,False,2023-03-15,225.19558715820312,1056.18994140625,-0.050447611388129365,-0.03859494964748067,-0.011852661740648696,-0.17248226533600652,-0.03788562989004518,-0.1413376667317814,2026-02-28,790,ok,-0.0008260834163516127,1.4688154504978062,0.5103016241030873,-0.05751494176975608,0.007067330381626713,-0.08089848898995834
CMP018,Equinor ASA,EQNR.OL,OBX.OL,NOK,Oslo Børs,PRIMARY_DIRECT,Raw Materials & Energy,False,2023-03-16,222.53257751464844,1054.8499755859375,-0.011825318946786845,-0.0012686788311280228,-0.010556640115658822,-0.18226792648253076,-0.03910624402452778,-0.1518943068474402,2026-02-28,790,ok,-0.0008260834163516127,1.4688154504978062,0.5103016241030873,-0.0026895384852319497,-0.009135780461554895,-0.09003426945151324
CMP018,Equinor ASA,EQNR.OL,OBX.OL,NOK,Oslo Børs,PRIMARY_DIRECT,Raw Materials & Energy,False,2023-03-17,224.03778076171875,1049.1500244140625,0.006763968062030168,-0.0054035657238450385,0.012167533785875206,-0.17673681285396092,-0.044298496588573544,-0.139726773061565,2026-02-28,790,ok,-0.0008260834163516127,1.4688154504978062,0.5103016241030873,-0.008762924239315567,0.015526892301345735,-0.0745073771501675
CMP018,Equinor ASA,EQNR.OL,OBX.OL,NOK,Oslo Børs,PRIMARY_DIRECT,Raw Materials & Energy,False,2023-03-20,225.1184234619141,1060.760009765625,0.004823484220032981,0.011066086909778727,-0.0062426026897457465,-0.17276581586182793,-0.03372262069201648,-0.14596937575131075,2026-02-28,790,ok,-0.0008260834163516127,1.4688154504978062,0.5103016241030873,0.015427956013282904,-0.010604471793249923,-0.08511184894341743
CMP018,Equinor ASA,EQNR.OL,OBX.OL,NOK,Oslo Børs,PRIMARY_DIRECT,Raw Materials & Energy,False,2023-03-21,225.92889404296875,1070.719970703125,0.003600196592491667,0.009389457413369717,-0.0057892608208780505,-0.16978761017090105,-0.024649800389501708,-0.1517586365721888,2026-02-28,790,ok,-0.0008260834163516127,1.4688154504978062,0.5103016241030873,0.012965296704196994,-0.009365100111705327,-0.09447694905512276
CMP018,Equinor ASA,EQNR.OL,OBX.OL,NOK,Oslo Børs,PRIMARY_DIRECT,Raw Materials & Energy,False,2023-03-22,225.92889404296875,1073.1800537109375,0.0,0.0022975970142753432,-0.0022975970142753432,-0.16978761017090105,-0.022408838683003807,-0.15405623358646414,2026-02-28,790,ok,-0.0008260834163516127,1.4688154504978062,0.5103016241030873,0.0025486625772336395,-0.0025486625772336395,-0.0970256116323564
CMP018,Equinor ASA,EQNR.OL,OBX.OL,NOK,Oslo Børs,PRIMARY_DIRECT,Raw Materials & Energy,False,2023-03-23,223.99917602539065,1069.030029296875,-0.008541262620491041,-0.003867034613355136,-0.0046742280071359055,-0.17687867222321685,-0.0261892175415267,-0.15873046159360005,2026-02-28,790,ok,-0.0008260834163516127,1.4688154504978062,0.5103016241030873,-0.006506043604057447,-0.0020352190164335945,-0.09906083064879
CMP018,Equinor ASA,EQNR.OL,OBX.OL,NOK,Oslo Børs,PRIMARY_DIRECT,Raw Materials & Energy,False,2023-03-24,217.12945556640625,1038.3800048828125,-0.030668507719000315,-0.028670873197286784,-0.0019976345217135316,-0.20212257501781294,-0.05410922300354426,-0.16072809611531358,2026-02-28,790,ok,-0.0008260834163516127,1.4688154504978062,0.5103016241030873,-0.04293830494778987,0.012269797228789556,-0.08679103342000044
CMP018,Equinor ASA,EQNR.OL,OBX.OL,NOK,Oslo Børs,PRIMARY_DIRECT,Raw Materials & Energy,False,2023-03-27,220.75729370117188,1054.280029296875,0.01670818049675482,0.015312336850955566,0.0013958436457992551,-0.1887914949869246,-0.039625424801962406,-0.15933225246951432,2026-02-28,790,ok,-0.0008260834163516127,1.4688154504978062,0.5103016241030873,0.021664913533558847,-0.0049567330368040265,-0.09174776645680446
CMP018,Equinor ASA,EQNR.OL,OBX.OL,NOK,Oslo Børs,PRIMARY_DIRECT,Raw Materials & Energy,False,2023-03-28,226.58499145507807,1062.6099853515625,0.026398664597668375,0.007901084933044755,0.01849757966462362,-0.16737667374430842,-0.032037423715785884,-0.1408346728048907,2026-02-28,790,ok,-0.0008260834163516127,1.4688154504978062,0.5103016241030873,0.010779152208999948,0.015619512388668428,-0.07612825406813603
CMP018,Equinor ASA,EQNR.OL,OBX.OL,NOK,Oslo Børs,PRIMARY_DIRECT,Raw Materials & Energy,False,2023-03-29,227.009521484375,1070.0799560546875,0.0018736017181486542,0.00702983296421178,-0.0051562312460631254,-0.1658166692496651,-0.02523280848889975,-0.14599090405095383,2026-02-28,790,ok,-0.0008260834163516127,1.4688154504978062,0.5103016241030873,0.00949944385590144,-0.007625842137752786,-0.08375409620588882
CMP018,Equinor ASA,EQNR.OL,OBX.OL,NOK,Oslo Børs,PRIMARY_DIRECT,Raw Materials & Energy,False,2023-03-30,228.74620056152344,1083.6300048828125,0.007650247733190119,0.012662650815442822,-0.005012403082252703,-0.1594349601145274,-0.012889671916444856,-0.15100330713320653,2026-02-28,790,ok,-0.0008260834163516127,1.4688154504978062,0.5103016241030873,0.01777301374562945,-0.010122766012439333,-0.09387686221832815
CMP018,Equinor ASA,EQNR.OL,OBX.OL,NOK,Oslo Børs,PRIMARY_DIRECT,Raw Materials & Energy,False,2023-03-31,230.5601501464844,1091.0699462890625,0.007929965964497354,0.006865758028778979,0.0010642079357183754,-0.15276930795728927,-0.006112411256114503,-0.14993909919748816,2026-02-28,790,ok,-0.0008260834163516127,1.4688154504978062,0.5103016241030873,0.009258448055698313,-0.0013284820912009589,-0.09520534430952911
CMP018,Equinor ASA,EQNR.OL,OBX.OL,NOK,Oslo Børs,PRIMARY_DIRECT,Raw Materials & Energy,False,2023-04-03,240.78759765625,1108.1099853515625,0.04435912929128327,0.015617732960619524,0.02874139633066375,-0.11518689214942324,0.009409859697761647,-0.12119770286682441,2026-02-28,790,ok,-0.0008260834163516127,1.4688154504978062,0.5103016241030873,0.022113484057955192,0.02224564523332808,-0.07295969907620103
CMP018,Equinor ASA,EQNR.OL,OBX.OL,NOK,Oslo Børs,PRIMARY_DIRECT,Raw Materials & Energy,False,2023-04-04,235.6545867919922,1097.52001953125,-0.021317588257123377,-0.009556782233085537,-0.01176080602403784,-0.13404897366708757,-0.0002368505152993139,-0.13295850889086225,2026-02-28,790,ok,-0.0008260834163516127,1.4688154504978062,0.5103016241030873,-0.014863232817350575,-0.006454355439772802,-0.07941405451597383
CMP018,Equinor ASA,EQNR.OL,OBX.OL,NOK,Oslo Børs,PRIMARY_DIRECT,Raw Materials & Energy,False,2023-04-05,234.80552673339844,1092.27001953125,-0.0036029854973423925,-0.004783511832651799,0.0011805263353094064,-0.13716898265637378,-0.005019229370708644,-0.13177798255555284,2026-02-28,790,ok,-0.0008260834163516127,1.4688154504978062,0.5103016241030873,-0.007852179503789651,0.004249194006447259,-0.07516486050952657
CMP018,Equinor ASA,EQNR.OL,OBX.OL,NOK,Oslo Børs,PRIMARY_DIRECT,Raw Materials & Energy,False,2023-04-11,236.31065368652344,1106.9100341796875,0.006410100196806434,0.01340329258027273,-0.006993192383466296,-0.13163814938228868,0.008316789009781056,-0.13877117493901914,2026-02-28,790,ok,-0.0008260834163516127,1.4688154504978062,0.5103016241030873,0.01886087981309558,-0.012450779616289147,-0.08761564012581571
CMP018,Equinor ASA,EQNR.OL,OBX.OL,NOK,Oslo Børs,PRIMARY_DIRECT,Raw Materials & Energy,False,2023-04-12,238.8964691162109,1112.0999755859375,0.010942441186412522,0.004688675001574216,0.006253766184838305,-0.12213615090338004,0.013044458732078823,-0.13251740875418083,2026-02-28,790,ok,-0.0008260834163516127,1.4688154504978062,0.5103016241030873,0.006060714868323422,0.0048817263180891,-0.08273391380772661
CMP018,Equinor ASA,EQNR.OL,OBX.OL,NOK,Oslo Børs,PRIMARY_DIRECT,Raw Materials & Energy,False,2023-04-13,236.619384765625,1110.239990234375,-0.00953167855100534,-0.0016724983296421136,-0.007859180221363227,-0.13050366692451731,0.011350143566996262,-0.14037658897554406,2026-02-28,790,ok,-0.0008260834163516127,1.4688154504978062,0.5103016241030873,-0.003282674803861722,-0.006249003747143618,-0.08898291755487023
CMP018,Equinor ASA,EQNR.OL,OBX.OL,NOK,Oslo Børs,PRIMARY_DIRECT,Raw Materials & Energy,False,2023-04-14,236.9667205810547,1117.81005859375,0.0014679093844054414,0.006818407214621125,-0.005350497830215684,-0.1292273250974897,0.018245940682401596,-0.14572708680575974,2026-02-28,790,ok,-0.0008260834163516127,1.4688154504978062,0.5103016241030873,0.009188898448269606,-0.007720989063864165,-0.09670390661873439
CMP018,Equinor ASA,EQNR.OL,OBX.OL,NOK,Oslo Børs,PRIMARY_DIRECT,Raw Materials & Energy,False,2023-04-17,238.0087738037109,1119.6300048828125,0.0043974665307475735,0.001628135545096221,0.0027693309856513526,-0.12539813140371636,0.01990378309207652,-0.1429577558201084,2026-02-28,790,ok,-0.0008260834163516127,1.4688154504978062,0.5103016241030873,0.0015653472277903843,0.002832119302957189,-0.0938717873157772
CMP018,Equinor ASA,EQNR.OL,OBX.OL,NOK,Oslo Børs,PRIMARY_DIRECT,Raw Materials & Energy,False,2023-04-18,235.38438415527344,1119.8199462890625,-0.011026440775674273,0.00016964658451601444,-0.011196087360190288,-0.1350418771100873,0.020076806285413085,-0.15415384318029868,2026-02-28,790,ok,-0.0008260834163516127,1.4688154504978062,0.5103016241030873,-0.0005769038918903088,-0.010449536883783965,-0.10432132419956117
CMP018,Equinor ASA,EQNR.OL,OBX.OL,NOK,Oslo Børs,PRIMARY_DIRECT,Raw Materials & Energy,False,2023-04-19,231.64080810546875,1112.06005859375,-0.015904096880680063,-0.006929585172176789,-0.008974511708503274,-0.14879825489425968,0.013008097174096234,-0.16312835488880195,2026-02-28,790,ok,-0.0008260834163516127,1.4688154504978062,0.5103016241030873,-0.011004365182785381,-0.004899731697894682,-0.10922105589745584
CMP018,Equinor ASA,EQNR.OL,OBX.OL,NOK,Oslo Børs,PRIMARY_DIRECT,Raw Materials & Energy,False,2023-04-20,232.3354339599609,1107.6400146484375,0.0029987196995784338,-0.003974644994355625,0.006973364693934059,-0.14624573945289554,0.008981749611421508,-0.1561549901948679,2026-02-28,790,ok,-0.0008260834163516127,1.4688154504978062,0.5103016241030873,-0.0066641033943049205,0.009662823093883353,-0.09955823280357248
CMP018,Equinor ASA,EQNR.OL,OBX.OL,NOK,Oslo Børs,PRIMARY_DIRECT,Raw Materials & Energy,False,2023-04-21,233.64767456054688,1103.2900390625,0.005648043340698905,-0.003927246694241382,0.009575290034940287,-0.14142369838701918,0.005019229370710088,-0.1465797001599276,2026-02-28,790,ok,-0.0008260834163516127,1.4688154504978062,0.5103016241030873,-0.006594484038769788,0.012242527379468692,-0.08731570542410379
CMP018,Equinor ASA,EQNR.OL,OBX.OL,NOK,Oslo Børs,PRIMARY_DIRECT,Raw Materials & Energy,False,2023-04-24,235.7703399658203,1112.510009765625,0.009084898487715876,0.0083567968319187,0.0007281016557971753,-0.13362361984290672,0.013417970882732666,-0.14585159850413043,2026-02-28,790,ok,-0.0008260834163516127,1.4688154504978062,0.5103016241030873,0.011448508887041691,-0.002363610399325816,-0.0896793158234296
CMP018,Equinor ASA,EQNR.OL,OBX.OL,NOK,Oslo Børs,PRIMARY_DIRECT,Raw Materials & Energy,False,2023-04-25,233.03016662597656,1098.3199462890625,-0.011622213974162299,-0.0127549984737233,0.0011327844995610015,-0.14369283151525258,0.0004918262108797311,-0.14471881400456943,2026-02-28,790,ok,-0.0008260834163516127,1.4688154504978062,0.5103016241030873,-0.01956082224563233,0.00793860827147003,-0.08174070755195957
CMP018,Equinor ASA,EQNR.OL,OBX.OL,NOK,Oslo Børs,PRIMARY_DIRECT,Raw Materials & Energy,False,2023-04-26,231.91094970703125,1097.550048828125,-0.00480288425807851,-0.0007009774005641844,-0.004101906857514326,-0.14780557573484776,-0.00020949594874331012,-0.14882072086208376,2026-02-28,790,ok,-0.0008260834163516127,1.4688154504978062,0.5103016241030873,-0.0018556898527500765,-0.0029471944053284338,-0.08468790195728801
CMP018,Equinor ASA,EQNR.OL,OBX.OL,NOK,Oslo Børs,PRIMARY_DIRECT,Raw Materials & Energy,False,2023-04-27,229.4409942626953,1100.0,-0.010650447714763756,0.0022321999570686923,-0.012882647671832448,-0.15688182789329697,0.0020222363714776925,-0.1617033685339162,2026-02-28,790,ok,-0.0008260834163516127,1.4688154504978062,0.5103016241030873,0.0024526063691914218,-0.013103054083955177,-0.09779095604124319
CMP018,Equinor ASA,EQNR.OL,OBX.OL,NOK,Oslo Børs,PRIMARY_DIRECT,Raw Materials & Energy,False,2023-04-28,235.42303466796875,1110.93994140625,0.02607223885381349,0.009945401278409038,0.01612683757540445,-0.13489984952814038,0.011987749602080822,-0.14557653095851175,2026-02-28,790,ok,-0.0008260834163516127,1.4688154504978062,0.5103016241030873,0.013781875642776217,0.012290363211037273,-0.08550059283020592
CMP018,Equinor ASA,EQNR.OL,OBX.OL,NOK,Oslo Børs,PRIMARY_DIRECT,Raw Materials & Energy,False,2023-05-02,229.3251800537109,1093.0899658203125,-0.025901690643220232,-0.01606745326245329,-0.009834237380766941,-0.15730740600106574,-0.004272316266825893,-0.1554107683392787,2026-02-28,790,ok,-0.0008260834163516127,1.4688154504978062,0.5103016241030873,-0.024426207018394385,-0.001475483624825847,-0.08697607645503176
CMP018,Equinor ASA,EQNR.OL,OBX.OL,NOK,Oslo Børs,PRIMARY_DIRECT,Raw Materials & Energy,False,2023-05-03,226.4691925048828,1088.02001953125,-0.012453876840559763,-0.0046381784186059205,-0.007815698421953843,-0.16780219578118027,-0.008890678920325579,-0.16322646676123254,2026-02-28,790,ok,-0.0008260834163516127,1.4688154504978062,0.5103016241030873,-0.0076387115397654705,-0.004815165300794293,-0.09179124175582605
CMP018,Equinor ASA,EQNR.OL,OBX.OL,NOK,Oslo Børs,PRIMARY_DIRECT,Raw Materials & Energy,False,2023-05-04,228.59185791015625,1076.3800048828125,0.009372866047675288,-0.010698346022578131,0.02007121207025342,-0.1600021172370678,-0.019493909383438424,-0.14315525469097912,2026-02-28,790,ok,-0.0008260834163516127,1.4688154504978062,0.5103016241030873,-0.01653997934908612,0.02591284539676141,-0.06587839635906464
CMP018,Equinor ASA,EQNR.OL,OBX.OL,NOK,Oslo Børs,PRIMARY_DIRECT,Raw Materials & Energy,False,2023-05-05,239.6682891845703,1091.1500244140625,0.048455055992271845,0.01372193785117548,0.034733118141096364,-0.11929997279440008,-0.0060394657452989,-0.10842213654988275,2026-02-28,790,ok,-0.0008260834163516127,1.4688154504978062,0.5103016241030873,0.0193289109102256,0.029126145082046244,-0.0367522512770184
CMP018,Equinor ASA,EQNR.OL,OBX.OL,NOK,Oslo Børs,PRIMARY_DIRECT,Raw Materials & Energy,False,2023-05-08,242.79443359375,1099.8800048828125,0.01304362967589845,0.008000715092718824,0.005042914583179625,-0.10781244778397658,0.0019129293026796113,-0.10337922196670313,2026-02-28,790,ok,-0.0008260834163516127,1.4688154504978062,0.5103016241030873,0.010925490526864784,0.0021181391490336654,-0.034634112127984736
CMP018,Equinor ASA,EQNR.OL,OBX.OL,NOK,Oslo Børs,PRIMARY_DIRECT,Raw Materials & Energy,False,2023-05-09,238.7806854248047,1091.030029296875,-0.01653146700908814,-0.008046310094418363,-0.008485156914669778,-0.12256161686935485,-0.006148772814096759,-0.1118643788813729,2026-02-28,790,ok,-0.0008260834163516127,1.4688154504978062,0.5103016241030873,-0.012644628002529766,-0.003886839006558375,-0.03852095113454311
CMP018,Equinor ASA,EQNR.OL,OBX.OL,NOK,Oslo Børs,PRIMARY_DIRECT,Raw Materials & Energy,False,2023-05-10,230.7917633056641,1091.780029296875,-0.0334571538101075,0.0006874237920686532,-0.03414457760217615,-0.15191820781264886,-0.00546557583475249,-0.14600895648354906,2026-02-28,790,ok,-0.0008260834163516127,1.4688154504978062,0.5103016241030873,0.00018361527047861632,-0.033640769080586115,-0.07216172021512923
CMP018,Equinor ASA,EQNR.OL,OBX.OL,NOK,Oslo Børs,PRIMARY_DIRECT,Raw Materials & Energy,False,2023-05-11,229.01107788085935,1086.31005859375,-0.0077155501535225435,-0.005010139914949474,-0.0027054102385730694,-0.15846162541455966,-0.010448332450054054,-0.14871436672212213,2026-02-28,790,ok,-0.0008260834163516127,1.4688154504978062,0.5103016241030873,-0.008185054332585165,0.00046950417906262143,-0.07169221603606661
CMP018,Equinor ASA,EQNR.OL,OBX.OL,NOK,Oslo Børs,PRIMARY_DIRECT,Raw Materials & Energy,False,2023-05-12,233.92726135253903,1097.219970703125,0.021467011627434474,0.010043092230498152,0.011423919396936322,-0.14039631134240171,-0.0005101737860067068,-0.1372904473251858,2026-02-28,790,ok,-0.0008260834163516127,1.4688154504978062,0.5103016241030873,0.013925365622578546,0.007541646004855927,-0.06415057003121069
CMP018,Equinor ASA,EQNR.OL,OBX.OL,NOK,Oslo Børs,PRIMARY_DIRECT,Raw Materials & Energy,False,2023-05-15,232.95948791503903,1099.6099853515625,-0.004137069924661452,0.0021782456683738793,-0.006315315593035331,-0.1439525519098751,0.001666960598527778,-0.14360576291822114,2026-02-28,790,ok,-0.0008260834163516127,1.4688154504978062,0.5103016241030873,0.002373357476335862,-0.0065104274009973135,-0.07066099743220801
CMP018,Equinor ASA,EQNR.OL,OBX.OL,NOK,Oslo Børs,PRIMARY_DIRECT,Raw Materials & Energy,False,2023-05-16,231.48855590820312,1094.1400146484375,-0.0063141107494723014,-0.004974464379182697,-0.0013396463702896044,-0.1493577303039193,-0.0033157960167737865,-0.14494540928851074,2026-02-28,790,ok,-0.0008260834163516127,1.4688154504978062,0.5103016241030873,-0.008132653554446135,0.0018185428049738335,-0.06884245462723418
CMP018,Equinor ASA,EQNR.OL,OBX.OL,NOK,Oslo Børs,PRIMARY_DIRECT,Raw Materials & Energy,False,2023-05-19,233.6562957763672,1105.1300048828125,0.009364350041665581,0.01004440938750073,-0.0006800593458351489,-0.14139201833024828,0.006695308158088942,-0.1456254686343459,2026-02-28,790,ok,-0.0008260834163516127,1.4688154504978062,0.5103016241030873,0.013927300283134665,-0.004562950241469084,-0.07340540486870326
CMP018,Equinor ASA,EQNR.OL,OBX.OL,NOK,Oslo Børs,PRIMARY_DIRECT,Raw Materials & Energy,False,2023-05-22,232.1466217041016,1100.81005859375,-0.006461088785343572,-0.003908993756368551,-0.002552095028975021,-0.14693956073162118,0.0027601424839334143,-0.1481775636633209,2026-02-28,790,ok,-0.0008260834163516127,1.4688154504978062,0.5103016241030873,-0.006567673841605197,0.00010658505626162575,-0.07329881981244163
CMP018,Equinor ASA,EQNR.OL,OBX.OL,NOK,Oslo Børs,PRIMARY_DIRECT,Raw Materials & Energy,False,2023-05-23,235.47564697265625,1105.0999755859375,0.014340183992846978,0.003897054681411438,0.01044312931143554,-0.13470651707549375,0.006667953591533271,-0.13773443435188537,2026-02-28,790,ok,-0.0008260834163516127,1.4688154504978062,0.5103016241030873,0.004897970711140313,0.009442213281706665,-0.06385660653073497
CMP018,Equinor ASA,EQNR.OL,OBX.OL,NOK,Oslo Børs,PRIMARY_DIRECT,Raw Materials & Energy,False,2023-05-24,237.72091674804688,1101.5,0.009535040265337358,-0.0032576017242501587,0.012792641989587517,-0.12645590887447455,0.0033886303301660092,-0.12494179236229785,2026-02-28,790,ok,-0.0008260834163516127,1.4688154504978062,0.5103016241030873,-0.00561089916049854,0.015145939425835898,-0.04871066710489907
CMP018,Equinor ASA,EQNR.OL,OBX.OL,NOK,Oslo Børs,PRIMARY_DIRECT,Raw Materials & Energy,False,2023-05-25,229.4368438720703,1100.3199462890625,-0.0348478921808828,-0.0010713152164661954,-0.033776576964416605,-0.15689707917726414,0.0023136848224640794,-0.15871836932671446,2026-02-28,790,ok,-0.0008260834163516127,1.4688154504978062,0.5103016241030873,-0.002399647758650562,-0.032448244422232236,-0.08115891152713131
CMP018,Equinor ASA,EQNR.OL,OBX.OL,NOK,Oslo Børs,PRIMARY_DIRECT,Raw Materials & Energy,False,2023-05-26,228.31423950195312,1096.93994140625,-0.004892868778926918,-0.003071838235971236,-0.0018210305429556817,-0.16102227113597978,-0.0007652606790108374,-0.16053939986967014,2026-02-28,790,ok,-0.0008260834163516127,1.4688154504978062,0.5103016241030873,-0.00533804687877609,0.0004451780998491724,-0.08071373342728214
CMP018,Equinor ASA,EQNR.OL,OBX.OL,NOK,Oslo Børs,PRIMARY_DIRECT,Raw Materials & Energy,False,2023-05-30,224.0948028564453,1090.219970703125,-0.01848082999427514,-0.0061261063158208895,-0.012354723678454249,-0.17652727591209882,-0.006886678926552814,-0.1728941235481244,2026-02-28,790,ok,-0.0008260834163516127,1.4688154504978062,0.5103016241030873,-0.009824203024421527,-0.008656626969853611,-0.08937036039713575
CMP018,Equinor ASA,EQNR.OL,OBX.OL,NOK,Oslo Børs,PRIMARY_DIRECT,Raw Materials & Energy,False,2023-05-31,219.68182373046875,1076.2900390625,-0.019692465285790273,-0.012777175262750906,-0.006915290023039367,-0.19274348394499496,-0.019575861885680834,-0.17980941357116376,2026-02-28,790,ok,-0.0008260834163516127,1.4688154504978062,0.5103016241030873,-0.019593395855998508,-9.906942979176492e-05,-0.08946942982692752
CMP018,Equinor ASA,EQNR.OL,OBX.OL,NOK,Oslo Børs,PRIMARY_DIRECT,Raw Materials & Energy,False,2023-06-01,220.80441284179688,1079.989990234375,0.005110068244450927,0.003437689691059287,0.0016723785533916402,-0.18861834805717614,-0.01620546793321953,-0.17813703501777212,2026-02-28,790,ok,-0.0008260834163516127,1.4688154504978062,0.5103016241030873,0.004223248315893297,0.0008868199285576297,-0.08858260989836989
CMP018,Equinor ASA,EQNR.OL,OBX.OL,NOK,Oslo Børs,PRIMARY_DIRECT,Raw Materials & Energy,False,2023-06-02,228.19813537597656,1102.9300537109375,0.03348539297299813,0.021240996383294464,0.012244396589703666,-0.16144891459079025,0.004691308164315844,-0.16589263842806845,2026-02-28,790,ok,-0.0008260834163516127,1.4688154504978062,0.5103016241030873,0.030373020255399317,0.0031123727175988124,-0.08547023718077107
CMP018,Equinor ASA,EQNR.OL,OBX.OL,NOK,Oslo Børs,PRIMARY_DIRECT,Raw Materials & Energy,False,2023-06-05,232.6498565673828,1107.93994140625,0.019508140082177494,0.004542343984966335,0.01496579609721116,-0.1450903425505654,0.009254961684703966,-0.1509268423308573,2026-02-28,790,ok,-0.0008260834163516127,1.4688154504978062,0.5103016241030873,0.005845781610242714,0.013662358471934779,-0.07180787870883629
CMP018,Equinor ASA,EQNR.OL,OBX.OL,NOK,Oslo Børs,PRIMARY_DIRECT,Raw Materials & Energy,False,2023-06-06,229.823974609375,1095.0999755859375,-0.012146502042606477,-0.011589044983806085,-0.0005574570588003924,-0.15547450445101896,-0.0024413394663895804,-0.15148429938965768,2026-02-28,790,ok,-0.0008260834163516127,1.4688154504978062,0.5103016241030873,-0.017848251745080087,0.0057017497024736095,-0.06610612900636267
CMP018,Equinor ASA,EQNR.OL,OBX.OL,NOK,Oslo Børs,PRIMARY_DIRECT,Raw Materials & Energy,False,2023-06-07,235.82408142089844,1108.77001953125,0.026107401639544614,0.012482918683290434,0.01362448295625418,-0.13342613814388626,0.010011104174863616,-0.1378598164334035,2026-02-28,790,ok,-0.0008260834163516127,1.4688154504978062,0.5103016241030873,0.017509020412973107,0.008598381226571507,-0.05750774777979117
CMP018,Equinor ASA,EQNR.OL,OBX.OL,NOK,Oslo Børs,PRIMARY_DIRECT,Raw Materials & Energy,False,2023-06-08,238.10794067382807,1113.550048828125,0.009684588779775183,0.0043111097997543535,0.005373478980020829,-0.12503372664450807,0.014365372943932586,-0.13248633745338267,2026-02-28,790,ok,-0.0008260834163516127,1.4688154504978062,0.5103016241030873,0.005506141266320085,0.004178447513455098,-0.05332930026633607
CMP018,Equinor ASA,EQNR.OL,OBX.OL,NOK,Oslo Børs,PRIMARY_DIRECT,Raw Materials & Energy,False,2023-06-09,242.83067321777344,1116.5,0.01983441850187928,0.002649141073613581,0.0171852774282657,-0.10767927940374555,0.01705256991704962,-0.11530106002511697,2026-02-28,790,ok,-0.0008260834163516127,1.4688154504978062,0.5103016241030873,0.0030650159231203613,0.01676940257875892,-0.03655989768757715
CMP018,Equinor ASA,EQNR.OL,OBX.OL,NOK,Oslo Børs,PRIMARY_DIRECT,Raw Materials & Energy,False,2023-06-12,242.0564422607422,1109.52001953125,-0.0031883573305292456,-0.006251661861845004,0.003063304531315758,-0.11052431671444174,0.010694301154207775,-0.11223775549380122,2026-02-28,790,ok,-0.0008260834163516127,1.4688154504978062,0.5103016241030873,-0.010008620950317435,0.0068202636197881895,-0.02973963406778896
CMP018,Equinor ASA,EQNR.OL,OBX.OL,NOK,Oslo Børs,PRIMARY_DIRECT,Raw Materials & Energy,False,2023-06-13,251.5792694091797,1130.56005859375,0.03934134972610881,0.018963190111151773,0.020378159614957037,-0.07553114278543505,0.029860289331252732,-0.09185959587884418,2026-02-28,790,ok,-0.0008260834163516127,1.4688154504978062,0.5103016241030873,0.027027343209635322,0.012314006516473488,-0.01742562755131547
CMP018,Equinor ASA,EQNR.OL,OBX.OL,NOK,Oslo Børs,PRIMARY_DIRECT,Raw Materials & Energy,False,2023-06-14,247.16624450683597,1122.6400146484375,-0.01754128991910764,-0.007005416373159212,-0.010535873545948427,-0.09174751903102185,0.02264568919830512,-0.1023954694247926,2026-02-28,790,ok,-0.0008260834163516127,1.4688154504978062,0.5103016241030873,-0.01111574722241817,-0.006425542696689469,-0.02385117024800494
CMP018,Equinor ASA,EQNR.OL,OBX.OL,NOK,Oslo Børs,PRIMARY_DIRECT,Raw Materials & Energy,False,2023-06-15,249.14044189453125,1122.1300048828125,0.007987326067256273,-0.00045429501796678817,0.008441621085223061,-0.08449301031412815,0.022181106356557123,-0.09395384833956955,2026-02-28,790,ok,-0.0008260834163516127,1.4688154504978062,0.5103016241030873,-0.0014933589578254097,0.009480685025081682,-0.014370485222923259
CMP018,Equinor ASA,EQNR.OL,OBX.OL,NOK,Oslo Børs,PRIMARY_DIRECT,Raw Materials & Energy,False,2023-06-16,248.2500762939453,1133.050048828125,-0.0035737497847212474,0.009731531906102875,-0.013305281690824122,-0.08776480322142888,0.03212849440688159,-0.10725913003039367,2026-02-28,790,ok,-0.0008260834163516127,1.4688154504978062,0.5103016241030873,0.013467741004344655,-0.017041490789065902,-0.03141197601198916
CMP018,Equinor ASA,EQNR.OL,OBX.OL,NOK,Oslo Børs,PRIMARY_DIRECT,Raw Materials & Energy,False,2023-06-19,246.9339904785156,1117.489990234375,-0.005301451806489554,-0.013732896097434777,0.008431444290945223,-0.09260097415333401,0.017954381033990163,-0.09882768573944845,2026-02-28,790,ok,-0.0008260834163516127,1.4688154504978062,0.5103016241030873,-0.020997173384344838,0.015695721577855284,-0.015716254434133877
CMP018,Equinor ASA,EQNR.OL,OBX.OL,NOK,Oslo Børs,PRIMARY_DIRECT,Raw Materials & Energy,False,2023-06-20,248.9856414794922,1118.9599609375,0.008308499761417343,0.00131542180777533,0.006993077953642013,-0.08506184956357665,0.01929342042612281,-0.09183460778580643,2026-02-28,790,ok,-0.0008260834163516127,1.4688154504978062,0.5103016241030873,0.0011060284588305471,0.007202471302586796,-0.008513783131547081
CMP018,Equinor ASA,EQNR.OL,OBX.OL,NOK,Oslo Børs,PRIMARY_DIRECT,Raw Materials & Energy,False,2023-06-21,249.7598571777344,1113.5999755859375,0.003109479300259066,-0.0047901493696626,0.007899628669921666,-0.08221686832377728,0.014410852690767362,-0.08393497911588477,2026-02-28,790,ok,-0.0008260834163516127,1.4688154504978062,0.5103016241030873,-0.007861928820704366,0.010971408120963432,0.002457624989416351
CMP018,Equinor ASA,EQNR.OL,OBX.OL,NOK,Oslo Børs,PRIMARY_DIRECT,Raw Materials & Energy,False,2023-06-22,241.7467498779297,1095.699951171875,-0.032083247445575,-0.016074016528820567,-0.016009230916754436,-0.1116623316387203,-0.001894804122398952,-0.0999442100326392,2026-02-28,790,ok,-0.0008260834163516127,1.4688154504978062,0.5103016241030873,-0.024435847245440376,-0.007647400200134626,-0.005189775210718275
CMP018,Equinor ASA,EQNR.OL,OBX.OL,NOK,Oslo Børs,PRIMARY_DIRECT,Raw Materials & Energy,False,2023-06-23,238.88218688964844,1082.1500244140625,-0.011849437437019161,-0.012366457389471064,0.0005170199524519026,-0.12218863326291474,-0.014237829497429022,-0.0994271900801873,2026-02-28,790,ok,-0.0008260834163516127,1.4688154504978062,0.5103016241030873,-0.018990127097929476,0.007140689660910315,0.0019509144501920397
CMP018,Equinor ASA,EQNR.OL,OBX.OL,NOK,Oslo Børs,PRIMARY_DIRECT,Raw Materials & Energy,False,2023-06-26,240.7015838623047,1085.760009765625,0.0076162940248731825,0.00333593796619569,0.0042803560586774925,-0.11550296379546932,-0.010949388047210018,-0.09514683402150981,2026-02-28,790,ok,-0.0008260834163516127,1.4688154504978062,0.5103016241030873,0.0040737938102988445,0.003542500214574338,0.005493414664766378
CMP018,Equinor ASA,EQNR.OL,OBX.OL,NOK,Oslo Børs,PRIMARY_DIRECT,Raw Materials & Energy,False,2023-06-27,238.6886749267578,1077.8199462890625,-0.008362674242718637,-0.007312908382282823,-0.001049765860435814,-0.12289972437789787,-0.01818222455786156,-0.09619659988194562,2026-02-28,790,ok,-0.0008260834163516127,1.4688154504978062,0.5103016241030873,-0.011567396236323541,0.003204721993604904,0.008698136658371282
CMP018,Equinor ASA,EQNR.OL,OBX.OL,NOK,Oslo Børs,PRIMARY_DIRECT,Raw Materials & Energy,False,2023-06-28,238.80479431152344,1089.6300048828125,0.00048648887426794296,0.010957357612848106,-0.010470868738580164,-0.12247302485219036,-0.007424096081691034,-0.10666746862052578,2026-02-28,790,ok,-0.0008260834163516127,1.4688154504978062,0.5103016241030873,0.015268252742029446,-0.014781763867761503,-0.006083627209390222
CMP018,Equinor ASA,EQNR.OL,OBX.OL,NOK,Oslo Børs,PRIMARY_DIRECT,Raw Materials & Energy,False,2023-06-29,241.59194946289065,1102.2900390625,0.011671269663587003,0.011618654151368535,5.261551221846794e-05,-0.11223117088816847,0.0041083000649178025,-0.10661485310830732,2026-02-28,790,ok,-0.0008260834163516127,1.4688154504978062,0.5103016241030873,0.01623957531516897,-0.004568305651581967,-0.010651932860972189
CMP018,Equinor ASA,EQNR.OL,OBX.OL,NOK,Oslo Børs,PRIMARY_DIRECT,Raw Materials & Energy,False,2023-06-30,241.6306915283203,1108.6600341796875,0.00016036157461285505,0.00577887388205478,-0.005618512307441925,-0.11208880688083989,0.009910915294917277,-0.11223336541574924,2026-02-28,790,ok,-0.0008260834163516127,1.4688154504978062,0.5103016241030873,0.007662015828088686,-0.0075016542534758306,-0.01815358711444802
CMP018,Equinor ASA,EQNR.OL,OBX.OL,NOK,Oslo Børs,PRIMARY_DIRECT,Raw Materials & Energy,False,2023-07-03,244.4951934814453,1119.6400146484375,0.011854876278369009,0.00990382996612138,0.0019510463122476285,-0.10156272954023327,0.01991290128092804,-0.11028231910350161,2026-02-28,790,ok,-0.0008260834163516127,1.4688154504978062,0.5103016241030873,0.013720815056990635,-0.0018659387786216265,-0.020019525893069646
CMP018,Equinor ASA,EQNR.OL,OBX.OL,NOK,Oslo Børs,PRIMARY_DIRECT,Raw Materials & Energy,False,2023-07-04,245.26942443847656,1121.9200439453125,0.003166651033121415,0.0020363949725312747,0.0011302560605901402,-0.09871769222953708,0.02198984678551641,-0.10915206304291147,2026-02-28,790,ok,-0.0008260834163516127,1.4688154504978062,0.5103016241030873,0.002165004982618379,0.001001646050503036,-0.019017879842566608
CMP018,Equinor ASA,EQNR.OL,OBX.OL,NOK,Oslo Børs,PRIMARY_DIRECT,Raw Materials & Energy,False,2023-07-05,241.55322265625,1112.9599609375,-0.015151508553234883,-0.007986382858714003,-0.00716512569452088,-0.11237347882460047,0.013827844591368876,-0.11631718873743235,2026-02-28,790,ok,-0.0008260834163516127,1.4688154504978062,0.5103016241030873,-0.012556605952821579,-0.0025949026004133038,-0.021612782442979914
CMP018,Equinor ASA,EQNR.OL,OBX.OL,NOK,Oslo Børs,PRIMARY_DIRECT,Raw Materials & Energy,False,2023-07-06,236.6370086669922,1097.469970703125,-0.020352508383852053,-0.01391783242707767,-0.006434675956774383,-0.13043890503855227,-0.00028244145955913513,-0.12275186469420674,2026-02-28,790,ok,-0.0008260834163516127,1.4688154504978062,0.5103016241030873,-0.021268810722682673,0.0009163023388306206,-0.020696480104149293
CMP018,Equinor ASA,EQNR.OL,OBX.OL,NOK,Oslo Børs,PRIMARY_DIRECT,Raw Materials & Energy,False,2023-07-07,236.05633544921875,1096.530029296875,-0.0024538563137036506,-0.0008564620730786565,-0.0015973942406249941,-0.13257268302157443,-0.0011386616322398568,-0.12434925893483173,2026-02-28,790,ok,-0.0008260834163516127,1.4688154504978062,0.5103016241030873,-0.002084068142054925,-0.00036978817164872585,-0.02106626827579802
CMP018,Equinor ASA,EQNR.OL,OBX.OL,NOK,Oslo Børs,PRIMARY_DIRECT,Raw Materials & Energy,False,2023-07-10,236.79183959960935,1099.280029296875,0.0031157992391559475,0.002507911253249784,0.0006078879859061637,-0.12986995364731002,0.0013663939586887608,-0.12374137094892557,2026-02-28,790,ok,-0.0008260834163516127,1.4688154504978062,0.5103016241030873,0.002857575380898986,0.0002582238582569613,-0.02080804441754106
CMP018,Equinor ASA,EQNR.OL,OBX.OL,NOK,Oslo Børs,PRIMARY_DIRECT,Raw Materials & Energy,False,2023-07-11,237.44992065429688,1106.010009765625,0.002779154280824425,0.00612217113873581,-0.003343016857911385,-0.12745172800411497,0.0074969303950827015,-0.12708438780683695,2026-02-28,790,ok,-0.0008260834163516127,1.4688154504978062,0.5103016241030873,0.008166256142815293,-0.005387101861990868,-0.026195146279531928
CMP018,Equinor ASA,EQNR.OL,OBX.OL,NOK,Oslo Børs,PRIMARY_DIRECT,Raw Materials & Energy,False,2023-07-12,238.4563140869141,1116.4200439453125,0.004238339730095797,0.009412242283316719,-0.0051739025532209215,-0.1237535719964884,0.016979735603659174,-0.13225829036005787,2026-02-28,790,ok,-0.0008260834163516127,1.4688154504978062,0.5103016241030873,0.012998763473212733,-0.008760423743116936,-0.03495557002264886
CMP018,Equinor ASA,EQNR.OL,OBX.OL,NOK,Oslo Børs,PRIMARY_DIRECT,Raw Materials & Energy,False,2023-07-13,234.8563232421875,1112.97998046875,-0.015097066557081984,-0.0030813343913154156,-0.012015732165766568,-0.13698232264046273,0.013846080969072805,-0.14427402252582444,2026-02-28,790,ok,-0.0008260834163516127,1.4688154504978062,0.5103016241030873,-0.0053519949784659486,-0.009745071578616035,-0.0447006416012649
CMP018,Equinor ASA,EQNR.OL,OBX.OL,NOK,Oslo Børs,PRIMARY_DIRECT,Raw Materials & Energy,False,2023-07-14,229.51426696777344,1104.25,-0.02274606108393029,-0.007843789306141158,-0.014902271777789133,-0.15661257544619445,0.005893685921094516,-0.15917629430361357,2026-02-28,790,ok,-0.0008260834163516127,1.4688154504978062,0.5103016241030873,-0.012347162339661212,-0.010398898744269079,-0.05509954034553398
CMP018,Equinor ASA,EQNR.OL,OBX.OL,NOK,Oslo Børs,PRIMARY_DIRECT,Raw Materials & Energy,False,2023-07-17,228.31423950195312,1091.6300048828125,-0.0052285528114416335,-0.011428567006735335,0.006200014195293702,-0.16102227113597978,-0.005602237470106686,-0.15297628010831987,2026-02-28,790,ok,-0.0008260834163516127,1.4688154504978062,0.5103016241030873,-0.017612539212893935,0.012383986401452302,-0.04271555394408168
CMP018,Equinor ASA,EQNR.OL,OBX.OL,NOK,Oslo Børs,PRIMARY_DIRECT,Raw Materials & Energy,False,2023-07-18,232.1466217041016,1106.1800537109375,0.016785559282278983,0.013328736626002646,0.003456822656276337,-0.14693956073162096,0.007651828408140604,-0.14951945745204354,2026-02-28,790,ok,-0.0008260834163516127,1.4688154504978062,0.5103016241030873,0.018751370875537073,-0.00196581159325809,-0.04468136553733977
CMP018,Equinor ASA,EQNR.OL,OBX.OL,NOK,Oslo Børs,PRIMARY_DIRECT,Raw Materials & Energy,False,2023-07-19,233.6562957763672,1110.1500244140625,0.006503105930138586,0.003588901001972289,0.0029142049281662974,-0.14139201833024817,0.011268191064753852,-0.14660525252387724,2026-02-28,790,ok,-0.0008260834163516127,1.4688154504978062,0.5103016241030873,0.004445349825652343,0.0020577561044862434,-0.042623609432853524
CMP018,Equinor ASA,EQNR.OL,OBX.OL,NOK,Oslo Børs,PRIMARY_DIRECT,Raw Materials & Energy,False,2023-07-20,237.21763610839844,1126.050048828125,0.015241790597587013,0.014322410543074593,0.0009193800545124198,-0.128305295268221,0.025751989266335595,-0.14568587246936482,2026-02-28,790,ok,-0.0008260834163516127,1.4688154504978062,0.5103016241030873,0.020210894477689024,-0.004969103880102011,-0.04759271331295553
CMP018,Equinor ASA,EQNR.OL,OBX.OL,NOK,Oslo Børs,PRIMARY_DIRECT,Raw Materials & Energy,False,2023-07-21,239.84999084472656,1132.75,0.011096791872275746,0.005949958599839933,0.0051468332724358135,-0.1186322805536476,0.03185517113617364,-0.140539039196929,2026-02-28,790,ok,-0.0008260834163516127,1.4688154504978062,0.5103016241030873,0.007913307704915573,0.003183484167360173,-0.04440922914559536
CMP018,Equinor ASA,EQNR.OL,OBX.OL,NOK,Oslo Børs,PRIMARY_DIRECT,Raw Materials & Energy,False,2023-07-24,244.5339508056641,1138.010009765625,0.01952870602346546,0.004643575162767588,0.01488513086069787,-0.10142030946200764,0.03664666818043494,-0.12565390833623113,2026-02-28,790,ok,-0.0008260834163516127,1.4688154504978062,0.5103016241030873,0.0059944715282692854,0.013534234495196173,-0.030874994650399182
CMP018,Equinor ASA,EQNR.OL,OBX.OL,NOK,Oslo Børs,PRIMARY_DIRECT,Raw Materials & Energy,False,2023-07-25,245.1533050537109,1145.050048828125,0.0025327945097448623,0.006186271651468012,-0.0036534771417231493,-0.09914439175524481,0.04305964607638835,-0.12930738547795428,2026-02-28,790,ok,-0.0008260834163516127,1.4688154504978062,0.5103016241030873,0.008260407966301182,-0.00572761345655632,-0.0366026081069555
CMP018,Equinor ASA,EQNR.OL,OBX.OL,NOK,Oslo Børs,PRIMARY_DIRECT,Raw Materials & Energy,False,2023-07-26,238.6499481201172,1132.780029296875,-0.026527714697417215,-0.010715705871378711,-0.015812008826038504,-0.12304203231432997,0.031882525702729314,-0.1451193943039928,2026-02-28,790,ok,-0.0008260834163516127,1.4688154504978062,0.5103016241030873,-0.01656547776322272,-0.009962236934194495,-0.046564845041149994
CMP018,Equinor ASA,EQNR.OL,OBX.OL,NOK,Oslo Børs,PRIMARY_DIRECT,Raw Materials & Energy,False,2023-07-27,238.6886749267578,1139.699951171875,0.00016227452360939587,0.006108795790913835,-0.005946521267304439,-0.12289972437789831,0.038186085332459596,-0.15106591557129723,2026-02-28,790,ok,-0.0008260834163516127,1.4688154504978062,0.5103016241030873,0.008146610225278593,-0.007984335701669197,-0.05454918074281919
CMP018,Equinor ASA,EQNR.OL,OBX.OL,NOK,Oslo Børs,PRIMARY_DIRECT,Raw Materials & Energy,False,2023-07-28,236.8305206298828,1133.739990234375,-0.007784844829547,-0.0052294122952025734,-0.002555432534344426,-0.12972781392356925,0.03275698225311374,-0.15362134810564165,2026-02-28,790,ok,-0.0008260834163516127,1.4688154504978062,0.5103016241030873,-0.008507124992568347,0.0007222801630213469,-0.053826900579797846
CMP018,Equinor ASA,EQNR.OL,OBX.OL,NOK,Oslo Børs,PRIMARY_DIRECT,Raw Materials & Energy,False,2023-07-31,238.7660369873047,1144.780029296875,0.008172579920333378,0.009737716899461013,-0.0015651369791276348,-0.12261544493041643,0.04281367737223629,-0.1551864850847693,2026-02-28,790,ok,-0.0008260834163516127,1.4688154504978062,0.5103016241030873,0.013476825618150315,-0.005304245697816937,-0.05913114627761478
CMP018,Equinor ASA,EQNR.OL,OBX.OL,NOK,Oslo Børs,PRIMARY_DIRECT,Raw Materials & Energy,False,2023-08-01,239.9273681640625,1145.3399658203125,0.004863887642527542,0.000489121498548073,0.004374766143979469,-0.11834794503526891,0.04332373996081906,-0.15081171894078982,2026-02-28,790,ok,-0.0008260834163516127,1.4688154504978062,0.5103016241030873,-0.00010765420211356286,0.004971541844641105,-0.05415960443297368
CMP018,Equinor ASA,EQNR.OL,OBX.OL,NOK,Oslo Børs,PRIMARY_DIRECT,Raw Materials & Energy,False,2023-08-02,237.79833984375,1133.3800048828125,-0.008873636786849048,-0.01044228027870664,0.0015686434918575909,-0.12617140514340497,0.03242906104671972,-0.14924307544893223,2026-02-28,790,ok,-0.0008260834163516127,1.4688154504978062,0.5103016241030873,-0.01616386602814446,0.007290229241295413,-0.04686937519167826
CMP018,Equinor ASA,EQNR.OL,OBX.OL,NOK,Oslo Børs,PRIMARY_DIRECT,Raw Materials & Energy,False,2023-08-03,240.3531951904297,1134.7099609375,0.010743789667995163,0.001173442313220363,0.0095703473547748,-0.11678317451438591,0.03364055699235036,-0.13967272809415743,2026-02-28,790,ok,-0.0008260834163516127,1.4688154504978062,0.5103016241030873,0.0008974867835743426,0.00984630288442082,-0.03702307230725744
CMP018,Equinor ASA,EQNR.OL,OBX.OL,NOK,Oslo Børs,PRIMARY_DIRECT,Raw Materials & Energy,False,2023-08-04,245.38560485839844,1143.31005859375,0.02093756092562704,0.007579115326655339,0.013358445598971702,-0.09829076842024198,0.041474637980103646,-0.12631428249518573,2026-02-28,790,ok,-0.0008260834163516127,1.4688154504978062,0.5103016241030873,0.010306238276544475,0.010631322649082566,-0.026391749658174875
CMP018,Equinor ASA,EQNR.OL,OBX.OL,NOK,Oslo Børs,PRIMARY_DIRECT,Raw Materials & Energy,False,2023-08-07,241.8628692626953,1136.1700439453125,-0.014355917893944747,-0.006245037900934447,-0.0081108799930103,-0.11123563211301302,0.03497058939305586,-0.13442516248819603,2026-02-28,790,ok,-0.0008260834163516127,1.4688154504978062,0.5103016241030873,-0.009998891574188517,-0.00435702631975623,-0.030748775977931103
CMP018,Equinor ASA,EQNR.OL,OBX.OL,NOK,Oslo Børs,PRIMARY_DIRECT,Raw Materials & Energy,False,2023-08-08,242.1338806152344,1129.75,0.0011205165694314623,-0.005650601315819848,0.00677111788525131,-0.11023975691247534,0.029122383218796566,-0.12765404460294472,2026-02-28,790,ok,-0.0008260834163516127,1.4688154504978062,0.5103016241030873,-0.009125773933631039,0.010246290503062501,-0.020502485474868604
CMP018,Equinor ASA,EQNR.OL,OBX.OL,NOK,Oslo Børs,PRIMARY_DIRECT,Raw Materials & Energy,False,2023-08-09,258.9729309082031,1156.7900390625,0.06954437871388608,0.0239345333591503,0.04560984535473578,-0.048361933602637186,0.05375394723059501,-0.08204419924820894,2026-02-28,790,ok,-0.0008260834163516127,1.4688154504978062,0.5103016241030873,0.03432932898202351,0.03521504973186257,0.014712564256993965
CMP018,Equinor ASA,EQNR.OL,OBX.OL,NOK,Oslo Børs,PRIMARY_DIRECT,Raw Materials & Energy,False,2023-08-10,253.5921936035156,1155.7099609375,-0.020777219015970516,-0.0009336855336992134,-0.019843533482271303,-0.0681343261321099,0.05277007241398746,-0.10188773273048024,2026-02-28,790,ok,-0.0008260834163516127,1.4688154504978062,0.5103016241030873,-0.0021974951541553073,-0.01857972386181521,-0.0038671596048212437
CMP018,Equinor ASA,EQNR.OL,OBX.OL,NOK,Oslo Børs,PRIMARY_DIRECT,Raw Materials & Energy,False,2023-08-11,257.73419189453125,1160.300048828125,0.016333303609067595,0.0039716607503335055,0.01236164285873409,-0.052913881157957254,0.05695131798971986,-0.08952608987174615,2026-02-28,790,ok,-0.0008260834163516127,1.4688154504978062,0.5103016241030873,0.00500755325787395,0.011325750351193646,0.0074585907463724024
CMP018,Equinor ASA,EQNR.OL,OBX.OL,NOK,Oslo Børs,PRIMARY_DIRECT,Raw Materials & Energy,False,2023-08-14,248.1855926513672,1157.7900390625,-0.03704824405708462,-0.0021632419719020968,-0.034885002085182526,-0.08800175883189432,0.0546648765363873,-0.12441109195692868,2026-02-28,790,ok,-0.0008260834163516127,1.4688154504978062,0.5103016241030873,-0.004003486647846753,-0.03304475740923787,-0.025586166662865464
CMP018,Equinor ASA,EQNR.OL,OBX.OL,NOK,Oslo Børs,PRIMARY_DIRECT,Raw Materials & Energy,False,2023-08-15,249.2335662841797,1152.8299560546875,0.004222540162855504,-0.004284095423578549,0.008506635586434053,-0.08415080963010846,0.05014659156540868,-0.11590445637049462,2026-02-28,790,ok,-0.0008260834163516127,1.4688154504978062,0.5103016241030873,-0.007118628965910729,0.011341169128766232,-0.014244997534099232
CMP018,Equinor ASA,EQNR.OL,OBX.OL,NOK,Oslo Børs,PRIMARY_DIRECT,Raw Materials & Energy,False,2023-08-16,248.4185028076172,1157.4300537109375,-0.003270279716790392,0.003990265547915595,-0.0072605452647059865,-0.08714589266101402,0.05433695532999305,-0.12316500163520061,2026-02-28,790,ok,-0.0008260834163516127,1.4688154504978062,0.5103016241030873,0.005034880272015907,-0.008305159988806298,-0.022550157522905533
CMP018,Equinor ASA,EQNR.OL,OBX.OL,NOK,Oslo Børs,PRIMARY_DIRECT,Raw Materials & Energy,False,2023-08-17,251.29087829589844,1157.7900390625,0.011562647129009118,0.00031102125818160964,0.011251625870827509,-0.07659088273758674,0.054664876536387075,-0.1119133757643731,2026-02-28,790,ok,-0.0008260834163516127,1.4688154504978062,0.5103016241030873,-0.0003692505869011973,0.011931897715910316,-0.010618259806995217
CMP018,Equinor ASA,EQNR.OL,OBX.OL,NOK,Oslo Børs,PRIMARY_DIRECT,Raw Materials & Energy,False,2023-08-18,249.8157958984375,1141.8699951171875,-0.005870019665910831,-0.013750372181646542,0.007880352515735711,-0.08201131241559845,0.0401628419571014,-0.10403302324863739,2026-02-28,790,ok,-0.0008260834163516127,1.4688154504978062,0.5103016241030873,-0.02102284252684928,0.015152822860938449,0.004534563053943232
CMP018,Equinor ASA,EQNR.OL,OBX.OL,NOK,Oslo Børs,PRIMARY_DIRECT,Raw Materials & Energy,False,2023-08-21,253.73619079589844,1144.780029296875,0.015693142554743744,0.0025484811687244147,0.01314466138601933,-0.06760518507769431,0.04281367737223585,-0.09088836186261806,2026-02-28,790,ok,-0.0008260834163516127,1.4688154504978062,0.5103016241030873,0.0029171650995735137,0.01277597745517023,0.017310540509113462
CMP018,Equinor ASA,EQNR.OL,OBX.OL,NOK,Oslo Børs,PRIMARY_DIRECT,Raw Materials & Energy,False,2023-08-22,254.3572540283203,1142.510009765625,0.002447673035816278,-0.0019829307580114808,0.004430603793827759,-0.06532298743047404,0.040745850056499444,-0.0864577580687903,2026-02-28,790,ok,-0.0008260834163516127,1.4688154504978062,0.5103016241030873,-0.0037386427509862024,0.00618631578680248,0.02349685629591594
CMP018,Equinor ASA,EQNR.OL,OBX.OL,NOK,Oslo Børs,PRIMARY_DIRECT,Raw Materials & Energy,False,2023-08-23,247.09878540039065,1134.06005859375,-0.028536511198227865,-0.007395953733139171,-0.021140557465088694,-0.09199540846639054,0.03304854190152495,-0.107598315533879,2026-02-28,790,ok,-0.0008260834163516127,1.4688154504978062,0.5103016241030873,-0.011689374530753355,-0.016847136667474512,0.006649719628441429
CMP018,Equinor ASA,EQNR.OL,OBX.OL,NOK,Oslo Børs,PRIMARY_DIRECT,Raw Materials & Energy,False,2023-08-24,247.40936279296875,1135.8599853515625,0.0012568956665441888,0.0015871529414803742,-0.0003302572749361854,-0.09085414143008974,0.03468814793349595,-0.10792857280881518,2026-02-28,790,ok,-0.0008260834163516127,1.4688154504978062,0.5103016241030873,0.0015051513463978014,-0.0002482556798536126,0.006401463948587816
CMP018,Equinor ASA,EQNR.OL,OBX.OL,NOK,Oslo Børs,PRIMARY_DIRECT,Raw Materials & Energy,False,2023-08-25,248.9619140625,1138.469970703125,0.006275232481118387,0.0022978055264044617,0.003977426954713925,-0.08514903980831756,0.03706566007792267,-0.10395114585410126,2026-02-28,790,ok,-0.0008260834163516127,1.4688154504978062,0.5103016241030873,0.0025489688430705053,0.0037262636380478815,0.010127727586635698
CMP018,Equinor ASA,EQNR.OL,OBX.OL,NOK,Oslo Børs,PRIMARY_DIRECT,Raw Materials & Energy,False,2023-08-28,253.2316131591797,1153.469970703125,0.017150009119900167,0.013175578088138629,0.003974431031761538,-0.06945933749768074,0.05072959966480628,-0.09997671482233972,2026-02-28,790,ok,-0.0008260834163516127,1.4688154504978062,0.5103016241030873,0.018526409248746753,-0.001376400128846586,0.008751327457789112
CMP018,Equinor ASA,EQNR.OL,OBX.OL,NOK,Oslo Børs,PRIMARY_DIRECT,Raw Materials & Energy,False,2023-08-29,253.0763397216797,1154.06005859375,-0.0006131676671916608,0.0005115762920688827,-0.0011247439592605435,-0.07002991494493427,0.05126712801736977,-0.10110145878160026,2026-02-28,790,ok,-0.0008260834163516127,1.4688154504978062,0.5103016241030873,-7.467225445245956e-05,-0.0005384954127392013,0.008212832045049911
CMP018,Equinor ASA,EQNR.OL,OBX.OL,NOK,Oslo Børs,PRIMARY_DIRECT,Raw Materials & Energy,False,2023-08-30,254.0079345703125,1158.8900146484375,0.0036810823550605942,0.004185186047052758,-0.0005041036919921638,-0.06660661847410387,0.05566687653327329,-0.10160556247359243,2026-02-28,790,ok,-0.0008260834163516127,1.4688154504978062,0.5103016241030873,0.005321182512767316,-0.001640100157706722,0.0065727318873431894
CMP018,Equinor ASA,EQNR.OL,OBX.OL,NOK,Oslo Børs,PRIMARY_DIRECT,Raw Materials & Energy,False,2023-08-31,254.7842254638672,1162.1800537109375,0.0030561678904554856,0.0028389571235525324,0.00021721076690295327,-0.06375401159232075,0.05866386953250591,-0.10138835170668947,2026-02-28,790,ok,-0.0008260834163516127,1.4688154504978062,0.5103016241030873,0.003343820670023156,-0.0002876527795676702,0.006285079107775519
CMP018,Equinor ASA,EQNR.OL,OBX.OL,NOK,Oslo Børs,PRIMARY_DIRECT,Raw Materials & Energy,False,2023-09-01,260.41241455078125,1173.2900390625,0.022090021769076262,0.009559607666718595,0.012530414102357668,-0.04307231732718475,0.06878428077616672,-0.0888579376043318,2026-02-28,790,ok,-0.0008260834163516127,1.4688154504978062,0.5103016241030873,0.013215216025221941,0.008874805743854321,0.015159884851629842
CMP018,Equinor ASA,EQNR.OL,OBX.OL,NOK,Oslo Børs,PRIMARY_DIRECT,Raw Materials & Energy,False,2023-09-04,260.68414306640625,1175.949951171875,0.0010434545376560855,0.002267054198721752,-0.0012235996610656663,-0.04207380679449113,0.07120727266742821,-0.09008153726539747,2026-02-28,790,ok,-0.0008260834163516127,1.4688154504978062,0.5103016241030873,0.0025038008178468203,-0.0014603462801907347,0.013699538571439107
CMP018,Equinor ASA,EQNR.OL,OBX.OL,NOK,Oslo Børs,PRIMARY_DIRECT,Raw Materials & Energy,False,2023-09-05,265.0703430175781,1181.989990234375,0.016825725951633785,0.005136306231809273,0.011689419719824512,-0.025956003185723442,0.07670932125758934,-0.07839211754557296,2026-02-28,790,ok,-0.0008260834163516127,1.4688154504978062,0.5103016241030873,0.006718202535418014,0.01010752341621577,0.02380706198765488
CMP018,Equinor ASA,EQNR.OL,OBX.OL,NOK,Oslo Børs,PRIMARY_DIRECT,Raw Materials & Energy,False,2023-09-06,266.5065002441406,1180.97998046875,0.005418023043291864,-0.0008544994238274262,0.00627252246711929,-0.02067861036580354,0.07578927376294509,-0.07211959507845367,2026-02-28,790,ok,-0.0008260834163516127,1.4688154504978062,0.5103016241030873,-0.0020811853725108097,0.007499208415802674,0.031306270403457556
CMP018,Equinor ASA,EQNR.OL,OBX.OL,NOK,Oslo Børs,PRIMARY_DIRECT,Raw Materials & Energy,False,2023-09-07,265.4584655761719,1171.8499755859375,-0.003932491954262485,-0.007730871846945875,0.00379837989268339,-0.02452978385117721,0.0674724847531647,-0.06832121518577028,2026-02-28,790,ok,-0.0008260834163516127,1.4688154504978062,0.5103016241030873,-0.012181307430964225,0.00824881547670174,0.039555085880159296
CMP018,Equinor ASA,EQNR.OL,OBX.OL,NOK,Oslo Børs,PRIMARY_DIRECT,Raw Materials & Energy,False,2023-09-08,268.9906311035156,1175.31005859375,0.01330590651790775,0.002952667218414584,0.010353239299493167,-0.01155026834409767,0.070624375765455,-0.05796797588627711,2026-02-28,790,ok,-0.0008260834163516127,1.4688154504978062,0.5103016241030873,0.003510839814234109,0.009795066703673642,0.049350152583832935
CMP018,Equinor ASA,EQNR.OL,OBX.OL,NOK,Oslo Børs,PRIMARY_DIRECT,Raw Materials & Energy,False,2023-09-11,270.1163330078125,1183.9300537109375,0.0041849111981289155,0.00733423070291872,-0.003149319504789805,-0.007413693993303383,0.07847658193348717,-0.06111729539106692,2026-02-28,790,ok,-0.0008260834163516127,1.4688154504978062,0.5103016241030873,0.00994654795761079,-0.005761636759481874,0.04358851582435106
CMP018,Equinor ASA,EQNR.OL,OBX.OL,NOK,Oslo Børs,PRIMARY_DIRECT,Raw Materials & Energy,False,2023-09-12,269.6116943359375,1186.2900390625,-0.0018682271681083051,0.00199334863082945,-0.0038615757989377553,-0.009268070696877406,0.08062636175146598,-0.06497887119000467,2026-02-28,790,ok,-0.0008260834163516127,1.4688154504978062,0.5103016241030873,0.0021017778508393313,-0.003970005018947636,0.03961851080540343
CMP018,Equinor ASA,EQNR.OL,OBX.OL,NOK,Oslo Børs,PRIMARY_DIRECT,Raw Materials & Energy,False,2023-09-13,269.4564514160156,1185.530029296875,-0.0005758018779721263,-0.000640661002452303,6.485912448017661e-05,-0.009838536002337084,0.07993404658326986,-0.0649140120655245,2026-02-28,790,ok,-0.0008260834163516127,1.4688154504978062,0.5103016241030873,-0.0017670961952849682,0.0011912943173128419,0.04080980512271627
CMP018,Equinor ASA,EQNR.OL,OBX.OL,NOK,Oslo Børs,PRIMARY_DIRECT,Raw Materials & Energy,False,2023-09-14,276.36553955078125,1206.8699951171875,0.02564083397691097,0.018000358736563582,0.0076404752403473886,0.01555002970636199,0.0993732468335975,-0.05727353682517711,2026-02-28,790,ok,-0.0008260834163516127,1.4688154504978062,0.5103016241030873,0.025613121610416147,2.7712366494823254e-05,0.04083751748921109
CMP018,Equinor ASA,EQNR.OL,OBX.OL,NOK,Oslo Børs,PRIMARY_DIRECT,Raw Materials & Energy,False,2023-09-15,274.8129272460937,1211.43994140625,-0.005617966361548765,0.0037866102459682693,-0.009404576607517035,0.009844703801001886,0.10353614483420093,-0.06667811343269414,2026-02-28,790,ok,-0.0008260834163516127,1.4688154504978062,0.5103016241030873,0.004735748217939879,-0.010353714579488645,0.030483802909722447
CMP018,Equinor ASA,EQNR.OL,OBX.OL,NOK,Oslo Børs,PRIMARY_DIRECT,Raw Materials & Energy,False,2023-09-18,275.16229248046875,1211.469970703125,0.0012712838434350004,2.4788102033435067e-05,0.0012464957414015654,0.011128503057322492,0.1035634994007566,-0.06543161769129258,2026-02-28,790,ok,-0.0008260834163516127,1.4688154504978062,0.5103016241030873,-0.0007896742690963872,0.0020609581125313877,0.032544761022253836
CMP018,Equinor ASA,EQNR.OL,OBX.OL,NOK,Oslo Børs,PRIMARY_DIRECT,Raw Materials & Energy,False,2023-09-19,276.9478454589844,1209.780029296875,0.006489090356166294,-0.00139495113136745,0.007884041487533744,0.017689807275356628,0.10202408224873172,-0.05754757620375883,2026-02-28,790,ok,-0.0008260834163516127,1.4688154504978062,0.5103016241030873,-0.0028750091907935186,0.009364099546959812,0.04190886056921365
CMP018,Equinor ASA,EQNR.OL,OBX.OL,NOK,Oslo Børs,PRIMARY_DIRECT,Raw Materials & Energy,False,2023-09-20,276.3267517089844,1214.030029296875,-0.0022426379557879406,0.0035130353428549643,-0.005755673298642905,0.015407497486342292,0.10589553179834876,-0.06330324950240174,2026-02-28,790,ok,-0.0008260834163516127,1.4688154504978062,0.5103016241030873,0.004333917173378617,-0.006576555129166557,0.03533230544004709
CMP018,Equinor ASA,EQNR.OL,OBX.OL,NOK,Oslo Børs,PRIMARY_DIRECT,Raw Materials & Energy,False,2023-09-21,271.9794311523437,1202.719970703125,-0.015732535955183535,-0.009316127542825625,-0.00641640841235791,-0.0005674374770244794,0.09559286797507438,-0.06971965791475965,2026-02-28,790,ok,-0.0008260834163516127,1.4688154504978062,0.5103016241030873,-0.014509755490062053,-0.0012227804651214827,0.03410952497492561
CMP018,Equinor ASA,EQNR.OL,OBX.OL,NOK,Oslo Børs,PRIMARY_DIRECT,Raw Materials & Energy,False,2023-09-22,270.07745361328125,1198.5699462890625,-0.006993093304901721,-0.0034505325555010957,-0.003542560749400625,-0.007556562638704634,0.09181248911655149,-0.07326221866416027,2026-02-28,790,ok,-0.0008260834163516127,1.4688154504978062,0.5103016241030873,-0.005894278946317301,-0.00109881435858442,0.033010710616341185
CMP018,Equinor ASA,EQNR.OL,OBX.OL,NOK,Oslo Børs,PRIMARY_DIRECT,Raw Materials & Energy,False,2023-09-25,268.9906311035156,1184.8399658203125,-0.004024114176231164,-0.011455301804671358,0.0074311876284401945,-0.01155026834409778,0.079305447539612,-0.06583103103572008,2026-02-28,790,ok,-0.0008260834163516127,1.4688154504978062,0.5103016241030873,-0.017651807697168304,0.01362769352093714,0.04663840413727832
CMP018,Equinor ASA,EQNR.OL,OBX.OL,NOK,Oslo Børs,PRIMARY_DIRECT,Raw Materials & Energy,False,2023-09-26,269.1070861816406,1180.800048828125,0.0004329335845165705,-0.003409673127788615,0.0038426067123051855,-0.011122335258657579,0.07562536875846027,-0.06198842432341489,2026-02-28,790,ok,-0.0008260834163516127,1.4688154504978062,0.5103016241030873,-0.005834263987594711,0.0062671975721112815,0.052905601709389606
CMP018,Equinor ASA,EQNR.OL,OBX.OL,NOK,Oslo Børs,PRIMARY_DIRECT,Raw Materials & Energy,False,2023-09-27,274.929443359375,1194.4200439453125,0.02163583746659281,0.011534548233381736,0.010101289233211075,0.010272861170030012,0.08803222145545364,-0.05188713509020382,2026-02-28,790,ok,-0.0008260834163516127,1.4688154504978062,0.5103016241030873,0.016116039243351657,0.005519798223241154,0.05842539993263076
CMP018,Equinor ASA,EQNR.OL,OBX.OL,NOK,Oslo Børs,PRIMARY_DIRECT,Raw Materials & Energy,False,2023-09-28,274.3083801269531,1189.8699951171875,-0.0022589913427717434,-0.0038094210250321225,0.0015504296822603791,0.007990663522809749,0.08388744863512887,-0.05033670540794344,2026-02-28,790,ok,-0.0008260834163516127,1.4688154504978062,0.5103016241030873,-0.006421419875369984,0.004162428532598241,0.062587828465229
CMP018,Equinor ASA,EQNR.OL,OBX.OL,NOK,Oslo Børs,PRIMARY_DIRECT,Raw Materials & Energy,False,2023-09-29,272.6004638671875,1193.030029296875,-0.006226263517633668,0.002655781045538763,-0.008882044563172431,0.0017146480284022658,0.08676601637671144,-0.05921874997111587,2026-02-28,790,ok,-0.0008260834163516127,1.4688154504978062,0.5103016241030873,0.00307476881647494,-0.009301032334108608,0.0532867961311204
CMP018,Equinor ASA,EQNR.OL,OBX.OL,NOK,Oslo Børs,PRIMARY_DIRECT,Raw Materials & Energy,False,2023-10-02,270.15509033203125,1184.239990234375,-0.008970540623685963,-0.007367827168340835,-0.0016027134553451283,-0.007271273915077758,0.07875891219562159,-0.060821463426461,2026-02-28,790,ok,-0.0008260834163516127,1.4688154504978062,0.5103016241030873,-0.011648061797808132,0.0026775211741221685,0.05596431730524257
CMP018,Equinor ASA,EQNR.OL,OBX.OL,NOK,Oslo Børs,PRIMARY_DIRECT,Raw Materials & Energy,False,2023-10-03,267.942626953125,1167.199951171875,-0.008189604631128944,-0.014389008311674667,0.006199403680545723,-0.0154013296876776,0.06323664124174577,-0.054622059745915275,2026-02-28,790,ok,-0.0008260834163516127,1.4688154504978062,0.5103016241030873,-0.021960881141880714,0.01377127651075177,0.06973559381599434
CMP018,Equinor ASA,EQNR.OL,OBX.OL,NOK,Oslo Børs,PRIMARY_DIRECT,Raw Materials & Energy,False,2023-10-04,263.0518798828125,1152.699951171875,-0.018252963800224675,-0.012422892911743144,-0.005830070888481531,-0.03337317357463776,0.05002816630775819,-0.060452130634396806,2026-02-28,790,ok,-0.0008260834163516127,1.4688154504978062,0.5103016241030873,-0.01907302046499962,0.0008200566647749465,0.07055565048076928
CMP018,Equinor ASA,EQNR.OL,OBX.OL,NOK,Oslo Børs,PRIMARY_DIRECT,Raw Materials & Energy,False,2023-10-05,264.72100830078125,1157.3399658203125,0.0063452442108087315,0.0040253447080658145,0.002319899502742917,-0.027239690300249864,0.05425489163032515,-0.05813223113165389,2026-02-28,790,ok,-0.0008260834163516127,1.4688154504978062,0.5103016241030873,0.005086405084435037,0.0012588391263736948,0.07181448960714298
CMP018,Equinor ASA,EQNR.OL,OBX.OL,NOK,Oslo Børs,PRIMARY_DIRECT,Raw Materials & Energy,False,2023-10-06,264.2939758300781,1156.1199951171875,-0.001613141599317025,-0.001054116110351666,-0.000559025488965359,-0.028808890421991085,0.053143584564640634,-0.05869125662061925,2026-02-28,790,ok,-0.0008260834163516127,1.4688154504978062,0.5103016241030873,-0.0023743854458547903,0.0007612438465377652,0.07257573345368075
CMP018,Equinor ASA,EQNR.OL,OBX.OL,NOK,Oslo Børs,PRIMARY_DIRECT,Raw Materials & Energy,False,2023-10-09,279.1990661621094,1182.719970703125,0.05639587616485864,0.023007971229873192,0.033387904934985446,0.025962283126181873,0.07737428185922934,-0.0253033516856338,2026-02-28,790,ok,-0.0008260834163516127,1.4688154504978062,0.5103016241030873,0.03296838021069515,0.02342749595416349,0.09600322940784424
CMP018,Equinor ASA,EQNR.OL,OBX.OL,NOK,Oslo Børs,PRIMARY_DIRECT,Raw Materials & Energy,False,2023-10-10,284.2839050292969,1195.68994140625,0.01821223450738585,0.0109662227952525,0.007246011712133349,0.044647348822209,0.08918900826797271,-0.018057339973500453,2026-02-28,790,ok,-0.0008260834163516127,1.4688154504978062,0.5103016241030873,0.0152812740589165,0.00293096044846935,0.0989341898563136
CMP018,Equinor ASA,EQNR.OL,OBX.OL,NOK,Oslo Børs,PRIMARY_DIRECT,Raw Materials & Energy,False,2023-10-11,280.0918273925781,1195.510009765625,-0.014746095584576735,-0.0001504835278729466,-0.014595612056703788,0.029242879164302016,0.08902510326348811,-0.03265295203020424,2026-02-28,790,ok,-0.0008260834163516127,1.4688154504978062,0.5103016241030873,-0.001047115947136814,-0.01369897963743992,0.08523521021887367
CMP018,Equinor ASA,EQNR.OL,OBX.OL,NOK,Oslo Børs,PRIMARY_DIRECT,Raw Materials & Energy,False,2023-10-12,286.18585205078125,1209.050048828125,0.02175723838475907,0.011325742948111728,0.010431495436647342,0.05163636184209541,0.10135912164709127,-0.0222214565935569,2026-02-28,790,ok,-0.0008260834163516127,1.4688154504978062,0.5103016241030873,0.015809342814201467,0.005947895570557603,0.09118310578943128
CMP018,Equinor ASA,EQNR.OL,OBX.OL,NOK,Oslo Børs,PRIMARY_DIRECT,Raw Materials & Energy,False,2023-10-13,290.3779296875,1211.8499755859375,0.014648095308271492,0.0023158071582944917,0.012332288149977,0.0670408315000024,0.10390965698485455,-0.009889168443579899,2026-02-28,790,ok,-0.0008260834163516127,1.4688154504978062,0.5103016241030873,0.0025754099181247558,0.012072685390146736,0.10325579117957802
CMP018,Equinor ASA,EQNR.OL,OBX.OL,NOK,Oslo Børs,PRIMARY_DIRECT,Raw Materials & Energy,False,2023-10-16,291.8529357910156,1213.1800537109375,0.005079608168234495,0.0010975600542937336,0.0039820481139407615,0.07246098082352948,0.10512126412791023,-0.005907120329639137,2026-02-28,790,ok,-0.0008260834163516127,1.4688154504978062,0.5103016241030873,0.0007860297492442341,0.004293578418990261,0.10754936959856828
CMP018,Equinor ASA,EQNR.OL,OBX.OL,NOK,Oslo Børs,PRIMARY_DIRECT,Raw Materials & Energy,False,2023-10-17,292.43511962890625,1208.5899658203125,0.001994784929309379,-0.003783517439628681,0.00577830236893806,0.07460030982534871,0.10094001855217782,-0.00012881796070107754,2026-02-28,790,ok,-0.0008260834163516127,1.4688154504978062,0.5103016241030873,-0.0063833722889061195,0.008378157218215498,0.11592752681678378
CMP018,Equinor ASA,EQNR.OL,OBX.OL,NOK,Oslo Børs,PRIMARY_DIRECT,Raw Materials & Energy,False,2023-10-18,295.3851318359375,1209.2900390625,0.010087749415236935,0.0005792479351856006,0.009508501480051335,0.08544060847240287,0.10157773578468743,0.009379683519350257,2026-02-28,790,ok,-0.0008260834163516127,1.4688154504978062,0.5103016241030873,2.472490051794922e-05,0.010063024514718986,0.12599055133150278
CMP018,Equinor ASA,EQNR.OL,OBX.OL,NOK,Oslo Børs,PRIMARY_DIRECT,Raw Materials & Energy,False,2023-10-19,293.2890930175781,1189.449951171875,-0.007095952343070366,-0.01640639321399351,0.009310440870923142,0.07773837364344938,0.08350481829562328,0.0186901243902734,2026-02-28,790,ok,-0.0008260834163516127,1.4688154504978062,0.5103016241030873,-0.024924047256007636,0.01782809491293727,0.14381864624444005
CMP018,Equinor ASA,EQNR.OL,OBX.OL,NOK,Oslo Børs,PRIMARY_DIRECT,Raw Materials & Energy,False,2023-10-20,291.50360107421875,1168.4300537109375,-0.006087822513237362,-0.017671947811026545,0.011584125297789183,0.07117729370900294,0.0643571776937073,0.030274249688062582,2026-02-28,790,ok,-0.0008260834163516127,1.4688154504978062,0.5103016241030873,-0.026782913401578286,0.020695090888340924,0.16451373713278097
CMP018,Equinor ASA,EQNR.OL,OBX.OL,NOK,Oslo Børs,PRIMARY_DIRECT,Raw Materials & Energy,False,2023-10-23,288.9805603027344,1156.9200439453125,-0.008655264505092686,-0.00985083337172743,0.0011955688666347442,0.06190597090010219,0.05387237248824461,0.031469818554697326,2026-02-28,790,ok,-0.0008260834163516127,1.4688154504978062,0.5103016241030873,-0.01529513967302426,0.006639875167931575,0.17115361230071255
CMP018,Equinor ASA,EQNR.OL,OBX.OL,NOK,Oslo Børs,PRIMARY_DIRECT,Raw Materials & Energy,False,2023-10-24,287.89373779296875,1167.4200439453125,-0.0037608844990371093,0.00907582166542209,-0.0128367061644592,0.057912265194709045,0.06343713019906327,0.018633112390238127,2026-02-28,790,ok,-0.0008260834163516127,1.4688154504978062,0.5103016241030873,0.012504623671783083,-0.016265508170820193,0.15488810412989235
CMP018,Equinor ASA,EQNR.OL,OBX.OL,NOK,Oslo Børs,PRIMARY_DIRECT,Raw Materials & Energy,False,2023-10-25,287.272705078125,1166.5899658203125,-0.0021571595117165776,-0.0007110363825815202,-0.0014461231291350574,0.05563017968928263,0.06268098770890362,0.01718698926110307,2026-02-28,790,ok,-0.0008260834163516127,1.4688154504978062,0.5103016241030873,-0.0018704646409534189,-0.0002866948707631587,0.15460140925912919
CMP018,Equinor ASA,EQNR.OL,OBX.OL,NOK,Oslo Børs,PRIMARY_DIRECT,Raw Materials & Energy,False,2023-10-26,285.0990905761719,1160.3900146484375,-0.007566380179982679,-0.005314593262008227,-0.002251786917974452,0.04764288042029019,0.05703327049196161,0.014935202343128617,2026-02-28,790,ok,-0.0008260834163516127,1.4688154504978062,0.5103016241030873,-0.008632240112700832,0.0010658599327181533,0.15566726919184734
CMP018,Equinor ASA,EQNR.OL,OBX.OL,NOK,Oslo Børs,PRIMARY_DIRECT,Raw Materials & Energy,False,2023-10-27,290.18389892578125,1170.4599609375,0.01783523174112278,0.008678070443508101,0.00915716129761468,0.06632783397452346,0.0662062796744225,0.024092363640743297,2026-02-28,790,ok,-0.0008260834163516127,1.4688154504978062,0.5103016241030873,0.011920400531581435,0.005914831209541347,0.16158210040138868
CMP018,Equinor ASA,EQNR.OL,OBX.OL,NOK,Oslo Børs,PRIMARY_DIRECT,Raw Materials & Energy,False,2023-10-30,289.98974609375,1174.6199951171875,-0.0006690682451713226,0.0035541875147573343,-0.004223255759928657,0.06561438788186869,0.06999577672179713,0.01986910788081464,2026-02-28,790,ok,-0.0008260834163516127,1.4688154504978062,0.5103016241030873,0.0043943621192903595,-0.005063430364461682,0.156518670036927
CMP018,Equinor ASA,EQNR.OL,OBX.OL,NOK,Oslo Børs,PRIMARY_DIRECT,Raw Materials & Energy,False,2023-10-31,290.6884765625,1187.06005859375,0.002409500605321746,0.010590713190882894,-0.008181212585561148,0.06818198639450967,0.08132779510851362,0.011687895295253492,2026-02-28,790,ok,-0.0008260834163516127,1.4688154504978062,0.5103016241030873,0.014729719750208104,-0.012320219144886358,0.14419845089204064
CMP018,Equinor ASA,EQNR.OL,OBX.OL,NOK,Oslo Børs,PRIMARY_DIRECT,Raw Materials & Energy,False,2023-11-01,290.7660522460937,1187.02001953125,0.0002668687954576754,-3.37296013037669e-05,0.0003005983967614423,0.0684670508345484,0.08129132235310599,0.011988493692014934,2026-02-28,790,ok,-0.0008260834163516127,1.4688154504978062,0.5103016241030873,-0.0008756259758857165,0.001142494771343392,0.14534094566338404
CMP018,Equinor ASA,EQNR.OL,OBX.OL,NOK,Oslo Børs,PRIMARY_DIRECT,Raw Materials & Energy,False,2023-11-02,290.882568359375,1195.56005859375,0.00040072117216305436,0.00719451982441921,-0.0067937986522561555,0.06889520820357653,0.08907069420774794,0.005194695039758779,2026-02-28,790,ok,-0.0008260834163516127,1.4688154504978062,0.5103016241030873,0.009741338460668086,-0.009340617288505031,0.13600032837487902
CMP018,Equinor ASA,EQNR.OL,OBX.OL,NOK,Oslo Børs,PRIMARY_DIRECT,Raw Materials & Energy,False,2023-11-03,284.7109069824219,1187.7900390625,-0.021217020365855155,-0.006499062489917273,-0.014717957875937882,0.04621643680215626,0.0819927557101543,-0.009523262836179103,2026-02-28,790,ok,-0.0008260834163516127,1.4688154504978062,0.5103016241030873,-0.010372006815292847,-0.010845013550562308,0.12515531482431672
CMP018,Equinor ASA,EQNR.OL,OBX.OL,NOK,Oslo Børs,PRIMARY_DIRECT,Raw Materials & Energy,False,2023-11-06,289.5627746582031,1192.3699951171875,0.017041383230466778,0.00385586332943344,0.013185519901033338,0.06404541204371528,0.0861647718996097,0.003662257064854235,2026-02-28,790,ok,-0.0008260834163516127,1.4688154504978062,0.5103016241030873,0.004837468216928136,0.012203915013538642,0.13735922983785537
CMP018,Equinor ASA,EQNR.OL,OBX.OL,NOK,Oslo Børs,PRIMARY_DIRECT,Raw Materials & Energy,False,2023-11-07,278.6168212890625,1166.5,-0.037801659353696615,-0.02169628154274794,-0.016105377810948673,0.023822729840774937,0.06259903520666121,-0.012443120746094438,2026-02-28,790,ok,-0.0008260834163516127,1.4688154504978062,0.5103016241030873,-0.032693916964690165,-0.0051077423890064505,0.1322514874488489
CMP018,Equinor ASA,EQNR.OL,OBX.OL,NOK,Oslo Børs,PRIMARY_DIRECT,Raw Materials & Energy,False,2023-11-08,278.073486328125,1176.8800048828125,-0.0019501154252772324,0.008898418245017137,-0.010848533670294369,0.0218261573425631,0.07205448584868179,-0.023291654416388807,2026-02-28,790,ok,-0.0008260834163516127,1.4688154504978062,0.5103016241030873,0.01224405078692113,-0.014194166212198362,0.11805732123665054
CMP018,Equinor ASA,EQNR.OL,OBX.OL,NOK,Oslo Børs,PRIMARY_DIRECT,Raw Materials & Energy,False,2023-11-09,280.2859191894531,1189.06005859375,0.00795628842771956,0.010349444004829067,-0.002393155577109507,0.02995610097336887,0.08314965372009864,-0.025684809993498314,2026-02-28,790,ok,-0.0008260834163516127,1.4688154504978062,0.5103016241030873,0.014375339842003213,-0.006419051414283653,0.11163826982236688
CMP018,Equinor ASA,EQNR.OL,OBX.OL,NOK,Oslo Børs,PRIMARY_DIRECT,Raw Materials & Energy,False,2023-11-10,282.8089294433594,1182.760009765625,0.009001559055133557,-0.005298343664470351,0.014299902719603907,0.03922731164047577,0.07741075461463742,-0.011384907273894407,2026-02-28,790,ok,-0.0008260834163516127,1.4688154504978062,0.5103016241030873,-0.008608372452772827,0.017609931507906386,0.12924820133027326
CMP018,Equinor ASA,EQNR.OL,OBX.OL,NOK,Oslo Børs,PRIMARY_DIRECT,Raw Materials & Energy,False,2023-11-13,279.4707946777344,1193.22998046875,-0.011803498468719864,0.008852151422670929,-0.020655649891390793,0.026960793658875604,0.08694815775890041,-0.0320405571652852,2026-02-28,790,ok,-0.0008260834163516127,1.4688154504978062,0.5103016241030873,0.012176093363413583,-0.023979591832133447,0.10526860949813982
CMP018,Equinor ASA,EQNR.OL,OBX.OL,NOK,Oslo Børs,PRIMARY_DIRECT,Raw Materials & Energy,False,2023-11-14,284.3410949707031,1202.010009765625,0.017426866727111356,0.007358203733219826,0.01006866299389153,0.04485750254393728,0.0949461437511383,-0.02197189417139367,2026-02-28,790,ok,-0.0008260834163516127,1.4688154504978062,0.5103016241030873,0.009981759914912304,0.007445106812199053,0.11271371631033887
CMP018,Equinor ASA,EQNR.OL,OBX.OL,NOK,Oslo Børs,PRIMARY_DIRECT,Raw Materials & Energy,False,2023-11-15,283.5030517578125,1204.5999755859375,-0.00294731654239766,0.0021546957173987913,-0.005102012259796451,0.04177797674224126,0.09730541951786109,-0.02707390643119012,2026-02-28,790,ok,-0.0008260834163516127,1.4688154504978062,0.5103016241030873,0.002338766944485186,-0.005286083486882846,0.10742763282345602
CMP018,Equinor ASA,EQNR.OL,OBX.OL,NOK,Oslo Børs,PRIMARY_DIRECT,Raw Materials & Energy,False,2023-11-16,275.0426025390625,1183.18994140625,-0.029842533144854744,-0.017773563517858526,-0.012068969626996218,0.010688682941731198,0.07780239194556993,-0.03914287605818634,2026-02-28,790,ok,-0.0008260834163516127,1.4688154504978062,0.5103016241030873,-0.026932168121786355,-0.002910365023068389,0.10451726780038763
CMP018,Equinor ASA,EQNR.OL,OBX.OL,NOK,Oslo Børs,PRIMARY_DIRECT,Raw Materials & Energy,False,2023-11-17,278.5544738769531,1195.9000244140625,0.012768463159782195,0.01074221691971644,0.0020262462400657544,0.0235936241558814,0.08938037903643847,-0.03711662981812058,2026-02-28,790,ok,-0.0008260834163516127,1.4688154504978062,0.5103016241030873,0.014952250767926846,-0.0021837876081446505,0.10233348019224298
CMP018,Equinor ASA,EQNR.OL,OBX.OL,NOK,Oslo Børs,PRIMARY_DIRECT,Raw Materials & Energy,False,2023-11-20,282.70489501953125,1205.93994140625,0.014899854541239543,0.008395281200120897,0.006504573341118647,0.03884502026514425,0.09852603365234369,-0.030612056477001937,2026-02-28,790,ok,-0.0008260834163516127,1.4688154504978062,0.5103016241030873,0.011505035321659725,0.003394819219579818,0.1057282994118228
CMP018,Equinor ASA,EQNR.OL,OBX.OL,NOK,Oslo Børs,PRIMARY_DIRECT,Raw Materials & Energy,False,2023-11-21,278.8338317871094,1189.3599853515625,-0.013692947312265114,-0.01374857526930695,5.5627957041837206e-05,0.02462017013704454,0.08342286579338132,-0.0305564285199601,2026-02-28,790,ok,-0.0008260834163516127,1.4688154504978062,0.5103016241030873,-0.021020203194241697,0.007327255881976583,0.11305555529379938
CMP018,Equinor ASA,EQNR.OL,OBX.OL,NOK,Oslo Børs,PRIMARY_DIRECT,Raw Materials & Energy,False,2023-11-22,274.0848388671875,1184.9200439453125,-0.017031623779239724,-0.003733050935741389,-0.013298572843498335,0.007169224882649816,0.07937839305042771,-0.043855001363458435,2026-02-28,790,ok,-0.0008260834163516127,1.4688154504978062,0.5103016241030873,-0.006309246308263858,-0.010722377470975866,0.10233317782282352
CMP018,Equinor ASA,EQNR.OL,OBX.OL,NOK,Oslo Børs,PRIMARY_DIRECT,Raw Materials & Energy,False,2023-11-23,280.9090270996094,1203.3599853515625,0.024898087251475687,0.015562182022723192,0.009335905228752495,0.03224581212077915,0.09617587607447287,-0.03451909613470594,2026-02-28,790,ok,-0.0008260834163516127,1.4688154504978062,0.5103016241030873,0.022031889982083414,0.0028661972693922733,0.10519937509221579
CMP018,Equinor ASA,EQNR.OL,OBX.OL,NOK,Oslo Børs,PRIMARY_DIRECT,Raw Materials & Energy,False,2023-11-24,283.4631042480469,1211.2900390625,0.009092186088885734,0.006589926379030109,0.0025022597098556254,0.04163118313405434,0.10339959439627244,-0.032016836424850315,2026-02-28,790,ok,-0.0008260834163516127,1.4688154504978062,0.5103016241030873,0.008853302266810872,0.0002388838220748618,0.10543825891429065
CMP018,Equinor ASA,EQNR.OL,OBX.OL,NOK,Oslo Børs,PRIMARY_DIRECT,Raw Materials & Energy,False,2023-11-27,281.06866455078125,1208.219970703125,-0.0084470947413684,-0.0025345443786123356,-0.005912550362756064,0.03283242584455737,0.10060297915693228,-0.03792938678760638,2026-02-28,790,ok,-0.0008260834163516127,1.4688154504978062,0.5103016241030873,-0.0045488613596297725,-0.003898233381738627,0.10154002553255202
CMP018,Equinor ASA,EQNR.OL,OBX.OL,NOK,Oslo Børs,PRIMARY_DIRECT,Raw Materials & Energy,False,2023-11-28,278.7539978027344,1196.6300048828125,-0.00823523586930719,-0.009592595803202708,0.001357359933895519,0.024326807204258616,0.09004533963807915,-0.03657202685371086,2026-02-28,790,ok,-0.0008260834163516127,1.4688154504978062,0.5103016241030873,-0.014915836342476164,0.006680600473168975,0.108220626005721
CMP018,Equinor ASA,EQNR.OL,OBX.OL,NOK,Oslo Børs,PRIMARY_DIRECT,Raw Materials & Energy,False,2023-11-29,273.1669616699219,1190.8499755859375,-0.02004289149878402,-0.004830256030092683,-0.015212635468691338,0.003796336148167878,0.08478014156321789,-0.0517846623224022,2026-02-28,790,ok,-0.0008260834163516127,1.4688154504978062,0.5103016241030873,-0.007920838103211942,-0.01212205339557208,0.09609857261014891
CMP018,Equinor ASA,EQNR.OL,OBX.OL,NOK,Oslo Børs,PRIMARY_DIRECT,Raw Materials & Energy,False,2023-11-30,277.8361511230469,1199.93994140625,0.017092804432063735,0.00763317462876878,0.009459629803294956,0.02095403061157053,0.09306045781759043,-0.04232503251910724,2026-02-28,790,ok,-0.0008260834163516127,1.4688154504978062,0.5103016241030873,0.010385641414731826,0.006707163017331909,0.10280573562748083
CMP018,Equinor ASA,EQNR.OL,OBX.OL,NOK,Oslo Børs,PRIMARY_DIRECT,Raw Materials & Energy,False,2023-12-01,273.88531494140625,1203.010009765625,-0.014220022000991817,0.002558518350324279,-0.016778540351316096,0.006436041834272821,0.09585707305693059,-0.05910357287042334,2026-02-28,790,ok,-0.0008260834163516127,1.4688154504978062,0.5103016241030873,0.002931907866986847,-0.017151929867978664,0.08565380575950216
CMP018,Equinor ASA,EQNR.OL,OBX.OL,NOK,Oslo Børs,PRIMARY_DIRECT,Raw Materials & Energy,False,2023-12-04,266.3427734375,1190.239990234375,-0.027539050443503577,-0.010615056755627461,-0.016923993687876115,-0.021280251089961344,0.08422448803037552,-0.07602756655829945,2026-02-28,790,ok,-0.0008260834163516127,1.4688154504978062,0.5103016241030873,-0.01641764278692834,-0.011121407656575235,0.07453239810292692
CMP018,Equinor ASA,EQNR.OL,OBX.OL,NOK,Oslo Børs,PRIMARY_DIRECT,Raw Materials & Energy,False,2023-12-05,265.10565185546875,1189.530029296875,-0.004644847562652377,-0.000596485535123259,-0.004048362027529118,-0.025826255130205866,0.083577763806439,-0.08007592858582857,2026-02-28,790,ok,-0.0008260834163516127,1.4688154504978062,0.5103016241030873,-0.0017022105863391073,-0.002942636976313269,0.07158976112661365
CMP018,Equinor ASA,EQNR.OL,OBX.OL,NOK,Oslo Børs,PRIMARY_DIRECT,Raw Materials & Energy,False,2023-12-06,262.3520812988281,1187.4200439453125,-0.010386691258252867,-0.001773797465886351,-0.008612893792366516,-0.03594469705006442,0.08165571631490831,-0.08868882237819509,2026-02-28,790,ok,-0.0008260834163516127,1.4688154504978062,0.5103016241030873,-0.0034314645402993404,-0.006955226717953527,0.06463453440866013
CMP018,Equinor ASA,EQNR.OL,OBX.OL,NOK,Oslo Børs,PRIMARY_DIRECT,Raw Materials & Energy,False,2023-12-07,265.74420166015625,1182.9599609375,0.012929649136133037,-0.0037561122793526858,0.016685761415485723,-0.02347980023509333,0.07759289599682595,-0.07200306096270936,2026-02-28,790,ok,-0.0008260834163516127,1.4688154504978062,0.5103016241030873,-0.0063431191660693696,0.019272768302202405,0.08390730271086252
CMP018,Equinor ASA,EQNR.OL,OBX.OL,NOK,Oslo Børs,PRIMARY_DIRECT,Raw Materials & Energy,False,2023-12-08,267.18084716796875,1189.5699462890625,0.005406121747294934,0.00558766616777473,-0.00018154442047979558,-0.018200613146471478,0.08361412536442181,-0.07218460538318916,2026-02-28,790,ok,-0.0008260834163516127,1.4688154504978062,0.5103016241030873,0.007381166983099777,-0.0019750452358048426,0.08193225747505768
CMP018,Equinor ASA,EQNR.OL,OBX.OL,NOK,Oslo Børs,PRIMARY_DIRECT,Raw Materials & Energy,False,2023-12-11,266.0634765625,1190.989990234375,-0.004182075988277356,0.0011937456471076136,-0.00537582163538497,-0.022306572787537005,0.0849076850097199,-0.07756042701857413,2026-02-28,790,ok,-0.0008260834163516127,1.4688154504978062,0.5103016241030873,0.0009273086340845517,-0.005109384622361908,0.07682287285269578
CMP018,Equinor ASA,EQNR.OL,OBX.OL,NOK,Oslo Børs,PRIMARY_DIRECT,Raw Materials & Energy,False,2023-12-12,263.94830322265625,1183.5400390625,-0.007949882363304739,-0.006255259265788515,-0.0016946230975162235,-0.03007912052125228,0.0781213061605377,-0.07925505011609035,2026-02-28,790,ok,-0.0008260834163516127,1.4688154504978062,0.5103016241030873,-0.010013904872811348,0.002064022509506609,0.07888689536220239
CMP018,Equinor ASA,EQNR.OL,OBX.OL,NOK,Oslo Børs,PRIMARY_DIRECT,Raw Materials & Energy,False,2023-12-13,265.0657958984375,1182.1300048828125,0.004233755861042798,-0.0011913700704240249,0.005425125931466823,-0.025972712313011348,0.07683686470409157,-0.07382992418462353,2026-02-28,790,ok,-0.0008260834163516127,1.4688154504978062,0.5103016241030873,-0.00257598618305108,0.006809742044093878,0.08569663740629627
CMP018,Equinor ASA,EQNR.OL,OBX.OL,NOK,Oslo Børs,PRIMARY_DIRECT,Raw Materials & Energy,False,2023-12-14,264.9859619140625,1195.18994140625,-0.0003011855381204187,0.01104780055450183,-0.011348986092622249,-0.02626607524579727,0.08873354361507735,-0.08517891027724578,2026-02-28,790,ok,-0.0008260834163516127,1.4688154504978062,0.5103016241030873,0.015401096732118905,-0.015702282270239322,0.06999435513605695
CMP018,Equinor ASA,EQNR.OL,OBX.OL,NOK,Oslo Børs,PRIMARY_DIRECT,Raw Materials & Energy,False,2023-12-15,257.7227478027344,1187.1500244140625,-0.02740980714172192,-0.0067268947919088,-0.02068291234981312,-0.052955934330661925,0.0814097476107567,-0.1058618226270589,2026-02-28,790,ok,-0.0008260834163516127,1.4688154504978062,0.5103016241030873,-0.010706650420580482,-0.01670315672114144,0.05329119841491552
CMP018,Equinor ASA,EQNR.OL,OBX.OL,NOK,Oslo Børs,PRIMARY_DIRECT,Raw Materials & Energy,False,2023-12-18,264.5469665527344,1199.3900146484375,0.02647891506737854,0.01031039883978968,0.01616851622758886,-0.02787923495073863,0.09255951341785984,-0.08969330639947004,2026-02-28,790,ok,-0.0008260834163516127,1.4688154504978062,0.5103016241030873,0.014317989700326125,0.012160925367052414,0.06545212378196794
CMP018,Equinor ASA,EQNR.OL,OBX.OL,NOK,Oslo Børs,PRIMARY_DIRECT,Raw Materials & Energy,False,2023-12-19,258.9200134277344,1190.280029296875,-0.021270147975324893,-0.007595515420588894,-0.013674632554736,-0.04855638747322244,0.08426096078578338,-0.10336793895420604,2026-02-28,790,ok,-0.0008260834163516127,1.4688154504978062,0.5103016241030873,-0.011982493820606923,-0.00928765415471797,0.05616446962724997
CMP018,Equinor ASA,EQNR.OL,OBX.OL,NOK,Oslo Børs,PRIMARY_DIRECT,Raw Materials & Energy,False,2023-12-20,259.95758056640625,1186.1600341796875,0.0040072882931525555,-0.0034613662464128003,0.007468654539565356,-0.0447436786231491,0.08050793649381638,-0.09589928441464068,2026-02-28,790,ok,-0.0008260834163516127,1.4688154504978062,0.5103016241030873,-0.005910191638914331,0.009917479932066885,0.06608194955931686
CMP018,Equinor ASA,EQNR.OL,OBX.OL,NOK,Oslo Børs,PRIMARY_DIRECT,Raw Materials & Energy,False,2023-12-21,258.7603759765625,1181.3199462890625,-0.004605384414007929,-0.004080467855226866,-0.0005249165587810634,-0.049143001197000546,0.07609895859163585,-0.09642420097342175,2026-02-28,790,ok,-0.0008260834163516127,1.4688154504978062,0.5103016241030873,-0.006819537647368479,0.0022141532333605496,0.06829610279267741
CMP018,Equinor ASA,EQNR.OL,OBX.OL,NOK,Oslo Børs,PRIMARY_DIRECT,Raw Materials & Energy,False,2023-12-22,259.3988342285156,1185.0400390625,0.0024673725625246057,0.003149098417514651,-0.0006817258549900451,-0.04679688272726956,0.07948770011922601,-0.09710592682841179,2026-02-28,790,ok,-0.0008260834163516127,1.4688154504978062,0.5103016241030873,0.0037993609944320973,-0.0013319884319074916,0.06696411436076992
CMP018,Equinor ASA,EQNR.OL,OBX.OL,NOK,Oslo Børs,PRIMARY_DIRECT,Raw Materials & Energy,False,2023-12-27,261.8332214355469,1193.949951171875,0.009384726859977599,0.007518659130221206,0.0018660677297563932,-0.03785133182958578,0.0876040001716889,-0.0952398590986554,2026-02-28,790,ok,-0.0008260834163516127,1.4688154504978062,0.5103016241030873,0.010217439281143692,-0.0008327124211660927,0.06613140193960383
CMP018,Equinor ASA,EQNR.OL,OBX.OL,NOK,Oslo Børs,PRIMARY_DIRECT,Raw Materials & Energy,False,2023-12-28,258.1617431640625,1191.9000244140625,-0.01402220180981939,-0.0017169285494760267,-0.012305273260343363,-0.05134277462572023,0.08573666181326978,-0.10754513235899876,2026-02-28,790,ok,-0.0008260834163516127,1.4688154504978062,0.5103016241030873,-0.003347934597222788,-0.010674267212596601,0.05545713472700723
CMP018,Equinor ASA,EQNR.OL,OBX.OL,NOK,Oslo Børs,PRIMARY_DIRECT,Raw Materials & Energy,False,2023-12-29,257.1241149902344,1193.8299560546875,-0.004019294885101221,0.0016192059745729903,-0.0056385008596742114,-0.05515570775938139,0.08749469310289082,-0.11318363321867297,2026-02-28,790,ok,-0.0008260834163516127,1.4688154504978062,0.5103016241030873,0.001552231336639553,-0.0055715262217407744,0.04988560850526646
CMP018,Equinor ASA,EQNR.OL,OBX.OL,NOK,Oslo Børs,PRIMARY_DIRECT,Raw Materials & Energy,False,2024-01-02,260.4764099121094,1197.8299560546875,0.01303765273825963,0.0033505609234492084,0.009687091814810422,-0.04283715598542148,0.09113841032605974,-0.10349654140386255,2026-02-28,790,ok,-0.0008260834163516127,1.4688154504978062,0.5103016241030873,0.004095272235844782,0.008942380502414849,0.05882798900768131
CMP018,Equinor ASA,EQNR.OL,OBX.OL,NOK,Oslo Børs,PRIMARY_DIRECT,Raw Materials & Energy,False,2024-01-03,262.8309326171875,1199.1600341796875,0.009039293446468255,0.0011104064631852761,0.007928886983282979,-0.03418508016231758,0.09235001746911542,-0.09556765442057957,2026-02-28,790,ok,-0.0008260834163516127,1.4688154504978062,0.5103016241030873,0.0008048987531075443,0.008234394693360712,0.06706238370104202
CMP018,Equinor ASA,EQNR.OL,OBX.OL,NOK,Oslo Børs,PRIMARY_DIRECT,Raw Materials & Energy,False,2024-01-04,267.3404846191406,1213.9200439453125,0.017157615190299014,0.012308623824110354,0.00484899136618866,-0.01761399942269315,0.10579534291840309,-0.09071866305439091,2026-02-28,790,ok,-0.0008260834163516127,1.4688154504978062,0.5103016241030873,0.01725301343086707,-9.539824056805507e-05,0.06696698546047397
CMP018,Equinor ASA,EQNR.OL,OBX.OL,NOK,Oslo Børs,PRIMARY_DIRECT,Raw Materials & Energy,False,2024-01-05,266.3826599121094,1208.3900146484375,-0.0035827895965543366,-0.004555513622546359,0.0009727240259920222,-0.021133681765362122,0.10075787716998996,-0.08974593902839889,2026-02-28,790,ok,-0.0008260834163516127,1.4688154504978062,0.5103016241030873,-0.007517292210100936,0.003934502613546599,0.07090148807402057
CMP018,Equinor ASA,EQNR.OL,OBX.OL,NOK,Oslo Børs,PRIMARY_DIRECT,Raw Materials & Energy,False,2024-01-08,254.45034790039065,1194.260009765625,-0.0447938766571957,-0.011693248629601971,-0.033100628027593726,-0.06498089888824776,0.08788644163124837,-0.12284656705599262,2026-02-28,790,ok,-0.0008260834163516127,1.4688154504978062,0.5103016241030873,-0.018001307670023284,-0.026792568987172413,0.04410891908684815
CMP018,Equinor ASA,EQNR.OL,OBX.OL,NOK,Oslo Børs,PRIMARY_DIRECT,Raw Materials & Energy,False,2024-01-09,253.5724029541016,1191.5400390625,-0.0034503586005422138,-0.0022775364500891015,-0.0011728221504531122,-0.06820705008543992,0.08540874060687553,-0.12401938920644573,2026-02-28,790,ok,-0.0008260834163516127,1.4688154504978062,0.5103016241030873,-0.004171364143314411,0.0007210055427721972,0.04482992462962035
CMP018,Equinor ASA,EQNR.OL,OBX.OL,NOK,Oslo Børs,PRIMARY_DIRECT,Raw Materials & Energy,False,2024-01-10,249.94081115722656,1185.75,-0.014321715433411653,-0.004859290391160953,-0.0094624250422507,-0.08155192355697549,0.08013442434316254,-0.13348181424869643,2026-02-28,790,ok,-0.0008260834163516127,1.4688154504978062,0.5103016241030873,-0.007963484221344349,-0.006358231212067304,0.03847169341755305
CMP018,Equinor ASA,EQNR.OL,OBX.OL,NOK,Oslo Børs,PRIMARY_DIRECT,Raw Materials & Energy,False,2024-01-11,248.3045654296875,1177.0999755859375,-0.006546532836967489,-0.007294981584703764,0.0007484487477362745,-0.08756457404845941,0.07225486360857447,-0.13273336550096015,2026-02-28,790,ok,-0.0008260834163516127,1.4688154504978062,0.5103016241030873,-0.01154106507906147,0.0049945322420939815,0.04346622565964703
CMP018,Equinor ASA,EQNR.OL,OBX.OL,NOK,Oslo Børs,PRIMARY_DIRECT,Raw Materials & Energy,False,2024-01-12,251.41741943359372,1183.5,0.012536434835660248,0.005437112009858636,0.007099322825801613,-0.07612588678927001,0.07808483340513006,-0.12563404267515854,2026-02-28,790,ok,-0.0008260834163516127,1.4688154504978062,0.5103016241030873,0.007160030709815931,0.005376404125844317,0.048842629785491344
CMP018,Equinor ASA,EQNR.OL,OBX.OL,NOK,Oslo Børs,PRIMARY_DIRECT,Raw Materials & Energy,False,2024-01-15,244.43356323242188,1173.050048828125,-0.027777932877146916,-0.008829701032424975,-0.01894823184472194,-0.1017891998929713,0.068565666638571,-0.14458227451988048,2026-02-28,790,ok,-0.0008260834163516127,1.4688154504978062,0.5103016241030873,-0.013795284716053846,-0.01398264816109307,0.034859981624398274
CMP018,Equinor ASA,EQNR.OL,OBX.OL,NOK,Oslo Børs,PRIMARY_DIRECT,Raw Materials & Energy,False,2024-01-16,245.0720977783203,1174.0400390625,0.00261230306286242,0.0008439454355455567,0.0017683576273168633,-0.09944280106875558,0.06946747775551132,-0.14281391689256362,2026-02-28,790,ok,-0.0008260834163516127,1.4688154504978062,0.5103016241030873,0.00041351667875480134,0.0021987863841076184,0.037058768008505896
CMP018,Equinor ASA,EQNR.OL,OBX.OL,NOK,Oslo Børs,PRIMARY_DIRECT,Raw Materials & Energy,False,2024-01-17,241.4803924560547,1161.6700439453125,-0.014655708890673025,-0.010536263419998249,-0.004119445470674776,-0.11264110521569182,0.058199286690758134,-0.1469333623632384,2026-02-28,790,ok,-0.0008260834163516127,1.4688154504978062,0.5103016241030873,-0.016301909918159895,0.0016462010274868703,0.03870496903599277
CMP018,Equinor ASA,EQNR.OL,OBX.OL,NOK,Oslo Børs,PRIMARY_DIRECT,Raw Materials & Energy,False,2024-01-18,238.8065948486328,1166.739990234375,-0.011072524689177188,0.004364360013833002,-0.01543688470301019,-0.12246640848635204,0.06281764934425782,-0.16237024706624859,2026-02-28,790,ok,-0.0008260834163516127,1.4688154504978062,0.5103016241030873,0.005584356003501119,-0.016656880692678306,0.022048088343314464
CMP018,Equinor ASA,EQNR.OL,OBX.OL,NOK,Oslo Børs,PRIMARY_DIRECT,Raw Materials & Energy,False,2024-01-19,237.68919372558597,1167.260009765625,-0.0046791049625539705,0.0004457030148983243,-0.005124807977452295,-0.1265724802692113,0.06329135037485778,-0.16749505504370088,2026-02-28,790,ok,-0.0008260834163516127,1.4688154504978062,0.5103016241030873,-0.00017142794173550006,-0.00450767702081847,0.017540411322495994
CMP018,Equinor ASA,EQNR.OL,OBX.OL,NOK,Oslo Børs,PRIMARY_DIRECT,Raw Materials & Energy,False,2024-01-22,234.41673278808597,1167.0,-0.013767815381956705,-0.00022275222611045642,-0.013545063155846249,-0.13859766911038518,0.06305449985955769,-0.18104011819954713,2026-02-28,790,ok,-0.0008260834163516127,1.4688154504978062,0.5103016241030873,-0.0011532653276954319,-0.012614550054261273,0.004925861268234721
CMP018,Equinor ASA,EQNR.OL,OBX.OL,NOK,Oslo Børs,PRIMARY_DIRECT,Raw Materials & Energy,False,2024-01-23,236.97085571289065,1173.5699462890625,0.010895651067339251,0.005629774026617351,0.0052658770407219,-0.1292121298844192,0.06903925647174569,-0.17577424115882523,2026-02-28,790,ok,-0.0008260834163516127,1.4688154504978062,0.5103016241030873,0.0074430156567552,0.003452635410584052,0.008378496678818773
CMP018,Equinor ASA,EQNR.OL,OBX.OL,NOK,Oslo Børs,PRIMARY_DIRECT,Raw Materials & Energy,False,2024-01-24,236.3721923828125,1174.6400146484375,-0.002526316277489782,0.0009118062052957399,-0.0034381224827855217,-0.13141201545493286,0.07001401309950128,-0.17921236364161075,2026-02-28,790,ok,-0.0008260834163516127,1.4688154504978062,0.5103016241030873,0.0005131916258465446,-0.003039507903336326,0.005338988775482447
CMP018,Equinor ASA,EQNR.OL,OBX.OL,NOK,Oslo Børs,PRIMARY_DIRECT,Raw Materials & Energy,False,2024-01-25,238.5272674560547,1172.1800537109375,0.009117295277068616,-0.0020942253854993043,0.01121152066256792,-0.12349284232572155,0.06777316259042832,-0.16800084297904283,2026-02-28,790,ok,-0.0008260834163516127,1.4688154504978062,0.5103016241030873,-0.003902114019397715,0.01301940929646633,0.018358398071948778
CMP018,Equinor ASA,EQNR.OL,OBX.OL,NOK,Oslo Børs,PRIMARY_DIRECT,Raw Materials & Energy,False,2024-01-26,240.72218322753903,1178.4200439453125,0.009201949089064687,0.0053234059175637505,0.0038785431715009366,-0.11542726808460202,0.07345735256277797,-0.1641222998075419,2026-02-28,790,ok,-0.0008260834163516127,1.4688154504978062,0.5103016241030873,0.006993017444637475,0.002208931644427212,0.02056732971637599
CMP018,Equinor ASA,EQNR.OL,OBX.OL,NOK,Oslo Børs,PRIMARY_DIRECT,Raw Materials & Energy,False,2024-01-29,240.88177490234372,1177.699951171875,0.0006629703696805489,-0.000611066297740992,0.0012740366674215409,-0.11484082257351469,0.07280139895256466,-0.16284826314012035,2026-02-28,790,ok,-0.0008260834163516127,1.4688154504978062,0.5103016241030873,-0.0017236270357520744,0.002386597405432623,0.02295392712180861
CMP018,Equinor ASA,EQNR.OL,OBX.OL,NOK,Oslo Børs,PRIMARY_DIRECT,Raw Materials & Energy,False,2024-01-30,240.6024475097656,1167.8399658203125,-0.0011596036798191545,-0.008372238906651286,0.007212635226832131,-0.11586725641288409,0.06381964934114404,-0.15563562791328822,2026-02-28,790,ok,-0.0008260834163516127,1.4688154504978062,0.5103016241030873,-0.013123357277699881,0.011963753597880726,0.034917680719689335
CMP018,Equinor ASA,EQNR.OL,OBX.OL,NOK,Oslo Børs,PRIMARY_DIRECT,Raw Materials & Energy,False,2024-01-31,241.5601959228516,1163.3399658203125,0.003980626228031747,-0.003853267683675443,0.00783389391170719,-0.11234785442469952,0.059720467465078864,-0.14780173400158103,2026-02-28,790,ok,-0.0008260834163516127,1.4688154504978062,0.5103016241030873,-0.006485822525037997,0.010466448753069745,0.04538412947275908
CMP018,Equinor ASA,EQNR.OL,OBX.OL,NOK,Oslo Børs,PRIMARY_DIRECT,Raw Materials & Energy,False,2024-02-01,243.5157165527344,1164.5799560546875,0.008095376071425964,0.0010658881073519755,0.007029487964073988,-0.10516197648565928,0.06085001090846731,-0.14077224603750704,2026-02-28,790,ok,-0.0008260834163516127,1.4688154504978062,0.5103016241030873,0.0007395095042288331,0.00735586656719713,0.05273999603995621
CMP018,Equinor ASA,EQNR.OL,OBX.OL,NOK,Oslo Børs,PRIMARY_DIRECT,Raw Materials & Energy,False,2024-02-02,240.3230743408203,1158.9200439453125,-0.013110620772695425,-0.004860045959016346,-0.008250574813679079,-0.11689385846494416,0.05569423109982918,-0.14902282085118612,2026-02-28,790,ok,-0.0008260834163516127,1.4688154504978062,0.5103016241030873,-0.007964594011084248,-0.005146026761611177,0.047593969278345034
CMP018,Equinor ASA,EQNR.OL,OBX.OL,NOK,Oslo Børs,PRIMARY_DIRECT,Raw Materials & Energy,False,2024-02-05,240.20335388183597,1151.050048828125,-0.0004981646448753985,-0.006790800761712346,0.006292636116836947,-0.1173337907223293,0.04852522191114117,-0.14273018473434917,2026-02-28,790,ok,-0.0008260834163516127,1.4688154504978062,0.5103016241030873,-0.010800516496406978,0.01030235185153158,0.05789632112987661
CMP018,Equinor ASA,EQNR.OL,OBX.OL,NOK,Oslo Børs,PRIMARY_DIRECT,Raw Materials & Energy,False,2024-02-06,246.269287109375,1158.5899658203125,0.025253324441602443,0.006550468417827471,0.018702856023774972,-0.09504353456580095,0.055393553262565565,-0.1240273287105742,2026-02-28,790,ok,-0.0008260834163516127,1.4688154504978062,0.5103016241030873,0.008795345803751294,0.01645797863785115,0.07435429976772776
CMP018,Equinor ASA,EQNR.OL,OBX.OL,NOK,Oslo Børs,PRIMARY_DIRECT,Raw Materials & Energy,False,2024-02-07,227.15362548828125,1137.47998046875,-0.0776209727386914,-0.018220410994683633,-0.05940056174400776,-0.16528713569897147,0.036163848960982126,-0.18342789045458197,2026-02-28,790,ok,-0.0008260834163516127,1.4688154504978062,0.5103016241030873,-0.027588504599763034,-0.050032468138928365,0.02432183162879939
CMP018,Equinor ASA,EQNR.OL,OBX.OL,NOK,Oslo Børs,PRIMARY_DIRECT,Raw Materials & Energy,False,2024-02-08,222.40460205078125,1126.7099609375,-0.020906659214844914,-0.00946831567691564,-0.011438343537929274,-0.18273819309516015,0.02635312254601163,-0.19486623399251124,2026-02-28,790,ok,-0.0008260834163516127,1.4688154504978062,0.5103016241030873,-0.0147332917727959,-0.0061733674420490145,0.018148464186750375
CMP018,Equinor ASA,EQNR.OL,OBX.OL,NOK,Oslo Børs,PRIMARY_DIRECT,Raw Materials & Energy,False,2024-02-09,221.52659606933597,1134.4200439453125,-0.003947786931337016,0.006843005986560291,-0.010790792917897307,-0.1859645685759399,0.03337646310791875,-0.20565702691040855,2026-02-28,790,ok,-0.0008260834163516127,1.4688154504978062,0.5103016241030873,0.009225029504557126,-0.013172816435894142,0.004975647750856233
CMP018,Equinor ASA,EQNR.OL,OBX.OL,NOK,Oslo Børs,PRIMARY_DIRECT,Raw Materials & Energy,False,2024-02-12,221.84588623046875,1144.9200439453125,0.001441317506783113,0.009255830815085853,-0.00781451330830274,-0.18479128505748665,0.04294122081873741,-0.2134715402187113,2026-02-28,790,ok,-0.0008260834163516127,1.4688154504978062,0.5103016241030873,0.012769023892040189,-0.011327706385257076,-0.006352058634400843
CMP018,Equinor ASA,EQNR.OL,OBX.OL,NOK,Oslo Børs,PRIMARY_DIRECT,Raw Materials & Energy,False,2024-02-13,209.15528869628903,1136.1300048828125,-0.05720456551984854,-0.007677426130308751,-0.04952713938953979,-0.23142494540376723,0.03493411663764756,-0.2629986796082511,2026-02-28,790,ok,-0.0008260834163516127,1.4688154504978062,0.5103016241030873,-0.012102805536604689,-0.04510175998324385,-0.0514538186176447
CMP018,Equinor ASA,EQNR.OL,OBX.OL,NOK,Oslo Børs,PRIMARY_DIRECT,Raw Materials & Energy,False,2024-02-14,218.6124725341797,1145.5999755859375,0.04521608751487638,0.008335287918130208,0.03688079959674617,-0.1966729884733931,0.043560590476118044,-0.2261178800115049,2026-02-28,790,ok,-0.0008260834163516127,1.4688154504978062,0.5103016241030873,0.011416916262145728,0.03379917125273065,-0.017654647364914046
CMP018,Equinor ASA,EQNR.OL,OBX.OL,NOK,Oslo Børs,PRIMARY_DIRECT,Raw Materials & Energy,False,2024-02-15,216.9149169921875,1151.4200439453125,-0.007765135823742941,0.00508036704208048,-0.012845502865823422,-0.20291093182877873,0.048862261306386934,-0.23896338287732832,2026-02-28,790,ok,-0.0008260834163516127,1.4688154504978062,0.5103016241030873,0.006636038189256035,-0.014401174012998976,-0.03205582137791302
CMP018,Equinor ASA,EQNR.OL,OBX.OL,NOK,Oslo Børs,PRIMARY_DIRECT,Raw Materials & Energy,False,2024-02-16,220.30999755859372,1167.4000244140625,0.015651669389470824,0.013878497732239481,0.0017731716572313427,-0.19043515725980142,0.06341889382135912,-0.23719021122009698,2026-02-28,790,ok,-0.0008260834163516127,1.4688154504978062,0.5103016241030873,0.019558868482460502,-0.0039071990929896785,-0.0359630204709027
CMP018,Equinor ASA,EQNR.OL,OBX.OL,NOK,Oslo Børs,PRIMARY_DIRECT,Raw Materials & Energy,False,2024-02-20,218.8194732666016,1166.449951171875,-0.006765577179926763,-0.0008138369216365016,-0.005951740258290261,-0.1959123306855155,0.06255344426240139,-0.24314195147838724,2026-02-28,790,ok,-0.0008260834163516127,1.4688154504978062,0.5103016241030873,-0.0020214596610368786,-0.004744117518889884,-0.04070713798979258
CMP018,Equinor ASA,EQNR.OL,OBX.OL,NOK,Oslo Børs,PRIMARY_DIRECT,Raw Materials & Energy,False,2024-02-21,218.52963256835935,1165.1199951171875,-0.001324565377639475,-0.0011401741269322363,-0.00018439125070723872,-0.19697739737287634,0.061341948316770756,-0.24332634272909448,2026-02-28,790,ok,-0.0008260834163516127,1.4688154504978062,0.5103016241030873,-0.0025007887902475283,0.0011762234126080533,-0.03953091457718452
CMP018,Equinor ASA,EQNR.OL,OBX.OL,NOK,Oslo Børs,PRIMARY_DIRECT,Raw Materials & Energy,False,2024-02-22,221.34510803222656,1167.1300048828125,0.012883723963552196,0.0017251525800334733,0.011158571383518723,-0.1866314758241352,0.06317292511720729,-0.23216777134557576,2026-02-28,790,ok,-0.0008260834163516127,1.4688154504978062,0.5103016241030873,0.0017078473476677058,0.01117587661588449,-0.028355037961300032
CMP018,Equinor ASA,EQNR.OL,OBX.OL,NOK,Oslo Børs,PRIMARY_DIRECT,Raw Materials & Energy,False,2024-02-23,219.771728515625,1165.1199951171875,-0.007108264242155715,-0.0017221815540822139,-0.005386082688073501,-0.19241311422022944,0.061341948316770756,-0.23755385403364926,2026-02-28,790,ok,-0.0008260834163516127,1.4688154504978062,0.5103016241030873,-0.003355650291549892,-0.0037526139506058234,-0.03210765191190586
CMP018,Equinor ASA,EQNR.OL,OBX.OL,NOK,Oslo Børs,PRIMARY_DIRECT,Raw Materials & Energy,False,2024-02-26,217.7843780517578,1168.2900390625,-0.009042793981237196,0.0027207875228281164,-0.011763581504065312,-0.1997159560502848,0.06422963424720507,-0.24931743553771457,2026-02-28,790,ok,-0.0008260834163516127,1.4688154504978062,0.5103016241030873,0.0031702513346999767,-0.012213045315937173,-0.04432069722784303
CMP018,Equinor ASA,EQNR.OL,OBX.OL,NOK,Oslo Børs,PRIMARY_DIRECT,Raw Materials & Energy,False,2024-02-27,217.2047271728516,1166.9100341796875,-0.002661581533494828,-0.0011812177085066544,-0.0014803638249881734,-0.20184597728321196,0.06297254735731461,-0.25079779936270274,2026-02-28,790,ok,-0.0008260834163516127,1.4688154504978062,0.5103016241030873,-0.0025610742370078005,-0.00010050729648702732,-0.04442120452433006
CMP018,Equinor ASA,EQNR.OL,OBX.OL,NOK,Oslo Børs,PRIMARY_DIRECT,Raw Materials & Energy,False,2024-02-28,218.94366455078125,1169.6400146484375,0.008005983113552606,0.0023394952385247247,0.005666487875027881,-0.1954559696553273,0.06545936657053963,-0.24513131148767486,2026-02-28,790,ok,-0.0008260834163516127,1.4688154504978062,0.5103016241030873,0.0026102033363595532,0.005395779777193053,-0.03902542474713701
CMP018,Equinor ASA,EQNR.OL,OBX.OL,NOK,Oslo Børs,PRIMARY_DIRECT,Raw Materials & Energy,False,2024-02-29,216.6664581298828,1171.030029296875,-0.010400878351838672,0.0011884123585284012,-0.011589290710367073,-0.2038239342436402,0.06672557164928183,-0.25672060219804194,2026-02-28,790,ok,-0.0008260834163516127,1.4688154504978062,0.5103016241030873,0.0009194750174174413,-0.011320353369256114,-0.050345778116393125
CMP018,Equinor ASA,EQNR.OL,OBX.OL,NOK,Oslo Børs,PRIMARY_DIRECT,Raw Materials & Energy,False,2024-03-01,218.6124725341797,1181.2900390625,0.008981613587509374,0.00876152575846878,0.00022008782904059387,-0.1966729884733931,0.07607171522250433,-0.25650051436900134,2026-02-28,790,ok,-0.0008260834163516127,1.4688154504978062,0.5103016241030873,0.01204298098762184,-0.0030613674001124663,-0.05340714551650559
CMP018,Equinor ASA,EQNR.OL,OBX.OL,NOK,Oslo Børs,PRIMARY_DIRECT,Raw Materials & Energy,False,2024-03-04,217.70155334472656,1176.449951171875,-0.004166821677160759,-0.004097290022411659,-6.953165474909984e-05,-0.2000203088788709,0.0716627373203238,-0.25657004602375044,2026-02-28,790,ok,-0.0008260834163516127,1.4688154504978062,0.5103016241030873,-0.006844246306440361,0.002677424629279602,-0.05072972088722599
CMP018,Equinor ASA,EQNR.OL,OBX.OL,NOK,Oslo Børs,PRIMARY_DIRECT,Raw Materials & Energy,False,2024-03-05,222.67002868652344,1183.2900390625,0.022822415667054896,0.005814176696434581,0.017008238970620315,-0.1817628398429023,0.0778935738340889,-0.23956180705313013,2026-02-28,790,ok,-0.0008260834163516127,1.4688154504978062,0.5103016241030873,0.007713869147295792,0.015108546519759104,-0.03562117436746689
CMP018,Equinor ASA,EQNR.OL,OBX.OL,NOK,Oslo Børs,PRIMARY_DIRECT,Raw Materials & Energy,False,2024-03-06,226.1479949951172,1179.52001953125,0.015619373335106879,-0.0031860485652671633,0.018805421900374042,-0.168982488161751,0.07445935255966418,-0.22075638515275608,2026-02-28,790,ok,-0.0008260834163516127,1.4688154504978062,0.5103016241030873,-0.00550580077505239,0.021125174110159267,-0.014496000257307622
CMP018,Equinor ASA,EQNR.OL,OBX.OL,NOK,Oslo Børs,PRIMARY_DIRECT,Raw Materials & Energy,False,2024-03-07,223.2082672119141,1181.93994140625,-0.01299913263996244,0.0020516157716099492,-0.01505074841157239,-0.17978499502426792,0.07666373031332951,-0.23580713356432847,2026-02-28,790,ok,-0.0008260834163516127,1.4688154504978062,0.5103016241030873,0.002187361527474059,-0.0151864941674365,-0.029682494424744122
CMP018,Equinor ASA,EQNR.OL,OBX.OL,NOK,Oslo Børs,PRIMARY_DIRECT,Raw Materials & Energy,False,2024-03-08,224.40899658203125,1182.739990234375,0.005379412622638968,0.0006768946543707077,0.0047025179682682605,-0.17537272007322358,0.0773925182369335,-0.23110461559606021,2026-02-28,790,ok,-0.0008260834163516127,1.4688154504978062,0.5103016241030873,0.00016814991034745522,0.0052112627122915135,-0.024471231712452607
CMP018,Equinor ASA,EQNR.OL,OBX.OL,NOK,Oslo Børs,PRIMARY_DIRECT,Raw Materials & Energy,False,2024-03-11,222.214599609375,1172.9300537109375,-0.009778560601754194,-0.008294246076429257,-0.0014843145253249368,-0.1834363879038473,0.06845635956977247,-0.23258893012138515,2026-02-28,790,ok,-0.0008260834163516127,1.4688154504978062,0.5103016241030873,-0.013008800203641714,0.00323023960188752,-0.021240992110565085
CMP018,Equinor ASA,EQNR.OL,OBX.OL,NOK,Oslo Børs,PRIMARY_DIRECT,Raw Materials & Energy,False,2024-03-12,223.78793334960935,1182.8299560546875,0.007080244695893301,0.008440317743098502,-0.0013600730472052014,-0.17765491772044406,0.07747447073917568,-0.23394900316859035,2026-02-28,790,ok,-0.0008260834163516127,1.4688154504978062,0.5103016241030873,0.01157118569182224,-0.004490940995928939,-0.025731933106494024
CMP018,Equinor ASA,EQNR.OL,OBX.OL,NOK,Oslo Børs,PRIMARY_DIRECT,Raw Materials & Energy,False,2024-03-13,227.679931640625,1194.780029296875,0.017391457317474934,0.010102951130902094,0.007288506186572841,-0.1633531383217437,0.0883601426618481,-0.2266604969820175,2026-02-28,790,ok,-0.0008260834163516127,1.4688154504978062,0.5103016241030873,0.014013287300341666,0.0033781700171332685,-0.022353763089360754
CMP018,Equinor ASA,EQNR.OL,OBX.OL,NOK,Oslo Børs,PRIMARY_DIRECT,Raw Materials & Energy,False,2024-03-14,228.5494079589844,1195.0,0.003818853563834601,0.00018410979237271086,0.00363474377146189,-0.16015810647235262,0.08856052042174034,-0.22302575321055562,2026-02-28,790,ok,-0.0008260834163516127,1.4688154504978062,0.5103016241030873,-0.0005556601087266318,0.004374513672561232,-0.01797924941679952
CMP018,Equinor ASA,EQNR.OL,OBX.OL,NOK,Oslo Børs,PRIMARY_DIRECT,Raw Materials & Energy,False,2024-03-15,229.83287048339844,1198.239990234375,0.005615689560851456,0.0027112888990585837,0.002904400661792872,-0.15544181511810373,0.09151192247671314,-0.22012135254876275,2026-02-28,790,ok,-0.0008260834163516127,1.4688154504978062,0.5103016241030873,0.003156299609348822,0.002459389951502634,-0.015519859465296888
CMP018,Equinor ASA,EQNR.OL,OBX.OL,NOK,Oslo Børs,PRIMARY_DIRECT,Raw Materials & Energy,False,2024-03-18,232.1101226806641,1206.06005859375,0.009908296374126158,0.006526295586116504,0.0033820007880096536,-0.14707368231709983,0.09863545191856637,-0.2167393517607531,2026-02-28,790,ok,-0.0008260834163516127,1.4688154504978062,0.5103016241030873,0.008759840375051944,0.0011484559990742136,-0.014371403466222675
CMP018,Equinor ASA,EQNR.OL,OBX.OL,NOK,Oslo Børs,PRIMARY_DIRECT,Raw Materials & Energy,False,2024-03-19,234.0561065673828,1210.5400390625,0.008383882030841061,0.003714558356217923,0.004669323674623138,-0.13992284868864668,0.10271639741692784,-0.21207002808612996,2026-02-28,790,ok,-0.0008260834163516127,1.4688154504978062,0.5103016241030873,0.004629917289037006,0.003753964741804055,-0.010617438724418619
CMP018,Equinor ASA,EQNR.OL,OBX.OL,NOK,Oslo Børs,PRIMARY_DIRECT,Raw Materials & Energy,False,2024-03-20,234.09750366210935,1211.260009765625,0.00017686825323059985,0.000594751664457549,-0.00041788341122694916,-0.13977072834525073,0.1033722398297161,-0.2124879114973569,2026-02-28,790,ok,-0.0008260834163516127,1.4688154504978062,0.5103016241030873,4.749701761292216e-05,0.0001293712356176777,-0.010488067488800941
CMP018,Equinor ASA,EQNR.OL,OBX.OL,NOK,Oslo Børs,PRIMARY_DIRECT,Raw Materials & Energy,False,2024-03-21,235.67086791992188,1220.3699951171875,0.006720978366704378,0.007521081582908984,-0.0008001032162046062,-0.1339891460200533,0.11167079246179235,-0.2132880147135615,2026-02-28,790,ok,-0.0008260834163516127,1.4688154504978062,0.5103016241030873,0.010220997417079599,-0.0035000190503752214,-0.013988086539176162
CMP018,Equinor ASA,EQNR.OL,OBX.OL,NOK,Oslo Børs,PRIMARY_DIRECT,Raw Materials & Energy,False,2024-03-22,237.4926300048828,1226.8499755859375,0.0077301114942214255,0.005309849057807847,0.0024202624364135783,-0.12729478556358242,0.11757359657173816,-0.21086775227714794,2026-02-28,790,ok,-0.0008260834163516127,1.4688154504978062,0.5103016241030873,0.006973104919567772,0.0007570065746536538,-0.013231079964522508
CMP018,Equinor ASA,EQNR.OL,OBX.OL,NOK,Oslo Børs,PRIMARY_DIRECT,Raw Materials & Energy,False,2024-03-25,240.97055053710935,1231.1600341796875,0.0146443303615571,0.003513109735924669,0.011131220625632432,-0.11451460209512199,0.12149975525446677,-0.1997365316515155,2026-02-28,790,ok,-0.0008260834163516127,1.4688154504978062,0.5103016241030873,0.004334026443068809,0.010310303918488292,-0.0029207760460342163
CMP018,Equinor ASA,EQNR.OL,OBX.OL,NOK,Oslo Børs,PRIMARY_DIRECT,Raw Materials & Energy,False,2024-03-26,237.2855682373047,1227.1800537109375,-0.015292251653121314,-0.0032327076564029333,-0.01205954399671838,-0.1280556676350476,0.11787427440900156,-0.21179607564823388,2026-02-28,790,ok,-0.0008260834163516127,1.4688154504978062,0.5103016241030873,-0.005574334369018795,-0.009717917284102519,-0.012638693330136735
CMP018,Equinor ASA,EQNR.OL,OBX.OL,NOK,Oslo Børs,PRIMARY_DIRECT,Raw Materials & Energy,False,2024-03-27,237.161376953125,1230.530029296875,-0.0005233832175393083,0.0027298158699755604,-0.0032531990875148686,-0.12851202866523592,0.12092586534392069,-0.21504927473574875,2026-02-28,790,ok,-0.0008260834163516127,1.4688154504978062,0.5103016241030873,0.0031835123104826,-0.0037068955280219083,-0.016345588858158643
CMP018,Equinor ASA,EQNR.OL,OBX.OL,NOK,Oslo Børs,PRIMARY_DIRECT,Raw Materials & Energy,False,2024-04-02,246.68423461914065,1248.5699462890625,0.04015349290157744,0.014660281799458108,0.02549321110211933,-0.09351874259443538,0.13735895440616397,-0.18955606363362942,2026-02-28,790,ok,-0.0008260834163516127,1.4688154504978062,0.5103016241030873,0.02070716499934424,0.019446327902233197,0.0031007390440745547
CMP018,Equinor ASA,EQNR.OL,OBX.OL,NOK,Oslo Børs,PRIMARY_DIRECT,Raw Materials & Energy,False,2024-04-03,247.76077270507807,1255.5999755859375,0.004364032778987559,0.005630464931315471,-0.001266432152327912,-0.08956282867357968,0.1437628141132654,-0.19082249578595734,2026-02-28,790,ok,-0.0008260834163516127,1.4688154504978062,0.5103016241030873,0.00744403046825062,-0.003079997689263061,2.074135481149389e-05
CMP018,Equinor ASA,EQNR.OL,OBX.OL,NOK,Oslo Børs,PRIMARY_DIRECT,Raw Materials & Energy,False,2024-04-04,248.05059814453125,1256.8399658203125,0.0011697793653484556,0.0009875679025848072,0.0001822114627636484,-0.08849781805711576,0.14489235755665364,-0.1906402843231937,2026-02-28,790,ok,-0.0008260834163516127,1.4688154504978062,0.5103016241030873,0.0006244715773806645,0.0005453077879677911,0.000566049142779285
CMP018,Equinor ASA,EQNR.OL,OBX.OL,NOK,Oslo Børs,PRIMARY_DIRECT,Raw Materials & Energy,False,2024-04-05,248.3404083251953,1256.6800537109375,0.0011683510655966511,-0.00012723346943432912,0.0012955845350309803,-0.08743286351154911,0.14474668892987297,-0.1893446997881627,2026-02-28,790,ok,-0.0008260834163516127,1.4688154504978062,0.5103016241030873,-0.0010129659020771957,0.002181316967673847,0.002747366110453132
CMP018,Equinor ASA,EQNR.OL,OBX.OL,NOK,Oslo Børs,PRIMARY_DIRECT,Raw Materials & Energy,False,2024-04-08,245.1937561035156,1258.0799560546875,-0.012670721784266648,0.0011139687779846419,-0.01378469056225129,-0.09899574780745912,0.1460219010000421,-0.203129390350414,2026-02-28,790,ok,-0.0008260834163516127,1.4688154504978062,0.5103016241030873,0.0008101311361243897,-0.013480852920391037,-0.010733486809937905
CMP018,Equinor ASA,EQNR.OL,OBX.OL,NOK,Oslo Børs,PRIMARY_DIRECT,Raw Materials & Energy,False,2024-04-09,246.3116912841797,1257.68994140625,0.004559394979830156,-0.00031000783897761064,0.0048694028188077665,-0.0948877135432068,0.14566662522709195,-0.19825998753160623,2026-02-28,790,ok,-0.0008260834163516127,1.4688154504978062,0.5103016241030873,-0.0012814277200173634,0.005840822699847519,-0.004892664110090386
CMP018,Equinor ASA,EQNR.OL,OBX.OL,NOK,Oslo Børs,PRIMARY_DIRECT,Raw Materials & Energy,False,2024-04-10,248.38185119628903,1264.0999755859375,0.008404635205565336,0.005096672851275574,0.003307962354289762,-0.08728057495546226,0.15150571321249928,-0.19495202517731647,2026-02-28,790,ok,-0.0008260834163516127,1.4688154504978062,0.5103016241030873,0.006659988413734658,0.0017446467918306782,-0.003148017318259708
CMP018,Equinor ASA,EQNR.OL,OBX.OL,NOK,Oslo Børs,PRIMARY_DIRECT,Raw Materials & Energy,False,2024-04-11,251.90121459960935,1265.18994140625,0.014169164882095409,0.0008622465322074557,0.013306918349887953,-0.07434810293091487,0.15249859502053376,-0.18164510682742852,2026-02-28,790,ok,-0.0008260834163516127,1.4688154504978062,0.5103016241030873,0.0004403976122928524,0.013728767269802556,0.010580749951542848
CMP018,Equinor ASA,EQNR.OL,OBX.OL,NOK,Oslo Børs,PRIMARY_DIRECT,Raw Materials & Energy,False,2024-04-12,259.9335021972656,1288.3499755859375,0.03188665688025116,0.018305578808147427,0.013581078072103736,-0.0448321584985194,0.17359574887796136,-0.16806402875532478,2026-02-28,790,ok,-0.0008260834163516127,1.4688154504978062,0.5103016241030873,0.026061433567360546,0.005825223312890617,0.016405973264433465
CMP018,Equinor ASA,EQNR.OL,OBX.OL,NOK,Oslo Børs,PRIMARY_DIRECT,Raw Materials & Energy,False,2024-04-15,252.06678771972656,1275.1800537109375,-0.0302643345741902,-0.010222317013675042,-0.020042017560515157,-0.07373967762822731,0.16159888108702947,-0.18810604631583994,2026-02-28,790,ok,-0.0008260834163516127,1.4688154504978062,0.5103016241030873,-0.015840780585924107,-0.014423553988266093,0.001982419276167373
CMP018,Equinor ASA,EQNR.OL,OBX.OL,NOK,Oslo Børs,PRIMARY_DIRECT,Raw Materials & Energy,False,2024-04-16,250.90745544433597,1255.6300048828125,-0.004599305945373722,-0.015331206578421464,0.010731900633047742,-0.07799983223587559,0.14379016867982108,-0.1773741456827922,2026-02-28,790,ok,-0.0008260834163516127,1.4688154504978062,0.5103016241030873,-0.023344796513510662,0.01874549056813694,0.020727909844304313
CMP018,Equinor ASA,EQNR.OL,OBX.OL,NOK,Oslo Børs,PRIMARY_DIRECT,Raw Materials & Energy,False,2024-04-17,249.8723907470703,1261.5699462890625,-0.004125284740673196,0.004730646275695083,-0.00885593101636828,-0.08180334545885104,0.149201035381463,-0.18623007669916047,2026-02-28,790,ok,-0.0008260834163516127,1.4688154504978062,0.5103016241030873,0.006122362924229229,-0.010247647664902425,0.010480262179401888
CMP018,Equinor ASA,EQNR.OL,OBX.OL,NOK,Oslo Børs,PRIMARY_DIRECT,Raw Materials & Energy,False,2024-04-18,248.7544708251953,1256.3299560546875,-0.0044739633639900855,-0.004153547133703195,-0.0003204162302868907,-0.08591132365220644,0.14442777471490564,-0.18655049292944736,2026-02-28,790,ok,-0.0008260834163516127,1.4688154504978062,0.5103016241030873,-0.006926877620705743,0.002452914256715657,0.012933176436117546
CMP018,Equinor ASA,EQNR.OL,OBX.OL,NOK,Oslo Børs,PRIMARY_DIRECT,Raw Materials & Energy,False,2024-04-19,247.59518432617188,1255.0899658203125,-0.0046603644757728935,-0.0009869940841568114,-0.003673370391616082,-0.09017131004716394,0.1432982312715172,-0.19022386332106345,2026-02-28,790,ok,-0.0008260834163516127,1.4688154504978062,0.5103016241030873,-0.0022757955767110693,-0.0023845688990618242,0.01054860753705572
CMP018,Equinor ASA,EQNR.OL,OBX.OL,NOK,Oslo Børs,PRIMARY_DIRECT,Raw Materials & Energy,False,2024-04-22,245.7733917236328,1252.9200439453125,-0.007357948449187579,-0.0017288974767492027,-0.005629050972438376,-0.09686578264542878,0.1413215858443,-0.19585291429350182,2026-02-28,790,ok,-0.0008260834163516127,1.4688154504978062,0.5103016241030873,-0.0033655147425275134,-0.003992433706660066,0.006556173830395655
CMP018,Equinor ASA,EQNR.OL,OBX.OL,NOK,Oslo Børs,PRIMARY_DIRECT,Raw Materials & Energy,False,2024-04-23,243.5375823974609,1252.300048828125,-0.009097035730727177,-0.000494840129810048,-0.008602195600917129,-0.10508162689034561,0.14075681412260588,-0.20445510989441895,2026-02-28,790,ok,-0.0008260834163516127,1.4688154504978062,0.5103016241030873,-0.0015529122445429513,-0.0075441234861842255,-0.0009879496557885703
CMP018,Equinor ASA,EQNR.OL,OBX.OL,NOK,Oslo Børs,PRIMARY_DIRECT,Raw Materials & Energy,False,2024-04-24,246.5186920166016,1267.0699462890625,0.012240860690960753,0.011794216150321946,0.00044664454063880754,-0.09412705575532909,0.15421114656332047,-0.20400846535378014,2026-02-28,790,ok,-0.0008260834163516127,1.4688154504978062,0.5103016241030873,0.016497443491752018,-0.004256582800791265,-0.005244532456579835
CMP018,Equinor ASA,EQNR.OL,OBX.OL,NOK,Oslo Børs,PRIMARY_DIRECT,Raw Materials & Energy,False,2024-04-25,252.5636749267578,1275.050048828125,0.024521397792217403,0.006298075779032075,0.018223322013185328,-0.07191378494029832,0.16148045582937987,-0.18578514334059482,2026-02-28,790,ok,-0.0008260834163516127,1.4688154504978062,0.5103016241030873,0.008424627596296705,0.0160967701959207,0.010852237739340864
CMP018,Equinor ASA,EQNR.OL,OBX.OL,NOK,Oslo Børs,PRIMARY_DIRECT,Raw Materials & Energy,False,2024-04-26,251.4457092285156,1280.6600341796875,-0.004426470665531812,0.0043998158007354515,-0.008826286466267264,-0.0760219313463445,0.16659075589118344,-0.19461142980686208,2026-02-28,790,ok,-0.0008260834163516127,1.4688154504978062,0.5103016241030873,0.005636434011112995,-0.010062904676644807,0.0007893330626960564
CMP018,Equinor ASA,EQNR.OL,OBX.OL,NOK,Oslo Børs,PRIMARY_DIRECT,Raw Materials & Energy,False,2024-04-29,248.5474853515625,1281.9100341796875,-0.011526241135095927,0.0009760591934147023,-0.01250230032851063,-0.08667192536918678,0.16772941752342363,-0.2071137301353727,2026-02-28,790,ok,-0.0008260834163516127,1.4688154504978062,0.5103016241030873,0.0006075674075363285,-0.012133808542632256,-0.0113444754799362
CMP018,Equinor ASA,EQNR.OL,OBX.OL,NOK,Oslo Børs,PRIMARY_DIRECT,Raw Materials & Energy,False,2024-04-30,247.5537872314453,1284.93994140625,-0.003998021218004411,0.0023635880411072563,-0.006361609259111667,-0.0903234303905599,0.1704894488099311,-0.21347533939448438,2026-02-28,790,ok,-0.0008260834163516127,1.4688154504978062,0.5103016241030873,0.0026455912170385695,-0.00664361243504298,-0.01798808791497918
CMP018,Equinor ASA,EQNR.OL,OBX.OL,NOK,Oslo Børs,PRIMARY_DIRECT,Raw Materials & Energy,False,2024-05-02,247.76077270507807,1272.9000244140625,0.0008361232358737869,-0.009370023145993,0.010206146381866787,-0.08956282867357945,0.15952193558244154,-0.2032691930126176,2026-02-28,790,ok,-0.0008260834163516127,1.4688154504978062,0.5103016241030873,-0.014588918184708193,0.01542504142058198,-0.0025630464943971996
CMP018,Equinor ASA,EQNR.OL,OBX.OL,NOK,Oslo Børs,PRIMARY_DIRECT,Raw Materials & Energy,False,2024-05-03,246.8499298095703,1285.6199951171875,-0.00367629986604856,0.009992906323479822,-0.013669206189528382,-0.09290986872457241,0.1711089296647368,-0.21693839920214597,2026-02-28,790,ok,-0.0008260834163516127,1.4688154504978062,0.5103016241030873,0.013851651786952779,-0.01752795165300134,-0.02009099814739854
CMP018,Equinor ASA,EQNR.OL,OBX.OL,NOK,Oslo Børs,PRIMARY_DIRECT,Raw Materials & Energy,False,2024-05-06,252.9776611328125,1302.550048828125,0.02482371102138603,0.013168785313885989,0.011654925707500041,-0.07039252543544006,0.18653101173866649,-0.20528347349464593,2026-02-28,790,ok,-0.0008260834163516127,1.4688154504978062,0.5103016241030873,0.01851643191697273,0.0063072791044133,-0.01378371904298524
CMP018,Equinor ASA,EQNR.OL,OBX.OL,NOK,Oslo Børs,PRIMARY_DIRECT,Raw Materials & Energy,False,2024-05-07,253.10186767578125,1303.9300537109375,0.0004909783038256066,0.0010594639983729781,-0.0005684856945473715,-0.06993610833435471,0.18778809862855672,-0.2058519591891933,2026-02-28,790,ok,-0.0008260834163516127,1.4688154504978062,0.5103016241030873,0.0007300736737048,-0.0002390953698791934,-0.014022814412864433
CMP018,Equinor ASA,EQNR.OL,OBX.OL,NOK,Oslo Børs,PRIMARY_DIRECT,Raw Materials & Energy,False,2024-05-08,252.3152008056641,1306.22998046875,-0.0031081037739510986,0.0017638421257850645,-0.004871945899736163,-0.07282684342605639,0.18988316931342397,-0.21072390508892946,2026-02-28,790,ok,-0.0008260834163516127,1.4688154504978062,0.5103016241030873,0.0017646751502403849,-0.004872778924191483,-0.018895593337055917
CMP018,Equinor ASA,EQNR.OL,OBX.OL,NOK,Oslo Børs,PRIMARY_DIRECT,Raw Materials & Energy,False,2024-05-10,258.981201171875,1325.9300537109375,0.026419337181928793,0.015081626923857616,0.011337710258071176,-0.04833154317649613,0.20782854335598633,-0.1993861948308583,2026-02-28,790,ok,-0.0008260834163516127,1.4688154504978062,0.5103016241030873,0.021326043228054155,0.005093293953874638,-0.013802299383181279
CMP018,Equinor ASA,EQNR.OL,OBX.OL,NOK,Oslo Børs,PRIMARY_DIRECT,Raw Materials & Energy,False,2024-05-13,255.54473876953125,1325.8399658203125,-0.013269157710266044,-6.79431696813948e-05,-0.01320121454058465,-0.060959382017972685,0.2077464796563191,-0.21258740937144294,2026-02-28,790,ok,-0.0008260834163516127,1.4688154504978062,0.5103016241030873,-0.0009258793937354395,-0.012343278316530605,-0.026145577699711882
CMP018,Equinor ASA,EQNR.OL,OBX.OL,NOK,Oslo Børs,PRIMARY_DIRECT,Raw Materials & Energy,False,2024-05-14,249.6654052734375,1325.030029296875,-0.02300706140303732,-0.000610885585227039,-0.022396175817810282,-0.08256394717583126,0.20700868474128842,-0.23498358518925322,2026-02-28,790,ok,-0.0008260834163516127,1.4688154504978062,0.5103016241030873,-0.001723361602419482,-0.02128369980061784,-0.04742927750032972
CMP018,Equinor ASA,EQNR.OL,OBX.OL,NOK,Oslo Børs,PRIMARY_DIRECT,Raw Materials & Energy,False,2024-05-15,253.663330078125,1319.1099853515625,0.016013130855309754,-0.004467856436773721,0.020480987292083475,-0.06787292361057895,0.20161594321992538,-0.21450259789716974,2026-02-28,790,ok,-0.0008260834163516127,1.4688154504978062,0.5103016241030873,-0.007388539981290928,0.023401670836600684,-0.024027606663729037
CMP018,Equinor ASA,EQNR.OL,OBX.OL,NOK,Oslo Børs,PRIMARY_DIRECT,Raw Materials & Energy,False,2024-05-16,253.7482147216797,1327.030029296875,0.0003346350595041514,0.006004081565042174,-0.005669446505538023,-0.06756100121090591,0.208830543352873,-0.22017204440270777,2026-02-28,790,ok,-0.0008260834163516127,1.4688154504978062,0.5103016241030873,0.007992804352431382,-0.0076581692929272305,-0.03168577595665627
CMP018,Equinor ASA,EQNR.OL,OBX.OL,NOK,Oslo Børs,PRIMARY_DIRECT,Raw Materials & Energy,False,2024-05-21,259.6927795410156,1339.8299560546875,0.023427021253553004,0.009645544166468234,0.01378147708708477,-0.0457167329686321,0.2204903717485589,-0.206390567315623,2026-02-28,790,ok,-0.0008260834163516127,1.4688154504978062,0.5103016241030873,0.013341440883815912,0.010085580369737092,-0.021600195586919176
CMP018,Equinor ASA,EQNR.OL,OBX.OL,NOK,Oslo Børs,PRIMARY_DIRECT,Raw Materials & Energy,False,2024-05-22,258.2491760253906,1332.3800048828125,-0.00555888969333862,-0.005560370656148339,1.4809628097189886e-06,-0.05102148838625831,0.2137039928993767,-0.20638908635281328,2026-02-28,790,ok,-0.0008260834163516127,1.4688154504978062,0.5103016241030873,-0.008993241746596917,0.003434352053258297,-0.01816584353366088
CMP018,Equinor ASA,EQNR.OL,OBX.OL,NOK,Oslo Børs,PRIMARY_DIRECT,Raw Materials & Energy,False,2024-05-23,263.6416931152344,1336.5799560546875,0.020881062130914785,0.003152217202662344,0.01772884492825244,-0.031205809124348782,0.21752985150473414,-0.18866024142456084,2026-02-28,790,ok,-0.0008260834163516127,1.4688154504978062,0.5103016241030873,0.0038039419142438125,0.017077120216670974,-0.0010887233169899063
CMP018,Equinor ASA,EQNR.OL,OBX.OL,NOK,Oslo Børs,PRIMARY_DIRECT,Raw Materials & Energy,False,2024-05-24,256.4657287597656,1334.0899658203125,-0.027218624909726374,-0.0018629564382552921,-0.025355668471471082,-0.05757505482051495,0.21526164642910528,-0.21401590989603192,2026-02-28,790,ok,-0.0008260834163516127,1.4688154504978062,0.5103016241030873,-0.0035624226164653484,-0.023656202293261028,-0.024744925610250934
CMP018,Equinor ASA,EQNR.OL,OBX.OL,NOK,Oslo Børs,PRIMARY_DIRECT,Raw Materials & Energy,False,2024-05-27,257.8669738769531,1343.97998046875,0.00546367393399394,0.007413304126274722,-0.0019496301922807824,-0.052425952212792115,0.22427075060708157,-0.2159655400883127,2026-02-28,790,ok,-0.0008260834163516127,1.4688154504978062,0.5103016241030873,0.010062692223559839,-0.004599018289565899,-0.029343943899816833
CMP018,Equinor ASA,EQNR.OL,OBX.OL,NOK,Oslo Børs,PRIMARY_DIRECT,Raw Materials & Energy,False,2024-05-28,256.1685791015625,1344.6500244140625,-0.00658632142711324,0.0004985520283411482,-0.007084873455454388,-0.05866697946750943,0.2248811132730355,-0.2230504135437671,2026-02-28,790,ok,-0.0008260834163516127,1.4688154504978062,0.5103016241030873,-9.380249424711408e-05,-0.006492518932866126,-0.03583646283268296
CMP018,Equinor ASA,EQNR.OL,OBX.OL,NOK,Oslo Børs,PRIMARY_DIRECT,Raw Materials & Energy,False,2024-05-29,255.1919403076172,1332.280029296875,-0.0038124847214696667,-0.009199416125082682,0.005386931403613016,-0.062255797226104415,0.21361292220828232,-0.21766348214015407,2026-02-28,790,ok,-0.0008260834163516127,1.4688154504978062,0.5103016241030873,-0.014338327956431715,0.010525843234962048,-0.025310619597720907
CMP018,Equinor ASA,EQNR.OL,OBX.OL,NOK,Oslo Børs,PRIMARY_DIRECT,Raw Materials & Energy,False,2024-05-30,253.0688934326172,1335.3299560546875,-0.00831941193926733,0.002289253528345858,-0.010608665467613188,-0.07005727754264024,0.21639118987249373,-0.22827214760776726,2026-02-28,790,ok,-0.0008260834163516127,1.4688154504978062,0.5103016241030873,0.002536407536189401,-0.01085581947545673,-0.03616643907317764
CMP018,Equinor ASA,EQNR.OL,OBX.OL,NOK,Oslo Børs,PRIMARY_DIRECT,Raw Materials & Energy,False,2024-05-31,257.1876220703125,1349.02001953125,0.016275128016837836,0.010252195282887788,0.006022932733950048,-0.05492234068631996,0.22886186989145085,-0.2222492148738172,2026-02-28,790,ok,-0.0008260834163516127,1.4688154504978062,0.5103016241030873,0.014232499416674697,0.002042628600163139,-0.0341238104730145
CMP018,Equinor ASA,EQNR.OL,OBX.OL,NOK,Oslo Børs,PRIMARY_DIRECT,Raw Materials & Energy,False,2024-06-03,258.036865234375,1352.22998046875,0.0033020374667578345,0.002379476131581404,0.0009225613351764306,-0.051801658846270415,0.23178591737986798,-0.22132665353864078,2026-02-28,790,ok,-0.0008260834163516127,1.4688154504978062,0.5103016241030873,0.002668927889805904,0.0006331095769519304,-0.03349070089606257
CMP018,Equinor ASA,EQNR.OL,OBX.OL,NOK,Oslo Børs,PRIMARY_DIRECT,Raw Materials & Energy,False,2024-06-04,248.0584716796875,1326.25,-0.0386704184521236,-0.019212693731094466,-0.019457724721029135,-0.08846888547429455,0.20811999180697338,-0.24078437825966992,2026-02-28,790,ok,-0.0008260834163516127,1.4688154504978062,0.5103016241030873,-0.029045984814265506,-0.009624433637858094,-0.043115134533920664
CMP018,Equinor ASA,EQNR.OL,OBX.OL,NOK,Oslo Børs,PRIMARY_DIRECT,Raw Materials & Energy,False,2024-06-05,250.2664337158203,1321.75,0.008900974117843852,-0.003393025447690823,0.012293999565534675,-0.08035537061629183,0.2040208099309082,-0.22849037869413524,2026-02-28,790,ok,-0.0008260834163516127,1.4688154504978062,0.5103016241030873,-0.0058098116178521295,0.01471078573569598,-0.028404348798224684
CMP018,Equinor ASA,EQNR.OL,OBX.OL,NOK,Oslo Børs,PRIMARY_DIRECT,Raw Materials & Energy,False,2024-06-06,249.9267425537109,1326.7099609375,-0.0013573181072101814,0.003752571165122065,-0.0051098892723322464,-0.0816036209239529,0.20853898370446178,-0.2336002679664675,2026-02-28,790,ok,-0.0008260834163516127,1.4688154504978062,0.5103016241030873,0.00468575109007223,-0.006043069197282412,-0.034447417995507094
CMP018,Equinor ASA,EQNR.OL,OBX.OL,NOK,Oslo Børs,PRIMARY_DIRECT,Raw Materials & Energy,False,2024-06-07,253.1962432861328,1334.6700439453125,0.013081836297367255,0.005999866769815787,0.007081969527551468,-0.06958930983678524,0.21579005659281703,-0.22651829843891602,2026-02-28,790,ok,-0.0008260834163516127,1.4688154504978062,0.5103016241030873,0.007986613596082178,0.005095222701285077,-0.02935219529422202
CMP018,Equinor ASA,EQNR.OL,OBX.OL,NOK,Oslo Børs,PRIMARY_DIRECT,Raw Materials & Energy,False,2024-06-10,254.0454864501953,1330.6500244140625,0.003354090696767509,-0.003011995024153502,0.006366085720921011,-0.06646862799673581,0.21212810299194418,-0.220152212717995,2026-02-28,790,ok,-0.0008260834163516127,1.4688154504978062,0.5103016241030873,-0.00525014824465079,0.008604238941418298,-0.02074795635280372
CMP018,Equinor ASA,EQNR.OL,OBX.OL,NOK,Oslo Børs,PRIMARY_DIRECT,Raw Materials & Energy,False,2024-06-11,253.3660888671875,1316.1600341796875,-0.0026743147162388015,-0.010889407408800511,0.00821509269256171,-0.06896518468295476,0.19892874624680834,-0.2119371200254333,2026-02-28,790,ok,-0.0008260834163516127,1.4688154504978062,0.5103016241030873,-0.01682061326516308,0.01414629854892428,-0.0066016578038794425
CMP018,Equinor ASA,EQNR.OL,OBX.OL,NOK,Oslo Børs,PRIMARY_DIRECT,Raw Materials & Energy,False,2024-06-12,253.53591918945312,1322.6700439453125,0.0006702961829854193,0.00494621443940324,-0.004275918256417821,-0.06834111560002121,0.20485890492330983,-0.21621303828185112,2026-02-28,790,ok,-0.0008260834163516127,1.4688154504978062,0.5103016241030873,0.006438992773719211,-0.005768696590733792,-0.012370354394613235
CMP018,Equinor ASA,EQNR.OL,OBX.OL,NOK,Oslo Børs,PRIMARY_DIRECT,Raw Materials & Energy,False,2024-06-13,247.29412841796875,1309.3800048828125,-0.0246189604669792,-0.0100478869415217,-0.0145710735254575,-0.09127758884377424,0.1927526188661548,-0.23078411180730862,2026-02-28,790,ok,-0.0008260834163516127,1.4688154504978062,0.5103016241030873,-0.015584575000913831,-0.00903438546606537,-0.021404739860678604
CMP018,Equinor ASA,EQNR.OL,OBX.OL,NOK,Oslo Børs,PRIMARY_DIRECT,Raw Materials & Energy,False,2024-06-14,246.02037048339844,1298.510009765625,-0.005150781147611583,-0.008301635183561862,0.003150854035950279,-0.09595821910756985,0.18285082176008993,-0.22763325777135834,2026-02-28,790,ok,-0.0008260834163516127,1.4688154504978062,0.5103016241030873,-0.013019653438363466,0.007868872290751883,-0.01353586756992672
CMP018,Equinor ASA,EQNR.OL,OBX.OL,NOK,Oslo Børs,PRIMARY_DIRECT,Raw Materials & Energy,False,2024-06-17,245.2135467529297,1299.3800048828125,-0.0032794996970513246,0.0006699949254489468,-0.003949494622500271,-0.09892302385412832,0.1836433258082324,-0.23158275239385862,2026-02-28,790,ok,-0.0008260834163516127,1.4688154504978062,0.5103016241030873,0.00015801548190292605,-0.0034375151789542507,-0.01697338274888097
CMP018,Equinor ASA,EQNR.OL,OBX.OL,NOK,Oslo Børs,PRIMARY_DIRECT,Raw Materials & Energy,False,2024-06-18,246.61480712890625,1307.8800048828125,0.005714449281174705,0.006541581344994274,-0.0008271320638195689,-0.09377386517550845,0.19138622490746648,-0.23240988445767818,2026-02-28,790,ok,-0.0008260834163516127,1.4688154504978062,0.5103016241030873,0.008782292333864196,-0.0030678430526894906,-0.02004122580157046
CMP018,Equinor ASA,EQNR.OL,OBX.OL,NOK,Oslo Børs,PRIMARY_DIRECT,Raw Materials & Energy,False,2024-06-19,245.93539428710935,1307.8499755859375,-0.002754955591299013,-2.2960284401407627e-05,-0.0027319953068976055,-0.09627047793262444,0.1913588703409106,-0.2351418797645758,2026-02-28,790,ok,-0.0008260834163516127,1.4688154504978062,0.5103016241030873,-0.000859807836828224,-0.001895147754470789,-0.021936373556041246
CMP018,Equinor ASA,EQNR.OL,OBX.OL,NOK,Oslo Børs,PRIMARY_DIRECT,Raw Materials & Energy,False,2024-06-20,248.7802734375,1312.1800537109375,0.011567587327708795,0.0033108370270527043,0.00825675030065609,-0.08581650776548155,0.1953032654013429,-0.2268851294639197,2026-02-28,790,ok,-0.0008260834163516127,1.4688154504978062,0.5103016241030873,0.004036925163063622,0.007530662164645173,-0.014405711391396073
CMP018,Equinor ASA,EQNR.OL,OBX.OL,NOK,Oslo Børs,PRIMARY_DIRECT,Raw Materials & Energy,False,2024-06-21,248.73782348632807,1311.1400146484375,-0.00017063230370073512,-0.0007926039262361462,0.000621971622535411,-0.0859724970007667,0.194355863340143,-0.2262631578413843,2026-02-28,790,ok,-0.0008260834163516127,1.4688154504978062,0.5103016241030873,-0.001990272309332488,0.0018196400056317528,-0.01258607138576432
CMP018,Equinor ASA,EQNR.OL,OBX.OL,NOK,Oslo Børs,PRIMARY_DIRECT,Raw Materials & Energy,False,2024-06-24,249.62954711914065,1319.800048828125,0.003584994112733275,0.006604965208089952,-0.003019971095356677,-0.08269571378363816,0.2022445422635828,-0.22928312893674097,2026-02-28,790,ok,-0.0008260834163516127,1.4688154504978062,0.5103016241030873,0.008875391531291367,-0.0052903974185580915,-0.017876468804322414
CMP018,Equinor ASA,EQNR.OL,OBX.OL,NOK,Oslo Børs,PRIMARY_DIRECT,Raw Materials & Energy,False,2024-06-25,251.62515258789065,1313.469970703125,0.007994267873256078,-0.004796240256712103,0.012790508129968181,-0.07536253759833855,0.1964782885915657,-0.21649262080677278,2026-02-28,790,ok,-0.0008260834163516127,1.4688154504978062,0.5103016241030873,-0.007870875209709914,0.015865143082965993,-0.0020113257213564203
CMP018,Equinor ASA,EQNR.OL,OBX.OL,NOK,Oslo Børs,PRIMARY_DIRECT,Raw Materials & Energy,False,2024-06-26,253.70578002929688,1312.43994140625,0.008268757793120418,-0.0007842046790941248,0.009052962472214543,-0.06771693437529369,0.19554000471921773,-0.20743965833455824,2026-02-28,790,ok,-0.0008260834163516127,1.4688154504978062,0.5103016241030873,-0.0019779353653577372,0.010246693158478155,0.008235367437121735
CMP018,Equinor ASA,EQNR.OL,OBX.OL,NOK,Oslo Børs,PRIMARY_DIRECT,Raw Materials & Energy,False,2024-06-27,256.4657287597656,1317.4300537109375,0.010878541001904107,0.003802164310346079,0.007076376691558028,-0.057575054820514504,0.20008564425675202,-0.2003632816430002,2026-02-28,790,ok,-0.0008260834163516127,1.4688154504978062,0.5103016241030873,0.004758594268016043,0.006119946733888064,0.0143553141710098
CMP018,Equinor ASA,EQNR.OL,OBX.OL,NOK,Oslo Børs,PRIMARY_DIRECT,Raw Materials & Energy,False,2024-06-28,258.12176513671875,1324.5699462890625,0.006457144917418445,0.0054195610294554,0.001037583887963045,-0.05148968037570045,0.20658958164637475,-0.19932569775503717,2026-02-28,790,ok,-0.0008260834163516127,1.4688154504978062,0.5103016241030873,0.007134251558628273,-0.0006771066412098285,0.01367820752979997
CMP018,Equinor ASA,EQNR.OL,OBX.OL,NOK,Oslo Børs,PRIMARY_DIRECT,Raw Materials & Energy,False,2024-07-01,259.43804931640625,1330.1400146484375,0.005099469930365252,0.004205190050536878,0.0008942798798283746,-0.04665278052213517,0.21166352015019552,-0.1984314178752088,2026-02-28,790,ok,-0.0008260834163516127,1.4688154504978062,0.5103016241030873,0.005350564702156603,-0.00025109477179135076,0.01342711275800862
CMP018,Equinor ASA,EQNR.OL,OBX.OL,NOK,Oslo Børs,PRIMARY_DIRECT,Raw Materials & Energy,False,2024-07-02,260.0749816894531,1328.280029296875,0.002455046107250336,-0.0013983380178620441,0.00385338412511238,-0.04431226914209807,0.20996920498511296,-0.1945780337500964,2026-02-28,790,ok,-0.0008260834163516127,1.4688154504978062,0.5103016241030873,-0.0028799839020058607,0.005335030009256197,0.018762142767264817
CMP018,Equinor ASA,EQNR.OL,OBX.OL,NOK,Oslo Børs,PRIMARY_DIRECT,Raw Materials & Energy,False,2024-07-03,259.6503295898437,1326.5400390625,-0.0016328064193290581,-0.0013099573854890023,-0.0003228490338400558,-0.045872722203916916,0.20838419688882848,-0.19490088278393647,2026-02-28,790,ok,-0.0008260834163516127,1.4688154504978062,0.5103016241030873,-0.00275016906365157,0.0011173626443225118,0.01987950541158733
CMP018,Equinor ASA,EQNR.OL,OBX.OL,NOK,Oslo Børs,PRIMARY_DIRECT,Raw Materials & Energy,False,2024-07-04,260.2023620605469,1323.52001953125,0.0021260611206432856,-0.0022766139297116794,0.004402675050354965,-0.04384418929444944,0.20563317259374791,-0.1904982077335815,2026-02-28,790,ok,-0.0008260834163516127,1.4688154504978062,0.5103016241030873,-0.004170009131130654,0.006296070251773939,0.026175575663361268
CMP018,Equinor ASA,EQNR.OL,OBX.OL,NOK,Oslo Børs,PRIMARY_DIRECT,Raw Materials & Energy,False,2024-07-05,257.4848327636719,1314.7099609375,-0.010443907101207128,-0.006656535952414444,-0.003787371148792684,-0.053830191755737555,0.19760783203495413,-0.1942855788823742,2026-02-28,790,ok,-0.0008260834163516127,1.4688154504978062,0.5103016241030873,-0.010603306270052078,0.00015939916884494948,0.026334974832206218
CMP018,Equinor ASA,EQNR.OL,OBX.OL,NOK,Oslo Børs,PRIMARY_DIRECT,Raw Materials & Energy,False,2024-07-08,250.0966033935547,1306.9300537109375,-0.028693843015205278,-0.005917584454152025,-0.022776258561053253,-0.08097943969922528,0.19052088654593335,-0.21706183744342744,2026-02-28,790,ok,-0.0008260834163516127,1.4688154504978062,0.5103016241030873,-0.009517922892235735,-0.019175920122969543,0.007159054709236674
CMP018,Equinor ASA,EQNR.OL,OBX.OL,NOK,Oslo Børs,PRIMARY_DIRECT,Raw Materials & Energy,False,2024-07-09,247.76119995117188,1300.5899658203125,-0.009338005437474095,-0.004851130228907596,-0.004486875208566499,-0.08956125868846443,0.1847455146850645,-0.22154871265199394,2026-02-28,790,ok,-0.0008260834163516127,1.4688154504978062,0.5103016241030873,-0.007951498448948048,-0.0013865069885260466,0.005772547720710628
CMP018,Equinor ASA,EQNR.OL,OBX.OL,NOK,Oslo Børs,PRIMARY_DIRECT,Raw Materials & Energy,False,2024-07-10,244.8738555908203,1310.0999755859375,-0.011653739007239983,0.0073120737630993915,-0.018965812770339374,-0.10017127416178917,0.19340846127894284,-0.24051452542233331,2026-02-28,790,ok,-0.0008260834163516127,1.4688154504978062,0.5103016241030873,0.009914003502068409,-0.02156774250930839,-0.015795194788597762
CMP018,Equinor ASA,EQNR.OL,OBX.OL,NOK,Oslo Børs,PRIMARY_DIRECT,Raw Materials & Energy,False,2024-07-11,244.44927978515625,1316.56005859375,-0.0017338551910315303,0.004930984755513235,-0.006664839946544765,-0.10173144686912305,0.19929314020860978,-0.24717936536887808,2026-02-28,790,ok,-0.0008260834163516127,1.4688154504978062,0.5103016241030873,0.006416623178715373,-0.008150478369746902,-0.023945673158344664
CMP018,Equinor ASA,EQNR.OL,OBX.OL,NOK,Oslo Børs,PRIMARY_DIRECT,Raw Materials & Energy,False,2024-07-12,246.5723114013672,1337.699951171875,0.008684957542427041,0.016056914715083304,-0.007371957172656263,-0.09393002262348404,0.21855008787932384,-0.25455132254153434,2026-02-28,790,ok,-0.0008260834163516127,1.4688154504978062,0.5103016241030873,0.022758561004488323,-0.014073603462061282,-0.038019276620405947
CMP018,Equinor ASA,EQNR.OL,OBX.OL,NOK,Oslo Børs,PRIMARY_DIRECT,Raw Materials & Energy,False,2024-07-15,246.6996917724609,1331.1700439453125,0.0005166045220965643,-0.004881443870011437,0.005398048392108001,-0.09346194277583542,0.21260180402254347,-0.24915327414942634,2026-02-28,790,ok,-0.0008260834163516127,1.4688154504978062,0.5103016241030873,-0.007996023593362215,0.00851262811545878,-0.029506648504947167
CMP018,Equinor ASA,EQNR.OL,OBX.OL,NOK,Oslo Børs,PRIMARY_DIRECT,Raw Materials & Energy,False,2024-07-16,244.53419494628903,1328.3800048828125,-0.008777865957648512,-0.002095929874015856,-0.006681936083632656,-0.10141941232765628,0.2100602756762071,-0.255835210233059,2026-02-28,790,ok,-0.0008260834163516127,1.4688154504978062,0.5103016241030873,-0.0039046175984660224,-0.0048732483591824895,-0.03437989686412966
CMP018,Equinor ASA,EQNR.OL,OBX.OL,NOK,Oslo Børs,PRIMARY_DIRECT,Raw Materials & Energy,False,2024-07-17,248.3131866455078,1334.77001953125,0.01545383744816875,0.00481038153611868,0.01064345591205007,-0.08753289399168795,0.2158811272839105,-0.24519175432100893,2026-02-28,790,ok,-0.0008260834163516127,1.4688154504978062,0.5103016241030873,0.006239479306688874,0.009214358141479875,-0.02516553872264978
CMP018,Equinor ASA,EQNR.OL,OBX.OL,NOK,Oslo Børs,PRIMARY_DIRECT,Raw Materials & Energy,False,2024-07-18,252.1772308349609,1344.780029296875,0.015561171928293094,0.007499426582221469,0.008061745346071625,-0.07333383647618053,0.22499953853068488,-0.2371300089749373,2026-02-28,790,ok,-0.0008260834163516127,1.4688154504978062,0.5103016241030873,0.010189190217489237,0.005371981710803856,-0.019793557011845923
CMP018,Equinor ASA,EQNR.OL,OBX.OL,NOK,Oslo Børs,PRIMARY_DIRECT,Raw Materials & Energy,False,2024-07-19,249.79934692382807,1350.8699951171875,-0.009429415587044243,0.004528596266778706,-0.01395801185382295,-0.08207175684249857,0.23054706686768056,-0.25108802082876025,2026-02-28,790,ok,-0.0008260834163516127,1.4688154504978062,0.5103016241030873,0.005825588749359636,-0.01525500433640388,-0.0350485613482498
CMP018,Equinor ASA,EQNR.OL,OBX.OL,NOK,Oslo Børs,PRIMARY_DIRECT,Raw Materials & Energy,False,2024-07-22,247.9310760498047,1361.02001953125,-0.0074790863027879295,0.007513694471526167,-0.014992780774314096,-0.08893702139283999,0.23979302156095694,-0.26608080160307435,2026-02-28,790,ok,-0.0008260834163516127,1.4688154504978062,0.5103016241030873,0.010210147113745969,-0.017689233416533896,-0.0527377947647837
CMP018,Equinor ASA,EQNR.OL,OBX.OL,NOK,Oslo Børs,PRIMARY_DIRECT,Raw Materials & Energy,False,2024-07-23,245.2135467529297,1354.1099853515625,-0.010960825646273986,-0.0050770995874603875,-0.005883726058813599,-0.0989230238541281,0.23349846892265358,-0.27196452766188794,2026-02-28,790,ok,-0.0008260834163516127,1.4688154504978062,0.5103016241030873,-0.008283405734129468,-0.0026774199121445182,-0.05541521467692822
CMP018,Equinor ASA,EQNR.OL,OBX.OL,NOK,Oslo Børs,PRIMARY_DIRECT,Raw Materials & Energy,False,2024-07-24,244.57659912109372,1349.0,-0.002597522201649549,-0.003773685599280041,0.001176163397630492,-0.10126359130506224,0.22884363351374626,-0.27078836426425745,2026-02-28,790,ok,-0.0008260834163516127,1.4688154504978062,0.5103016241030873,-0.0063689311298952105,0.0037714089282456613,-0.05164380574868256
CMP018,Equinor ASA,EQNR.OL,OBX.OL,NOK,Oslo Børs,PRIMARY_DIRECT,Raw Materials & Energy,False,2024-07-25,241.5193634033203,1339.52001953125,-0.012500115418890623,-0.007027413245922931,-0.005472702172967692,-0.11249790014490824,0.2202080414864236,-0.27626106643722514,2026-02-28,790,ok,-0.0008260834163516127,1.4688154504978062,0.5103016241030873,-0.011148056568996154,-0.0013520588498944688,-0.05299586459857703
CMP018,Equinor ASA,EQNR.OL,OBX.OL,NOK,Oslo Børs,PRIMARY_DIRECT,Raw Materials & Energy,False,2024-07-26,241.8166656494141,1343.56005859375,0.0012309665026621897,0.0030160348509862267,-0.001785068348324037,-0.11140541478894428,0.22388823146500036,-0.2780461347855492,2026-02-28,790,ok,-0.0008260834163516127,1.4688154504978062,0.5103016241030873,0.0036039151720168054,-0.0023729486693546157,-0.055368813267931645
CMP018,Equinor ASA,EQNR.OL,OBX.OL,NOK,Oslo Børs,PRIMARY_DIRECT,Raw Materials & Energy,False,2024-07-29,242.87815856933597,1351.8599853515625,0.0043896598982173796,0.006177562889521759,-0.0017879029913043798,-0.10750478677247022,0.23144887798462088,-0.27983403777685356,2026-02-28,790,ok,-0.0008260834163516127,1.4688154504978062,0.5103016241030873,0.00824761640219982,-0.00385795650398244,-0.05922676977191409
CMP018,Equinor ASA,EQNR.OL,OBX.OL,NOK,Oslo Børs,PRIMARY_DIRECT,Raw Materials & Energy,False,2024-07-30,239.9058990478516,1349.030029296875,-0.01223765668758503,-0.002093379555096142,-0.010144277132488888,-0.11842683678726174,0.2288709880803017,-0.28997831490934245,2026-02-28,790,ok,-0.0008260834163516127,1.4688154504978062,0.5103016241030873,-0.0039008716506330494,-0.00833678503695198,-0.06756355480886607
CMP018,Equinor ASA,EQNR.OL,OBX.OL,NOK,Oslo Børs,PRIMARY_DIRECT,Raw Materials & Energy,False,2024-07-31,246.2750701904297,1365.280029296875,0.026548622471795458,0.012045691828275862,0.014502930643519596,-0.09502228369586019,0.24367358929942595,-0.27547538426582285,2026-02-28,790,ok,-0.0008260834163516127,1.4688154504978062,0.5103016241030873,0.01686681485295514,0.009681807618840316,-0.057881747190025756
CMP018,Equinor ASA,EQNR.OL,OBX.OL,NOK,Oslo Børs,PRIMARY_DIRECT,Raw Materials & Energy,False,2024-08-01,246.4024658203125,1355.56005859375,0.0005172899952248233,-0.007119397116012061,0.007636687111236884,-0.09455414777731463,0.23481938313450734,-0.26783869715458597,2026-02-28,790,ok,-0.0008260834163516127,1.4688154504978062,0.5103016241030873,-0.011283163898579649,0.011800453893804472,-0.046081293296221286
CMP018,Equinor ASA,EQNR.OL,OBX.OL,NOK,Oslo Børs,PRIMARY_DIRECT,Raw Materials & Energy,False,2024-08-02,242.0289764404297,1317.8499755859375,-0.01774937342985905,-0.02781882128257207,0.01006944785271302,-0.11062524432893206,0.20046816339883256,-0.25776924930187295,2026-02-28,790,ok,-0.0008260834163516127,1.4688154504978062,0.5103016241030873,-0.04168679793083067,0.023937424500971617,-0.02214386879524967
CMP018,Equinor ASA,EQNR.OL,OBX.OL,NOK,Oslo Børs,PRIMARY_DIRECT,Raw Materials & Energy,False,2024-08-05,235.19268798828125,1273.9200439453125,-0.028245743764615083,-0.033334546765152906,0.005088803000537823,-0.1357462957883342,0.16045110126593687,-0.2526804463013351,2026-02-28,790,ok,-0.0008260834163516127,1.4688154504978062,0.5103016241030873,-0.049788380740349865,0.02154263697573478,-0.0006012318195148872
CMP018,Equinor ASA,EQNR.OL,OBX.OL,NOK,Oslo Børs,PRIMARY_DIRECT,Raw Materials & Energy,False,2024-08-06,236.50901794433597,1285.1800537109375,0.005596814966119634,0.008838866943919665,-0.003242051977800031,-0.13090922772207803,0.17070817414495143,-0.25592249827913516,2026-02-28,790,ok,-0.0008260834163516127,1.4688154504978062,0.5103016241030873,0.012156580915771917,-0.0065597659496522825,-0.00716099776916717
CMP018,Equinor ASA,EQNR.OL,OBX.OL,NOK,Oslo Børs,PRIMARY_DIRECT,Raw Materials & Energy,False,2024-08-07,241.4344787597656,1308.699951171875,0.020825678691832605,0.0183008578393542,0.0025248208524784044,-0.11280982254458138,0.19213313801134801,-0.25339767742665675,2026-02-28,790,ok,-0.0008260834163516127,1.4688154504978062,0.5103016241030873,0.026054499335455738,-0.0052288206436231326,-0.012389818412790302
CMP018,Equinor ASA,EQNR.OL,OBX.OL,NOK,Oslo Børs,PRIMARY_DIRECT,Raw Materials & Energy,False,2024-08-08,247.9735565185547,1310.27001953125,0.02708427475802111,0.001199716067819212,0.025884558690201898,-0.08878092001576132,0.19356335929199986,-0.22751311873645486,2026-02-28,790,ok,-0.0008260834163516127,1.4688154504978062,0.5103016241030873,0.0009360780802717197,0.02614819667774939,0.013758378264959088
CMP018,Equinor ASA,EQNR.OL,OBX.OL,NOK,Oslo Børs,PRIMARY_DIRECT,Raw Materials & Energy,False,2024-08-09,250.18153381347656,1320.4100341796875,0.008904083668924034,0.0077388740467900785,0.0011652096221339558,-0.08066734908686168,0.20280019579642428,-0.2263479091143209,2026-02-28,790,ok,-0.0008260834163516127,1.4688154504978062,0.5103016241030873,0.010540894353030137,-0.0016368106841061023,0.012121567580852985
CMP018,Equinor ASA,EQNR.OL,OBX.OL,NOK,Oslo Børs,PRIMARY_DIRECT,Raw Materials & Energy,False,2024-08-12,258.1642761230469,1333.8499755859375,0.03190779985992842,0.01017861199047898,0.02172918786944944,-0.051333466856827825,0.21504303229150823,-0.20461872124487146,2026-02-28,790,ok,-0.0008260834163516127,1.4688154504978062,0.5103016241030873,0.014124419139886142,0.017783380720042277,0.02990494830089526
CMP018,Equinor ASA,EQNR.OL,OBX.OL,NOK,Oslo Børs,PRIMARY_DIRECT,Raw Materials & Energy,False,2024-08-13,252.1772308349609,1334.3399658203125,-0.02319083561054902,0.0003673503342531692,-0.02355818594480219,-0.07333383647618064,0.21548937875555252,-0.22817690718967365,2026-02-28,790,ok,-0.0008260834163516127,1.4688154504978062,0.5103016241030873,-0.0002865135696550243,-0.022904322040893998,0.007000626260001263
CMP018,Equinor ASA,EQNR.OL,OBX.OL,NOK,Oslo Børs,PRIMARY_DIRECT,Raw Materials & Energy,False,2024-08-14,251.45535278320312,1344.1700439453125,-0.00286258219811375,0.007366996700092665,-0.010229578898206415,-0.07598649453947826,0.2244438849978423,-0.23840648608788007,2026-02-28,790,ok,-0.0008260834163516127,1.4688154504978062,0.5103016241030873,0.009994675160510846,-0.012857257358624596,-0.005856631098623333
CMP018,Equinor ASA,EQNR.OL,OBX.OL,NOK,Oslo Børs,PRIMARY_DIRECT,Raw Materials & Energy,False,2024-08-15,252.3470458984375,1346.030029296875,0.003546128986178898,0.0013837426000828934,0.0021623863860960046,-0.0727098234641439,0.22613820016292485,-0.23624409970178406,2026-02-28,790,ok,-0.0008260834163516127,1.4688154504978062,0.5103016241030873,0.001206379094162148,0.00233974989201675,-0.003516881206606583
CMP018,Equinor ASA,EQNR.OL,OBX.OL,NOK,Oslo Børs,PRIMARY_DIRECT,Raw Materials & Energy,False,2024-08-16,252.98660278320312,1352.0799560546875,0.002534433809155967,0.004494644715298701,-0.001960210906142734,-0.07035966788983317,0.2316492557445129,-0.2382043106079268,2026-02-28,790,ok,-0.0008260834163516127,1.4688154504978062,0.5103016241030873,0.005775720185977433,-0.003241286376821466,-0.006758167583428049
CMP018,Equinor ASA,EQNR.OL,OBX.OL,NOK,Oslo Børs,PRIMARY_DIRECT,Raw Materials & Energy,False,2024-08-19,255.46897888183597,1356.7099609375,0.009812282829696484,0.003424357311177628,0.0063879255185188555,-0.06123777402127528,0.2358668628782281,-0.23181638508940794,2026-02-28,790,ok,-0.0008260834163516127,1.4688154504978062,0.5103016241030873,0.004203665510331211,0.005608617319365273,-0.001149550264062776
CMP018,Equinor ASA,EQNR.OL,OBX.OL,NOK,Oslo Børs,PRIMARY_DIRECT,Raw Materials & Energy,False,2024-08-20,250.63487243652344,1337.8199462890625,-0.018922479224174116,-0.013923399394358604,-0.0049990798298155115,-0.07900148273879715,0.21865939494812148,-0.23681546491922345,2026-02-28,790,ok,-0.0008260834163516127,1.4688154504978062,0.5103016241030873,-0.021276987570237327,0.002354508346063211,0.001204958082000435
CMP018,Equinor ASA,EQNR.OL,OBX.OL,NOK,Oslo Børs,PRIMARY_DIRECT,Raw Materials & Energy,False,2024-08-21,248.15245056152344,1336.5,-0.009904535034839235,-0.000986639713904558,-0.008917895320934677,-0.0881235448200457,0.2174570171913428,-0.24573336024015813,2026-02-28,790,ok,-0.0008260834163516127,1.4688154504978062,0.5103016241030873,-0.002275275072209363,-0.007629259962629872,-0.006424301880629437
CMP018,Equinor ASA,EQNR.OL,OBX.OL,NOK,Oslo Børs,PRIMARY_DIRECT,Raw Materials & Energy,False,2024-08-22,244.27647399902344,1335.77001953125,-0.015619336233550718,-0.0005461881546950931,-0.015073148078855625,-0.10236644977695974,0.21679205658970258,-0.26080650831901375,2026-02-28,790,ok,-0.0008260834163516127,1.4688154504978062,0.5103016241030873,-0.0016283330168466513,-0.013991003216704066,-0.020415305097333504
CMP018,Equinor ASA,EQNR.OL,OBX.OL,NOK,Oslo Børs,PRIMARY_DIRECT,Raw Materials & Energy,False,2024-08-23,246.1055603027344,1345.9200439453125,0.00748777102341136,0.0075986316998073455,-0.00011086067639598518,-0.09564517528995775,0.22603801128297896,-0.26091736899540974,2026-02-28,790,ok,-0.0008260834163516127,1.4688154504978062,0.5103016241030873,0.010334904226967824,-0.0028471332035564633,-0.02326243830088997
CMP018,Equinor ASA,EQNR.OL,OBX.OL,NOK,Oslo Børs,PRIMARY_DIRECT,Raw Materials & Energy,False,2024-08-26,250.1993560791016,1353.22998046875,0.01663430834854518,0.005431181856843326,0.011203126491701854,-0.08060185827923638,0.23269684668565938,-0.24971424250370788,2026-02-28,790,ok,-0.0008260834163516127,1.4688154504978062,0.5103016241030873,0.0071513204094432285,0.00948298793910195,-0.013779450361788018
CMP018,Equinor ASA,EQNR.OL,OBX.OL,NOK,Oslo Børs,PRIMARY_DIRECT,Raw Materials & Energy,False,2024-08-27,248.54444885253903,1349.1300048828125,-0.006614354459167138,-0.003029769991141684,-0.0035845844680254535,-0.08668308347767706,0.22896205877139608,-0.25329882697173334,2026-02-28,790,ok,-0.0008260834163516127,1.4688154504978062,0.5103016241030873,-0.00527625639079512,-0.0013380980683720175,-0.015117548430160036
CMP018,Equinor ASA,EQNR.OL,OBX.OL,NOK,Oslo Børs,PRIMARY_DIRECT,Raw Materials & Energy,False,2024-08-28,249.32835388183597,1341.5,0.003153983252959458,-0.005655500103917133,0.00880948335687659,-0.08380249721832111,0.22201166372030423,-0.24448934361485675,2026-02-28,790,ok,-0.0008260834163516127,1.4688154504978062,0.5103016241030873,-0.009132969349277046,0.012286952602236504,-0.002830595827923532
CMP018,Equinor ASA,EQNR.OL,OBX.OL,NOK,Oslo Børs,PRIMARY_DIRECT,Raw Materials & Energy,False,2024-08-29,248.196044921875,1342.72998046875,-0.0045414367934165645,0.0009168695257175674,-0.005458306319134132,-0.08796335026749025,0.22313208897484071,-0.24994764993399088,2026-02-28,790,ok,-0.0008260834163516127,1.4688154504978062,0.5103016241030873,0.0005206287091129459,-0.00506206550252951,-0.007892661330453042
CMP018,Equinor ASA,EQNR.OL,OBX.OL,NOK,Oslo Børs,PRIMARY_DIRECT,Raw Materials & Energy,False,2024-08-30,245.1910552978516,1347.0699462890625,-0.012107322761606865,0.0032321955146912273,-0.015339518276298092,-0.09900567235621638,0.22708549102670017,-0.26528716821028897,2026-02-28,790,ok,-0.0008260834163516127,1.4688154504978062,0.5103016241030873,0.003921415294656571,-0.016028738056263436,-0.023921399386716478
CMP018,Equinor ASA,EQNR.OL,OBX.OL,NOK,Oslo Børs,PRIMARY_DIRECT,Raw Materials & Energy,False,2024-09-02,245.1910552978516,1337.0400390625,0.0,-0.007445721177428921,0.007445721177428921,-0.09900567235621638,0.21794895459964692,-0.25784144703286005,2026-02-28,790,ok,-0.0008260834163516127,1.4688154504978062,0.5103016241030873,-0.01176247372185793,0.01176247372185793,-0.012158925664858548
CMP018,Equinor ASA,EQNR.OL,OBX.OL,NOK,Oslo Børs,PRIMARY_DIRECT,Raw Materials & Energy,False,2024-09-03,238.222900390625,1308.449951171875,-0.02841928674258476,-0.02138312021730604,-0.00703616652527872,-0.12461128850696745,0.19190540568490055,-0.26487761355813877,2026-02-28,790,ok,-0.0008260834163516127,1.4688154504978062,0.5103016241030873,-0.03223394077138273,0.0038146540287979716,-0.008344271636060576
CMP018,Equinor ASA,EQNR.OL,OBX.OL,NOK,Oslo Børs,PRIMARY_DIRECT,Raw Materials & Energy,False,2024-09-04,237.87448120117188,1308.56005859375,-0.0014625763890953047,8.415103823899983e-05,-0.0015467274273343046,-0.12589161136767768,0.19200570576227172,-0.2664243409854731,2026-02-28,790,ok,-0.0008260834163516127,1.4688154504978062,0.5103016241030873,-0.0007024810712107381,-0.0007600953178845667,-0.009104366953945143
CMP018,Equinor ASA,EQNR.OL,OBX.OL,NOK,Oslo Børs,PRIMARY_DIRECT,Raw Materials & Energy,False,2024-09-05,237.09056091308597,1303.1199951171875,-0.003295520747443881,-0.0041572898705227734,0.0008617691230788926,-0.12877225369793022,0.18705019251610078,-0.2655625718623942,2026-02-28,790,ok,-0.0008260834163516127,1.4688154504978062,0.5103016241030873,-0.006932375010373487,0.003636854262929606,-0.005467512691015536
CMP018,Equinor ASA,EQNR.OL,OBX.OL,NOK,Oslo Børs,PRIMARY_DIRECT,Raw Materials & Energy,False,2024-09-06,235.1307830810547,1295.6099853515625,-0.008265946246378442,-0.0057630991725743375,-0.002502847073804104,-0.13597377541721656,0.180209104533807,-0.2680654189361983,2026-02-28,790,ok,-0.0008260834163516127,1.4688154504978062,0.5103016241030873,-0.009291012523779922,0.00102506627740148,-0.004442446413614056
CMP018,Equinor ASA,EQNR.OL,OBX.OL,NOK,Oslo Børs,PRIMARY_DIRECT,Raw Materials & Energy,False,2024-09-09,234.47750854492188,1299.3399658203125,-0.0027783454279043385,0.002878937728886033,-0.005657283156790371,-0.13837433872787563,0.1836068530528241,-0.27372270209298866,2026-02-28,790,ok,-0.0008260834163516127,1.4688154504978062,0.5103016241030873,0.0034025448008572568,-0.006180890228761595,-0.010623336642375652
CMP018,Equinor ASA,EQNR.OL,OBX.OL,NOK,Oslo Børs,PRIMARY_DIRECT,Raw Materials & Energy,False,2024-09-10,229.9482421875,1288.8699951171875,-0.019316421372475245,-0.008057914770992936,-0.01125850660148231,-0.15501786306634557,0.17406944990856132,-0.28498120869447097,2026-02-28,790,ok,-0.0008260834163516127,1.4688154504978062,0.5103016241030873,-0.012661673130780529,-0.006654748241694717,-0.017278084884070368
CMP018,Equinor ASA,EQNR.OL,OBX.OL,NOK,Oslo Børs,PRIMARY_DIRECT,Raw Materials & Energy,False,2024-09-11,230.25311279296875,1294.1300048828125,0.0013258227267514133,0.004081101884249261,-0.0027552791574978475,-0.1538975665454999,0.17886094695282262,-0.2877364878519688,2026-02-28,790,ok,-0.0008260834163516127,1.4688154504978062,0.5103016241030873,0.005168302086289411,-0.0038424793595379977,-0.021120564243608364
CMP018,Equinor ASA,EQNR.OL,OBX.OL,NOK,Oslo Børs,PRIMARY_DIRECT,Raw Materials & Energy,False,2024-09-12,231.90805053710935,1308.280029296875,0.0071874717525692855,0.010934005363196775,-0.0037465336106274894,-0.1478162292052656,0.19175061886926792,-0.2914830214625963,2026-02-28,790,ok,-0.0008260834163516127,1.4688154504978062,0.5103016241030873,0.015233952596937687,-0.008046480844368402,-0.029167045087976767
CMP018,Equinor ASA,EQNR.OL,OBX.OL,NOK,Oslo Børs,PRIMARY_DIRECT,Raw Materials & Energy,False,2024-09-13,234.3904266357422,1318.27001953125,0.010704139390088185,0.007635972429957505,0.0030681669601306805,-0.13869433533670783,0.20085079373833836,-0.2884148545024656,2026-02-28,790,ok,-0.0008260834163516127,1.4688154504978062,0.5103016241030873,0.010389750868345248,0.00031438852174293756,-0.028852656566233828
CMP018,Equinor ASA,EQNR.OL,OBX.OL,NOK,Oslo Børs,PRIMARY_DIRECT,Raw Materials & Energy,False,2024-09-16,233.3451995849609,1323.0999755859375,-0.004459341901389302,0.003663859439362094,-0.008123201340751396,-0.14253519177704477,0.2052505422542421,-0.296538055843217,2026-02-28,790,ok,-0.0008260834163516127,1.4688154504978062,0.5103016241030873,0.00455544993663566,-0.009014791838024963,-0.03786744840425879
CMP018,Equinor ASA,EQNR.OL,OBX.OL,NOK,Oslo Børs,PRIMARY_DIRECT,Raw Materials & Energy,False,2024-09-17,232.29998779296875,1314.010009765625,-0.004479251314581267,-0.00687020330136956,0.0023909519867882922,-0.14637599214648467,0.19697022599986957,-0.2941471038564287,2026-02-28,790,ok,-0.0008260834163516127,1.4688154504978062,0.5103016241030873,-0.010917144173464257,0.00643789285888299,-0.0314295555453758
CMP018,Equinor ASA,EQNR.OL,OBX.OL,NOK,Oslo Børs,PRIMARY_DIRECT,Raw Materials & Energy,False,2024-09-18,231.4289703369141,1309.699951171875,-0.0037495372441901376,-0.0032800804877572975,-0.00046945675643284,-0.14957668715646633,0.19304406731714097,-0.29461656061286157,2026-02-28,790,ok,-0.0008260834163516127,1.4688154504978062,0.5103016241030873,-0.005643916315645912,0.0018943790714557743,-0.029535176473920025
CMP018,Equinor ASA,EQNR.OL,OBX.OL,NOK,Oslo Børs,PRIMARY_DIRECT,Raw Materials & Energy,False,2024-09-19,228.2061920166016,1320.8299560546875,-0.01392556133149958,0.008498133387615736,-0.022423694719115317,-0.16141930915720604,0.2031827149385057,-0.3170402553319769,2026-02-28,790,ok,-0.0008260834163516127,1.4688154504978062,0.5103016241030873,0.011656106203769641,-0.02558166753526922,-0.055116844009189245
CMP018,Equinor ASA,EQNR.OL,OBX.OL,NOK,Oslo Børs,PRIMARY_DIRECT,Raw Materials & Energy,False,2024-09-20,227.33517456054688,1315.530029296875,-0.003816800273286902,-0.004012573104900885,0.00019577283161398285,-0.16462000416718792,0.19835485633626182,-0.3168444825003629,2026-02-28,790,ok,-0.0008260834163516127,1.4688154504978062,0.5103016241030873,-0.006719812789081987,0.0029030125157950845,-0.05221383149339416
CMP018,Equinor ASA,EQNR.OL,OBX.OL,NOK,Oslo Børs,PRIMARY_DIRECT,Raw Materials & Energy,False,2024-09-23,233.1274261474609,1321.4200439453125,0.025478906192633044,0.00447729395549068,0.021001612237142364,-0.14333543561816153,0.20372024329106897,-0.29584287026322054,2026-02-28,790,ok,-0.0008260834163516127,1.4688154504978062,0.5103016241030873,0.005750235121893535,0.019728671070739508,-0.03248516042265465
CMP018,Equinor ASA,EQNR.OL,OBX.OL,NOK,Oslo Børs,PRIMARY_DIRECT,Raw Materials & Energy,False,2024-09-24,232.64837646484372,1322.5699462890625,-0.0020548834194831223,0.0008702019838573438,-0.002925085403340466,-0.14509578142756852,0.20476772303479018,-0.298767955666561,2026-02-28,790,ok,-0.0008260834163516127,1.4688154504978062,0.5103016241030873,0.00045208270259189647,-0.0025069661220750187,-0.03499212654472967
CMP018,Equinor ASA,EQNR.OL,OBX.OL,NOK,Oslo Børs,PRIMARY_DIRECT,Raw Materials & Energy,False,2024-09-25,228.6417236328125,1315.6600341796875,-0.017221924747180317,-0.005224609956368087,-0.01199731479081223,-0.15981887754586988,0.19847328159391164,-0.31076527045737323,2026-02-28,790,ok,-0.0008260834163516127,1.4688154504978062,0.5103016241030873,-0.008500071243089727,-0.00872185350409059,-0.04371398004882026
CMP018,Equinor ASA,EQNR.OL,OBX.OL,NOK,Oslo Børs,PRIMARY_DIRECT,Raw Materials & Energy,False,2024-09-26,223.06723022460935,1303.6300048828125,-0.024380910533877476,-0.009143721770324742,-0.015237188763552734,-0.18030325832467675,0.18751477535784877,-0.32600245922092597,2026-02-28,790,ok,-0.0008260834163516127,1.4688154504978062,0.5103016241030873,-0.014256523227657747,-0.010124387306219729,-0.05383836735503999
CMP018,Equinor ASA,EQNR.OL,OBX.OL,NOK,Oslo Børs,PRIMARY_DIRECT,Raw Materials & Energy,False,2024-09-27,229.0772247314453,1316.1199951171875,0.02694252535786812,0.009580931849982877,0.017361593507885242,-0.15821855807632745,0.19889227349140004,-0.3086408657130407,2026-02-28,790,ok,-0.0008260834163516127,1.4688154504978062,0.5103016241030873,0.013246537315069765,0.013695988042798354,-0.040142379312241634
CMP018,Equinor ASA,EQNR.OL,OBX.OL,NOK,Oslo Børs,PRIMARY_DIRECT,Raw Materials & Energy,False,2024-09-30,232.29998779296875,1323.1800537109375,0.014068456893964854,0.0053642970397402845,0.008704159854224569,-0.14637599214648467,0.20532348776505738,-0.29993670585881615,2026-02-28,790,ok,-0.0008260834163516127,1.4688154504978062,0.5103016241030873,0.007053078956678562,0.007015377937286292,-0.03312700137495534
CMP018,Equinor ASA,EQNR.OL,OBX.OL,NOK,Oslo Børs,PRIMARY_DIRECT,Raw Materials & Energy,False,2024-10-01,236.6986083984375,1333.0999755859375,0.018935087544597273,0.007497030995274656,0.011438056549322617,-0.1302125468276084,0.21435983531216452,-0.28849864930949354,2026-02-28,790,ok,-0.0008260834163516127,1.4688154504978062,0.5103016241030873,0.010185671542368747,0.008749416002228526,-0.024377585372726815
CMP018,Equinor ASA,EQNR.OL,OBX.OL,NOK,Oslo Børs,PRIMARY_DIRECT,Raw Materials & Energy,False,2024-10-02,245.67007446289065,1350.3199462890625,0.03790248757758374,0.012917238780651985,0.024985248796931758,-0.09724543868860369,0.23004601127052493,-0.2635134005125618,2026-02-28,790,ok,-0.0008260834163516127,1.4688154504978062,0.5103016241030873,0.018146956482439466,0.019755531095144278,-0.004622054277582537
CMP018,Equinor ASA,EQNR.OL,OBX.OL,NOK,Oslo Børs,PRIMARY_DIRECT,Raw Materials & Energy,False,2024-10-03,245.93136596679688,1347.6500244140625,0.0010635870261264113,-0.0019772513042833895,0.0030408383304098008,-0.09628528064941644,0.2276139011904117,-0.260472562182152,2026-02-28,790,ok,-0.0008260834163516127,1.4688154504978062,0.5103016241030873,-0.003730300681599994,0.004793887707726405,0.00017183343014386815
CMP018,Equinor ASA,EQNR.OL,OBX.OL,NOK,Oslo Børs,PRIMARY_DIRECT,Raw Materials & Energy,False,2024-10-04,250.1993560791016,1360.4000244140625,0.017354395180649407,0.00946091327052323,0.007893481910126177,-0.08060185827923672,0.23922824983926283,-0.2525790802720258,2026-02-28,790,ok,-0.0008260834163516127,1.4688154504978062,0.5103016241030873,0.013070252171212639,0.004284143009436768,0.004455976439580636
CMP018,Equinor ASA,EQNR.OL,OBX.OL,NOK,Oslo Børs,PRIMARY_DIRECT,Raw Materials & Energy,False,2024-10-07,241.61985778808597,1354.010009765625,-0.03429064896675105,-0.004697158581123739,-0.029593490385627308,-0.11212861721766665,0.23340739823155943,-0.2821725706576531,2026-02-28,790,ok,-0.0008260834163516127,1.4688154504978062,0.5103016241030873,-0.0077253425137445144,-0.026565306453006532,-0.022109330013425896
CMP018,Equinor ASA,EQNR.OL,OBX.OL,NOK,Oslo Børs,PRIMARY_DIRECT,Raw Materials & Energy,False,2024-10-08,236.2630920410156,1334.739990234375,-0.022170221421819347,-0.014231814678080212,-0.007938406743739135,-0.13181292236804787,0.21585377271735484,-0.29011097740139224,2026-02-28,790,ok,-0.0008260834163516127,1.4688154504978062,0.5103016241030873,-0.021729992704137287,-0.00044022871768206046,-0.022549558731107956
CMP018,Equinor ASA,EQNR.OL,OBX.OL,NOK,Oslo Børs,PRIMARY_DIRECT,Raw Materials & Energy,False,2024-10-09,233.04031372070312,1338.989990234375,-0.013640633805609315,0.0031841407548249823,-0.016824774560434297,-0.14365554436878747,0.2197252222669719,-0.30693575196182654,2026-02-28,790,ok,-0.0008260834163516127,1.4688154504978062,0.5103016241030873,0.0038508317208950683,-0.017491465526504383,-0.04004102425761234
CMP018,Equinor ASA,EQNR.OL,OBX.OL,NOK,Oslo Børs,PRIMARY_DIRECT,Raw Materials & Energy,False,2024-10-10,237.1776428222656,1352.9000244140625,0.017753705509172324,0.010388452700272,0.007365252808900324,-0.12845225708909846,0.23239628004582102,-0.2995704991529262,2026-02-28,790,ok,-0.0008260834163516127,1.4688154504978062,0.5103016241030873,0.014432636416573556,0.0033210690925987683,-0.03671995516501357
CMP018,Equinor ASA,EQNR.OL,OBX.OL,NOK,Oslo Børs,PRIMARY_DIRECT,Raw Materials & Energy,False,2024-10-11,238.5277557373047,1359.8399658203125,0.005692412231496968,0.005129677937034227,0.0005627342944627411,-0.12349104805701883,0.23871807605325523,-0.2990077648584635,2026-02-28,790,ok,-0.0008260834163516127,1.4688154504978062,0.5103016241030873,0.006708466793641972,-0.001016054562145004,-0.03773600972715858
CMP018,Equinor ASA,EQNR.OL,OBX.OL,NOK,Oslo Børs,PRIMARY_DIRECT,Raw Materials & Energy,False,2024-10-14,239.09390258789065,1361.9200439453125,0.0023735051245334926,0.0015296492067322642,0.0008438559178012284,-0.12141064956788272,0.24061288017565508,-0.29816390894066225,2026-02-28,790,ok,-0.0008260834163516127,1.4688154504978062,0.5103016241030873,0.0014206889723384498,0.0009528161521950428,-0.036783193574963534
CMP018,Equinor ASA,EQNR.OL,OBX.OL,NOK,Oslo Børs,PRIMARY_DIRECT,Raw Materials & Energy,False,2024-10-15,231.38540649414065,1347.5999755859375,-0.03224045452567059,-0.010514617523280978,-0.021725837002389614,-0.1497367695672278,0.2275683102461521,-0.31988974594305186,2026-02-28,790,ok,-0.0008260834163516127,1.4688154504978062,0.5103016241030873,-0.01627011609062169,-0.015970338435048904,-0.05275353201001244
CMP018,Equinor ASA,EQNR.OL,OBX.OL,NOK,Oslo Børs,PRIMARY_DIRECT,Raw Materials & Energy,False,2024-10-16,231.6902618408203,1352.050048828125,0.001317521927154841,0.0033022212249986804,-0.0019846992978438394,-0.14861652911727907,0.2316220123753827,-0.3218744452408957,2026-02-28,790,ok,-0.0008260834163516127,1.4688154504978062,0.5103016241030873,0.0040242701398882415,-0.0027067482127334005,-0.05546028022274584
CMP018,Equinor ASA,EQNR.OL,OBX.OL,NOK,Oslo Børs,PRIMARY_DIRECT,Raw Materials & Energy,False,2024-10-17,231.6031494140625,1353.3900146484375,-0.0003759865695938114,0.000991062292016398,-0.0013670488616102094,-0.14893663786790512,0.2328426265098653,-0.3232414941025059,2026-02-28,790,ok,-0.0008260834163516127,1.4688154504978062,0.5103016241030873,0.0006296041905678412,-0.0010055907601616526,-0.05646587098290749
CMP018,Equinor ASA,EQNR.OL,OBX.OL,NOK,Oslo Børs,PRIMARY_DIRECT,Raw Materials & Energy,False,2024-10-18,229.0772247314453,1343.06005859375,-0.010906262237830422,-0.007632652777751492,-0.00327360946007893,-0.15821855807632734,0.22343276681210433,-0.32651510356258484,2026-02-28,790,ok,-0.0008260834163516127,1.4688154504978062,0.5103016241030873,-0.012037041744598001,0.0011307795067675794,-0.055335091476139915
CMP018,Equinor ASA,EQNR.OL,OBX.OL,NOK,Oslo Børs,PRIMARY_DIRECT,Raw Materials & Energy,False,2024-10-21,232.64837646484372,1346.68994140625,0.015589291941112915,0.00270269582456395,0.012886596116548965,-0.14509578142756818,0.22673933344260222,-0.3136285074460359,2026-02-28,790,ok,-0.0008260834163516127,1.4688154504978062,0.5103016241030873,0.0031436779687638245,0.012445613972349091,-0.042889477503790824
CMP018,Equinor ASA,EQNR.OL,OBX.OL,NOK,Oslo Børs,PRIMARY_DIRECT,Raw Materials & Energy,False,2024-10-22,234.47750854492188,1351.199951171875,0.007862217256240145,0.0033489592718836114,0.0045132579843565335,-0.13837433872787552,0.23084763350751913,-0.30911524946167934,2026-02-28,790,ok,-0.0008260834163516127,1.4688154504978062,0.5103016241030873,0.004092919705278919,0.003769297550961226,-0.0391201799528296
CMP018,Equinor ASA,EQNR.OL,OBX.OL,NOK,Oslo Børs,PRIMARY_DIRECT,Raw Materials & Energy,False,2024-10-23,233.04031372070312,1345.8800048828125,-0.0061293504572674795,-0.003937201362721021,-0.0021921490945464583,-0.14365554436878725,0.22600153852757132,-0.3113073985562258,2026-02-28,790,ok,-0.0008260834163516127,1.4688154504978062,0.5103016241030873,-0.006609105609637266,0.00047975515236978617,-0.03864042480045981
CMP018,Equinor ASA,EQNR.OL,OBX.OL,NOK,Oslo Børs,PRIMARY_DIRECT,Raw Materials & Energy,False,2024-10-24,239.26812744140625,1355.3499755859375,0.02672419042555485,0.007036266731631491,0.01968792369392336,-0.12077043206663063,0.2346280123660418,-0.29161947486230244,2026-02-28,790,ok,-0.0008260834163516127,1.4688154504978062,0.5103016241030873,0.00950889387289242,0.017215296552662428,-0.02142512824779738
CMP018,Equinor ASA,EQNR.OL,OBX.OL,NOK,Oslo Børs,PRIMARY_DIRECT,Raw Materials & Energy,False,2024-10-25,246.14913940429688,1367.0,0.028758581581559417,0.008595583888970193,0.020162997692589224,-0.09548503680829956,0.24524036101800673,-0.2714564771697132,2026-02-28,790,ok,-0.0008260834163516127,1.4688154504978062,0.5103016241030873,0.011799243005817826,0.01695933857574159,-0.004465789672055791
CMP018,Equinor ASA,EQNR.OL,OBX.OL,NOK,Oslo Børs,PRIMARY_DIRECT,Raw Materials & Energy,False,2024-10-28,236.48081970214844,1356.1800537109375,-0.03927829983702824,-0.007915103357031827,-0.031363196479996414,-0.13101284673962177,0.23538415485620168,-0.30281967364970963,2026-02-28,790,ok,-0.0008260834163516127,1.4688154504978062,0.5103016241030873,-0.012451909519447014,-0.026826390317581227,-0.031292179989637015
CMP018,Equinor ASA,EQNR.OL,OBX.OL,NOK,Oslo Børs,PRIMARY_DIRECT,Raw Materials & Energy,False,2024-10-29,236.91636657714844,1355.6400146484375,0.001841785205026758,-0.00039820602066975574,0.0022399912256965138,-0.12941235905738846,0.234892217447898,-0.3005796824240131,2026-02-28,790,ok,-0.0008260834163516127,1.4688154504978062,0.5103016241030873,-0.0014109745719925989,0.003252759777019357,-0.02803942021261766
CMP018,Equinor ASA,EQNR.OL,OBX.OL,NOK,Oslo Børs,PRIMARY_DIRECT,Raw Materials & Energy,False,2024-10-30,235.60983276367188,1357.0999755859375,-0.005514746964731532,0.001076953263200009,-0.006591700227931541,-0.13421342960780946,0.23622213865117891,-0.30717138265194466,2026-02-28,790,ok,-0.0008260834163516127,1.4688154504978062,0.5103016241030873,0.0007557621761005908,-0.0062705091408321225,-0.03430992935344978
CMP018,Equinor ASA,EQNR.OL,OBX.OL,NOK,Oslo Børs,PRIMARY_DIRECT,Raw Materials & Energy,False,2024-10-31,229.99176025390625,1337.5799560546875,-0.023844813452250202,-0.014383626764728263,-0.009461186687521939,-0.15485794886827475,0.2184407808105262,-0.3166325693394666,2026-02-28,790,ok,-0.0008260834163516127,1.4688154504978062,0.5103016241030873,-0.021952976642578257,-0.001891836809671945,-0.03620176616312172
CMP018,Equinor ASA,EQNR.OL,OBX.OL,NOK,Oslo Børs,PRIMARY_DIRECT,Raw Materials & Energy,False,2024-11-01,225.59315490722656,1341.0400390625,-0.019125056227334958,0.0025868233088797155,-0.021711879536214673,-0.1710213381162542,0.2215926718228165,-0.33834444887568127,2026-02-28,790,ok,-0.0008260834163516127,1.4688154504978062,0.5103016241030873,0.0029734826274387723,-0.022098538854773732,-0.05830030501789545
CMP018,Equinor ASA,EQNR.OL,OBX.OL,NOK,Oslo Børs,PRIMARY_DIRECT,Raw Materials & Energy,False,2024-11-04,226.7254638671875,1333.3399658203125,0.0050192522925909255,-0.005741866773471216,0.010761119066062141,-0.16686048506708528,0.21457844944976112,-0.32758332980961913,2026-02-28,790,ok,-0.0008260834163516127,1.4688154504978062,0.5103016241030873,-0.009259826047926122,0.014279078340517047,-0.04402122667737841
CMP018,Equinor ASA,EQNR.OL,OBX.OL,NOK,Oslo Børs,PRIMARY_DIRECT,Raw Materials & Energy,False,2024-11-05,226.8125762939453,1340.800048828125,0.0003842198634065319,0.0055950344241146865,-0.005210814560708155,-0.16654037631645913,0.22137405768522034,-0.3327941443703273,2026-02-28,790,ok,-0.0008260834163516127,1.4688154504978062,0.5103016241030873,0.007391989591855134,-0.007007769728448602,-0.05102899640582701
CMP018,Equinor ASA,EQNR.OL,OBX.OL,NOK,Oslo Børs,PRIMARY_DIRECT,Raw Materials & Energy,False,2024-11-06,216.44747924804688,1322.8299560546875,-0.04569895203899732,-0.01340251500523404,-0.03229643703376328,-0.20462860768561397,0.2050045735500905,-0.36509058140409056,2026-02-28,790,ok,-0.0008260834163516127,1.4688154504978062,0.5103016241030873,-0.020511904531568054,-0.025187047507429266,-0.07621604391325627
CMP018,Equinor ASA,EQNR.OL,OBX.OL,NOK,Oslo Børs,PRIMARY_DIRECT,Raw Materials & Energy,False,2024-11-07,217.6233673095703,1328.52001953125,0.005432671545118284,0.004301432281994089,0.0011312392631241952,-0.20030761615478654,0.21018781912270934,-0.36395934214096637,2026-02-28,790,ok,-0.0008260834163516127,1.4688154504978062,0.5103016241030873,0.0054919267787113405,-5.92552335930566e-05,-0.07627529914684933
CMP018,Equinor ASA,EQNR.OL,OBX.OL,NOK,Oslo Børs,PRIMARY_DIRECT,Raw Materials & Energy,False,2024-11-08,218.3201446533203,1322.47998046875,0.0032017579378726957,-0.0045464418854833655,0.007748199823356061,-0.1977471947169538,0.204685770532548,-0.3562111423176103,2026-02-28,790,ok,-0.0008260834163516127,1.4688154504978062,0.5103016241030873,-0.007503967502539958,0.010705725440412654,-0.06556957370643668
CMP018,Equinor ASA,EQNR.OL,OBX.OL,NOK,Oslo Børs,PRIMARY_DIRECT,Raw Materials & Energy,False,2024-11-11,220.8025665283203,1325.4100341796875,0.011370558035044942,0.002215575096947031,0.00915498293809791,-0.18862513263570535,0.20735484232538637,-0.3470561593795124,2026-02-28,790,ok,-0.0008260834163516127,1.4688154504978062,0.5103016241030873,0.0024281875177823613,0.008942370517262582,-0.056627203189174094
CMP018,Equinor ASA,EQNR.OL,OBX.OL,NOK,Oslo Børs,PRIMARY_DIRECT,Raw Materials & Energy,False,2024-11-12,218.8863067626953,1316.77001953125,-0.008678611828450866,-0.006518748482076231,-0.0021598633463746353,-0.19566674015692087,0.19948439977965027,-0.34921602272588703,2026-02-28,790,ok,-0.0008260834163516127,1.4688154504978062,0.5103016241030873,-0.010400921904734302,0.0017223100762834356,-0.05490489311289066
CMP018,Equinor ASA,EQNR.OL,OBX.OL,NOK,Oslo Børs,PRIMARY_DIRECT,Raw Materials & Energy,False,2024-11-13,217.97174072265625,1310.3800048828125,-0.0041782697765127,-0.004852794758125056,0.0006745249816123566,-0.1990274615067671,0.19366354817194686,-0.3485414977442747,2026-02-28,790,ok,-0.0008260834163516127,1.4688154504978062,0.5103016241030873,-0.00795394333518046,0.00377567355866776,-0.0511292195542229
CMP018,Equinor ASA,EQNR.OL,OBX.OL,NOK,Oslo Børs,PRIMARY_DIRECT,Raw Materials & Energy,False,2024-11-14,229.42562866210935,1334.0,0.05254758209242749,0.01802530184310913,0.03452228024931836,-0.15693829128651393,0.21517969392686287,-0.3140192174949563,2026-02-28,790,ok,-0.0008260834163516127,1.4688154504978062,0.5103016241030873,0.025649758430693663,0.02689782366173383,-0.02423139589248907
CMP018,Equinor ASA,EQNR.OL,OBX.OL,NOK,Oslo Børs,PRIMARY_DIRECT,Raw Materials & Energy,False,2024-11-15,236.1324462890625,1354.5999755859375,0.02923307943434139,0.015442260559173526,0.013790818875167865,-0.132293001387641,0.2339448153866983,-0.30022839861978845,2026-02-28,790,ok,-0.0008260834163516127,1.4688154504978062,0.5103016241030873,0.021855747483575355,0.007377331950766036,-0.016854063941723035
CMP018,Equinor ASA,EQNR.OL,OBX.OL,NOK,Oslo Børs,PRIMARY_DIRECT,Raw Materials & Energy,False,2024-11-18,234.7891845703125,1353.3399658203125,-0.0056885944302023095,-0.0009301711120140999,-0.00475842331818821,-0.13722903458699487,0.23279703556560594,-0.30498682193797666,2026-02-28,790,ok,-0.0008260834163516127,1.4688154504978062,0.5103016241030873,-0.002192333117284648,-0.0034962613129176615,-0.020350325254640696
CMP018,Equinor ASA,EQNR.OL,OBX.OL,NOK,Oslo Børs,PRIMARY_DIRECT,Raw Materials & Energy,False,2024-11-19,236.08932495117188,1355.81005859375,0.005537479859810235,0.0018251827595590076,0.0037122971002512273,-0.1324514577423913,0.2350471154609557,-0.30127452483772543,2026-02-28,790,ok,-0.0008260834163516127,1.4688154504978062,0.5103016241030873,0.00185477322087088,0.0036827066389393546,-0.016667618615701343
CMP018,Equinor ASA,EQNR.OL,OBX.OL,NOK,Oslo Børs,PRIMARY_DIRECT,Raw Materials & Energy,False,2024-11-20,242.3210601806641,1367.97998046875,0.026395667109392118,0.008976125968281012,0.017419541141111106,-0.10955193521972106,0.2461330539460953,-0.2838549836966143,2026-02-28,790,ok,-0.0008260834163516127,1.4688154504978062,0.5103016241030873,0.012358189091474119,0.014037478017918,-0.0026301405977833432
CMP018,Equinor ASA,EQNR.OL,OBX.OL,NOK,Oslo Børs,PRIMARY_DIRECT,Raw Materials & Energy,False,2024-11-21,248.82180786132807,1379.4000244140625,0.02682700247274128,0.008348107507683888,0.01847889496505739,-0.08566388278401282,0.2565359066493158,-0.26537608873155694,2026-02-28,790,ok,-0.0008260834163516127,1.4688154504978062,0.5103016241030873,0.011435745873351215,0.015391256599390064,0.012761116001606721
CMP018,Equinor ASA,EQNR.OL,OBX.OL,NOK,Oslo Børs,PRIMARY_DIRECT,Raw Materials & Energy,False,2024-11-22,244.33856201171875,1382.280029296875,-0.01801789757957184,0.0020878677916769117,-0.02010576537124875,-0.10213829729731383,0.25915938749789436,-0.2854818541028057,2026-02-28,790,ok,-0.0008260834163516127,1.4688154504978062,0.5103016241030873,0.00224060905466017,-0.02025850663423201,-0.007497390632625289
CMP018,Equinor ASA,EQNR.OL,OBX.OL,NOK,Oslo Børs,PRIMARY_DIRECT,Raw Materials & Energy,False,2024-11-25,243.1729278564453,1386.4200439453125,-0.0047705697605666675,0.0029950621876113637,-0.007765631948178031,-0.10642160918539811,0.2629306481675653,-0.2932474860509837,2026-02-28,790,ok,-0.0008260834163516127,1.4688154504978062,0.5103016241030873,0.0035731102000137174,-0.008343679960580386,-0.015841070593205674
CMP018,Equinor ASA,EQNR.OL,OBX.OL,NOK,Oslo Børs,PRIMARY_DIRECT,Raw Materials & Energy,False,2024-11-26,238.51028442382807,1366.1199951171875,-0.019174187989255853,-0.014642062423129376,-0.004532125566126477,-0.12355524923401406,0.24443873878101252,-0.2977796116171102,2026-02-28,790,ok,-0.0008260834163516127,1.4688154504978062,0.5103016241030873,-0.022332570930597383,0.0031583829413415303,-0.012682687651864144
CMP018,Equinor ASA,EQNR.OL,OBX.OL,NOK,Oslo Børs,PRIMARY_DIRECT,Raw Materials & Energy,False,2024-11-27,241.4244079589844,1367.449951171875,0.01221802046061038,0.0009735279912752581,0.011244492469335121,-0.11284682933656065,0.24565023472664316,-0.2865351191477751,2026-02-28,790,ok,-0.0008260834163516127,1.4688154504978062,0.5103016241030873,0.0006038495387255798,0.0116141709218848,-0.0010685167299793446
CMP018,Equinor ASA,EQNR.OL,OBX.OL,NOK,Oslo Børs,PRIMARY_DIRECT,Raw Materials & Energy,False,2024-11-28,239.1379547119141,1365.6600341796875,-0.009470679731184206,-0.001308945157849184,-0.008161734573335022,-0.12124877288841873,0.24401974688352412,-0.2946968537211101,2026-02-28,790,ok,-0.0008260834163516127,1.4688154504978062,0.5103016241030873,-0.0027486822880547837,-0.0067219974431294224,-0.007790514173108767
CMP018,Equinor ASA,EQNR.OL,OBX.OL,NOK,Oslo Børs,PRIMARY_DIRECT,Raw Materials & Energy,False,2024-11-29,239.58627319335935,1360.9000244140625,0.0018747274224426569,-0.0034855012568952848,0.005360228679337942,-0.11960135386544757,0.23968371449215908,-0.28933662504177216,2026-02-28,790,ok,-0.0008260834163516127,1.4688154504978062,0.5103016241030873,-0.00594564151520893,0.007820368937651586,2.9854764542818976e-05
CMP018,Equinor ASA,EQNR.OL,OBX.OL,NOK,Oslo Børs,PRIMARY_DIRECT,Raw Materials & Energy,False,2024-12-02,240.3932647705078,1360.81005859375,0.003368271338722195,-6.610758960878815e-05,0.0034343789283309833,-0.1166359323390227,0.23960176198991667,-0.28590224611344117,2026-02-28,790,ok,-0.0008260834163516127,1.4688154504978062,0.5103016241030873,-0.000923183265364169,0.004291454604086364,0.004321309368629183
CMP018,Equinor ASA,EQNR.OL,OBX.OL,NOK,Oslo Børs,PRIMARY_DIRECT,Raw Materials & Energy,False,2024-12-03,243.2177276611328,1375.0699462890625,0.011749342866662182,0.010478969937985694,0.0012703729286764887,-0.10625698503198455,0.25259151158888304,-0.2846318731847647,2026-02-28,790,ok,-0.0008260834163516127,1.4688154504978062,0.5103016241030873,0.014565589533863811,-0.0028162466672016287,0.0015050627014275546
CMP018,Equinor ASA,EQNR.OL,OBX.OL,NOK,Oslo Børs,PRIMARY_DIRECT,Raw Materials & Energy,False,2024-12-04,239.49659729003903,1377.5400390625,-0.01529958530111053,0.0017963397281015592,-0.01709592502921209,-0.11993088252675943,0.254841591484233,-0.3017277982139768,2026-02-28,790,ok,-0.0008260834163516127,1.4688154504978062,0.5103016241030873,0.0018124081306269857,-0.017111993431737516,-0.015606930730309962
CMP018,Equinor ASA,EQNR.OL,OBX.OL,NOK,Oslo Børs,PRIMARY_DIRECT,Raw Materials & Energy,False,2024-12-05,237.7033233642578,1377.81005859375,-0.007487680184489198,0.00019601574080829742,-0.007683695925297496,-0.12652055861864475,0.25508756018838485,-0.30941149413927427,2026-02-28,790,ok,-0.0008260834163516127,1.4688154504978062,0.5103016241030873,-0.0005381724677116121,-0.006949507716777586,-0.022556438447087546
CMP018,Equinor ASA,EQNR.OL,OBX.OL,NOK,Oslo Børs,PRIMARY_DIRECT,Raw Materials & Energy,False,2024-12-06,233.3096923828125,1355.56005859375,-0.018483675025075197,-0.016148815187711163,-0.002334859837364034,-0.14266566875422193,0.23481938313450734,-0.3117463539766383,2026-02-28,790,ok,-0.0008260834163516127,1.4688154504978062,0.5103016241030873,-0.0245457126712954,0.006062037646220202,-0.016494400800867344
CMP018,Equinor ASA,EQNR.OL,OBX.OL,NOK,Oslo Børs,PRIMARY_DIRECT,Raw Materials & Energy,False,2024-12-09,239.22760009765625,1358.6099853515625,0.02536503157842973,0.0022499384947771706,0.02311509308365256,-0.12091935636890083,0.23759765079871875,-0.28863126089298574,2026-02-28,790,ok,-0.0008260834163516127,1.4688154504978062,0.5103016241030873,0.002478661007446873,0.022886370570982858,0.006391969770115514
CMP018,Equinor ASA,EQNR.OL,OBX.OL,NOK,Oslo Børs,PRIMARY_DIRECT,Raw Materials & Energy,False,2024-12-10,237.9722900390625,1351.449951171875,-0.005247346284798726,-0.0052701174412719265,2.277115647320027e-05,-0.12553219691829698,0.23107536583396726,-0.28860848973651254,2026-02-28,790,ok,-0.0008260834163516127,1.4688154504978062,0.5103016241030873,-0.008566913340029783,0.0033195670552310565,0.00971153682534657
CMP018,Equinor ASA,EQNR.OL,OBX.OL,NOK,Oslo Børs,PRIMARY_DIRECT,Raw Materials & Energy,False,2024-12-11,237.2549743652344,1351.75,-0.0030142823507323113,0.00022201993337955805,-0.0032363022841118694,-0.12816808978340977,0.231348689104675,-0.2918447920206244,2026-02-28,790,ok,-0.0008260834163516127,1.4688154504978062,0.5103016241030873,-0.0004999771078852242,-0.002514305242847087,0.007197231582499483
CMP018,Equinor ASA,EQNR.OL,OBX.OL,NOK,Oslo Børs,PRIMARY_DIRECT,Raw Materials & Energy,False,2024-12-12,233.0406951904297,1350.949951171875,-0.017762658869765913,-0.0005918615336600874,-0.017170797336105825,-0.14365414259636344,0.23061990118107123,-0.30901558935673024,2026-02-28,790,ok,-0.0008260834163516127,1.4688154504978062,0.5103016241030873,-0.0016954187815468764,-0.016067240088219036,-0.008870008505719553
CMP018,Equinor ASA,EQNR.OL,OBX.OL,NOK,Oslo Børs,PRIMARY_DIRECT,Raw Materials & Energy,False,2024-12-13,230.9335479736328,1348.0899658203125,-0.009041971038899477,-0.0021170179909933973,-0.0069249530479060795,-0.1513971970382887,0.22801465671019638,-0.3159405424046363,2026-02-28,790,ok,-0.0008260834163516127,1.4688154504978062,0.5103016241030873,-0.00393559215050454,-0.005106378888394937,-0.013976387394114491
CMP018,Equinor ASA,EQNR.OL,OBX.OL,NOK,Oslo Børs,PRIMARY_DIRECT,Raw Materials & Energy,False,2024-12-16,227.6607666015625,1334.8399658203125,-0.014171961591496363,-0.009828720883578002,-0.004343240707918361,-0.16342356336829822,0.215944843408449,-0.3202837831125547,2026-02-28,790,ok,-0.0008260834163516127,1.4688154504978062,0.5103016241030873,-0.015262660508781431,0.0010906989172850684,-0.012885688476829422
CMP018,Equinor ASA,EQNR.OL,OBX.OL,NOK,Oslo Børs,PRIMARY_DIRECT,Raw Materials & Energy,False,2024-12-17,227.1227569580078,1321.8900146484375,-0.002363207554757496,-0.009701500931549312,0.007338293376791816,-0.1654005671234784,0.20414835337740933,-0.31294548973576286,2026-02-28,790,ok,-0.0008260834163516127,1.4688154504978062,0.5103016241030873,-0.0150757978776301,0.012712590322872605,-0.00017309815395681778
CMP018,Equinor ASA,EQNR.OL,OBX.OL,NOK,Oslo Børs,PRIMARY_DIRECT,Raw Materials & Energy,False,2024-12-18,225.5087890625,1316.9200439453125,-0.007106147869657131,-0.0037597460061356003,-0.003346401863521531,-0.171331354105431,0.1996210614150038,-0.3162918915992844,2026-02-28,790,ok,-0.0008260834163516127,1.4688154504978062,0.5103016241030873,-0.006348456440111002,-0.0007576914295461291,-0.0009307895835029469
CMP018,Equinor ASA,EQNR.OL,OBX.OL,NOK,Oslo Børs,PRIMARY_DIRECT,Raw Materials & Energy,False,2024-12-19,228.7367401123047,1312.449951171875,0.014314080897796178,-0.0033943539655192367,0.017708434863315414,-0.15946972407062887,0.19554912290806947,-0.298583456735969,2026-02-28,790,ok,-0.0008260834163516127,1.4688154504978062,0.5103016241030873,-0.005811762965364765,0.020125843863160943,0.019195054279657994
CMP018,Equinor ASA,EQNR.OL,OBX.OL,NOK,Oslo Børs,PRIMARY_DIRECT,Raw Materials & Energy,False,2024-12-20,228.15391540527344,1307.4200439453125,-0.0025480152718146964,-0.003832456408773055,0.0012844411369583586,-0.16161140805011953,0.19096723300997742,-0.2972990155990106,2026-02-28,790,ok,-0.0008260834163516127,1.4688154504978062,0.5103016241030873,-0.0064552546029168125,0.003907239331102116,0.023102293610760112
CMP018,Equinor ASA,EQNR.OL,OBX.OL,NOK,Oslo Børs,PRIMARY_DIRECT,Raw Materials & Energy,False,2024-12-23,229.1402587890625,1314.97998046875,0.004323149055044828,0.005782331820938236,-0.0014591827658934076,-0.15798692920107105,0.19785380073910575,-0.298758198364904,2026-02-28,790,ok,-0.0008260834163516127,1.4688154504978062,0.5103016241030873,0.007667094902147582,-0.0033439458471027535,0.01975834776365736
CMP018,Equinor ASA,EQNR.OL,OBX.OL,NOK,Oslo Børs,PRIMARY_DIRECT,Raw Materials & Energy,False,2024-12-27,234.9236602783203,1331.5699462890625,0.025239569510051796,0.012616135657364635,0.01262343385268716,-0.13673488177226933,0.21296608678692008,-0.28613476451221687,2026-02-28,790,ok,-0.0008260834163516127,1.4688154504978062,0.5103016241030873,0.017704691562761863,0.007534877947289933,0.02729322571094729
CMP018,Equinor ASA,EQNR.OL,OBX.OL,NOK,Oslo Børs,PRIMARY_DIRECT,Raw Materials & Energy,False,2024-12-30,237.9722900390625,1329.8800048828125,0.012977108210941335,-0.0012691345362364492,0.014246242747177784,-0.12553219691829698,0.2114266696348952,-0.2718885217650391,2026-02-28,790,ok,-0.0008260834163516127,1.4688154504978062,0.5103016241030873,-0.0026902078319360773,0.01566731604287741,0.0429605417538247
CMP018,Equinor ASA,EQNR.OL,OBX.OL,NOK,Oslo Børs,PRIMARY_DIRECT,Raw Materials & Energy,False,2025-01-02,249.71849060058597,1364.219970703125,0.04935953072349464,0.025821852869604145,0.023537677853890493,-0.08236887652537883,0.2427079508605221,-0.2483508439111486,2026-02-28,790,ok,-0.0008260834163516127,1.4688154504978062,0.5103016241030873,0.03710145303900407,0.012258077684490568,0.05521861943831527
CMP018,Equinor ASA,EQNR.OL,OBX.OL,NOK,Oslo Børs,PRIMARY_DIRECT,Raw Materials & Energy,False,2025-01-03,255.23294067382807,1366.9000244140625,0.022082666205372137,0.001964531943889014,0.020118134261483123,-0.06210513472602819,0.24514929032691235,-0.22823270964966547,2026-02-28,790,ok,-0.0008260834163516127,1.4688154504978062,0.5103016241030873,0.0020594514558290606,0.020023214749543078,0.07524183418785835
CMP018,Equinor ASA,EQNR.OL,OBX.OL,NOK,Oslo Børs,PRIMARY_DIRECT,Raw Materials & Energy,False,2025-01-06,256.443359375,1365.8299560546875,0.004742407848988384,-0.00078284317818611,0.005525251027174494,-0.057657254755427045,0.24417453369915676,-0.22270745862249097,2026-02-28,790,ok,-0.0008260834163516127,1.4688154504978062,0.5103016241030873,-0.0019759355717881783,0.006718343420776562,0.08196017760863492
CMP018,Equinor ASA,EQNR.OL,OBX.OL,NOK,Oslo Børs,PRIMARY_DIRECT,Raw Materials & Energy,False,2025-01-07,262.2268371582031,1373.760009765625,0.022552651771909904,0.0058060329368117,0.016746618835098204,-0.036404926972140594,0.25139825202095634,-0.20596083978739277,2026-02-28,790,ok,-0.0008260834163516127,1.4688154504978062,0.5103016241030873,0.0077019074673365644,0.01485074430457334,0.09681092191320825
CMP018,Equinor ASA,EQNR.OL,OBX.OL,NOK,Oslo Børs,PRIMARY_DIRECT,Raw Materials & Energy,False,2025-01-08,258.7747497558594,1373.6700439453125,-0.013164508407128017,-6.548874597667176e-05,-0.013099019661151345,-0.04909018241208296,0.25131629951871415,-0.21905985944854411,2026-02-28,790,ok,-0.0008260834163516127,1.4688154504978062,0.5103016241030873,-0.0009222742982758742,-0.012242234108852144,0.08456868780435611
CMP018,Equinor ASA,EQNR.OL,OBX.OL,NOK,Oslo Børs,PRIMARY_DIRECT,Raw Materials & Energy,False,2025-01-09,259.2230224609375,1379.3699951171875,0.0017322892032589632,0.004149432534398256,-0.002417143331139293,-0.04744293160180246,0.2565085520827599,-0.2214770027796834,2026-02-28,790,ok,-0.0008260834163516127,1.4688154504978062,0.5103016241030873,0.005268667200970816,-0.0035363779977118526,0.08103230980664426
CMP018,Equinor ASA,EQNR.OL,OBX.OL,NOK,Oslo Børs,PRIMARY_DIRECT,Raw Materials & Energy,False,2025-01-10,263.7063293457031,1387.93994140625,0.017295172481993637,0.006212942371806696,0.011082230110186941,-0.030968292804913422,0.26431516730653226,-0.21039477266949647,2026-02-28,790,ok,-0.0008260834163516127,1.4688154504978062,0.5103016241030873,0.008299582332410547,0.00899559014958309,0.09002789995622736
CMP018,Equinor ASA,EQNR.OL,OBX.OL,NOK,Oslo Børs,PRIMARY_DIRECT,Raw Materials & Energy,False,2025-01-13,267.2929077148437,1391.3800048828125,0.013600653340552826,0.0024785391456325634,0.011122114194920263,-0.017788828479348928,0.2674488219411184,-0.1992726584745762,2026-02-28,790,ok,-0.0008260834163516127,1.4688154504978062,0.5103016241030873,0.0028144331754171286,0.010786220165135698,0.10081412012136305
CMP018,Equinor ASA,EQNR.OL,OBX.OL,NOK,Oslo Børs,PRIMARY_DIRECT,Raw Materials & Energy,False,2025-01-14,260.6576843261719,1393.0,-0.02482379141817892,0.0011643081771353092,-0.02598809959531423,-0.0421710337297827,0.26892452296860503,-0.22526075806989043,2026-02-28,790,ok,-0.0008260834163516127,1.4688154504978062,0.5103016241030873,0.0008840704233656659,-0.025707861841544586,0.07510625827981847
CMP018,Equinor ASA,EQNR.OL,OBX.OL,NOK,Oslo Børs,PRIMARY_DIRECT,Raw Materials & Energy,False,2025-01-15,261.10601806640625,1404.7099609375,0.0017200096801035514,0.008406289258793942,-0.006686279578690391,-0.04052355863591439,0.27959146955625624,-0.23194703764858082,2026-02-28,790,ok,-0.0008260834163516127,1.4688154504978062,0.5103016241030873,0.01152120412831868,-0.009801194448215129,0.06530506383160334
CMP018,Equinor ASA,EQNR.OL,OBX.OL,NOK,Oslo Børs,PRIMARY_DIRECT,Raw Materials & Energy,False,2025-01-16,255.5019378662109,1402.510009765625,-0.021462853448173225,-0.0015661248464464705,-0.019896728601726754,-0.061116660883886564,0.27758746956248315,-0.2518437662503076,2026-02-28,790,ok,-0.0008260834163516127,1.4688154504978062,0.5103016241030873,-0.0031264317882206925,-0.018336421659952532,0.04696864217165081
CMP018,Equinor ASA,EQNR.OL,OBX.OL,NOK,Oslo Børs,PRIMARY_DIRECT,Raw Materials & Energy,False,2025-01-17,256.084716796875,1411.1700439453125,0.002280917849512676,0.006174668358434499,-0.0038937505089218227,-0.05897514511708657,0.28547614848592295,-0.2557375167592294,2026-02-28,790,ok,-0.0008260834163516127,1.4688154504978062,0.5103016241030873,0.008243364870216905,-0.005962447020704229,0.041006195150946584
CMP018,Equinor ASA,EQNR.OL,OBX.OL,NOK,Oslo Børs,PRIMARY_DIRECT,Raw Materials & Energy,False,2025-01-20,252.36363220214844,1408.489990234375,-0.014530678133666597,-0.0018991713453927472,-0.01263150678827385,-0.07264887439917045,0.2830348090195327,-0.26836902354750325,2026-02-28,790,ok,-0.0008260834163516127,1.4688154504978062,0.5103016241030873,-0.003615615631607185,-0.010915062502059411,0.030091132648887173
CMP018,Equinor ASA,EQNR.OL,OBX.OL,NOK,Oslo Børs,PRIMARY_DIRECT,Raw Materials & Energy,False,2025-01-21,246.66986083984372,1401.800048828125,-0.022561774502214638,-0.004749725914017122,-0.017812048588197515,-0.0935715613793513,0.2769407453385466,-0.28618107213570076,2026-02-28,790,ok,-0.0008260834163516127,1.4688154504978062,0.5103016241030873,-0.007802554224489776,-0.01475922027772486,0.015331912371162312
CMP018,Equinor ASA,EQNR.OL,OBX.OL,NOK,Oslo Børs,PRIMARY_DIRECT,Raw Materials & Energy,False,2025-01-22,244.74205017089844,1404.8800048828125,-0.007815347454211086,0.0021971436349015327,-0.010012491089112618,-0.10065561456954975,0.2797463675693137,-0.2961935632248134,2026-02-28,790,ok,-0.0008260834163516127,1.4688154504978062,0.5103016241030873,0.0024011151015546697,-0.010216462555765755,0.005115449815396557
CMP018,Equinor ASA,EQNR.OL,OBX.OL,NOK,Oslo Børs,PRIMARY_DIRECT,Raw Materials & Energy,False,2025-01-23,247.92515563964844,1417.6400146484375,0.013005960628863278,0.009082633193779,0.003923327435084278,-0.08895877690085208,0.2913698344070168,-0.2922702357897291,2026-02-28,790,ok,-0.0008260834163516127,1.4688154504978062,0.5103016241030873,0.012514628549875216,0.0004913320789880615,0.005606781894384618
CMP018,Equinor ASA,EQNR.OL,OBX.OL,NOK,Oslo Børs,PRIMARY_DIRECT,Raw Materials & Energy,False,2025-01-24,240.2587890625,1405.0899658203125,-0.03092210049185673,-0.008852775527246504,-0.022069324964610226,-0.11713008515374801,0.279937627140354,-0.31433956075433933,2026-02-28,790,ok,-0.0008260834163516127,1.4688154504978062,0.5103016241030873,-0.01382917689056014,-0.017092923601296592,-0.011486141706911973
CMP018,Equinor ASA,EQNR.OL,OBX.OL,NOK,Oslo Børs,PRIMARY_DIRECT,Raw Materials & Energy,False,2025-01-27,240.2139434814453,1407.219970703125,-0.00018665531958139692,0.001515920641828039,-0.001702575961409436,-0.11729487751985246,0.28187791100958837,-0.31604213671574877,2026-02-28,790,ok,-0.0008260834163516127,1.4688154504978062,0.5103016241030873,0.001400524244093962,-0.001587179563675359,-0.013073321270587333
CMP018,Equinor ASA,EQNR.OL,OBX.OL,NOK,Oslo Børs,PRIMARY_DIRECT,Raw Materials & Energy,False,2025-01-28,238.1964569091797,1411.02001953125,-0.00839870718171476,0.0027003943287033927,-0.011099101510418152,-0.12470845937136288,0.28533948685056876,-0.3271412382261669,2026-02-28,790,ok,-0.0008260834163516127,1.4688154504978062,0.5103016241030873,0.0031402974960845816,-0.011539004677799341,-0.024612325948386672
CMP018,Equinor ASA,EQNR.OL,OBX.OL,NOK,Oslo Børs,PRIMARY_DIRECT,Raw Materials & Energy,False,2025-01-29,242.63491821289065,1422.5999755859375,0.018633615971052286,0.008206797844395153,0.010426818126657134,-0.10839861294057818,0.29588800818056993,-0.3167144200995098,2026-02-28,790,ok,-0.0008260834163516127,1.4688154504978062,0.5103016241030873,0.011228188056608078,0.007405427914444209,-0.017206898033942465
CMP018,Equinor ASA,EQNR.OL,OBX.OL,NOK,Oslo Børs,PRIMARY_DIRECT,Raw Materials & Energy,False,2025-01-30,243.44186401367188,1432.81005859375,0.003325761216582901,0.007177058331951036,-0.0038512971153681352,-0.10543335962684441,0.30518867200695765,-0.3205657172148779,2026-02-28,790,ok,-0.0008260834163516127,1.4688154504978062,0.5103016241030873,0.009715690750742082,-0.006389929534159181,-0.023596827568101646
CMP018,Equinor ASA,EQNR.OL,OBX.OL,NOK,Oslo Børs,PRIMARY_DIRECT,Raw Materials & Energy,False,2025-01-31,245.3696746826172,1427.8699951171875,0.007918977603774247,-0.0034478146261835985,0.011366792229957845,-0.09834930643664586,0.30068862341368296,-0.3091989249849201,2026-02-28,790,ok,-0.0008260834163516127,1.4688154504978062,0.5103016241030873,-0.0058902868097424005,0.013809264413516646,-0.009787563154585
CMP018,Equinor ASA,EQNR.OL,OBX.OL,NOK,Oslo Børs,PRIMARY_DIRECT,Raw Materials & Energy,False,2025-02-03,245.1006774902344,1411.199951171875,-0.001096293552700578,-0.011674763110309905,0.010578469557609327,-0.09933778027878737,0.28550339185505313,-0.29862045542731075,2026-02-28,790,ok,-0.0008260834163516127,1.4688154504978062,0.5103016241030873,-0.01797415585367662,0.016877862300976043,0.007090299146391043
CMP018,Equinor ASA,EQNR.OL,OBX.OL,NOK,Oslo Børs,PRIMARY_DIRECT,Raw Materials & Energy,False,2025-02-04,249.0908050537109,1422.030029296875,0.016279545223352176,0.007674375354113749,0.008605169869238427,-0.08467540894187109,0.2953688274031352,-0.2900152855580723,2026-02-28,790,ok,-0.0008260834163516127,1.4688154504978062,0.5103016241030873,0.010446157676690234,0.005833387546661942,0.012923686693052985
CMP018,Equinor ASA,EQNR.OL,OBX.OL,NOK,Oslo Børs,PRIMARY_DIRECT,Raw Materials & Energy,False,2025-02-05,238.8240966796875,1415.1600341796875,-0.04121672966535084,-0.004831118173070026,-0.03638561149228081,-0.12240209516756184,0.28911074752023946,-0.32640089705035313,2026-02-28,790,ok,-0.0008260834163516127,1.4688154504978062,0.5103016241030873,-0.007922104432137601,-0.033294625233213235,-0.020370938540160248
CMP018,Equinor ASA,EQNR.OL,OBX.OL,NOK,Oslo Børs,PRIMARY_DIRECT,Raw Materials & Energy,False,2025-02-06,235.59616088867188,1413.969970703125,-0.01351595519837745,-0.0008409391502158803,-0.01267501604816157,-0.13426366913146703,0.28802668382368557,-0.3390759130985147,2026-02-28,790,ok,-0.0008260834163516127,1.4688154504978062,0.5103016241030873,-0.002061267833117193,-0.011454687365260256,-0.031825625905420506
CMP018,Equinor ASA,EQNR.OL,OBX.OL,NOK,Oslo Børs,PRIMARY_DIRECT,Raw Materials & Energy,False,2025-02-07,236.8963165283203,1401.0899658203125,0.005518577360277055,-0.00910910779555496,0.014627685155832015,-0.12948603621596666,0.2762939099171844,-0.3244482279426827,2026-02-28,790,ok,-0.0008260834163516127,1.4688154504978062,0.5103016241030873,-0.01420568168671275,0.019724259046989805,-0.0121013668584307
CMP018,Equinor ASA,EQNR.OL,OBX.OL,NOK,Oslo Børs,PRIMARY_DIRECT,Raw Materials & Energy,False,2025-02-10,244.33856201171875,1401.7900390625,0.03141562347808291,0.0004996633044742627,0.030915960173608648,-0.10213829729731394,0.276931627149694,-0.29353226776907404,2026-02-28,790,ok,-0.0008260834163516127,1.4688154504978062,0.5103016241030873,-9.217023469302611e-05,0.031507793712775935,0.019406426854345234
CMP018,Equinor ASA,EQNR.OL,OBX.OL,NOK,Oslo Børs,PRIMARY_DIRECT,Raw Materials & Energy,False,2025-02-11,252.4084930419922,1419.9599609375,0.03302766032439197,0.012961942494007062,0.02006571783038491,-0.07248402596216941,0.2934831414695871,-0.27346654993868913,2026-02-28,790,ok,-0.0008260834163516127,1.4688154504978062,0.5103016241030873,0.01821261798731003,0.014815042337081943,0.03422146919142718
CMP018,Equinor ASA,EQNR.OL,OBX.OL,NOK,Oslo Børs,PRIMARY_DIRECT,Raw Materials & Energy,False,2025-02-12,241.96240234375,1395.7099609375,-0.04138565454889154,-0.017077946327436866,-0.02430770822145467,-0.11086988165227774,0.271393105804125,-0.2977742581601438,2026-02-28,790,ok,-0.0008260834163516127,1.4688154504978062,0.5103016241030873,-0.025910434844863144,-0.015475219704028393,0.018746249487398784
CMP018,Equinor ASA,EQNR.OL,OBX.OL,NOK,Oslo Børs,PRIMARY_DIRECT,Raw Materials & Energy,False,2025-02-13,237.27816772460935,1397.550048828125,-0.019359349112784363,0.0013183884489791353,-0.0206777375617635,-0.12808286202006258,0.2730692957889289,-0.3184519957219073,2026-02-28,790,ok,-0.0008260834163516127,1.4688154504978062,0.5103016241030873,0.00111038590726678,-0.020469735020051144,-0.00172348553265236
CMP018,Equinor ASA,EQNR.OL,OBX.OL,NOK,Oslo Børs,PRIMARY_DIRECT,Raw Materials & Energy,False,2025-02-14,237.9707489013672,1403.6199951171875,0.0029188575729464095,0.004343276503157911,-0.0014244189302115018,-0.12553786007888812,0.27859858774822066,-0.3198764146521188,2026-02-28,790,ok,-0.0008260834163516127,1.4688154504978062,0.5103016241030873,0.005553388217270811,-0.0026345306443244015,-0.0043580161769767615
CMP018,Equinor ASA,EQNR.OL,OBX.OL,NOK,Oslo Børs,PRIMARY_DIRECT,Raw Materials & Energy,False,2025-02-17,233.30735778808597,1409.0899658203125,-0.01959648879036846,0.0038970452986943904,-0.02349353408906285,-0.14267424760145375,0.2835813443635222,-0.34336994874118165,2026-02-28,790,ok,-0.0008260834163516127,1.4688154504978062,0.5103016241030873,0.004897956929660546,-0.024494445720029005,-0.028852461897005768
CMP018,Equinor ASA,EQNR.OL,OBX.OL,NOK,Oslo Børs,PRIMARY_DIRECT,Raw Materials & Energy,False,2025-02-18,233.63055419921875,1409.97998046875,0.0013852816910573384,0.0006316237217112164,0.0007536579693461221,-0.14148660993338413,0.28439208478936817,-0.34261629077183553,2026-02-28,790,ok,-0.0008260834163516127,1.4688154504978062,0.5103016241030873,0.0001016552649987485,0.0012836264260585898,-0.027568835470947177
CMP018,Equinor ASA,EQNR.OL,OBX.OL,NOK,Oslo Børs,PRIMARY_DIRECT,Raw Materials & Energy,False,2025-02-19,240.2331695556641,1417.969970703125,0.02826092408621883,0.005666740198480458,0.022594183887738373,-0.11722422818970912,0.29167040104685427,-0.32002210688409716,2026-02-28,790,ok,-0.0008260834163516127,1.4688154504978062,0.5103016241030873,0.007497312141133488,0.020763611945085345,-0.006805223525861832
CMP018,Equinor ASA,EQNR.OL,OBX.OL,NOK,Oslo Børs,PRIMARY_DIRECT,Raw Materials & Energy,False,2025-02-20,239.5406036376953,1414.97998046875,-0.0028828904819836465,-0.0021086414353982397,-0.0007742490465854068,-0.11976917405998677,0.2889467313183294,-0.32079635593068256,2026-02-28,790,ok,-0.0008260834163516127,1.4688154504978062,0.5103016241030873,-0.003923288536224419,0.0010403980542407721,-0.00576482547162106
CMP018,Equinor ASA,EQNR.OL,OBX.OL,NOK,Oslo Børs,PRIMARY_DIRECT,Raw Materials & Energy,False,2025-02-21,238.3862762451172,1420.780029296875,-0.0048189216151598435,0.004099032430270544,-0.008917954045430387,-0.12401093741343905,0.29423016577089434,-0.32971430997611295,2026-02-28,790,ok,-0.0008260834163516127,1.4688154504978062,0.5103016241030873,0.005194638749321333,-0.010013560364481176,-0.015778385836102235
CMP018,Equinor ASA,EQNR.OL,OBX.OL,NOK,Oslo Børs,PRIMARY_DIRECT,Raw Materials & Energy,False,2025-02-24,238.3401336669922,1419.2900390625,-0.00019356222535882317,-0.0010487128222884667,0.0008551505969296436,-0.12418049580578328,0.29287289000105776,-0.3288591593791833,2026-02-28,790,ok,-0.0008260834163516127,1.4688154504978062,0.5103016241030873,-0.0023664490128640727,0.0021728867875052496,-0.013605499048596986
CMP018,Equinor ASA,EQNR.OL,OBX.OL,NOK,Oslo Børs,PRIMARY_DIRECT,Raw Materials & Energy,False,2025-02-25,234.50784301757807,1416.1700439453125,-0.016079082404009126,-0.0021982787388886704,-0.013880803665120456,-0.13826286978476054,0.2900307950148828,-0.34273996304430376,2026-02-28,790,ok,-0.0008260834163516127,1.4688154504978062,0.5103016241030873,-0.004054949192532124,-0.012024133211477002,-0.02562963226007399
CMP018,Equinor ASA,EQNR.OL,OBX.OL,NOK,Oslo Børs,PRIMARY_DIRECT,Raw Materials & Energy,False,2025-02-26,235.5236358642578,1423.8199462890625,0.004331594345028389,0.0054018247148048815,-0.0010702303697764926,-0.1345301741046192,0.29699931524625356,-0.34381019341408026,2026-02-28,790,ok,-0.0008260834163516127,1.4688154504978062,0.5103016241030873,0.007108200185634702,-0.0027766058406063134,-0.028406238100680305
CMP018,Equinor ASA,EQNR.OL,OBX.OL,NOK,Oslo Børs,PRIMARY_DIRECT,Raw Materials & Energy,False,2025-02-27,239.0788726806641,1415.1600341796875,0.015095031984200924,-0.006082167995992482,0.021177199980193406,-0.12146587940136766,0.2891107475202386,-0.32263299343388685,2026-02-28,790,ok,-0.0008260834163516127,1.4688154504978062,0.5103016241030873,-0.009759665741388649,0.024854697725589573,-0.0035515403750907316
CMP018,Equinor ASA,EQNR.OL,OBX.OL,NOK,Oslo Børs,PRIMARY_DIRECT,Raw Materials & Energy,False,2025-02-28,237.69371032714844,1411.4599609375,-0.005793746381621112,-0.002614597044024225,-0.003179149337596887,-0.1265558832837167,0.28574024237035234,-0.32581214277148374,2026-02-28,790,ok,-0.0008260834163516127,1.4688154504978062,0.5103016241030873,-0.004666443951440287,-0.0011273024301808252,-0.004678842805271557
CMP018,Equinor ASA,EQNR.OL,OBX.OL,NOK,Oslo Børs,PRIMARY_DIRECT,Raw Materials & Energy,False,2025-03-03,239.6791229248047,1434.0899658203125,0.008352819243402143,0.016033047701743852,-0.007680228458341709,-0.11926016245757254,0.3063545770083278,-0.33349237122982545,2026-02-28,790,ok,-0.0008260834163516127,1.4688154504978062,0.5103016241030873,0.0227235047665381,-0.014370685523135956,-0.019049528328407513
CMP018,Equinor ASA,EQNR.OL,OBX.OL,NOK,Oslo Børs,PRIMARY_DIRECT,Raw Materials & Energy,False,2025-03-04,229.105712890625,1393.1400146484375,-0.04411485616749744,-0.028554659852494835,-0.015560196315002606,-0.1581138737117418,0.26905206641510526,-0.34905256754482805,2026-02-28,790,ok,-0.0008260834163516127,1.4688154504978062,0.5103016241030873,-0.04276760899140543,-0.0013472471760920118,-0.020396775504499524
CMP018,Equinor ASA,EQNR.OL,OBX.OL,NOK,Oslo Børs,PRIMARY_DIRECT,Raw Materials & Energy,False,2025-03-05,225.36578369140625,1404.760009765625,-0.016324032919267206,0.008340866671696201,-0.024664899590963407,-0.17185685055154565,0.2796370605005143,-0.37371746713579146,2026-02-28,790,ok,-0.0008260834163516127,1.4688154504978062,0.5103016241030873,0.01142511042157798,-0.027749143340845186,-0.04814591884534471
CMP018,Equinor ASA,EQNR.OL,OBX.OL,NOK,Oslo Børs,PRIMARY_DIRECT,Raw Materials & Energy,False,2025-03-06,224.07293701171875,1410.3800048828125,-0.005736659125938126,0.004000679887040004,-0.00973733901297813,-0.17660762550741227,0.2847564787511696,-0.3834548061487696,2026-02-28,790,ok,-0.0008260834163516127,1.4688154504978062,0.5103016241030873,0.005050177014228563,-0.010786836140166688,-0.0589327549855114
CMP018,Equinor ASA,EQNR.OL,OBX.OL,NOK,Oslo Børs,PRIMARY_DIRECT,Raw Materials & Energy,False,2025-03-07,232.9379730224609,1423.510009765625,0.039563171389495055,0.009309551211273304,0.030253620178221752,-0.1440316118745587,0.2967169849841187,-0.35320118597054784,2026-02-28,790,ok,-0.0008260834163516127,1.4688154504978062,0.5103016241030873,0.01284792923996718,0.026715242149527876,-0.03221751283598352
CMP018,Equinor ASA,EQNR.OL,OBX.OL,NOK,Oslo Børs,PRIMARY_DIRECT,Raw Materials & Energy,False,2025-03-10,242.9111175537109,1417.949951171875,0.0428145930946533,-0.0039058795200642704,0.04672047261471757,-0.10738367363508172,0.29165216466914967,-0.30648071335583027,2026-02-28,790,ok,-0.0008260834163516127,1.4688154504978062,0.5103016241030873,-0.006563099603204969,0.049377692697858265,0.017160179861874743
CMP018,Equinor ASA,EQNR.OL,OBX.OL,NOK,Oslo Børs,PRIMARY_DIRECT,Raw Materials & Energy,False,2025-03-11,238.52479553222656,1409.8800048828125,-0.01805731275561928,-0.005691277243172865,-0.012366035512446416,-0.12350192581102504,0.28430101409827313,-0.3188467488682767,2026-02-28,790,ok,-0.0008260834163516127,1.4688154504978062,0.5103016241030873,-0.009185519364190478,-0.008871793391428804,0.00828838647044594
CMP018,Equinor ASA,EQNR.OL,OBX.OL,NOK,Oslo Børs,PRIMARY_DIRECT,Raw Materials & Energy,False,2025-03-12,235.38510131835935,1403.1300048828125,-0.013162967845173235,-0.004787641484823468,-0.008375326360349766,-0.1350392417779308,0.2781522412841755,-0.32722207522862645,2026-02-28,790,ok,-0.0008260834163516127,1.4688154504978062,0.5103016241030873,-0.007858245200704581,-0.005304722644468653,0.002983663825977286
CMP018,Equinor ASA,EQNR.OL,OBX.OL,NOK,Oslo Børs,PRIMARY_DIRECT,Raw Materials & Energy,False,2025-03-13,239.49444580078125,1424.22998046875,0.017457963394480025,0.01503779087647672,0.002420172518003305,-0.11993878852322826,0.29737282739690696,-0.32480190271062315,2026-02-28,790,ok,-0.0008260834163516127,1.4688154504978062,0.5103016241030873,0.021261656164372342,-0.0038036927698923174,-0.0008200289439150316
CMP018,Equinor ASA,EQNR.OL,OBX.OL,NOK,Oslo Børs,PRIMARY_DIRECT,Raw Materials & Energy,False,2025-03-14,237.41668701171875,1435.1800537109375,-0.00867560323628902,0.00768841647230567,-0.01636401970859469,-0.12757385041764857,0.3073475700137871,-0.34116592241921784,2026-02-28,790,ok,-0.0008260834163516127,1.4688154504978062,0.5103016241030873,0.010466781488032794,-0.019142384724321816,-0.019962413668236846
CMP018,Equinor ASA,EQNR.OL,OBX.OL,NOK,Oslo Børs,PRIMARY_DIRECT,Raw Materials & Energy,False,2025-03-17,241.01809692382807,1453.239990234375,0.015169152419061138,0.012583742699558753,0.002585409719502385,-0.11433988518025928,0.32379889545373386,-0.33858051269971545,2026-02-28,790,ok,-0.0008260834163516127,1.4688154504978062,0.5103016241030873,0.017657112285849257,-0.0024879598667881184,-0.022450373535024964
CMP018,Equinor ASA,EQNR.OL,OBX.OL,NOK,Oslo Børs,PRIMARY_DIRECT,Raw Materials & Energy,False,2025-03-18,243.37283325195312,1460.1300048828125,0.009769956522680756,0.004741140276030009,0.005028816246650747,-0.10568702436459798,0.3300752117143335,-0.3335516964530647,2026-02-28,790,ok,-0.0008260834163516127,1.4688154504978062,0.5103016241030873,0.006137776674058698,0.003632179848622058,-0.018818193686402907
CMP018,Equinor ASA,EQNR.OL,OBX.OL,NOK,Oslo Børs,PRIMARY_DIRECT,Raw Materials & Energy,False,2025-03-19,246.83578491210935,1472.18994140625,0.014228998421410344,0.00825949503339296,0.005969503388017383,-0.09296184644603511,0.34106096131952723,-0.3275821930650473,2026-02-28,790,ok,-0.0008260834163516127,1.4688154504978062,0.5103016241030873,0.011305590502005861,0.0029234079194044825,-0.015894785766998425
CMP018,Equinor ASA,EQNR.OL,OBX.OL,NOK,Oslo Børs,PRIMARY_DIRECT,Raw Materials & Energy,False,2025-03-20,247.57452392578125,1466.719970703125,0.0029928359615074562,-0.0037155332673309838,0.00670836922883844,-0.0902472300416195,0.33607820470422567,-0.3208738238362089,2026-02-28,790,ok,-0.0008260834163516127,1.4688154504978062,0.5103016241030873,-0.006283516086245958,0.009276352047753414,-0.006618433719245011
CMP018,Equinor ASA,EQNR.OL,OBX.OL,NOK,Oslo Børs,PRIMARY_DIRECT,Raw Materials & Energy,False,2025-03-21,250.11404418945312,1458.8800048828125,0.010257599301425557,-0.005345236975640377,0.015602836277065935,-0.08091535066402444,0.3289365500820933,-0.30527098755914295,2026-02-28,790,ok,-0.0008260834163516127,1.4688154504978062,0.5103016241030873,-0.008677250072744365,0.01893484937416992,0.01231641565492491
CMP018,Equinor ASA,EQNR.OL,OBX.OL,NOK,Oslo Børs,PRIMARY_DIRECT,Raw Materials & Energy,False,2025-03-24,248.0362701416016,1457.0899658203125,-0.008307306591219255,-0.0012269954050427856,-0.007080311186176469,-0.08855046862934168,0.32730595104154925,-0.3123512987453194,2026-02-28,790,ok,-0.0008260834163516127,1.4688154504978062,0.5103016241030873,-0.00262831322496827,-0.005678993366250985,0.0066374222886739255
CMP018,Equinor ASA,EQNR.OL,OBX.OL,NOK,Oslo Børs,PRIMARY_DIRECT,Raw Materials & Energy,False,2025-03-25,249.42141723632807,1459.5999755859375,0.005584453813693102,0.0017226182490468478,0.0038618355646462543,-0.08346052081789002,0.3295923924948818,-0.30848946318067316,2026-02-28,790,ok,-0.0008260834163516127,1.4688154504978062,0.5103016241030873,0.0017041248831578752,0.0038803289305352267,0.010517751219209153
CMP018,Equinor ASA,EQNR.OL,OBX.OL,NOK,Oslo Børs,PRIMARY_DIRECT,Raw Materials & Energy,False,2025-03-26,254.1771545410156,1469.3399658203125,0.01906707674658681,0.006673054533633538,0.01239402221295327,-0.065984792227048,0.33846483503750435,-0.2960954409677199,2026-02-28,790,ok,-0.0008260834163516127,1.4688154504978062,0.5103016241030873,0.00897540218466376,0.010091674561923048,0.0206094257811322
CMP018,Equinor ASA,EQNR.OL,OBX.OL,NOK,Oslo Børs,PRIMARY_DIRECT,Raw Materials & Energy,False,2025-03-27,254.5464782714844,1459.1800537109375,0.0014530170153794764,-0.006914609515642489,0.008367626531021966,-0.06462765223753075,0.3292098733528013,-0.2877278144366979,2026-02-28,790,ok,-0.0008260834163516127,1.4688154504978062,0.5103016241030873,-0.010982368707086453,0.01243538572246593,0.03304481150359813
CMP018,Equinor ASA,EQNR.OL,OBX.OL,NOK,Oslo Børs,PRIMARY_DIRECT,Raw Materials & Energy,False,2025-03-28,252.6534423828125,1437.9300537109375,-0.007436896795927739,-0.014562973188920525,0.007126076392992786,-0.0715839198536049,0.30985262560471605,-0.28060173804370514,2026-02-28,790,ok,-0.0008260834163516127,1.4688154504978062,0.5103016241030873,-0.022216403441423383,0.014779506645495644,0.04782431814909377
CMP018,Equinor ASA,EQNR.OL,OBX.OL,NOK,Oslo Børs,PRIMARY_DIRECT,Raw Materials & Energy,False,2025-03-31,257.3168334960937,1444.3699951171875,0.018457659113210845,0.0044786193804282615,0.013979039732782583,-0.05444753233103927,0.3157189569592542,-0.26662269831092256,2026-02-28,790,ok,-0.0008260834163516127,1.4688154504978062,0.5103016241030873,0.0057521819265203295,0.012705477186690515,0.06052979533578429
CMP018,Equinor ASA,EQNR.OL,OBX.OL,NOK,Oslo Børs,PRIMARY_DIRECT,Raw Materials & Energy,False,2025-04-01,258.0093994140625,1445.949951171875,0.0026914909085391514,0.0010938721103517235,0.001597618798187428,-0.05190258646076151,0.317158185231333,-0.26502507951273513,2026-02-28,790,ok,-0.0008260834163516127,1.4688154504978062,0.5103016241030873,0.00078061284020164,0.0019108780683375114,0.0624406734041218
CMP018,Equinor ASA,EQNR.OL,OBX.OL,NOK,Oslo Børs,PRIMARY_DIRECT,Raw Materials & Energy,False,2025-04-02,255.97784423828125,1426.3499755859375,-0.007873958004611104,-0.013555085755252216,0.005681127750641113,-0.0593678656792499,0.29930399307728983,-0.259343951762094,2026-02-28,790,ok,-0.0008260834163516127,1.4688154504978062,0.5103016241030873,-0.02073600280648879,0.012862044801877685,0.07530271820599949
CMP018,Equinor ASA,EQNR.OL,OBX.OL,NOK,Oslo Børs,PRIMARY_DIRECT,Raw Materials & Energy,False,2025-04-03,242.9111175537109,1396.260009765625,-0.05104631896347622,-0.021095780373222683,-0.02995053859025354,-0.10738367363508228,0.27189416140128,-0.28929449035234756,2026-02-28,790,ok,-0.0008260834163516127,1.4688154504978062,0.5103016241030873,-0.03181189156884946,-0.01923442739462676,0.056068290811372726
CMP018,Equinor ASA,EQNR.OL,OBX.OL,NOK,Oslo Børs,PRIMARY_DIRECT,Raw Materials & Energy,False,2025-04-04,233.30735778808597,1326.3399658203125,-0.03953610630234505,-0.05007666441513947,0.010540558112794418,-0.14267424760145442,0.2082019443092129,-0.27875393223955314,2026-02-28,790,ok,-0.0008260834163516127,1.4688154504978062,0.5103016241030873,-0.07437946181870216,0.0348433555163571,0.09091164632772983
CMP018,Equinor ASA,EQNR.OL,OBX.OL,NOK,Oslo Børs,PRIMARY_DIRECT,Raw Materials & Energy,False,2025-04-07,231.3219757080078,1321.6500244140625,-0.008509727678119305,-0.0035360024783309685,-0.004973725199788337,-0.14996985628580473,0.20392973923981117,-0.2837276574393415,2026-02-28,790,ok,-0.0008260834163516127,1.4688154504978062,0.5103016241030873,-0.006019818489522674,-0.0024899091885966316,0.08842173713913319
CMP018,Equinor ASA,EQNR.OL,OBX.OL,NOK,Oslo Børs,PRIMARY_DIRECT,Raw Materials & Energy,False,2025-04-08,232.3377685546875,1332.18994140625,0.004391250954738135,0.0079748169314795,-0.0035835659767413652,-0.1462371606056636,0.21353085850861242,-0.28731122341608284,2026-02-28,790,ok,-0.0008260834163516127,1.4688154504978062,0.5103016241030873,0.010887450907496982,-0.006496199952758847,0.08192553718637434
CMP018,Equinor ASA,EQNR.OL,OBX.OL,NOK,Oslo Børs,PRIMARY_DIRECT,Raw Materials & Energy,False,2025-04-09,219.31724548339844,1292.5,-0.056041353725166276,-0.02979300486562264,-0.026248348859543635,-0.19408318588556395,0.17737612773648204,-0.3135595722756265,2026-02-28,790,ok,-0.0008260834163516127,1.4688154504978062,0.5103016241030873,-0.04458650927973446,-0.011454844445431815,0.07047069274094253
CMP018,Equinor ASA,EQNR.OL,OBX.OL,NOK,Oslo Børs,PRIMARY_DIRECT,Raw Materials & Energy,False,2025-04-10,226.24302673339844,1329.93994140625,0.03157882652928112,0.028967072654738857,0.0026117538745422664,-0.16863327861561328,0.21148126757057972,-0.3109478184010842,2026-02-28,790,ok,-0.0008260834163516127,1.4688154504978062,0.5103016241030873,0.04172120045462133,-0.010142373925340203,0.06032831881560233
CMP018,Equinor ASA,EQNR.OL,OBX.OL,NOK,Oslo Børs,PRIMARY_DIRECT,Raw Materials & Energy,False,2025-04-11,226.05833435058597,1337.27001953125,-0.0008163450846602194,0.0055115858218750535,-0.006327930906535273,-0.16931196075216548,0.2181584505483889,-0.3172757493076195,2026-02-28,790,ok,-0.0008260834163516127,1.4688154504978062,0.5103016241030873,0.007269418995563114,-0.008085764080223334,0.05224255473537899
CMP018,Equinor ASA,EQNR.OL,OBX.OL,NOK,Oslo Børs,PRIMARY_DIRECT,Raw Materials & Energy,False,2025-04-14,228.9210205078125,1362.469970703125,0.012663484252639412,0.01884432523261692,-0.006180840979977509,-0.15879255584829466,0.24111382457538344,-0.323456590287597,2026-02-28,790,ok,-0.0008260834163516127,1.4688154504978062,0.5103016241030873,0.026852752639521787,-0.014189268386882375,0.03805328634849661
CMP018,Equinor ASA,EQNR.OL,OBX.OL,NOK,Oslo Børs,PRIMARY_DIRECT,Raw Materials & Energy,False,2025-04-15,228.5516662597656,1372.8299560546875,-0.0016134571094763572,0.007603826560827587,-0.009217283670303944,-0.16014980797960565,0.2505510388397001,-0.33267387395790093,2026-02-28,790,ok,-0.0008260834163516127,1.4688154504978062,0.5103016241030873,0.010342534519097543,-0.0119559916285739,0.026097294719922712
CMP018,Equinor ASA,EQNR.OL,OBX.OL,NOK,Oslo Børs,PRIMARY_DIRECT,Raw Materials & Energy,False,2025-04-16,228.0899200439453,1373.030029296875,-0.002020314370823617,0.00014573781793236762,-0.0021660521887559847,-0.16184656939188347,0.25073329141931366,-0.3348399261466569,2026-02-28,790,ok,-0.0008260834163516127,1.4688154504978062,0.5103016241030873,-0.000612021457650715,-0.001408292913172902,0.024689001806749808
CMP018,Equinor ASA,EQNR.OL,OBX.OL,NOK,Oslo Børs,PRIMARY_DIRECT,Raw Materials & Energy,False,2025-04-22,224.67320251464844,1366.010009765625,-0.014979695414153227,-0.00511279388029473,-0.009866901533858496,-0.17440185249272067,0.24433854990106418,-0.3447068276805154,2026-02-28,790,ok,-0.0008260834163516127,1.4688154504978062,0.5103016241030873,-0.008335834062939144,-0.006643861351214083,0.018045140455535725
CMP018,Equinor ASA,EQNR.OL,OBX.OL,NOK,Oslo Børs,PRIMARY_DIRECT,Raw Materials & Energy,False,2025-04-23,221.16412353515625,1378.760009765625,-0.015618591537472692,0.00933375298046868,-0.02495234451794137,-0.18729653273273095,0.2559528985499153,-0.3696591721984568,2026-02-28,790,ok,-0.0008260834163516127,1.4688154504978062,0.5103016241030873,0.01288347717249073,-0.028502068709963423,-0.010456928254427698
CMP018,Equinor ASA,EQNR.OL,OBX.OL,NOK,Oslo Børs,PRIMARY_DIRECT,Raw Materials & Energy,False,2025-04-24,220.88706970214844,1381.47998046875,-0.001252706942605819,0.0019727658793842195,-0.0032254728219900386,-0.18831461200845645,0.2584305995742884,-0.3728846450204468,2026-02-28,790,ok,-0.0008260834163516127,1.4688154504978062,0.5103016241030873,0.002071545587502821,-0.00332425253010864,-0.01378118078453634
CMP018,Equinor ASA,EQNR.OL,OBX.OL,NOK,Oslo Børs,PRIMARY_DIRECT,Raw Materials & Energy,False,2025-04-25,219.31724548339844,1384.3599853515625,-0.00710690861564145,0.0020847242982380276,-0.009191632913879477,-0.19408318588556384,0.26105408042286715,-0.3820762779343263,2026-02-28,790,ok,-0.0008260834163516127,1.4688154504978062,0.5103016241030873,0.002235991842928599,-0.009342900458570048,-0.023124081243106387
CMP018,Equinor ASA,EQNR.OL,OBX.OL,NOK,Oslo Børs,PRIMARY_DIRECT,Raw Materials & Energy,False,2025-04-28,220.33302307128903,1393.8399658203125,0.004631544526522369,0.006847915693216633,-0.0022163711666942643,-0.19035054627631975,0.2696896724501898,-0.38429264910102057,2026-02-28,790,ok,-0.0008260834163516127,1.4688154504978062,0.5103016241030873,0.009232240957551372,-0.004600696431029004,-0.027724777674135392
CMP018,Equinor ASA,EQNR.OL,OBX.OL,NOK,Oslo Børs,PRIMARY_DIRECT,Raw Materials & Energy,False,2025-04-29,220.61004638671875,1396.760009765625,0.001257293671044879,0.002094963566060537,-0.000837669895015658,-0.189332579142388,0.27234962605417623,-0.3851303189960362,2026-02-28,790,ok,-0.0008260834163516127,1.4688154504978062,0.5103016241030873,0.0022510314377080856,-0.0009937377666632066,-0.0287185154407986
CMP018,Equinor ASA,EQNR.OL,OBX.OL,NOK,Oslo Børs,PRIMARY_DIRECT,Raw Materials & Energy,False,2025-04-30,219.6865997314453,1409.3399658203125,-0.004185877617081335,0.00900652650901601,-0.013192404126097346,-0.19272593375425295,0.2838090766899697,-0.39832272312213357,2026-02-28,790,ok,-0.0008260834163516127,1.4688154504978062,0.5103016241030873,0.012402841875409172,-0.01658871949249051,-0.04530723493328911
CMP018,Equinor ASA,EQNR.OL,OBX.OL,NOK,Oslo Børs,PRIMARY_DIRECT,Raw Materials & Energy,False,2025-05-02,221.3488006591797,1429.9100341796875,0.007566237220505645,0.014595533269648131,-0.007029296049142486,-0.18661790666707545,0.3025469547806743,-0.40535201917127606,2026-02-28,790,ok,-0.0008260834163516127,1.4688154504978062,0.5103016241030873,0.020612061358362327,-0.013045824137856682,-0.05835305907114579
CMP018,Equinor ASA,EQNR.OL,OBX.OL,NOK,Oslo Børs,PRIMARY_DIRECT,Raw Materials & Energy,False,2025-05-05,222.82632446289065,1434.22998046875,0.00667509288196233,0.0030211315298174224,0.0036539613521449077,-0.18118850564555322,0.3064821204548298,-0.40169805781913115,2026-02-28,790,ok,-0.0008260834163516127,1.4688154504978062,0.5103016241030873,0.003611401252630291,0.003063691629332039,-0.05528936744181375
CMP018,Equinor ASA,EQNR.OL,OBX.OL,NOK,Oslo Børs,PRIMARY_DIRECT,Raw Materials & Energy,False,2025-05-06,224.02679443359372,1429.1600341796875,0.005387469248064436,-0.0035349604722427763,0.008922429720307212,-0.17677718389975694,0.3018637578013301,-0.39277562809882394,2026-02-28,790,ok,-0.0008260834163516127,1.4688154504978062,0.5103016241030873,-0.006018287974880824,0.01140575722294526,-0.04388361021886849
CMP018,Equinor ASA,EQNR.OL,OBX.OL,NOK,Oslo Børs,PRIMARY_DIRECT,Raw Materials & Energy,False,2025-05-07,218.3014373779297,1431.5699462890625,-0.025556572686492474,0.0016862437038118738,-0.027242816390304347,-0.19781593763660188,0.3040590173661435,-0.4200184444891283,2026-02-28,790,ok,-0.0008260834163516127,1.4688154504978062,0.5103016241030873,0.001650697389111914,-0.027207270075604386,-0.07109088029447287
CMP018,Equinor ASA,EQNR.OL,OBX.OL,NOK,Oslo Børs,PRIMARY_DIRECT,Raw Materials & Energy,False,2025-05-08,218.2091064453125,1433.989990234375,-0.0004229515560052466,0.0016904825025041426,-0.002113434058509389,-0.1981552226339811,0.30626350631723365,-0.4221318785476377,2026-02-28,790,ok,-0.0008260834163516127,1.4688154504978062,0.5103016241030873,0.001656923402122668,-0.0020798749581279145,-0.07317075525260079
CMP018,Equinor ASA,EQNR.OL,OBX.OL,NOK,Oslo Børs,PRIMARY_DIRECT,Raw Materials & Energy,False,2025-05-09,219.9636383056641,1422.1300048828125,0.00804059871255336,-0.008270619343461405,0.016311218056014765,-0.19170791054942427,0.2954598980942287,-0.4058206604916229,2026-02-28,790,ok,-0.0008260834163516127,1.4688154504978062,0.5103016241030873,-0.012974096893213747,0.021014695605767107,-0.05215605964683369
CMP018,Equinor ASA,EQNR.OL,OBX.OL,NOK,Oslo Børs,PRIMARY_DIRECT,Raw Materials & Energy,False,2025-05-12,225.31961059570312,1435.75,0.024349353062601775,0.009577180054160861,0.014772173008440914,-0.17202652108568406,0.30786675079122205,-0.391048487483182,2026-02-28,790,ok,-0.0008260834163516127,1.4688154504978062,0.5103016241030873,0.013241026619399276,0.011108326443202499,-0.04104773320363119
CMP018,Equinor ASA,EQNR.OL,OBX.OL,NOK,Oslo Børs,PRIMARY_DIRECT,Raw Materials & Energy,False,2025-05-13,225.13491821289065,1441.5899658203125,-0.0008196906710613572,0.004067536702289765,-0.004887227373351122,-0.17270520322223637,0.3131865468017698,-0.3959357148565331,2026-02-28,790,ok,-0.0008260834163516127,1.4688154504978062,0.5103016241030873,0.005148377337438489,-0.005968068008499846,-0.04701580121213104
CMP018,Equinor ASA,EQNR.OL,OBX.OL,NOK,Oslo Børs,PRIMARY_DIRECT,Raw Materials & Energy,False,2025-05-14,223.5650634765625,1450.469970703125,-0.0069729509255587185,0.006159868682048986,-0.013132819607607704,-0.17847388924113783,0.3212756034851021,-0.4090685344641408,2026-02-28,790,ok,-0.0008260834163516127,1.4688154504978062,0.5103016241030873,0.008221626876879495,-0.015194577802438214,-0.06221037901456925
CMP018,Equinor ASA,EQNR.OL,OBX.OL,NOK,Oslo Børs,PRIMARY_DIRECT,Raw Materials & Energy,False,2025-05-15,226.21234130859372,1464.280029296875,0.011841196432325063,0.009521092385701424,0.002320104046623639,-0.1687460371893581,0.3338555905728571,-0.4067484304175172,2026-02-28,790,ok,-0.0008260834163516127,1.4688154504978062,0.5103016241030873,0.013158644185383657,-0.001317447753058594,-0.06352782676762785
CMP018,Equinor ASA,EQNR.OL,OBX.OL,NOK,Oslo Børs,PRIMARY_DIRECT,Raw Materials & Energy,False,2025-05-16,229.77769470214844,1481.27001953125,0.01576109142821225,0.011602965207777372,0.004158126220434877,-0.15564456748143585,0.3493322705824733,-0.4025903041970823,2026-02-28,790,ok,-0.0008260834163516127,1.4688154504978062,0.5103016241030873,0.01621653115242028,-0.0004554397242080323,-0.06398326649183587
CMP018,Equinor ASA,EQNR.OL,OBX.OL,NOK,Oslo Børs,PRIMARY_DIRECT,Raw Materials & Energy,False,2025-05-19,226.02468872070312,1476.800048828125,-0.01633320408366956,-0.0030176609559272594,-0.013315543127742302,-0.16943559707991662,0.3452604432729638,-0.4159058473248246,2026-02-28,790,ok,-0.0008260834163516127,1.4688154504978062,0.5103016241030873,-0.00525847045278155,-0.011074733630888012,-0.07505800012272389
CMP018,Equinor ASA,EQNR.OL,OBX.OL,NOK,Oslo Børs,PRIMARY_DIRECT,Raw Materials & Energy,False,2025-05-20,228.65179443359372,1478.239990234375,0.011623091830188947,0.0009750415483751329,0.010648050281813815,-0.1597818707538904,0.34657212809854054,-0.4052577970430108,2026-02-28,790,ok,-0.0008260834163516127,1.4688154504978062,0.5103016241030873,0.0006060726747790866,0.011017019155409861,-0.06404098096731403
CMP018,Equinor ASA,EQNR.OL,OBX.OL,NOK,Oslo Børs,PRIMARY_DIRECT,Raw Materials & Energy,False,2025-05-21,229.59005737304688,1487.780029296875,0.0041034575817668895,0.006453646989341255,-0.0023501894075743657,-0.15633407130109744,0.35526242925897455,-0.40760798645058516,2026-02-28,790,ok,-0.0008260834163516127,1.4688154504978062,0.5103016241030873,0.008653132993651473,-0.004549675411884583,-0.06859065637919862
CMP018,Equinor ASA,EQNR.OL,OBX.OL,NOK,Oslo Børs,PRIMARY_DIRECT,Raw Materials & Energy,False,2025-05-22,223.02227783203125,1466.93994140625,-0.028606550371404138,-0.014007506136827219,-0.014599044234576919,-0.18046844318706,0.3362785824641181,-0.4222070306851621,2026-02-28,790,ok,-0.0008260834163516127,1.4688154504978062,0.5103016241030873,-0.021400524853066268,-0.0072060255183378705,-0.0757966818975365
CMP018,Equinor ASA,EQNR.OL,OBX.OL,NOK,Oslo Børs,PRIMARY_DIRECT,Raw Materials & Energy,False,2025-05-23,224.99261474609372,1469.3499755859375,0.008834708950226089,0.001642899011514487,0.007191809938711602,-0.173228120407092,0.3384739532263563,-0.4150152207464505,2026-02-28,790,ok,-0.0008260834163516127,1.4688154504978062,0.5103016241030873,0.0015870320353684388,0.00724767691485765,-0.06854900498267884
CMP018,Equinor ASA,EQNR.OL,OBX.OL,NOK,Oslo Børs,PRIMARY_DIRECT,Raw Materials & Energy,False,2025-05-26,229.21473693847656,1486.1500244140625,0.01876560347168521,0.011433660535112189,0.0073319429365730215,-0.15771324715311164,0.3537776100426362,-0.40768327780987745,2026-02-28,790,ok,-0.0008260834163516127,1.4688154504978062,0.5103016241030873,0.015967853833368188,0.002797749638317023,-0.06575125534436181
CMP018,Equinor ASA,EQNR.OL,OBX.OL,NOK,Oslo Børs,PRIMARY_DIRECT,Raw Materials & Energy,False,2025-05-27,231.84185791015625,1497.6500244140625,0.011461396447580263,0.007738115137153834,0.0037232813104264295,-0.14805946475618836,0.36425329705924714,-0.403959996499451,2026-02-28,790,ok,-0.0008260834163516127,1.4688154504978062,0.5103016241030873,0.010539779654830888,0.0009216167927493749,-0.06482963855161243
CMP018,Equinor ASA,EQNR.OL,OBX.OL,NOK,Oslo Børs,PRIMARY_DIRECT,Raw Materials & Energy,False,2025-05-28,229.40237426757807,1488.0,-0.010522188118090137,-0.006443444233800832,-0.004078743884289304,-0.15702374333345015,0.355462807018867,-0.40803874038374033,2026-02-28,790,ok,-0.0008260834163516127,1.4688154504978062,0.5103016241030873,-0.010290313861379274,-0.0002318742567108626,-0.0650615128083233
CMP018,Equinor ASA,EQNR.OL,OBX.OL,NOK,Oslo Børs,PRIMARY_DIRECT,Raw Materials & Energy,False,2025-05-30,224.71115112304688,1483.5799560546875,-0.0204497584626534,-0.0029704596406670003,-0.0174792988219864,-0.17426240417203276,0.3514364594561923,-0.42551803920572673,2026-02-28,790,ok,-0.0008260834163516127,1.4688154504978062,0.5103016241030873,-0.005189140431643464,-0.015260618031009936,-0.08032213083933323
CMP018,Equinor ASA,EQNR.OL,OBX.OL,NOK,Oslo Børs,PRIMARY_DIRECT,Raw Materials & Energy,False,2025-06-02,229.4962310791016,1493.1099853515625,0.021294359145686226,0.006423670836197104,0.014870688309489122,-0.15667885124637648,0.36011764242777455,-0.4106473508962376,2026-02-28,790,ok,-0.0008260834163516127,1.4688154504978062,0.5103016241030873,0.008609103556766855,0.012685255588919371,-0.06763687525041387
CMP018,Equinor ASA,EQNR.OL,OBX.OL,NOK,Oslo Børs,PRIMARY_DIRECT,Raw Materials & Energy,False,2025-06-03,230.5282745361328,1491.9000244140625,0.004496995232464274,-0.0008103628998336054,0.005307358132297879,-0.15288644006099517,0.359015453550942,-0.4053399927639397,2026-02-28,790,ok,-0.0008260834163516127,1.4688154504978062,0.5103016241030873,-0.0020163569641374187,0.006513352196601692,-0.061123523053812176
CMP018,Equinor ASA,EQNR.OL,OBX.OL,NOK,Oslo Børs,PRIMARY_DIRECT,Raw Materials & Energy,False,2025-06-04,232.5924224853516,1499.550048828125,0.008953990365703435,0.005127705803924076,0.0038262845617793584,-0.1453013934066446,0.3659840849797378,-0.40151370820216037,2026-02-28,790,ok,-0.0008260834163516127,1.4688154504978062,0.5103016241030873,0.006705570094059345,0.00224842027164409,-0.058875102782168086
CMP018,Equinor ASA,EQNR.OL,OBX.OL,NOK,Oslo Børs,PRIMARY_DIRECT,Raw Materials & Energy,False,2025-06-05,229.027099609375,1505.1700439453125,-0.015328628671044231,0.0037477876257476783,-0.01907641629679191,-0.15840275097277312,0.3711035032303931,-0.4205901244989523,2026-02-28,790,ok,-0.0008260834163516127,1.4688154504978062,0.5103016241030873,0.004678724953531066,-0.020007353624575296,-0.07888245640674338
CMP018,Equinor ASA,EQNR.OL,OBX.OL,NOK,Oslo Børs,PRIMARY_DIRECT,Raw Materials & Energy,False,2025-06-06,231.18507385253903,1503.3499755859375,0.009422353279785023,-0.0012092111231527536,0.010631564402937776,-0.1504729243731434,0.3694455496232931,-0.4099585600960145,2026-02-28,790,ok,-0.0008260834163516127,1.4688154504978062,0.5103016241030873,-0.0026021913969521827,0.012024544676737206,-0.06685791173000617
CMP018,Equinor ASA,EQNR.OL,OBX.OL,NOK,Oslo Børs,PRIMARY_DIRECT,Raw Materials & Energy,False,2025-06-10,238.50343322753903,1520.81005859375,0.03165584720953052,0.011614117332198193,0.020041729877332326,-0.12358042506674038,0.38535045091667475,-0.3899168302186822,2026-02-28,790,ok,-0.0008260834163516127,1.4688154504978062,0.5103016241030873,0.016232911565075454,0.015422935644455064,-0.05143497608555111
CMP018,Equinor ASA,EQNR.OL,OBX.OL,NOK,Oslo Børs,PRIMARY_DIRECT,Raw Materials & Energy,False,2025-06-11,241.224365234375,1528.6300048828125,0.011408355720565755,0.005141961183695365,0.00626639453687039,-0.11358191879543478,0.39247386916110316,-0.3836504356818118,2026-02-28,790,ok,-0.0008260834163516127,1.4688154504978062,0.5103016241030873,0.006726508616120127,0.004681847104445628,-0.04675312898110548
CMP018,Equinor ASA,EQNR.OL,OBX.OL,NOK,Oslo Børs,PRIMARY_DIRECT,Raw Materials & Energy,False,2025-06-12,244.9773712158203,1534.3199462890625,0.015558154657382417,0.0037222489340618115,0.011835905723320606,-0.099790889196954,0.39765700353629696,-0.3718145299584912,2026-02-28,790,ok,-0.0008260834163516127,1.4688154504978062,0.5103016241030873,0.004641213328597365,0.01091694132878505,-0.035836187652320425
CMP018,Equinor ASA,EQNR.OL,OBX.OL,NOK,Oslo Børs,PRIMARY_DIRECT,Raw Materials & Energy,False,2025-06-13,256.42401123046875,1548.5799560546875,0.04672529531131331,0.009294026190635574,0.037431269120677735,-0.057728352652746895,0.4106468643326886,-0.33438326083781345,2026-02-28,790,ok,-0.0008260834163516127,1.4688154504978062,0.5103016241030873,0.012825125849785186,0.03390016946152812,-0.0019360181907923033
CMP018,Equinor ASA,EQNR.OL,OBX.OL,NOK,Oslo Børs,PRIMARY_DIRECT,Raw Materials & Energy,False,2025-06-16,256.0487060546875,1553.72998046875,-0.0014636116718568237,0.0033256432087518384,-0.004789254880608662,-0.05910747243386405,0.4153381724970038,-0.3391725157184221,2026-02-28,790,ok,-0.0008260834163516127,1.4688154504978062,0.5103016241030873,0.004058672711506188,-0.005522284383363012,-0.007458302574155315
CMP018,Equinor ASA,EQNR.OL,OBX.OL,NOK,Oslo Børs,PRIMARY_DIRECT,Raw Materials & Energy,False,2025-06-17,261.1152648925781,1559.4300537109375,0.01978748073348391,0.00366863825364816,0.01611884247983575,-0.04048957967237021,0.4205305362584748,-0.32305367323858636,2026-02-28,790,ok,-0.0008260834163516127,1.4688154504978062,0.5103016241030873,0.004562469132894094,0.015225011600589814,0.007766709026434499
CMP018,Equinor ASA,EQNR.OL,OBX.OL,NOK,Oslo Børs,PRIMARY_DIRECT,Raw Materials & Energy,False,2025-06-18,260.739990234375,1560.280029296875,-0.0014371992321380311,0.0005450552808796694,-0.0019822545130177005,-0.04186858731169352,0.42130480392891334,-0.32503592775160406,2026-02-28,790,ok,-0.0008260834163516127,1.4688154504978062,0.5103016241030873,-2.5497798420132936e-05,-0.0014117014337178982,0.006355007592716601
CMP018,Equinor ASA,EQNR.OL,OBX.OL,NOK,Oslo Børs,PRIMARY_DIRECT,Raw Materials & Energy,False,2025-06-19,268.2460021972656,1570.31005859375,0.028787344649908064,0.0064283520320356224,0.022358992617872442,-0.014286528114731967,0.43044145155339186,-0.3026769351337316,2026-02-28,790,ok,-0.0008260834163516127,1.4688154504978062,0.5103016241030873,0.008615979369541277,0.02017136528036679,0.02652637287308339
CMP018,Equinor ASA,EQNR.OL,OBX.OL,NOK,Oslo Børs,PRIMARY_DIRECT,Raw Materials & Energy,False,2025-06-20,263.4608764648437,1567.8800048828125,-0.017838572404531128,-0.001547499296485233,-0.016291073108045895,-0.03187024925307913,0.42822784441344974,-0.3189680082417775,2026-02-28,790,ok,-0.0008260834163516127,1.4688154504978062,0.5103016241030873,-0.003099074292663608,-0.014739498111867519,0.01178687476121587
CMP018,Equinor ASA,EQNR.OL,OBX.OL,NOK,Oslo Børs,PRIMARY_DIRECT,Raw Materials & Energy,False,2025-06-23,261.6781921386719,1557.4000244140625,-0.006766410064720563,-0.006684172536235211,-8.22375284853516e-05,-0.0384210121424885,0.418681323080335,-0.31905024577026286,2026-02-28,790,ok,-0.0008260834163516127,1.4688154504978062,0.5103016241030873,-0.010643899311366998,0.0038774892466464355,0.015664364007862308
CMP018,Equinor ASA,EQNR.OL,OBX.OL,NOK,Oslo Børs,PRIMARY_DIRECT,Raw Materials & Energy,False,2025-06-24,241.59963989257807,1525.6300048828125,-0.07672994100881558,-0.020399395809180598,-0.056330545199634985,-0.11220291115611192,0.3897410812437272,-0.37538079096989785,2026-02-28,790,ok,-0.0008260834163516127,1.4688154504978062,0.5103016241030873,-0.03078903116169627,-0.045940909847119314,-0.030276545839257006
CMP018,Equinor ASA,EQNR.OL,OBX.OL,NOK,Oslo Børs,PRIMARY_DIRECT,Raw Materials & Energy,False,2025-06-25,238.5972595214844,1516.780029296875,-0.012427089595119512,-0.005800866237300584,-0.006626223357818928,-0.12323564512146123,0.3816793791269508,-0.3820070143277168,2026-02-28,790,ok,-0.0008260834163516127,1.4688154504978062,0.5103016241030873,-0.009346485371969783,-0.0030806042231497285,-0.033357150062406735
CMP018,Equinor ASA,EQNR.OL,OBX.OL,NOK,Oslo Børs,PRIMARY_DIRECT,Raw Materials & Energy,False,2025-06-26,237.9404754638672,1516.6600341796875,-0.0027526890247374647,-7.911174650887531e-05,-0.0026735772782285894,-0.1256491047384164,0.38157007205815274,-0.38468059160594537,2026-02-28,790,ok,-0.0008260834163516127,1.4688154504978062,0.5103016241030873,-0.0009422839719397146,-0.00181040505279775,-0.03516755511520449
CMP018,Equinor ASA,EQNR.OL,OBX.OL,NOK,Oslo Børs,PRIMARY_DIRECT,Raw Materials & Energy,False,2025-06-27,238.97254943847656,1525.97998046875,0.004337530101162113,0.0061450464039578545,-0.001807516302795742,-0.12185658141124123,0.3900598842612695,-0.3864881079087411,2026-02-28,790,ok,-0.0008260834163516127,1.4688154504978062,0.5103016241030873,0.008199855685807667,-0.003862325584645554,-0.03902988069985004
CMP018,Equinor ASA,EQNR.OL,OBX.OL,NOK,Oslo Børs,PRIMARY_DIRECT,Raw Materials & Energy,False,2025-06-30,239.3478546142578,1538.6800537109375,0.0015704949236350352,0.008322568713048373,-0.006752073789413338,-0.12047746163012407,0.40162875316328606,-0.39324018169815445,2026-02-28,790,ok,-0.0008260834163516127,1.4688154504978062,0.5103016241030873,0.01139823409720348,-0.009827739173568445,-0.04885761987341849
CMP018,Equinor ASA,EQNR.OL,OBX.OL,NOK,Oslo Børs,PRIMARY_DIRECT,Raw Materials & Energy,False,2025-07-01,239.16021728515625,1525.469970703125,-0.0007839524168870016,-0.008585334537841605,0.007801382120954603,-0.12116696544978578,0.3895953014195215,-0.38543879957719984,2026-02-28,790,ok,-0.0008260834163516127,1.4688154504978062,0.5103016241030873,-0.013436355433225803,0.012652403016338801,-0.03620521685707968
CMP018,Equinor ASA,EQNR.OL,OBX.OL,NOK,Oslo Børs,PRIMARY_DIRECT,Raw Materials & Energy,False,2025-07-02,242.3502655029297,1536.280029296875,0.013338540389306708,0.0070863791496120765,0.006252161239694631,-0.10944461552298079,0.3994425005898996,-0.3791866383375052,2026-02-28,790,ok,-0.0008260834163516127,1.4688154504978062,0.5103016241030873,0.00958249976668411,0.003756040622622598,-0.03244917623445709
CMP018,Equinor ASA,EQNR.OL,OBX.OL,NOK,Oslo Børs,PRIMARY_DIRECT,Raw Materials & Energy,False,2025-07-03,243.9452972412109,1542.1600341796875,0.006581514301092994,0.003827430397245868,0.0027540839038471265,-0.10358341252412995,0.40479876935585524,-0.3764325544336581,2026-02-28,790,ok,-0.0008260834163516127,1.4688154504978062,0.5103016241030873,0.0047957054868280734,0.001785808814264921,-0.03066336742019217
CMP018,Equinor ASA,EQNR.OL,OBX.OL,NOK,Oslo Børs,PRIMARY_DIRECT,Raw Materials & Energy,False,2025-07-04,245.44650268554688,1543.5999755859375,0.006153860973395098,0.0009337172370802449,0.005220143736314853,-0.09806698947055814,0.406110454181432,-0.37121241069734323,2026-02-28,790,ok,-0.0008260834163516127,1.4688154504978062,0.5103016241030873,0.000545374887867974,0.005608486085527124,-0.025054881334665047
CMP018,Equinor ASA,EQNR.OL,OBX.OL,NOK,Oslo Børs,PRIMARY_DIRECT,Raw Materials & Energy,False,2025-07-07,243.38232421875,1545.8599853515625,-0.008409891541381609,0.0014641162227067017,-0.00987400776408831,-0.10565214826670255,0.40816916330831643,-0.38108641846143154,2026-02-28,790,ok,-0.0008260834163516127,1.4688154504978062,0.5103016241030873,0.0013244331128844775,-0.009734324654266087,-0.034789205988931135
CMP018,Equinor ASA,EQNR.OL,OBX.OL,NOK,Oslo Børs,PRIMARY_DIRECT,Raw Materials & Energy,False,2025-07-08,245.25881958007807,1547.5799560546875,0.007710072485138664,0.0011126303283759409,0.006597442156762723,-0.09875666150291074,0.409735935026897,-0.3744889763046688,2026-02-28,790,ok,-0.0008260834163516127,1.4688154504978062,0.5103016241030873,0.0008081652006594168,0.006901907284479247,-0.027887298704451887
CMP018,Equinor ASA,EQNR.OL,OBX.OL,NOK,Oslo Børs,PRIMARY_DIRECT,Raw Materials & Energy,False,2025-07-09,248.542724609375,1528.8599853515625,0.013389549191011652,-0.012096286611806839,0.02548583580281849,-0.08668941948903242,0.392683365109848,-0.34900314050185033,2026-02-28,790,ok,-0.0008260834163516127,1.4688154504978062,0.5103016241030873,-0.018593296085423254,0.031982845276434906,0.0040955465719830185
CMP018,Equinor ASA,EQNR.OL,OBX.OL,NOK,Oslo Børs,PRIMARY_DIRECT,Raw Materials & Energy,False,2025-07-10,252.29574584960935,1537.949951171875,0.015100105006625508,0.005945584230999668,0.00915452077562584,-0.07289833381965471,0.4009636813642208,-0.3398486197262245,2026-02-28,790,ok,-0.0008260834163516127,1.4688154504978062,0.5103016241030873,0.007906882564376817,0.007193222442248692,0.01128876901423171
CMP018,Equinor ASA,EQNR.OL,OBX.OL,NOK,Oslo Børs,PRIMARY_DIRECT,Raw Materials & Energy,False,2025-07-11,256.0487060546875,1541.0400390625,0.014875241722526855,0.002009225260074521,0.012866016462452334,-0.059107472433864716,0.40377853298126487,-0.32698260326377215,2026-02-28,790,ok,-0.0008260834163516127,1.4688154504978062,0.5103016241030873,0.002125097689176316,0.012750144033350539,0.02403891304758225
CMP018,Equinor ASA,EQNR.OL,OBX.OL,NOK,Oslo Børs,PRIMARY_DIRECT,Raw Materials & Energy,False,2025-07-14,253.70309448242188,1540.3399658203125,-0.009160802288001535,-0.0004542862121956759,-0.008706516075805859,-0.06772680285315613,0.40314081574875527,-0.335689119339578,2026-02-28,790,ok,-0.0008260834163516127,1.4688154504978062,0.5103016241030873,-0.0014933460237727464,-0.007667456264228789,0.01637145678335346
CMP018,Equinor ASA,EQNR.OL,OBX.OL,NOK,Oslo Børs,PRIMARY_DIRECT,Raw Materials & Energy,False,2025-07-15,249.0118408203125,1535.81005859375,-0.01849111723165997,-0.0029408489859900078,-0.015550268245669963,-0.08496557583353281,0.39901439050355925,-0.351239387585248,2026-02-28,790,ok,-0.0008260834163516127,1.4688154504978062,0.5103016241030873,-0.005145647844554542,-0.013345469387105428,0.0030259873962480335
CMP018,Equinor ASA,EQNR.OL,OBX.OL,NOK,Oslo Børs,PRIMARY_DIRECT,Raw Materials & Energy,False,2025-07-16,247.6982879638672,1526.780029296875,-0.005275061828859728,-0.005879652399948032,0.0006045905710883037,-0.08979243899654599,0.39078867218487323,-0.35063479701415967,2026-02-28,790,ok,-0.0008260834163516127,1.4688154504978062,0.5103016241030873,-0.009462207704951788,0.00418714587609206,0.007213133272340093
CMP018,Equinor ASA,EQNR.OL,OBX.OL,NOK,Oslo Børs,PRIMARY_DIRECT,Raw Materials & Energy,False,2025-07-17,248.0736083984375,1533.7099609375,0.001515232251524834,0.00453891949570262,-0.0030236872441777862,-0.0884132631445318,0.3971013500034555,-0.35365848425833746,2026-02-28,790,ok,-0.0008260834163516127,1.4688154504978062,0.5103016241030873,0.0058407516675021065,-0.0043255194159772725,0.0028876138563628207
CMP018,Equinor ASA,EQNR.OL,OBX.OL,NOK,Oslo Børs,PRIMARY_DIRECT,Raw Materials & Energy,False,2025-07-18,249.1994781494141,1538.719970703125,0.004538450334339084,0.003266595310212672,0.0012718550241264115,-0.084276072013871,0.40166511472126865,-0.35238662923421105,2026-02-28,790,ok,-0.0008260834163516127,1.4688154504978062,0.5103016241030873,0.003971942245812434,0.0005665080885266498,0.0034541219448894706
CMP018,Equinor ASA,EQNR.OL,OBX.OL,NOK,Oslo Børs,PRIMARY_DIRECT,Raw Materials & Energy,False,2025-07-21,245.8217620849609,1527.1400146484375,-0.013554266202868925,-0.007525707260038983,-0.006028558942829942,-0.09668803790213176,0.3911165933912675,-0.358415188177041,2026-02-28,790,ok,-0.0008260834163516127,1.4688154504978062,0.5103016241030873,-0.011879958515820382,-0.001674307687048543,0.0017798142578409277
CMP018,Equinor ASA,EQNR.OL,OBX.OL,NOK,Oslo Børs,PRIMARY_DIRECT,Raw Materials & Energy,False,2025-07-22,245.25881958007807,1532.699951171875,-0.0022900434042462114,0.003640750992120134,-0.005930794396366346,-0.09875666150291074,0.39618130250881145,-0.36434598257340733,2026-02-28,790,ok,-0.0008260834163516127,1.4688154504978062,0.5103016241030873,0.004521507892289656,-0.006811551296535868,-0.00503173703869494
CMP018,Equinor ASA,EQNR.OL,OBX.OL,NOK,Oslo Børs,PRIMARY_DIRECT,Raw Materials & Energy,False,2025-07-23,240.2861175537109,1533.0799560546875,-0.020275323981748028,0.00024793168586056957,-0.020523255667608598,-0.11702966217733146,0.3965274600929094,-0.38486923824101593,2026-02-28,790,ok,-0.0008260834163516127,1.4688154504978062,0.5103016241030873,-0.0004619175254916397,-0.01981340645625639,-0.02484514349495133
CMP018,Equinor ASA,EQNR.OL,OBX.OL,NOK,Oslo Børs,PRIMARY_DIRECT,Raw Materials & Energy,False,2025-07-24,244.03912353515625,1541.239990234375,0.015618904744284512,0.005322640966937575,0.010296263777346937,-0.10323863257885046,0.4039606743634532,-0.374572974463669,2026-02-28,790,ok,-0.0008260834163516127,1.4688154504978062,0.5103016241030873,0.006991893873338879,0.008627010870945633,-0.016218132624005697
CMP018,Equinor ASA,EQNR.OL,OBX.OL,NOK,Oslo Børs,PRIMARY_DIRECT,Raw Materials & Energy,False,2025-07-25,241.6934967041016,1530.1300048828125,-0.00961168355743891,-0.007208472023797596,-0.002403211533641314,-0.1118580190690388,0.39384026311979214,-0.3769761859973103,2026-02-28,790,ok,-0.0008260834163516127,1.4688154504978062,0.5103016241030873,-0.011413998499386712,0.001802314941947802,-0.014415817682057895
CMP018,Equinor ASA,EQNR.OL,OBX.OL,NOK,Oslo Børs,PRIMARY_DIRECT,Raw Materials & Energy,False,2025-07-28,249.0118408203125,1540.3399658203125,0.03027944159031537,0.006672610108238386,0.023606831482076984,-0.08496557583353281,0.4031408157487548,-0.3533693545152333,2026-02-28,790,ok,-0.0008260834163516127,1.4688154504978062,0.5103016241030873,0.008974749405776767,0.021304692184538603,0.006888874502480708
CMP018,Equinor ASA,EQNR.OL,OBX.OL,NOK,Oslo Børs,PRIMARY_DIRECT,Raw Materials & Energy,False,2025-07-29,254.26605224609372,1550.47998046875,0.02110024731543869,0.006582971859097064,0.014517275456341627,-0.06565812318148034,0.41237765225317946,-0.3388520790588917,2026-02-28,790,ok,-0.0008260834163516127,1.4688154504978062,0.5103016241030873,0.008843087360482421,0.01225715995495627,0.019146034457436976
CMP018,Equinor ASA,EQNR.OL,OBX.OL,NOK,Oslo Børs,PRIMARY_DIRECT,Raw Materials & Energy,False,2025-07-30,251.8265686035156,1539.510009765625,-0.009594216848960446,-0.00707520951015983,-0.0025190073388006162,-0.07462240175874191,0.40238478445602066,-0.3413710863976923,2026-02-28,790,ok,-0.0008260834163516127,1.4688154504978062,0.5103016241030873,-0.011218260460383387,0.0016240436114229404,0.020770078068859915
CMP018,Equinor ASA,EQNR.OL,OBX.OL,NOK,Oslo Børs,PRIMARY_DIRECT,Raw Materials & Energy,False,2025-07-31,251.16981506347656,1540.8499755859375,-0.0026079596909929226,0.0008703846105662105,-0.003478344301559133,-0.077035749233903,0.4036053985905035,-0.34484943069925145,2026-02-28,790,ok,-0.0008260834163516127,1.4688154504978062,0.5103016241030873,0.00045235094752355334,-0.003060310638516476,0.01770976743034344
CMP018,Equinor ASA,EQNR.OL,OBX.OL,NOK,Oslo Børs,PRIMARY_DIRECT,Raw Materials & Energy,False,2025-08-01,245.44650268554688,1523.6199951171875,-0.022786624963207713,-0.011182127229614314,-0.0116044977335934,-0.09806698947055803,0.3879101044432909,-0.35645392843284485,2026-02-28,790,ok,-0.0008260834163516127,1.4688154504978062,0.5103016241030873,-0.017250564660641343,-0.00553606030256637,0.012173707127777069
CMP018,Equinor ASA,EQNR.OL,OBX.OL,NOK,Oslo Børs,PRIMARY_DIRECT,Raw Materials & Energy,False,2025-08-04,243.1947021484375,1534.06005859375,-0.009174302801104761,0.006852143913850028,-0.01602644671495479,-0.10634159601546711,0.397420264218423,-0.37248037514779964,2026-02-28,790,ok,-0.0008260834163516127,1.4688154504978062,0.5103016241030873,0.009238451433345818,-0.01841275423445058,-0.006239047106673511
CMP018,Equinor ASA,EQNR.OL,OBX.OL,NOK,Oslo Børs,PRIMARY_DIRECT,Raw Materials & Energy,False,2025-08-05,242.44407653808597,1540.760009765625,-0.0030865212264918895,0.004367463408190719,-0.007453984634682609,-0.10909989164859824,0.4035234460882613,-0.37993435978248224,2026-02-28,790,ok,-0.0008260834163516127,1.4688154504978062,0.5103016241030873,0.0055889143170827224,-0.008675435543574611,-0.014914482650248122
CMP018,Equinor ASA,EQNR.OL,OBX.OL,NOK,Oslo Børs,PRIMARY_DIRECT,Raw Materials & Energy,False,2025-08-06,245.16500854492188,1541.8199462890625,0.011222926316405424,0.0006879309670029254,0.010534995349402498,-0.09910138537729285,0.4044889733297401,-0.36939936443307975,2026-02-28,790,ok,-0.0008260834163516127,1.4688154504978062,0.5103016241030873,0.00018436021685818067,0.011038566099547243,-0.003875916550700879
CMP018,Equinor ASA,EQNR.OL,OBX.OL,NOK,Oslo Børs,PRIMARY_DIRECT,Raw Materials & Energy,False,2025-08-07,238.4095916748047,1537.0,-0.027554571960375807,-0.0031261408315954586,-0.024428431128780348,-0.12392526108291713,0.4000983430026883,-0.3938277955618601,2026-02-28,790,ok,-0.0008260834163516127,1.4688154504978062,0.5103016241030873,-0.005417807370231083,-0.022136764590144725,-0.026012681140845602
CMP018,Equinor ASA,EQNR.OL,OBX.OL,NOK,Oslo Børs,PRIMARY_DIRECT,Raw Materials & Energy,False,2025-08-08,237.1898956298828,1539.1700439453125,-0.005115968851561847,0.0014118698408018826,-0.00652783869236373,-0.12840723215885708,0.40207509962733057,-0.4003556342542238,2026-02-28,790,ok,-0.0008260834163516127,1.4688154504978062,0.5103016241030873,0.0012476928199100705,-0.006363661671471918,-0.03237634281231752
CMP018,Equinor ASA,EQNR.OL,OBX.OL,NOK,Oslo Børs,PRIMARY_DIRECT,Raw Materials & Energy,False,2025-08-11,233.906005859375,1529.969970703125,-0.01384498172566373,-0.005977294892385743,-0.007867686833277987,-0.14047441810183836,0.3936944832955869,-0.4082233210875018,2026-02-28,790,ok,-0.0008260834163516127,1.4688154504978062,0.5103016241030873,-0.009605626506469414,-0.004239355219194316,-0.03661569803151184
CMP018,Equinor ASA,EQNR.OL,OBX.OL,NOK,Oslo Børs,PRIMARY_DIRECT,Raw Materials & Energy,False,2025-08-12,235.12571716308597,1542.0899658203125,0.005214536066441511,0.007921720915618824,-0.002707184849177313,-0.13599239095500126,0.40473494203389215,-0.4109305059366791,2026-02-28,790,ok,-0.0008260834163516127,1.4688154504978062,0.5103016241030873,0.010809462659040944,-0.005594926592599433,-0.04221062462411127
CMP018,Equinor ASA,EQNR.OL,OBX.OL,NOK,Oslo Børs,PRIMARY_DIRECT,Raw Materials & Energy,False,2025-08-13,235.0319061279297,1546.8299560546875,-0.0003989824519756713,0.0030737442947135207,-0.003472726746689192,-0.1363371148293837,0.4090527380475535,-0.4144032326833683,2026-02-28,790,ok,-0.0008260834163516127,1.4688154504978062,0.5103016241030873,0.003688679694603089,-0.00408766214657876,-0.046298286770690034
CMP018,Equinor ASA,EQNR.OL,OBX.OL,NOK,Oslo Børs,PRIMARY_DIRECT,Raw Materials & Energy,False,2025-08-14,234.5627593994141,1549.0799560546875,-0.001996098045770167,0.0014545878111507093,-0.0034506858569208765,-0.13806107062667705,0.41110232898558596,-0.4178539185402892,2026-02-28,790,ok,-0.0008260834163516127,1.4688154504978062,0.5103016241030873,0.001310437634772334,-0.003306535680542501,-0.04960482245123254
CMP018,Equinor ASA,EQNR.OL,OBX.OL,NOK,Oslo Børs,PRIMARY_DIRECT,Raw Materials & Energy,False,2025-08-15,234.46893310546875,1552.4599609375,-0.000400005074060239,0.0021819434623768785,-0.0025819485364371175,-0.13840585057195642,0.41418127448706077,-0.4204358670767263,2026-02-28,790,ok,-0.0008260834163516127,1.4688154504978062,0.5103016241030873,0.0023787888533002254,-0.0027787939273604643,-0.052383616378593
CMP018,Equinor ASA,EQNR.OL,OBX.OL,NOK,Oslo Børs,PRIMARY_DIRECT,Raw Materials & Energy,False,2025-08-18,232.44363403320312,1552.800048828125,-0.008637814167707258,0.00021906387229431168,-0.00885687804000157,-0.1458481407226997,0.4144910705131759,-0.4292927451167279,2026-02-28,790,ok,-0.0008260834163516127,1.4688154504978062,0.5103016241030873,-0.0005043190160798495,-0.00813349515162741,-0.06051711153022041
CMP018,Equinor ASA,EQNR.OL,OBX.OL,NOK,Oslo Børs,PRIMARY_DIRECT,Raw Materials & Energy,False,2025-08-19,235.0157470703125,1552.4200439453125,0.011065534437230351,-0.0002447223537243026,0.011310256790954654,-0.13639649390924236,0.41414491292907796,-0.4179824883257732,2026-02-28,790,ok,-0.0008260834163516127,1.4688154504978062,0.5103016241030873,-0.0011855353905840579,0.012251069827814409,-0.048266041702406
CMP018,Equinor ASA,EQNR.OL,OBX.OL,NOK,Oslo Børs,PRIMARY_DIRECT,Raw Materials & Energy,False,2025-08-20,238.3500061035156,1562.6600341796875,0.014187385631676541,0.006596146625594379,0.007591239006082162,-0.12414421793546482,0.4234728201245965,-0.41039124931969106,2026-02-28,790,ok,-0.0008260834163516127,1.4688154504978062,0.5103016241030873,0.00886243866107038,0.005324946970606162,-0.042941094731799835
CMP018,Equinor ASA,EQNR.OL,OBX.OL,NOK,Oslo Børs,PRIMARY_DIRECT,Raw Materials & Energy,False,2025-08-21,240.06472778320312,1576.31005859375,0.007194133147799597,0.00873512095753326,-0.0015409878097336627,-0.11784319482102246,0.4359070273881458,-0.4119322371294247,2026-02-28,790,ok,-0.0008260834163516127,1.4688154504978062,0.5103016241030873,0.01200419720804043,-0.0048100640602408325,-0.04775115879204067
CMP018,Equinor ASA,EQNR.OL,OBX.OL,NOK,Oslo Børs,PRIMARY_DIRECT,Raw Materials & Energy,False,2025-08-22,241.30316162109372,1582.6300048828125,0.005158749681081876,0.004009329417526297,0.0011494202635555784,-0.11329236868364123,0.4416640516738859,-0.41078281686586915,2026-02-28,790,ok,-0.0008260834163516127,1.4688154504978062,0.5103016241030873,0.005062881578246382,9.586810283549341e-05,-0.047655290689205175
CMP018,Equinor ASA,EQNR.OL,OBX.OL,NOK,Oslo Børs,PRIMARY_DIRECT,Raw Materials & Energy,False,2025-08-25,238.7310485839844,1581.5799560546875,-0.010659259579649305,-0.0006634834578425064,-0.009995776121806799,-0.12274401549709824,0.440707531423834,-0.42077859298767595,2026-02-28,790,ok,-0.0008260834163516127,1.4688154504978062,0.5103016241030873,-0.001800618170380396,-0.008858641409268909,-0.056513932098474086
CMP018,Equinor ASA,EQNR.OL,OBX.OL,NOK,Oslo Børs,PRIMARY_DIRECT,Raw Materials & Energy,False,2025-08-26,238.5405120849609,1581.260009765625,-0.0007981219877081225,-0.00020229536157034822,-0.0005958266261377743,-0.12344417278717856,0.4404160829728474,-0.4213744196138137,2026-02-28,790,ok,-0.0008260834163516127,1.4688154504978062,0.5103016241030873,-0.0011232179689901803,0.00032509598128205785,-0.056188836117192026
CMP018,Equinor ASA,EQNR.OL,OBX.OL,NOK,Oslo Børs,PRIMARY_DIRECT,Raw Materials & Energy,False,2025-08-27,238.5405120849609,1568.3499755859375,0.0,-0.008164396810111607,0.008164396810111607,-0.12344417278717856,0.4286559544997903,-0.4132100228037021,2026-02-28,790,ok,-0.0008260834163516127,1.4688154504978062,0.5103016241030873,-0.012818075595038544,0.012818075595038544,-0.04337076052215348
CMP018,Equinor ASA,EQNR.OL,OBX.OL,NOK,Oslo Børs,PRIMARY_DIRECT,Raw Materials & Energy,False,2025-08-28,232.348388671875,1559.4000244140625,-0.025958372265422414,-0.005706603316349312,-0.0202517689490731,-0.14619813526139425,0.4205031816919196,-0.4334617917527752,2026-02-28,790,ok,-0.0008260834163516127,1.4688154504978062,0.5103016241030873,-0.009208030537267502,-0.016750341728154913,-0.060121102250308395
CMP018,Equinor ASA,EQNR.OL,OBX.OL,NOK,Oslo Børs,PRIMARY_DIRECT,Raw Materials & Energy,False,2025-08-29,236.06365966796875,1569.9100341796875,0.01599008720194095,0.006739777863973062,0.009250309337967888,-0.1325457689910442,0.43007705759159,-0.42421148241480733,2026-02-28,790,ok,-0.0008260834163516127,1.4688154504978062,0.5103016241030873,0.009073406443175122,0.006916680758765828,-0.053204421491542565
CMP018,Equinor ASA,EQNR.OL,OBX.OL,NOK,Oslo Børs,PRIMARY_DIRECT,Raw Materials & Energy,False,2025-09-01,237.2068328857422,1572.0999755859375,0.004842648035624508,0.0013949470724889945,0.0034477009631355138,-0.12834499346325456,0.4320719393965111,-0.4207637814516718,2026-02-28,790,ok,-0.0008260834163516127,1.4688154504978062,0.5103016241030873,0.0012228363963469057,0.0036198116392776028,-0.04958460985226496
CMP018,Equinor ASA,EQNR.OL,OBX.OL,NOK,Oslo Børs,PRIMARY_DIRECT,Raw Materials & Energy,False,2025-09-02,237.39735412597656,1558.530029296875,0.0008031861389343753,-0.008631732396029657,0.009434918534964032,-0.1276448922440715,0.41971067764377734,-0.4113288629167078,2026-02-28,790,ok,-0.0008260834163516127,1.4688154504978062,0.5103016241030873,-0.01350450532420242,0.014307691463136795,-0.035276918389128165
CMP018,Equinor ASA,EQNR.OL,OBX.OL,NOK,Oslo Børs,PRIMARY_DIRECT,Raw Materials & Energy,False,2025-09-03,229.77626037597656,1546.1300048828125,-0.03210269035246205,-0.007956230666698594,-0.024146459685763455,-0.15564983814574873,0.4084151320124685,-0.43547532260247124,2026-02-28,790,ok,-0.0008260834163516127,1.4688154504978062,0.5103016241030873,-0.012512317947322969,-0.01959037240513908,-0.05486729079426725
CMP018,Equinor ASA,EQNR.OL,OBX.OL,NOK,Oslo Børs,PRIMARY_DIRECT,Raw Materials & Energy,False,2025-09-04,231.2052001953125,1556.280029296875,0.006218831384050771,0.006564793634434185,-0.00034596225038341366,-0.15039896686008114,0.41766108670574464,-0.43582128485285465,2026-02-28,790,ok,-0.0008260834163516127,1.4688154504978062,0.5103016241030873,0.008816386903234965,-0.0025975555191841936,-0.057464846313451445
CMP018,Equinor ASA,EQNR.OL,OBX.OL,NOK,Oslo Børs,PRIMARY_DIRECT,Raw Materials & Energy,False,2025-09-05,228.06149291992188,1550.9100341796875,-0.013597043979698298,-0.0034505326908381706,-0.010146511288860127,-0.16195102947288176,0.41276940078153723,-0.4459677961417148,2026-02-28,790,ok,-0.0008260834163516127,1.4688154504978062,0.5103016241030873,-0.005894279145102488,-0.00770276483459581,-0.06516761114804726
CMP018,Equinor ASA,EQNR.OL,OBX.OL,NOK,Oslo Børs,PRIMARY_DIRECT,Raw Materials & Energy,False,2025-09-08,229.58572387695312,1555.6199951171875,0.006683420938432771,0.0030369014537914296,0.003646519484641342,-0.15634999543582884,0.4170598422286427,-0.44232127665707344,2026-02-28,790,ok,-0.0008260834163516127,1.4688154504978062,0.5103016241030873,0.003634564360616488,0.0030488565778162835,-0.06211875457023097
CMP018,Equinor ASA,EQNR.OL,OBX.OL,NOK,Oslo Børs,PRIMARY_DIRECT,Raw Materials & Energy,False,2025-09-09,231.68153381347656,1564.0799560546875,0.009128659661986172,0.005438321032163573,0.003690338629822598,-0.14864860167032945,0.42476626857246913,-0.43863093802725084,2026-02-28,790,ok,-0.0008260834163516127,1.4688154504978062,0.5103016241030873,0.00716180654045742,0.0019668531215287516,-0.06015190144870222
CMP018,Equinor ASA,EQNR.OL,OBX.OL,NOK,Oslo Børs,PRIMARY_DIRECT,Raw Materials & Energy,False,2025-09-10,231.8720550537109,1575.989990234375,0.000822341069218524,0.007614722082194492,-0.006792381012975968,-0.14794850045114638,0.4356154677397337,-0.4454233190402268,2026-02-28,790,ok,-0.0008260834163516127,1.4688154504978062,0.5103016241030873,0.010358538029222483,-0.009536196960003959,-0.06968809840870618
CMP018,Equinor ASA,EQNR.OL,OBX.OL,NOK,Oslo Børs,PRIMARY_DIRECT,Raw Materials & Energy,False,2025-09-11,229.87152099609372,1575.77001953125,-0.00862774971806668,-0.00013957620574245322,-0.008488173512324226,-0.15529978753615725,0.43541508997984146,-0.45391149255255103,2026-02-28,790,ok,-0.0008260834163516127,1.4688154504978062,0.5103016241030873,-0.0010310951038679885,-0.0075966546141986915,-0.07728475302290487
CMP018,Equinor ASA,EQNR.OL,OBX.OL,NOK,Oslo Børs,PRIMARY_DIRECT,Raw Materials & Energy,False,2025-09-12,230.06204223632807,1578.4300537109375,0.0008288161987564102,0.0016880852832057425,-0.0008592690844493323,-0.15459968631697418,0.4378381930685278,-0.45477076163700036,2026-02-28,790,ok,-0.0008260834163516127,1.4688154504978062,0.5103016241030873,0.0016534023293789466,-0.0008245861306225364,-0.07810933915352741
CMP018,Equinor ASA,EQNR.OL,OBX.OL,NOK,Oslo Børs,PRIMARY_DIRECT,Raw Materials & Energy,False,2025-09-15,229.1094207763672,1585.760009765625,-0.004140715481358304,0.004643826970637477,-0.00878454245199578,-0.15810024848378668,0.44451526484891213,-0.46355530408899615,2026-02-28,790,ok,-0.0008260834163516127,1.4688154504978062,0.5103016241030873,0.005994841387559135,-0.010135556868917438,-0.08824489602244485
CMP018,Equinor ASA,EQNR.OL,OBX.OL,NOK,Oslo Børs,PRIMARY_DIRECT,Raw Materials & Energy,False,2025-09-16,230.1573028564453,1577.6199951171875,0.004573718865541254,-0.005133194555486775,0.00970691342102803,-0.15424963570738248,0.43710028695607206,-0.4538483906679681,2026-02-28,790,ok,-0.0008260834163516127,1.4688154504978062,0.5103016241030873,-0.008365798889861806,0.01293951775540306,-0.0753053782670418
CMP018,Equinor ASA,EQNR.OL,OBX.OL,NOK,Oslo Børs,PRIMARY_DIRECT,Raw Materials & Energy,False,2025-09-17,230.72889709472656,1571.050048828125,0.002483493815695903,-0.004164466924479138,0.006647960740175041,-0.1521492199080392,0.43111553034388406,-0.4472004299277931,2026-02-28,790,ok,-0.0008260834163516127,1.4688154504978062,0.5103016241030873,-0.006942916778113651,0.009426410593809553,-0.06587896767323224
CMP018,Equinor ASA,EQNR.OL,OBX.OL,NOK,Oslo Børs,PRIMARY_DIRECT,Raw Materials & Energy,False,2025-09-18,231.96730041503903,1569.510009765625,0.005367352489896504,-0.0009802609812773477,0.006347613471173852,-0.14759850591245194,0.4297126636297879,-0.4408528164566192,2026-02-28,790,ok,-0.0008260834163516127,1.4688154504978062,0.5103016241030873,-0.0022659058911719218,0.0076332583810684255,-0.05824570929216382
CMP018,Equinor ASA,EQNR.OL,OBX.OL,NOK,Oslo Børs,PRIMARY_DIRECT,Raw Materials & Energy,False,2025-09-19,231.77679443359372,1562.93994140625,-0.0008212622257726121,-0.004186063369137849,0.003364801143365237,-0.1482985510607382,0.42372779582017484,-0.437488015313254,2026-02-28,790,ok,-0.0008260834163516127,1.4688154504978062,0.5103016241030873,-0.006974637969704187,0.006153375743931575,-0.05209233354823224
CMP018,Equinor ASA,EQNR.OL,OBX.OL,NOK,Oslo Børs,PRIMARY_DIRECT,Raw Materials & Energy,False,2025-09-22,229.77626037597656,1561.530029296875,-0.008631295736512223,-0.0009020897553532192,-0.007729205981159004,-0.15564983814574895,0.42244346556115375,-0.445217221294413,2026-02-28,790,ok,-0.0008260834163516127,1.4688154504978062,0.5103016241030873,-0.002151086786750207,-0.006480208949762017,-0.05857254249799426
CMP018,Equinor ASA,EQNR.OL,OBX.OL,NOK,Oslo Børs,PRIMARY_DIRECT,Raw Materials & Energy,False,2025-09-23,237.01629638671875,1575.3699951171875,0.031509068860706035,0.008863080158979963,0.022645988701726072,-0.1290451507533351,0.4350506960180396,-0.4225712325926869,2026-02-28,790,ok,-0.0008260834163516127,1.4688154504978062,0.5103016241030873,0.012192145660158709,0.01931692320054733,-0.039255619297446934
CMP018,Equinor ASA,EQNR.OL,OBX.OL,NOK,Oslo Børs,PRIMARY_DIRECT,Raw Materials & Energy,False,2025-09-24,242.827392578125,1585.760009765625,0.024517707347535334,0.006595285349245694,0.01792242199828964,-0.10769133464658864,0.44451526484891213,-0.4046488105943973,2026-02-28,790,ok,-0.0008260834163516127,1.4688154504978062,0.5103016241030873,0.008861173605062281,0.015656533742473052,-0.02359908555497388
CMP018,Equinor ASA,EQNR.OL,OBX.OL,NOK,Oslo Børs,PRIMARY_DIRECT,Raw Materials & Energy,False,2025-09-25,243.8752899169922,1581.739990234375,0.004315400036797978,-0.002535074353302802,0.00685047439010078,-0.10384066579928741,0.4408533112480393,-0.3977983362042965,2026-02-28,790,ok,-0.0008260834163516127,1.4688154504978062,0.5103016241030873,-0.004549639794643502,0.00886503983144148,-0.014734045723532402
CMP018,Equinor ASA,EQNR.OL,OBX.OL,NOK,Oslo Børs,PRIMARY_DIRECT,Raw Materials & Energy,False,2025-09-26,245.3042449951172,1587.8399658203125,0.005859368034421886,0.0038564970371859353,0.0020028709972359504,-0.09858973844272301,0.4464099577738869,-0.39579546520706055,2026-02-28,790,ok,-0.0008260834163516127,1.4688154504978062,0.5103016241030873,0.004838399016666101,0.0010209690177557847,-0.013713076705776617
CMP018,Equinor ASA,EQNR.OL,OBX.OL,NOK,Oslo Børs,PRIMARY_DIRECT,Raw Materials & Energy,False,2025-09-29,237.8736724853516,1583.75,-0.030291251217089643,-0.0025758048092708874,-0.027715446407818756,-0.12589458312521695,0.4426842880484756,-0.4235109116148793,2026-02-28,790,ok,-0.0008260834163516127,1.4688154504978062,0.5103016241030873,-0.0046094653176752464,-0.025681785899414396,-0.03939486260519101
CMP018,Equinor ASA,EQNR.OL,OBX.OL,NOK,Oslo Børs,PRIMARY_DIRECT,Raw Materials & Energy,False,2025-09-30,231.8720550537109,1566.969970703125,-0.025230271887319744,-0.010595125049329135,-0.014635146837990609,-0.14794850045114671,0.42739886760989965,-0.4381460584528699,2026-02-28,790,ok,-0.0008260834163516127,1.4688154504978062,0.5103016241030873,-0.016388366788762578,-0.008841905098557166,-0.04823676770374818
CMP018,Equinor ASA,EQNR.OL,OBX.OL,NOK,Oslo Børs,PRIMARY_DIRECT,Raw Materials & Energy,False,2025-10-01,234.3489227294922,1581.8399658203125,0.010682044782013733,0.009489649064886141,0.0011923957171275923,-0.13884684817638393,0.44094438193913343,-0.4369536627357423,2026-02-28,790,ok,-0.0008260834163516127,1.4688154504978062,0.5103016241030873,0.013112459749955209,-0.0024304149679414758,-0.05066718267168965
CMP018,Equinor ASA,EQNR.OL,OBX.OL,NOK,Oslo Børs,PRIMARY_DIRECT,Raw Materials & Energy,False,2025-10-02,234.72998046875,1576.5,0.0016260272708727985,-0.0033757939713853213,0.00500182124225812,-0.13744658966712064,0.4360800505814817,-0.4319518414934842,2026-02-28,790,ok,-0.0008260834163516127,1.4688154504978062,0.5103016241030873,-0.005784501759219722,0.00741052903009252,-0.043256653641597136
CMP018,Equinor ASA,EQNR.OL,OBX.OL,NOK,Oslo Børs,PRIMARY_DIRECT,Raw Materials & Energy,False,2025-10-06,241.2079162597656,1595.550048828125,0.027597394155102428,0.012083760753647255,0.015513633401455174,-0.11364236322233634,0.45343329833579404,-0.416438208092029,2026-02-28,790,ok,-0.0008260834163516127,1.4688154504978062,0.5103016241030873,0.016922731078724492,0.010674663076377936,-0.032581990565219196
CMP018,Equinor ASA,EQNR.OL,OBX.OL,NOK,Oslo Børs,PRIMARY_DIRECT,Raw Materials & Energy,False,2025-10-07,237.5878753662109,1576.02001953125,-0.015007968849812259,-0.012240311302813223,-0.002767657546999036,-0.12694479102488876,0.43564282230628937,-0.41920586563902806,2026-02-28,790,ok,-0.0008260834163516127,1.4688154504978062,0.5103016241030873,-0.018804841776826602,0.0037968729270143435,-0.028785117638204853
CMP018,Equinor ASA,EQNR.OL,OBX.OL,NOK,Oslo Børs,PRIMARY_DIRECT,Raw Materials & Energy,False,2025-10-08,235.20628356933597,1578.8299560546875,-0.010024046021725797,0.0017829319987148207,-0.011806978020440617,-0.1356963366191627,0.4382024758329046,-0.4310128436594687,2026-02-28,790,ok,-0.0008260834163516127,1.4688154504978062,0.5103016241030873,0.0017927146505476506,-0.011816760672273448,-0.040601878310478304
CMP018,Equinor ASA,EQNR.OL,OBX.OL,NOK,Oslo Børs,PRIMARY_DIRECT,Raw Materials & Energy,False,2025-10-09,234.44418334960935,1578.9100341796875,-0.003240135459654736,5.0719917425556815e-05,-0.003290855377080293,-0.13849679756679245,0.4382754213437201,-0.434303699036549,2026-02-28,790,ok,-0.0008260834163516127,1.4688154504978062,0.5103016241030873,-0.0007515852179889819,-0.002488550241665754,-0.04309042855214406
CMP018,Equinor ASA,EQNR.OL,OBX.OL,NOK,Oslo Børs,PRIMARY_DIRECT,Raw Materials & Energy,False,2025-10-10,227.68045043945312,1573.3299560546875,-0.028850077717944345,-0.0035341330438115603,-0.025315944674132784,-0.16335123191124845,0.4331923646510474,-0.45961964371068176,2026-02-28,790,ok,-0.0008260834163516127,1.4688154504978062,0.5103016241030873,-0.006017072635216873,-0.02283300508272747,-0.06592343363487153
CMP018,Equinor ASA,EQNR.OL,OBX.OL,NOK,Oslo Børs,PRIMARY_DIRECT,Raw Materials & Energy,False,2025-10-13,226.06097412109372,1564.1600341796875,-0.007112935323316472,-0.005828352685786742,-0.0012845826375297298,-0.16930226048699615,0.4248392140832844,-0.4609042263482115,2026-02-28,790,ok,-0.0008260834163516127,1.4688154504978062,0.5103016241030873,-0.009386857892185565,0.0022739225688690936,-0.06364951106600245
CMP018,Equinor ASA,EQNR.OL,OBX.OL,NOK,Oslo Børs,PRIMARY_DIRECT,Raw Materials & Energy,False,2025-10-14,224.06040954589844,1558.739990234375,-0.008849668028607427,-0.003465146677369857,-0.00538452135123757,-0.17665365971380087,0.4199019372148174,-0.46628874769944906,2026-02-28,790,ok,-0.0008260834163516127,1.4688154504978062,0.5103016241030873,-0.005915744394313595,-0.0029339236342938316,-0.06658343470029628
CMP018,Equinor ASA,EQNR.OL,OBX.OL,NOK,Oslo Børs,PRIMARY_DIRECT,Raw Materials & Energy,False,2025-10-15,225.1083221435547,1568.9300537109375,0.0046769199421712315,0.006537372198316627,-0.0018604522561453951,-0.1728029347956026,0.4291843646635014,-0.46814919995559445,2026-02-28,790,ok,-0.0008260834163516127,1.4688154504978062,0.5103016241030873,0.008776109874190656,-0.004099189932019425,-0.0706826246323157
CMP018,Equinor ASA,EQNR.OL,OBX.OL,NOK,Oslo Børs,PRIMARY_DIRECT,Raw Materials & Energy,False,2025-10-16,224.7272491455078,1570.25,-0.0016928427808362567,0.0008413034640648576,-0.0025341462449011143,-0.17420324937576281,0.4303867424202801,-0.47068334620049557,2026-02-28,790,ok,-0.0008260834163516127,1.4688154504978062,0.5103016241030873,0.0004096361102241758,-0.0021024788910604325,-0.07278510352337614
CMP018,Equinor ASA,EQNR.OL,OBX.OL,NOK,Oslo Børs,PRIMARY_DIRECT,Raw Materials & Energy,False,2025-10-17,222.2503967285156,1549.3800048828125,-0.01102159362698596,-0.013290874139269215,0.002269280512283256,-0.18330484557962867,0.4113756522562928,-0.4684140656882123,2026-02-28,790,ok,-0.0008260834163516127,1.4688154504978062,0.5103016241030873,-0.020347924702731966,0.009326331075746007,-0.06345877244763012
CMP018,Equinor ASA,EQNR.OL,OBX.OL,NOK,Oslo Børs,PRIMARY_DIRECT,Raw Materials & Energy,False,2025-10-20,221.86935424804688,1554.3499755859375,-0.0017144737920723463,0.0032077157879037976,-0.004922189579976144,-0.18470504801799492,0.41590294421869833,-0.47333625526818845,2026-02-28,790,ok,-0.0008260834163516127,1.4688154504978062,0.5103016241030873,0.003885459093727229,-0.005599932885799575,-0.0690587053334297
CMP018,Equinor ASA,EQNR.OL,OBX.OL,NOK,Oslo Børs,PRIMARY_DIRECT,Raw Materials & Energy,False,2025-10-21,223.5841064453125,1556.6300048828125,0.007728657268045058,0.0014668699666660068,0.0062617873013790515,-0.1784039127617587,0.4179798897232867,-0.4670744679668094,2026-02-28,790,ok,-0.0008260834163516127,1.4688154504978062,0.5103016241030873,0.00132847785455862,0.006400179413486438,-0.06265852591994325
CMP018,Equinor ASA,EQNR.OL,OBX.OL,NOK,Oslo Børs,PRIMARY_DIRECT,Raw Materials & Energy,False,2025-10-22,226.15621948242188,1553.300048828125,0.01150400660405837,-0.0021392084466071992,0.01364321505066557,-0.16895226594830148,0.4149465351660715,-0.45343125291614383,2026-02-28,790,ok,-0.0008260834163516127,1.4688154504978062,0.5103016241030873,-0.0039681858345636785,0.015472192438622048,-0.0471863334813212
CMP018,Equinor ASA,EQNR.OL,OBX.OL,NOK,Oslo Børs,PRIMARY_DIRECT,Raw Materials & Energy,False,2025-10-23,236.5399932861328,1576.0899658203125,0.04591416423335648,0.014671934768418549,0.031242229464937932,-0.13079540380129306,0.43570653843082785,-0.4221890234512059,2026-02-28,790,ok,-0.0008260834163516127,1.4688154504978062,0.5103016241030873,0.020724281060197504,0.025189883173158976,-0.021996450308162226
CMP018,Equinor ASA,EQNR.OL,OBX.OL,NOK,Oslo Børs,PRIMARY_DIRECT,Raw Materials & Energy,False,2025-10-24,233.7773284912109,1564.7099609375,-0.011679482849988987,-0.00722040310490113,-0.004459079745087857,-0.14094726397572743,0.425340158483015,-0.42664810319629376,2026-02-28,790,ok,-0.0008260834163516127,1.4688154504978062,0.5103016241030873,-0.011431523055652724,-0.0002479597943362624,-0.022244410102498488
CMP018,Equinor ASA,EQNR.OL,OBX.OL,NOK,Oslo Børs,PRIMARY_DIRECT,Raw Materials & Energy,False,2025-10-27,232.53890991210935,1566.3199462890625,-0.005297428057263964,0.0010289353246002442,-0.0063263633818642084,-0.14549803404221184,0.4268067413216494,-0.43297446657815797,2026-02-28,790,ok,-0.0008260834163516127,1.4688154504978062,0.5103016241030873,0.0006852326859842013,-0.005982660743248165,-0.028227070845746653
CMP018,Equinor ASA,EQNR.OL,OBX.OL,NOK,Oslo Børs,PRIMARY_DIRECT,Raw Materials & Energy,False,2025-10-28,230.5383758544922,1557.5699462890625,-0.008603007807911678,-0.005586342701394131,-0.0030166651065175465,-0.1528493211272226,0.4188361098959672,-0.4359911316846755,2026-02-28,790,ok,-0.0008260834163516127,1.4688154504978062,0.5103016241030873,-0.009031389887934966,0.00042838208002328806,-0.027798688765723365
CMP018,Equinor ASA,EQNR.OL,OBX.OL,NOK,Oslo Børs,PRIMARY_DIRECT,Raw Materials & Energy,False,2025-10-29,230.44309997558597,1555.0799560546875,-0.0004132755709459479,-0.0015986378270249624,0.0011853622560790145,-0.153199427807711,0.41656790482033856,-0.4348057694285965,2026-02-28,790,ok,-0.0008260834163516127,1.4688154504978062,0.5103016241030873,-0.003174187356436117,0.002760911785490169,-0.025037776980233198
CMP018,Equinor ASA,EQNR.OL,OBX.OL,NOK,Oslo Børs,PRIMARY_DIRECT,Raw Materials & Energy,False,2025-10-30,231.1099548339844,1520.1300048828125,0.0028937939928297407,-0.022474697224279527,0.025368491217109268,-0.15074896139877614,0.3847309700618695,-0.40943727821148723,2026-02-28,790,ok,-0.0008260834163516127,1.4688154504978062,0.5103016241030873,-0.033837265944633536,0.03673105993746328,0.01169328295723008
CMP018,Equinor ASA,EQNR.OL,OBX.OL,NOK,Oslo Børs,PRIMARY_DIRECT,Raw Materials & Energy,False,2025-10-31,230.5383758544922,1525.5899658203125,-0.002473190650324031,0.0035917723615492836,-0.0060649630118733144,-0.1528493211272226,0.3897046084883191,-0.41550224122336055,2026-02-28,790,ok,-0.0008260834163516127,1.4688154504978062,0.5103016241030873,0.004449567322962967,-0.006922757973286998,0.0047705249839430815
CMP018,Equinor ASA,EQNR.OL,OBX.OL,NOK,Oslo Børs,PRIMARY_DIRECT,Raw Materials & Energy,False,2025-11-03,232.63417053222656,1530.52001953125,0.009090871183447424,0.0032315719304607526,0.005859299252986672,-0.14514798343262014,0.39419553889274184,-0.4096429419703739,2026-02-28,790,ok,-0.0008260834163516127,1.4688154504978062,0.5103016241030873,0.003920499364504162,0.005170371818943262,0.009940896802886344
CMP018,Equinor ASA,EQNR.OL,OBX.OL,NOK,Oslo Børs,PRIMARY_DIRECT,Raw Materials & Energy,False,2025-11-04,231.58627319335935,1521.0799560546875,-0.0045044858907434815,-0.006167879776870722,0.0016633938861272402,-0.14899865227992148,0.385596308423402,-0.40797954808424663,2026-02-28,790,ok,-0.0008260834163516127,1.4688154504978062,0.5103016241030873,-0.00988556052943229,0.005381074638688808,0.015321971441575152
CMP018,Equinor ASA,EQNR.OL,OBX.OL,NOK,Oslo Børs,PRIMARY_DIRECT,Raw Materials & Energy,False,2025-11-05,235.39683532714844,1525.3900146484375,0.016454179607646724,0.002833551633228515,0.013620627974418209,-0.13499612325818588,0.3895224671061306,-0.3943589201098284,2026-02-28,790,ok,-0.0008260834163516127,1.4688154504978062,0.5103016241030873,0.003335881002317722,0.013118298605329003,0.028440270046904154
CMP018,Equinor ASA,EQNR.OL,OBX.OL,NOK,Oslo Børs,PRIMARY_DIRECT,Raw Materials & Energy,False,2025-11-06,233.30101013183597,1517.6400146484375,-0.0089033703125182,-0.0050806678459778265,-0.003822702466540373,-0.1426975730945821,0.38246276498624066,-0.3981816225763688,2026-02-28,790,ok,-0.0008260834163516127,1.4688154504978062,0.5103016241030873,-0.008288646847371251,-0.000614723465146948,0.027825546581757205
CMP018,Equinor ASA,EQNR.OL,OBX.OL,NOK,Oslo Børs,PRIMARY_DIRECT,Raw Materials & Energy,False,2025-11-07,234.253662109375,1516.0799560546875,0.004083359849152313,-0.0010279503562716785,0.005111310205423991,-0.13919689878597563,0.3810416618944408,-0.3930703123709448,2026-02-28,790,ok,-0.0008260834163516127,1.4688154504978062,0.5103016241030873,-0.0023359527819881787,0.006419312631140491,0.034244859212897695
CMP018,Equinor ASA,EQNR.OL,OBX.OL,NOK,Oslo Børs,PRIMARY_DIRECT,Raw Materials & Energy,False,2025-11-10,229.96676635742188,1521.8199462890625,-0.018300229389590195,0.0037860735586217054,-0.0220863029482119,-0.15494979299746292,0.3862703872138944,-0.4151566153191567,2026-02-28,790,ok,-0.0008260834163516127,1.4688154504978062,0.5103016241030873,0.00473495992327316,-0.023035189312863354,0.01120966990003434
CMP018,Equinor ASA,EQNR.OL,OBX.OL,NOK,Oslo Børs,PRIMARY_DIRECT,Raw Materials & Energy,False,2025-11-11,236.9210205078125,1533.93994140625,0.030240257149079186,0.007964145263532618,0.022276111885546568,-0.12939525743382363,0.39731084595219945,-0.39288050343361014,2026-02-28,790,ok,-0.0008260834163516127,1.4688154504978062,0.5103016241030873,0.01087177619673402,0.01936848095234517,0.03057815085237951
CMP018,Equinor ASA,EQNR.OL,OBX.OL,NOK,Oslo Børs,PRIMARY_DIRECT,Raw Materials & Energy,False,2025-11-12,232.63417053222656,1538.8800048828125,-0.018094004349624937,0.003220506450880789,-0.021314510800505726,-0.14514798343262014,0.40181089454547414,-0.41419501423411587,2026-02-28,790,ok,-0.0008260834163516127,1.4688154504978062,0.5103016241030873,0.0039042462171299443,-0.021998250566754883,0.008579900285624626
CMP018,Equinor ASA,EQNR.OL,OBX.OL,NOK,Oslo Børs,PRIMARY_DIRECT,Raw Materials & Energy,False,2025-11-13,234.1166534423828,1540.260009765625,0.006372593100852697,0.0008967592524653512,0.005475833848387346,-0.1397003593695928,0.4030679814353646,-0.4087191803857285,2026-02-28,790,ok,-0.0008260834163516127,1.4688154504978062,0.5103016241030873,0.0004910904290463579,0.005881502671806339,0.014461402957430966
CMP018,Equinor ASA,EQNR.OL,OBX.OL,NOK,Oslo Børs,PRIMARY_DIRECT,Raw Materials & Energy,False,2025-11-14,236.6319580078125,1534.0,0.010743808816866984,-0.004064255207520184,0.014808064024387169,-0.13045746450544038,0.397365555085311,-0.39391111636134135,2026-02-28,790,ok,-0.0008260834163516127,1.4688154504978062,0.5103016241030873,-0.006795724259923427,0.01753953307679041,0.032000936034221376
CMP018,Equinor ASA,EQNR.OL,OBX.OL,NOK,Oslo Børs,PRIMARY_DIRECT,Raw Materials & Energy,False,2025-11-17,238.76028442382807,1537.280029296875,0.008994247581492365,0.0021382198806225716,0.006856027700869793,-0.12263658365856367,0.40035342989569167,-0.38705508866047156,2026-02-28,790,ok,-0.0008260834163516127,1.4688154504978062,0.5103016241030873,0.002314566980868395,0.00667968060062397,0.038680616634845344
CMP018,Equinor ASA,EQNR.OL,OBX.OL,NOK,Oslo Børs,PRIMARY_DIRECT,Raw Materials & Energy,False,2025-11-18,233.826416015625,1506.719970703125,-0.02066452726888557,-0.019879305013627002,-0.0007852222552585664,-0.14076688390027392,0.3725153769359164,-0.3878403109157301,2026-02-28,790,ok,-0.0008260834163516127,1.4688154504978062,0.5103016241030873,-0.03002511376552545,0.009360586496639883,0.04804120313148523
CMP018,Equinor ASA,EQNR.OL,OBX.OL,NOK,Oslo Børs,PRIMARY_DIRECT,Raw Materials & Energy,False,2025-11-19,228.3121032714844,1501.75,-0.023582933177969556,-0.003298536423331333,-0.020284396754638223,-0.16103012106155234,0.3679880849735109,-0.40812470767036835,2026-02-28,790,ok,-0.0008260834163516127,1.4688154504978062,0.5103016241030873,-0.005671024678970447,-0.01791190849899911,0.03012929463248612
CMP018,Equinor ASA,EQNR.OL,OBX.OL,NOK,Oslo Børs,PRIMARY_DIRECT,Raw Materials & Energy,False,2025-11-20,232.66552734375,1519.239990234375,0.01906786372638769,0.011646406015898059,0.007421457710489632,-0.14503275773941005,0.38392022963602335,-0.4007032499598787,2026-02-28,790,ok,-0.0008260834163516127,1.4688154504978062,0.5103016241030873,0.016280337682570055,0.0027875260438176355,0.032916820676303755
CMP018,Equinor ASA,EQNR.OL,OBX.OL,NOK,Oslo Børs,PRIMARY_DIRECT,Raw Materials & Energy,False,2025-11-21,227.2479248046875,1502.52001953125,-0.0232849386882239,-0.011005483538216732,-0.012279455150007168,-0.16494061755588774,0.36868951833055896,-0.4129827051098859,2026-02-28,790,ok,-0.0008260834163516127,1.4688154504978062,0.5103016241030873,-0.01699110767748361,-0.00629383101074029,0.026622989665563465
CMP018,Equinor ASA,EQNR.OL,OBX.OL,NOK,Oslo Børs,PRIMARY_DIRECT,Raw Materials & Energy,False,2025-11-24,224.24891662597656,1498.1099853515625,-0.013197076194594426,-0.002935091794027067,-0.010261984400567359,-0.17596095985301363,0.364672288956736,-0.42324468951045324,2026-02-28,790,ok,-0.0008260834163516127,1.4688154504978062,0.5103016241030873,-0.0051371915920478935,-0.008059884602546533,0.018563105063016932
CMP018,Equinor ASA,EQNR.OL,OBX.OL,NOK,Oslo Børs,PRIMARY_DIRECT,Raw Materials & Energy,False,2025-11-25,222.2173309326172,1501.280029296875,-0.009059511742247728,0.002116028847220175,-0.011175540589467903,-0.18342635121329576,0.3675599748871705,-0.43442023009992115,2026-02-28,790,ok,-0.0008260834163516127,1.4688154504978062,0.5103016241030873,0.002281972448144442,-0.01134148419039217,0.007221620872624762
CMP018,Equinor ASA,EQNR.OL,OBX.OL,NOK,Oslo Børs,PRIMARY_DIRECT,Raw Materials & Energy,False,2025-11-26,223.5717315673828,1512.3199462890625,0.0060949370109044665,0.007353669386622075,-0.0012587323757176083,-0.1784493862591764,0.377616558808868,-0.43567896247563875,2026-02-28,790,ok,-0.0008260834163516127,1.4688154504978062,0.5103016241030873,0.009975099796571615,-0.003880162785667149,0.0033414580869576133
CMP018,Equinor ASA,EQNR.OL,OBX.OL,NOK,Oslo Børs,PRIMARY_DIRECT,Raw Materials & Energy,False,2025-11-27,224.24891662597656,1523.22998046875,0.0030289386491137993,0.007214104532879073,-0.004185165883765274,-0.17596095985301363,0.3875548286703403,-0.439864128359404,2026-02-28,790,ok,-0.0008260834163516127,1.4688154504978062,0.5103016241030873,0.009770104783047429,-0.00674116613393363,-0.0033997080469760164
CMP018,Equinor ASA,EQNR.OL,OBX.OL,NOK,Oslo Børs,PRIMARY_DIRECT,Raw Materials & Energy,False,2025-11-28,225.50657653808597,1524.43994140625,0.005608321016805862,0.0007943389724562877,0.004813982044349574,-0.17133948438548874,0.3886570175471731,-0.43505014631505445,2026-02-28,790,ok,-0.0008260834163516127,1.4688154504978062,0.5103016241030873,0.0003406539393247339,0.005267667077481128,0.0018679590305051112
CMP018,Equinor ASA,EQNR.OL,OBX.OL,NOK,Oslo Børs,PRIMARY_DIRECT,Raw Materials & Energy,False,2025-12-01,225.0228576660156,1521.18994140625,-0.0021450322181121306,-0.0021319304957346796,-1.3101722377450997e-05,-0.17311698788935925,0.3856964973033483,-0.4350632480374319,2026-02-28,790,ok,-0.0008260834163516127,1.4688154504978062,0.5103016241030873,-0.003957495867874157,0.0018124636497620266,0.003680422680267138
CMP018,Equinor ASA,EQNR.OL,OBX.OL,NOK,Oslo Børs,PRIMARY_DIRECT,Raw Materials & Energy,False,2025-12-02,223.0880126953125,1520.239990234375,-0.008598437468849696,-0.0006244789989847677,-0.007973958469864928,-0.18022688976304668,0.38483115894181563,-0.44303720650729683,2026-02-28,790,ok,-0.0008260834163516127,1.4688154504978062,0.5103016241030873,-0.0017433278185718434,-0.006855109650277852,-0.0031746869700107145
CMP018,Equinor ASA,EQNR.OL,OBX.OL,NOK,Oslo Børs,PRIMARY_DIRECT,Raw Materials & Energy,False,2025-12-03,226.76422119140625,1531.75,0.016478736135027594,0.007571179445062803,0.00890755668996479,-0.166718064988861,0.3953159641472783,-0.43412964981733204,2026-02-28,790,ok,-0.0008260834163516127,1.4688154504978062,0.5103016241030873,0.010294581931048038,0.006184154203979556,0.0030094672339688417
CMP018,Equinor ASA,EQNR.OL,OBX.OL,NOK,Oslo Børs,PRIMARY_DIRECT,Raw Materials & Energy,False,2025-12-04,227.53814697265625,1542.260009765625,0.003412909572700018,0.006861439376938172,-0.003448529804238154,-0.16387414909610343,0.40488984004694895,-0.4375781796215702,2026-02-28,790,ok,-0.0008260834163516127,1.4688154504978062,0.5103016241030873,0.009252104753149215,-0.005839195180449197,-0.0028297279464803557
CMP018,Equinor ASA,EQNR.OL,OBX.OL,NOK,Oslo Børs,PRIMARY_DIRECT,Raw Materials & Energy,False,2025-12-05,227.92514038085935,1547.0899658203125,0.001700784740281902,0.003131739151702062,-0.00143095441142016,-0.1624520790079309,0.40928958856285247,-0.43900913403299036,2026-02-28,790,ok,-0.0008260834163516127,1.4688154504978062,0.5103016241030873,0.0037738634365972685,-0.0020730786963153664,-0.004902806642795722
CMP018,Equinor ASA,EQNR.OL,OBX.OL,NOK,Oslo Børs,PRIMARY_DIRECT,Raw Materials & Energy,False,2025-12-08,227.63491821289065,1554.530029296875,-0.00127332231751065,0.004809069699199808,-0.006082392016710458,-0.16351854746771477,0.41606696042060776,-0.4450915260497008,2026-02-28,790,ok,-0.0008260834163516127,1.4688154504978062,0.5103016241030873,0.006237552460353903,-0.007510874777864553,-0.012413681420660275
CMP018,Equinor ASA,EQNR.OL,OBX.OL,NOK,Oslo Børs,PRIMARY_DIRECT,Raw Materials & Energy,False,2025-12-09,226.47401428222656,1553.3800048828125,-0.00509984996931967,-0.0007397891275106039,-0.004360060841809066,-0.16778447737774804,0.4150193694794615,-0.4494515868915099,2026-02-28,790,ok,-0.0008260834163516127,1.4688154504978062,0.5103016241030873,-0.0019126971169494793,-0.0031871528523701904,-0.015600834273030465
CMP018,Equinor ASA,EQNR.OL,OBX.OL,NOK,Oslo Børs,PRIMARY_DIRECT,Raw Materials & Energy,False,2025-12-10,222.50753784179688,1542.8699951171875,-0.017514046602656874,-0.006765897418911315,-0.010748149183745559,-0.1823599388244086,0.40544549357979087,-0.46019973607525544,2026-02-28,790,ok,-0.0008260834163516127,1.4688154504978062,0.5103016241030873,-0.01076393808173178,-0.006750108520925094,-0.02235094279395556
CMP018,Equinor ASA,EQNR.OL,OBX.OL,NOK,Oslo Børs,PRIMARY_DIRECT,Raw Materials & Energy,False,2025-12-11,224.0554351806641,1554.8699951171875,0.006956606296941503,0.00777771298811758,-0.0008211066911760767,-0.1766719388262028,0.41637664524929763,-0.4610208427664315,2026-02-28,790,ok,-0.0008260834163516127,1.4688154504978062,0.5103016241030873,0.010597941590132949,-0.003641335293191446,-0.025992278087147005
CMP018,Equinor ASA,EQNR.OL,OBX.OL,NOK,Oslo Børs,PRIMARY_DIRECT,Raw Materials & Energy,False,2025-12-12,225.11959838867188,1555.5699462890625,0.004749553194947964,0.00045016700693500944,0.004299386188012955,-0.17276149840276445,0.4170142512843822,-0.45672145657841856,2026-02-28,790,ok,-0.0008260834163516127,1.4688154504978062,0.5103016241030873,-0.00016487116126111777,0.004914424356209082,-0.021077853730937922
CMP018,Equinor ASA,EQNR.OL,OBX.OL,NOK,Oslo Børs,PRIMARY_DIRECT,Raw Materials & Energy,False,2025-12-15,224.82937622070312,1560.699951171875,-0.0012891910346591873,0.003297829772971994,-0.004587020807631181,-0.17382796686254853,0.42168732307099344,-0.46130847738604974,2026-02-28,790,ok,-0.0008260834163516127,1.4688154504978062,0.5103016241030873,0.004017819907301324,-0.005307010941960511,-0.026384864672898432
CMP018,Equinor ASA,EQNR.OL,OBX.OL,NOK,Oslo Børs,PRIMARY_DIRECT,Raw Materials & Energy,False,2025-12-16,219.60528564453125,1550.9300537109375,-0.023235800694672792,-0.006259946028448038,-0.016975854666224754,-0.19302473556404298,0.4127876371592403,-0.4782843320522745,2026-02-28,790,ok,-0.0008260834163516127,1.4688154504978062,0.5103016241030873,-0.01002078886221847,-0.013215011832454323,-0.03959987650535275
CMP018,Equinor ASA,EQNR.OL,OBX.OL,NOK,Oslo Børs,PRIMARY_DIRECT,Raw Materials & Energy,False,2025-12-17,224.5391540527344,1566.75,0.02246698386025847,0.010200296429365041,0.01226668743089343,-0.1748944353223325,0.42719848985000675,-0.46601764462138107,2026-02-28,790,ok,-0.0008260834163516127,1.4688154504978062,0.5103016241030873,0.014156269578757364,0.008310714281501107,-0.03128916222385164
CMP018,Equinor ASA,EQNR.OL,OBX.OL,NOK,Oslo Børs,PRIMARY_DIRECT,Raw Materials & Energy,False,2025-12-18,224.3456573486328,1567.2900390625,-0.0008617503923442627,0.00034468745013560564,-0.0012064378424798683,-0.17560547036641894,0.42769042725831063,-0.46722408246386093,2026-02-28,790,ok,-0.0008260834163516127,1.4688154504978062,0.5103016241030873,-0.000319801163999743,-0.0005419492283445196,-0.03183111145219616
CMP018,Equinor ASA,EQNR.OL,OBX.OL,NOK,Oslo Børs,PRIMARY_DIRECT,Raw Materials & Energy,False,2025-12-19,224.5391540527344,1575.8900146484375,0.0008624936465826405,0.005487162791567135,-0.0046246691449844946,-0.1748944353223325,0.4355243970486391,-0.47184875160884543,2026-02-28,790,ok,-0.0008260834163516127,1.4688154504978062,0.5103016241030873,0.007233546071298868,-0.006371052424716228,-0.03820216387691239
CMP018,Equinor ASA,EQNR.OL,OBX.OL,NOK,Oslo Børs,PRIMARY_DIRECT,Raw Materials & Energy,False,2025-12-22,222.7010498046875,1577.760009765625,-0.008186119057058572,0.0011866279371055555,-0.009372746994164127,-0.18164884770942546,0.4372278304025736,-0.48122149860300956,2026-02-28,790,ok,-0.0008260834163516127,1.4688154504978062,0.5103016241030873,0.0009168540316613662,-0.009102973088719938,-0.04730513696563232
CMP018,Equinor ASA,EQNR.OL,OBX.OL,NOK,Oslo Børs,PRIMARY_DIRECT,Raw Materials & Energy,False,2025-12-23,224.44239807128903,1580.3900146484375,0.007819218940048778,0.0016669232751076457,0.006152295664941132,-0.17524998087982424,0.43962357892470405,-0.4750692029380684,2026-02-28,790,ok,-0.0008260834163516127,1.4688154504978062,0.5103016241030873,0.0016223192449209025,0.006196899695127875,-0.041108237270504444
CMP018,Equinor ASA,EQNR.OL,OBX.OL,NOK,Oslo Børs,PRIMARY_DIRECT,Raw Materials & Energy,False,2025-12-29,227.53814697265625,1587.030029296875,0.013793066407996157,0.004201503797728323,0.009591562610267834,-0.16387414909610354,0.44567216285885536,-0.4654776403278006,2026-02-28,790,ok,-0.0008260834163516127,1.4688154504978062,0.5103016241030873,0.005345150277076958,0.008447916130919199,-0.032660321139585245
CMP018,Equinor ASA,EQNR.OL,OBX.OL,NOK,Oslo Børs,PRIMARY_DIRECT,Raw Materials & Energy,False,2025-12-30,229.27952575683597,1597.8699951171875,0.007653128969134837,0.006830347013102811,0.000822781956032026,-0.15747517012470846,0.4555466053983641,-0.46465485837176856,2026-02-28,790,ok,-0.0008260834163516127,1.4688154504978062,0.5103016241030873,0.009206435808755338,-0.0015533068396205007,-0.03421362797920575
CMP018,Equinor ASA,EQNR.OL,OBX.OL,NOK,Oslo Børs,PRIMARY_DIRECT,Raw Materials & Energy,False,2026-01-02,233.72967529296875,1610.56005859375,0.01940927573643192,0.007941862301276803,0.011467413435155116,-0.1411223733868685,0.46710635611152873,-0.45318744493661345,2026-02-28,790,ok,-0.0008260834163516127,1.4688154504978062,0.5103016241030873,0.010839046637489818,0.008570229098942101,-0.025643398880263645
CMP018,Equinor ASA,EQNR.OL,OBX.OL,NOK,Oslo Børs,PRIMARY_DIRECT,Raw Materials & Energy,False,2026-01-05,229.9567108154297,1602.5699462890625,-0.016142428096945105,-0.004961076901201733,-0.011181351195743372,-0.15498674371854582,0.4598279286566176,-0.4643687961323568,2026-02-28,790,ok,-0.0008260834163516127,1.4688154504978062,0.5103016241030873,-0.008112989819944497,-0.008029438277000608,-0.033672837157264254
CMP018,Equinor ASA,EQNR.OL,OBX.OL,NOK,Oslo Børs,PRIMARY_DIRECT,Raw Materials & Energy,False,2026-01-06,231.69808959960935,1613.1099853515625,0.007572637380334424,0.00657696039221678,0.0009956769881176442,-0.14858776474715074,0.4694291591228441,-0.4633731191442392,2026-02-28,790,ok,-0.0008260834163516127,1.4688154504978062,0.5103016241030873,0.008834257625048504,-0.0012616202447140804,-0.034934457401978335
CMP018,Equinor ASA,EQNR.OL,OBX.OL,NOK,Oslo Børs,PRIMARY_DIRECT,Raw Materials & Energy,False,2026-01-07,224.63589477539065,1592.02001953125,-0.03048015992027675,-0.013074102827350664,-0.017406057092926086,-0.17453894583573792,0.4502176911989646,-0.48077917623716526,2026-02-28,790,ok,-0.0008260834163516127,1.4688154504978062,0.5103016241030873,-0.02002952765056132,-0.010450632269715432,-0.04538508967169377
CMP018,Equinor ASA,EQNR.OL,OBX.OL,NOK,Oslo Børs,PRIMARY_DIRECT,Raw Materials & Energy,False,2026-01-08,225.2163543701172,1593.219970703125,0.002584001970419303,0.0007537286950878297,0.0018302732753314732,-0.17240595284527305,0.4513107618869452,-0.4789489029618338,2026-02-28,790,ok,-0.0008260834163516127,1.4688154504978062,0.5103016241030873,0.0002810049364769414,0.0023029970339423613,-0.0430820926377514
CMP018,Equinor ASA,EQNR.OL,OBX.OL,NOK,Oslo Børs,PRIMARY_DIRECT,Raw Materials & Energy,False,2026-01-09,231.8915557861328,1606.760009765625,0.02963906166887731,0.008498537120724459,0.02114052454815285,-0.1478768418448584,0.46364478027054834,-0.45780837841368094,2026-02-28,790,ok,-0.0008260834163516127,1.4688154504978062,0.5103016241030873,0.011656699213197612,0.017982362455679697,-0.025099730182071706
CMP018,Equinor ASA,EQNR.OL,OBX.OL,NOK,Oslo Børs,PRIMARY_DIRECT,Raw Materials & Energy,False,2026-01-12,232.37527465820312,1614.550048828125,0.002085970187359676,0.004848290357709617,-0.002762320170349941,-0.14609933834098798,0.47074095514584613,-0.4605706985840309,2026-02-28,790,ok,-0.0008260834163516127,1.4688154504978062,0.5103016241030873,0.006295160369551808,-0.004209190182192132,-0.029308920364263837
CMP018,Equinor ASA,EQNR.OL,OBX.OL,NOK,Oslo Børs,PRIMARY_DIRECT,Raw Materials & Energy,False,2026-01-13,238.37332153320312,1627.6300048828125,0.025811897947500828,0.00810130108024909,0.017710596867251738,-0.12405854160494212,0.48265587043453584,-0.44286010171677914,2026-02-28,790,ok,-0.0008260834163516127,1.4688154504978062,0.5103016241030873,0.011073232779452819,0.01473866516804801,-0.014570255196215827
CMP018,Equinor ASA,EQNR.OL,OBX.OL,NOK,Oslo Børs,PRIMARY_DIRECT,Raw Materials & Energy,False,2026-01-14,241.8560333251953,1639.199951171875,0.014610325390406853,0.0071084621531634085,0.007501863237243445,-0.11126075187484274,0.49319527357568527,-0.4353582384795357,2026-02-28,790,ok,-0.0008260834163516127,1.4688154504978062,0.5103016241030873,0.009614935623493704,0.004995389766913149,-0.009574865429302679
CMP018,Equinor ASA,EQNR.OL,OBX.OL,NOK,Oslo Børs,PRIMARY_DIRECT,Raw Materials & Energy,False,2026-01-15,239.34071350097656,1641.97998046875,-0.01040007061075332,0.001695967166719159,-0.01209603777747248,-0.1205037028098922,0.4957276837331699,-0.4474542762570082,2026-02-28,790,ok,-0.0008260834163516127,1.4688154504978062,0.5103016241030873,0.0016649793616624767,-0.012065049972415797,-0.021639915401718474
CMP018,Equinor ASA,EQNR.OL,OBX.OL,NOK,Oslo Børs,PRIMARY_DIRECT,Raw Materials & Energy,False,2026-01-16,247.66058349609372,1662.3699951171875,0.03476161608034656,0.012417943513913343,0.022343672566433215,-0.08993099018288331,0.5143015456219648,-0.42511060369057496,2026-02-28,790,ok,-0.0008260834163516127,1.4688154504978062,0.5103016241030873,0.017413583880293324,0.017348032200053234,-0.00429188320166524
CMP018,Equinor ASA,EQNR.OL,OBX.OL,NOK,Oslo Børs,PRIMARY_DIRECT,Raw Materials & Energy,False,2026-01-19,239.43746948242188,1637.06005859375,-0.03320316013792135,-0.015225212556638668,-0.017977947581282683,-0.12014815725240058,0.49124598271502395,-0.44308855127185764,2026-02-28,790,ok,-0.0008260834163516127,1.4688154504978062,0.5103016241030873,-0.02318911085665569,-0.01001404928126566,-0.0143059324829309
CMP018,Equinor ASA,EQNR.OL,OBX.OL,NOK,Oslo Børs,PRIMARY_DIRECT,Raw Materials & Energy,False,2026-01-20,242.9202117919922,1640.06005859375,0.014545519200059864,0.0018325534144281175,0.012712965785631747,-0.10735025538050735,0.4939787706324006,-0.4303755854862259,2026-02-28,790,ok,-0.0008260834163516127,1.4688154504978062,0.5103016241030873,0.0018655993526229154,0.012679919847436948,-0.0016260126354939522
CMP018,Equinor ASA,EQNR.OL,OBX.OL,NOK,Oslo Børs,PRIMARY_DIRECT,Raw Materials & Energy,False,2026-01-21,245.04852294921875,1646.6099853515625,0.008761358890337911,0.003993711525069887,0.004767647365268024,-0.09952943060452746,0.4999452908668849,-0.4256079381209579,2026-02-28,790,ok,-0.0008260834163516127,1.4688154504978062,0.5103016241030873,0.005039941776502194,0.003721417113835717,0.002095404478341765
CMP018,Equinor ASA,EQNR.OL,OBX.OL,NOK,Oslo Børs,PRIMARY_DIRECT,Raw Materials & Energy,False,2026-01-22,235.0840606689453,1636.77001953125,-0.040663221146362005,-0.005975893446444558,-0.03468732769991745,-0.13614546450364606,0.4909817776331682,-0.4602952658208753,2026-02-28,790,ok,-0.0008260834163516127,1.4688154504978062,0.5103016241030873,-0.009603568041017963,-0.031059653105344042,-0.028964248627002278
CMP018,Equinor ASA,EQNR.OL,OBX.OL,NOK,Oslo Børs,PRIMARY_DIRECT,Raw Materials & Energy,False,2026-01-23,241.56581115722656,1645.199951171875,0.027572054310432748,0.005150345827472647,0.0224217084829601,-0.11232722033462694,0.498660849410439,-0.4378735573379152,2026-02-28,790,ok,-0.0008260834163516127,1.4688154504978062,0.5103016241030873,0.0067388241104471185,0.02083323019998563,-0.008131018427016648
CMP018,Equinor ASA,EQNR.OL,OBX.OL,NOK,Oslo Børs,PRIMARY_DIRECT,Raw Materials & Energy,False,2026-01-26,240.88861083984372,1649.9599609375,-0.002803378152474001,0.0028932712782021586,-0.0056966494306761595,-0.11481570281168674,0.5029968818018042,-0.4435702067685914,2026-02-28,790,ok,-0.0008260834163516127,1.4688154504978062,0.5103016241030873,0.0034235981395532543,-0.006226976292027255,-0.014357994719043903
CMP018,Equinor ASA,EQNR.OL,OBX.OL,NOK,Oslo Børs,PRIMARY_DIRECT,Raw Materials & Energy,False,2026-01-27,242.53321838378903,1655.8699951171875,0.0068272532196997915,0.0035819258161449152,0.0032453274035548763,-0.1087723254686801,0.5083805051343155,-0.4403248793650365,2026-02-28,790,ok,-0.0008260834163516127,1.4688154504978062,0.5103016241030873,0.004435104564939002,0.002392148654760789,-0.011965846064283114
CMP018,Equinor ASA,EQNR.OL,OBX.OL,NOK,Oslo Børs,PRIMARY_DIRECT,Raw Materials & Energy,False,2026-01-28,245.4355010986328,1666.22998046875,0.01196653693124694,0.006256520972124591,0.00571001595912235,-0.09810741658725175,0.5178177193986322,-0.43461486340591415,2026-02-28,790,ok,-0.0008260834163516127,1.4688154504978062,0.5103016241030873,0.008363591253868539,0.0036029456773784014,-0.008362900386904713
CMP018,Equinor ASA,EQNR.OL,OBX.OL,NOK,Oslo Børs,PRIMARY_DIRECT,Raw Materials & Energy,False,2026-01-29,249.01498413085935,1677.9200439453125,0.01458421058161452,0.007015876327752579,0.007568334253861941,-0.08495402522876394,0.5284665408060045,-0.4270465291520522,2026-02-28,790,ok,-0.0008260834163516127,1.4688154504978062,0.5103016241030873,0.009478944132633185,0.005105266448981335,-0.003257633937923377
CMP018,Equinor ASA,EQNR.OL,OBX.OL,NOK,Oslo Børs,PRIMARY_DIRECT,Raw Materials & Energy,False,2026-01-30,248.6280059814453,1681.6500244140625,-0.0015540355965514285,0.0022229786706520205,-0.003777014267203449,-0.08637603924603954,0.5318642893250216,-0.43082354341925566,2026-02-28,790,ok,-0.0008260834163516127,1.4688154504978062,0.5103016241030873,0.0024390620012291492,-0.003993097597780578,-0.007250731535703955
CMP018,Equinor ASA,EQNR.OL,OBX.OL,NOK,Oslo Børs,PRIMARY_DIRECT,Raw Materials & Energy,False,2026-02-02,244.46807861328125,1677.6199951171875,-0.016731531718411907,-0.0023964732485162177,-0.01433505846989569,-0.10166236752409552,0.5281932175352968,-0.44515860188915135,2026-02-28,790,ok,-0.0008260834163516127,1.4688154504978062,0.5103016241030873,-0.0043460603504769015,-0.012385471367935006,-0.01963620290363896
CMP018,Equinor ASA,EQNR.OL,OBX.OL,NOK,Oslo Børs,PRIMARY_DIRECT,Raw Materials & Energy,False,2026-02-03,243.6941375732422,1682.6600341796875,-0.0031658163488221813,0.003004279322593506,-0.006170095671415687,-0.1045063394877499,0.5327843368196656,-0.45132869756056704,2026-02-28,790,ok,-0.0008260834163516127,1.4688154504978062,0.5103016241030873,0.0035866484702848115,-0.006752464819106993,-0.026388667722745954
CMP018,Equinor ASA,EQNR.OL,OBX.OL,NOK,Oslo Børs,PRIMARY_DIRECT,Raw Materials & Energy,False,2026-02-04,244.9517974853516,1690.9300537109375,0.005160813159616584,0.004914848729548504,0.00024596443006807966,-0.099884864020225,0.5403177399701555,-0.45108273313049896,2026-02-28,790,ok,-0.0008260834163516127,1.4688154504978062,0.5103016241030873,0.006392922334468744,-0.00123210917485216,-0.027620776897598114
CMP018,Equinor ASA,EQNR.OL,OBX.OL,NOK,Oslo Børs,PRIMARY_DIRECT,Raw Materials & Energy,False,2026-02-05,249.11170959472656,1694.550048828125,0.016982574335359768,0.0021408307867276655,0.014841743548632103,-0.08459859181306606,0.5436152996092265,-0.43624098958186686,2026-02-28,790,ok,-0.0008260834163516127,1.4688154504978062,0.5103016241030873,0.002318401920095356,0.014664172415264413,-0.0129566044823337
CMP018,Equinor ASA,EQNR.OL,OBX.OL,NOK,Oslo Børs,PRIMARY_DIRECT,Raw Materials & Energy,False,2026-02-06,257.04461669921875,1732.02001953125,0.03184477806120811,0.022112047224003506,0.009732730837204606,-0.05544783713243573,0.5777477940098801,-0.42650825874466225,2026-02-28,790,ok,-0.0008260834163516127,1.4688154504978062,0.5103016241030873,0.031652433188401864,0.00019234487280624796,-0.012764259609527453
CMP018,Equinor ASA,EQNR.OL,OBX.OL,NOK,Oslo Børs,PRIMARY_DIRECT,Raw Materials & Energy,False,2026-02-09,255.39996337890625,1753.949951171875,-0.006398318476503961,0.012661476999878962,-0.019059795476382924,-0.061491382688133034,0.5977244114153459,-0.4455680542210452,2026-02-28,790,ok,-0.0008260834163516127,1.4688154504978062,0.5103016241030873,0.017771289627193217,-0.024169608103697178,-0.03693386771322463
CMP018,Equinor ASA,EQNR.OL,OBX.OL,NOK,Oslo Børs,PRIMARY_DIRECT,Raw Materials & Energy,False,2026-02-10,256.5609130859375,1752.719970703125,0.004545614226689976,-0.0007012631505980416,0.005246877377288017,-0.057225284565409096,0.5966039861608095,-0.44032117684375716,2026-02-28,790,ok,-0.0008260834163516127,1.4688154504978062,0.5103016241030873,-0.001856109566814786,0.006401723793504762,-0.030532143919719867
CMP018,Equinor ASA,EQNR.OL,OBX.OL,NOK,Oslo Børs,PRIMARY_DIRECT,Raw Materials & Energy,False,2026-02-11,261.4947204589844,1761.8299560546875,0.019230549633233673,0.005197627404169847,0.014032922229063827,-0.039095208607286436,0.6049025387928857,-0.42628825461469333,2026-02-28,790,ok,-0.0008260834163516127,1.4688154504978062,0.5103016241030873,0.006808272020823863,0.01242227761240981,-0.018109866307310058
CMP018,Equinor ASA,EQNR.OL,OBX.OL,NOK,Oslo Børs,PRIMARY_DIRECT,Raw Materials & Energy,False,2026-02-12,260.3338317871094,1768.3599853515625,-0.004439434455263069,0.0037063902077689725,-0.008145824663032042,-0.04336108244642267,0.6108509338470911,-0.43443407927772537,2026-02-28,790,ok,-0.0008260834163516127,1.4688154504978062,0.5103016241030873,0.004617919786393228,-0.009057354241656298,-0.027167220548966357
CMP018,Equinor ASA,EQNR.OL,OBX.OL,NOK,Oslo Børs,PRIMARY_DIRECT,Raw Materials & Energy,False,2026-02-13,258.9794311523437,1752.550048828125,-0.0052025532965429555,-0.008940451409442218,0.0037378981128992628,-0.04833804740054237,0.5964491993451766,-0.4306961811648261,2026-02-28,790,ok,-0.0008260834163516127,1.4688154504978062,0.5103016241030873,-0.013957956580965231,0.008755403284422276,-0.01841181726454408
CMP018,Equinor ASA,EQNR.OL,OBX.OL,NOK,Oslo Børs,PRIMARY_DIRECT,Raw Materials & Energy,False,2026-02-16,258.3175964355469,1754.18994140625,-0.0025555493494288095,0.0009357179723463727,-0.003491267321775182,-0.05077006648438409,0.5979430255529419,-0.4341874484866013,2026-02-28,790,ok,-0.0008260834163516127,1.4688154504978062,0.5103016241030873,0.0005483135987392183,-0.003103862948168028,-0.02151568021271211
CMP018,Equinor ASA,EQNR.OL,OBX.OL,NOK,Oslo Børs,PRIMARY_DIRECT,Raw Materials & Energy,False,2026-02-17,254.2001953125,1747.1300048828125,-0.015939297902511362,-0.004024613502103369,-0.011914684400407993,-0.06590012517267052,0.5915119224767096,-0.4461021328870093,2026-02-28,790,ok,-0.0008260834163516127,1.4688154504978062,0.5103016241030873,-0.006737497910523126,-0.009201799991988236,-0.030717480204700345
CMP018,Equinor ASA,EQNR.OL,OBX.OL,NOK,Oslo Børs,PRIMARY_DIRECT,Raw Materials & Energy,False,2026-02-18,264.0035095214844,1785.469970703125,0.038565329176607044,0.021944540883140684,0.01662078829346636,-0.02987625601612709,0.6264369209255056,-0.4294813445935429,2026-02-28,790,ok,-0.0008260834163516127,1.4688154504978062,0.5103016241030873,0.0314063972868862,0.007158931889720846,-0.0235585483149795
CMP018,Equinor ASA,EQNR.OL,OBX.OL,NOK,Oslo Børs,PRIMARY_DIRECT,Raw Materials & Energy,False,2026-02-19,273.7088317871094,1798.2900390625,0.03676209563735067,0.007180220653235869,0.029581874984114798,0.005787525840272645,0.6381150968963203,-0.3998994696094281,2026-02-28,790,ok,-0.0008260834163516127,1.4688154504978062,0.5103016241030873,0.009720335617104682,0.027041760020245983,0.003483211705266484
CMP018,Equinor ASA,EQNR.OL,OBX.OL,NOK,Oslo Børs,PRIMARY_DIRECT,Raw Materials & Energy,False,2026-02-20,268.3170166015625,1808.97998046875,-0.019699091002443936,0.005944503486113417,-0.025643594488557353,-0.014025574160377863,0.6478528778004755,-0.4255430640979855,2026-02-28,790,ok,-0.0008260834163516127,1.4688154504978062,0.5103016241030873,0.007905295149589845,-0.027604386152033783,-0.0241211744467673
CMP018,Equinor ASA,EQNR.OL,OBX.OL,NOK,Oslo Børs,PRIMARY_DIRECT,Raw Materials & Energy,False,2026-02-23,272.0422668457031,1801.8299560546875,0.013883764404225118,-0.003952517159537483,0.0178362815637626,-0.00033653752342943655,0.641339711024576,-0.4077067825342229,2026-02-28,790,ok,-0.0008260834163516127,1.4688154504978062,0.5103016241030873,-0.00663160168863797,0.02051536609286309,-0.00360580835390421
CMP018,Equinor ASA,EQNR.OL,OBX.OL,NOK,Oslo Børs,PRIMARY_DIRECT,Raw Materials & Energy,False,2026-02-24,274.6891784667969,1805.8599853515625,0.00972978078658282,0.0022366313110362412,0.007493149475546579,0.009389968826823969,0.6450107828143008,-0.4002136330586763,2026-02-28,790,ok,-0.0008260834163516127,1.4688154504978062,0.5103016241030873,0.002459115210365583,0.007270665576217237,0.003664857222313027
CMP018,Equinor ASA,EQNR.OL,OBX.OL,NOK,Oslo Børs,PRIMARY_DIRECT,Raw Materials & Energy,False,2026-02-25,273.8068542480469,1808.93994140625,-0.003212082192952659,0.0017055342494274317,-0.0049176164423800905,0.006147725282210192,0.6478164050450681,-0.4051312495010564,2026-02-28,790,ok,-0.0008260834163516127,1.4688154504978062,0.5103016241030873,0.001679031640560578,-0.004891113833513237,-0.0012262566112002096
CMP018,Equinor ASA,EQNR.OL,OBX.OL,NOK,Oslo Børs,PRIMARY_DIRECT,Raw Materials & Energy,False,2026-02-26,273.51275634765625,1801.219970703125,-0.0010741071519130285,-0.004267676624533756,0.0031935694726207275,0.005067014814603477,0.6407840574917341,-0.40193768002843566,2026-02-28,790,ok,-0.0008260834163516127,1.4688154504978062,0.5103016241030873,-0.0070945127801951184,0.00602040562828209,0.00479414901708188
CMP018,Equinor ASA,EQNR.OL,OBX.OL,NOK,Oslo Børs,PRIMARY_DIRECT,Raw Materials & Energy,False,2026-02-27,276.0616149902344,1819.5400390625,0.009318975380213423,0.010170922295639206,-0.000851946915425783,0.014433209581125261,0.6574723446444062,-0.40278962694386145,2026-02-28,790,ok,-0.0008260834163516127,1.4688154504978062,0.5103016241030873,0.01411312439729587,-0.004794149017082446,-5.655198531684391e-16
CMP018,Equinor ASA,EQNR.OL,OBX.OL,NOK,Oslo Børs,PRIMARY_DIRECT,Raw Materials & Energy,False,2026-03-02,298.6092834472656,1849.5400390625,0.08167621731050456,0.016487683346312787,0.06518853396419177,0.09728827685386587,0.6848002238181738,-0.33760109297966967,2026-02-28,790,ok,-0.0008260834163516127,1.4688154504978062,0.5103016241030873,0.02339128062562798,0.05828493668487658,0.05828493668487601
CMP018,Equinor ASA,EQNR.OL,OBX.OL,NOK,Oslo Børs,PRIMARY_DIRECT,Raw Materials & Energy,False,2026-03-03,302.7266540527344,1823.5400390625,0.013788488281195388,-0.014057549147829751,0.02784603742902514,0.11241822340035856,0.6611160618675753,-0.30975505555064453,2026-02-28,790,ok,-0.0008260834163516127,1.4688154504978062,0.5103016241030873,-0.021474028800816218,0.035262517082011606,0.09354745376688761
CMP018,Equinor ASA,EQNR.OL,OBX.OL,NOK,Oslo Børs,PRIMARY_DIRECT,Raw Materials & Energy,False,2026-03-04,294.1977844238281,1840.4599609375,-0.02817350079593761,0.00927861276010078,-0.03745211355603839,0.08107750769797306,0.6765289145552282,-0.3472071691066829,2026-02-28,790,ok,-0.0008260834163516127,1.4688154504978062,0.5103016241030873,0.012802486364870505,-0.040975987160808115,0.052571466606079496
CMP018,Equinor ASA,EQNR.OL,OBX.OL,NOK,Oslo Børs,PRIMARY_DIRECT,Raw Materials & Energy,False,2026-03-05,301.25616455078125,1838.18994140625,0.02399195541454069,-0.0012333979436823794,0.025225353358223068,0.10701467106232565,0.6744610872394918,-0.32198181574845985,2026-02-28,790,ok,-0.0008260834163516127,1.4688154504978062,0.5103016241030873,-0.0026377173726445146,0.026629672787185203,0.0792011393932647
CMP018,Equinor ASA,EQNR.OL,OBX.OL,NOK,Oslo Børs,PRIMARY_DIRECT,Raw Materials & Energy,False,2026-03-06,310.4713439941406,1841.8499755859373,0.03058918132712929,0.0019911077181105075,0.02859807360901878,0.14087734356724346,0.67779511963397,-0.2933837421394411,2026-02-28,790,ok,-0.0008260834163516127,1.4688154504978062,0.5103016241030873,0.002098486363614531,0.028490694963514758,0.10769183435677945
CMP018,Equinor ASA,EQNR.OL,OBX.OL,NOK,Oslo Børs,PRIMARY_DIRECT,Raw Materials & Energy,False,2026-03-09,319.00018310546875,1850.81005859375,0.027470616133542736,0.0048647192369521974,0.022605896896590538,0.1722179471278351,0.685957121828118,-0.27077784524285053,2026-02-28,790,ok,-0.0008260834163516127,1.4688154504978062,0.5103016241030873,0.006319291361217672,0.021151324772325064,0.12884315912910452
CMP018,Equinor ASA,EQNR.OL,OBX.OL,NOK,Oslo Børs,PRIMARY_DIRECT,Raw Materials & Energy,False,2026-03-10,306.9421081542969,1840.06005859375,-0.037799586300504395,-0.005808267547545043,-0.03199131875295935,0.1279085936723765,0.6761646317908512,-0.3027691639958099,2026-02-28,790,ok,-0.0008260834163516127,1.4688154504978062,0.5103016241030873,-0.009357356530810773,-0.02844222976969362,0.10040092935941089
CMP018,Equinor ASA,EQNR.OL,OBX.OL,NOK,Oslo Børs,PRIMARY_DIRECT,Raw Materials & Energy,False,2026-03-11,315.4709777832031,1851.5400390625,0.027786574087836913,0.00623891617837935,0.021547657909457563,0.159249309374762,0.6866220824297584,-0.2812215060863523,2026-02-28,790,ok,-0.0008260834163516127,1.4688154504978062,0.5103016241030873,0.008337733060812704,0.01944884102702421,0.1198497703864351
CMP018,Equinor ASA,EQNR.OL,OBX.OL,NOK,Oslo Børs,PRIMARY_DIRECT,Raw Materials & Energy,False,2026-03-12,325.9605712890625,1882.6400146484373,0.033250581652769284,0.016796815045752034,0.01645376660701725,0.197795023192044,0.7149519616004123,-0.2647677394793351,2026-02-28,790,ok,-0.0008260834163516127,1.4688154504978062,0.5103016241030873,0.023845338042002992,0.009405243610766292,0.1292550139972014
CMP018,Equinor ASA,EQNR.OL,OBX.OL,NOK,Oslo Børs,PRIMARY_DIRECT,Raw Materials & Energy,False,2026-03-13,332.23468017578125,1893.4100341796875,0.019248060775899356,0.0057207004246435655,0.01352736035125579,0.22085025459551422,0.724762688015383,-0.2512403791280793,2026-02-28,790,ok,-0.0008260834163516127,1.4688154504978062,0.5103016241030873,0.0075765697550342175,0.011671491020865139,0.14092650501806656
CMP018,Equinor ASA,EQNR.OL,OBX.OL,NOK,Oslo Børs,PRIMARY_DIRECT,Raw Materials & Energy,False,2026-03-16,341.4497985839844,1916.8599853515625,0.027736774509294237,0.012385035860462468,0.01535173864883177,0.25471270281684455,0.7461239357572411,-0.2358886404792475,2026-02-28,790,ok,-0.0008260834163516127,1.4688154504978062,0.5103016241030873,0.017365248610465053,0.010371525898829184,0.15129803091689575
CMP018,Equinor ASA,EQNR.OL,OBX.OL,NOK,Oslo Børs,PRIMARY_DIRECT,Raw Materials & Energy,False,2026-03-17,348.1160583496094,1924.050048828125,0.019523396391710968,0.0037509591370825657,0.015772437254628402,0.2792089562716529,0.7526735752885483,-0.2201162032246191,2026-02-28,790,ok,-0.0008260834163516127,1.4688154504978062,0.5103016241030873,0.004683383318381178,0.01484001307332979,0.16613804399022555
CMP018,Equinor ASA,EQNR.OL,OBX.OL,NOK,Oslo Børs,PRIMARY_DIRECT,Raw Materials & Energy,False,2026-03-18,351.9393615722656,1936.0999755859373,0.010982840724964582,0.006262792781898563,0.004720047943066019,0.2932583044923327,0.7636502067048898,-0.2153961552815531,2026-02-28,790,ok,-0.0008260834163516127,1.4688154504978062,0.5103016241030873,0.008372803384967133,0.0026100373399974494,0.168748081330223
CMP018,Equinor ASA,EQNR.OL,OBX.OL,NOK,Oslo Børs,PRIMARY_DIRECT,Raw Materials & Energy,False,2026-03-19,390.7605590820313,1954.02001953125,0.11030649523353842,0.009255743076949985,0.10105075215658843,0.4359130954925501,0.77997409989576,-0.11434540312496466,2026-02-28,790,ok,-0.0008260834163516127,1.4688154504978062,0.5103016241030873,0.01276889502091063,0.09753760021262778,0.2662856815428508
CMP018,Equinor ASA,EQNR.OL,OBX.OL,NOK,Oslo Børs,PRIMARY_DIRECT,Raw Materials & Energy,False,2026-03-20,387.13330078125,1921.9300537109373,-0.00928255991163085,-0.0164225368724783,0.0071399769608474495,0.42258414615574513,0.7507424096081656,-0.10720542616411721,2026-02-28,790,ok,-0.0008260834163516127,1.4688154504978062,0.5103016241030873,-0.024947759311017656,0.015665199399386806,0.28195088094223764
CMP018,Equinor ASA,EQNR.OL,OBX.OL,NOK,Oslo Børs,PRIMARY_DIRECT,Raw Materials & Energy,False,2026-03-23,367.134521484375,1901.0,-0.05165863865628895,-0.01089012249458543,-0.040768516161703516,0.34909538579132016,0.731676610311067,-0.14797394232582073,2026-02-28,790,ok,-0.0008260834163516127,1.4688154504978062,0.5103016241030873,-0.016821663594212402,-0.034836975062076544,0.24711390588016108
CMP018,Equinor ASA,EQNR.OL,OBX.OL,NOK,Oslo Børs,PRIMARY_DIRECT,Raw Materials & Energy,False,2026-03-24,376.7417602539063,1910.1400146484373,0.026168170540563418,0.004808003497336788,0.02136016704322663,0.38439874392219453,0.7400025175096989,-0.1266137752825941,2026-02-28,790,ok,-0.0008260834163516127,1.4688154504978062,0.5103016241030873,0.006235986406584149,0.01993218413397927,0.26704609001414037
CMP018,Equinor ASA,EQNR.OL,OBX.OL,NOK,Oslo Børs,PRIMARY_DIRECT,Raw Materials & Energy,False,2026-03-25,384.4864196777344,1934.739990234375,0.020556944413617773,0.01287862428789821,0.007678320125719562,0.41285775194728536,0.7624113561927033,-0.11893545515687454,2026-02-28,790,ok,-0.0008260834163516127,1.4688154504978062,0.5103016241030873,0.018090238918869586,0.0024667054947481865,0.26951279550888857
CMP018,Equinor ASA,EQNR.OL,OBX.OL,NOK,Oslo Børs,PRIMARY_DIRECT,Raw Materials & Energy,False,2026-03-26,389.6821594238281,1943.1800537109373,0.013513454520574841,0.004362376091445741,0.0091510784291291,0.4319503409222667,0.7700996573562509,-0.10978437672774544,2026-02-28,790,ok,-0.0008260834163516127,1.4688154504978062,0.5103016241030873,0.005581441987646122,0.007932012532928719,0.2774448080418173
CMP018,Equinor ASA,EQNR.OL,OBX.OL,NOK,Oslo Børs,PRIMARY_DIRECT,Raw Materials & Energy,False,2026-03-27,393.799560546875,1940.43994140625,0.010566049852358539,-0.001410117554188739,0.011976167406547278,0.44708039961055324,0.7676036087567493,-0.09780820932119816,2026-02-28,790,ok,-0.0008260834163516127,1.4688154504978062,0.5103016241030873,-0.00289728586696221,0.013463335719320749,0.29090814376113805
CMP018,Equinor ASA,EQNR.OL,OBX.OL,NOK,Oslo Børs,PRIMARY_DIRECT,Raw Materials & Energy,False,2026-03-30,411.9357299804688,2000.6199951171875,0.04605431608000754,0.031013613164097453,0.015040702915910087,0.5137246977274013,0.8224233833061938,-0.08276750640528807,2026-02-28,790,ok,-0.0008260834163516127,1.4688154504978062,0.5103016241030873,0.04472719077483688,0.001327125305170658,0.2922352690663087
CMP018,Equinor ASA,EQNR.OL,OBX.OL,NOK,Oslo Børs,PRIMARY_DIRECT,Raw Materials & Energy,False,2026-03-31,412.13177490234375,2030.2900390625,0.00047591142891212357,0.014830424577244372,-0.014354513148332249,0.5144450966112764,0.8494506958401229,-0.09712201955362032,2026-02-28,790,ok,-0.0008260834163516127,1.4688154504978062,0.5103016241030873,0.020957073340147316,-0.020481161911235193,0.27175410715507353
CMP018,Equinor ASA,EQNR.OL,OBX.OL,NOK,Oslo Børs,PRIMARY_DIRECT,Raw Materials & Energy,False,2026-04-01,391.2507019042969,2012.3800048828125,-0.05066601089662337,-0.008821416563693285,-0.041844594332930085,0.4377142048440317,0.8331359208381048,-0.1389666138865504,2026-02-28,790,ok,-0.0008260834163516127,1.4688154504978062,0.5103016241030873,-0.013783116360381575,-0.03688289453624179,0.23487121261883173
CMP018,Equinor ASA,EQNR.OL,OBX.OL,NOK,Oslo Børs,PRIMARY_DIRECT,Raw Materials & Energy,False,2026-04-07,403.7008972167969,2042.1400146484373,0.03182152837529073,0.014788464252981859,0.017033064122308872,0.48346446820903455,0.8602451858742761,-0.12193354976424153,2026-02-28,790,ok,-0.0008260834163516127,1.4688154504978062,0.5103016241030873,0.02089544136756264,0.01092608700772809,0.24579729962655983
CMP018,Equinor ASA,EQNR.OL,OBX.OL,NOK,Oslo Børs,PRIMARY_DIRECT,Raw Materials & Energy,False,2026-04-08,354.7823181152344,1977.6500244140625,-0.12117530438703006,-0.03157961245153751,-0.08959569193549255,0.3037052097264612,0.801499363839528,-0.21152924169973408,2026-02-28,790,ok,-0.0008260834163516127,1.4688154504978062,0.5103016241030873,-0.047210706105902805,-0.07396459828112725,0.17183270134543258
CMP018,Equinor ASA,EQNR.OL,OBX.OL,NOK,Oslo Børs,PRIMARY_DIRECT,Raw Materials & Energy,False,2026-04-09,371.64404296875,2017.77001953125,0.04752695946938057,0.02028670119682796,0.02724025827255261,0.36566635438915096,0.8380458431400162,-0.18428898342718147,2026-02-28,790,ok,-0.0008260834163516127,1.4688154504978062,0.5103016241030873,0.028971336741181634,0.018555622728198936,0.19038832407363152
CMP018,Equinor ASA,EQNR.OL,OBX.OL,NOK,Oslo Børs,PRIMARY_DIRECT,Raw Materials & Energy,False,2026-04-10,360.46826171875,1999.0999755859373,-0.030071197053842535,-0.009252810659586497,-0.02081838639425604,0.32459913233651205,0.8210387529698016,-0.2051073698214375,2026-02-28,790,ok,-0.0008260834163516127,1.4688154504978062,0.5103016241030873,-0.014416754673683056,-0.015654442380159478,0.17473388169347204
CMP018,Equinor ASA,EQNR.OL,OBX.OL,NOK,Oslo Børs,PRIMARY_DIRECT,Raw Materials & Energy,False,2026-04-13,368.6050109863281,2004.1500244140625,0.022572720352081133,0.00252616121744742,0.020046559134633712,0.3544989381293535,0.8256389904430226,-0.1850608106868038,2026-02-28,790,ok,-0.0008260834163516127,1.4688154504978062,0.5103016241030873,0.002884381210283506,0.01968833914179763,0.19442222083526967
CMP018,Equinor ASA,EQNR.OL,OBX.OL,NOK,Oslo Børs,PRIMARY_DIRECT,Raw Materials & Energy,False,2026-04-14,353.5079040527344,1986.1800537109373,-0.0409574110053369,-0.008966380003602281,-0.031991031001734616,0.29902216841409723,0.8092696175053176,-0.21705184168853842,2026-02-28,790,ok,-0.0008260834163516127,1.4688154504978062,0.5103016241030873,-0.013996040900677218,-0.02696137010465968,0.16746085073060998
CMP018,Equinor ASA,EQNR.OL,OBX.OL,NOK,Oslo Børs,PRIMARY_DIRECT,Raw Materials & Energy,False,2026-04-15,345.56719970703125,1972.3199462890625,-0.022462593494143146,-0.006978273392675982,-0.015484320101467164,0.2698427615051311,0.7966440394733032,-0.23253616179000558,2026-02-28,790,ok,-0.0008260834163516127,1.4688154504978062,0.5103016241030873,-0.011075879193311839,-0.011386714300831307,0.1560741364297787
CMP018,Equinor ASA,EQNR.OL,OBX.OL,NOK,Oslo Børs,PRIMARY_DIRECT,Raw Materials & Energy,False,2026-04-16,349.5865783691406,1970.0400390625,0.011631250493440826,-0.0011559520202856222,0.012787202513726448,0.28461262075147986,0.7945672051661399,-0.21974895927627913,2026-02-28,790,ok,-0.0008260834163516127,1.4688154504978062,0.5103016241030873,-0.0025239636037812877,0.014155214097222113,0.1702293505270008
CMP018,Equinor ASA,EQNR.OL,OBX.OL,NOK,Oslo Børs,PRIMARY_DIRECT,Raw Materials & Energy,False,2026-04-17,322.2352905273437,1916.030029296875,-0.07823895290658367,-0.027415691404590548,-0.05082326150199312,0.18410587441330173,0.7453679044645065,-0.27057222077827225,2026-02-28,790,ok,-0.0008260834163516127,1.4688154504978062,0.5103016241030873,-0.04109467453749411,-0.03714427836908956,0.13308507215791124
CMP018,Equinor ASA,EQNR.OL,OBX.OL,NOK,Oslo Børs,PRIMARY_DIRECT,Raw Materials & Energy,False,2026-04-20,329.4897766113281,1926.6700439453125,0.02251300927378974,0.005553156519338076,0.016959852754451665,0.21076366094511734,0.755060205621827,-0.2536123680238206,2026-02-28,790,ok,-0.0008260834163516127,1.4688154504978062,0.5103016241030873,0.007330478678284772,0.01518253059550497,0.14826760275341622
CMP018,Equinor ASA,EQNR.OL,OBX.OL,NOK,Oslo Børs,PRIMARY_DIRECT,Raw Materials & Energy,False,2026-04-21,338.1166687011719,1940.1800537109373,0.026182578951516877,0.007012103503700962,0.019170475447815916,0.2424645760894404,0.767366869438874,-0.23444189257600467,2026-02-28,790,ok,-0.0008260834163516127,1.4688154504978062,0.5103016241030873,0.00947340255037416,0.016709176401142715,0.16497677915455894
CMP018,Equinor ASA,EQNR.OL,OBX.OL,NOK,Oslo Børs,PRIMARY_DIRECT,Raw Materials & Energy,False,2026-04-22,342.7242431640625,1946.47998046875,0.013627173367672052,0.00324708356101433,0.010380089806657722,0.25939585627100237,0.7731056573469104,-0.22406180276934695,2026-02-28,790,ok,-0.0008260834163516127,1.4688154504978062,0.5103016241030873,0.003943283087123671,0.00968389028054838,0.17466066943510733
CMP018,Equinor ASA,EQNR.OL,OBX.OL,NOK,Oslo Børs,PRIMARY_DIRECT,Raw Materials & Energy,False,2026-04-23,347.6258850097656,1953.1300048828125,0.01430199918293118,0.003416436069617834,0.010885563113313346,0.2774077347783772,0.7791633594699139,-0.2131762396560336,2026-02-28,790,ok,-0.0008260834163516127,1.4688154504978062,0.5103016241030873,0.004192030668341061,0.01010996851459012,0.18477063794969745
CMP018,Equinor ASA,EQNR.OL,OBX.OL,NOK,Oslo Børs,PRIMARY_DIRECT,Raw Materials & Energy,False,2026-04-24,349.5865783691406,1939.1700439453125,0.00564023982080597,-0.0071474816845782385,0.012787721505384209,0.28461262075147986,0.76644682194423,-0.2003885181506494,2026-02-28,790,ok,-0.0008260834163516127,1.4688154504978062,0.5103016241030873,-0.011324414946810217,0.01696465476761619,0.20173529271731364
CMP018,Equinor ASA,EQNR.OL,OBX.OL,NOK,Oslo Børs,PRIMARY_DIRECT,Raw Materials & Energy,False,2026-04-27,348.9983825683594,1931.5,-0.00168254686299818,-0.003955323035883751,0.002272776172885571,0.28245119981626665,0.7594599541377303,-0.19811574197776383,2026-02-28,790,ok,-0.0008260834163516127,1.4688154504978062,0.5103016241030873,-0.006635723003167555,0.004953176140169375,0.20668846885748302
CMP018,Equinor ASA,EQNR.OL,OBX.OL,NOK,Oslo Børs,PRIMARY_DIRECT,Raw Materials & Energy,False,2026-04-28,354.39019775390625,1935.1800537109373,0.015449398779063817,0.0019052827910626124,0.013544115988001204,0.30226429981691694,0.7628122229099128,-0.18457162598976262,2026-02-28,790,ok,-0.0008260834163516127,1.4688154504978062,0.5103016241030873,0.0019724253847287357,0.013476973394335082,0.2201654422518181
CMP018,Equinor ASA,EQNR.OL,OBX.OL,NOK,Oslo Børs,PRIMARY_DIRECT,Raw Materials & Energy,False,2026-04-29,360.7623596191406,1940.760009765625,0.017980638024472917,0.002883429913401292,0.015097208111071625,0.32567984280411855,0.7678951684051607,-0.169474417878691,2026-02-28,790,ok,-0.0008260834163516127,1.4688154504978062,0.5103016241030873,0.0034091429908797563,0.01457149503359316,0.23473693728541128
CMP018,Equinor ASA,EQNR.OL,OBX.OL,NOK,Oslo Børs,PRIMARY_DIRECT,Raw Materials & Energy,False,2026-04-30,364.4876098632813,1963.6500244140625,0.010326050223403271,0.01179435609413737,-0.001468305870734099,0.3393688794410672,0.788746353558436,-0.1709427237494251,2026-02-28,790,ok,-0.0008260834163516127,1.4688154504978062,0.5103016241030873,0.016497649043390315,-0.006171598819987044,0.22856533846542423
CMP018,Equinor ASA,EQNR.OL,OBX.OL,NOK,Oslo Børs,PRIMARY_DIRECT,Raw Materials & Energy,False,2026-05-04,369.1932067871094,1974.550048828125,0.01291016977392756,0.00555089974208367,0.00735927003184389,0.3566603590645665,0.7986755052310566,-0.1635834537175812,2026-02-28,790,ok,-0.0008260834163516127,1.4688154504978062,0.5103016241030873,0.00732716388898517,0.0055830058849423905,0.23414834435036663
CMP018,Equinor ASA,EQNR.OL,OBX.OL,NOK,Oslo Børs,PRIMARY_DIRECT,Raw Materials & Energy,False,2026-05-05,375.7614440917969,1976.52001953125,0.017790785918970098,0.0009976808155833794,0.01679310510338672,0.3807964130774373,0.8004700092760852,-0.1467903486141945,2026-02-28,790,ok,-0.0008260834163516127,1.4688154504978062,0.5103016241030873,0.0006393255802425073,0.01715146033872759,0.25129980468909424
CMP018,Equinor ASA,EQNR.OL,OBX.OL,NOK,Oslo Børs,PRIMARY_DIRECT,Raw Materials & Energy,False,2026-05-06,343.018310546875,1945.0899658203125,-0.08713808736833273,-0.015901712808551016,-0.07123637455978171,0.260476454596815,0.7718394522681677,-0.2180267231739762,2026-02-28,790,ok,-0.0008260834163516127,1.4688154504978062,0.5103016241030873,-0.024182764878930205,-0.06295532248940253,0.18834448219969172
CMP018,Equinor ASA,EQNR.OL,OBX.OL,NOK,Oslo Børs,PRIMARY_DIRECT,Raw Materials & Energy,False,2026-05-07,332.3327331542969,1919.8499755859373,-0.03115162387553616,-0.012976258516520955,-0.018175365359015205,0.22121056617924562,0.7488476054857651,-0.2362020885329914,2026-02-28,790,ok,-0.0008260834163516127,1.4688154504978062,0.5103016241030873,-0.01988581241507133,-0.01126581146046483,0.1770786707392269
CMP018,Equinor ASA,EQNR.OL,OBX.OL,NOK,Oslo Børs,PRIMARY_DIRECT,Raw Materials & Energy,False,2026-05-08,331.646484375,1909.8599853515625,-0.0020649448905722956,-0.005203526505411338,0.003138581614839042,0.21868883366030079,0.7397474306166949,-0.23306350691815236,2026-02-28,790,ok,-0.0008260834163516127,1.4688154504978062,0.5103016241030873,-0.008469103544574641,0.006404158654002345,0.18348282939322924
CMP018,Equinor ASA,EQNR.OL,OBX.OL,NOK,Oslo Børs,PRIMARY_DIRECT,Raw Materials & Energy,False,2026-05-11,339.0970153808594,1917.1300048828125,0.022465279618145706,0.003806571993240526,0.01865870762490518,0.24606701907599127,0.7463699044613925,-0.21440479929324718,2026-02-28,790,ok,-0.0008260834163516127,1.4688154504978062,0.5103016241030873,0.004765068340752302,0.017700211277393404,0.20118304067062265
CMP018,Equinor ASA,EQNR.OL,OBX.OL,NOK,Oslo Børs,PRIMARY_DIRECT,Raw Materials & Energy,False,2026-05-12,344.39080810546875,1927.780029296875,0.015611440043680647,0.005555191555574046,0.0100562484881066,0.265519919634704,0.7560713238075651,-0.20434855080514058,2026-02-28,790,ok,-0.0008260834163516127,1.4688154504978062,0.5103016241030873,0.007333467770950489,0.008277972272730158,0.20946101294335281
CMP018,Equinor ASA,EQNR.OL,OBX.OL,NOK,Oslo Børs,PRIMARY_DIRECT,Raw Materials & Energy,False,2026-05-13,344.2958374023437,1930.1700439453125,-0.0002757643377518937,0.0012397756030853024,-0.0015155399408371961,0.2651709343721542,0.7582484581920994,-0.20586409074597778,2026-02-28,790,ok,-0.0008260834163516127,1.4688154504978062,0.5103016241030873,0.000994918144610315,-0.0012706824823622087,0.2081903304609906
CMP018,Equinor ASA,EQNR.OL,OBX.OL,NOK,Oslo Børs,PRIMARY_DIRECT,Raw Materials & Energy,False,2026-05-15,357.5684509277344,1963.02001953125,0.038550026121519254,0.01701921324962208,0.021530812871897176,0.31394330694038763,0.78817246364789,-0.1843332778740806,2026-02-28,790,ok,-0.0008260834163516127,1.4688154504978062,0.5103016241030873,0.024171999960010272,0.014378026161508982,0.2225683566224996
CMP018,Equinor ASA,EQNR.OL,OBX.OL,NOK,Oslo Børs,PRIMARY_DIRECT,Raw Materials & Energy,False,2026-05-18,361.5304260253906,1986.469970703125,0.011080326263059881,0.011945854315573712,-0.0008655280525138309,0.32850222747245095,0.8095337113897483,-0.18519880592659443,2026-02-28,790,ok,-0.0008260834163516127,1.4688154504978062,0.5103016241030873,0.016720171971758954,-0.005639845708699073,0.21692851091380053
CMP018,Equinor ASA,EQNR.OL,OBX.OL,NOK,Oslo Børs,PRIMARY_DIRECT,Raw Materials & Energy,False,2026-05-19,372.4258728027344,2005.3599853515625,0.030137011971928862,0.009509338136005852,0.02062767383592301,0.36853931500652237,0.8267411793198549,-0.16457113209067142,2026-02-28,790,ok,-0.0008260834163516127,1.4688154504978062,0.5103016241030873,0.01314137936182179,0.016995632610107073,0.2339241435239076
CMP018,Equinor ASA,EQNR.OL,OBX.OL,NOK,Oslo Børs,PRIMARY_DIRECT,Raw Materials & Energy,False,2026-05-20,366.0867004394531,2003.4599609375,-0.017021299609436547,-0.0009474729863673259,-0.01607382662306922,0.3452449972985032,0.8250103913993645,-0.18064495871374064,2026-02-28,790,ok,-0.0008260834163516127,1.4688154504978062,0.5103016241030873,-0.0022177463776572384,-0.014803553231779308,0.2191205902921283
CMP018,Equinor ASA,EQNR.OL,OBX.OL,NOK,Oslo Børs,PRIMARY_DIRECT,Raw Materials & Energy,False,2026-05-21,361.6294860839844,2001.760009765625,-0.01217529713622012,-0.0008485076842161821,-0.011326789452003938,0.3288662397353803,0.8234618560584877,-0.19197174816574458,2026-02-28,790,ok,-0.0008260834163516127,1.4688154504978062,0.5103016241030873,-0.002072384612794454,-0.010102912523425666,0.20901767776870264
CMP018,Equinor ASA,EQNR.OL,OBX.OL,NOK,Oslo Børs,PRIMARY_DIRECT,Raw Materials & Energy,False,2026-05-22,356.57794189453125,1985.77001953125,-0.013968839333748262,-0.007987965668395547,-0.005980873665352715,0.3103035207364746,0.8088961053546637,-0.1979526218310973,2026-02-28,790,ok,-0.0008260834163516127,1.4688154504978062,0.5103016241030873,-0.012558930808137027,-0.0014099085256112347,0.2076077692430914
CMP018,Equinor ASA,EQNR.OL,OBX.OL,NOK,Oslo Børs,PRIMARY_DIRECT,Raw Materials & Energy,False,2026-05-26,349.9416198730469,1989.8299560546875,-0.018611140067231857,0.00204451496573399,-0.020655655032965847,0.28591727838146097,0.8125944205135192,-0.21860827686406314,2026-02-28,790,ok,-0.0008260834163516127,1.4688154504978062,0.5103016241030873,0.0021769317540924647,-0.020788071821324323,0.18681969742176707
CMP018,Equinor ASA,EQNR.OL,OBX.OL,NOK,Oslo Børs,PRIMARY_DIRECT,Raw Materials & Energy,False,2026-05-27,335.67852783203125,1953.3299560546875,-0.04075849007668775,-0.0183432759613138,-0.02241521411537395,0.23350523175110882,0.779345500852102,-0.2410234909794371,2026-02-28,790,ok,-0.0008260834163516127,1.4688154504978062,0.5103016241030873,-0.027768970561074316,-0.012989519515613432,0.17383017790615363
CMP018,Equinor ASA,EQNR.OL,OBX.OL,NOK,Oslo Børs,PRIMARY_DIRECT,Raw Materials & Energy,False,2026-05-28,335.9756774902344,1959.8399658203125,0.0008852209288519042,0.0033327752668954602,-0.002447554338043556,0.2345971563981033,0.7852756595286037,-0.24347104531748065,2026-02-28,790,ok,-0.0008260834163516127,1.4688154504978062,0.5103016241030873,0.004069148388701389,-0.0031839274598494845,0.17064625044630413
CMP018,Equinor ASA,EQNR.OL,OBX.OL,NOK,Oslo Børs,PRIMARY_DIRECT,Raw Materials & Energy,False,2026-05-29,331.9146423339844,1942.510009765625,-0.012087289135291779,-0.008842536307516191,-0.0032447528277755877,0.2196742236031104,0.7694892946902971,-0.24671579814525624,2026-02-28,790,ok,-0.0008260834163516127,1.4688154504978062,0.5103016241030873,-0.013814137366419215,0.0017268482311274362,0.17237309867743156
CMP018,Equinor ASA,EQNR.OL,OBX.OL,NOK,Oslo Børs,PRIMARY_DIRECT,Raw Materials & Energy,False,2026-06-01,349.6445007324219,1953.239990234375,0.05341692151260102,0.005523771004940503,0.04789315050766052,0.28482546587626034,0.77926354834986,-0.19882264763759572,2026-02-28,790,ok,-0.0008260834163516127,1.4688154504978062,0.5103016241030873,0.007287316780716792,0.04612960473188423,0.2185027034093158
CMP018,Equinor ASA,EQNR.OL,OBX.OL,NOK,Oslo Børs,PRIMARY_DIRECT,Raw Materials & Energy,False,2026-06-02,347.1682434082031,1954.5400390625,-0.007082214417877486,0.0006655858136352943,-0.00774780023151278,0.27572605643737536,0.78044780092636,-0.2065704478691085,2026-02-28,790,ok,-0.0008260834163516127,1.4688154504978062,0.5103016241030873,0.00015153931034806107,-0.007233753728225547,0.21126894968109025
CMP018,Equinor ASA,EQNR.OL,OBX.OL,NOK,Oslo Børs,PRIMARY_DIRECT,Raw Materials & Energy,False,2026-06-03,353.8045654296875,1960.260009765625,0.01911557911038919,0.0029265047473105987,0.016189074363078593,0.30011229879238877,0.7856582898681097,-0.1903813735060299,2026-02-28,790,ok,-0.0008260834163516127,1.4688154504978062,0.5103016241030873,0.003472411972453372,0.01564316713793582,0.22691211681902607
CMP018,Equinor ASA,EQNR.OL,OBX.OL,NOK,Oslo Børs,PRIMARY_DIRECT,Raw Materials & Energy,False,2026-06-04,348.554931640625,1948.6800537109373,-0.014837665485426754,-0.005907357185780837,-0.008930308299645917,0.28082166740941816,0.7751097685381083,-0.19931168180567582,2026-02-28,790,ok,-0.0008260834163516127,1.4688154504978062,0.5103016241030873,-0.009502900922435746,-0.0053347645629910085,0.22157735225603506
CMP018,Equinor ASA,EQNR.OL,OBX.OL,NOK,Oslo Børs,PRIMARY_DIRECT,Raw Materials & Energy,False,2026-06-05,350.6349792480469,1949.4200439453125,0.00596763212510365,0.00037973921525291665,0.0055878929098507335,0.2884651399383795,0.7757838473286007,-0.1937237888958251,2026-02-28,790,ok,-0.0008260834163516127,1.4688154504978062,0.5103016241030873,-0.00026831658982821654,0.006235948714931867,0.22781330097096691
CMP018,Equinor ASA,EQNR.OL,OBX.OL,NOK,Oslo Børs,PRIMARY_DIRECT,Raw Materials & Energy,False,2026-06-08,352.4178771972656,1938.239990234375,0.005084769217954976,-0.005735066562828073,0.01081983578078305,0.2950166878203462,0.7655996087629762,-0.18290395311504204,2026-02-28,790,ok,-0.0008260834163516127,1.4688154504978062,0.5103016241030873,-0.009249837793466834,0.01433460701142181,0.24214790798238872
CMP018,Equinor ASA,EQNR.OL,OBX.OL,NOK,Oslo Børs,PRIMARY_DIRECT,Raw Materials & Energy,False,2026-06-09,342.9091491699219,1937.02001953125,-0.02698140089533896,-0.0006294219030005266,-0.026351978992338432,0.2600753234001114,0.7644883016972917,-0.20925593210738047,2026-02-28,790,ok,-0.0008260834163516127,1.4688154504978062,0.5103016241030873,-0.0017505880323605177,-0.02523081286297844,0.2169170951194103
CMP018,Equinor ASA,EQNR.OL,OBX.OL,NOK,Oslo Børs,PRIMARY_DIRECT,Raw Materials & Energy,False,2026-06-10,349.34735107421875,1928.050048828125,0.018775240963624817,-0.004630809497413346,0.023406050461038164,0.2837335412292661,0.756317292511717,-0.1858498816463423,2026-02-28,790,ok,-0.0008260834163516127,1.4688154504978062,0.5103016241030873,-0.0076278879544643165,0.026403128918089134,0.24332022403749942
CMP018,Equinor ASA,EQNR.OL,OBX.OL,NOK,Oslo Børs,PRIMARY_DIRECT,Raw Materials & Energy,False,2026-06-11,361.7285461425781,1952.4100341796875,0.035440930152434325,0.01263451919537495,0.022806410957059375,0.3292302519983097,0.7785075170571252,-0.16304347068928293,2026-02-28,790,ok,-0.0008260834163516127,1.4688154504978062,0.5103016241030873,0.017731693587426225,0.0177092365650081,0.26102946060250753
CMP018,Equinor ASA,EQNR.OL,OBX.OL,NOK,Oslo Børs,PRIMARY_DIRECT,Raw Materials & Energy,False,2026-06-12,345.0882263183594,1942.6300048828125,-0.04600223012993798,-0.00500920868345367,-0.04099302144648431,0.26808269605020807,0.769598601759095,-0.20403649213576724,2026-02-28,790,ok,-0.0008260834163516127,1.4688154504978062,0.5103016241030873,-0.008183686525376137,-0.03781854360456184,0.2232109169979457
CMP018,Equinor ASA,EQNR.OL,OBX.OL,NOK,Oslo Børs,PRIMARY_DIRECT,Raw Materials & Energy,False,2026-06-15,322.60400390625,1907.219970703125,-0.06515499717850903,-0.018227883894866292,-0.04692711328364274,0.18546077156694074,0.7373425639057125,-0.25096360541941,2026-02-28,790,ok,-0.0008260834163516127,1.4688154504978062,0.5103016241030873,-0.02759948091101135,-0.03755551626749769,0.185655400730448
CMP018,Equinor ASA,EQNR.OL,OBX.OL,NOK,Oslo Børs,PRIMARY_DIRECT,Raw Materials & Energy,False,2026-06-16,320.7220458984375,1897.1600341796875,-0.005833647397505359,-0.005274659807452009,-0.0005589875900533503,0.1785452114220445,0.7281786729121034,-0.25152259300946334,2026-02-28,790,ok,-0.0008260834163516127,1.4688154504978062,0.5103016241030873,-0.008573585237656906,0.002739937840151547,0.18839533857059956
CMP018,Equinor ASA,EQNR.OL,OBX.OL,NOK,Oslo Børs,PRIMARY_DIRECT,Raw Materials & Energy,False,2026-06-17,319.8305969238281,1898.3800048828125,-0.0027795063856996816,0.0006430510242392273,-0.003422557409938909,0.17526943748106105,0.7292899799777879,-0.25494515041940224,2026-02-28,790,ok,-0.0008260834163516127,1.4688154504978062,0.5103016241030873,0.00011843986350940365,-0.002897946249209085,0.18549739232139048
CMP018,Equinor ASA,EQNR.OL,OBX.OL,NOK,Oslo Børs,PRIMARY_DIRECT,Raw Materials & Energy,False,2026-06-18,309.2323303222656,1873.27001953125,-0.03313712541419733,-0.013227059538647334,-0.019910065875549998,0.13632438673577796,0.7064165584530355,-0.27485521629495224,2026-02-28,790,ok,-0.0008260834163516127,1.4688154504978062,0.5103016241030873,-0.0202541928313712,-0.012882932582826134,0.17261445973856435
CMP018,Equinor ASA,EQNR.OL,OBX.OL,NOK,Oslo Børs,PRIMARY_DIRECT,Raw Materials & Energy,False,2026-06-19,313.39239501953125,1893.4200439453125,0.013452877624180681,0.010756604335719233,0.002696273288461448,0.1516112196519066,0.7247718062042345,-0.2721589430064908,2026-02-28,790,ok,-0.0008260834163516127,1.4688154504978062,0.5103016241030873,0.014973383226844486,-0.0015205056026638044,0.17109395413590053
CMP018,Equinor ASA,EQNR.OL,OBX.OL,NOK,Oslo Børs,PRIMARY_DIRECT,Raw Materials & Energy,False,2026-06-22,313.491455078125,1886.4200439453125,0.0003160895419545007,-0.0036970137832776917,0.004013103325232192,0.15197523191483597,0.7183953010636888,-0.2681458396812586,2026-02-28,790,ok,-0.0008260834163516127,1.4688154504978062,0.5103016241030873,-0.006256314381933234,0.006572403923887735,0.17766635805978825
CMP018,Equinor ASA,EQNR.OL,OBX.OL,NOK,Oslo Børs,PRIMARY_DIRECT,Raw Materials & Energy,False,2026-06-23,315.7695617675781,1884.8699951171875,0.007266886074726919,-0.0008216880609915878,0.008088574135718507,0.16034650468606815,0.7169833161607406,-0.2600572655455401,2026-02-28,790,ok,-0.0008260834163516127,1.4688154504978062,0.5103016241030873,-0.0020329915358256404,0.00929987761055256,0.18696623567034082
CMP018,Equinor ASA,EQNR.OL,OBX.OL,NOK,Oslo Børs,PRIMARY_DIRECT,Raw Materials & Energy,False,2026-06-24,308.1427917480469,1865.8199462890625,-0.024152961345732638,-0.01010682374777827,-0.014046137597954367,0.13232070041072963,0.6996300684064283,-0.27410340314349446,2026-02-28,790,ok,-0.0008260834163516127,1.4688154504978062,0.5103016241030873,-0.01567114229254648,-0.008481819053186158,0.17848441661715467
CMP018,Equinor ASA,EQNR.OL,OBX.OL,NOK,Oslo Børs,PRIMARY_DIRECT,Raw Materials & Energy,False,2026-06-25,305.8646240234375,1853.6500244140625,-0.0073932208885552075,-0.006522559638835856,-0.0008706612497193511,0.12394920335590953,0.6885441299212887,-0.2749740643932138,2026-02-28,790,ok,-0.0008260834163516127,1.4688154504978062,0.5103016241030873,-0.01040651979066711,0.003013298902111902,0.18149771551926658
CMP018,Equinor ASA,EQNR.OL,OBX.OL,NOK,Oslo Børs,PRIMARY_DIRECT,Raw Materials & Energy,False,2026-06-26,306.16180419921875,1836.68994140625,0.0009716068889302765,-0.00914956048036819,0.010121167369298467,0.12504124014469786,0.6730946932808031,-0.26485289702391535,2026-02-28,790,ok,-0.0008260834163516127,1.4688154504978062,0.5103016241030873,-0.01426509921518054,0.015236706104110816,0.1967344216233774
CMP018,Equinor ASA,EQNR.OL,OBX.OL,NOK,Oslo Børs,PRIMARY_DIRECT,Raw Materials & Energy,False,2026-06-29,308.0437316894531,1841.489990234375,0.006146839561377293,0.0026134235942130157,0.0035334159671642773,0.13195668814780026,0.6774671984275757,-0.26131948105675107,2026-02-28,790,ok,-0.0008260834163516127,1.4688154504978062,0.5103016241030873,0.0030125535375239735,0.0031342860238533195,0.19986870764723072
CMP018,Equinor ASA,EQNR.OL,OBX.OL,NOK,Oslo Børs,PRIMARY_DIRECT,Raw Materials & Energy,False,2026-06-30,310.5199584960937,1841.3499755859373,0.008038556061698676,-7.603334755024171e-05,0.008114589409248918,0.14105598544489117,0.6773396549810735,-0.25320489164750215,2026-02-28,790,ok,-0.0008260834163516127,1.4688154504978062,0.5103016241030873,-0.0009377623719864773,0.008976318433685154,0.20884502608091587
CMP018,Equinor ASA,EQNR.OL,OBX.OL,NOK,Oslo Børs,PRIMARY_DIRECT,Raw Materials & Energy,False,2026-07-01,307.5484924316406,1835.8499755859373,-0.009569323913491523,-0.0029869389702790183,-0.006582384943212505,0.13013685111674067,0.6723295437992163,-0.25978727659071466,2026-02-28,790,ok,-0.0008260834163516127,1.4688154504978062,0.5103016241030873,-0.005213345525591442,-0.004355978387900081,0.2044890476930158
CMP018,Equinor ASA,EQNR.OL,OBX.OL,NOK,Oslo Børs,PRIMARY_DIRECT,Raw Materials & Energy,False,2026-07-02,311.4114074707031,1864.5899658203125,0.012560344576948657,0.01565486865298049,-0.003094524076031835,0.14433175938587461,0.6985096431518918,-0.2628818006667465,2026-02-28,790,ok,-0.0008260834163516127,1.4688154504978062,0.5103016241030873,0.022168029536659913,-0.009607684959711257,0.19488136273330453
CMP018,Equinor ASA,EQNR.OL,OBX.OL,NOK,Oslo Børs,PRIMARY_DIRECT,Raw Materials & Energy,False,2026-07-03,315.17529296875,1876.8900146484373,0.012086536998170194,0.006596650766976353,0.005489886231193841,0.15816276753387326,0.7097141180921065,-0.25739191443555265,2026-02-28,790,ok,-0.0008260834163516127,1.4688154504978062,0.5103016241030873,0.008863179151721457,0.003223357846448737,0.19810472057975326
CMP018,Equinor ASA,EQNR.OL,OBX.OL,NOK,Oslo Børs,PRIMARY_DIRECT,Raw Materials & Energy,False,2026-07-06,313.491455078125,1871.510009765625,-0.005342544064175558,-0.0028664465369965253,-0.002476097527179033,0.15197523191483597,0.7048133139790473,-0.2598680119627317,2026-02-28,790,ok,-0.0008260834163516127,1.4688154504978062,0.5103016241030873,-0.00503636437791804,-0.000306179686257518,0.19779854089349574
CMP018,Equinor ASA,EQNR.OL,OBX.OL,NOK,Oslo Børs,PRIMARY_DIRECT,Raw Materials & Energy,False,2026-07-07,323.1982727050781,1881.4599609375,0.030963579611872127,0.00531653644381036,0.025647043168061767,0.18764450871913585,0.7138770160927101,-0.23422096879466991,2026-02-28,790,ok,-0.0008260834163516127,1.4688154504978062,0.5103016241030873,0.006982927455451706,0.023980652156420423,0.22177919304991617
CMP018,Equinor ASA,EQNR.OL,OBX.OL,NOK,Oslo Børs,PRIMARY_DIRECT,Raw Materials & Energy,False,2026-07-08,333.10321044921875,1891.8499755859373,0.030646629578924056,0.0055223150447805125,0.025124314534143544,0.22404181004929447,0.7233415849235825,-0.20909665426052637,2026-02-28,790,ok,-0.0008260834163516127,1.4688154504978062,0.5103016241030873,0.007285178243938487,0.02336145133498557,0.24514064438490174
CMP018,Equinor ASA,EQNR.OL,OBX.OL,NOK,Oslo Børs,PRIMARY_DIRECT,Raw Materials & Energy,False,2026-07-09,330.6269836425781,1872.8399658203125,-0.007433812491033032,-0.010048370648278793,0.002614558157245761,0.21494251275220333,0.7060248099246782,-0.2064820961032806,2026-02-28,790,ok,-0.0008260834163516127,1.4688154504978062,0.5103016241030873,-0.01558528547687216,0.008151472985839129,0.25329211737074087
CMP018,Equinor ASA,EQNR.OL,OBX.OL,NOK,Oslo Børs,PRIMARY_DIRECT,Raw Materials & Energy,False,2026-07-10,326.3678894042969,1867.22998046875,-0.01288187125974427,-0.002995442992431707,-0.009886428267312564,0.19929177971493917,0.7009145098628746,-0.21636852437059317,2026-02-28,790,ok,-0.0008260834163516127,1.4688154504978062,0.5103016241030873,-0.005225836364720688,-0.007656034895023583,0.24563608247571728
CMP018,Equinor ASA,EQNR.OL,OBX.OL,NOK,Oslo Børs,PRIMARY_DIRECT,Raw Materials & Energy,False,2026-07-13,342.4139099121094,1885.969970703125,0.04916543884602276,0.010036251790296546,0.03912918705572621,0.2582554863690518,0.7179853161576273,-0.17723933731486696,2026-02-28,790,ok,-0.0008260834163516127,1.4688154504978062,0.5103016241030873,0.013915318278322222,0.035250120567700535,0.2808862030434178
CMP018,Equinor ASA,EQNR.OL,OBX.OL,NOK,Oslo Børs,PRIMARY_DIRECT,Raw Materials & Energy,False,2026-07-14,347.3663635253906,1902.010009765625,0.014463354057527855,0.008504928133357348,0.005958425924170507,0.2764540809632343,0.732596657805711,-0.17128091139069646,2026-02-28,790,ok,-0.0008260834163516127,1.4688154504978062,0.5103016241030873,0.011666086431297126,0.0027972676262307296,0.28368347066964855
CMP018,Equinor ASA,EQNR.OL,OBX.OL,NOK,Oslo Børs,PRIMARY_DIRECT,Raw Materials & Energy,False,2026-07-15,345.4844055175781,1900.050048828125,-0.005417789991848054,-0.0010304682559171274,-0.004387321735930927,0.26953852081833807,0.7308112719495341,-0.17566823312662738,2026-02-28,790,ok,-0.0008260834163516127,1.4688154504978062,0.5103016241030873,-0.0023396511118902166,-0.0030781388799578377,0.2806053317896907
CMP018,Equinor ASA,EQNR.OL,OBX.OL,NOK,Oslo Børs,PRIMARY_DIRECT,Raw Materials & Energy,False,2026-07-16,341.6214904785156,1878.6300048828125,-0.011181156015639515,-0.011273410381228421,9.225436558890632e-05,0.2553436125492041,0.711299126188391,-0.17557597876103848,2026-02-28,790,ok,-0.0008260834163516127,1.4688154504978062,0.5103016241030873,-0.01738464276410228,0.006203486748462765,0.2868088185381535
CMP018,Equinor ASA,EQNR.OL,OBX.OL,NOK,Oslo Børs,PRIMARY_DIRECT,Raw Materials & Energy,False,2026-07-17,354.7950744628906,1895.4000244140625,0.038561929947447116,0.008926728247532711,0.029635201699914404,0.3037520849963018,0.726575428438115,-0.14594077706112407,2026-02-28,790,ok,-0.0008260834163516127,1.4688154504978062,0.5103016241030873,0.012285632956019638,0.02627629699142748,0.31308511552958096
