company_id,company_name,market_data_ticker,benchmark_ticker,trade_currency,primary_listing_exchange,analysis_tier,role_category,is_confirmatory,Date,company_price,benchmark_price,company_return,benchmark_return,abnormal_return,company_cumulative_return,benchmark_cumulative_return,cumulative_abnormal_return,ols_event_date,ols_estimation_window_observations,ols_status,ols_alpha,ols_beta,ols_r_squared,market_model_expected_return,market_model_abnormal_return,market_model_cumulative_abnormal_return
CMP037,RWE AG,RWE.DE,^GDAXI,EUR,Xetra,PRIMARY_DIRECT,Raw Materials & Energy,False,2023-01-02,37.46467208862305,14069.259765625,0.0,0.0,0.0,0.0,0.0,0.0,2026-02-28,803,ok,0.00016347536019901322,0.49653765832650265,0.09724682453571942,0.00016347536019901322,-0.00016347536019901322,-0.00016347536019901322
CMP037,RWE AG,RWE.DE,^GDAXI,EUR,Xetra,PRIMARY_DIRECT,Raw Materials & Energy,False,2023-01-03,35.69007873535156,14181.669921875,-0.04736711291836926,0.007989770472832447,-0.055356883391201706,-0.04736711291836926,0.007989770472832447,-0.055356883391201706,2026-02-28,803,ok,0.00016347536019901322,0.49653765832650265,0.09724682453571942,0.00413069728134547,-0.05149781019971473,-0.05166128555991374
CMP037,RWE AG,RWE.DE,^GDAXI,EUR,Xetra,PRIMARY_DIRECT,Raw Materials & Energy,False,2023-01-04,34.83430480957031,14490.7802734375,-0.023977922047383804,0.02179647060362777,-0.045774392651011575,-0.07020927002458677,0.029960389873701088,-0.10113127604221328,2026-02-28,803,ok,0.00016347536019901322,0.49653765832650265,0.09724682453571942,0.010986243833506798,-0.0349641658808906,-0.08662545144080434
CMP037,RWE AG,RWE.DE,^GDAXI,EUR,Xetra,PRIMARY_DIRECT,Raw Materials & Energy,False,2023-01-05,35.0324821472168,14436.3095703125,0.005689142893187116,-0.003758990344008506,0.009448133237195622,-0.06491955770099589,0.02608877871345472,-0.09168314280501766,2026-02-28,803,ok,0.00016347536019901322,0.49653765832650265,0.09724682453571942,-0.0017030049028869051,0.007392147796074021,-0.07923330364473033
CMP037,RWE AG,RWE.DE,^GDAXI,EUR,Xetra,PRIMARY_DIRECT,Raw Materials & Energy,False,2023-01-06,35.2576904296875,14610.01953125,0.0064285562617090175,0.012032850922975902,-0.005604294661266884,-0.05890834046845295,0.0384355520214521,-0.09728743746628454,2026-02-28,803,ok,0.00016347536019901322,0.49653765832650265,0.09724682453571942,0.006138238980485364,0.00029031728122365374,-0.07894298636350668
CMP037,RWE AG,RWE.DE,^GDAXI,EUR,Xetra,PRIMARY_DIRECT,Raw Materials & Energy,False,2023-01-09,35.19462966918945,14792.830078125,-0.001788567536033181,0.0125126832639737,-0.014301250800006882,-0.06059154645912268,0.05142916717394619,-0.11158868826629142,2026-02-28,803,ok,0.00016347536019901322,0.49653765832650265,0.09724682453571942,0.006376493807473735,-0.008165061343506915,-0.0871080477070136
CMP037,RWE AG,RWE.DE,^GDAXI,EUR,Xetra,PRIMARY_DIRECT,Raw Materials & Energy,False,2023-01-10,35.53694152832031,14774.599609375,0.00972625262286897,-0.0012323854633440323,0.010958638086213002,-0.05145462252392541,0.05013340115258513,-0.10063005018007842,2026-02-28,803,ok,0.00016347536019901322,0.49653765832650265,0.09724682453571942,-0.00044845043192545447,0.010174703054794424,-0.07693334465221917
CMP037,RWE AG,RWE.DE,^GDAXI,EUR,Xetra,PRIMARY_DIRECT,Raw Materials & Energy,False,2023-01-11,36.39270782470703,14947.91015625,0.024081033977128685,0.01173030413392917,0.012350729843199515,-0.028612669060075757,0.06245178532930251,-0.08827932033687891,2026-02-28,803,ok,0.00016347536019901322,0.49653765832650265,0.09724682453571942,0.0059880131063178976,0.018093020870810786,-0.05884032378140838
CMP037,RWE AG,RWE.DE,^GDAXI,EUR,Xetra,PRIMARY_DIRECT,Raw Materials & Energy,False,2023-01-12,37.7529296875,15058.2998046875,0.0373762202401855,0.007384955307036201,0.029991264933149298,0.007694117759660779,0.07029794427984015,-0.05828805540372961,2026-02-28,803,ok,0.00016347536019901322,0.49653765832650265,0.09724682453571942,0.0038303837752006464,0.03354583646498485,-0.02529448731642353
CMP037,RWE AG,RWE.DE,^GDAXI,EUR,Xetra,PRIMARY_DIRECT,Raw Materials & Energy,False,2023-01-13,38.11325454711914,15086.51953125,0.009544288684394386,0.0018740313932197328,0.007670257291174654,0.0173118413251252,0.07230371622751908,-0.05061779811255496,2026-02-28,803,ok,0.00016347536019901322,0.49653765832650265,0.09724682453571942,0.0010940025198186926,0.008450286164575695,-0.016844201151847836
CMP037,RWE AG,RWE.DE,^GDAXI,EUR,Xetra,PRIMARY_DIRECT,Raw Materials & Energy,False,2023-01-16,37.54574203491211,15134.0400390625,-0.014890161413673497,0.0031498655282331534,-0.01804002694190665,0.002163903799752731,0.07568132873906053,-0.06865782505446161,2026-02-28,803,ok,0.00016347536019901322,0.49653765832650265,0.09724682453571942,0.0017275022136312753,-0.016617663627304772,-0.03346186477915261
CMP037,RWE AG,RWE.DE,^GDAXI,EUR,Xetra,PRIMARY_DIRECT,Raw Materials & Energy,False,2023-01-17,37.2664909362793,15187.0703125,-0.007437623642466584,0.003504039456789121,-0.010941663099255705,-0.005289814144774918,0.07945055855789351,-0.07959948815371731,2026-02-28,803,ok,0.00016347536019901322,0.49653765832650265,0.09724682453571942,0.0019033629067567537,-0.009340986549223338,-0.04280285132837595
CMP037,RWE AG,RWE.DE,^GDAXI,EUR,Xetra,PRIMARY_DIRECT,Raw Materials & Energy,False,2023-01-18,36.8341064453125,15181.7998046875,-0.011602500801755511,-0.00034703913948186393,-0.011255461662273647,-0.016830939873674566,0.07907594696493847,-0.09085494981599096,2026-02-28,803,ok,0.00016347536019901322,0.49653765832650265,0.09724682453571942,-8.842641466956031e-06,-0.011593658160288555,-0.0543965094886645
CMP037,RWE AG,RWE.DE,^GDAXI,EUR,Xetra,PRIMARY_DIRECT,Raw Materials & Energy,False,2023-01-19,36.87013626098633,14920.3603515625,0.0009781645097681757,-0.017220583625683017,0.018198748135451193,-0.015869238791956897,0.06049362938176572,-0.07265620168053977,2026-02-28,803,ok,0.00016347536019901322,0.49653765832650265,0.09724682453571942,-0.008387192908313348,0.009365357418081524,-0.045031152070582975
CMP037,RWE AG,RWE.DE,^GDAXI,EUR,Xetra,PRIMARY_DIRECT,Raw Materials & Energy,False,2023-01-20,37.53673553466797,15033.5595703125,0.01807965310903925,0.007586895764092327,0.010492757344946924,0.001923503984619268,0.06853948400636911,-0.06216344433559284,2026-02-28,803,ok,0.00016347536019901322,0.49653765832650265,0.09724682453571942,0.00393065481686868,0.014148998292170572,-0.030882153778412403
CMP037,RWE AG,RWE.DE,^GDAXI,EUR,Xetra,PRIMARY_DIRECT,Raw Materials & Energy,False,2023-01-23,37.54574203491211,15102.9501953125,0.00023993829287105584,0.0046157149060710445,-0.004375776613199989,0.002163903799752731,0.07347155763042279,-0.06653922094879283,2026-02-28,803,ok,0.00016347536019901322,0.49653765832650265,0.09724682453571942,0.002455351631162263,-0.002215413338291207,-0.03309756711670361
CMP037,RWE AG,RWE.DE,^GDAXI,EUR,Xetra,PRIMARY_DIRECT,Raw Materials & Energy,False,2023-01-24,37.9691276550293,15093.1103515625,0.011276528233840732,-0.0006515179897139678,0.0119280462235547,0.013464833355886663,0.07277217159918026,-0.05461117472523813,2026-02-28,803,ok,0.00016347536019901322,0.49653765832650265,0.09724682453571942,-0.00016002785677115077,0.011436556090611883,-0.02166101102609173
CMP037,RWE AG,RWE.DE,^GDAXI,EUR,Xetra,PRIMARY_DIRECT,Raw Materials & Energy,False,2023-01-25,38.509613037109375,15081.6396484375,0.014234864361138078,-0.0007599959755023589,0.014994860336640436,0.027891367793491106,0.07195686906613386,-0.039616314388597695,2026-02-28,803,ok,0.00016347536019901322,0.49653765832650265,0.09724682453571942,-0.00021389126181449412,0.014448755622952572,-0.007212255403139158
CMP037,RWE AG,RWE.DE,^GDAXI,EUR,Xetra,PRIMARY_DIRECT,Raw Materials & Energy,False,2023-01-26,37.707889556884766,15132.849609375,-0.02081878827117889,0.003395516809261867,-0.024214305080440757,0.006491915041626051,0.07559671663385159,-0.06383061946903845,2026-02-28,803,ok,0.00016347536019901322,0.49653765832650265,0.09724682453571942,0.0018494773254781785,-0.022668265596657067,-0.029880520999796226
CMP037,RWE AG,RWE.DE,^GDAXI,EUR,Xetra,PRIMARY_DIRECT,Raw Materials & Energy,False,2023-01-27,37.07732391357422,15150.0302734375,-0.016722379605978666,0.0011353224611350132,-0.01785770206711368,-0.010339024832048405,0.07681786574536908,-0.08168832153615213,2026-02-28,803,ok,0.00016347536019901322,0.49653765832650265,0.09724682453571942,0.0007272057164964745,-0.01744958532247514,-0.047330106322271366
CMP037,RWE AG,RWE.DE,^GDAXI,EUR,Xetra,PRIMARY_DIRECT,Raw Materials & Energy,False,2023-01-30,36.87914276123047,15126.080078125,-0.005345077028905965,-0.0015808678187588798,-0.0037642092101470848,-0.015628838976823323,0.07511555903474765,-0.08545253074629922,2026-02-28,803,ok,0.00016347536019901322,0.49653765832650265,0.09724682453571942,-0.000621485044651247,-0.004723591984254718,-0.052053698306526085
CMP037,RWE AG,RWE.DE,^GDAXI,EUR,Xetra,PRIMARY_DIRECT,Raw Materials & Energy,False,2023-01-31,36.75303268432617,15128.26953125,-0.003419550115922765,0.0001447468950113162,-0.003564297010934081,-0.018994945494611115,0.07527117867369637,-0.0890168277572333,2026-02-28,803,ok,0.00016347536019901322,0.49653765832650265,0.09724682453571942,0.0002353476444979643,-0.0036548977604207293,-0.055708596066946815
CMP037,RWE AG,RWE.DE,^GDAXI,EUR,Xetra,PRIMARY_DIRECT,Raw Materials & Energy,False,2023-02-01,36.63592529296875,15180.740234375,-0.0031863327405731168,0.0034683876445096296,-0.006654720385082746,-0.022120754018449373,0.07900063594430562,-0.09567154814231604,2026-02-28,803,ok,0.00016347536019901322,0.49653765832650265,0.09724682453571942,0.0018856604393723989,-0.005071993179945515,-0.06078058924689233
CMP037,RWE AG,RWE.DE,^GDAXI,EUR,Xetra,PRIMARY_DIRECT,Raw Materials & Energy,False,2023-02-02,36.82509994506836,15509.1904296875,0.005163637893319972,0.02163598021187152,-0.016472342318551547,-0.01707133968880792,0.1023458723521935,-0.11214389046086759,2026-02-28,803,ok,0.00016347536019901322,0.49653765832650265,0.09724682453571942,0.010906554310200246,-0.005742916416880274,-0.0665235056637726
CMP037,RWE AG,RWE.DE,^GDAXI,EUR,Xetra,PRIMARY_DIRECT,Raw Materials & Energy,False,2023-02-03,36.46477508544922,15476.4296875,-0.009784762571089622,-0.0021123437961526603,-0.007672418774936962,-0.026689063254272116,0.10001733888751585,-0.11981630923580455,2026-02-28,803,ok,0.00016347536019901322,0.49653765832650265,0.09724682453571942,-0.0008853828819231439,-0.008899379689166478,-0.07542288535293908
CMP037,RWE AG,RWE.DE,^GDAXI,EUR,Xetra,PRIMARY_DIRECT,Raw Materials & Energy,False,2023-02-06,36.73501205444336,15345.91015625,0.00741090458835636,-0.008433439358136896,0.015844343946493256,-0.019475948767245788,0.09074040936710892,-0.1039719652893113,2026-02-28,803,ok,0.00016347536019901322,0.49653765832650265,0.09724682453571942,-0.004024044870328845,0.011434949458685204,-0.06398793589425388
CMP037,RWE AG,RWE.DE,^GDAXI,EUR,Xetra,PRIMARY_DIRECT,Raw Materials & Energy,False,2023-02-07,36.45576477050781,15320.8798828125,-0.007601665776553634,-0.0016310712875707845,-0.00597059448898285,-0.026929564890589508,0.08896133400319695,-0.10994255977829415,2026-02-28,803,ok,0.00016347536019901322,0.49653765832650265,0.09724682453571942,-0.0006464129574949777,-0.006955252819058656,-0.07094318871331254
CMP037,RWE AG,RWE.DE,^GDAXI,EUR,Xetra,PRIMARY_DIRECT,Raw Materials & Energy,False,2023-02-08,36.581878662109375,15412.0498046875,0.0034593676033258802,0.005950697516875492,-0.0024913299135496114,-0.023563356551617787,0.09544141350942326,-0.11243388969184376,2026-02-28,803,ok,0.00016347536019901322,0.49653765832650265,0.09724682453571942,0.003118220770637704,0.0003411468326881763,-0.07060204188062436
CMP037,RWE AG,RWE.DE,^GDAXI,EUR,Xetra,PRIMARY_DIRECT,Raw Materials & Energy,False,2023-02-09,36.09543991088867,15523.419921875,-0.013297259982564702,0.00722617163835193,-0.020523431620916632,-0.036547288456053706,0.10335726118320121,-0.1329573213127604,2026-02-28,803,ok,0.00016347536019901322,0.49653765832650265,0.09724682453571942,0.0037515417041716678,-0.01704880168673637,-0.08765084356736072
CMP037,RWE AG,RWE.DE,^GDAXI,EUR,Xetra,PRIMARY_DIRECT,Raw Materials & Energy,False,2023-02-10,35.8702392578125,15307.98046875,-0.006239033341389977,-0.013878349887411767,0.0076393165460217904,-0.04255830204622901,0.08804448306168444,-0.1253180047667386,2026-02-28,803,ok,0.00016347536019901322,0.49653765832650265,0.09724682453571942,-0.006727647994332307,0.0004886146529423305,-0.08716222891441838
CMP037,RWE AG,RWE.DE,^GDAXI,EUR,Xetra,PRIMARY_DIRECT,Raw Materials & Energy,False,2023-02-13,35.8702392578125,15397.33984375,0.0,0.0058374372231804195,-0.0058374372231804195,-0.04255830204622901,0.09439587442758479,-0.13115544198991902,2026-02-28,803,ok,0.00016347536019901322,0.49653765832650265,0.09724682453571942,0.0030619827696249805,-0.0030619827696249805,-0.09022421168404336
CMP037,RWE AG,RWE.DE,^GDAXI,EUR,Xetra,PRIMARY_DIRECT,Raw Materials & Energy,False,2023-02-14,35.527931213378906,15380.5595703125,-0.009542954034214901,-0.0010898163973637187,-0.008453137636851182,-0.05169512416024247,0.09320318385842641,-0.1396085796267702,2026-02-28,803,ok,0.00016347536019901322,0.49653765832650265,0.09724682453571942,-0.00037765952175379297,-0.009165294512461107,-0.09938950619650447
CMP037,RWE AG,RWE.DE,^GDAXI,EUR,Xetra,PRIMARY_DIRECT,Raw Materials & Energy,False,2023-02-15,35.28470993041992,15506.33984375,-0.006845917413491054,0.008177873689347415,-0.015023791102838469,-0.058187141023052336,0.10214326141281305,-0.15463237072960867,2026-02-28,803,ok,0.00016347536019901322,0.49653765832650265,0.09724682453571942,0.004224097611997496,-0.01107001502548855,-0.11045952122199301
CMP037,RWE AG,RWE.DE,^GDAXI,EUR,Xetra,PRIMARY_DIRECT,Raw Materials & Energy,False,2023-02-16,35.23066329956055,15533.6396484375,-0.0015317294931984637,0.0017605576146650925,-0.0032922871078635563,-0.05962974355622086,0.10408364812414517,-0.15792465783747223,2026-02-28,803,ok,0.00016347536019901322,0.49653765832650265,0.09724682453571942,0.0010376585155337113,-0.0025693880087321753,-0.11302890923072519
CMP037,RWE AG,RWE.DE,^GDAXI,EUR,Xetra,PRIMARY_DIRECT,Raw Materials & Energy,False,2023-02-17,35.59999465942383,15482.0,0.010483236058399292,-0.0033243753303299206,0.013807611388729213,-0.0497716201756232,0.10041325968170067,-0.144117046448743,2026-02-28,803,ok,0.00016347536019901322,0.49653765832650265,0.09724682453571942,-0.0014872021817213994,0.011970438240120692,-0.1010584709906045
CMP037,RWE AG,RWE.DE,^GDAXI,EUR,Xetra,PRIMARY_DIRECT,Raw Materials & Energy,False,2023-02-20,35.62701797485352,15477.5498046875,0.000759082007967038,-0.00028744317998319335,0.0010465251879502313,-0.04905031890903888,0.10009695339504199,-0.14307052126079278,2026-02-28,803,ok,0.00016347536019901322,0.49653765832650265,0.09724682453571942,2.0748996708234947e-05,0.000738333011258803,-0.10032013797934569
CMP037,RWE AG,RWE.DE,^GDAXI,EUR,Xetra,PRIMARY_DIRECT,Raw Materials & Energy,False,2023-02-21,36.38370132446289,15397.6201171875,0.02123903129202276,-0.005164233907087312,0.02640326519911007,-0.028853068875208887,0.09441579540723577,-0.11666725606168271,2026-02-28,803,ok,0.00016347536019901322,0.49653765832650265,0.09724682453571942,-0.0024007612510764465,0.023639792543099204,-0.0766803454362465
CMP037,RWE AG,RWE.DE,^GDAXI,EUR,Xetra,PRIMARY_DIRECT,Raw Materials & Energy,False,2023-02-22,36.30262756347656,15399.8896484375,-0.002228298882055113,0.00014739493718685104,-0.002375693819241964,-0.031017074496145547,0.09457710675465614,-0.11904294988092468,2026-02-28,803,ok,0.00016347536019901322,0.49653765832650265,0.09724682453571942,0.0002366624971589542,-0.002464961379214067,-0.07914530681546056
CMP037,RWE AG,RWE.DE,^GDAXI,EUR,Xetra,PRIMARY_DIRECT,Raw Materials & Energy,False,2023-02-23,36.05941009521485,15475.6904296875,-0.006699720780167673,0.0049221639232779335,-0.011621884703445606,-0.037508989537771376,0.0999647947007698,-0.13066483458437028,2026-02-28,803,ok,0.00016347536019901322,0.49653765832650265,0.09724682453571942,0.0026075151085626293,-0.009307235888730302,-0.08845254270419087
CMP037,RWE AG,RWE.DE,^GDAXI,EUR,Xetra,PRIMARY_DIRECT,Raw Materials & Energy,False,2023-02-24,35.94230651855469,15209.740234375,-0.0032475178143777095,-0.017185029418934294,0.013937511604556585,-0.040634696240425816,0.08106186734404508,-0.1167273229798137,2026-02-28,803,ok,0.00016347536019901322,0.49653765832650265,0.09724682453571942,-0.00836953890575068,0.005122021091372971,-0.0833305216128179
CMP037,RWE AG,RWE.DE,^GDAXI,EUR,Xetra,PRIMARY_DIRECT,Raw Materials & Energy,False,2023-02-27,36.0053596496582,15381.4296875,0.0017542872790026198,0.011288125272315375,-0.009533837993312755,-0.03895169389212394,0.09326502912974788,-0.12626116097312645,2026-02-28,803,ok,0.00016347536019901322,0.49653765832650265,0.09724682453571942,0.0057684546498107045,-0.004014167370808085,-0.08734468898362599
CMP037,RWE AG,RWE.DE,^GDAXI,EUR,Xetra,PRIMARY_DIRECT,Raw Materials & Energy,False,2023-02-28,36.24857711791992,15365.1396484375,0.006755035101115192,-0.0010590718413996392,0.007814106942514831,-0.03245977885049789,0.09210718292220954,-0.11844705403061162,2026-02-28,803,ok,0.00016347536019901322,0.49653765832650265,0.09724682453571942,-0.00036239369192910074,0.007117428793044293,-0.0802272601905817
CMP037,RWE AG,RWE.DE,^GDAXI,EUR,Xetra,PRIMARY_DIRECT,Raw Materials & Energy,False,2023-03-01,35.212650299072266,15305.01953125,-0.0285784133119954,-0.003912760870586229,-0.02466565244140917,-0.060110543186487786,0.08783402867038537,-0.1431127064720208,2026-02-28,803,ok,0.00016347536019901322,0.49653765832650265,0.09724682453571942,-0.0017793577600734411,-0.026799055551921958,-0.10702631574250365
CMP037,RWE AG,RWE.DE,^GDAXI,EUR,Xetra,PRIMARY_DIRECT,Raw Materials & Energy,False,2023-03-02,35.36578369140625,15327.6396484375,0.004348817570769992,0.0014779541536236174,0.0028708634171463743,-0.056023135402115676,0.08944179749151182,-0.14024184305487442,2026-02-28,803,ok,0.00016347536019901322,0.49653765832650265,0.09724682453571942,0.0008973352547532124,0.0034514823160167792,-0.10357483342648688
CMP037,RWE AG,RWE.DE,^GDAXI,EUR,Xetra,PRIMARY_DIRECT,Raw Materials & Energy,False,2023-03-03,35.17662048339844,15578.3896484375,-0.005348763360043307,0.016359335537064368,-0.021708098897107675,-0.061072244268205456,0.10726434140477803,-0.1619499419519821,2026-02-28,803,ok,0.00016347536019901322,0.49653765832650265,0.09724682453571942,0.008286501519550493,-0.0136352648795938,-0.11721009830608067
CMP037,RWE AG,RWE.DE,^GDAXI,EUR,Xetra,PRIMARY_DIRECT,Raw Materials & Energy,False,2023-03-06,34.951412200927734,15653.580078125,-0.006402214862482047,0.0048265855062266105,-0.011228800368708658,-0.06708346150074851,0.11260864742656396,-0.17317874232069075,2026-02-28,803,ok,0.00016347536019901322,0.49653765832650265,0.09724682453571942,0.0025600568251734116,-0.00896227168765546,-0.12617236999373613
CMP037,RWE AG,RWE.DE,^GDAXI,EUR,Xetra,PRIMARY_DIRECT,Raw Materials & Energy,False,2023-03-07,34.82529830932617,15559.5302734375,-0.003608263118999644,-0.006008197755280831,0.002399934636281187,-0.07044966983972012,0.10592387464858954,-0.17077880768440956,2026-02-28,803,ok,0.00016347536019901322,0.49653765832650265,0.09724682453571942,-0.0028198210839706804,-0.0007884420350289635,-0.12696081202876508
CMP037,RWE AG,RWE.DE,^GDAXI,EUR,Xetra,PRIMARY_DIRECT,Raw Materials & Energy,False,2023-03-08,34.97843551635742,15631.8701171875,0.004397297782521514,0.00464923056665123,-0.00025193278412971587,-0.06636216023416419,0.11106556973099524,-0.17103074046853928,2026-02-28,803,ok,0.00016347536019901322,0.49653765832650265,0.09724682453571942,0.002471993418784014,0.0019253043637375003,-0.12503550766502758
CMP037,RWE AG,RWE.DE,^GDAXI,EUR,Xetra,PRIMARY_DIRECT,Raw Materials & Energy,False,2023-03-09,34.852325439453125,15633.2099609375,-0.0036053664219865,8.571231336729213e-05,-0.003691078735353792,-0.06972826675195198,0.11116080173127973,-0.17472181920389307,2026-02-28,803,ok,0.00016347536019901322,0.49653765832650265,0.09724682453571942,0.00020603475156815584,-0.0038114011735546557,-0.12884690883858224
CMP037,RWE AG,RWE.DE,^GDAXI,EUR,Xetra,PRIMARY_DIRECT,Raw Materials & Energy,False,2023-03-10,34.744224548339844,15427.9697265625,-0.003101683739900718,-0.013128476805968292,0.010026793066067574,-0.07261367546065667,0.09657295291804946,-0.1646950261378255,2026-02-28,803,ok,0.00016347536019901322,0.49653765832650265,0.09724682453571942,-0.006355307770430285,0.003253624030529567,-0.12559328480805268
CMP037,RWE AG,RWE.DE,^GDAXI,EUR,Xetra,PRIMARY_DIRECT,Raw Materials & Energy,False,2023-03-13,34.7352180480957,14959.4697265625,-0.0002592229460067763,-0.03036692502665328,0.030107702080646503,-0.07285407527579013,0.06327340427053119,-0.134587324057179,2026-02-28,803,ok,0.00016347536019901322,0.49653765832650265,0.09724682453571942,-0.014914846483111876,0.0146556235371051,-0.11093766127094758
CMP037,RWE AG,RWE.DE,^GDAXI,EUR,Xetra,PRIMARY_DIRECT,Raw Materials & Energy,False,2023-03-14,35.61801528930664,15232.830078125,0.025415048208091928,0.018273398493337867,0.007141649714754061,-0.049290616902988416,0.08270302289413456,-0.12744567434242493,2026-02-28,803,ok,0.00016347536019901322,0.49653765832650265,0.09724682453571942,0.00923690585774804,0.01617814235034389,-0.09475951892060369
CMP037,RWE AG,RWE.DE,^GDAXI,EUR,Xetra,PRIMARY_DIRECT,Raw Materials & Energy,False,2023-03-15,34.4289436340332,14735.259765625,-0.03338399530729674,-0.03266433813993186,-0.0007196571673648844,-0.08102909448690199,0.04733724524919425,-0.12816533150978981,2026-02-28,803,ok,0.00016347536019901322,0.49653765832650265,0.09724682453571942,-0.01605559861058782,-0.017328396696708923,-0.11208791561731261
CMP037,RWE AG,RWE.DE,^GDAXI,EUR,Xetra,PRIMARY_DIRECT,Raw Materials & Energy,False,2023-03-16,34.96943283081055,14967.099609375,0.015698686620261748,0.01573367877034948,-3.499215008773149e-05,-0.06660245822811373,0.06381571303016775,-0.12820032365987755,2026-02-28,803,ok,0.00016347536019901322,0.49653765832650265,0.09724682453571942,0.007975839373689751,0.007722847246571997,-0.10436506837074061
CMP037,RWE AG,RWE.DE,^GDAXI,EUR,Xetra,PRIMARY_DIRECT,Raw Materials & Energy,False,2023-03-17,34.09564208984375,14768.2001953125,-0.0249872723184954,-0.01328910872871547,-0.01169816358977993,-0.08992551678578209,0.04967855035239377,-0.13989848724965748,2026-02-28,803,ok,0.00016347536019901322,0.49653765832650265,0.09724682453571942,-0.006435067569203653,-0.01855220474929175,-0.12291727312003237
CMP037,RWE AG,RWE.DE,^GDAXI,EUR,Xetra,PRIMARY_DIRECT,Raw Materials & Energy,False,2023-03-20,34.57307052612305,14933.3798828125,0.014002623415076076,0.01118482180058944,0.002817801614486637,-0.07718208651766345,0.06141901788598636,-0.13708068563517084,2026-02-28,803,ok,0.00016347536019901322,0.49653765832650265,0.09724682453571942,0.005717160585862911,0.008285462829213166,-0.1146318102908192
CMP037,RWE AG,RWE.DE,^GDAXI,EUR,Xetra,PRIMARY_DIRECT,Raw Materials & Energy,False,2023-03-21,35.06851577758789,15195.33984375,0.014330380377713059,0.017541906989120504,-0.0032115266114074448,-0.06395775479809407,0.08003833157422591,-0.14029221224657829,2026-02-28,803,ok,0.00016347536019901322,0.49653765832650265,0.09724682453571942,0.008873692779158218,0.005456687598554841,-0.10917512269226436
CMP037,RWE AG,RWE.DE,^GDAXI,EUR,Xetra,PRIMARY_DIRECT,Raw Materials & Energy,False,2023-03-22,34.83430480957031,15216.1904296875,-0.006678667825664286,0.0013721697673036992,-0.008050837592967985,-0.07020927002458655,0.08152032752034111,-0.14834304983954627,2026-02-28,803,ok,0.00016347536019901322,0.49653765832650265,0.09724682453571942,0.0008448093232824142,-0.0075234771489467,-0.11669859984121106
CMP037,RWE AG,RWE.DE,^GDAXI,EUR,Xetra,PRIMARY_DIRECT,Raw Materials & Energy,False,2023-03-23,35.095542907714844,15210.3896484375,0.007499449165776273,-0.00038122428059805813,0.007880673446374331,-0.06323635171032593,0.08110802571152997,-0.14046237639317194,2026-02-28,803,ok,0.00016347536019901322,0.49653765832650265,0.09724682453571942,-2.5816851386352137e-05,0.007525266017162625,-0.10917333382404844
CMP037,RWE AG,RWE.DE,^GDAXI,EUR,Xetra,PRIMARY_DIRECT,Raw Materials & Energy,False,2023-03-24,33.744327545166016,14957.23046875,-0.03850105314232932,-0.016643832639324008,-0.021857220503005315,-0.099302738714929,0.06311424466655735,-0.16231959689617725,2026-02-28,803,ok,0.00016347536019901322,0.49653765832650265,0.09724682453571942,-0.008100814324109144,-0.03040023881822018,-0.1395735726422686
CMP037,RWE AG,RWE.DE,^GDAXI,EUR,Xetra,PRIMARY_DIRECT,Raw Materials & Energy,False,2023-03-27,34.36589050292969,15127.6796875,0.018419776092195805,0.01139577404427361,0.007024002047922195,-0.08271209683520397,0.0752292543820261,-0.15529559484825506,2026-02-28,803,ok,0.00016347536019901322,0.49653765832650265,0.09724682453571942,0.005821906318960571,0.012597869773235234,-0.12697570286903337
CMP037,RWE AG,RWE.DE,^GDAXI,EUR,Xetra,PRIMARY_DIRECT,Raw Materials & Energy,False,2023-03-28,34.30282974243164,15142.01953125,-0.0018349811273672412,0.0009479209003777633,-0.0027829020277450045,-0.0843953028258736,0.07624848666495243,-0.15807849687600006,2026-02-28,803,ok,0.00016347536019901322,0.49653765832650265,0.09724682453571942,0.0006341537843513378,-0.002469134911718579,-0.12944483778075194
CMP037,RWE AG,RWE.DE,^GDAXI,EUR,Xetra,PRIMARY_DIRECT,Raw Materials & Energy,False,2023-03-29,34.87934875488281,15328.7802734375,0.016806747920800058,0.012333938798722688,0.00447280912207737,-0.06900696548536756,0.08952286963169587,-0.1536056877539227,2026-02-28,803,ok,0.00016347536019901322,0.49653765832650265,0.09724682453571942,0.006287740449259174,0.010519007471540883,-0.11892583030921106
CMP037,RWE AG,RWE.DE,^GDAXI,EUR,Xetra,PRIMARY_DIRECT,Raw Materials & Energy,False,2023-03-30,35.374794006347656,15522.400390625,0.014204544211723125,0.012631149624019011,0.0015733945877041133,-0.05578263376579817,0.1032847960168044,-0.15203229316621858,2026-02-28,803,ok,0.00016347536019901322,0.49653765832650265,0.09724682453571942,0.006435316816481098,0.007769227395242027,-0.11115660291396903
CMP037,RWE AG,RWE.DE,^GDAXI,EUR,Xetra,PRIMARY_DIRECT,Raw Materials & Energy,False,2023-03-31,35.70809555053711,15628.83984375,0.009422006644890901,0.006857151629028113,0.002564855015862788,-0.04688621146691818,0.11085018715309292,-0.1494674381503558,2026-02-28,803,ok,0.00016347536019901322,0.49653765832650265,0.09724682453571942,0.0035683093728663953,0.005853697272024506,-0.10530290564194453
CMP037,RWE AG,RWE.DE,^GDAXI,EUR,Xetra,PRIMARY_DIRECT,Raw Materials & Energy,False,2023-04-03,35.78916549682617,15580.919921875,0.002270352003912457,-0.003066121500641228,0.005336473504553685,-0.04472230766716545,0.10744418551027146,-0.1441309646458021,2026-02-28,803,ok,0.00016347536019901322,0.49653765832650265,0.09724682453571942,-0.0013589694298739245,0.0036293214337863814,-0.10167358420815814
CMP037,RWE AG,RWE.DE,^GDAXI,EUR,Xetra,PRIMARY_DIRECT,Raw Materials & Energy,False,2023-04-04,35.293724060058594,15603.4697265625,-0.013843335822164238,0.0014472704307941786,-0.015290606252958416,-0.057946537565551015,0.10904695673371534,-0.15942157089876052,2026-02-28,803,ok,0.00016347536019901322,0.49653765832650265,0.09724682453571942,0.0008820996308707435,-0.014725435453034981,-0.11639901966119312
CMP037,RWE AG,RWE.DE,^GDAXI,EUR,Xetra,PRIMARY_DIRECT,Raw Materials & Energy,False,2023-04-05,35.79817581176758,15520.169921875,0.014292959021569018,-0.00533854367953146,0.01963150270110048,-0.04448180603084828,0.10312626111254097,-0.13979006819766004,2026-02-28,803,ok,0.00016347536019901322,0.49653765832650265,0.09724682453571942,-0.0024873126173092894,0.016780271638878307,-0.09961874802231481
CMP037,RWE AG,RWE.DE,^GDAXI,EUR,Xetra,PRIMARY_DIRECT,Raw Materials & Energy,False,2023-04-06,36.50080871582031,15597.8896484375,0.019627617556472465,0.005007659513634355,0.01461995804283811,-0.025727260351370518,0.108650341828741,-0.12517011015482193,2026-02-28,803,ok,0.00016347536019901322,0.49653765832650265,0.09724682453571942,0.002649966888795449,0.016977650667677015,-0.08264109735463779
CMP037,RWE AG,RWE.DE,^GDAXI,EUR,Xetra,PRIMARY_DIRECT,Raw Materials & Energy,False,2023-04-11,36.8341064453125,15655.169921875,0.009131242326357869,0.0036723091859569568,0.005458933140400912,-0.016830939873674344,0.11272164866305312,-0.11971117701442102,2026-02-28,803,ok,0.00016347536019901322,0.49653765832650265,0.09724682453571942,0.0019869151640449856,0.007144327162312883,-0.07549677019232491
CMP037,RWE AG,RWE.DE,^GDAXI,EUR,Xetra,PRIMARY_DIRECT,Raw Materials & Energy,False,2023-04-12,36.93319320678711,15703.599609375,0.002690081857197324,0.0030935267864662386,-0.0004034449292689146,-0.014186134622470759,0.1161638828890732,-0.12011462194368994,2026-02-28,803,ok,0.00016347536019901322,0.49653765832650265,0.09724682453571942,0.00169952790672127,0.000990553950476054,-0.07450621624184886
CMP037,RWE AG,RWE.DE,^GDAXI,EUR,Xetra,PRIMARY_DIRECT,Raw Materials & Energy,False,2023-04-13,36.73501205444336,15729.4599609375,-0.005365936035753638,0.0016467785861695727,-0.007012714621923211,-0.019475948767245677,0.11800195767007082,-0.12712733656561315,2026-02-28,803,ok,0.00016347536019901322,0.49653765832650265,0.09724682453571942,0.0009811629431578817,-0.006347098978911519,-0.08085331522076038
CMP037,RWE AG,RWE.DE,^GDAXI,EUR,Xetra,PRIMARY_DIRECT,Raw Materials & Energy,False,2023-04-14,36.33865737915039,15807.5,-0.010789561596047603,0.0049613934144150384,-0.01575095501046264,-0.030055373414427655,0.12354880522015832,-0.1428782915760758,2026-02-28,803,ok,0.00016347536019901322,0.49653765832650265,0.09724682453571942,0.0026269940282291878,-0.01341655562427679,-0.09426987084503717
CMP037,RWE AG,RWE.DE,^GDAXI,EUR,Xetra,PRIMARY_DIRECT,Raw Materials & Energy,False,2023-04-17,36.55485534667969,15789.5302734375,0.005949530971205874,-0.0011367848529179048,0.007086315824123779,-0.024284657818202104,0.1222715719568701,-0.135791975751952,2026-02-28,803,ok,0.00016347536019901322,0.49653765832650265,0.09724682453571942,-0.0004009811286898809,0.006350512099895755,-0.08791935874514141
CMP037,RWE AG,RWE.DE,^GDAXI,EUR,Xetra,PRIMARY_DIRECT,Raw Materials & Energy,False,2023-04-18,36.41973114013672,15882.669921875,-0.0036964776706535085,0.005898823259751218,-0.009595300930404727,-0.027891367793491217,0.12889165360928678,-0.14538727668235674,2026-02-28,803,ok,0.00016347536019901322,0.49653765832650265,0.09724682453571942,0.00309246324847779,-0.006788940919131299,-0.09470829966427272
CMP037,RWE AG,RWE.DE,^GDAXI,EUR,Xetra,PRIMARY_DIRECT,Raw Materials & Energy,False,2023-04-19,36.87013626098633,15895.2001953125,0.012367063312920479,0.0007889273969134969,0.011578135916006982,-0.015869238791956786,0.12978226716296604,-0.13380914076634975,2026-02-28,803,ok,0.00016347536019901322,0.49653765832650265,0.09724682453571942,0.0005552075224520643,0.011811855790468414,-0.0828964438738043
CMP037,RWE AG,RWE.DE,^GDAXI,EUR,Xetra,PRIMARY_DIRECT,Raw Materials & Energy,False,2023-04-20,36.84311676025391,15795.9697265625,-0.0007328288819210549,-0.006242794524806472,0.005509965642885417,-0.016590438237356953,0.12272926861129774,-0.12829917512346434,2026-02-28,803,ok,0.00016347536019901322,0.49653765832650265,0.09724682453571942,-0.0029363072145619042,0.0022034783326408494,-0.08069296554116345
CMP037,RWE AG,RWE.DE,^GDAXI,EUR,Xetra,PRIMARY_DIRECT,Raw Materials & Energy,False,2023-04-21,36.97823333740234,15881.66015625,0.00366734926438661,0.005424828685471672,-0.001757479421085062,-0.01298393190443592,0.12881988255367904,-0.1300566545445494,2026-02-28,803,ok,0.00016347536019901322,0.49653765832650265,0.09724682453571942,0.002857107092505557,0.0008102421718810533,-0.0798827233692824
CMP037,RWE AG,RWE.DE,^GDAXI,EUR,Xetra,PRIMARY_DIRECT,Raw Materials & Energy,False,2023-04-24,37.0142707824707,15863.9501953125,0.000974558322988317,-0.0011151202558965512,0.002089678578884868,-0.01202202718035017,0.12756111263738457,-0.12796697596566453,2026-02-28,803,ok,0.00016347536019901322,0.49653765832650265,0.09724682453571942,-0.00039022384041631063,0.0013647821634046277,-0.07851794120587777
CMP037,RWE AG,RWE.DE,^GDAXI,EUR,Xetra,PRIMARY_DIRECT,Raw Materials & Energy,False,2023-04-25,37.4466552734375,15872.1298828125,0.011681561782153738,0.000515614799548203,0.011165946982605535,-0.00048090145145041063,0.12814249983445536,-0.116801028983059,2026-02-28,803,ok,0.00016347536019901322,0.49653765832650265,0.09724682453571942,0.00041949752536516696,0.01126206425678857,-0.0672558769490892
CMP037,RWE AG,RWE.DE,^GDAXI,EUR,Xetra,PRIMARY_DIRECT,Raw Materials & Energy,False,2023-04-26,37.47367858886719,15795.73046875,0.0007216483083032355,-0.00481343175910065,0.005535080067403886,0.00024039981513390707,0.12271226289696102,-0.11126594891565511,2026-02-28,803,ok,0.00016347536019901322,0.49653765832650265,0.09724682453571942,-0.002226574773979242,0.0029482230822824775,-0.06430765386680673
CMP037,RWE AG,RWE.DE,^GDAXI,EUR,Xetra,PRIMARY_DIRECT,Raw Materials & Energy,False,2023-04-27,38.2303581237793,15800.4501953125,0.020192293988904098,0.0002987976131800796,0.019893496375724018,0.020437548027780084,0.12304772664140273,-0.09137245253993109,2026-02-28,803,ok,0.00016347536019901322,0.49653765832650265,0.09724682453571942,0.00031183962736099807,0.0198804543615431,-0.04442719950526363
CMP037,RWE AG,RWE.DE,^GDAXI,EUR,Xetra,PRIMARY_DIRECT,Raw Materials & Energy,False,2023-04-28,38.32944869995117,15922.3798828125,0.0025919342908335974,0.007716848950048982,-0.005124914659215385,0.023082455100167376,0.13171411631159025,-0.09649736719914648,2026-02-28,803,ok,0.00016347536019901322,0.49653765832650265,0.09724682453571942,0.0039951814675156655,-0.0014032471766820681,-0.0458304466819457
CMP037,RWE AG,RWE.DE,^GDAXI,EUR,Xetra,PRIMARY_DIRECT,Raw Materials & Energy,False,2023-05-02,37.68086624145508,15726.9404296875,-0.01692125716634474,-0.012274512639656843,-0.004646744526687896,0.005770613775042177,0.11782287708644557,-0.10114411172583437,2026-02-28,803,ok,0.00016347536019901322,0.49653765832650265,0.09724682453571942,-0.005931282402995254,-0.010989974763349484,-0.056820421445295186
CMP037,RWE AG,RWE.DE,^GDAXI,EUR,Xetra,PRIMARY_DIRECT,Raw Materials & Energy,False,2023-05-03,37.54574203491211,15815.0595703125,-0.0035860164593113364,0.005603069523850923,-0.00918908598316226,0.002163903799753175,0.12408611638211209,-0.11033319770899663,2026-02-28,803,ok,0.00016347536019901322,0.49653765832650265,0.09724682453571942,0.0029456103810125427,-0.006531626840323879,-0.06335204828561906
CMP037,RWE AG,RWE.DE,^GDAXI,EUR,Xetra,PRIMARY_DIRECT,Raw Materials & Energy,False,2023-05-04,37.97813415527344,15734.240234375,0.011516408970137393,-0.0051102770481631365,0.01662668601830053,0.01370523317102057,0.11834172490140582,-0.0937065116906961,2026-02-28,803,ok,0.00016347536019901322,0.49653765832650265,0.09724682453571942,-0.002373969638695583,0.013890378608832975,-0.049461669676786085
CMP037,RWE AG,RWE.DE,^GDAXI,EUR,Xetra,PRIMARY_DIRECT,Raw Materials & Energy,False,2023-05-05,38.17143249511719,15961.01953125,0.005089727132287614,0.0144131075601317,-0.009323380427844086,0.01886471620043295,0.1344605044713929,-0.10302989211854019,2026-02-28,803,ok,0.00016347536019901322,0.49653765832650265,0.09724682453571942,0.007320126037314819,-0.0022303989050272057,-0.05169206858181329
CMP037,RWE AG,RWE.DE,^GDAXI,EUR,Xetra,PRIMARY_DIRECT,Raw Materials & Energy,False,2023-05-08,38.06097030639648,15952.830078125,-0.002893844466927975,-0.0005130908529349387,-0.0023807536139930363,0.015916280178908115,0.1338784231635326,-0.10541064573253323,2026-02-28,803,ok,0.00016347536019901322,0.49653765832650265,0.09724682453571942,-9.129357042604919e-05,-0.0028025508965019257,-0.054494619478315215
CMP037,RWE AG,RWE.DE,^GDAXI,EUR,Xetra,PRIMARY_DIRECT,Raw Materials & Energy,False,2023-05-09,38.69609069824219,15955.48046875,0.016686920662634108,0.00016613921241681595,0.016520781450217292,0.032868794546131896,0.1340668048317335,-0.08888986428231593,2026-02-28,803,ok,0.00016347536019901322,0.49653765832650265,0.09724682453571942,0.0002459697356886684,0.01644095092694544,-0.038053668551369775
CMP037,RWE AG,RWE.DE,^GDAXI,EUR,Xetra,PRIMARY_DIRECT,Raw Materials & Energy,False,2023-05-10,38.48438262939453,15896.23046875,-0.005471045395737395,-0.00371345758694297,-0.0017575878087944252,0.02721792248332955,0.12985549585123102,-0.09064745209111036,2026-02-28,803,ok,0.00016347536019901322,0.49653765832650265,0.09724682453571942,-0.0016803961743164341,-0.0037906492214209607,-0.04184431777279073
CMP037,RWE AG,RWE.DE,^GDAXI,EUR,Xetra,PRIMARY_DIRECT,Raw Materials & Energy,False,2023-05-11,38.438358306884766,15834.91015625,-0.001195922069297084,-0.0038575379628867923,0.0026616158935897083,0.0259894498998543,0.12549703538340862,-0.08798583619752065,2026-02-28,803,ok,0.00016347536019901322,0.49653765832650265,0.09724682453571942,-0.001751937506798382,0.000556015437501298,-0.041288302335289434
CMP037,RWE AG,RWE.DE,^GDAXI,EUR,Xetra,PRIMARY_DIRECT,Raw Materials & Energy,False,2023-05-12,39.11949920654297,15913.8203125,0.01772034315878157,0.004983303060854816,0.012737040097926755,0.04417033502936918,0.1311057282048178,-0.0752487960995939,2026-02-28,803,ok,0.00016347536019901322,0.49653765832650265,0.09724682453571942,0.0026378729927671565,0.015082470166014415,-0.02620583216927502
CMP037,RWE AG,RWE.DE,^GDAXI,EUR,Xetra,PRIMARY_DIRECT,Raw Materials & Energy,False,2023-05-15,39.07347869873047,15917.240234375,-0.0011764084087457771,0.0002149026322932901,-0.0013913110410390672,0.04294196426707764,0.13134880580321107,-0.07664010714063296,2026-02-28,803,ok,0.00016347536019901322,0.49653765832650265,0.09724682453571942,0.0002701826100061249,-0.001446591018751902,-0.027652423188026923
CMP037,RWE AG,RWE.DE,^GDAXI,EUR,Xetra,PRIMARY_DIRECT,Raw Materials & Energy,False,2023-05-16,38.93540573120117,15897.9296875,-0.0035336748128796946,-0.0012131843580079904,-0.0023204904548717042,0.03925654651665189,0.1299762711285597,-0.07896059759550467,2026-02-28,803,ok,0.00016347536019901322,0.49653765832650265,0.09724682453571942,-0.0004389163600446158,-0.003094758452835079,-0.030747181640862
CMP037,RWE AG,RWE.DE,^GDAXI,EUR,Xetra,PRIMARY_DIRECT,Raw Materials & Energy,False,2023-05-17,38.51199722290039,15951.2998046875,-0.010874639684606668,0.0033570482595266515,-0.01423168794413332,0.02795500603341461,0.13376965600285828,-0.09319228553963799,2026-02-28,803,ok,0.00016347536019901322,0.49653765832650265,0.09724682453571942,0.001830376241873438,-0.012705015926480106,-0.04345219756734211
CMP037,RWE AG,RWE.DE,^GDAXI,EUR,Xetra,PRIMARY_DIRECT,Raw Materials & Energy,False,2023-05-18,37.92290878295898,16163.3603515625,-0.015296231886699596,0.013294248711486434,-0.02859048059818603,0.012231167892033712,0.14884227179129672,-0.12178276613782402,2026-02-28,803,ok,0.00016347536019901322,0.49653765832650265,0.09724682453571942,0.006764570484610612,-0.02206080237131021,-0.06551299993865231
CMP037,RWE AG,RWE.DE,^GDAXI,EUR,Xetra,PRIMARY_DIRECT,Raw Materials & Energy,False,2023-05-19,37.88608932495117,16275.3798828125,-0.0009709027917276236,0.0069304605486426585,-0.007901363340370282,0.011248389825253557,0.15680427783255935,-0.1296841294781943,2026-02-28,803,ok,0.00016347536019901322,0.49653765832650265,0.09724682453571942,0.0036047100121462477,-0.004575612803873872,-0.07008861274252619
CMP037,RWE AG,RWE.DE,^GDAXI,EUR,Xetra,PRIMARY_DIRECT,Raw Materials & Energy,False,2023-05-22,37.79404067993164,16223.990234375,-0.00242961590017976,-0.0031575083842908525,0.0007278924841110923,0.008791444658302838,0.15315165862631952,-0.1289562369940832,2026-02-28,803,ok,0.00016347536019901322,0.49653765832650265,0.09724682453571942,-0.0014043464590830655,-0.0010252694410966946,-0.07111388218362288
CMP037,RWE AG,RWE.DE,^GDAXI,EUR,Xetra,PRIMARY_DIRECT,Raw Materials & Energy,False,2023-05-23,37.63756561279297,16152.8603515625,-0.004140204760422983,-0.004384240978017373,0.00024403621759438998,0.00461484151685454,0.14809596387070134,-0.12871220077648882,2026-02-28,803,ok,0.00016347536019901322,0.49653765832650265,0.09724682453571942,-0.002013465388564829,-0.002126739371858154,-0.07324062155548104
CMP037,RWE AG,RWE.DE,^GDAXI,EUR,Xetra,PRIMARY_DIRECT,Raw Materials & Energy,False,2023-05-24,37.10369491577149,15842.1298828125,-0.014184517205863445,-0.01923686963095317,0.005052352425089723,-0.009635134987907024,0.12601019148989723,-0.1236598483513991,2026-02-28,803,ok,0.00016347536019901322,0.49653765832650265,0.09724682453571942,-0.009388354839886686,-0.004796162365976759,-0.0780367839214578
CMP037,RWE AG,RWE.DE,^GDAXI,EUR,Xetra,PRIMARY_DIRECT,Raw Materials & Energy,False,2023-05-25,36.17403030395508,15793.7998046875,-0.02505584993426746,-0.0030507310874552385,-0.02200511884681222,-0.03444956842582103,0.1225750371939276,-0.14566496719821131,2026-02-28,803,ok,0.00016347536019901322,0.49653765832650265,0.09724682453571942,-0.001351327510149876,-0.023704522424117584,-0.10174130634557538
CMP037,RWE AG,RWE.DE,^GDAXI,EUR,Xetra,PRIMARY_DIRECT,Raw Materials & Energy,False,2023-05-26,35.90709686279297,15983.9697265625,-0.007379145727450909,0.01204079602291519,-0.0194199417503661,-0.041574505767610015,0.13609173423719612,-0.1650849089485774,2026-02-28,803,ok,0.00016347536019901322,0.49653765832650265,0.09724682453571942,0.006142184021804388,-0.013521329749255297,-0.11526263609483067
CMP037,RWE AG,RWE.DE,^GDAXI,EUR,Xetra,PRIMARY_DIRECT,Raw Materials & Energy,False,2023-05-29,35.89789581298828,15952.73046875,-0.00025624599615625687,-0.0019544117229267632,0.0016981657267705064,-0.04182009846312118,0.13387134323348282,-0.1633867432218069,2026-02-28,803,ok,0.00016347536019901322,0.49653765832650265,0.09724682453571942,-0.0008069636601089073,0.0005507176639526504,-0.11471191843087802
CMP037,RWE AG,RWE.DE,^GDAXI,EUR,Xetra,PRIMARY_DIRECT,Raw Materials & Energy,False,2023-05-30,35.88869094848633,15908.91015625,-0.0002564179402020361,-0.0027468847784922756,0.0024904668382902395,-0.042065792979816274,0.13075672929998627,-0.16089627638351667,2026-02-28,803,ok,0.00016347536019901322,0.49653765832650265,0.09724682453571942,-0.0012004563754062553,0.0009440384352042191,-0.11376787999567381
CMP037,RWE AG,RWE.DE,^GDAXI,EUR,Xetra,PRIMARY_DIRECT,Raw Materials & Energy,False,2023-05-31,36.00835037231445,15664.01953125,0.003334181901476496,-0.015393299892626056,0.018727481794102552,-0.03887186608396431,0.11335065186026672,-0.14216879458941412,2026-02-28,803,ok,0.00016347536019901322,0.49653765832650265,0.09724682453571942,-0.007479877722403132,0.01081405962387963,-0.10295382037179418
CMP037,RWE AG,RWE.DE,^GDAXI,EUR,Xetra,PRIMARY_DIRECT,Raw Materials & Energy,False,2023-06-01,35.980735778808594,15853.66015625,-0.0007668941570589949,0.01210676637766328,-0.012873660534722275,-0.039608949634049484,0.12682972809875803,-0.1550424551241364,2026-02-28,803,ok,0.00016347536019901322,0.49653765832650265,0.09724682453571942,0.0061749407872699735,-0.006941834944328968,-0.10989565531612315
CMP037,RWE AG,RWE.DE,^GDAXI,EUR,Xetra,PRIMARY_DIRECT,Raw Materials & Energy,False,2023-06-02,36.2016487121582,16051.23046875,0.006139755860126606,0.012462126130672102,-0.0063223702705454965,-0.03371238305455204,0.1408724222981157,-0.1613648253946819,2026-02-28,803,ok,0.00016347536019901322,0.49653765832650265,0.09724682453571942,0.006351390286892459,-0.00021163442676585317,-0.110107289742889
CMP037,RWE AG,RWE.DE,^GDAXI,EUR,Xetra,PRIMARY_DIRECT,Raw Materials & Energy,False,2023-06-05,35.9991455078125,15963.8896484375,-0.005593756404737804,-0.005441378496342852,-0.0001523779083949517,-0.03911756060065952,0.13466450363235216,-0.16151720330307684,2026-02-28,803,ok,0.00016347536019901322,0.49653765832650265,0.09724682453571942,-0.0025383739764432527,-0.0030553824282945515,-0.11316267217118355
CMP037,RWE AG,RWE.DE,^GDAXI,EUR,Xetra,PRIMARY_DIRECT,Raw Materials & Energy,False,2023-06-06,36.36732864379883,15992.4404296875,0.010227552093046821,0.0017884601985327375,0.008439091894514084,-0.02929008539640887,0.1366938059357865,-0.15307811140856276,2026-02-28,803,ok,0.00016347536019901322,0.49653765832650265,0.09724682453571942,0.0010515131991886107,0.00917603889385821,-0.10398663327732534
CMP037,RWE AG,RWE.DE,^GDAXI,EUR,Xetra,PRIMARY_DIRECT,Raw Materials & Energy,False,2023-06-07,36.13721084594727,15960.5595703125,-0.006327596951248515,-0.0019934955840646973,-0.004334101367183818,-0.0354323464926013,0.13442781185321984,-0.15741221277574657,2026-02-28,803,ok,0.00016347536019901322,0.49653765832650265,0.09724682453571942,-0.0008263702689966954,-0.00550122668225182,-0.10948785995957716
CMP037,RWE AG,RWE.DE,^GDAXI,EUR,Xetra,PRIMARY_DIRECT,Raw Materials & Energy,False,2023-06-08,36.06357955932617,15989.9599609375,-0.002037547583154442,0.0018420651541368738,-0.003879612737291316,-0.0373976989837943,0.1365175017953184,-0.1612918255130379,2026-02-28,803,ok,0.00016347536019901322,0.49653765832650265,0.09724682453571942,0.0010781300783189846,-0.0031156776614734267,-0.11260353762105059
CMP037,RWE AG,RWE.DE,^GDAXI,EUR,Xetra,PRIMARY_DIRECT,Raw Materials & Energy,False,2023-06-09,36.6618766784668,15949.83984375,0.016590064726004217,-0.002509081779160871,0.019099146505165088,-0.021428064504534827,0.13366588643986632,-0.1421926790078728,2026-02-28,803,ok,0.00016347536019901322,0.49653765832650265,0.09724682453571942,-0.0010823782309752209,0.017672442956979437,-0.09493109466407115
CMP037,RWE AG,RWE.DE,^GDAXI,EUR,Xetra,PRIMARY_DIRECT,Raw Materials & Energy,False,2023-06-12,36.51460266113281,16097.8701171875,-0.004017088885700293,0.009280988078103292,-0.013298076963803585,-0.02535907495047185,0.14418742601646706,-0.1554907559716764,2026-02-28,803,ok,0.00016347536019901322,0.49653765832650265,0.09724682453571942,0.00477183544745661,-0.008788924333156903,-0.10372001899722806
CMP037,RWE AG,RWE.DE,^GDAXI,EUR,Xetra,PRIMARY_DIRECT,Raw Materials & Energy,False,2023-06-13,36.477787017822266,16230.6796875,-0.0010082443906677119,0.008250133051496134,-0.009258377442163845,-0.026341751196068186,0.15362712451695182,-0.16474913341384023,2026-02-28,803,ok,0.00016347536019901322,0.49653765832650265,0.09724682453571942,0.004259977106470987,-0.005268221497138699,-0.10898824049436676
CMP037,RWE AG,RWE.DE,^GDAXI,EUR,Xetra,PRIMARY_DIRECT,Raw Materials & Energy,False,2023-06-14,36.7723274230957,16310.7900390625,0.008074514090713025,0.004935736093923282,0.0031387779967897433,-0.01847993394656189,0.159321123554359,-0.1616103554170505,2026-02-28,803,ok,0.00016347536019901322,0.49653765832650265,0.09724682453571942,0.0026142542023932787,0.005460259888319746,-0.10352798060604701
CMP037,RWE AG,RWE.DE,^GDAXI,EUR,Xetra,PRIMARY_DIRECT,Raw Materials & Energy,False,2023-06-15,36.80915069580078,16290.1201171875,0.0010013854244632636,-0.0012672544877040393,0.002268639912167303,-0.017497054058597805,0.15785196865784457,-0.15934171550488319,2026-02-28,803,ok,0.00016347536019901322,0.49653765832650265,0.09724682453571942,-0.0004657642156293022,0.0014671496400925658,-0.10206083096595445
CMP037,RWE AG,RWE.DE,^GDAXI,EUR,Xetra,PRIMARY_DIRECT,Raw Materials & Energy,False,2023-06-16,37.195743560791016,16357.6298828125,0.010502629310443101,0.00414421533661824,0.006358413973824861,-0.0071781898209569706,0.16265035654388993,-0.15298330153105832,2026-02-28,803,ok,0.00016347536019901322,0.49653765832650265,0.09724682453571942,0.0022212343390442127,0.00828139497139889,-0.09377943599455556
CMP037,RWE AG,RWE.DE,^GDAXI,EUR,Xetra,PRIMARY_DIRECT,Raw Materials & Energy,False,2023-06-19,36.72631072998047,16201.2001953125,-0.012620606173481264,-0.009563102272192037,-0.003057503901289227,-0.01970820288766939,0.15153181227746026,-0.15604080543234755,2026-02-28,803,ok,0.00016347536019901322,0.49653765832650265,0.09724682453571942,-0.004584965048372077,-0.008035641125109187,-0.10181507711966474
CMP037,RWE AG,RWE.DE,^GDAXI,EUR,Xetra,PRIMARY_DIRECT,Raw Materials & Energy,False,2023-06-20,36.91039657592773,16111.3203125,0.0050123696687287556,-0.00554772990451069,0.010560099573239445,-0.01479461801731996,0.14514342480649312,-0.1454807058591081,2026-02-28,803,ok,0.00016347536019901322,0.49653765832650265,0.09724682453571942,-0.002591181455614637,0.007603551124343392,-0.09421152599532134
CMP037,RWE AG,RWE.DE,^GDAXI,EUR,Xetra,PRIMARY_DIRECT,Raw Materials & Energy,False,2023-06-21,37.214149475097656,16023.1298828125,0.008229467232764298,-0.005473817662173697,0.013703284894937995,-0.006686902608750489,0.13887511850206535,-0.1317774209641701,2026-02-28,803,ok,0.00016347536019901322,0.49653765832650265,0.09724682453571942,-0.0025544812438829654,0.010783948476647263,-0.08342757751867408
CMP037,RWE AG,RWE.DE,^GDAXI,EUR,Xetra,PRIMARY_DIRECT,Raw Materials & Energy,False,2023-06-22,36.94721603393555,15988.16015625,-0.007172901837800505,-0.002182452917641964,-0.004990448920158541,-0.013811839950539473,0.13638957717686062,-0.13676786988432865,2026-02-28,803,ok,0.00016347536019901322,0.49653765832650265,0.09724682453571942,-0.0009201947009347711,-0.006252707136865734,-0.08968028465553982
CMP037,RWE AG,RWE.DE,^GDAXI,EUR,Xetra,PRIMARY_DIRECT,Raw Materials & Energy,False,2023-06-23,36.56982803344727,15829.9404296875,-0.01021424726944642,-0.009896055894877298,-0.00031819137456912117,-0.023885009671485102,0.12514380240276246,-0.13708606125889777,2026-02-28,803,ok,0.00016347536019901322,0.49653765832650265,0.09724682453571942,-0.004750289060511542,-0.005463958208934877,-0.09514424286447469
CMP037,RWE AG,RWE.DE,^GDAXI,EUR,Xetra,PRIMARY_DIRECT,Raw Materials & Energy,False,2023-06-26,36.413352966308594,15813.0595703125,-0.004278802377620239,-0.0010663880543316795,-0.0032124143232885594,-0.028061612812933512,0.12394396249247475,-0.14029847558218633,2026-02-28,803,ok,0.00016347536019901322,0.49653765832650265,0.09724682453571942,-0.00036602646716619417,-0.003912775910454045,-0.09905701877492873
CMP037,RWE AG,RWE.DE,^GDAXI,EUR,Xetra,PRIMARY_DIRECT,Raw Materials & Energy,False,2023-06-27,36.698692321777344,15846.8603515625,0.007836118682417403,0.0021375231718887555,0.005698595510528648,-0.02044538825893827,0.1263464187562069,-0.13459988007165768,2026-02-28,803,ok,0.00016347536019901322,0.49653765832650265,0.09724682453571942,0.0012248361105872943,0.006611282571830109,-0.09244573620309862
CMP037,RWE AG,RWE.DE,^GDAXI,EUR,Xetra,PRIMARY_DIRECT,Raw Materials & Energy,False,2023-06-28,36.88278579711914,15949.0,0.005016349730602165,0.006445418598481467,-0.0014290688678793018,-0.01553159974622087,0.13360619291199116,-0.136028948939537,2026-02-28,803,ok,0.00016347536019901322,0.49653765832650265,0.09724682453571942,0.0033638684180230896,0.0016524813125790758,-0.09079325489051955
CMP037,RWE AG,RWE.DE,^GDAXI,EUR,Xetra,PRIMARY_DIRECT,Raw Materials & Energy,False,2023-06-29,36.65267181396485,15946.7197265625,-0.006239061887029829,-0.00014297281569375375,-0.006096089071336075,-0.021673759021229477,0.13344411804270262,-0.14212503801087306,2026-02-28,803,ok,0.00016347536019901322,0.49653765832650265,0.09724682453571942,9.248397309009009e-05,-0.006331545860119919,-0.09712480075063946
CMP037,RWE AG,RWE.DE,^GDAXI,EUR,Xetra,PRIMARY_DIRECT,Raw Materials & Energy,False,2023-06-30,36.698692321777344,16147.900390625,0.0012555839870576069,0.012615802341304994,-0.011360218354247387,-0.02044538825893827,0.14774342500084403,-0.15348525636512045,2026-02-28,803,ok,0.00016347536019901322,0.49653765832650265,0.09724682453571942,0.006427696312660605,-0.005172112325602998,-0.10229691307624246
CMP037,RWE AG,RWE.DE,^GDAXI,EUR,Xetra,PRIMARY_DIRECT,Raw Materials & Energy,False,2023-07-03,37.15892028808594,16081.0400390625,0.012540718406892415,-0.004140498141870896,0.01668121654876331,-0.008161069708920832,0.14299119548228356,-0.13680403981635714,2026-02-28,803,ok,0.00016347536019901322,0.49653765832650265,0.09724682453571942,-0.0018924378914707972,0.014433156298363212,-0.08786375677787925
CMP037,RWE AG,RWE.DE,^GDAXI,EUR,Xetra,PRIMARY_DIRECT,Raw Materials & Energy,False,2023-07-04,37.10369491577149,16039.169921875,-0.001486194213564218,-0.002603694604689344,0.0011175003911251258,-0.009635134987907135,0.14001519547339902,-0.135686539425232,2026-02-28,803,ok,0.00016347536019901322,0.49653765832650265,0.09724682453571942,-0.0011293570618107827,-0.0003568371517534354,-0.08822059392963269
CMP037,RWE AG,RWE.DE,^GDAXI,EUR,Xetra,PRIMARY_DIRECT,Raw Materials & Energy,False,2023-07-05,36.79074096679688,15937.580078125,-0.008434576386126547,-0.0063338591862815985,-0.002100717199844948,-0.01798844309198755,0.1327944997550492,-0.13778725662507696,2026-02-28,803,ok,0.00016347536019901322,0.49653765832650265,0.09724682453571942,-0.002981524248327059,-0.005453052137799487,-0.09367364606743217
CMP037,RWE AG,RWE.DE,^GDAXI,EUR,Xetra,PRIMARY_DIRECT,Raw Materials & Energy,False,2023-07-06,36.2476692199707,15528.5400390625,-0.01476109837842876,-0.02566512839825197,0.010904030019823208,-0.03248401229226072,0.10372118347000225,-0.12688322660525375,2026-02-28,803,ok,0.00016347536019901322,0.49653765832650265,0.09724682453571942,-0.012580227395318043,-0.0021808709831107175,-0.09585451705054289
CMP037,RWE AG,RWE.DE,^GDAXI,EUR,Xetra,PRIMARY_DIRECT,Raw Materials & Energy,False,2023-07-07,35.94392013549805,15603.400390625,-0.008379823889622773,0.004820823552902365,-0.013200647442525137,-0.04059162587964604,0.10904202854711165,-0.1400838740477789,2026-02-28,803,ok,0.00016347536019901322,0.49653765832650265,0.09724682453571942,0.002557195798362404,-0.010937019687985177,-0.10679153673852806
CMP037,RWE AG,RWE.DE,^GDAXI,EUR,Xetra,PRIMARY_DIRECT,Raw Materials & Energy,False,2023-07-10,35.53891372680664,15673.16015625,-0.011267730597126047,0.004470805329517491,-0.015738535926643538,-0.05140198097186088,0.11400033955899902,-0.15582240997442243,2026-02-28,803,ok,0.00016347536019901322,0.49653765832650265,0.09724682453571942,0.0023833985693512763,-0.013651129166477323,-0.12044266590500538
CMP037,RWE AG,RWE.DE,^GDAXI,EUR,Xetra,PRIMARY_DIRECT,Raw Materials & Energy,False,2023-07-11,35.85187530517578,15790.33984375,0.008806166130313597,0.00747645569443578,0.0013297104358778178,-0.04304846922541272,0.12232911374129829,-0.1544926995385446,2026-02-28,803,ok,0.00016347536019901322,0.49653765832650265,0.09724682453571942,0.0038758171632960014,0.0049303489670175955,-0.11551231693798779
CMP037,RWE AG,RWE.DE,^GDAXI,EUR,Xetra,PRIMARY_DIRECT,Raw Materials & Energy,False,2023-07-12,35.980735778808594,16023.0,0.003594246396762646,0.014734334951130856,-0.01114008855436821,-0.039608949634049706,0.13886588682856837,-0.16563278809291282,2026-02-28,803,ok,0.00016347536019901322,0.49653765832650265,0.09724682453571942,0.007479627533831873,-0.003885381137069227,-0.11939769807505701
CMP037,RWE AG,RWE.DE,^GDAXI,EUR,Xetra,PRIMARY_DIRECT,Raw Materials & Energy,False,2023-07-13,36.28448486328125,16141.0302734375,0.008441992024286415,0.007366303029239241,0.0010756889950471749,-0.031501336046664274,0.14725511806061098,-0.16455709909786564,2026-02-28,803,ok,0.00016347536019901322,0.49653765832650265,0.09724682453571942,0.0038211222168608888,0.004620869807425527,-0.11477682826763148
CMP037,RWE AG,RWE.DE,^GDAXI,EUR,Xetra,PRIMARY_DIRECT,Raw Materials & Energy,False,2023-07-14,36.312103271484375,16105.0703125,0.0007611630234571898,-0.0022278603241751016,0.0029890233476322914,-0.030764150675395285,0.14469919390137687,-0.16156807575023335,2026-02-28,803,ok,0.00016347536019901322,0.49653765832650265,0.09724682453571942,-0.0009427411882454148,0.0017039042117026047,-0.11307292405592888
CMP037,RWE AG,RWE.DE,^GDAXI,EUR,Xetra,PRIMARY_DIRECT,Raw Materials & Energy,False,2023-07-17,36.10960006713867,16068.650390625,-0.005576741254333384,-0.0022613947761986886,-0.0033153464781346953,-0.03616932822150265,0.14211057712396946,-0.16488342222836805,2026-02-28,803,ok,0.00016347536019901322,0.49653765832650265,0.09724682453571942,-0.0009593923065264691,-0.004617348947806915,-0.11769027300373579
CMP037,RWE AG,RWE.DE,^GDAXI,EUR,Xetra,PRIMARY_DIRECT,Raw Materials & Energy,False,2023-07-18,35.9991455078125,16125.490234375,-0.0030588696391209425,0.0035373128650033614,-0.006596182504124304,-0.03911756060065941,0.14615057956168642,-0.17147960473249235,2026-02-28,803,ok,0.00016347536019901322,0.49653765832650265,0.09724682453571942,0.0019198844069559945,-0.004978754046076937,-0.12266902704981272
CMP037,RWE AG,RWE.DE,^GDAXI,EUR,Xetra,PRIMARY_DIRECT,Raw Materials & Energy,False,2023-07-19,36.10960006713867,16108.9296875,0.003068255031281275,-0.0010269794365506124,0.0040952344678318875,-0.03616932822150254,0.14497350648528595,-0.16738437026466046,2026-02-28,803,ok,0.00016347536019901322,0.49653765832650265,0.09724682453571942,-0.00034645860437529895,0.003414713635656574,-0.11925431341415615
CMP037,RWE AG,RWE.DE,^GDAXI,EUR,Xetra,PRIMARY_DIRECT,Raw Materials & Energy,False,2023-07-20,36.48698806762695,16204.2197265625,0.01045118195124295,0.005915355080135631,0.004535826871107318,-0.026096158500556688,0.1517464313334944,-0.16284854339355315,2026-02-28,803,ok,0.00016347536019901322,0.49653765832650265,0.09724682453571942,0.003100671919859341,0.007350510031383609,-0.11190380338277255
CMP037,RWE AG,RWE.DE,^GDAXI,EUR,Xetra,PRIMARY_DIRECT,Raw Materials & Energy,False,2023-07-21,36.88278579711914,16177.2197265625,0.010847640500185829,-0.0016662326514704784,0.012513873151656307,-0.015531599746220759,0.14982735382339185,-0.15033467024189684,2026-02-28,803,ok,0.00016347536019901322,0.49653765832650265,0.09724682453571942,-0.0006638718987892977,0.011511512398975127,-0.10039229098379741
CMP037,RWE AG,RWE.DE,^GDAXI,EUR,Xetra,PRIMARY_DIRECT,Raw Materials & Energy,False,2023-07-24,36.68028259277344,16190.9501953125,-0.005490453065546963,0.0008487533075571818,-0.006339206373104145,-0.020936777292328235,0.1508032735930691,-0.15667387661500098,2026-02-28,803,ok,0.00016347536019901322,0.49653765832650265,0.09724682453571942,0.0005849133400303302,-0.0060753664055772936,-0.1064676573893747
CMP037,RWE AG,RWE.DE,^GDAXI,EUR,Xetra,PRIMARY_DIRECT,Raw Materials & Energy,False,2023-07-25,36.75392532348633,16211.58984375,0.002007692566888819,0.001274764494271441,0.0007329280726173781,-0.018971119337583775,0.1522702767461368,-0.1559409485423836,2026-02-28,803,ok,0.00016347536019901322,0.49653765832650265,0.09724682453571942,0.0007964439371023229,0.0012112486297864962,-0.10525640875958821
CMP037,RWE AG,RWE.DE,^GDAXI,EUR,Xetra,PRIMARY_DIRECT,Raw Materials & Energy,False,2023-07-26,37.3706283569336,16131.4599609375,0.016779242707259723,-0.004942752906087922,0.021721995613347644,-0.0025101976461177067,0.14657488948715103,-0.13421895292903596,2026-02-28,803,ok,0.00016347536019901322,0.49653765832650265,0.09724682453571942,-0.0022907875934763994,0.019070030300736122,-0.08618637845885209
CMP037,RWE AG,RWE.DE,^GDAXI,EUR,Xetra,PRIMARY_DIRECT,Raw Materials & Energy,False,2023-07-27,36.68948745727539,16406.029296875,-0.018226637592296036,0.017020736908027745,-0.03524737450032378,-0.02069108277563292,0.1660904390264628,-0.16946632742935974,2026-02-28,803,ok,0.00016347536019901322,0.49653765832650265,0.09724682453571942,0.008614912207502587,-0.026841549799798622,-0.11302792825865071
CMP037,RWE AG,RWE.DE,^GDAXI,EUR,Xetra,PRIMARY_DIRECT,Raw Materials & Energy,False,2023-07-28,35.83346176147461,16469.75,-0.02333163407631722,0.0038839808202182358,-0.027215614896535456,-0.043539960079986284,0.17061951192628144,-0.1966819423258952,2026-02-28,803,ok,0.00016347536019901322,0.49653765832650265,0.09724682453571942,0.002092018101655225,-0.025423652177972447,-0.13845158043662315
CMP037,RWE AG,RWE.DE,^GDAXI,EUR,Xetra,PRIMARY_DIRECT,Raw Materials & Energy,False,2023-07-31,36.01755905151367,16446.830078125,0.005137580378488327,-0.0013916375096768574,0.006529217888165184,-0.03862606974608507,0.1689904339039252,-0.19015272443773001,2026-02-28,803,ok,0.00016347536019901322,0.49653765832650265,0.09724682453571942,-0.0005275250700952592,0.005665105448583586,-0.13278647498803955
CMP037,RWE AG,RWE.DE,^GDAXI,EUR,Xetra,PRIMARY_DIRECT,Raw Materials & Energy,False,2023-08-01,35.84266662597656,16240.400390625,-0.004855754530365908,-0.012551335820910614,0.007695581290544706,-0.04329426556329119,0.1543180423965651,-0.1824571431471853,2026-02-28,803,ok,0.00016347536019901322,0.49653765832650265,0.09724682453571942,-0.0060687355371854945,0.0012129810068195867,-0.13157349398121998
CMP037,RWE AG,RWE.DE,^GDAXI,EUR,Xetra,PRIMARY_DIRECT,Raw Materials & Energy,False,2023-08-02,35.069480895996094,16020.01953125,-0.02157165754570589,-0.013569915400744592,-0.008001742144961299,-0.06393199403857297,0.1386540442156905,-0.1904588852921466,2026-02-28,803,ok,0.00016347536019901322,0.49653765832650265,0.09724682453571942,-0.006574498656575451,-0.01499715888913044,-0.14657065287035043
CMP037,RWE AG,RWE.DE,^GDAXI,EUR,Xetra,PRIMARY_DIRECT,Raw Materials & Energy,False,2023-08-03,35.14311981201172,15893.3798828125,0.0020998005711578838,-0.007905087018805768,0.010004887589963651,-0.06196643790501255,0.12965288491185034,-0.18045399770218296,2026-02-28,803,ok,0.00016347536019901322,0.49653765832650265,0.09724682453571942,-0.003761698036986036,0.00586149860814392,-0.1407091542622065
CMP037,RWE AG,RWE.DE,^GDAXI,EUR,Xetra,PRIMARY_DIRECT,Raw Materials & Energy,False,2023-08-04,35.39164352416992,15951.8603515625,0.007071760090954005,0.003679548917926656,0.0033922111730273485,-0.055332889596613755,0.13380949796216046,-0.1770617865291556,2026-02-28,803,ok,0.00016347536019901322,0.49653765832650265,0.09724682453571942,0.001990509963604132,0.005081250127349873,-0.13562790413485665
CMP037,RWE AG,RWE.DE,^GDAXI,EUR,Xetra,PRIMARY_DIRECT,Raw Materials & Energy,False,2023-08-07,35.24436569213867,15950.759765625,-0.004161373063408913,-6.89942058947901e-05,-0.004092378857514123,-0.059264001863734705,0.13373127167621268,-0.18115416538666973,2026-02-28,803,ok,0.00016347536019901322,0.49653765832650265,0.09724682453571942,0.00012921713876591756,-0.00429059020217483,-0.1399184943370315
CMP037,RWE AG,RWE.DE,^GDAXI,EUR,Xetra,PRIMARY_DIRECT,Raw Materials & Energy,False,2023-08-08,35.428462982177734,15774.9296875,0.005223453066148576,-0.011023304263156564,0.01624675732930514,-0.05435011152983349,0.12123380691587027,-0.1649074080573646,2026-02-28,803,ok,0.00016347536019901322,0.49653765832650265,0.09724682453571942,-0.0053100103256493005,0.010533463391797875,-0.12938503094523363
CMP037,RWE AG,RWE.DE,^GDAXI,EUR,Xetra,PRIMARY_DIRECT,Raw Materials & Energy,False,2023-08-09,35.91630554199219,15852.580078125,0.013769791821334865,0.004922392185781277,0.008847399635553588,-0.04132870942973077,0.12675295944546683,-0.156060008421811,2026-02-28,803,ok,0.00016347536019901322,0.49653765832650265,0.09724682453571942,0.0026076284494915233,0.011162163371843342,-0.11822286757339029
CMP037,RWE AG,RWE.DE,^GDAXI,EUR,Xetra,PRIMARY_DIRECT,Raw Materials & Energy,False,2023-08-10,35.49289321899414,15996.51953125,-0.011788860702919624,0.00907987547866873,-0.020868736181588354,-0.05263035173415187,0.13698373601245306,-0.17692874460339936,2026-02-28,803,ok,0.00016347536019901322,0.49653765832650265,0.09724682453571942,0.0046719754682734175,-0.016460836171193042,-0.13468370374458333
CMP037,RWE AG,RWE.DE,^GDAXI,EUR,Xetra,PRIMARY_DIRECT,Raw Materials & Energy,False,2023-08-11,35.824256896972656,15832.169921875,0.009336057106812179,-0.010274085500532437,0.019610142607344616,-0.04378565459668138,0.12530226789594634,-0.15731860199605474,2026-02-28,803,ok,0.00016347536019901322,0.49653765832650265,0.09724682453571942,-0.004937994995681636,0.014274052102493814,-0.12040965164208951
CMP037,RWE AG,RWE.DE,^GDAXI,EUR,Xetra,PRIMARY_DIRECT,Raw Materials & Energy,False,2023-08-14,35.96232604980469,15904.25,0.003854068857006787,0.004552760517394949,-0.0006986916603881621,-0.04010033866743934,0.13042549963135808,-0.1580172936564429,2026-02-28,803,ok,0.00016347536019901322,0.49653765832650265,0.09724682453571942,0.0024240924064276577,0.0014299764505791295,-0.11897967519151038
CMP037,RWE AG,RWE.DE,^GDAXI,EUR,Xetra,PRIMARY_DIRECT,Raw Materials & Energy,False,2023-08-15,35.667781829833984,15767.2802734375,-0.008190355083338763,-0.008612146222707784,0.000421791139369021,-0.04796225773812968,0.12069010993465534,-0.15759550251707388,2026-02-28,803,ok,0.00016347536019901322,0.49653765832650265,0.09724682453571942,-0.004112779558389745,-0.004077575524949018,-0.1230572507164594
CMP037,RWE AG,RWE.DE,^GDAXI,EUR,Xetra,PRIMARY_DIRECT,Raw Materials & Energy,False,2023-08-16,35.787437438964844,15789.4501953125,0.0033547252728447496,0.0014060714016956855,0.0019486538711490642,-0.044768432663461755,0.12226588024839757,-0.15564684864592482,2026-02-28,803,ok,0.00016347536019901322,0.49653765832650265,0.09724682453571942,0.0008616427614368522,0.0024930825114078976,-0.1205641682050515
CMP037,RWE AG,RWE.DE,^GDAXI,EUR,Xetra,PRIMARY_DIRECT,Raw Materials & Energy,False,2023-08-17,35.41925430297852,15676.900390625,-0.01028805531589827,-0.007128164900948475,-0.0031598904149497953,-0.05459590786771229,0.11426618399127886,-0.1588067390608746,2026-02-28,803,ok,0.00016347536019901322,0.49653765832650265,0.09724682453571942,-0.0033759269478831093,-0.006912128368015161,-0.12747629657306667
CMP037,RWE AG,RWE.DE,^GDAXI,EUR,Xetra,PRIMARY_DIRECT,Raw Materials & Energy,False,2023-08-18,35.29959487915039,15574.259765625,-0.0033783721928349886,-0.006547252482472898,0.00316888028963791,-0.057789834763564474,0.10697080195200637,-0.1556378587712367,2026-02-28,803,ok,0.00016347536019901322,0.49653765832650265,0.09724682453571942,-0.0030874820559204613,-0.00029089013691452727,-0.1277671867099812
CMP037,RWE AG,RWE.DE,^GDAXI,EUR,Xetra,PRIMARY_DIRECT,Raw Materials & Energy,False,2023-08-21,35.133914947509766,15603.2802734375,-0.0046935363481602765,0.0018633635401763549,-0.006556899888336631,-0.062212132421707755,0.10903349098440351,-0.16219475865957333,2026-02-28,803,ok,0.00016347536019901322,0.49653765832650265,0.09724682453571942,0.0010887055290491625,-0.005782241877209439,-0.13354942858719063
CMP037,RWE AG,RWE.DE,^GDAXI,EUR,Xetra,PRIMARY_DIRECT,Raw Materials & Energy,False,2023-08-22,35.4744873046875,15705.6201171875,0.009693549884393748,0.006558867235386456,0.003134682649007292,-0.05312163894635835,0.11630749441136734,-0.15906007601056604,2026-02-28,803,ok,0.00016347536019901322,0.49653765832650265,0.09724682453571942,0.0034201999385322264,0.006273349945861522,-0.12727607864132912
CMP037,RWE AG,RWE.DE,^GDAXI,EUR,Xetra,PRIMARY_DIRECT,Raw Materials & Energy,False,2023-08-23,35.69539260864258,15728.41015625,0.006227159875708432,0.0014510754043743912,0.004776084471334041,-0.047225276009228545,0.11792734076022637,-0.154283991539232,2026-02-28,803,ok,0.00016347536019901322,0.49653765832650265,0.09724682453571942,0.0008839889435422564,0.005343170932166176,-0.12193290770916294
CMP037,RWE AG,RWE.DE,^GDAXI,EUR,Xetra,PRIMARY_DIRECT,Raw Materials & Energy,False,2023-08-24,35.879486083984375,15621.490234375,0.0051573455812676805,-0.006797884898272044,0.011955230479539725,-0.04231148749651126,0.1103277993731071,-0.14232876105969228,2026-02-28,803,ok,0.00016347536019901322,0.49653765832650265,0.09724682453571942,-0.0032119304887620833,0.008369276070029763,-0.11356363163913318
CMP037,RWE AG,RWE.DE,^GDAXI,EUR,Xetra,PRIMARY_DIRECT,Raw Materials & Energy,False,2023-08-25,36.14641952514648,15631.8203125,0.007439723092389938,0.0006612735385687074,0.006778449553821231,-0.035186550154722496,0.11106202976596968,-0.13555031150587105,2026-02-28,803,ok,0.00016347536019901322,0.49653765832650265,0.09724682453571942,0.0004918225745531994,0.006947900517836739,-0.10661573112129644
CMP037,RWE AG,RWE.DE,^GDAXI,EUR,Xetra,PRIMARY_DIRECT,Raw Materials & Energy,False,2023-08-28,36.312103271484375,15792.6103515625,0.004583683488281087,0.01028607262929726,-0.005702389141016173,-0.030764150675395174,0.12249049449979688,-0.14125270064688722,2026-02-28,803,ok,0.00016347536019901322,0.49653765832650265,0.09724682453571942,0.005270897776926607,-0.00068721428864552,-0.10730294540994195
CMP037,RWE AG,RWE.DE,^GDAXI,EUR,Xetra,PRIMARY_DIRECT,Raw Materials & Energy,False,2023-08-29,36.76312255859375,15930.8798828125,0.012420632419371858,0.00875533101697279,0.003665301402399068,-0.01872562846325654,0.13231827034254806,-0.13758739924448815,2026-02-28,803,ok,0.00016347536019901322,0.49653765832650265,0.09724682453571942,0.00451082692124008,0.007909805498131778,-0.09939313991181017
CMP037,RWE AG,RWE.DE,^GDAXI,EUR,Xetra,PRIMARY_DIRECT,Raw Materials & Energy,False,2023-08-30,35.03266906738281,15891.9296875,-0.047070362112274555,-0.002444949406374075,-0.04462541270590048,-0.06491456846298571,0.12954980945964745,-0.18221281195038863,2026-02-28,803,ok,0.00016347536019901322,0.49653765832650265,0.09724682453571942,-0.0010505340927687429,-0.04601982801950581,-0.14541296793131597
CMP037,RWE AG,RWE.DE,^GDAXI,EUR,Xetra,PRIMARY_DIRECT,Raw Materials & Energy,False,2023-08-31,35.03266906738281,15947.080078125,0.0,0.003470339455905025,-0.003470339455905025,-0.06491456846298571,0.13346973073082524,-0.18568315140629366,2026-02-28,803,ok,0.00016347536019901322,0.49653765832650265,0.09724682453571942,0.0018866295872321634,-0.0018866295872321634,-0.14729959751854813
CMP037,RWE AG,RWE.DE,^GDAXI,EUR,Xetra,PRIMARY_DIRECT,Raw Materials & Energy,False,2023-09-01,34.876182556152344,15840.33984375,-0.004466873789418568,-0.006693403046330593,0.0022265292569120243,-0.06909147706798557,0.12588296098222806,-0.18345662214938163,2026-02-28,803,ok,0.00016347536019901322,0.49653765832650265,0.09724682453571942,-0.003160051314661459,-0.0013068224747571095,-0.14860641999330523
CMP037,RWE AG,RWE.DE,^GDAXI,EUR,Xetra,PRIMARY_DIRECT,Raw Materials & Energy,False,2023-09-04,34.1766357421875,15824.849609375,-0.020058009870734583,-0.0009778978562200447,-0.01908011201451454,-0.08776364940970682,0.12478196244832884,-0.20253673416389617,2026-02-28,803,ok,0.00016347536019901322,0.49653765832650265,0.09724682453571942,-0.0003220877514109947,-0.01973592211932359,-0.16834234211262883
CMP037,RWE AG,RWE.DE,^GDAXI,EUR,Xetra,PRIMARY_DIRECT,Raw Materials & Energy,False,2023-09-05,33.6519775390625,15771.7099609375,-0.015351370658094443,-0.0033579875796114766,-0.011993383078482966,-0.10176772775540577,0.12100495858865634,-0.21453011724237914,2026-02-28,803,ok,0.00016347536019901322,0.49653765832650265,0.09724682453571942,-0.0015038919292707498,-0.013847478728823694,-0.18218982084145252
CMP037,RWE AG,RWE.DE,^GDAXI,EUR,Xetra,PRIMARY_DIRECT,Raw Materials & Energy,False,2023-09-06,34.10300064086914,15741.3701171875,0.013402573482735214,-0.0019236876549939552,0.015326261137729169,-0.08972910372208343,0.11884849518863239,-0.19920385610464997,2026-02-28,803,ok,0.00016347536019901322,0.49653765832650265,0.09724682453571942,-0.0007917080033632864,0.0141942814860985,-0.16799553935535402
CMP037,RWE AG,RWE.DE,^GDAXI,EUR,Xetra,PRIMARY_DIRECT,Raw Materials & Energy,False,2023-09-07,34.222660064697266,15718.66015625,0.003508765257586255,-0.001442692775052934,0.004951458032639189,-0.08653517682623157,0.117234340548245,-0.19425239807201078,2026-02-28,803,ok,0.00016347536019901322,0.49653765832650265,0.09724682453571942,-0.0005528759320103344,0.00406164118959659,-0.16393389816575743
CMP037,RWE AG,RWE.DE,^GDAXI,EUR,Xetra,PRIMARY_DIRECT,Raw Materials & Energy,False,2023-09-08,34.14902114868164,15740.2998046875,-0.002151758977134266,0.0013766853041157212,-0.003528444281249987,-0.0885007329597921,0.11877242064613114,-0.19778084235326077,2026-02-28,803,ok,0.00016347536019901322,0.49653765832650265,0.09724682453571942,0.0008470514573571426,-0.0029988104344914088,-0.16693270860024884
CMP037,RWE AG,RWE.DE,^GDAXI,EUR,Xetra,PRIMARY_DIRECT,Raw Materials & Energy,False,2023-09-11,33.836063385009766,15800.990234375,-0.009164472454694539,0.003855735306224961,-0.0130202077609195,-0.09685414288505634,0.12308611096804722,-0.21080105011418027,2026-02-28,803,ok,0.00016347536019901322,0.49653765832650265,0.09724682453571942,0.002077993140278776,-0.011242465594973316,-0.17817517419522216
CMP037,RWE AG,RWE.DE,^GDAXI,EUR,Xetra,PRIMARY_DIRECT,Raw Materials & Energy,False,2023-09-12,33.477088928222656,15715.5302734375,-0.010609226395590254,-0.005408519318718552,-0.005200707076871702,-0.10643582175142818,0.117011878040292,-0.21600175719105197,2026-02-28,803,ok,0.00016347536019901322,0.49653765832650265,0.09724682453571942,-0.0025220581573311483,-0.008087168238259106,-0.18626234243348128
CMP037,RWE AG,RWE.DE,^GDAXI,EUR,Xetra,PRIMARY_DIRECT,Raw Materials & Energy,False,2023-09-13,33.30220031738281,15654.0302734375,-0.005224128394640815,-0.003913326431240316,-0.0013108019634004986,-0.11110391574745049,0.11264064593394751,-0.21731255915445247,2026-02-28,803,ok,0.00016347536019901322,0.49653765832650265,0.09724682453571942,-0.001779638582236263,-0.003444489812404552,-0.18970683224588583
CMP037,RWE AG,RWE.DE,^GDAXI,EUR,Xetra,PRIMARY_DIRECT,Raw Materials & Energy,False,2023-09-14,33.891292572021484,15805.2900390625,0.01768928926690716,0.009662672358674573,0.008026616908232587,-0.0953799757848861,0.12339172794855124,-0.20928594224621988,2026-02-28,803,ok,0.00016347536019901322,0.49653765832650265,0.09724682453571942,0.00496135606635151,0.012727933200555649,-0.17697889904533018
CMP037,RWE AG,RWE.DE,^GDAXI,EUR,Xetra,PRIMARY_DIRECT,Raw Materials & Energy,False,2023-09-15,33.771636962890625,15893.5302734375,-0.0035305708354611554,0.005582955716530114,-0.009113526551991269,-0.09857380085955414,0.12966357421800434,-0.21839946879821115,2026-02-28,803,ok,0.00016347536019901322,0.49653765832650265,0.09724682453571942,0.0029356231182254373,-0.006466193953686593,-0.18344509299901676
CMP037,RWE AG,RWE.DE,^GDAXI,EUR,Xetra,PRIMARY_DIRECT,Raw Materials & Energy,False,2023-09-18,33.27458953857422,15727.1201171875,-0.014717895518733037,-0.010470307942101242,-0.004247587576631795,-0.11184089747635184,0.11783564872496699,-0.22264705637484294,2026-02-28,803,ok,0.00016347536019901322,0.49653765832650265,0.09724682453571942,-0.0050354268273293205,-0.009682468691403717,-0.19312756169042047
CMP037,RWE AG,RWE.DE,^GDAXI,EUR,Xetra,PRIMARY_DIRECT,Raw Materials & Energy,False,2023-09-19,33.41265869140625,15664.48046875,0.004149387107299063,-0.003982906467983494,0.008132293575282556,-0.10815558154710991,0.11338341388951778,-0.2145147627995604,2026-02-28,803,ok,0.00016347536019901322,0.49653765832650265,0.09724682453571942,-0.0018141876907469922,0.005963574798046056,-0.18716398689237443
CMP037,RWE AG,RWE.DE,^GDAXI,EUR,Xetra,PRIMARY_DIRECT,Raw Materials & Energy,False,2023-09-20,33.872886657714844,15781.58984375,0.013774060021957135,0.007476109739715131,0.006297950282242004,-0.09587126299709237,0.12170719047413447,-0.20821681251731838,2026-02-28,803,ok,0.00016347536019901322,0.49653765832650265,0.09724682453571942,0.0038756453837491237,0.009898414638208012,-0.17726557225416642
CMP037,RWE AG,RWE.DE,^GDAXI,EUR,Xetra,PRIMARY_DIRECT,Raw Materials & Energy,False,2023-09-21,33.70720291137695,15571.8603515625,-0.004891338255641586,-0.013289503419109505,0.008398165163467919,-0.10029366247641958,0.1068002589310888,-0.19981864735385046,2026-02-28,803,ok,0.00016347536019901322,0.49653765832650265,0.09724682453571942,-0.006435263547847671,0.0015439252922060847,-0.17572164696196033
CMP037,RWE AG,RWE.DE,^GDAXI,EUR,Xetra,PRIMARY_DIRECT,Raw Materials & Energy,False,2023-09-22,33.697998046875,15557.2900390625,-0.0002730830121430161,-0.0009356821966707285,0.0006625991845277124,-0.10053935699311467,0.10576464563353638,-0.19915604816932275,2026-02-28,803,ok,0.00016347536019901322,0.49653765832650265,0.09724682453571942,-0.00030112608667366844,2.8043074530652323e-05,-0.17569360388742966
CMP037,RWE AG,RWE.DE,^GDAXI,EUR,Xetra,PRIMARY_DIRECT,Raw Materials & Energy,False,2023-09-25,32.98004150390625,15405.490234375,-0.02130561411897669,-0.009757470890261022,-0.011548143228715668,-0.119702918368226,0.09497517929228727,-0.21070419139803842,2026-02-28,803,ok,0.00016347536019901322,0.49653765832650265,0.09724682453571942,-0.0046814763868402096,-0.01662413773213648,-0.19231774161956613
CMP037,RWE AG,RWE.DE,^GDAXI,EUR,Xetra,PRIMARY_DIRECT,Raw Materials & Energy,False,2023-09-26,32.75912857055664,15255.8701171875,-0.006698382514874757,-0.009712129566227357,0.0030137470513526,-0.12559948494772355,0.0843406384791976,-0.20769044434668582,2026-02-28,803,ok,0.00016347536019901322,0.49653765832650265,0.09724682453571942,-0.00465896271197911,-0.0020394198028956464,-0.1943571614224618
CMP037,RWE AG,RWE.DE,^GDAXI,EUR,Xetra,PRIMARY_DIRECT,Raw Materials & Energy,False,2023-09-27,32.05038070678711,15217.4501953125,-0.021635125679336342,-0.002518369754060501,-0.01911675592527584,-0.14451724998495596,0.08160986781215285,-0.22680720027196166,2026-02-28,803,ok,0.00016347536019901322,0.49653765832650265,0.09724682453571942,-0.0010869900602824784,-0.020548135619053862,-0.21490529704151565
CMP037,RWE AG,RWE.DE,^GDAXI,EUR,Xetra,PRIMARY_DIRECT,Raw Materials & Energy,False,2023-09-28,31.9215145111084,15323.5,-0.004020738376172339,0.006968960195458118,-0.010989698571630457,-0.14795692230809487,0.08914756392795042,-0.23779689884359212,2026-02-28,803,ok,0.00016347536019901322,0.49653765832650265,0.09724682453571942,0.0036238265366223934,-0.0076445649127947326,-0.22254986195431037
CMP037,RWE AG,RWE.DE,^GDAXI,EUR,Xetra,PRIMARY_DIRECT,Raw Materials & Energy,False,2023-09-29,32.3541259765625,15386.580078125,0.013552347752910032,0.004116558105197843,0.00943578964771219,-0.13640973821875446,0.09363110315999457,-0.22836110919587993,2026-02-28,803,ok,0.00016347536019901322,0.49653765832650265,0.09724682453571942,0.002207501482118935,0.011344846270791097,-0.21120501568351926
CMP037,RWE AG,RWE.DE,^GDAXI,EUR,Xetra,PRIMARY_DIRECT,Raw Materials & Energy,False,2023-10-02,31.332422256469727,15247.2099609375,-0.03157877671716125,-0.009057900877248337,-0.022520875839912913,-0.16368086227065926,0.0837251010312956,-0.25088198503579284,2026-02-28,803,ok,0.00016347536019901322,0.49653765832650265,0.09724682453571942,-0.00433411353074345,-0.0272446631864178,-0.23844967886993707
CMP037,RWE AG,RWE.DE,^GDAXI,EUR,Xetra,PRIMARY_DIRECT,Raw Materials & Energy,False,2023-10-03,30.126617431640625,15085.2099609375,-0.038484251710865336,-0.010624894680078212,-0.027859357030787124,-0.19586597847764908,0.07221063597068089,-0.27874134206657997,2026-02-28,803,ok,0.00016347536019901322,0.49653765832650265,0.09724682453571942,-0.005112184964212737,-0.0333720667466526,-0.27182174561658967
CMP037,RWE AG,RWE.DE,^GDAXI,EUR,Xetra,PRIMARY_DIRECT,Raw Materials & Energy,False,2023-10-04,30.191049575805664,15099.919921875,0.0021387115334550177,0.0009751247066225321,0.0011635868268324856,-0.1941461677713756,0.07325617505251936,-0.2775777552397475,2026-02-28,803,ok,0.00016347536019901322,0.49653765832650265,0.09724682453571942,0.0006476614986016833,0.0014910500348533345,-0.27033069558173634
CMP037,RWE AG,RWE.DE,^GDAXI,EUR,Xetra,PRIMARY_DIRECT,Raw Materials & Energy,False,2023-10-05,30.41196060180664,15070.2197265625,0.007317103217836074,-0.0019669107827170462,0.00928401400055312,-0.18824965210247002,0.071145175909191,-0.26829374123919436,2026-02-28,803,ok,0.00016347536019901322,0.49653765832650265,0.09724682453571942,-0.0008131699139884574,0.00813027313182453,-0.2622004224499118
CMP037,RWE AG,RWE.DE,^GDAXI,EUR,Xetra,PRIMARY_DIRECT,Raw Materials & Energy,False,2023-10-06,30.126617431640625,15229.76953125,-0.009382596995376358,0.010587092131528753,-0.01996968912690511,-0.19586597847764908,0.08248548857278415,-0.28826343036609947,2026-02-28,803,ok,0.00016347536019901322,0.49653765832650265,0.09724682453571942,0.005420365295675242,-0.014802962291051599,-0.2770033847409634
CMP037,RWE AG,RWE.DE,^GDAXI,EUR,Xetra,PRIMARY_DIRECT,Raw Materials & Energy,False,2023-10-09,30.45798110961914,15128.1103515625,0.010999033619701892,-0.006675030733649945,0.017674064353351837,-0.1870212813401787,0.07525986466783063,-0.27058936601274763,2026-02-28,803,ok,0.00016347536019901322,0.49653765832650265,0.09724682453571942,-0.0031509287695449676,0.014149962389246859,-0.26285342235171655
CMP037,RWE AG,RWE.DE,^GDAXI,EUR,Xetra,PRIMARY_DIRECT,Raw Materials & Energy,False,2023-10-10,31.544124603271484,15423.51953125,0.03566039028467727,0.019527169806570654,0.016133220478106614,-0.1580301429396327,0.09625664663138944,-0.254456145534641,2026-02-28,803,ok,0.00016347536019901322,0.49653765832650265,0.09724682453571942,0.009859450529697592,0.025800939754979678,-0.23705248259673686
CMP037,RWE AG,RWE.DE,^GDAXI,EUR,Xetra,PRIMARY_DIRECT,Raw Materials & Energy,False,2023-10-11,31.875492095947266,15460.009765625,0.01050488789412829,0.002365882462888269,0.00813900543124002,-0.14918534398097827,0.09885026100647942,-0.246317140103401,2026-02-28,803,ok,0.00016347536019901322,0.49653765832650265,0.09724682453571942,0.0013382250981972931,0.009166662795930997,-0.22788581980080586
CMP037,RWE AG,RWE.DE,^GDAXI,EUR,Xetra,PRIMARY_DIRECT,Raw Materials & Energy,False,2023-10-12,31.29560089111328,15425.0302734375,-0.018192384390128824,-0.002262578919275726,-0.015929805470853098,-0.1646636912480316,0.09636402557048562,-0.2622469455742541,2026-02-28,803,ok,0.00016347536019901322,0.49653765832650265,0.09724682453571942,-0.0009599802781570648,-0.017232404111971758,-0.2451182239127776
CMP037,RWE AG,RWE.DE,^GDAXI,EUR,Xetra,PRIMARY_DIRECT,Raw Materials & Energy,False,2023-10-13,31.332422256469727,15186.66015625,0.0011765668115641947,-0.015453461870864715,0.01663002868242891,-0.16368086227065948,0.07942140590474445,-0.2456169168918252,2026-02-28,803,ok,0.00016347536019901322,0.49653765832650265,0.09724682453571942,-0.0075097504101980465,0.008686317221762241,-0.23643190669101535
CMP037,RWE AG,RWE.DE,^GDAXI,EUR,Xetra,PRIMARY_DIRECT,Raw Materials & Energy,False,2023-10-16,31.29560089111328,15237.990234375,-0.0011751841289207032,0.0033799451358549337,-0.004555129264775637,-0.1646636912480316,0.08306979103516987,-0.2501720461566008,2026-02-28,803,ok,0.00016347536019901322,0.49653765832650265,0.09724682453571942,0.0018417454032284748,-0.003016929532149178,-0.23944883622316454
CMP037,RWE AG,RWE.DE,^GDAXI,EUR,Xetra,PRIMARY_DIRECT,Raw Materials & Energy,False,2023-10-17,31.148326873779297,15251.6904296875,-0.004705901568926363,0.0008990815128357976,-0.00560498308176216,-0.16859470169396862,0.0840435590614006,-0.255777029238363,2026-02-28,803,ok,0.00016347536019901322,0.49653765832650265,0.09724682453571942,0.0006099031892271496,-0.0053158047581535126,-0.24476464098131806
CMP037,RWE AG,RWE.DE,^GDAXI,EUR,Xetra,PRIMARY_DIRECT,Raw Materials & Energy,False,2023-10-18,30.98264503479004,15094.91015625,-0.005319124833274125,-0.010279534203784135,0.0049604093705100105,-0.17301705026270386,0.07290009621763693,-0.250816619867853,2026-02-28,803,ok,0.00016347536019901322,0.49653765832650265,0.09724682453571942,-0.004940700482035151,-0.00037842435123897414,-0.24514306533255703
CMP037,RWE AG,RWE.DE,^GDAXI,EUR,Xetra,PRIMARY_DIRECT,Raw Materials & Energy,False,2023-10-19,31.516511917114254,15045.23046875,0.017231158983513017,-0.0032911548982906824,0.0205223138818037,-0.158767175579126,0.06936901581059374,-0.23029430598604927,2026-02-28,803,ok,0.00016347536019901322,0.49653765832650265,0.09724682453571942,-0.0014707069861880414,0.01870186596970106,-0.22644119936285598
CMP037,RWE AG,RWE.DE,^GDAXI,EUR,Xetra,PRIMARY_DIRECT,Raw Materials & Energy,False,2023-10-20,31.41526222229004,14798.4697265625,-0.003212592024475769,-0.01640126036620304,0.013188668341727272,-0.16146971344158778,0.051830016154733816,-0.217105637644322,2026-02-28,803,ok,0.00016347536019901322,0.49653765832650265,0.09724682453571942,-0.007980368055638723,0.004767776031162954,-0.22167342333169301
CMP037,RWE AG,RWE.DE,^GDAXI,EUR,Xetra,PRIMARY_DIRECT,Raw Materials & Energy,False,2023-10-23,31.28639793395996,14800.7197265625,-0.004101964434301109,0.00015204274776881022,-0.004254007182069919,-0.16490933485413473,0.0519899392805756,-0.22135964482639192,2026-02-28,803,ok,0.00016347536019901322,0.49653765832650265,0.09724682453571942,0.00023897031014166533,-0.004340934744442774,-0.2260143580761358
CMP037,RWE AG,RWE.DE,^GDAXI,EUR,Xetra,PRIMARY_DIRECT,Raw Materials & Energy,False,2023-10-24,32.28049087524414,14879.9404296875,0.03177396590628723,0.005352489918637238,0.02642147598764999,-0.13837519253113129,0.05762070482508275,-0.19493816883874193,2026-02-28,803,ok,0.00016347536019901322,0.49653765832650265,0.09724682453571942,0.00282118817061536,0.028952777735671866,-0.19706158034046392
CMP037,RWE AG,RWE.DE,^GDAXI,EUR,Xetra,PRIMARY_DIRECT,Raw Materials & Energy,False,2023-10-25,32.50140380859375,14892.1796875,0.006843543185367951,0.000822534059886415,0.006021009125481536,-0.13247862595163373,0.058490633877242404,-0.1889171597132604,2026-02-28,803,ok,0.00016347536019901322,0.49653765832650265,0.09724682453571942,0.0005718944961888051,0.0062716486891791455,-0.19078993165128477
CMP037,RWE AG,RWE.DE,^GDAXI,EUR,Xetra,PRIMARY_DIRECT,Raw Materials & Energy,False,2023-10-26,32.63946914672852,14731.0498046875,0.004247980762549952,-0.010819764882889937,0.01506774564543989,-0.1287934118435754,0.04703801408794961,-0.1738494140678205,2026-02-28,803,ok,0.00016347536019901322,0.49653765832650265,0.09724682453571942,-0.005208945358394482,0.009456926120944434,-0.18133300553034035
CMP037,RWE AG,RWE.DE,^GDAXI,EUR,Xetra,PRIMARY_DIRECT,Raw Materials & Energy,False,2023-10-27,32.73151779174805,14687.41015625,0.0028201636676663533,-0.00296242623683296,0.005782589904499313,-0.12633646667662513,0.04393624120405404,-0.1680668241633212,2026-02-28,803,ok,0.00016347536019901322,0.49653765832650265,0.09724682453571942,-0.0013074808264030183,0.004127644494069372,-0.17720536103627096
CMP037,RWE AG,RWE.DE,^GDAXI,EUR,Xetra,PRIMARY_DIRECT,Raw Materials & Energy,False,2023-10-30,32.95242691040039,14716.5400390625,0.006749125416604995,0.0019833233022437113,0.004765802114361284,-0.12044000191831139,0.0460067042772907,-0.1633010220489599,2026-02-28,803,ok,0.00016347536019901322,0.49653765832650265,0.09724682453571942,0.001148270068399492,0.005600855348205503,-0.17160450568806546
CMP037,RWE AG,RWE.DE,^GDAXI,EUR,Xetra,PRIMARY_DIRECT,Raw Materials & Energy,False,2023-10-31,33.25617599487305,14810.33984375,0.009217806181577082,0.00637376750503349,0.002844038676543592,-0.11233238833092607,0.052673707819060445,-0.16045698337241632,2026-02-28,803,ok,0.00016347536019901322,0.49653765832650265,0.09724682453571942,0.003328290951865897,0.005889515229711185,-0.16571499045835428
CMP037,RWE AG,RWE.DE,^GDAXI,EUR,Xetra,PRIMARY_DIRECT,Raw Materials & Energy,False,2023-11-01,33.4218635559082,14923.26953125,0.004982159135214381,0.007625057135178137,-0.002642897999963756,-0.10790988703041504,0.060700404985880585,-0.16309988137238007,2026-02-28,803,ok,0.00016347536019901322,0.49653765832650265,0.09724682453571942,0.003949603374706156,0.001032555760508225,-0.16468243469784605
CMP037,RWE AG,RWE.DE,^GDAXI,EUR,Xetra,PRIMARY_DIRECT,Raw Materials & Energy,False,2023-11-02,33.6519775390625,15143.599609375,0.006885133223327289,0.014764196120938378,-0.007879062897611089,-0.10176772775540632,0.07636079379065097,-0.17097894426999116,2026-02-28,803,ok,0.00016347536019901322,0.49653765832650265,0.09724682453571942,0.00749445472916299,-0.0006093215058357009,-0.16529175620368175
CMP037,RWE AG,RWE.DE,^GDAXI,EUR,Xetra,PRIMARY_DIRECT,Raw Materials & Energy,False,2023-11-03,33.909706115722656,15189.25,0.0076586458065055485,0.0030145006340989156,0.004644145172406633,-0.09488848493031232,0.07960548408605206,-0.16633479909758453,2026-02-28,803,ok,0.00016347536019901322,0.49653765832650265,0.09724682453571942,0.001660288446078246,0.005998357360427303,-0.15929339884325444
CMP037,RWE AG,RWE.DE,^GDAXI,EUR,Xetra,PRIMARY_DIRECT,Raw Materials & Energy,False,2023-11-06,33.9005012512207,15135.9697265625,-0.0002714522051751045,-0.003507761965699463,0.0032363097605243585,-0.09513417944700742,0.0758184850310144,-0.16309848933706017,2026-02-28,803,ok,0.00016347536019901322,0.49653765832650265,0.09724682453571942,-0.0015782605522161681,0.0013068083470410637,-0.15798659049621339
CMP037,RWE AG,RWE.DE,^GDAXI,EUR,Xetra,PRIMARY_DIRECT,Raw Materials & Energy,False,2023-11-07,33.56913757324219,15152.6396484375,-0.009774595234534611,0.0011013448213856858,-0.010875940055920297,-0.10397887658447791,0.07700333214825439,-0.17397442939298047,2026-02-28,803,ok,0.00016347536019901322,0.49653765832650265,0.09724682453571942,0.000710334538819882,-0.010484929773354494,-0.16847152026956788
CMP037,RWE AG,RWE.DE,^GDAXI,EUR,Xetra,PRIMARY_DIRECT,Raw Materials & Energy,False,2023-11-08,33.09969711303711,15229.599609375,-0.013984287179878763,0.00507898047621258,-0.019063267656091343,-0.11650909329355819,0.08247341104505135,-0.1930376970490718,2026-02-28,803,ok,0.00016347536019901322,0.49653765832650265,0.09724682453571942,0.002685380432543633,-0.016669667612422397,-0.18514118788199027
CMP037,RWE AG,RWE.DE,^GDAXI,EUR,Xetra,PRIMARY_DIRECT,Raw Materials & Energy,False,2023-11-09,33.477088928222656,15352.5400390625,0.011401669746304188,0.008072466305143022,0.003329203441161166,-0.10643582175142852,0.0912116411819257,-0.18970849360791064,2026-02-28,803,ok,0.00016347536019901322,0.49653765832650265,0.09724682453571942,0.004171758876274325,0.007229910870029863,-0.1779112770119604
CMP037,RWE AG,RWE.DE,^GDAXI,EUR,Xetra,PRIMARY_DIRECT,Raw Materials & Energy,False,2023-11-10,33.39424514770508,15234.3896484375,-0.0024746411103785393,-0.007695820387009666,0.005221179276631127,-0.10864707240168403,0.08281387238717564,-0.18448731433127952,2026-02-28,803,ok,0.00016347536019901322,0.49653765832650265,0.09724682453571942,-0.003657789273668126,0.001183148163289587,-0.1767281288486708
CMP037,RWE AG,RWE.DE,^GDAXI,EUR,Xetra,PRIMARY_DIRECT,Raw Materials & Energy,False,2023-11-13,33.4218635559082,15345.0,0.0008270409491506481,0.007260569941759609,-0.006433528992608961,-0.10790988703041493,0.0906757182415503,-0.19092084332388848,2026-02-28,803,ok,0.00016347536019901322,0.49653765832650265,0.09724682453571942,0.003768621757196121,-0.002941580808045473,-0.17966970965671628
CMP037,RWE AG,RWE.DE,^GDAXI,EUR,Xetra,PRIMARY_DIRECT,Raw Materials & Energy,False,2023-11-14,34.66447830200195,15614.4296875,0.037179696578411914,0.01755814190290006,0.019621554675511854,-0.07474224730960455,0.1098259572724829,-0.17129928864837662,2026-02-28,803,ok,0.00016347536019901322,0.49653765832650265,0.09724682453571942,0.00888175402522945,0.028297942553182465,-0.1513717671035338
CMP037,RWE AG,RWE.DE,^GDAXI,EUR,Xetra,PRIMARY_DIRECT,Raw Materials & Energy,False,2023-11-15,34.995845794677734,15748.169921875,0.009559281111599649,0.008565169337056533,0.000994111774543116,-0.06589744835095013,0.11933180453118264,-0.1703051768738335,2026-02-28,803,ok,0.00016347536019901322,0.49653765832650265,0.09724682453571942,0.0044164044859910274,0.0051428766256086215,-0.1462288904779252
CMP037,RWE AG,RWE.DE,^GDAXI,EUR,Xetra,PRIMARY_DIRECT,Raw Materials & Energy,False,2023-11-16,35.189144134521484,15786.6103515625,0.0055234652986482224,0.002440945829147001,0.0030825194695012215,-0.06073796532153786,0.12206403283088463,-0.1672226574043323,2026-02-28,803,ok,0.00016347536019901322,0.49653765832650265,0.09724682453571942,0.0013754968863055085,0.004147968412342714,-0.14208092206558248
CMP037,RWE AG,RWE.DE,^GDAXI,EUR,Xetra,PRIMARY_DIRECT,Raw Materials & Energy,False,2023-11-17,35.2903938293457,15919.16015625,0.0028772991590009234,0.008396343593441546,-0.005519044434440623,-0.05803542745907597,0.13148526798437543,-0.1727417018387729,2026-02-28,803,ok,0.00016347536019901322,0.49653765832650265,0.09724682453571942,0.004332576146591212,-0.0014552769875902883,-0.14353619905317277
CMP037,RWE AG,RWE.DE,^GDAXI,EUR,Xetra,PRIMARY_DIRECT,Raw Materials & Energy,False,2023-11-20,35.14311981201172,15901.330078125,-0.004173204131587727,-0.0011200388682565121,-0.0030531652633312145,-0.061966437905012994,0.13021796050537326,-0.17579486710210412,2026-02-28,803,ok,0.00016347536019901322,0.49653765832650265,0.09724682453571942,-0.00039266611667974145,-0.0037805380149079854,-0.14731673706808077
CMP037,RWE AG,RWE.DE,^GDAXI,EUR,Xetra,PRIMARY_DIRECT,Raw Materials & Energy,False,2023-11-21,35.03266906738281,15900.5302734375,-0.0031428838765520384,-5.029797404176861e-05,-0.0030925859025102698,-0.06491456846298604,0.13016111283173415,-0.1788874530046144,2026-02-28,803,ok,0.00016347536019901322,0.49653765832650265,0.09724682453571942,0.00013850052194974623,-0.0032813843985017846,-0.15059812146658255
CMP037,RWE AG,RWE.DE,^GDAXI,EUR,Xetra,PRIMARY_DIRECT,Raw Materials & Energy,False,2023-11-22,34.94062042236328,15957.8203125,-0.002627508764532993,0.003603026947988308,-0.006230535712521301,-0.06737151362993665,0.13423311377683533,-0.1851179887171357,2026-02-28,803,ok,0.00016347536019901322,0.49653765832650265,0.09724682453571942,0.0019525139238404134,-0.0045800226883734065,-0.15517814415495595
CMP037,RWE AG,RWE.DE,^GDAXI,EUR,Xetra,PRIMARY_DIRECT,Raw Materials & Energy,False,2023-11-23,35.17073059082031,15994.73046875,0.0065857493563494796,0.002312982320090917,0.004272767036258562,-0.06122945617611186,0.13685657491586278,-0.18084522168087713,2026-02-28,803,ok,0.00016347536019901322,0.49653765832650265,0.09724682453571942,0.0013119581851675584,0.005273791171181921,-0.14990435298377403
CMP037,RWE AG,RWE.DE,^GDAXI,EUR,Xetra,PRIMARY_DIRECT,Raw Materials & Energy,False,2023-11-24,35.24436569213867,16029.490234375,0.002093647191326209,0.0021732010860022744,-7.955389467606544e-05,-0.05926400186373515,0.13932719285909867,-0.1809247755755532,2026-02-28,803,ok,0.00016347536019901322,0.49653765832650265,0.09724682453571942,0.001242551538515195,0.0008510956528110139,-0.149053257330963
CMP037,RWE AG,RWE.DE,^GDAXI,EUR,Xetra,PRIMARY_DIRECT,Raw Materials & Energy,False,2023-11-27,35.3364143371582,15966.3701171875,0.002611726533074288,-0.003937749501985999,0.0065494760350602865,-0.05680705669678454,0.1348408077728187,-0.1743752995404929,2026-02-28,803,ok,0.00016347536019901322,0.49653765832650265,0.09724682453571942,-0.0017917655565934665,0.004403492089667754,-0.14464976524129525
CMP037,RWE AG,RWE.DE,^GDAXI,EUR,Xetra,PRIMARY_DIRECT,Raw Materials & Energy,False,2023-11-28,36.413352966308594,15992.669921875,0.030476737647314955,0.0016471999893818978,0.028829537657933058,-0.028061612812933623,0.13671011753933215,-0.14554576188255985,2026-02-28,803,ok,0.00016347536019901322,0.49653765832650265,0.09724682453571942,0.0009813721857221407,0.029495365461592815,-0.11515439977970243
CMP037,RWE AG,RWE.DE,^GDAXI,EUR,Xetra,PRIMARY_DIRECT,Raw Materials & Energy,False,2023-11-29,36.13721084594727,16166.4501953125,-0.007583540044137638,0.010866245241502925,-0.018449785285640563,-0.0354323464926013,0.14906188844501211,-0.16399554716820042,2026-02-28,803,ok,0.00016347536019901322,0.49653765832650265,0.09724682453571942,0.005558975327216379,-0.013142515371354017,-0.12829691515105646
CMP037,RWE AG,RWE.DE,^GDAXI,EUR,Xetra,PRIMARY_DIRECT,Raw Materials & Energy,False,2023-11-30,36.23846054077149,16215.4296875,0.0028018126594175907,0.0030296998781897955,-0.00022788721877220475,-0.03272980863013952,0.15254320110846642,-0.16422343438697262,2026-02-28,803,ok,0.00016347536019901322,0.49653765832650265,0.09724682453571942,0.0016678354431474646,0.0011339772162701261,-0.12716293793478634
CMP037,RWE AG,RWE.DE,^GDAXI,EUR,Xetra,PRIMARY_DIRECT,Raw Materials & Energy,False,2023-12-01,36.58823776245117,16397.51953125,0.009652099356873833,0.011229418353950082,-0.0015773189970762491,-0.023393620638095247,0.16548559088471415,-0.16580075338404887,2026-02-28,803,ok,0.00016347536019901322,0.49653765832650265,0.09724682453571942,0.005739304454038038,0.0039127949028357955,-0.12325014303195055
CMP037,RWE AG,RWE.DE,^GDAXI,EUR,Xetra,PRIMARY_DIRECT,Raw Materials & Energy,False,2023-12-04,36.496192932128906,16404.759765625,-0.0025156945497037952,0.00044154448855526773,-0.002957239038259063,-0.025850463983861927,0.16600020462385978,-0.16875799242230793,2026-02-28,803,ok,0.00016347536019901322,0.49653765832650265,0.09724682453571942,0.0003827188265932191,-0.0028984133762970142,-0.12614855640824757
CMP037,RWE AG,RWE.DE,^GDAXI,EUR,Xetra,PRIMARY_DIRECT,Raw Materials & Energy,False,2023-12-05,36.96562576293945,16533.109375,0.012862515048721379,0.007823924958898054,0.005038590089823325,-0.013320450917149396,0.17512290272689657,-0.1637194023324846,2026-02-28,803,ok,0.00016347536019901322,0.49653765832650265,0.09724682453571942,0.004048348738212531,0.008814166310508848,-0.11733439009773872
CMP037,RWE AG,RWE.DE,^GDAXI,EUR,Xetra,PRIMARY_DIRECT,Raw Materials & Energy,False,2023-12-06,37.23255920410156,16656.439453125,0.007221125996187849,0.007459581578253438,-0.0002384555820655887,-0.006195513575360301,0.18388882788426186,-0.1639578579145502,2026-02-28,803,ok,0.00016347536019901322,0.49653765832650265,0.09724682453571942,0.0038674385291604923,0.003353687467027357,-0.11398070263071136
CMP037,RWE AG,RWE.DE,^GDAXI,EUR,Xetra,PRIMARY_DIRECT,Raw Materials & Energy,False,2023-12-07,37.28778839111328,16628.990234375,0.0014833572602130918,-0.0016479643700112456,0.0031313216302243374,-0.004721346475189958,0.18193782127785418,-0.16082653628432586,2026-02-28,803,ok,0.00016347536019901322,0.49653765832650265,0.09724682453571942,-0.0006548010090918808,0.0021381582693049727,-0.11184254436140639
CMP037,RWE AG,RWE.DE,^GDAXI,EUR,Xetra,PRIMARY_DIRECT,Raw Materials & Energy,False,2023-12-08,37.23255920410156,16759.220703125,-0.00148116017052069,0.00783153197605424,-0.00931269214657493,-0.006195513575360412,0.1911942051188995,-0.1701392284309008,2026-02-28,803,ok,0.00016347536019901322,0.49653765832650265,0.09724682453571942,0.0040521259086981135,-0.0055332860792188035,-0.11737583044062519
CMP037,RWE AG,RWE.DE,^GDAXI,EUR,Xetra,PRIMARY_DIRECT,Raw Materials & Energy,False,2023-12-11,37.44426727294922,16794.4296875,0.005686100374865832,0.0021008724092066444,0.003585227965659188,-0.0005446415125579529,0.19369675215844073,-0.1665540004652416,2026-02-28,803,ok,0.00016347536019901322,0.49653765832650265,0.09724682453571942,0.0012066376267092383,0.004479462748156594,-0.1128963676924686
CMP037,RWE AG,RWE.DE,^GDAXI,EUR,Xetra,PRIMARY_DIRECT,Raw Materials & Energy,False,2023-12-12,37.41665267944336,16791.740234375,-0.0007374852151482703,-0.00016013959241512055,-0.0005773456227331497,-0.0012817250626431242,0.1935055940470829,-0.16713134608797475,2026-02-28,803,ok,0.00016347536019901322,0.49653765832650265,0.09724682453571942,8.39600219758487e-05,-0.0008214452371241189,-0.11371781292959271
CMP037,RWE AG,RWE.DE,^GDAXI,EUR,Xetra,PRIMARY_DIRECT,Raw Materials & Energy,False,2023-12-13,37.71120071411133,16766.05078125,0.007872110773548435,-0.0015298862873313057,0.009401997060879741,0.00658029582923092,0.19167966620489696,-0.157729349027095,2026-02-28,803,ok,0.00016347536019901322,0.49653765832650265,0.09724682453571942,-0.0005961707944183003,0.008468281567966736,-0.10524953136162597
CMP037,RWE AG,RWE.DE,^GDAXI,EUR,Xetra,PRIMARY_DIRECT,Raw Materials & Energy,False,2023-12-14,38.41995620727539,16752.23046875,0.01879429664775567,-0.0008243033902447516,0.019618600038000422,0.02549826450883108,0.19069736061595854,-0.1381107489890946,2026-02-28,803,ok,0.00016347536019901322,0.49653765832650265,0.09724682453571942,-0.00024582231494371307,0.019040118962699384,-0.08620941239892659
CMP037,RWE AG,RWE.DE,^GDAXI,EUR,Xetra,PRIMARY_DIRECT,Raw Materials & Energy,False,2023-12-15,38.13460922241211,16751.439453125,-0.007427051278346974,-4.7218525704662007e-05,-0.007379832752642312,0.017881836312468202,0.19064113764202983,-0.1454905817417369,2026-02-28,803,ok,0.00016347536019901322,0.49653765832650265,0.09724682453571942,0.00014002958401599058,-0.007567080862362965,-0.09377649326128955
CMP037,RWE AG,RWE.DE,^GDAXI,EUR,Xetra,PRIMARY_DIRECT,Raw Materials & Energy,False,2023-12-18,37.42585754394531,16650.55078125,-0.018585523568188433,-0.006022686716405046,-0.012562836851783388,-0.0010360305459481411,0.1834702790783478,-0.1580534185935203,2026-02-28,803,ok,0.00016347536019901322,0.49653765832650265,0.09724682453571942,-0.0028270153987988815,-0.015758508169389552,-0.1095350014306791
CMP037,RWE AG,RWE.DE,^GDAXI,EUR,Xetra,PRIMARY_DIRECT,Raw Materials & Energy,False,2023-12-19,37.389041900634766,16744.41015625,-0.0009836953840621776,0.005637013227556054,-0.006620708611618231,-0.002018706791544478,0.19014151669593193,-0.16467412720513852,2026-02-28,803,ok,0.00016347536019901322,0.49653765832650265,0.09724682453571942,0.0029624647081652167,-0.003946160092227395,-0.11348116152290649
CMP037,RWE AG,RWE.DE,^GDAXI,EUR,Xetra,PRIMARY_DIRECT,Raw Materials & Energy,False,2023-12-20,37.24176406860352,16733.05078125,-0.003939064082536525,-0.0006783980381512844,-0.003260666044385241,-0.005949819058665207,0.18933412702588304,-0.16793479324952376,2026-02-28,803,ok,0.00016347536019901322,0.49653765832650265,0.09724682453571942,-0.00017337481307791894,-0.0037656892694586065,-0.1172468507923651
CMP037,RWE AG,RWE.DE,^GDAXI,EUR,Xetra,PRIMARY_DIRECT,Raw Materials & Energy,False,2023-12-21,37.35221862792969,16687.419921875,0.002965878821494572,-0.002726989834162863,0.005692868655657435,-0.00300158667950845,0.18609082495206053,-0.16224192459386633,2026-02-28,803,ok,0.00016347536019901322,0.49653765832650265,0.09724682453571942,-0.0011905777863363927,0.004156456607830965,-0.11309039418453413
CMP037,RWE AG,RWE.DE,^GDAXI,EUR,Xetra,PRIMARY_DIRECT,Raw Materials & Energy,False,2023-12-22,37.60994720458984,16706.1796875,0.006899953634010858,0.0011241861062301073,0.005775767527780751,0.0038776561455853287,0.18742421177819857,-0.15646615706608558,2026-02-28,803,ok,0.00016347536019901322,0.49653765832650265,0.09724682453571942,0.0007216760969096996,0.006178277537101158,-0.10691211664743297
CMP037,RWE AG,RWE.DE,^GDAXI,EUR,Xetra,PRIMARY_DIRECT,Raw Materials & Energy,False,2023-12-27,37.77563095092773,16742.0703125,0.004405317174113632,0.0021483442457437274,0.0022569729283699047,0.008300055624912428,0.189975207750829,-0.15420918413771567,2026-02-28,803,ok,0.00016347536019901322,0.49653765832650265,0.09724682453571942,0.0012302091812598202,0.003175107992853812,-0.10373700865457916
CMP037,RWE AG,RWE.DE,^GDAXI,EUR,Xetra,PRIMARY_DIRECT,Raw Materials & Energy,False,2023-12-28,37.78483581542969,16701.55078125,0.00024367202533071008,-0.0024202222600717693,0.0026638942854024794,0.008545750141607522,0.1870952032640969,-0.1515452898523132,2026-02-28,803,ok,0.00016347536019901322,0.49653765832650265,0.09724682453571942,-0.001038256133446699,0.001281928158777409,-0.10245508049580175
CMP037,RWE AG,RWE.DE,^GDAXI,EUR,Xetra,PRIMARY_DIRECT,Raw Materials & Energy,False,2023-12-29,37.90449523925781,16751.640625,0.003166863670193809,0.002999113340195425,0.00016775032999838402,0.011739677037459373,0.19065543632428827,-0.1513775395223148,2026-02-28,803,ok,0.00016347536019901322,0.49653765832650265,0.09724682453571942,0.0016526480751954252,0.0015142155949983839,-0.10094086490080337
CMP037,RWE AG,RWE.DE,^GDAXI,EUR,Xetra,PRIMARY_DIRECT,Raw Materials & Energy,False,2024-01-02,37.83086013793945,16769.359375,-0.0019426482493321018,0.0010577322183928928,-0.0030003804677249946,0.00977422272508277,0.19191483094029316,-0.1543779199900398,2026-02-28,803,ok,0.00016347536019901322,0.49653765832650265,0.09724682453571942,0.0006886792390563172,-0.002631327488388419,-0.10357219238919178
CMP037,RWE AG,RWE.DE,^GDAXI,EUR,Xetra,PRIMARY_DIRECT,Raw Materials & Energy,False,2024-01-03,37.2049446105957,16538.390625,-0.01654510431593481,-0.013773260196470738,-0.002771844119464073,-0.006932597125445694,0.17549827784172,-0.15714976410950388,2026-02-28,803,ok,0.00016347536019901322,0.49653765832650265,0.09724682453571942,-0.006675467005278193,-0.009869637310656619,-0.1134418296998484
CMP037,RWE AG,RWE.DE,^GDAXI,EUR,Xetra,PRIMARY_DIRECT,Raw Materials & Energy,False,2024-01-04,37.53631210327149,16617.2890625,0.008906544443058273,0.004770623653110206,0.0041359207899480666,0.0019122018332089485,0.18110613773018214,-0.1530138433195558,2026-02-28,803,ok,0.00016347536019901322,0.49653765832650265,0.09724682453571942,0.0025322696576713806,0.006374274785386892,-0.1070675549144615
CMP037,RWE AG,RWE.DE,^GDAXI,EUR,Xetra,PRIMARY_DIRECT,Raw Materials & Energy,False,2024-01-05,37.49949264526367,16594.2109375,-0.0009809023834446151,-0.0013888020430529169,0.00040789965960830177,0.000929423766428572,0.17946581511304016,-0.1526059436599475,2026-02-28,803,ok,0.00016347536019901322,0.49653765832650265,0.09724682453571942,-0.0005261171541375448,-0.00045478522930707027,-0.10752234014376857
CMP037,RWE AG,RWE.DE,^GDAXI,EUR,Xetra,PRIMARY_DIRECT,Raw Materials & Energy,False,2024-01-08,37.26017379760742,16716.470703125,-0.006381922281459951,0.00736761549467313,-0.01374953777613308,-0.0054584300252752405,0.1881556657279042,-0.1663554814360806,2026-02-28,803,ok,0.00016347536019901322,0.49653765832650265,0.09724682453571942,0.0038217739053740666,-0.010203696186834017,-0.1177260363306026
CMP037,RWE AG,RWE.DE,^GDAXI,EUR,Xetra,PRIMARY_DIRECT,Raw Materials & Energy,False,2024-01-09,37.895286560058594,16688.359375,0.017045351583731883,-0.001681654496588525,0.018727006080320407,0.011493880699580572,0.1861575984099857,-0.14762847535576018,2026-02-28,803,ok,0.00016347536019901322,0.49653765832650265,0.09724682453571942,-0.0006715294256512866,0.017716881009383168,-0.10000915532121943
CMP037,RWE AG,RWE.DE,^GDAXI,EUR,Xetra,PRIMARY_DIRECT,Raw Materials & Energy,False,2024-01-10,37.52710723876953,16689.810546875,-0.009715702260373438,8.695713235740143e-05,-0.00980265939273084,0.0016665073165138544,0.18626074327326747,-0.15743113474849102,2026-02-28,803,ok,0.00016347536019901322,0.49653765832650265,0.09724682453571942,0.00020665285107454508,-0.009922355111447984,-0.10993151043266741
CMP037,RWE AG,RWE.DE,^GDAXI,EUR,Xetra,PRIMARY_DIRECT,Raw Materials & Energy,False,2024-01-11,36.404144287109375,16547.029296875,-0.02992404782268998,-0.008554995252881059,-0.021369052569808922,-0.028307409150812313,0.17611228824588543,-0.17880018731829994,2026-02-28,803,ok,0.00016347536019901322,0.49653765832650265,0.09724682453571942,-0.004084401949660894,-0.025839645873029088,-0.1357711563056965
CMP037,RWE AG,RWE.DE,^GDAXI,EUR,Xetra,PRIMARY_DIRECT,Raw Materials & Energy,False,2024-01-12,36.091190338134766,16704.560546875,-0.008596657196676016,0.009520213397443467,-0.018116870594119483,-0.03666071725489273,0.18730912820934176,-0.19691705791241942,2026-02-28,803,ok,0.00016347536019901322,0.49653765832650265,0.09724682453571942,0.0048906198273341904,-0.013487277024010206,-0.1492584333297067
CMP037,RWE AG,RWE.DE,^GDAXI,EUR,Xetra,PRIMARY_DIRECT,Raw Materials & Energy,False,2024-01-15,35.49289321899414,16622.220703125,-0.016577372858452177,-0.004929183471719889,-0.011648189386732288,-0.0526303517341522,0.18145666367875002,-0.2085652472991517,2026-02-28,803,ok,0.00016347536019901322,0.49653765832650265,0.09724682453571942,-0.002284049858310481,-0.014293323000141696,-0.1635517563298484
CMP037,RWE AG,RWE.DE,^GDAXI,EUR,Xetra,PRIMARY_DIRECT,Raw Materials & Energy,False,2024-01-16,35.30880355834961,16571.6796875,-0.005186662566747713,-0.0030405693997010985,-0.0021460931670466143,-0.05754403842568567,0.17786436270009554,-0.21071134046619833,2026-02-28,803,ok,0.00016347536019901322,0.49653765832650265,0.09724682453571942,-0.0013462818495077902,-0.003840380717239923,-0.1673921370470883
CMP037,RWE AG,RWE.DE,^GDAXI,EUR,Xetra,PRIMARY_DIRECT,Raw Materials & Energy,False,2024-01-17,34.18584060668945,16431.689453125,-0.03180404993911512,-0.008447558546560319,-0.0233564913925548,-0.08751795489301195,0.16791428453627955,-0.23406783185875313,2026-02-28,803,ok,0.00016347536019901322,0.49653765832650265,0.09724682453571942,-0.004031055579086082,-0.027772994360029037,-0.19516513140711733
CMP037,RWE AG,RWE.DE,^GDAXI,EUR,Xetra,PRIMARY_DIRECT,Raw Materials & Energy,False,2024-01-18,33.98333740234375,16567.349609375,-0.005923598798564522,0.008256007797433185,-0.014179606595997707,-0.09292313243911943,0.17755659397614476,-0.24824743845475084,2026-02-28,803,ok,0.00016347536019901322,0.49653765832650265,0.09724682453571942,0.004262894139061834,-0.010186492937626357,-0.2053516243447437
CMP037,RWE AG,RWE.DE,^GDAXI,EUR,Xetra,PRIMARY_DIRECT,Raw Materials & Energy,False,2024-01-19,34.50800323486328,16555.130859375,0.01543891426282773,-0.0007375198983599063,0.016176434161187636,-0.07891885045105262,0.17668812255664235,-0.2320710042935632,2026-02-28,803,ok,0.00016347536019901322,0.49653765832650265,0.09724682453571942,-0.0002027310431018149,0.015641645305929545,-0.18970997903881415
CMP037,RWE AG,RWE.DE,^GDAXI,EUR,Xetra,PRIMARY_DIRECT,Raw Materials & Energy,False,2024-01-22,33.79924774169922,16683.359375,-0.020538872920007445,0.007745545276217847,-0.02828441819622529,-0.09783681913065279,0.18580221368589256,-0.2603554224897885,2026-02-28,803,ok,0.00016347536019901322,0.49653765832650265,0.09724682453571942,0.004009430274114127,-0.024548303194121573,-0.21425828223293572
CMP037,RWE AG,RWE.DE,^GDAXI,EUR,Xetra,PRIMARY_DIRECT,Raw Materials & Energy,False,2024-01-23,33.75322341918945,16627.08984375,-0.0013616966525851204,-0.0033727938111984823,0.002011097158613362,-0.09906529171412815,0.1818027473182673,-0.25834432533117513,2026-02-28,803,ok,0.00016347536019901322,0.49653765832650265,0.09724682453571942,-0.0015112437808316016,0.00014954712824648123,-0.21410873510468925
CMP037,RWE AG,RWE.DE,^GDAXI,EUR,Xetra,PRIMARY_DIRECT,Raw Materials & Energy,False,2024-01-24,33.79924774169922,16889.919921875,0.00136355339868377,0.015807340947507686,-0.014443787548823916,-0.09783681913065279,0.2004839062778283,-0.27278811287999905,2026-02-28,803,ok,0.00016347536019901322,0.49653765832650265,0.09724682453571942,0.008012415418643119,-0.006648862019959349,-0.2207575971246486
CMP037,RWE AG,RWE.DE,^GDAXI,EUR,Xetra,PRIMARY_DIRECT,Raw Materials & Energy,False,2024-01-25,33.716407775878906,16906.919921875,-0.0024509411112754176,0.0010065175014821737,-0.0034574586127575913,-0.10004796795972448,0.2016922143397446,-0.27624557149275664,2026-02-28,803,ok,0.00016347536019901322,0.49653765832650265,0.09724682453571942,0.0006632492034496139,-0.0031141903147250314,-0.22387178743937364
CMP037,RWE AG,RWE.DE,^GDAXI,EUR,Xetra,PRIMARY_DIRECT,Raw Materials & Energy,False,2024-01-26,31.68218994140625,16961.390625,-0.06033317214557943,0.003221799321029728,-0.06355497146660916,-0.15434492883157447,0.2055638254999912,-0.3398005429593658,2026-02-28,803,ok,0.00016347536019901322,0.49653765832650265,0.09724682453571942,0.0017632200506610305,-0.06209639219624046,-0.2859681796356141
CMP037,RWE AG,RWE.DE,^GDAXI,EUR,Xetra,PRIMARY_DIRECT,Raw Materials & Energy,False,2024-01-29,31.55332946777344,16941.7109375,-0.004067284296670359,-0.0011602637976507735,-0.002907020499019586,-0.15778444842293748,0.20416505343750613,-0.3427075634583854,2026-02-28,803,ok,0.00016347536019901322,0.49653765832650265,0.09724682453571942,-0.00041263930892751694,-0.0036546449877428422,-0.2896228246233569
CMP037,RWE AG,RWE.DE,^GDAXI,EUR,Xetra,PRIMARY_DIRECT,Raw Materials & Energy,False,2024-01-30,31.57173728942871,16972.33984375,0.0005833876160064033,0.0018078992353838252,-0.001224511619377422,-0.15729311030013937,0.2063420625168917,-0.3439320750777628,2026-02-28,803,ok,0.00016347536019901322,0.49653765832650265,0.09724682453571942,0.0010611654130267725,-0.00047777779702036917,-0.2901006024203773
CMP037,RWE AG,RWE.DE,^GDAXI,EUR,Xetra,PRIMARY_DIRECT,Raw Materials & Energy,False,2024-01-31,31.599353790283203,16903.759765625,0.0008747222429137391,-0.004040696731055338,0.004915418973969077,-0.15655597583946224,0.20146760008834508,-0.3390166561037937,2026-02-28,803,ok,0.00016347536019901322,0.49653765832650265,0.09724682453571942,-0.0018428827326467585,0.0027176049755604976,-0.28738299744481677
CMP037,RWE AG,RWE.DE,^GDAXI,EUR,Xetra,PRIMARY_DIRECT,Raw Materials & Energy,False,2024-02-01,31.093097686767575,16859.0390625,-0.016021090395566984,-0.002645606879479123,-0.01337548351608786,-0.17006886879413896,0.19828898914008009,-0.3523921396198816,2026-02-28,803,ok,0.00016347536019901322,0.49653765832650265,0.09724682453571942,-0.0011501680845900366,-0.014870922310976947,-0.30225391975579374
CMP037,RWE AG,RWE.DE,^GDAXI,EUR,Xetra,PRIMARY_DIRECT,Raw Materials & Energy,False,2024-02-02,30.927413940429688,16918.2109375,-0.005328634284270661,0.0035098011684200348,-0.008838435452690696,-0.17449126827346606,0.2024947452342687,-0.3612305750725723,2026-02-28,803,ok,0.00016347536019901322,0.49653765832650265,0.09724682453571942,0.0019062238135579201,-0.0072348580978285814,-0.30948877785362233
CMP037,RWE AG,RWE.DE,^GDAXI,EUR,Xetra,PRIMARY_DIRECT,Raw Materials & Energy,False,2024-02-05,31.23116874694824,16904.060546875,0.009821539140117741,-0.0008363999407073885,0.01065793908082513,-0.16638350195430496,0.20148897870065374,-0.35057263599174715,2026-02-28,803,ok,0.00016347536019901322,0.49653765832650265,0.09724682453571942,-0.0002518287077842591,0.010073367847902,-0.2994154100057203
CMP037,RWE AG,RWE.DE,^GDAXI,EUR,Xetra,PRIMARY_DIRECT,Raw Materials & Energy,False,2024-02-06,30.402755737304688,17033.240234375,-0.02652520039694317,0.007641932371324822,-0.034167132768267994,-0.188495346619165,0.21067067622077618,-0.38473976876001514,2026-02-28,803,ok,0.00016347536019901322,0.49653765832650265,0.09724682453571942,0.003957982564946138,-0.03048318296188931,-0.3298985929676096
CMP037,RWE AG,RWE.DE,^GDAXI,EUR,Xetra,PRIMARY_DIRECT,Raw Materials & Energy,False,2024-02-07,30.117414474487305,16921.9609375,-0.009385374973337135,-0.006533066835423651,-0.002852308137913484,-0.1961116220837521,0.20276128377733826,-0.38759207689792863,2026-02-28,803,ok,0.00016347536019901322,0.49653765832650265,0.09724682453571942,-0.0030804383479527816,-0.006304936625384353,-0.33620352959299393
CMP037,RWE AG,RWE.DE,^GDAXI,EUR,Xetra,PRIMARY_DIRECT,Raw Materials & Energy,False,2024-02-08,30.329120635986328,16963.830078125,0.007029360427946552,0.002474248745735874,0.004555111682210677,-0.1904608009315415,0.20573721437514392,-0.38303696521571795,2026-02-28,803,ok,0.00016347536019901322,0.49653765832650265,0.09724682453571942,0.0013920330385239904,0.005637327389422561,-0.33056620220357136
CMP037,RWE AG,RWE.DE,^GDAXI,EUR,Xetra,PRIMARY_DIRECT,Raw Materials & Energy,False,2024-02-09,29.878093719482425,16926.5,-0.014871084523589762,-0.002200568972518635,-0.012670515551071126,-0.20249952678604766,0.203083906472179,-0.3957074807667891,2026-02-28,803,ok,0.00016347536019901322,0.49653765832650265,0.09724682453571942,-0.0009291900044013478,-0.013941894519188414,-0.3445080967227598
CMP037,RWE AG,RWE.DE,^GDAXI,EUR,Xetra,PRIMARY_DIRECT,Raw Materials & Energy,False,2024-02-12,29.924116134643555,17037.349609375,0.0015403397416589026,0.006548879530617668,-0.005008539788958766,-0.20127110511316437,0.21096275804089015,-0.40071602055574784,2026-02-28,803,ok,0.00016347536019901322,0.49653765832650265,0.09724682453571942,0.003415240666994276,-0.0018749009253353735,-0.34638299764809516
CMP037,RWE AG,RWE.DE,^GDAXI,EUR,Xetra,PRIMARY_DIRECT,Raw Materials & Energy,False,2024-02-13,29.629568099975582,16880.830078125,-0.009843165737716486,-0.00918684741691711,-0.0006563183207993761,-0.20913312600503864,0.19983782795519933,-0.4013723388765472,2026-02-28,803,ok,0.00016347536019901322,0.49653765832650265,0.09724682453571942,-0.004398140343599888,-0.005445025394116598,-0.3518280230422118
CMP037,RWE AG,RWE.DE,^GDAXI,EUR,Xetra,PRIMARY_DIRECT,Raw Materials & Energy,False,2024-02-14,29.307409286499023,16945.48046875,-0.010872882533742523,0.003829811112711745,-0.014702693646454268,-0.21773212862581404,0.20443298020215406,-0.4160750325230015,2026-02-28,803,ok,0.00016347536019901322,0.49653765832650265,0.09724682453571942,0.002065120801937721,-0.012938003335680244,-0.364766026377892
CMP037,RWE AG,RWE.DE,^GDAXI,EUR,Xetra,PRIMARY_DIRECT,Raw Materials & Energy,False,2024-02-15,29.5283203125,17046.689453125,0.007537719347398664,0.005972624061126197,0.0015650952862724665,-0.21183561295690845,0.21162660559972335,-0.414509937236729,2026-02-28,803,ok,0.00016347536019901322,0.49653765832650265,0.09724682453571942,0.0031291081255751417,0.004408611221823522,-0.3603574151560685
CMP037,RWE AG,RWE.DE,^GDAXI,EUR,Xetra,PRIMARY_DIRECT,Raw Materials & Energy,False,2024-02-16,29.270591735839844,17117.439453125,-0.008728182772761883,0.00415036598129781,-0.012878548754059693,-0.21871485578200234,0.21665529944563988,-0.4273884859907887,2026-02-28,803,ok,0.00016347536019901322,0.49653765832650265,0.09724682453571942,0.002224288365750605,-0.010952471138512488,-0.371309886294581
CMP037,RWE AG,RWE.DE,^GDAXI,EUR,Xetra,PRIMARY_DIRECT,Raw Materials & Energy,False,2024-02-19,28.727519989013672,17092.259765625,-0.018553493954863165,-0.0014709961480484646,-0.0170824978068147,-0.2332104249822754,0.21486560418665257,-0.4444709837976034,2026-02-28,803,ok,0.00016347536019901322,0.49653765832650265,0.09724682453571942,-0.0005669296225602767,-0.017986564332302887,-0.3892964506268839
CMP037,RWE AG,RWE.DE,^GDAXI,EUR,Xetra,PRIMARY_DIRECT,Raw Materials & Energy,False,2024-02-20,28.69070243835449,17068.4296875,-0.0012816125677839185,-0.0013942028995443945,0.00011259033176047595,-0.2341931521384638,0.21317183503873882,-0.44435839346584294,2026-02-28,803,ok,0.00016347536019901322,0.49653765832650265,0.09724682453571942,-0.0005287988827727806,-0.0007528136850111379,-0.390049264311895
CMP037,RWE AG,RWE.DE,^GDAXI,EUR,Xetra,PRIMARY_DIRECT,Raw Materials & Energy,False,2024-02-21,28.699907302856445,17118.119140625,0.00032083092150614334,0.002911190662219454,-0.0025903597407133105,-0.23394745762176872,0.2167036095565713,-0.44694875320655625,2026-02-28,803,ok,0.00016347536019901322,0.49653765832650265,0.09724682453571942,0.0016089911545594414,-0.001288160233053298,-0.3913374245449483
CMP037,RWE AG,RWE.DE,^GDAXI,EUR,Xetra,PRIMARY_DIRECT,Raw Materials & Energy,False,2024-02-22,28.635475158691406,17370.44921875,-0.0022450296959191096,0.014740525875075017,-0.016985555570994126,-0.2356672683280422,0.23463846059553717,-0.4639343087775504,2026-02-28,803,ok,0.00016347536019901322,0.49653765832650265,0.09724682453571942,0.007482701560709984,-0.009727731256629093,-0.40106515580157737
CMP037,RWE AG,RWE.DE,^GDAXI,EUR,Xetra,PRIMARY_DIRECT,Raw Materials & Energy,False,2024-02-23,28.50660896301269,17419.330078125,-0.004500228997932343,0.0028140239068910056,-0.0073142529048233484,-0.2391069406511812,0.23811276274002013,-0.4712485616823737,2026-02-28,803,ok,0.00016347536019901322,0.49653765832650265,0.09724682453571942,0.0015607442014014695,-0.006060973199333812,-0.40712612900091116
CMP037,RWE AG,RWE.DE,^GDAXI,EUR,Xetra,PRIMARY_DIRECT,Raw Materials & Energy,False,2024-02-26,27.945131301879883,17423.23046875,-0.019696403099412008,0.00022391163193447028,-0.019920314731346478,-0.2540937970636604,0.23838999058924415,-0.4911688764137202,2026-02-28,803,ok,0.00016347536019901322,0.49653765832650265,0.09724682453571942,0.00027465591759182084,-0.019971059017003828,-0.42709718801791496
CMP037,RWE AG,RWE.DE,^GDAXI,EUR,Xetra,PRIMARY_DIRECT,Raw Materials & Energy,False,2024-02-27,28.54343032836914,17556.490234375,0.021409776895519927,0.0076483959656052924,0.013761380929914635,-0.23812411167380898,0.2478616875971129,-0.47740749548380557,2026-02-28,803,ok,0.00016347536019901322,0.49653765832650265,0.09724682453571942,0.0039611919829145355,0.01744858491260539,-0.4096486031053096
CMP037,RWE AG,RWE.DE,^GDAXI,EUR,Xetra,PRIMARY_DIRECT,Raw Materials & Energy,False,2024-02-28,28.34092903137207,17601.220703125,-0.0070944975662510235,0.002547802445298508,-0.009642300011549532,-0.2435292383093245,0.2510409926561672,-0.4870497954953551,2026-02-28,803,ok,0.00016347536019901322,0.49653765832650265,0.09724682453571942,0.0014285552202660718,-0.008523052786517096,-0.4181716558918267
CMP037,RWE AG,RWE.DE,^GDAXI,EUR,Xetra,PRIMARY_DIRECT,Raw Materials & Energy,False,2024-02-29,28.534223556518555,17678.189453125,0.006820331293039716,0.004372921134176533,0.0024474101588631836,-0.23836985710109604,0.25651169625267456,-0.4846023853364919,2026-02-28,803,ok,0.00016347536019901322,0.49653765832650265,0.09724682453571942,0.002334795380209503,0.004485535912830213,-0.4136861199789965
CMP037,RWE AG,RWE.DE,^GDAXI,EUR,Xetra,PRIMARY_DIRECT,Raw Materials & Energy,False,2024-03-01,28.221267700195312,17735.0703125,-0.010967736889821444,0.003217572677667313,-0.014185309567488757,-0.2467232161157683,0.26055461395570667,-0.49878769490398067,2026-02-28,803,ok,0.00016347536019901322,0.49653765832650265,0.09724682453571942,0.0017611213630632757,-0.01272885825288472,-0.42641497823188124
CMP037,RWE AG,RWE.DE,^GDAXI,EUR,Xetra,PRIMARY_DIRECT,Raw Materials & Energy,False,2024-03-04,28.16604232788086,17716.169921875,-0.0019568707154169473,-0.0010657071154478448,-0.0008911635999691025,-0.24819728139475483,0.2592112319342035,-0.4996788585039498,2026-02-28,803,ok,0.00016347536019901322,0.49653765832650265,0.09724682453571942,-0.0003656883553673514,-0.001591182360049596,-0.4280061605919308
CMP037,RWE AG,RWE.DE,^GDAXI,EUR,Xetra,PRIMARY_DIRECT,Raw Materials & Energy,False,2024-03-05,29.00365829467773,17698.400390625,0.029738504154974477,-0.0010030120126618414,0.030741516167636318,-0.22583979312379165,0.2579482279420948,-0.46893734233631346,2026-02-28,803,ok,0.00016347536019901322,0.49653765832650265,0.09724682453571942,-0.0003345578758414499,0.030073062030815927,-0.39793309856111486
CMP037,RWE AG,RWE.DE,^GDAXI,EUR,Xetra,PRIMARY_DIRECT,Raw Materials & Energy,False,2024-03-06,29.215362548828125,17716.7109375,0.007299225911416851,0.0010345876729458414,0.00626463823847101,-0.220189022882173,0.25924968567192774,-0.46267270409784245,2026-02-28,803,ok,0.00016347536019901322,0.49653765832650265,0.09724682453571942,0.0006771871006570069,0.006622038810759844,-0.391311059750355
CMP037,RWE AG,RWE.DE,^GDAXI,EUR,Xetra,PRIMARY_DIRECT,Raw Materials & Energy,False,2024-03-07,29.6663875579834,17842.849609375,0.015437939830507563,0.007119756726854387,0.008318183103653176,-0.2081503479382587,0.2682152370922797,-0.45435452099418927,2026-02-28,803,ok,0.00016347536019901322,0.49653765832650265,0.09724682453571942,0.0036987026932056555,0.011739237137301907,-0.3795718226130531
CMP037,RWE AG,RWE.DE,^GDAXI,EUR,Xetra,PRIMARY_DIRECT,Raw Materials & Energy,False,2024-03-08,29.307409286499023,17814.509765625,-0.012100505017092034,-0.0015883025621148406,-0.010512202454977193,-0.21773212862581437,0.26620092758189284,-0.46486672344916646,2026-02-28,803,ok,0.00016347536019901322,0.49653765832650265,0.09724682453571942,-0.0006251766747074742,-0.01147532834238456,-0.3910471509554377
CMP037,RWE AG,RWE.DE,^GDAXI,EUR,Xetra,PRIMARY_DIRECT,Raw Materials & Energy,False,2024-03-11,29.012863159179688,17746.26953125,-0.010050227382432775,-0.0038305984993579623,-0.0062196288830748125,-0.22559409860709656,0.26135062020881206,-0.4710863523322413,2026-02-28,803,ok,0.00016347536019901322,0.49653765832650265,0.09724682453571942,-0.0017385610486612044,-0.00831166633377157,-0.39935881728920924
CMP037,RWE AG,RWE.DE,^GDAXI,EUR,Xetra,PRIMARY_DIRECT,Raw Materials & Energy,False,2024-03-12,28.976045608520508,17965.109375,-0.001269007834806879,0.012331596979558768,-0.013600604814365647,-0.22657682576328486,0.2769050877071437,-0.4846869571466069,2026-02-28,803,ok,0.00016347536019901322,0.49653765832650265,0.09724682453571942,0.006286577647855297,-0.007555585482662176,-0.4069144027718714
CMP037,RWE AG,RWE.DE,^GDAXI,EUR,Xetra,PRIMARY_DIRECT,Raw Materials & Energy,False,2024-03-13,29.215362548828125,17961.380859375,0.008259130439705276,-0.00020754204982398328,0.008466672489529259,-0.2201890228821729,0.2766400762078103,-0.47622028465707766,2026-02-28,803,ok,0.00016347536019901322,0.49653765832650265,0.09724682453571942,6.042291677513023e-05,0.008198707522930145,-0.39871569524894124
CMP037,RWE AG,RWE.DE,^GDAXI,EUR,Xetra,PRIMARY_DIRECT,Raw Materials & Energy,False,2024-03-14,28.184450149536133,17942.0390625,-0.03528665432677791,-0.0010768546709427618,-0.03420979965583515,-0.2477059432719566,0.27526532037863327,-0.5104300843129128,2026-02-28,803,ok,0.00016347536019901322,0.49653765832650265,0.09724682453571942,-0.00037122353646886223,-0.03491543079030905,-0.4336311260392503
CMP037,RWE AG,RWE.DE,^GDAXI,EUR,Xetra,PRIMARY_DIRECT,Raw Materials & Energy,False,2024-03-15,28.54343032836914,17936.650390625,0.012736816823758934,-0.00030033776296156667,0.0130371545867205,-0.23812411167380898,0.2748823100451283,-0.4973929297261923,2026-02-28,803,ok,0.00016347536019901322,0.49653765832650265,0.09724682453571942,1.4346350671056688e-05,0.012722470473087878,-0.4209086555661624
CMP037,RWE AG,RWE.DE,^GDAXI,EUR,Xetra,PRIMARY_DIRECT,Raw Materials & Energy,False,2024-03-18,28.4789981842041,17932.6796875,-0.0022573370973214546,-0.0002213737257807935,-0.002035963371540661,-0.23984392238008245,0.2746000845982215,-0.499428893097733,2026-02-28,803,ok,0.00016347536019901322,0.49653765832650265,0.09724682453571942,5.355496878480469e-05,-0.0023108920661062595,-0.42321954763226866
CMP037,RWE AG,RWE.DE,^GDAXI,EUR,Xetra,PRIMARY_DIRECT,Raw Materials & Energy,False,2024-03-19,28.02797508239746,17987.490234375,-0.015837042401891877,0.0030564616013972756,-0.018893504003289152,-0.2518825464134049,0.2784958508139337,-0.5183223971010221,2026-02-28,803,ok,0.00016347536019901322,0.49653765832650265,0.09724682453571942,0.0016811236465216887,-0.017518166048413567,-0.4407377136806822
CMP037,RWE AG,RWE.DE,^GDAXI,EUR,Xetra,PRIMARY_DIRECT,Raw Materials & Energy,False,2024-03-20,28.571043014526367,18015.130859375,0.019375924608623363,0.0015366582352427383,0.017839266373380624,-0.23738707903431577,0.2804604619918105,-0.5004831307276415,2026-02-28,803,ok,0.00016347536019901322,0.49653765832650265,0.09724682453571942,0.0009264840419745785,0.018449440566648784,-0.42228827311403344
CMP037,RWE AG,RWE.DE,^GDAXI,EUR,Xetra,PRIMARY_DIRECT,Raw Materials & Energy,False,2024-03-21,28.460588455200195,18179.25,-0.003865961745604274,0.009110072078082787,-0.012976033823687061,-0.24033531141347264,0.29212554909369115,-0.5134591645513286,2026-02-28,803,ok,0.00016347536019901322,0.49653765832650265,0.09724682453571942,0.004686969217035896,-0.00855293096264017,-0.4308412040766736
CMP037,RWE AG,RWE.DE,^GDAXI,EUR,Xetra,PRIMARY_DIRECT,Raw Materials & Energy,False,2024-03-22,28.672290802001957,18205.939453125,0.007438438847988005,0.001468127294855348,0.005970311553132657,-0.23468459208244585,0.29402255388069554,-0.5074888529981959,2026-02-28,803,ok,0.00016347536019901322,0.49653765832650265,0.09724682453571942,0.0008924558493117107,0.006545982998676294,-0.4242952210779973
CMP037,RWE AG,RWE.DE,^GDAXI,EUR,Xetra,PRIMARY_DIRECT,Raw Materials & Energy,False,2024-03-25,28.69070243835449,18261.310546875,0.0006421404023722044,0.0030413752551778916,-0.0023992348528056873,-0.23419315213846403,0.29795816205571035,-0.5098880878510016,2026-02-28,803,ok,0.00016347536019901322,0.49653765832650265,0.09724682453571942,0.001673632707497213,-0.0010314923051250085,-0.4253267133831223
CMP037,RWE AG,RWE.DE,^GDAXI,EUR,Xetra,PRIMARY_DIRECT,Raw Materials & Energy,False,2024-03-26,28.525020599365234,18384.349609375,-0.005774757148077625,0.006737690714156086,-0.012512447862233711,-0.23861550070719928,0.30670340271155627,-0.5224005357132353,2026-02-28,803,ok,0.00016347536019901322,0.49653765832650265,0.09724682453571942,0.0035089925299342972,-0.009283749678011922,-0.4346104630611342
CMP037,RWE AG,RWE.DE,^GDAXI,EUR,Xetra,PRIMARY_DIRECT,Raw Materials & Energy,False,2024-03-27,28.985248565673828,18477.08984375,0.01613418523942567,0.005044520820454146,0.011089664418971523,-0.22633118215718184,0.31329509523269294,-0.5113108712942638,2026-02-28,803,ok,0.00016347536019901322,0.49653765832650265,0.09724682453571942,0.0026682699157666028,0.013465915323659067,-0.4211445477374751
CMP037,RWE AG,RWE.DE,^GDAXI,EUR,Xetra,PRIMARY_DIRECT,Raw Materials & Energy,False,2024-03-28,28.9576358795166,18492.490234375,-0.0009526461743001313,0.0008334857250373862,-0.0017861318993375175,-0.22706821479667516,0.314389707947331,-0.5130970031936013,2026-02-28,803,ok,0.00016347536019901322,0.49653765832650265,0.09724682453571942,0.0005773324103576442,-0.0015299785846577755,-0.42267452632213287
CMP037,RWE AG,RWE.DE,^GDAXI,EUR,Xetra,PRIMARY_DIRECT,Raw Materials & Energy,False,2024-04-02,28.46979331970215,18283.130859375,-0.016846767527715634,-0.011321318672962155,-0.005525448854753479,-0.24008961689677777,0.2995090832031977,-0.5186224520483548,2026-02-28,803,ok,0.00016347536019901322,0.49653765832650265,0.09724682453571942,-0.0054579857028417235,-0.01138878182487391,-0.4340633081470068
CMP037,RWE AG,RWE.DE,^GDAXI,EUR,Xetra,PRIMARY_DIRECT,Raw Materials & Energy,False,2024-04-03,28.10161018371582,18367.720703125,-0.01293241337763884,0.004626660739925903,-0.017559074117564744,-0.24991709210102853,0.305521470859631,-0.5361815261659195,2026-02-28,803,ok,0.00016347536019901322,0.49653765832650265,0.09724682453571942,0.0024607866498729852,-0.015393200027511825,-0.4494565081745186
CMP037,RWE AG,RWE.DE,^GDAXI,EUR,Xetra,PRIMARY_DIRECT,Raw Materials & Energy,False,2024-04-04,28.68149757385254,18403.130859375,0.02063537947988303,0.0019278470542061221,0.01870753242567691,-0.23443884665515913,0.30803831658143066,-0.5174739937402426,2026-02-28,803,ok,0.00016347536019901322,0.49653765832650265,0.09724682453571942,0.0011207240221061674,0.019514655457776864,-0.42994185271674173
CMP037,RWE AG,RWE.DE,^GDAXI,EUR,Xetra,PRIMARY_DIRECT,Raw Materials & Energy,False,2024-04-05,28.304109573364254,18175.0390625,-0.013157890361775615,-0.012394184371014472,-0.0007637059907611432,-0.24451201637610498,0.29182624852136896,-0.5182376997310038,2026-02-28,803,ok,0.00016347536019901322,0.49653765832650265,0.09724682453571942,-0.00599070392425145,-0.007167186437524165,-0.4371090391542659
CMP037,RWE AG,RWE.DE,^GDAXI,EUR,Xetra,PRIMARY_DIRECT,Raw Materials & Energy,False,2024-04-08,28.497404098510746,18318.970703125,0.006829203534754358,0.007919192917828166,-0.0010899893830738083,-0.2393526351678762,0.3020564697997239,-0.5193276891140776,2026-02-28,803,ok,0.00016347536019901322,0.49653765832650265,0.09724682453571942,0.004095652867453235,0.0027335506673011227,-0.4343754884869648
CMP037,RWE AG,RWE.DE,^GDAXI,EUR,Xetra,PRIMARY_DIRECT,Raw Materials & Energy,False,2024-04-09,28.561840057373047,18076.689453125,0.002261116789429529,-0.013225702138312312,0.015486818927741841,-0.2376327226404189,0.2848358587628903,-0.5038408701863357,2026-02-28,803,ok,0.00016347536019901322,0.49653765832650265,0.09724682453571942,-0.006403583809282401,0.00866470059871193,-0.42571078788825284
CMP037,RWE AG,RWE.DE,^GDAXI,EUR,Xetra,PRIMARY_DIRECT,Raw Materials & Energy,False,2024-04-10,28.08319854736328,18097.30078125,-0.016758076827273816,0.0011402158663205153,-0.01789829269359433,-0.25040853204501035,0.28630084899466923,-0.52173916287993,2026-02-28,803,ok,0.00016347536019901322,0.49653765832650265,0.09724682453571942,0.0007296354764485265,-0.01748771230372234,-0.44319850019197515
CMP037,RWE AG,RWE.DE,^GDAXI,EUR,Xetra,PRIMARY_DIRECT,Raw Materials & Energy,False,2024-04-11,28.8471794128418,17954.48046875,0.027204196993089624,-0.007891801889482353,0.03509599888257198,-0.23001649808642355,0.27614961752413025,-0.4866431639973581,2026-02-28,803,ok,0.00016347536019901322,0.49653765832650265,0.09724682453571942,-0.003755101469981223,0.03095929846307085,-0.4122392017289043
CMP037,RWE AG,RWE.DE,^GDAXI,EUR,Xetra,PRIMARY_DIRECT,Raw Materials & Energy,False,2024-04-12,29.905710220336918,17930.3203125,0.036694430063547,-0.0013456338261667034,0.038040063889713704,-0.20176239232537085,0.2744323874315402,-0.44860310010764437,2026-02-28,803,ok,0.00016347536019901322,0.49653765832650265,0.09724682453571942,-0.0005046825088107338,0.03719911257235774,-0.3750400891565466
CMP037,RWE AG,RWE.DE,^GDAXI,EUR,Xetra,PRIMARY_DIRECT,Raw Materials & Energy,False,2024-04-15,29.454683303833008,18026.580078125,-0.015081632008765888,0.005368546905316185,-0.020450178914082073,-0.21380111817987724,0.28127423748112057,-0.46905327902172644,2026-02-28,803,ok,0.00016347536019901322,0.49653765832650265,0.09724682453571942,0.0028291610691807043,-0.01791079307794659,-0.39295088223449315
CMP037,RWE AG,RWE.DE,^GDAXI,EUR,Xetra,PRIMARY_DIRECT,Raw Materials & Energy,False,2024-04-16,29.36263656616211,17766.23046875,-0.0031250289375517326,-0.014442540306962126,0.011317511369410393,-0.21625801243623588,0.26276938266202743,-0.45773576765231605,2026-02-28,803,ok,0.00016347536019901322,0.49653765832650265,0.09724682453571942,-0.0070077897841060895,0.003882760846554357,-0.3890681213879388
CMP037,RWE AG,RWE.DE,^GDAXI,EUR,Xetra,PRIMARY_DIRECT,Raw Materials & Energy,False,2024-04-17,29.178546905517575,17770.01953125,-0.0062695207983020085,0.0002132732943358473,-0.006482794092637856,-0.22117169912776946,0.26303869764825416,-0.4642185617449539,2026-02-28,803,ok,0.00016347536019901322,0.49653765832650265,0.09724682453571942,0.0002693735823521138,-0.006538894380654122,-0.3956070157685929
CMP037,RWE AG,RWE.DE,^GDAXI,EUR,Xetra,PRIMARY_DIRECT,Raw Materials & Energy,False,2024-04-18,29.76763916015625,17837.400390625,0.020189225205292205,0.0037918280988102904,0.016397397106481915,-0.20544775916520497,0.26782792327188165,-0.447821164638472,2026-02-28,803,ok,0.00016347536019901322,0.49653765832650265,0.09724682453571942,0.0020462608051589094,0.018142964400133296,-0.3774640513684596
CMP037,RWE AG,RWE.DE,^GDAXI,EUR,Xetra,PRIMARY_DIRECT,Raw Materials & Energy,False,2024-04-19,29.8688907623291,17737.359375,0.003401398465901151,-0.005608497507158083,0.009009895973059234,-0.20274517039215112,0.26071731352470584,-0.43881126866541276,2026-02-28,803,ok,0.00016347536019901322,0.49653765832650265,0.09724682453571942,-0.0026213548587352893,0.00602275332463644,-0.3714412980438232
CMP037,RWE AG,RWE.DE,^GDAXI,EUR,Xetra,PRIMARY_DIRECT,Raw Materials & Energy,False,2024-04-22,29.519115447998047,17860.80078125,-0.011710355001605666,0.006959401545642896,-0.01866975654724856,-0.21208130747360365,0.2694911515450684,-0.4574810252126613,2026-02-28,803,ok,0.00016347536019901322,0.49653765832650265,0.09724682453571942,0.00361908030702638,-0.015329435308632046,-0.38677073335245526
CMP037,RWE AG,RWE.DE,^GDAXI,EUR,Xetra,PRIMARY_DIRECT,Raw Materials & Energy,False,2024-04-23,29.39025115966797,18137.650390625,-0.004365452228983324,0.015500402964330195,-0.01986585519331352,-0.2155209288861506,0.2891687759536685,-0.47734688040597484,2026-02-28,803,ok,0.00016347536019901322,0.49653765832650265,0.09724682453571942,0.00786000915122471,-0.012225461380208033,-0.3989961947326633
CMP037,RWE AG,RWE.DE,^GDAXI,EUR,Xetra,PRIMARY_DIRECT,Raw Materials & Energy,False,2024-04-24,29.14172744750977,18088.69921875,-0.00845599143770659,-0.002698870626611116,-0.005757120811095473,-0.22215447719454928,0.285689476211503,-0.4831040012170703,2026-02-28,803,ok,0.00016347536019901322,0.49653765832650265,0.09724682453571942,-0.0011766155408646515,-0.007279375896841938,-0.4062755706295052
CMP037,RWE AG,RWE.DE,^GDAXI,EUR,Xetra,PRIMARY_DIRECT,Raw Materials & Energy,False,2024-04-25,29.35343170166016,17917.279296875,0.0072646432690619545,-0.009476630674322473,0.016741273943384427,-0.21650370695293064,0.27350547188358343,-0.4663627272736859,2026-02-28,803,ok,0.00016347536019901322,0.49653765832650265,0.09724682453571942,-0.0045420286436541725,0.011806671912716126,-0.3944688987167891
CMP037,RWE AG,RWE.DE,^GDAXI,EUR,Xetra,PRIMARY_DIRECT,Raw Materials & Energy,False,2024-04-26,29.629568099975582,18161.009765625,0.009407295239684199,0.013603095911582486,-0.0041958006718982865,-0.20913312600503875,0.290829088961541,-0.47055852794558417,2026-02-28,803,ok,0.00016347536019901322,0.49653765832650265,0.09724682453571942,0.006917924750127003,0.0024893704895571963,-0.39197952822723187
CMP037,RWE AG,RWE.DE,^GDAXI,EUR,Xetra,PRIMARY_DIRECT,Raw Materials & Energy,False,2024-04-29,30.375141143798828,18118.3203125,0.02516314248346596,-0.0023506101079138197,0.02751375259137978,-0.18923243016925018,0.2877948530574388,-0.4430447753542044,2026-02-28,803,ok,0.00016347536019901322,0.49653765832650265,0.09724682453571942,-0.0010036910784231225,0.026166833561889084,-0.3658126946653428
CMP037,RWE AG,RWE.DE,^GDAXI,EUR,Xetra,PRIMARY_DIRECT,Raw Materials & Energy,False,2024-04-30,30.034574508666992,17932.169921875,-0.01121201819341544,-0.010274152758883104,-0.0009378654345323367,-0.1983227709128238,0.2745638520150233,-0.4439826407887367,2026-02-28,803,ok,0.00016347536019901322,0.49653765832650265,0.09724682453571942,-0.00493802839198558,-0.006273989801429861,-0.3720866844667726
CMP037,RWE AG,RWE.DE,^GDAXI,EUR,Xetra,PRIMARY_DIRECT,Raw Materials & Energy,False,2024-05-02,30.660484313964844,17896.5,0.02083964282954076,-0.0019891581459691166,0.022828800975509878,-0.18161610379407112,0.2720285429462299,-0.42115383981322685,2026-02-28,803,ok,0.00016347536019901322,0.49653765832650265,0.09724682453571942,-0.0008242165676415795,0.02166385939718234,-0.35042282506959027
CMP037,RWE AG,RWE.DE,^GDAXI,EUR,Xetra,PRIMARY_DIRECT,Raw Materials & Energy,False,2024-05-03,30.504005432128903,18001.599609375,-0.005103601111893452,0.005872634837817525,-0.010976235949710977,-0.18579280875670334,0.27949870208223415,-0.4321300757629378,2026-02-28,803,ok,0.00016347536019901322,0.49653765832650265,0.09724682453571942,0.003079459710775568,-0.00818306082266902,-0.3586058858922593
CMP037,RWE AG,RWE.DE,^GDAXI,EUR,Xetra,PRIMARY_DIRECT,Raw Materials & Energy,False,2024-05-06,30.73179244995117,18175.2109375,0.007467446146673717,0.009644216730305688,-0.0021767705836319706,-0.17971276040385953,0.29183846487126,-0.4343068463465698,2026-02-28,803,ok,0.00016347536019901322,0.49653765832650265,0.09724682453571942,0.00495219215185828,0.0025152539948154378,-0.35609063189744383
CMP037,RWE AG,RWE.DE,^GDAXI,EUR,Xetra,PRIMARY_DIRECT,Raw Materials & Energy,False,2024-05-07,31.424633026123047,18430.05078125,0.022544749945848874,0.014021286719935855,0.00852346322591302,-0.1612195897033939,0.3099517023830618,-0.4257833831206568,2026-02-28,803,ok,0.00016347536019901322,0.49653765832650265,0.09724682453571942,0.007125572234840452,0.015419177711008421,-0.3406714541864354
CMP037,RWE AG,RWE.DE,^GDAXI,EUR,Xetra,PRIMARY_DIRECT,Raw Materials & Energy,False,2024-05-08,31.32971954345703,18498.380859375,-0.0030203529373633575,0.003707536074426754,-0.006727889011790111,-0.16375300257943615,0.31480839557540374,-0.4325112721324469,2026-02-28,803,ok,0.00016347536019901322,0.49653765832650265,0.09724682453571942,0.0020044066407559078,-0.005024759578119265,-0.34569621376455467
CMP037,RWE AG,RWE.DE,^GDAXI,EUR,Xetra,PRIMARY_DIRECT,Raw Materials & Energy,False,2024-05-09,32.11747360229492,18686.599609375,0.025143986933723106,0.010174877003065408,0.014969109930657698,-0.14272641900292826,0.32818640928298115,-0.4175421622017892,2026-02-28,803,ok,0.00016347536019901322,0.49653765832650265,0.09724682453571942,0.005215684961061295,0.01992830197266181,-0.32576791179189285
CMP037,RWE AG,RWE.DE,^GDAXI,EUR,Xetra,PRIMARY_DIRECT,Raw Materials & Energy,False,2024-05-10,32.74387741088867,18772.849609375,0.019503520617792036,0.004615607001967836,0.0148879136158242,-0.12600656604086347,0.3343167957735862,-0.402654248585965,2026-02-28,803,ok,0.00016347536019901322,0.49653765832650265,0.09724682453571942,0.002455298052711532,0.017048222565080505,-0.30871968922681237
CMP037,RWE AG,RWE.DE,^GDAXI,EUR,Xetra,PRIMARY_DIRECT,Raw Materials & Energy,False,2024-05-13,32.70591354370117,18742.220703125,-0.0011594188040441322,-0.001631553380937123,0.00047213457689299076,-0.12701989046280682,0.33213978669420063,-0.402182114009072,2026-02-28,803,ok,0.00016347536019901322,0.49653765832650265,0.09724682453571942,-0.0006466523350061942,-0.000512766469037938,-0.3092324556958503
CMP037,RWE AG,RWE.DE,^GDAXI,EUR,Xetra,PRIMARY_DIRECT,Raw Materials & Energy,False,2024-05-14,33.17097091674805,18716.419921875,0.014219366550500823,-0.0013766128175888293,0.015595979368089652,-0.11460666629400107,0.3303059459890174,-0.38658613464098235,2026-02-28,803,ok,0.00016347536019901322,0.49653765832650265,0.09724682453571942,-0.000520064744668793,0.014739431295169615,-0.29449302440068065
CMP037,RWE AG,RWE.DE,^GDAXI,EUR,Xetra,PRIMARY_DIRECT,Raw Materials & Energy,False,2024-05-15,33.78788375854492,18869.359375,0.018597973612083596,0.008171405309529867,0.01042656830255373,-0.09814014443742214,0.34117641505937124,-0.3761595663384286,2026-02-28,803,ok,0.00016347536019901322,0.49653765832650265,0.09724682453571942,0.004220885817829724,0.014377087794253871,-0.28011593660642675
CMP037,RWE AG,RWE.DE,^GDAXI,EUR,Xetra,PRIMARY_DIRECT,Raw Materials & Energy,False,2024-05-16,33.58857345581055,18738.810546875,-0.005898869078592939,-0.0069185617556239976,0.0010196926770310588,-0.10346009765262454,0.33189740320659666,-0.37513987366139756,2026-02-28,803,ok,0.00016347536019901322,0.49653765832650265,0.09724682453571942,-0.003271851092925824,-0.002627017985667115,-0.28274295459209386
CMP037,RWE AG,RWE.DE,^GDAXI,EUR,Xetra,PRIMARY_DIRECT,Raw Materials & Energy,False,2024-05-17,32.94318771362305,18704.419921875,-0.019214443359333977,-0.0018352618974385448,-0.017379181461895432,-0.12068661282566095,0.32945302265119425,-0.392519055123293,2026-02-28,803,ok,0.00016347536019901322,0.49653765832650265,0.09724682453571942,-0.0007478012847709759,-0.018466642074563,-0.30120959666665686
CMP037,RWE AG,RWE.DE,^GDAXI,EUR,Xetra,PRIMARY_DIRECT,Raw Materials & Energy,False,2024-05-20,32.97166442871094,18768.9609375,0.0008644189304156669,0.0034505756337046556,-0.0025861567032889887,-0.11992651768801954,0.33404040085730946,-0.395105211826582,2026-02-28,803,ok,0.00016347536019901322,0.49653765832650265,0.09724682453571942,0.0018768161052372108,-0.001012397174821544,-0.3022219938414784
CMP037,RWE AG,RWE.DE,^GDAXI,EUR,Xetra,PRIMARY_DIRECT,Raw Materials & Energy,False,2024-05-21,32.66794967651367,18726.759765625,-0.009211386730382909,-0.00224845541612706,-0.006962931314255849,-0.12803321488474995,0.3310408704926695,-0.40206814314083783,2026-02-28,803,ok,0.00016347536019901322,0.49653765832650265,0.09724682453571942,-0.000952967426976259,-0.00825841930340665,-0.31048041314488506
CMP037,RWE AG,RWE.DE,^GDAXI,EUR,Xetra,PRIMARY_DIRECT,Raw Materials & Energy,False,2024-05-22,32.94318771362305,18680.19921875,0.008425323285815356,-0.0024863108972256187,0.010911634183040975,-0.12068661282566084,0.3277314890717109,-0.39115650895779686,2026-02-28,803,ok,0.00016347536019901322,0.49653765832650265,0.09724682453571942,-0.0010710716305810614,0.009496394916396417,-0.30098401822848864
CMP037,RWE AG,RWE.DE,^GDAXI,EUR,Xetra,PRIMARY_DIRECT,Raw Materials & Energy,False,2024-05-23,32.83878326416016,18691.3203125,-0.0031692272882174466,0.0005953412819514892,-0.0037645685701689358,-0.12347335680718863,0.3285219424385022,-0.3949210775279658,2026-02-28,803,ok,0.00016347536019901322,0.49653765832650265,0.09724682453571942,0.00045908472624430386,-0.0036283120144617502,-0.30461233024295037
CMP037,RWE AG,RWE.DE,^GDAXI,EUR,Xetra,PRIMARY_DIRECT,Raw Materials & Energy,False,2024-05-24,32.41169357299805,18693.369140625,-0.013005649074344316,0.00010961387910257692,-0.013115262953446893,-0.13487315473286732,0.32866756688208576,-0.4080363404814127,2026-02-28,803,ok,0.00016347536019901322,0.49653765832650265,0.09724682453571942,0.00021790277904869113,-0.013223551853393007,-0.3178358820963434
CMP037,RWE AG,RWE.DE,^GDAXI,EUR,Xetra,PRIMARY_DIRECT,Raw Materials & Energy,False,2024-05-27,33.23741149902344,18774.7109375,0.025475926586979947,0.004351371668910531,0.021124554918069416,-0.1128332467344163,0.3344490932900168,-0.38691178556334327,2026-02-28,803,ok,0.00016347536019901322,0.49653765832650265,0.09724682453571942,0.002324095259188134,0.023151831327791812,-0.2946840507685516
CMP037,RWE AG,RWE.DE,^GDAXI,EUR,Xetra,PRIMARY_DIRECT,Raw Materials & Energy,False,2024-05-28,33.24689865112305,18677.869140625,0.00028543594918306603,-0.005158097890155644,0.00544353383933871,-0.11258001745011426,0.32756587423739747,-0.38146825172400456,2026-02-28,803,ok,0.00016347536019901322,0.49653765832650265,0.09724682453571942,-0.0023977144875977443,0.0026831504367808103,-0.2920009003317708
CMP037,RWE AG,RWE.DE,^GDAXI,EUR,Xetra,PRIMARY_DIRECT,Raw Materials & Energy,False,2024-05-29,32.48762130737305,18473.2890625,-0.022837538975213678,-0.010953073746513775,-0.011884465228699903,-0.13284650588898073,0.31302494731352026,-0.39335271695270446,2026-02-28,803,ok,0.00016347536019901322,0.49653765832650265,0.09724682453571942,-0.005275138229372429,-0.01756240074584125,-0.30956330107761204
CMP037,RWE AG,RWE.DE,^GDAXI,EUR,Xetra,PRIMARY_DIRECT,Raw Materials & Energy,False,2024-05-30,33.04758834838867,18496.7890625,0.017236320126907456,0.001272106982167287,0.01596421314474017,-0.11789997066531688,0.3146952555167577,-0.3773885038079643,2026-02-28,803,ok,0.00016347536019901322,0.49653765832650265,0.09724682453571942,0.000795124382265152,0.016441195744642305,-0.29312210533296973
CMP037,RWE AG,RWE.DE,^GDAXI,EUR,Xetra,PRIMARY_DIRECT,Raw Materials & Energy,False,2024-05-31,33.06657028198242,18497.939453125,0.0005743818094574582,6.219407169072433e-05,0.0005121877377667339,-0.11739330845434515,0.3147770217677308,-0.37687631607019756,2026-02-28,803,ok,0.00016347536019901322,0.49653765832650265,0.09724682453571942,0.0001943570589181161,0.0003800247505393421,-0.2927420805824304
CMP037,RWE AG,RWE.DE,^GDAXI,EUR,Xetra,PRIMARY_DIRECT,Raw Materials & Energy,False,2024-06-03,33.82584762573242,18608.16015625,0.022962083375297038,0.005958539512160632,0.017003543863136406,-0.09712682001547879,0.32261117260161476,-0.35987277220706115,2026-02-28,803,ok,0.00016347536019901322,0.49653765832650265,0.09724682453571942,0.003122114616613195,0.019839968758683844,-0.2729021118237466
CMP037,RWE AG,RWE.DE,^GDAXI,EUR,Xetra,PRIMARY_DIRECT,Raw Materials & Energy,False,2024-06-04,33.7594108581543,18405.640625,-0.001964082860929861,-0.010883372109304346,0.008919289248374485,-0.09890013775387962,0.30821670305426796,-0.35095348295868667,2026-02-28,803,ok,0.00016347536019901322,0.49653765832650265,0.09724682453571942,-0.005240528741650936,0.0032764458807210753,-0.2696256659430255
CMP037,RWE AG,RWE.DE,^GDAXI,EUR,Xetra,PRIMARY_DIRECT,Raw Materials & Energy,False,2024-06-05,33.40824508666992,18575.939453125,-0.010402011248355492,0.009252534676445157,-0.019654545924800648,-0.10827338865685532,0.32032102346358227,-0.3706080288834873,2026-02-28,803,ok,0.00016347536019901322,0.49653765832650265,0.09724682453571942,0.004757707262025857,-0.015159718510381347,-0.28478538445340684
CMP037,RWE AG,RWE.DE,^GDAXI,EUR,Xetra,PRIMARY_DIRECT,Raw Materials & Energy,False,2024-06-06,33.09504318237305,18652.669921875,-0.009374988224743475,0.004130637319508024,-0.013505625544251498,-0.11663331513788766,0.325774790756832,-0.3841136544277388,2026-02-28,803,ok,0.00016347536019901322,0.49653765832650265,0.09724682453571942,0.002214492342223589,-0.011589480566967063,-0.2963748650203739
CMP037,RWE AG,RWE.DE,^GDAXI,EUR,Xetra,PRIMARY_DIRECT,Raw Materials & Energy,False,2024-06-07,32.44016647338867,18557.26953125,-0.01978775810551514,-0.005114570247829131,-0.01467318785768601,-0.13411316141640994,0.31899402245670516,-0.3987868422854248,2026-02-28,803,ok,0.00016347536019901322,0.49653765832650265,0.09724682453571942,-0.002376101374004464,-0.017411656731510676,-0.3137865217518846
CMP037,RWE AG,RWE.DE,^GDAXI,EUR,Xetra,PRIMARY_DIRECT,Raw Materials & Energy,False,2024-06-10,31.8991813659668,18494.890625,-0.0166763973873455,-0.0033614269677419983,-0.0133149704196035,-0.14855303442910217,0.3145603203793288,-0.4121018127050283,2026-02-28,803,ok,0.00016347536019901322,0.49653765832650265,0.09724682453571942,-0.001505599714999155,-0.015170797672346343,-0.32895731942423095
CMP037,RWE AG,RWE.DE,^GDAXI,EUR,Xetra,PRIMARY_DIRECT,Raw Materials & Energy,False,2024-06-11,31.975107192993164,18369.939453125,0.00238018105089588,-0.006755983282545119,0.009136164333441,-0.14652643649580754,0.3056791728309489,-0.4029656483715873,2026-02-28,803,ok,0.00016347536019901322,0.49653765832650265,0.09724682453571942,-0.003191124758608939,0.0055713058095048194,-0.32338601361472613
CMP037,RWE AG,RWE.DE,^GDAXI,EUR,Xetra,PRIMARY_DIRECT,Raw Materials & Energy,False,2024-06-12,32.3167839050293,18630.859375,0.010685709667018983,0.014203635376196733,-0.0035179257091777494,-0.13740646578772564,0.324224563720134,-0.4064835740807651,2026-02-28,803,ok,0.00016347536019901322,0.49653765832650265,0.09724682453571942,0.007216115209619213,0.0034695944573997703,-0.3199164191573264
CMP037,RWE AG,RWE.DE,^GDAXI,EUR,Xetra,PRIMARY_DIRECT,Raw Materials & Energy,False,2024-06-13,31.94663429260254,18265.6796875,-0.011453788641670903,-0.019600796729216885,0.008147008087545982,-0.14728642981226492,0.2982687072228196,-0.3983365659932191,2026-02-28,803,ok,0.00016347536019901322,0.49653765832650265,0.09724682453571942,-0.009569058349060112,-0.001884730292610791,-0.32180114944993715
CMP037,RWE AG,RWE.DE,^GDAXI,EUR,Xetra,PRIMARY_DIRECT,Raw Materials & Energy,False,2024-06-14,31.47208595275879,18002.01953125,-0.014854407994823848,-0.014434730092767079,-0.0004196779020567698,-0.15995298508655642,0.2795285488461725,-0.39875624389527586,2026-02-28,803,ok,0.00016347536019901322,0.49653765832650265,0.09724682453571942,-0.007003911718638652,-0.007850496276185196,-0.3296516457261223
CMP037,RWE AG,RWE.DE,^GDAXI,EUR,Xetra,PRIMARY_DIRECT,Raw Materials & Energy,False,2024-06-17,31.35819625854492,18068.2109375,-0.0036187526427331473,0.003676887814453078,-0.0072956404571862254,-0.1629929074417945,0.2842332317756697,-0.4060518843524621,2026-02-28,803,ok,0.00016347536019901322,0.49653765832650265,0.09724682453571942,0.001989188625516797,-0.005607941268249945,-0.33525958699437225
CMP037,RWE AG,RWE.DE,^GDAXI,EUR,Xetra,PRIMARY_DIRECT,Raw Materials & Energy,False,2024-06-18,31.709360122680664,18131.970703125,0.011198471405703181,0.0035288366870163124,0.0076696347186868685,-0.15361970744941067,0.2887650811186453,-0.3983822496337752,2026-02-28,803,ok,0.00016347536019901322,0.49653765832650265,0.09724682453571942,0.0019156756653867465,0.009282795740316435,-0.3259767912540558
CMP037,RWE AG,RWE.DE,^GDAXI,EUR,Xetra,PRIMARY_DIRECT,Raw Materials & Energy,False,2024-06-19,31.41514015197754,18067.91015625,-0.009278647363580195,-0.0035330162354585415,-0.005745631128121653,-0.1614729717194714,0.28421185316336106,-0.4041278807618969,2026-02-28,803,ok,0.00016347536019901322,0.49653765832650265,0.09724682453571942,-0.0015908002481850867,-0.007687847115395108,-0.3336646383694509
CMP037,RWE AG,RWE.DE,^GDAXI,EUR,Xetra,PRIMARY_DIRECT,Raw Materials & Energy,False,2024-06-20,31.81376266479492,18254.1796875,0.01268886628832333,0.010309412081372704,0.0023794542069506264,-0.15083301437847463,0.29745132235740535,-0.40174842655494625,2026-02-28,803,ok,0.00016347536019901322,0.49653765832650265,0.09724682453571942,0.005282486693806772,0.007406379594516559,-0.32625825877493436
CMP037,RWE AG,RWE.DE,^GDAXI,EUR,Xetra,PRIMARY_DIRECT,Raw Materials & Energy,False,2024-06-21,31.728343963623047,18163.51953125,-0.0026849606590670927,-0.004966542337264346,0.002281581678197253,-0.15311299432784697,0.29100747543437766,-0.399466844876749,2026-02-28,803,ok,0.00016347536019901322,0.49653765832650265,0.09724682453571942,-0.0023025999419256605,-0.00038236071714143217,-0.3266406194920758
CMP037,RWE AG,RWE.DE,^GDAXI,EUR,Xetra,PRIMARY_DIRECT,Raw Materials & Energy,False,2024-06-24,31.76630973815918,18325.580078125,0.0011965885953475475,0.008922309720656108,-0.00772572112530856,-0.15209961899531166,0.30252624398188543,-0.40719256600205755,2026-02-28,803,ok,0.00016347536019901322,0.49653765832650265,0.09724682453571942,0.004593738135757389,-0.0033971495404098414,-0.3300377690324856
CMP037,RWE AG,RWE.DE,^GDAXI,EUR,Xetra,PRIMARY_DIRECT,Raw Materials & Energy,False,2024-06-25,31.94663429260254,18177.619140625,0.005676597499984171,-0.008074011129209469,0.013750608629193639,-0.1472864298122648,0.2920096325918884,-0.3934419573728639,2026-02-28,803,ok,0.00016347536019901322,0.49653765832650265,0.09724682453571942,-0.003845575219200778,0.009522172719184948,-0.3205155963133007
CMP037,RWE AG,RWE.DE,^GDAXI,EUR,Xetra,PRIMARY_DIRECT,Raw Materials & Energy,False,2024-06-26,31.529035568237305,18155.240234375,-0.013071759627020674,-0.0012311241685103447,-0.011840635458510329,-0.15843289663245752,0.2904190083072564,-0.40528259283137424,2026-02-28,803,ok,0.00016347536019901322,0.49653765832650265,0.09724682453571942,-0.0004478241515422759,-0.012623935475478397,-0.3331395317887791
CMP037,RWE AG,RWE.DE,^GDAXI,EUR,Xetra,PRIMARY_DIRECT,Raw Materials & Energy,False,2024-06-27,30.94059181213379,18210.55078125,-0.01866355077147741,0.0030465334614673267,-0.021710084232944737,-0.17413952699376278,0.29435031299537795,-0.426992677064319,2026-02-28,803,ok,0.00016347536019901322,0.49653765832650265,0.09724682453571942,0.0016761939511693341,-0.020339744722646744,-0.35347927651142586
CMP037,RWE AG,RWE.DE,^GDAXI,EUR,Xetra,PRIMARY_DIRECT,Raw Materials & Energy,False,2024-06-28,30.323678970336918,18235.44921875,-0.01993862449505379,0.0013672534015629623,-0.021305877896616754,-0.1906060488503416,0.29612001786363495,-0.44829855496093574,2026-02-28,803,ok,0.00016347536019901322,0.49653765832650265,0.09724682453571942,0.0008423681625500319,-0.020780992657603824,-0.37426026916902966
CMP037,RWE AG,RWE.DE,^GDAXI,EUR,Xetra,PRIMARY_DIRECT,Raw Materials & Energy,False,2024-07-01,30.94059181213379,18290.66015625,0.02034426107730347,0.0030276708205922986,0.017316590256711173,-0.17413952699376278,0.30004424262170626,-0.43098196470422456,2026-02-28,803,ok,0.00016347536019901322,0.49653765832650265,0.09724682453571942,0.001666827939639394,0.01867743313766408,-0.3555828360313656
CMP037,RWE AG,RWE.DE,^GDAXI,EUR,Xetra,PRIMARY_DIRECT,Raw Materials & Energy,False,2024-07-02,30.51349830627441,18164.060546875,-0.013803663111960462,-0.006921544017192804,-0.006882119094767658,-0.18553942674062518,0.29104592917210215,-0.4378640837989922,2026-02-28,803,ok,0.00016347536019901322,0.49653765832650265,0.09724682453571942,-0.0032733318981017162,-0.010530331213858747,-0.36611316724522436
CMP037,RWE AG,RWE.DE,^GDAXI,EUR,Xetra,PRIMARY_DIRECT,Raw Materials & Energy,False,2024-07-03,31.03550338745117,18374.529296875,0.01710734953879145,0.011587098020118036,0.005520251518673414,-0.1716061650283126,0.30600540490189365,-0.4323438322803188,2026-02-28,803,ok,0.00016347536019901322,0.49653765832650265,0.09724682453571942,0.005916905877908079,0.01119044366088337,-0.35492272358434096
CMP037,RWE AG,RWE.DE,^GDAXI,EUR,Xetra,PRIMARY_DIRECT,Raw Materials & Energy,False,2024-07-04,31.291757583618164,18450.48046875,0.008256808113207725,0.0041335029947089375,0.004123305118498788,-0.1647662760907871,0.31140378215416176,-0.42822052716182,2026-02-28,803,ok,0.00016347536019901322,0.49653765832650265,0.09724682453571942,0.002215915257877375,0.006040892855330351,-0.34888183072901063
CMP037,RWE AG,RWE.DE,^GDAXI,EUR,Xetra,PRIMARY_DIRECT,Raw Materials & Energy,False,2024-07-05,31.88968849182129,18475.44921875,0.019108255795646123,0.0013532845414128136,0.01775497125423331,-0.14880641644517978,0.31317848462010134,-0.4104655559075867,2026-02-28,803,ok,0.00016347536019901322,0.49653765832650265,0.09724682453571942,0.0008354320974415867,0.018272823698204536,-0.3306090070308061
CMP037,RWE AG,RWE.DE,^GDAXI,EUR,Xetra,PRIMARY_DIRECT,Raw Materials & Energy,False,2024-07-08,31.377180099487305,18472.05078125,-0.016071288763621072,-0.00018394342999528135,-0.01588734533362579,-0.1624861943202307,0.3129369340654442,-0.4263529012412125,2026-02-28,803,ok,0.00016347536019901322,0.49653765832650265,0.09724682453571942,7.214052020461125e-05,-0.016143429283825683,-0.34675243631463176
CMP037,RWE AG,RWE.DE,^GDAXI,EUR,Xetra,PRIMARY_DIRECT,Raw Materials & Energy,False,2024-07-09,30.978553771972656,18236.189453125,-0.012704338830026418,-0.012768551305868514,6.421247584209588e-05,-0.1731262534824114,0.2961726314614599,-0.4262886887653704,2026-02-28,803,ok,0.00016347536019901322,0.49653765832650265,0.09724682453571942,-0.006176591205438746,-0.006527747624587672,-0.35328018393921945
CMP037,RWE AG,RWE.DE,^GDAXI,EUR,Xetra,PRIMARY_DIRECT,Raw Materials & Energy,False,2024-07-10,31.36768341064453,18407.220703125,0.012561259041858008,0.00937867258067393,0.003182586461184078,-0.16273967815749235,0.3083290101799674,-0.4231061023041863,2026-02-28,803,ok,0.00016347536019901322,0.49653765832650265,0.09724682453571942,0.0048203394816178245,0.007740919560240184,-0.34553926437897925
CMP037,RWE AG,RWE.DE,^GDAXI,EUR,Xetra,PRIMARY_DIRECT,Raw Materials & Energy,False,2024-07-11,32.29779815673828,18534.560546875,0.029652006299518918,0.006917928882570701,0.022734077416948217,-0.13791322981988108,0.31737993722739644,-0.4003720248872381,2026-02-28,803,ok,0.00016347536019901322,0.49653765832650265,0.09724682453571942,0.003598487568019948,0.02605351873149897,-0.3194857456474803
CMP037,RWE AG,RWE.DE,^GDAXI,EUR,Xetra,PRIMARY_DIRECT,Raw Materials & Energy,False,2024-07-12,32.1649284362793,18748.1796875,-0.00411389407457996,0.011525449448059222,-0.015639343522639182,-0.14145976347549882,0.3325633330977982,-0.4160113684098773,2026-02-28,803,ok,0.00016347536019901322,0.49653765832650265,0.09724682453571942,0.005886295040298822,-0.010000189114878783,-0.32948593476235905
CMP037,RWE AG,RWE.DE,^GDAXI,EUR,Xetra,PRIMARY_DIRECT,Raw Materials & Energy,False,2024-07-15,31.06397247314453,18590.890625,-0.0342284598989806,-0.008389564486885548,-0.025838895412095053,-0.17084627353303905,0.321383707081915,-0.44185026382197234,2026-02-28,803,ok,0.00016347536019901322,0.49653765832650265,0.09724682453571942,-0.004002259344498323,-0.030226200554482278,-0.3597121353168413
CMP037,RWE AG,RWE.DE,^GDAXI,EUR,Xetra,PRIMARY_DIRECT,Raw Materials & Energy,False,2024-07-16,30.950082778930664,18518.029296875,-0.0036662952335644317,-0.003919195136731113,0.0002528999031666812,-0.17388619588827703,0.31620494648336384,-0.44159736391880566,2026-02-28,803,ok,0.00016347536019901322,0.49653765832650265,0.09724682453571942,-0.001782552615518071,-0.0018837426180463607,-0.3615958779348877
CMP037,RWE AG,RWE.DE,^GDAXI,EUR,Xetra,PRIMARY_DIRECT,Raw Materials & Energy,False,2024-07-17,31.073467254638672,18437.30078125,0.00398656367381367,-0.004359455011696212,0.008346018685509882,-0.17059284060636926,0.3104670102329976,-0.4332513452332958,2026-02-28,803,ok,0.00016347536019901322,0.49653765832650265,0.09724682453571942,-0.00200115822288836,0.00598772189670203,-0.35560815603818563
CMP037,RWE AG,RWE.DE,^GDAXI,EUR,Xetra,PRIMARY_DIRECT,Raw Materials & Energy,False,2024-07-18,31.10193634033203,18354.759765625,0.0009161863225646272,-0.004476849220192869,0.005393035542757496,-0.1698329491110956,0.30460024702014743,-0.4278583096905383,2026-02-28,803,ok,0.00016347536019901322,0.49653765832650265,0.09724682453571942,-0.0020594488682763833,0.0029756351908410104,-0.35263252084734464
CMP037,RWE AG,RWE.DE,^GDAXI,EUR,Xetra,PRIMARY_DIRECT,Raw Materials & Energy,False,2024-07-19,31.120922088623047,18171.9296875,0.0006104362147509867,-0.009960908258107914,0.010571344472858901,-0.16932618507893993,0.29160524364607476,-0.4172869652176794,2026-02-28,803,ok,0.00016347536019901322,0.49653765832650265,0.09724682453571942,-0.004782490701087013,0.005392926915837999,-0.34723959393150666
CMP037,RWE AG,RWE.DE,^GDAXI,EUR,Xetra,PRIMARY_DIRECT,Raw Materials & Energy,False,2024-07-22,31.32023048400879,18407.0703125,0.00640432165917737,0.012939771892346075,-0.006535450233168705,-0.1640062827743295,0.30831832087381295,-0.4238224154508481,2026-02-28,803,ok,0.00016347536019901322,0.49653765832650265,0.09724682453571942,0.006588559394903631,-0.00018423773572626145,-0.3474238316672329
CMP037,RWE AG,RWE.DE,^GDAXI,EUR,Xetra,PRIMARY_DIRECT,Raw Materials & Energy,False,2024-07-23,31.424633026123047,18557.69921875,0.0033333899687475466,0.008183209152393456,-0.004849819183645909,-0.16121958970339345,0.3190245633314315,-0.428672234634494,2026-02-28,803,ok,0.00016347536019901322,0.49653765832650265,0.09724682453571942,0.004226746870324464,-0.0008933569015769178,-0.34831718856880983
CMP037,RWE AG,RWE.DE,^GDAXI,EUR,Xetra,PRIMARY_DIRECT,Raw Materials & Energy,False,2024-07-24,31.557504653930664,18387.4609375,0.004228263467616733,-0.00917345837128336,0.013401721838900094,-0.15767300513718374,0.30692454640901046,-0.4152705127955939,2026-02-28,803,ok,0.00016347536019901322,0.49653765832650265,0.09724682453571942,-0.004391492178233679,0.008619755645850411,-0.3396974329229594
CMP037,RWE AG,RWE.DE,^GDAXI,EUR,Xetra,PRIMARY_DIRECT,Raw Materials & Energy,False,2024-07-25,31.604957580566406,18298.720703125,0.0015036970494379798,-0.0048261276897682,0.00632982473920618,-0.1564064005203466,0.30061716166714825,-0.4089406880563877,2026-02-28,803,ok,0.00016347536019901322,0.49653765832650265,0.09724682453571942,-0.002232878781663183,0.003736575831101163,-0.33596085709185824
CMP037,RWE AG,RWE.DE,^GDAXI,EUR,Xetra,PRIMARY_DIRECT,Raw Materials & Energy,False,2024-07-26,31.91816520690918,18417.55078125,0.009910078997712679,0.006493900860769175,0.003416178136943504,-0.14804632130753848,0.30906324057282974,-0.4055245099194442,2026-02-28,803,ok,0.00016347536019901322,0.49653765832650265,0.09724682453571942,0.003387941687009799,0.00652213731070288,-0.32943871978115535
CMP037,RWE AG,RWE.DE,^GDAXI,EUR,Xetra,PRIMARY_DIRECT,Raw Materials & Energy,False,2024-07-29,32.34526062011719,18320.669921875,0.013380951268325392,-0.0052602466270178505,0.018641197895343242,-0.13664637065008411,0.30217724507705346,-0.386883312024101,2026-02-28,803,ok,0.00016347536019901322,0.49653765832650265,0.09724682453571942,-0.0024484351822003144,0.015829386450525708,-0.3136093333306296
CMP037,RWE AG,RWE.DE,^GDAXI,EUR,Xetra,PRIMARY_DIRECT,Raw Materials & Energy,False,2024-07-30,32.49711608886719,18411.1796875,0.004694829036423043,0.004940308733848875,-0.0002454796974258322,-0.13259307296231093,0.3086104026939269,-0.3871287917215268,2026-02-28,803,ok,0.00016347536019901322,0.49653765832650265,0.09724682453571942,0.0026165246903143025,0.00207830434610874,-0.3115310289845209
CMP037,RWE AG,RWE.DE,^GDAXI,EUR,Xetra,PRIMARY_DIRECT,Raw Materials & Energy,False,2024-07-31,32.73439025878906,18508.650390625,0.007301391584195294,0.005294104168195979,0.002007287415999315,-0.1262597953251653,0.3155383224813735,-0.3851215043055275,2026-02-28,803,ok,0.00016347536019901322,0.49653765832650265,0.09724682453571942,0.0027921974468116217,0.0045091941373836715,-0.30702183484713724
CMP037,RWE AG,RWE.DE,^GDAXI,EUR,Xetra,PRIMARY_DIRECT,Raw Materials & Energy,False,2024-08-01,32.5066032409668,18083.05078125,-0.00695864551077463,-0.022994632260738723,0.016035986749964093,-0.1323398436780091,0.28528800253100517,-0.3690855175555634,2026-02-28,803,ok,0.00016347536019901322,0.49653765832650265,0.09724682453571942,-0.011254225496627246,0.004295579985852616,-0.3027262548612846
CMP037,RWE AG,RWE.DE,^GDAXI,EUR,Xetra,PRIMARY_DIRECT,Raw Materials & Energy,False,2024-08-02,29.95352935791016,17661.220703125,-0.07854016195205216,-0.023327373418781105,-0.05521278853327105,-0.20048601287488121,0.25530560934528523,-0.42429830608883445,2026-02-28,803,ok,0.00016347536019901322,0.49653765832650265,0.09724682453571942,-0.01141944401207046,-0.0671207179399817,-0.3698469728012663
CMP037,RWE AG,RWE.DE,^GDAXI,EUR,Xetra,PRIMARY_DIRECT,Raw Materials & Energy,False,2024-08-05,29.289161682128903,17339.0,-0.022179946404406237,-0.018244531821517085,-0.003935414582889152,-0.21821919025888947,0.23240314620985636,-0.4282337206717236,2026-02-28,803,ok,0.00016347536019901322,0.49653765832650265,0.09724682453571942,-0.008895621747720442,-0.013284324656685794,-0.3831312974579521
CMP037,RWE AG,RWE.DE,^GDAXI,EUR,Xetra,PRIMARY_DIRECT,Raw Materials & Energy,False,2024-08-06,29.42203521728516,17354.3203125,0.004536611071300545,0.000883575321529495,0.0036530357497710497,-0.2146725547820877,0.23349206721602278,-0.42458068492195256,2026-02-28,803,ok,0.00016347536019901322,0.49653765832650265,0.09724682453571942,0.0006022037813063554,0.003934407289994189,-0.37919689016795793
CMP037,RWE AG,RWE.DE,^GDAXI,EUR,Xetra,PRIMARY_DIRECT,Raw Materials & Energy,False,2024-08-07,30.304697036743164,17615.150390625,0.030000025930886354,0.015029691363776854,0.0149703345671095,-0.19111271106131356,0.2520310722859467,-0.40961035035484306,2026-02-28,803,ok,0.00016347536019901322,0.49653765832650265,0.09724682453571942,0.007626283115338832,0.02237374281554752,-0.3568231473524104
CMP037,RWE AG,RWE.DE,^GDAXI,EUR,Xetra,PRIMARY_DIRECT,Raw Materials & Energy,False,2024-08-08,30.42807960510254,17680.400390625,0.00407140081980617,0.00370419772485886,0.0003672030949473104,-0.18781940668999775,0.25666884293536096,-0.40924314725989575,2026-02-28,803,ok,0.00016347536019901322,0.49653765832650265,0.09724682453571942,0.0020027490244787904,0.00206865179532738,-0.354754495557083
CMP037,RWE AG,RWE.DE,^GDAXI,EUR,Xetra,PRIMARY_DIRECT,Raw Materials & Energy,False,2024-08-09,30.200294494628903,17722.880859375,-0.007486016647446858,0.0024026870326152583,-0.009888703680062116,-0.1938994041322497,0.25968822486857346,-0.41913185093995786,2026-02-28,803,ok,0.00016347536019901322,0.49653765832650265,0.09724682453571942,0.0013564999530652469,-0.008842516600512105,-0.3635970121575951
CMP037,RWE AG,RWE.DE,^GDAXI,EUR,Xetra,PRIMARY_DIRECT,Raw Materials & Energy,False,2024-08-12,30.71280860900879,17726.470703125,0.01697050055161009,0.00020255418848003082,0.01676794636313006,-0.18021947352542278,0.2599433799946995,-0.4023639045768278,2026-02-28,803,ok,0.00016347536019901322,0.49653765832650265,0.09724682453571942,0.00026405114263111277,0.016706449408978977,-0.3468905627486161
CMP037,RWE AG,RWE.DE,^GDAXI,EUR,Xetra,PRIMARY_DIRECT,Raw Materials & Energy,False,2024-08-13,30.646371841430664,17812.05078125,-0.0021631615793886727,0.004827812572409718,-0.00699097415179839,-0.18199279126382362,0.2660261504851624,-0.4093548787286262,2026-02-28,803,ok,0.00016347536019901322,0.49653765832650265,0.09724682453571942,0.002560666109742583,-0.004723827689131255,-0.3516143904377474
CMP037,RWE AG,RWE.DE,^GDAXI,EUR,Xetra,PRIMARY_DIRECT,Raw Materials & Energy,False,2024-08-14,28.90003204345703,17885.599609375,-0.05698357401030962,0.004129161152090388,-0.06111273516240001,-0.2286057655838083,0.2712537764832763,-0.4704676138910262,2026-02-28,803,ok,0.00016347536019901322,0.49653765832650265,0.09724682453571942,0.0022137593695107385,-0.05919733337982036,-0.41081172381756775
CMP037,RWE AG,RWE.DE,^GDAXI,EUR,Xetra,PRIMARY_DIRECT,Raw Materials & Energy,False,2024-08-15,29.232213973999023,18183.240234375,0.011494171703425371,0.0166413556995868,-0.005147183996161431,-0.2197392278023962,0.29240916276217743,-0.47561479788718763,2026-02-28,803,ok,0.00016347536019901322,0.49653765832650265,0.09724682453571942,0.008426535150650241,0.00306763655277513,-0.4077440872647926
CMP037,RWE AG,RWE.DE,^GDAXI,EUR,Xetra,PRIMARY_DIRECT,Raw Materials & Energy,False,2024-08-16,29.43152618408203,18322.400390625,0.006818238613752969,0.007653210014072265,-0.0008349714003192954,-0.21441922367660182,0.3023002415089078,-0.47644976928750693,2026-02-28,803,ok,0.00016347536019901322,0.49653765832650265,0.09724682453571942,0.0039635823392673965,0.002854656274485573,-0.40488943099030705
CMP037,RWE AG,RWE.DE,^GDAXI,EUR,Xetra,PRIMARY_DIRECT,Raw Materials & Energy,False,2024-08-19,29.773202896118164,18421.689453125,0.011609208095396895,0.005418998623717641,0.006190209471679253,-0.20529925296852003,0.3093574047253116,-0.4702595598158277,2026-02-28,803,ok,0.00016347536019901322,0.49653765832650265,0.09724682453571942,0.0028542122472943114,0.008754995848102583,-0.3961344351422045
CMP037,RWE AG,RWE.DE,^GDAXI,EUR,Xetra,PRIMARY_DIRECT,Raw Materials & Energy,False,2024-08-20,29.934547424316406,18357.51953125,0.0054191189561025865,-0.003483389622775057,0.008902508578877644,-0.20099267508585283,0.30479640272918784,-0.46135705123695003,2026-02-28,803,ok,0.00016347536019901322,0.49653765832650265,0.09724682453571942,-0.0015661587661325532,0.0069852777222351396,-0.38914915741996936
CMP037,RWE AG,RWE.DE,^GDAXI,EUR,Xetra,PRIMARY_DIRECT,Raw Materials & Energy,False,2024-08-21,29.88709259033203,18448.94921875,-0.001585286502304939,0.004980503348742671,-0.00656578985104761,-0.20225933061328205,0.3112949455824079,-0.46792284108799764,2026-02-28,803,ok,0.00016347536019901322,0.49653765832650265,0.09724682453571942,0.0026364828302710037,-0.004221769332575943,-0.3933709267525453
CMP037,RWE AG,RWE.DE,^GDAXI,EUR,Xetra,PRIMARY_DIRECT,Raw Materials & Energy,False,2024-08-22,30.05793190002441,18493.390625,0.00571615687193483,0.002408885499280089,0.003307271372654741,-0.19769931980394528,0.31445370496210057,-0.4646155697153429,2026-02-28,803,ok,0.00016347536019901322,0.49653765832650265,0.09724682453571942,0.0013595777251882168,0.004356579146746613,-0.3890143476057987
CMP037,RWE AG,RWE.DE,^GDAXI,EUR,Xetra,PRIMARY_DIRECT,Raw Materials & Energy,False,2024-08-23,30.41858673095703,18633.099609375,0.011998657530138512,0.0075545359533009115,0.004444121576837601,-0.1880727887060757,0.32438379273518625,-0.4601714481385053,2026-02-28,803,ok,0.00016347536019901322,0.49653765832650265,0.09724682453571942,0.003914586952194422,0.00808407057794409,-0.38093027702785465
CMP037,RWE AG,RWE.DE,^GDAXI,EUR,Xetra,PRIMARY_DIRECT,Raw Materials & Energy,False,2024-08-26,30.45655059814453,18617.01953125,0.0012480483568575451,-0.000862984606002426,0.002111032962859971,-0.18705946428413234,0.32324086990961676,-0.45806041517564533,2026-02-28,803,ok,0.00016347536019901322,0.49653765832650265,0.09724682453571942,-0.00026502899523725084,0.0015130773520947959,-0.3794171996757599
CMP037,RWE AG,RWE.DE,^GDAXI,EUR,Xetra,PRIMARY_DIRECT,Raw Materials & Energy,False,2024-08-27,30.48502349853516,18681.810546875,0.000934869505293312,0.0034802034512690927,-0.0025453339459757807,-0.18629947096767474,0.3278460173519364,-0.4606057491216211,2026-02-28,803,ok,0.00016347536019901322,0.49653765832650265,0.09724682453571942,0.0018915274323919812,-0.0009566579270986692,-0.3803738576028585
CMP037,RWE AG,RWE.DE,^GDAXI,EUR,Xetra,PRIMARY_DIRECT,Raw Materials & Energy,False,2024-08-28,30.48502349853516,18782.2890625,0.0,0.005378414226655748,-0.005378414226655748,-0.18629947096767474,0.3349877232624703,-0.46598416334827686,2026-02-28,803,ok,0.00016347536019901322,0.49653765832650265,0.09724682453571942,0.0028340605658126058,-0.0028340605658126058,-0.3832079181686711
CMP037,RWE AG,RWE.DE,^GDAXI,EUR,Xetra,PRIMARY_DIRECT,Raw Materials & Energy,False,2024-08-29,30.95957374572754,18912.5703125,0.015566668243348403,0.006936388294657592,0.008630279948690811,-0.1736328647827915,0.3442477164796196,-0.45735388339958605,2026-02-28,803,ok,0.00016347536019901322,0.49653765832650265,0.09724682453571942,0.003607653361271657,0.011959014882076745,-0.3712489032865944
CMP037,RWE AG,RWE.DE,^GDAXI,EUR,Xetra,PRIMARY_DIRECT,Raw Materials & Energy,False,2024-08-30,30.969066619873047,18906.919921875,0.0003066216034972591,-0.00029876376037929475,0.0006053853638765538,-0.17337948276671378,0.3438461039769629,-0.4567484980357095,2026-02-28,803,ok,0.00016347536019901322,0.49653765832650265,0.09724682453571942,1.5127902227457844e-05,0.0002914937012698012,-0.3709574095853246
CMP037,RWE AG,RWE.DE,^GDAXI,EUR,Xetra,PRIMARY_DIRECT,Raw Materials & Energy,False,2024-09-02,31.04499244689941,18930.849609375,0.0024516666245808505,0.0012656576321727897,0.0011860089924080608,-0.17135288483341915,0.3455469530549271,-0.45556248904330143,2026-02-28,803,ok,0.00016347536019901322,0.49653765832650265,0.09724682453571942,0.0007919220371211563,0.001659744587459694,-0.36929766499786487
CMP037,RWE AG,RWE.DE,^GDAXI,EUR,Xetra,PRIMARY_DIRECT,Raw Materials & Energy,False,2024-09-03,30.95957374572754,18747.109375,-0.0027514486053741294,-0.0097058630841379,0.006954414478763771,-0.1736328647827915,0.33248725855529715,-0.44860807456453766,2026-02-28,803,ok,0.00016347536019901322,0.49653765832650265,0.09724682453571942,-0.004655851167636466,0.0019044025622623369,-0.36739326243560255
CMP037,RWE AG,RWE.DE,^GDAXI,EUR,Xetra,PRIMARY_DIRECT,Raw Materials & Energy,False,2024-09-04,30.66535377502441,18591.849609375,-0.009503359869214356,-0.008281797610464992,-0.0012215622587493646,-0.18148612905285233,0.32145186876141874,-0.449829636823287,2026-02-28,803,ok,0.00016347536019901322,0.49653765832650265,0.09724682453571942,-0.0039487490320352986,-0.005554610837179058,-0.3729478732727816
CMP037,RWE AG,RWE.DE,^GDAXI,EUR,Xetra,PRIMARY_DIRECT,Raw Materials & Energy,False,2024-09-05,31.291757583618164,18576.5,0.02042708566773266,-0.0008256095922408724,0.02125269525997353,-0.16476627609078742,0.32036086542288467,-0.4285769415633135,2026-02-28,803,ok,0.00016347536019901322,0.49653765832650265,0.09724682453571942,-0.00024647089342416824,0.020673556561156825,-0.3522743167116248
CMP037,RWE AG,RWE.DE,^GDAXI,EUR,Xetra,PRIMARY_DIRECT,Raw Materials & Energy,False,2024-09-06,31.139902114868164,18301.900390625,-0.004852890360799056,-0.014782096163163172,0.009929205802364116,-0.16881957377856072,0.30084316414012613,-0.4186477357609494,2026-02-28,803,ok,0.00016347536019901322,0.49653765832650265,0.09724682453571942,-0.007176392053815208,0.002323501693016152,-0.34995081501860864
CMP037,RWE AG,RWE.DE,^GDAXI,EUR,Xetra,PRIMARY_DIRECT,Raw Materials & Energy,False,2024-09-09,31.48157501220703,18443.560546875,0.010972189189243808,0.0077401883534764515,0.003232000835767357,-0.15969970489166274,0.3109119352489029,-0.415415734925182,2026-02-28,803,ok,0.00016347536019901322,0.49653765832650265,0.09724682453571942,0.004006770360240278,0.00696541882900353,-0.3429853961896051
CMP037,RWE AG,RWE.DE,^GDAXI,EUR,Xetra,PRIMARY_DIRECT,Raw Materials & Energy,False,2024-09-10,31.424633026123047,18265.919921875,-0.0018087400665914855,-0.009631579788973998,0.007822839722382513,-0.1612195897033939,0.2982857823482348,-0.4075928952027995,2026-02-28,803,ok,0.00016347536019901322,0.49653765832650265,0.09724682453571942,-0.004618966714203006,0.0028102266476115207,-0.34017516954199356
CMP037,RWE AG,RWE.DE,^GDAXI,EUR,Xetra,PRIMARY_DIRECT,Raw Materials & Energy,False,2024-09-11,31.16837501525879,18330.26953125,-0.008154685868606126,0.00352293285255989,-0.011677618721166017,-0.16805958046210323,0.30285955598288083,-0.4192705139239655,2026-02-28,803,ok,0.00016347536019901322,0.49653765832650265,0.09724682453571942,0.0019127441892506072,-0.010067430057856734,-0.35024259959985027
CMP037,RWE AG,RWE.DE,^GDAXI,EUR,Xetra,PRIMARY_DIRECT,Raw Materials & Energy,False,2024-09-12,30.969066619873047,18518.390625,-0.006394571269377036,0.010262865662137965,-0.016657436931515,-0.17337948276671378,0.3162306285825658,-0.43592795085548053,2026-02-28,803,ok,0.00016347536019901322,0.49653765832650265,0.09724682453571942,0.005259374643796471,-0.011653945913173508,-0.36189654551302375
CMP037,RWE AG,RWE.DE,^GDAXI,EUR,Xetra,PRIMARY_DIRECT,Raw Materials & Energy,False,2024-09-13,31.32971954345703,18699.400390625,0.011645585836046912,0.00977459484954557,0.0018709909865013419,-0.16375300257943604,0.329096249705523,-0.4340569598689792,2026-02-28,803,ok,0.00016347536019901322,0.49653765832650265,0.09724682453571942,0.005016929797882664,0.006628656038164248,-0.3552678894748595
CMP037,RWE AG,RWE.DE,^GDAXI,EUR,Xetra,PRIMARY_DIRECT,Raw Materials & Energy,False,2024-09-16,31.00702667236328,18633.109375,-0.010299896577310452,-0.003545087769671773,-0.006754808807638679,-0.17236626016595424,0.3243844868459753,-0.44081176867661787,2026-02-28,803,ok,0.00016347536019901322,0.49653765832650265,0.09724682453571942,-0.001596794219515733,-0.00870310235779472,-0.3639709918326542
CMP037,RWE AG,RWE.DE,^GDAXI,EUR,Xetra,PRIMARY_DIRECT,Raw Materials & Energy,False,2024-09-17,31.03550338745117,18726.080078125,0.0009183955426874668,0.004989543143547381,-0.0040711476008599146,-0.17160616502831294,0.3309925603817381,-0.4448829162774778,2026-02-28,803,ok,0.00016347536019901322,0.49653765832650265,0.09724682453571942,0.002640971428815087,-0.0017225758861276201,-0.3656935677187818
CMP037,RWE AG,RWE.DE,^GDAXI,EUR,Xetra,PRIMARY_DIRECT,Raw Materials & Energy,False,2024-09-18,30.63687896728516,18711.490234375,-0.012844142245399759,-0.000779118944762125,-0.012065023300637634,-0.18224617327990156,0.3299555588626073,-0.4569479395781154,2026-02-28,803,ok,0.00016347536019901322,0.49653765832650265,0.09724682453571942,-0.00022338653619098807,-0.01262075570920877,-0.3783143234279906
CMP037,RWE AG,RWE.DE,^GDAXI,EUR,Xetra,PRIMARY_DIRECT,Raw Materials & Energy,False,2024-09-19,29.46000099182129,19002.380859375,-0.038413768475586973,0.015546096080877758,-0.05395986455646473,-0.2136591794495527,0.35063117576398284,-0.5109078041345801,2026-02-28,803,ok,0.00016347536019901322,0.49653765832650265,0.09724682453571942,0.007882697504316876,-0.04629646597990385,-0.42461078940789443
CMP037,RWE AG,RWE.DE,^GDAXI,EUR,Xetra,PRIMARY_DIRECT,Raw Materials & Energy,False,2024-09-20,29.49796295166016,18720.009765625,0.00128859329805886,-0.014859774458772068,0.016148367756830928,-0.21264590593820132,0.3305611011151439,-0.4947594363777492,2026-02-28,803,ok,0.00016347536019901322,0.49653765832650265,0.09724682453571942,-0.007214962252819642,0.008503555550878502,-0.4161072338570159
CMP037,RWE AG,RWE.DE,^GDAXI,EUR,Xetra,PRIMARY_DIRECT,Raw Materials & Energy,False,2024-09-23,30.31418800354004,18846.7890625,0.027670556547157776,0.006772394804398063,0.020898161742759713,-0.19085937995582813,0.33957218620327034,-0.4738612746349895,2026-02-28,803,ok,0.00016347536019901322,0.49653765832650265,0.09724682453571942,0.0035262244176374005,0.024144332129520375,-0.39196290172749554
CMP037,RWE AG,RWE.DE,^GDAXI,EUR,Xetra,PRIMARY_DIRECT,Raw Materials & Energy,False,2024-09-24,30.57044219970703,18996.630859375,0.008453275942507998,0.00795052124678075,0.0005027546957272477,-0.18401949101830273,0.3502224833312759,-0.47335851993926226,2026-02-28,803,ok,0.00016347536019901322,0.49653765832650265,0.09724682453571942,0.0041112085625506336,0.004342067379957365,-0.3876208343475382
CMP037,RWE AG,RWE.DE,^GDAXI,EUR,Xetra,PRIMARY_DIRECT,Raw Materials & Energy,False,2024-09-25,30.44706344604492,18918.5,-0.004035883840217913,-0.004112879802390945,7.699596217303206e-05,-0.18731269356843472,0.3446691805508486,-0.4732815239770892,2026-02-28,803,ok,0.00016347536019901322,0.49653765832650265,0.09724682453571942,-0.0018787243458585558,-0.0021571594943593573,-0.38977799384189754
CMP037,RWE AG,RWE.DE,^GDAXI,EUR,Xetra,PRIMARY_DIRECT,Raw Materials & Energy,False,2024-09-26,31.32971954345703,19238.359375,0.028989859694556808,0.01690722705288472,0.012082632641672086,-0.16375300257943637,0.3674038076974382,-0.46119889133541714,2026-02-28,803,ok,0.00016347536019901322,0.49653765832650265,0.09724682453571942,0.008558550289832888,0.02043130940472392,-0.3693466844371736
CMP037,RWE AG,RWE.DE,^GDAXI,EUR,Xetra,PRIMARY_DIRECT,Raw Materials & Energy,False,2024-09-27,31.529035568237305,19473.630859375,0.006361883466712959,0.012229290439429663,-0.005867406972716704,-0.15843289663245808,0.38412618600975224,-0.46706629830813384,2026-02-28,803,ok,0.00016347536019901322,0.49653765832650265,0.09724682453571942,0.006235778597988105,0.00012610486872485348,-0.3692205795684488
CMP037,RWE AG,RWE.DE,^GDAXI,EUR,Xetra,PRIMARY_DIRECT,Raw Materials & Energy,False,2024-09-30,31.01651954650879,19324.9296875,-0.01625536628354185,-0.007636027043380622,-0.008619339240161228,-0.17211287814987675,0.3735569610219305,-0.47568563754829507,2026-02-28,803,ok,0.00016347536019901322,0.49653765832650265,0.09724682453571942,-0.0036280996268390486,-0.012627266656702801,-0.38184784622515155
CMP037,RWE AG,RWE.DE,^GDAXI,EUR,Xetra,PRIMARY_DIRECT,Raw Materials & Energy,False,2024-10-01,30.66535377502441,19213.140625,-0.011321894803761334,-0.005784707334397621,-0.0055371874693637135,-0.18148612905285255,0.36561133599529394,-0.4812228250176588,2026-02-28,803,ok,0.00016347536019901322,0.49653765832650265,0.09724682453571942,-0.0027088496737269264,-0.008613045130034408,-0.39046089135518597
CMP037,RWE AG,RWE.DE,^GDAXI,EUR,Xetra,PRIMARY_DIRECT,Raw Materials & Energy,False,2024-10-02,30.684335708618164,19164.75,0.0006190025959920131,-0.002518621288652545,0.003137623884644558,-0.18097946684188082,0.362171878212431,-0.4780852011330142,2026-02-28,803,ok,0.00016347536019901322,0.49653765832650265,0.09724682453571942,-0.0010871149566798,0.001706117552671813,-0.38875477380251416
CMP037,RWE AG,RWE.DE,^GDAXI,EUR,Xetra,PRIMARY_DIRECT,Raw Materials & Energy,False,2024-10-03,30.45655059814453,19015.41015625,-0.007423498186068134,-0.0077924232640654845,0.00036892507799735075,-0.18705946428413267,0.35155725837899277,-0.4777162760550169,2026-02-28,803,ok,0.00016347536019901322,0.49653765832650265,0.09724682453571942,-0.003705756240029025,-0.0037177419460391087,-0.3924725157485533
CMP037,RWE AG,RWE.DE,^GDAXI,EUR,Xetra,PRIMARY_DIRECT,Raw Materials & Energy,False,2024-10-04,29.858617782592773,19120.9296875,-0.01963232223639222,0.005549158833963785,-0.025181481070356004,-0.20301937484033195,0.3590572642789345,-0.5028977571253729,2026-02-28,803,ok,0.00016347536019901322,0.49653765832650265,0.09724682453571942,0.002918841693297217,-0.022551163929689436,-0.4150236796782427
CMP037,RWE AG,RWE.DE,^GDAXI,EUR,Xetra,PRIMARY_DIRECT,Raw Materials & Energy,False,2024-10-07,29.925058364868164,19104.099609375,0.0022251727377053943,-0.0008801914132868793,0.0031053641509922736,-0.2012459552807473,0.357861033744751,-0.4997923929743806,2026-02-28,803,ok,0.00016347536019901322,0.49653765832650265,0.09724682453571942,-0.0002735728230335488,0.0024987455607389433,-0.4125249341175038
CMP037,RWE AG,RWE.DE,^GDAXI,EUR,Xetra,PRIMARY_DIRECT,Raw Materials & Energy,False,2024-10-08,29.75421905517578,19066.470703125,-0.005708904811792981,-0.00196967703369455,-0.0037392277780984307,-0.20580596609008417,0.35518648605163516,-0.503531620752479,2026-02-28,803,ok,0.00016347536019901322,0.49653765832650265,0.09724682453571942,-0.0008145434617711705,-0.00489436135002181,-0.4174192954675256
CMP037,RWE AG,RWE.DE,^GDAXI,EUR,Xetra,PRIMARY_DIRECT,Raw Materials & Energy,False,2024-10-09,29.83014678955078,19254.9296875,0.0025518308591532257,0.009884314056303634,-0.007332483197150408,-0.20377931724619747,0.36858157488462817,-0.5108641039496294,2026-02-28,803,ok,0.00016347536019901322,0.49653765832650265,0.09724682453571942,0.0050714095158797545,-0.002519578656726529,-0.4199388741242521
CMP037,RWE AG,RWE.DE,^GDAXI,EUR,Xetra,PRIMARY_DIRECT,Raw Materials & Energy,False,2024-10-10,29.763710021972656,19210.900390625,-0.002227168644084454,-0.002286650618287256,5.948197420280188e-05,-0.2055526349845983,0.36545210698024166,-0.5108046219754266,2026-02-28,803,ok,0.00016347536019901322,0.49653765832650265,0.09724682453571942,-0.0009719327832161904,-0.0012552358608682638,-0.4211941099851204
CMP037,RWE AG,RWE.DE,^GDAXI,EUR,Xetra,PRIMARY_DIRECT,Raw Materials & Energy,False,2024-10-11,29.95352935791016,19373.830078125,0.006377542846552897,0.008481106256712057,-0.0021035634101591594,-0.20048601287488155,0.37703265138799247,-0.5129081853855858,2026-02-28,803,ok,0.00016347536019901322,0.49653765832650265,0.09724682453571942,0.0043746640009250685,0.0020028788456278286,-0.4191912311394926
CMP037,RWE AG,RWE.DE,^GDAXI,EUR,Xetra,PRIMARY_DIRECT,Raw Materials & Energy,False,2024-10-14,30.23826026916504,19508.2890625,0.00950575499309858,0.006940237621203105,0.002565517371895476,-0.19288602879971484,0.38658958520078057,-0.5103426680136903,2026-02-28,803,ok,0.00016347536019901322,0.49653765832650265,0.09724682453571942,0.0036095646968607,0.0058961902962378805,-0.4132950408432547
CMP037,RWE AG,RWE.DE,^GDAXI,EUR,Xetra,PRIMARY_DIRECT,Raw Materials & Energy,False,2024-10-15,30.18131256103516,19486.189453125,-0.0018832997541181618,-0.0011328317570135082,-0.0007504679971046535,-0.19440606634322166,0.3850188124847209,-0.511093136010795,2026-02-28,803,ok,0.00016347536019901322,0.49653765832650265,0.09724682453571942,-0.0003990182677063717,-0.00148428148641179,-0.41477932232966647
CMP037,RWE AG,RWE.DE,^GDAXI,EUR,Xetra,PRIMARY_DIRECT,Raw Materials & Energy,False,2024-10-16,30.13385963439941,19432.810546875,-0.00157226186037418,-0.0027393198849064992,0.0011670580245323192,-0.19567267096005903,0.3812248029107119,-0.5099260779862627,2026-02-28,803,ok,0.00016347536019901322,0.49653765832650265,0.09724682453571942,-0.0011967001208596847,-0.0003755617395144954,-0.41515488406918094
CMP037,RWE AG,RWE.DE,^GDAXI,EUR,Xetra,PRIMARY_DIRECT,Raw Materials & Energy,False,2024-10-17,29.925058364868164,19583.390625,-0.006929124647972018,0.007748754497542976,-0.014677879145514994,-0.20124595528074718,0.3919275748143842,-0.5246039571317777,2026-02-28,803,ok,0.00016347536019901322,0.49653765832650265,0.09724682453571942,0.004011023773355958,-0.010940148421327976,-0.4260950324905089
CMP037,RWE AG,RWE.DE,^GDAXI,EUR,Xetra,PRIMARY_DIRECT,Raw Materials & Energy,False,2024-10-18,29.88709259033203,19657.369140625,-0.0012686950873487257,0.0037776152782531547,-0.00504631036560188,-0.20225933061328238,0.39718574168722487,-0.5296502674973795,2026-02-28,803,ok,0.00016347536019901322,0.49653765832650265,0.09724682453571942,0.0020392036045212545,-0.0033078986918699802,-0.4294029311823789
CMP037,RWE AG,RWE.DE,^GDAXI,EUR,Xetra,PRIMARY_DIRECT,Raw Materials & Energy,False,2024-10-21,29.934547424316406,19461.189453125,0.001587803625961559,-0.009979956427361603,0.011567760053323162,-0.20099267508585317,0.3832418888642555,-0.5180825074440564,2026-02-28,803,ok,0.00016347536019901322,0.49653765832650265,0.09724682453571942,-0.004791948834443646,0.006379752460405205,-0.42302317872197365
CMP037,RWE AG,RWE.DE,^GDAXI,EUR,Xetra,PRIMARY_DIRECT,Raw Materials & Energy,False,2024-10-22,29.43152618408203,19421.91015625,-0.016804036924431998,-0.002018339987368667,-0.01478569693706333,-0.21441922367660216,0.38045003644775743,-0.5328682043811197,2026-02-28,803,ok,0.00016347536019901322,0.49653765832650265,0.09724682453571942,-0.0008387064508357675,-0.01596533047359623,-0.43898850919556986
CMP037,RWE AG,RWE.DE,^GDAXI,EUR,Xetra,PRIMARY_DIRECT,Raw Materials & Energy,False,2024-10-23,29.05188751220703,19377.619140625,-0.012899048098984678,-0.0022804665076028297,-0.010618581591381848,-0.22455246789603533,0.3773019663742192,-0.5434867859725016,2026-02-28,803,ok,0.00016347536019901322,0.49653765832650265,0.09724682453571942,-0.0009688621393781133,-0.011930185959606564,-0.4509186951551764
CMP037,RWE AG,RWE.DE,^GDAXI,EUR,Xetra,PRIMARY_DIRECT,Raw Materials & Energy,False,2024-10-24,29.20374298095703,19443.0,0.005227043120217045,0.0033740398601358468,0.0018530032600811985,-0.22049917020826204,0.38194903810820935,-0.5416337827124204,2026-02-28,803,ok,0.00016347536019901322,0.49653765832650265,0.09724682453571942,0.001838813211451147,0.003388229908765898,-0.4475304652464105
CMP037,RWE AG,RWE.DE,^GDAXI,EUR,Xetra,PRIMARY_DIRECT,Raw Materials & Energy,False,2024-10-25,29.14679718017578,19463.58984375,-0.0019499487041226837,0.0010589849174509336,-0.0030089336215736173,-0.222019156841177,0.3834125012962517,-0.544642716333994,2026-02-28,803,ok,0.00016347536019901322,0.49653765832650265,0.09724682453571942,0.0006893012513131846,-0.002639249955435868,-0.45016971520184634
CMP037,RWE AG,RWE.DE,^GDAXI,EUR,Xetra,PRIMARY_DIRECT,Raw Materials & Energy,False,2024-10-28,29.19425201416016,19531.619140625,0.001628132027372553,0.0034952080998997825,-0.0018670760725272295,-0.2207525013137478,0.388247815876285,-0.5465097924065212,2026-02-28,803,ok,0.00016347536019901322,0.49653765832650265,0.09724682453571942,0.001898977805487076,-0.00027084577811452293,-0.4504405609799609
CMP037,RWE AG,RWE.DE,^GDAXI,EUR,Xetra,PRIMARY_DIRECT,Raw Materials & Energy,False,2024-10-29,28.72919464111328,19478.0703125,-0.015929758118869097,-0.0027416481828493877,-0.01318810993601971,-0.23316572548255354,0.3844417287745432,-0.5596979023425409,2026-02-28,803,ok,0.00016347536019901322,0.49653765832650265,0.09724682453571942,-0.001197856208468133,-0.014731901910400965,-0.46517246289036185
CMP037,RWE AG,RWE.DE,^GDAXI,EUR,Xetra,PRIMARY_DIRECT,Raw Materials & Energy,False,2024-10-30,28.65326690673828,19257.33984375,-0.002642877230757512,-0.011332255465180574,0.008689378234423062,-0.23519237432644013,0.3687528814274139,-0.5510085241081178,2026-02-28,803,ok,0.00016347536019901322,0.49653765832650265,0.09724682453571942,-0.005463416232039461,0.002820539001281949,-0.4623519238890799
CMP037,RWE AG,RWE.DE,^GDAXI,EUR,Xetra,PRIMARY_DIRECT,Raw Materials & Energy,False,2024-10-31,28.2546443939209,19077.5390625,-0.013911939399958606,-0.009336740313504621,-0.004575199086453985,-0.2458323316674369,0.3559731912201649,-0.5555837231945718,2026-02-28,803,ok,0.00016347536019901322,0.49653765832650265,0.09724682453571942,-0.004472567811471227,-0.009439371588487379,-0.4717912954775673
CMP037,RWE AG,RWE.DE,^GDAXI,EUR,Xetra,PRIMARY_DIRECT,Raw Materials & Energy,False,2024-11-01,28.226171493530277,19254.970703125,-0.0010077246060384848,0.009300551818749447,-0.010308276424787932,-0.24659232498389427,0.3685844901499431,-0.5658919996193598,2026-02-28,803,ok,0.00016347536019901322,0.49653765832650265,0.09724682453571942,0.004781549581425159,-0.005789274187463644,-0.477580569665031
CMP037,RWE AG,RWE.DE,^GDAXI,EUR,Xetra,PRIMARY_DIRECT,Raw Materials & Energy,False,2024-11-04,28.6722469329834,19147.849609375,0.015803611182457544,-0.005563295597879825,0.02136690678033737,-0.23468576302606037,0.3609706500805654,-0.5445250928390224,2026-02-28,803,ok,0.00016347536019901322,0.49653765832650265,0.09724682453571942,-0.0025989104085503757,0.01840252159100792,-0.45917804807402307
CMP037,RWE AG,RWE.DE,^GDAXI,EUR,Xetra,PRIMARY_DIRECT,Raw Materials & Energy,False,2024-11-05,28.833593368530277,19256.26953125,0.005627268624046167,0.00566225054441194,-3.498192036577308e-05,-0.2303791342328011,0.36867680688491267,-0.5445600747593882,2026-02-28,803,ok,0.00016347536019901322,0.49653765832650265,0.09724682453571942,0.0029749959863792823,0.0026522726376668844,-0.4565257754363562
CMP037,RWE AG,RWE.DE,^GDAXI,EUR,Xetra,PRIMARY_DIRECT,Raw Materials & Energy,False,2024-11-06,27.571292877197266,19039.310546875,-0.04377881296996855,-0.0112669270661645,-0.03251188590380405,-0.2640722221730085,0.35325602512458953,-0.5770719606631922,2026-02-28,803,ok,0.00016347536019901322,0.49653765832650265,0.09724682453571942,-0.0054309782217698,-0.03834783474819875,-0.49487361018455495
CMP037,RWE AG,RWE.DE,^GDAXI,EUR,Xetra,PRIMARY_DIRECT,Raw Materials & Energy,False,2024-11-07,28.567846298217773,19362.51953125,0.036144602484154964,0.016975876494017772,0.019168725990137192,-0.23747240518640444,0.37622873227189,-0.557903234673055,2026-02-28,803,ok,0.00016347536019901322,0.49653765832650265,0.09724682453571942,0.008592637322578516,0.027551965161576448,-0.4673216450229785
CMP037,RWE AG,RWE.DE,^GDAXI,EUR,Xetra,PRIMARY_DIRECT,Raw Materials & Energy,False,2024-11-08,28.61530113220215,19215.48046875,0.0016611274608873128,-0.007594004605789406,0.009255132066676719,-0.23620574965897523,0.36577764494039755,-0.5486481026063783,2026-02-28,803,ok,0.00016347536019901322,0.49653765832650265,0.09724682453571942,-0.0036072339040803345,0.005268361364967647,-0.46205328365801085
CMP037,RWE AG,RWE.DE,^GDAXI,EUR,Xetra,PRIMARY_DIRECT,Raw Materials & Energy,False,2024-11-11,29.19425201416016,19448.599609375,0.020232213502953122,0.012131840315110498,0.008100373187842624,-0.22075250131374757,0.38234704123476204,-0.5405477294185357,2026-02-28,803,ok,0.00016347536019901322,0.49653765832650265,0.09724682453571942,0.006187390941455041,0.014044822561498083,-0.44800846109651277
CMP037,RWE AG,RWE.DE,^GDAXI,EUR,Xetra,PRIMARY_DIRECT,Raw Materials & Energy,False,2024-11-12,28.586828231811523,19033.640625,-0.02080628001888918,-0.021336188348233254,0.0005299083293440754,-0.2369657429754327,0.35285302440035426,-0.5400178210891916,2026-02-28,803,ok,0.00016347536019901322,0.49653765832650265,0.09724682453571942,-0.010430745639845938,-0.01037553437904324,-0.458383995475556
CMP037,RWE AG,RWE.DE,^GDAXI,EUR,Xetra,PRIMARY_DIRECT,Raw Materials & Energy,False,2024-11-13,30.342660903930664,19003.109375,0.061421038314605436,-0.0016040677977232631,0.0630251061123287,-0.19009938663937032,0.35068295642886116,-0.4769927149768629,2026-02-28,803,ok,0.00016347536019901322,0.49653765832650265,0.09724682453571942,-0.000633004707879446,0.062054043022484885,-0.3963299524530711
CMP037,RWE AG,RWE.DE,^GDAXI,EUR,Xetra,PRIMARY_DIRECT,Raw Materials & Energy,False,2024-11-14,30.13385963439941,19263.69921875,-0.006881442276679306,0.013713010781952528,-0.020594453058631834,-0.1956726709600587,0.3692048863733697,-0.49758716803549474,2026-02-28,803,ok,0.00016347536019901322,0.49653765832650265,0.09724682453571942,0.006972501622475805,-0.013853943899155112,-0.41018389635222624
CMP037,RWE AG,RWE.DE,^GDAXI,EUR,Xetra,PRIMARY_DIRECT,Raw Materials & Energy,False,2024-11-15,30.304697036743164,19210.810546875,0.005669283802886449,-0.0027455096383316446,0.008414793441218094,-0.19111271106131367,0.36544572116098073,-0.48917237459427665,2026-02-28,803,ok,0.00016347536019901322,0.49653765832650265,0.09724682453571942,-0.001199773566531025,0.006869057369417474,-0.4033148389828088
CMP037,RWE AG,RWE.DE,^GDAXI,EUR,Xetra,PRIMARY_DIRECT,Raw Materials & Energy,False,2024-11-18,30.29520606994629,19189.189453125,-0.0003131846784466541,-0.001125464940547105,0.000812280262100451,-0.19136604216679953,0.36390895987359406,-0.4883600943321762,2026-02-28,803,ok,0.00016347536019901322,0.49653765832650265,0.09724682453571942,-0.00039536036590882286,8.217568746216877e-05,-0.4032326632953466
CMP037,RWE AG,RWE.DE,^GDAXI,EUR,Xetra,PRIMARY_DIRECT,Raw Materials & Energy,False,2024-11-19,29.820655822753903,19060.310546875,-0.015664202649644743,-0.006716224599523812,-0.00894797805012093,-0.2040326483516831,0.35474864096578007,-0.49730807238229713,2026-02-28,803,ok,0.00016347536019901322,0.49653765832650265,0.09724682453571942,-0.003171383075243394,-0.012492819574401348,-0.415725482869748
CMP037,RWE AG,RWE.DE,^GDAXI,EUR,Xetra,PRIMARY_DIRECT,Raw Materials & Energy,False,2024-11-20,29.42203521728516,19004.779296875,-0.01336726488639417,-0.0029134493828645303,-0.01045381550352964,-0.2146725547820878,0.35080164937382174,-0.5077618878858268,2026-02-28,803,ok,0.00016347536019901322,0.49653765832650265,0.09724682453571942,-0.001283161974021335,-0.012084102912372835,-0.4278095857821208
CMP037,RWE AG,RWE.DE,^GDAXI,EUR,Xetra,PRIMARY_DIRECT,Raw Materials & Energy,False,2024-11-21,29.20374298095703,19146.169921875,-0.007419345219187412,0.007439740435357223,-0.014859085654544635,-0.22049917020826193,0.3608512630248153,-0.5226209735403714,2026-02-28,803,ok,0.00016347536019901322,0.49653765832650265,0.09724682453571942,0.003857586654528284,-0.011276931873715696,-0.4390865176558365
CMP037,RWE AG,RWE.DE,^GDAXI,EUR,Xetra,PRIMARY_DIRECT,Raw Materials & Energy,False,2024-11-22,29.43152618408203,19322.58984375,0.007799794816490957,0.009214371469326466,-0.0014145766528355086,-0.21441922367660193,0.373390652076828,-0.5240355501932069,2026-02-28,803,ok,0.00016347536019901322,0.49653765832650265,0.09724682453571942,0.004738757792528912,0.003061037023962045,-0.43602548063187446
CMP037,RWE AG,RWE.DE,^GDAXI,EUR,Xetra,PRIMARY_DIRECT,Raw Materials & Energy,False,2024-11-25,29.384071350097656,19405.19921875,-0.001612381012373043,0.004275274467243406,-0.005887655479616449,-0.21568587920403104,0.37926227406520274,-0.5299232056728234,2026-02-28,803,ok,0.00016347536019901322,0.49653765832650265,0.09724682453571942,0.00228631013286714,-0.0038986911452401833,-0.4399241717771146
CMP037,RWE AG,RWE.DE,^GDAXI,EUR,Xetra,PRIMARY_DIRECT,Raw Materials & Energy,False,2024-11-26,29.232213973999023,19295.98046875,-0.005168016858158375,-0.0056283240779341215,0.0004603072197757463,-0.2197392278023963,0.37149933899829546,-0.5294628984530476,2026-02-28,803,ok,0.00016347536019901322,0.49653765832650265,0.09724682453571942,-0.002631199497761068,-0.0025368173603973073,-0.4424609891375119
CMP037,RWE AG,RWE.DE,^GDAXI,EUR,Xetra,PRIMARY_DIRECT,Raw Materials & Energy,False,2024-11-27,29.554908752441406,19261.75,0.01103901260196749,-0.001773968874265619,0.01281298147623311,-0.21112591930528601,0.36906634185983656,-0.5166499169768145,2026-02-28,803,ok,0.00016347536019901322,0.49653765832650265,0.09724682453571942,-0.0007173669905729392,0.011756379592540429,-0.4307046095449715
CMP037,RWE AG,RWE.DE,^GDAXI,EUR,Xetra,PRIMARY_DIRECT,Raw Materials & Energy,False,2024-11-28,30.228769302368164,19425.73046875,0.022800292011427414,0.008513269497838927,0.014287022513588488,-0.19313935990520015,0.3807215725885098,-0.502362894463226,2026-02-28,803,ok,0.00016347536019901322,0.49653765832650265,0.09724682453571942,0.004390634261358395,0.01840965775006902,-0.41229495179490244
CMP037,RWE AG,RWE.DE,^GDAXI,EUR,Xetra,PRIMARY_DIRECT,Raw Materials & Energy,False,2024-11-29,30.247751235961918,19626.44921875,0.0006279426530364507,0.010332623029177368,-0.009704680376140917,-0.1926326976942283,0.39498804810631993,-0.5120675748393669,2026-02-28,803,ok,0.00016347536019901322,0.49653765832650265,0.09724682453571942,0.005294011803477238,-0.0046660691504407876,-0.4169610209453432
CMP037,RWE AG,RWE.DE,^GDAXI,EUR,Xetra,PRIMARY_DIRECT,Raw Materials & Energy,False,2024-12-02,30.20978736877441,19933.619140625,-0.0012550971770215469,0.01565081479850905,-0.016905911975530596,-0.19364602211617177,0.41682074769336563,-0.5289734868148975,2026-02-28,803,ok,0.00016347536019901322,0.49653765832650265,0.09724682453571942,0.007934694291152471,-0.009189791468174018,-0.4261508124135172
CMP037,RWE AG,RWE.DE,^GDAXI,EUR,Xetra,PRIMARY_DIRECT,Raw Materials & Energy,False,2024-12-03,30.08640480041504,20016.75,-0.004084191883022115,0.004170384654614834,-0.008254576537636948,-0.19693932648748746,0.42272943519788586,-0.5372280633525345,2026-02-28,803,ok,0.00016347536019901322,0.49653765832650265,0.09724682453571942,0.0022342283909222434,-0.0063184202739443585,-0.43246923268746157
CMP037,RWE AG,RWE.DE,^GDAXI,EUR,Xetra,PRIMARY_DIRECT,Raw Materials & Energy,False,2024-12-04,29.3935604095459,20232.140625,-0.023028487300668865,0.010760519315073713,-0.03378900661574258,-0.21543259900913692,0.4380387427654566,-0.5710170699682771,2026-02-28,803,ok,0.00016347536019901322,0.49653765832650265,0.09724682453571942,0.005506478423282817,-0.028534965723951682,-0.46100419841141327
CMP037,RWE AG,RWE.DE,^GDAXI,EUR,Xetra,PRIMARY_DIRECT,Raw Materials & Energy,False,2024-12-05,29.18475914001465,20358.80078125,-0.007103639934121109,0.006260343806304469,-0.013363983740425578,-0.22100588332982518,0.44704135970195424,-0.5843810537087026,2026-02-28,803,ok,0.00016347536019901322,0.49653765832650265,0.09724682453571942,0.003271971814100259,-0.010375611748221367,-0.47137981015963465
CMP037,RWE AG,RWE.DE,^GDAXI,EUR,Xetra,PRIMARY_DIRECT,Raw Materials & Energy,False,2024-12-06,29.1657772064209,20384.609375,-0.0006504056964350413,0.001267687327328737,-0.0019180930237637783,-0.2215125455407968,0.448875755695769,-0.5862991467324664,2026-02-28,803,ok,0.00016347536019901322,0.49653765832650265,0.09724682453571942,0.000792929857201007,-0.0014433355536360483,-0.4728231457132707
CMP037,RWE AG,RWE.DE,^GDAXI,EUR,Xetra,PRIMARY_DIRECT,Raw Materials & Energy,False,2024-12-09,29.365089416503903,20345.9609375,0.006833769889702301,-0.0018959616438566362,0.008729731533558938,-0.21619254141500255,0.4461287428362559,-0.5775694151989075,2026-02-28,803,ok,0.00016347536019901322,0.49653765832650265,0.09724682453571942,-0.0007779409947184275,0.007611710884420729,-0.46521143482884997
CMP037,RWE AG,RWE.DE,^GDAXI,EUR,Xetra,PRIMARY_DIRECT,Raw Materials & Energy,False,2024-12-10,29.232213973999023,20329.16015625,-0.0045249459526658375,-0.0008257551118676654,-0.003699190840798172,-0.21973922780239608,0.4449345946344401,-0.5812686060397056,2026-02-28,803,ok,0.00016347536019901322,0.49653765832650265,0.09724682453571942,-0.0002465431493988966,-0.004278402803266941,-0.46948983763211694
CMP037,RWE AG,RWE.DE,^GDAXI,EUR,Xetra,PRIMARY_DIRECT,Raw Materials & Energy,False,2024-12-11,28.662755966186523,20399.16015625,-0.01948049533022067,0.003443329653659122,-0.022923824983879793,-0.2349390941315459,0.4499099807717428,-0.6041924310235854,2026-02-28,803,ok,0.00016347536019901322,0.49653765832650265,0.09724682453571942,0.0018732182032731208,-0.02135371353349379,-0.49084355116561074
CMP037,RWE AG,RWE.DE,^GDAXI,EUR,Xetra,PRIMARY_DIRECT,Raw Materials & Energy,False,2024-12-12,28.378026962280277,20426.26953125,-0.00993376227471432,0.00132894564248498,-0.0112627079171993,-0.24253902729612076,0.4518368323226849,-0.6154551389407847,2026-02-28,803,ok,0.00016347536019901322,0.49653765832650265,0.09724682453571942,0.0008233469175617147,-0.010757109192276034,-0.5016006603578868
CMP037,RWE AG,RWE.DE,^GDAXI,EUR,Xetra,PRIMARY_DIRECT,Raw Materials & Energy,False,2024-12-13,27.789587020874023,20405.919921875,-0.020735759472933046,-0.0009962469820476993,-0.019739512490885347,-0.2582455558362423,0.4503904442600577,-0.6351946514316701,2026-02-28,803,ok,0.00016347536019901322,0.49653765832650265,0.09724682453571942,-0.0003311987833817967,-0.020404560689551248,-0.522005221047438
CMP037,RWE AG,RWE.DE,^GDAXI,EUR,Xetra,PRIMARY_DIRECT,Raw Materials & Energy,False,2024-12-16,27.125219345092773,20313.810546875,-0.02390707264855041,-0.004513855555282276,-0.019393217093268134,-0.27597873322025035,0.443843591295906,-0.6545878685249382,2026-02-28,803,ok,0.00016347536019901322,0.49653765832650265,0.09724682453571942,-0.002077823907244923,-0.021829248741305485,-0.5438344697887434
CMP037,RWE AG,RWE.DE,^GDAXI,EUR,Xetra,PRIMARY_DIRECT,Raw Materials & Energy,False,2024-12-17,26.887943267822266,20246.369140625,-0.00874743441709469,-0.0033199781052587474,-0.005427456311835943,-0.28231206176798807,0.43905006218538545,-0.6600153248367742,2026-02-28,803,ok,0.00016347536019901322,0.49653765832650265,0.09724682453571942,-0.0014850187938814244,-0.007262415623213266,-0.5510968854119567
CMP037,RWE AG,RWE.DE,^GDAXI,EUR,Xetra,PRIMARY_DIRECT,Raw Materials & Energy,False,2024-12-18,26.82150650024414,20242.5703125,-0.0024708757719535956,-0.0001876300930114816,-0.002283245678942114,-0.2840853795063889,0.4387800530883694,-0.6622985705157163,2026-02-28,803,ok,0.00016347536019901322,0.49653765832650265,0.09724682453571942,7.030995318350826e-05,-0.002541185725137104,-0.5536380711370937
CMP037,RWE AG,RWE.DE,^GDAXI,EUR,Xetra,PRIMARY_DIRECT,Raw Materials & Energy,False,2024-12-19,26.887943267822266,19969.859375,0.0024769961216577485,-0.013472149696898805,0.015949145818556554,-0.2823120617679882,0.41939659283225095,-0.6463494246971597,2026-02-28,803,ok,0.00016347536019901322,0.49653765832650265,0.09724682453571942,-0.006525954302923222,0.00900295042458097,-0.5446351207125127
CMP037,RWE AG,RWE.DE,^GDAXI,EUR,Xetra,PRIMARY_DIRECT,Raw Materials & Energy,False,2024-12-20,26.812015533447266,19884.75,-0.002823858025089776,-0.00426189155375567,0.001438033528665894,-0.28433871061187477,0.4133472784818295,-0.6449113911684938,2026-02-28,803,ok,0.00016347536019901322,0.49653765832650265,0.09724682453571942,-0.0019527142919443271,-0.0008711437331454489,-0.5455062644456582
CMP037,RWE AG,RWE.DE,^GDAXI,EUR,Xetra,PRIMARY_DIRECT,Raw Materials & Energy,False,2024-12-23,27.01132583618164,19848.76953125,0.007433618799964625,-0.001809450395403478,0.009243069195368103,-0.27901875739667226,0.41078989668993815,-0.6356683219731257,2026-02-28,803,ok,0.00016347536019901322,0.49653765832650265,0.09724682453571942,-0.0007349849019925941,0.00816860370195722,-0.5373376607437009
CMP037,RWE AG,RWE.DE,^GDAXI,EUR,Xetra,PRIMARY_DIRECT,Raw Materials & Energy,False,2024-12-27,27.125219345092773,19984.3203125,0.004216509385798872,0.0068291780524021295,-0.0026126686666032573,-0.27597873322025035,0.42042443208896385,-0.638280990639729,2026-02-28,803,ok,0.00016347536019901322,0.49653765832650265,0.09724682453571942,0.0035544194386335124,0.0006620899471653599,-0.5366755707965356
CMP037,RWE AG,RWE.DE,^GDAXI,EUR,Xetra,PRIMARY_DIRECT,Raw Materials & Energy,False,2024-12-30,27.36249351501465,19909.140625,0.008747364100663013,-0.0037619336722187757,0.012509297772881789,-0.2696454555831046,0.4150808895890461,-0.6257716928668472,2026-02-28,803,ok,0.00016347536019901322,0.49653765832650265,0.09724682453571942,-0.0017044663761841188,0.010451830476847132,-0.5262237403196884
CMP037,RWE AG,RWE.DE,^GDAXI,EUR,Xetra,PRIMARY_DIRECT,Raw Materials & Energy,False,2025-01-02,28.055334091186523,20024.66015625,0.025320812805005977,0.005802336395421381,0.019518476409584595,-0.25115228488263897,0.42329166493717385,-0.6062532164572626,2026-02-28,803,ok,0.00016347536019901322,0.49653765832650265,0.09724682453571942,0.003044553886804186,0.022276258918201793,-0.5039474814014866
CMP037,RWE AG,RWE.DE,^GDAXI,EUR,Xetra,PRIMARY_DIRECT,Raw Materials & Energy,False,2025-01-03,28.78614044189453,19906.080078125,0.026048748816631884,-0.005921702400926376,0.03197045121755826,-0.23164573884963813,0.4148633552676968,-0.5742827652397043,2026-02-28,803,ok,0.00016347536019901322,0.49653765832650265,0.09724682453571942,-0.0027768728832633983,0.028825621699895283,-0.4751218597015913
CMP037,RWE AG,RWE.DE,^GDAXI,EUR,Xetra,PRIMARY_DIRECT,Raw Materials & Energy,False,2025-01-06,28.72919464111328,20216.189453125,-0.001978236745429518,0.015578625916449651,-0.01755686266187917,-0.2331657254825531,0.436904982202305,-0.5918396279015835,2026-02-28,803,ok,0.00016347536019901322,0.49653765832650265,0.09724682453571942,0.007898849792697489,-0.009877086538127007,-0.48499894623971834
CMP037,RWE AG,RWE.DE,^GDAXI,EUR,Xetra,PRIMARY_DIRECT,Raw Materials & Energy,False,2025-01-07,28.46344566345215,20340.5703125,-0.009250136698257139,0.0061525372851991555,-0.015402673983456294,-0.2402590473467483,0.4457455936805932,-0.6072423018850398,2026-02-28,803,ok,0.00016347536019901322,0.49653765832650265,0.09724682453571942,0.0032184418165582995,-0.012468578514815438,-0.49746752475453376
CMP037,RWE AG,RWE.DE,^GDAXI,EUR,Xetra,PRIMARY_DIRECT,Raw Materials & Energy,False,2025-01-08,27.78009605407715,20329.939453125,-0.024007972100596353,-0.0005226431320102254,-0.023485328968586128,-0.25849888694172807,0.44498998467542195,-0.6307276308536259,2026-02-28,803,ok,0.00016347536019901322,0.49653765832650265,0.09724682453571942,-9.603663670977328e-05,-0.02391193546388658,-0.5213794602184203
CMP037,RWE AG,RWE.DE,^GDAXI,EUR,Xetra,PRIMARY_DIRECT,Raw Materials & Energy,False,2025-01-09,27.087255477905277,20317.099609375,-0.02494017928603187,-0.0006315731426355109,-0.02430860614339636,-0.2769920576421936,0.4440773678097236,-0.6550362369970223,2026-02-28,803,ok,0.00016347536019901322,0.49653765832650265,0.09724682453571942,-0.00015012448910713363,-0.024790054796924737,-0.546169515015345
CMP037,RWE AG,RWE.DE,^GDAXI,EUR,Xetra,PRIMARY_DIRECT,Raw Materials & Energy,False,2025-01-10,26.70761489868164,20214.7890625,-0.014015468622626037,-0.00503568663057552,-0.008979781992050517,-0.28712535277221884,0.43680544671512744,-0.6640160189890728,2026-02-28,803,ok,0.00016347536019901322,0.49653765832650265,0.09724682453571942,-0.0023369326874130318,-0.011678535935213005,-0.557848050950558
CMP037,RWE AG,RWE.DE,^GDAXI,EUR,Xetra,PRIMARY_DIRECT,Raw Materials & Energy,False,2025-01-13,27.125219345092773,20132.849609375,0.015636156504253984,-0.004053440917521356,0.01968959742177534,-0.27597873322025046,0.4309814407268948,-0.6443264215672975,2026-02-28,803,ok,0.00016347536019901322,0.49653765832650265,0.09724682453571942,-0.0018492107011518714,0.017485367205405854,-0.5403626837451522
CMP037,RWE AG,RWE.DE,^GDAXI,EUR,Xetra,PRIMARY_DIRECT,Raw Materials & Energy,False,2025-01-14,26.916418075561523,20271.330078125,-0.007697680408583429,0.0068783342366753875,-0.014576014645258817,-0.2815520175409387,0.44082420936269373,-0.6589024362125563,2026-02-28,803,ok,0.00016347536019901322,0.49653765832650265,0.09724682453571942,0.003578827335264822,-0.011276507743848252,-0.5516391914890004
CMP037,RWE AG,RWE.DE,^GDAXI,EUR,Xetra,PRIMARY_DIRECT,Raw Materials & Energy,False,2025-01-15,27.50485610961914,20574.6796875,0.021861676854836976,0.01496446499592774,0.006897211858909236,-0.26584553991140913,0.46238537280898706,-0.652005224353647,2026-02-28,803,ok,0.00016347536019901322,0.49653765832650265,0.09724682453571942,0.007593895767385891,0.014267781087451085,-0.5373714104015493
CMP037,RWE AG,RWE.DE,^GDAXI,EUR,Xetra,PRIMARY_DIRECT,Raw Materials & Energy,False,2025-01-16,27.5333309173584,20655.390625,0.00103526474109783,0.003922828385466204,-0.002887563644368374,-0.2650854956843597,0.4681220596599327,-0.6548927879980154,2026-02-28,803,ok,0.00016347536019901322,0.49653765832650265,0.09724682453571942,0.002111307380735137,-0.0010760426396373072,-0.5384474530411867
CMP037,RWE AG,RWE.DE,^GDAXI,EUR,Xetra,PRIMARY_DIRECT,Raw Materials & Energy,False,2025-01-17,27.85602378845215,20903.390625,0.011720081092342793,0.01200655095333003,-0.00028646986098723737,-0.2564722380978415,0.48574914197494756,-0.6551792578590027,2026-02-28,803,ok,0.00016347536019901322,0.49653765832650265,0.09724682453571942,0.006125180055143345,0.005594901037199449,-0.5328525520039873
CMP037,RWE AG,RWE.DE,^GDAXI,EUR,Xetra,PRIMARY_DIRECT,Raw Materials & Energy,False,2025-01-20,28.00787925720215,20990.310546875,0.005451440948760045,0.004158173352558636,0.0012932675962014084,-0.2524189404100682,0.49192714446569474,-0.6538859902628013,2026-02-28,803,ok,0.00016347536019901322,0.49653765832650265,0.09724682453571942,0.0022281650195941412,0.0032232759291659033,-0.5296292760748214
CMP037,RWE AG,RWE.DE,^GDAXI,EUR,Xetra,PRIMARY_DIRECT,Raw Materials & Energy,False,2025-01-21,27.903478622436523,21042.0,-0.0037275451599492193,0.002462538751371479,-0.0061900839113206985,-0.25520558257041237,0.49560107287316457,-0.660076074174122,2026-02-28,803,ok,0.00016347536019901322,0.49653765832650265,0.09724682453571942,0.0013862185853432771,-0.0051137637452924965,-0.5347430398201138
CMP037,RWE AG,RWE.DE,^GDAXI,EUR,Xetra,PRIMARY_DIRECT,Raw Materials & Energy,False,2025-01-22,27.191654205322266,21254.26953125,-0.025510239305500004,0.010087897122421863,-0.03559813642792187,-0.2742054663924416,0.5106885426324927,-0.6956742106020438,2026-02-28,803,ok,0.00016347536019901322,0.49653765832650265,0.09724682453571942,0.005172496174805029,-0.030682735480305035,-0.5654257753004188
CMP037,RWE AG,RWE.DE,^GDAXI,EUR,Xetra,PRIMARY_DIRECT,Raw Materials & Energy,False,2025-01-23,27.419437408447266,21411.529296875,0.008376952774002744,0.007398972963704065,0.0009779798102986792,-0.2681255198607817,0.5218660863160081,-0.6946962307917451,2026-02-28,803,ok,0.00016347536019901322,0.49653765832650265,0.09724682453571942,0.0038373440696177325,0.004539608704385011,-0.5608861665960339
CMP037,RWE AG,RWE.DE,^GDAXI,EUR,Xetra,PRIMARY_DIRECT,Raw Materials & Energy,False,2025-01-24,27.24860000610352,21394.9296875,-0.006230521793679,-0.0007752650053549637,-0.005455256788324037,-0.2726854797595266,0.5206862367964507,-0.7001514875800692,2026-02-28,803,ok,0.00016347536019901322,0.49653765832650265,0.09724682453571942,-0.00022147291014242397,-0.006009048883536577,-0.5668952154795704
CMP037,RWE AG,RWE.DE,^GDAXI,EUR,Xetra,PRIMARY_DIRECT,Raw Materials & Energy,False,2025-01-27,27.068273544311523,21282.1796875,-0.006617824833261343,-0.005269940198301959,-0.0013478846349593843,-0.27749871985316554,0.5126723112681526,-0.7014993722150286,2026-02-28,803,ok,0.00016347536019901322,0.49653765832650265,0.09724682453571942,-0.0024532484053865467,-0.004164576427874796,-0.5710597919074453
CMP037,RWE AG,RWE.DE,^GDAXI,EUR,Xetra,PRIMARY_DIRECT,Raw Materials & Energy,False,2025-01-28,27.5333309173584,21430.580078125,0.017180902663982645,0.006972988331273244,0.0102079143327094,-0.2650854956843599,0.5232201576436655,-0.6912914578823192,2026-02-28,803,ok,0.00016347536019901322,0.49653765832650265,0.09724682453571942,0.003625826657747457,0.013555076006235187,-0.5575047159012101
CMP037,RWE AG,RWE.DE,^GDAXI,EUR,Xetra,PRIMARY_DIRECT,Raw Materials & Energy,False,2025-01-29,27.87500762939453,21637.529296875,0.012409566901355973,0.009656725016101708,0.0027528418852542647,-0.2559655249762781,0.5379294758450135,-0.6885386159970649,2026-02-28,803,ok,0.00016347536019901322,0.49653765832650265,0.09724682453571942,0.004958402986797114,0.0074511639145588586,-0.5500535519866512
CMP037,RWE AG,RWE.DE,^GDAXI,EUR,Xetra,PRIMARY_DIRECT,Raw Materials & Energy,False,2025-01-30,28.1027889251709,21727.19921875,0.008171524069330527,0.004144184885653823,0.004027339183676704,-0.24988562935521008,0.5443029399340118,-0.6845112768133882,2026-02-28,803,ok,0.00016347536019901322,0.49653765832650265,0.09724682453571942,0.002221219218993648,0.005950304850336879,-0.5441032471363143
CMP037,RWE AG,RWE.DE,^GDAXI,EUR,Xetra,PRIMARY_DIRECT,Raw Materials & Energy,False,2025-01-31,28.359045028686523,21732.05078125,0.009118529274726228,0.00022329442700619317,0.008895234847720035,-0.2430456895070927,0.5446477741741083,-0.6756160419656682,2026-02-28,803,ok,0.00016347536019901322,0.49653765832650265,0.09724682453571942,0.00027434945210202656,0.008844179822624202,-0.5352590673136901
CMP037,RWE AG,RWE.DE,^GDAXI,EUR,Xetra,PRIMARY_DIRECT,Raw Materials & Energy,False,2025-02-03,28.121768951416016,21428.240234375,-0.008366857100811864,-0.013979837887049373,0.005612980786237509,-0.24937901805483043,0.5230538486985625,-0.6700030611794306,2026-02-28,803,ok,0.00016347536019901322,0.49653765832650265,0.09724682453571942,-0.006778040608020605,-0.001588816492791259,-0.5368478838064814
CMP037,RWE AG,RWE.DE,^GDAXI,EUR,Xetra,PRIMARY_DIRECT,Raw Materials & Energy,False,2025-02-04,28.207189559936523,21505.69921875,0.003037526148091274,0.0036148084736673525,-0.0005772823255760784,-0.247098987194866,0.5285593966566897,-0.6705803435050067,2026-02-28,803,ok,0.00016347536019901322,0.49653765832650265,0.09724682453571942,0.0019583638950125995,0.0010791622530786746,-0.5357687215534027
CMP037,RWE AG,RWE.DE,^GDAXI,EUR,Xetra,PRIMARY_DIRECT,Raw Materials & Energy,False,2025-02-05,28.472938537597656,21585.9296875,0.009421320656439525,0.003730660785958184,0.0056906598704813405,-0.2400056653306708,0.5342619332568048,-0.6648896836345254,2026-02-28,803,ok,0.00016347536019901322,0.49653765832650265,0.09724682453571942,0.0020158889308692,0.007405431725570325,-0.5283632898278324
CMP037,RWE AG,RWE.DE,^GDAXI,EUR,Xetra,PRIMARY_DIRECT,Raw Materials & Energy,False,2025-02-06,27.846532821655277,21902.419921875,-0.022000037513347226,0.014661876461048218,-0.036661913974395444,-0.25672556920332745,0.5567570921811051,-0.7015515976089208,2026-02-28,803,ok,0.00016347536019901322,0.49653765832650265,0.09724682453571942,0.007443649164840365,-0.029443686678187593,-0.5578069765060201
CMP037,RWE AG,RWE.DE,^GDAXI,EUR,Xetra,PRIMARY_DIRECT,Raw Materials & Energy,False,2025-02-07,27.191654205322266,21787.0,-0.023517420302456293,-0.005269733768537788,-0.018247686533918506,-0.2742054663924418,0.5485533967630276,-0.7197992841428393,2026-02-28,803,ok,0.00016347536019901322,0.49653765832650265,0.09724682453571942,-0.002453145905234836,-0.021064274397221458,-0.5788712509032415
CMP037,RWE AG,RWE.DE,^GDAXI,EUR,Xetra,PRIMARY_DIRECT,Raw Materials & Energy,False,2025-02-10,27.713659286499023,21911.740234375,0.019197253585057084,0.0057254433549822625,0.013471810230074821,-0.26027220468012924,0.5574195515183598,-0.7063274739127645,2026-02-28,803,ok,0.00016347536019901322,0.49653765832650265,0.09724682453571942,0.0030063735965629407,0.016190879988494142,-0.5626803709147474
CMP037,RWE AG,RWE.DE,^GDAXI,EUR,Xetra,PRIMARY_DIRECT,Raw Materials & Energy,False,2025-02-11,27.58078384399414,22037.830078125,-0.0047945831018285645,0.005754442248826486,-0.01054902535065505,-0.26381889106752276,0.5663816323847655,-0.7168764992634196,2026-02-28,803,ok,0.00016347536019901322,0.49653765832650265,0.09724682453571942,0.0030207726394064103,-0.007815355741234976,-0.5704957266559824
CMP037,RWE AG,RWE.DE,^GDAXI,EUR,Xetra,PRIMARY_DIRECT,Raw Materials & Energy,False,2025-02-12,27.00183486938477,22148.029296875,-0.020991026864359386,0.005000456867093606,-0.02599148373145299,-0.27927208850215823,0.5742142561749131,-0.7428679829948726,2026-02-28,803,ok,0.00016347536019901322,0.49653765832650265,0.09724682453571942,0.0026463905035483517,-0.023637417367907736,-0.5941331440238901
CMP037,RWE AG,RWE.DE,^GDAXI,EUR,Xetra,PRIMARY_DIRECT,Raw Materials & Energy,False,2025-02-13,26.93539810180664,22612.01953125,-0.0024604538135835075,0.020949504272168795,-0.023409958085752303,-0.2810454062405592,0.6071932644599585,-0.7662779410806249,2026-02-28,803,ok,0.00016347536019901322,0.49653765832650265,0.09724682453571942,0.010565693154602769,-0.013026146968186277,-0.6071592909920763
CMP037,RWE AG,RWE.DE,^GDAXI,EUR,Xetra,PRIMARY_DIRECT,Raw Materials & Energy,False,2025-02-14,27.09674453735352,22513.419921875,0.005990126261993467,-0.004360495498366923,0.01035062176036039,-0.2767387774472999,0.6001851054652751,-0.7559273193202645,2026-02-28,803,ok,0.00016347536019901322,0.49653765832650265,0.09724682453571942,-0.002001674863703355,0.007991801125696823,-0.5991674898663795
CMP037,RWE AG,RWE.DE,^GDAXI,EUR,Xetra,PRIMARY_DIRECT,Raw Materials & Energy,False,2025-02-17,27.02081680297852,22798.08984375,-0.0028020980258470773,0.012644454856829856,-0.015446552882676934,-0.2787654262911866,0.6204185737939023,-0.7713738722029414,2026-02-28,803,ok,0.00016347536019901322,0.49653765832650265,0.09724682453571942,0.006441923365624484,-0.009244021391471562,-0.608411511257851
CMP037,RWE AG,RWE.DE,^GDAXI,EUR,Xetra,PRIMARY_DIRECT,Raw Materials & Energy,False,2025-02-18,26.963871002197266,22844.5,-0.0021074788817996293,0.002035703717639503,-0.0041431825994391325,-0.2802854129241017,0.6237172659087067,-0.7755170548023805,2026-02-28,803,ok,0.00016347536019901322,0.49653765832650265,0.09724682453571942,0.001174278917202288,-0.0032817577990019173,-0.611693269056853
CMP037,RWE AG,RWE.DE,^GDAXI,EUR,Xetra,PRIMARY_DIRECT,Raw Materials & Energy,False,2025-02-19,27.03030776977539,22433.630859375,0.002463918017287403,-0.0179854731171617,0.020449391134449102,-0.27851209518570086,0.5945139426728343,-0.7550676636679314,2026-02-28,803,ok,0.00016347536019901322,0.49653765832650265,0.09724682453571942,-0.00876698934529072,0.011230907362578124,-0.6004623616942748
CMP037,RWE AG,RWE.DE,^GDAXI,EUR,Xetra,PRIMARY_DIRECT,Raw Materials & Energy,False,2025-02-20,27.343509674072266,22314.650390625,0.011587063934473285,-0.005303665264701385,0.01689072919917467,-0.2701521687046684,0.5860571744609984,-0.7381769344687568,2026-02-28,803,ok,0.00016347536019901322,0.49653765832650265,0.09724682453571942,-0.0024699941708834234,0.014057058105356708,-0.5864053035889181
CMP037,RWE AG,RWE.DE,^GDAXI,EUR,Xetra,PRIMARY_DIRECT,Raw Materials & Energy,False,2025-02-21,27.6472225189209,22287.560546875,0.011107310234450996,-0.001213993644345046,0.012321303878796042,-0.26204552241852985,0.5841317111316349,-0.7258556305899607,2026-02-28,803,ok,0.00016347536019901322,0.49653765832650265,0.09724682453571942,-0.000439318201187333,0.011546628435638329,-0.5748586751532797
CMP037,RWE AG,RWE.DE,^GDAXI,EUR,Xetra,PRIMARY_DIRECT,Raw Materials & Energy,False,2025-02-24,28.71021270751953,22425.9296875,0.03844835364099075,0.006208357363022499,0.03223999627796825,-0.23367238769352494,0.5939665669044363,-0.6936156343119925,2026-02-28,803,ok,0.00016347536019901322,0.49653765832650265,0.09724682453571942,0.0032461585872883055,0.035202195053702444,-0.5396564800995772
CMP037,RWE AG,RWE.DE,^GDAXI,EUR,Xetra,PRIMARY_DIRECT,Raw Materials & Energy,False,2025-02-25,28.624792098999023,22410.26953125,-0.0029752690929432113,-0.0006983057767602219,-0.0022769633161829894,-0.23595241855348936,0.5928534908428043,-0.6958925976281755,2026-02-28,803,ok,0.00016347536019901322,0.49653765832650265,0.09724682453571942,-0.00018325975498937689,-0.0027920093379538344,-0.5424484894375311
CMP037,RWE AG,RWE.DE,^GDAXI,EUR,Xetra,PRIMARY_DIRECT,Raw Materials & Energy,False,2025-02-26,29.10883331298828,22794.109375,0.016909859548156714,0.017127854853095537,-0.0002179953049388228,-0.22303248126312003,0.6201356542362064,-0.6961105929331143,2026-02-28,803,ok,0.00016347536019901322,0.49653765832650265,0.09724682453571942,0.008668100301111294,0.00824175924704542,-0.5342067301904857
CMP037,RWE AG,RWE.DE,^GDAXI,EUR,Xetra,PRIMARY_DIRECT,Raw Materials & Energy,False,2025-02-27,28.586828231811523,22550.890625,-0.017932875411528104,-0.010670245807750445,-0.007262629603777659,-0.2369657429754326,0.6028484085636054,-0.7033732225368919,2026-02-28,803,ok,0.00016347536019901322,0.49653765832650265,0.09724682453571942,-0.005134703506949574,-0.01279817190457853,-0.5470049020950642
CMP037,RWE AG,RWE.DE,^GDAXI,EUR,Xetra,PRIMARY_DIRECT,Raw Materials & Energy,False,2025-02-28,28.776647567749023,22551.4296875,0.0066400978240135355,2.3904266530427876e-05,0.006616193557483108,-0.23189912086571596,0.6028867234791717,-0.6967570289794088,2026-02-28,803,ok,0.00016347536019901322,0.49653765832650265,0.09724682453571942,0.00017534472872604448,0.006464753095287491,-0.5405401489997768
CMP037,RWE AG,RWE.DE,^GDAXI,EUR,Xetra,PRIMARY_DIRECT,Raw Materials & Energy,False,2025-03-03,29.061378479003903,23147.01953125,0.009894512923527055,0.026410292030404126,-0.01651577910687707,-0.22429913679054925,0.6452194299379144,-0.7132728080862859,2026-02-28,803,ok,0.00016347536019901322,0.49653765832650265,0.09724682453571942,0.013277179920694972,-0.003382666997167917,-0.5439228159969447
CMP037,RWE AG,RWE.DE,^GDAXI,EUR,Xetra,PRIMARY_DIRECT,Raw Materials & Energy,False,2025-03-04,28.80512237548828,22326.810546875,-0.008817754591398996,-0.03543475579081201,0.026617001199413015,-0.2311390766386665,0.5869214812157655,-0.6866558068868729,2026-02-28,803,ok,0.00016347536019901322,0.49653765832650265,0.09724682453571942,-0.017431215303542264,0.008613460712143268,-0.5353093552848014
CMP037,RWE AG,RWE.DE,^GDAXI,EUR,Xetra,PRIMARY_DIRECT,Raw Materials & Energy,False,2025-03-05,28.90003204345703,23081.029296875,0.0032948885525136973,0.03378085501359562,-0.030485966461081926,-0.22860576558380818,0.6405290456906756,-0.7171417733479548,2026-02-28,803,ok,0.00016347536019901322,0.49653765832650265,0.09724682453571942,0.01693694200491688,-0.013642053452403182,-0.5489514087372046
CMP037,RWE AG,RWE.DE,^GDAXI,EUR,Xetra,PRIMARY_DIRECT,Raw Materials & Energy,False,2025-03-06,29.42203521728516,23419.48046875,0.01806237353104634,0.014663608261214822,0.0033987652698315163,-0.21467255478208735,0.6645851209578282,-0.7137430080781233,2026-02-28,803,ok,0.00016347536019901322,0.49653765832650265,0.09724682453571942,0.00744450906883978,0.010617864462206559,-0.538333544274998
CMP037,RWE AG,RWE.DE,^GDAXI,EUR,Xetra,PRIMARY_DIRECT,Raw Materials & Energy,False,2025-03-07,29.53592872619629,23008.939453125,0.003871027550270245,-0.01752989423368334,0.021400921783953586,-0.21163253060566545,0.6354051198444746,-0.6923420862941697,2026-02-28,803,ok,0.00016347536019901322,0.49653765832650265,0.09724682453571942,-0.008540777273305374,0.01241180482357562,-0.5259217394514224
CMP037,RWE AG,RWE.DE,^GDAXI,EUR,Xetra,PRIMARY_DIRECT,Raw Materials & Energy,False,2025-03-10,29.3176326751709,22620.94921875,-0.007390864633004646,-0.016862586611844255,0.009471721978839609,-0.2174592478530234,0.6078279593656435,-0.6828703643153301,2026-02-28,803,ok,0.00016347536019901322,0.49653765832650265,0.09724682453571942,-0.008209433909373967,0.0008185692763693214,-0.525103170175053
CMP037,RWE AG,RWE.DE,^GDAXI,EUR,Xetra,PRIMARY_DIRECT,Raw Materials & Energy,False,2025-03-11,29.49796295166016,22328.76953125,0.006150915337785223,-0.012916331877789622,0.019067247215574845,-0.21264590593820054,0.5870607198400877,-0.6638031170997553,2026-02-28,803,ok,0.00016347536019901322,0.49653765832650265,0.09724682453571942,-0.006249969824566604,0.012400885162351827,-0.5127022850127012
CMP037,RWE AG,RWE.DE,^GDAXI,EUR,Xetra,PRIMARY_DIRECT,Raw Materials & Energy,False,2025-03-12,29.57389068603516,22676.41015625,0.002573999245284453,0.015569179686030665,-0.012995180440746212,-0.21061925709431384,0.6117699533599192,-0.6767982975405015,2026-02-28,803,ok,0.00016347536019901322,0.49653765832650265,0.09724682453571942,0.007894159383565233,-0.00532016013828078,-0.518022445150982
CMP037,RWE AG,RWE.DE,^GDAXI,EUR,Xetra,PRIMARY_DIRECT,Raw Materials & Energy,False,2025-03-13,30.36164283752441,22567.140625,0.026636743871553792,-0.004818643272770595,0.03145538714432439,-0.18959272442839825,0.6040034089169077,-0.6453429103961771,2026-02-28,803,ok,0.00016347536019901322,0.49653765832650265,0.09724682453571942,-0.002229162486773253,0.028865906358327045,-0.4891565387926549
CMP037,RWE AG,RWE.DE,^GDAXI,EUR,Xetra,PRIMARY_DIRECT,Raw Materials & Energy,False,2025-03-14,30.55146026611328,22986.8203125,0.006251882666713726,0.018596936779623485,-0.012345054112909759,-0.18452615322927346,0.6338329589068361,-0.6576879645090868,2026-02-28,803,ok,0.00016347536019901322,0.49653765832650265,0.09724682453571942,0.00939755480079927,-0.0031456721340855434,-0.4923022109267405
CMP037,RWE AG,RWE.DE,^GDAXI,EUR,Xetra,PRIMARY_DIRECT,Raw Materials & Energy,False,2025-03-17,30.769752502441406,23154.5703125,0.007145067189153309,0.007297660038207976,-0.00015259284905466686,-0.17869953780309933,0.6457561164001575,-0.6578405573581415,2026-02-28,803,ok,0.00016347536019901322,0.49653765832650265,0.09724682453571942,0.0037870383868336974,0.0033580288023196117,-0.48894418212442087
CMP037,RWE AG,RWE.DE,^GDAXI,EUR,Xetra,PRIMARY_DIRECT,Raw Materials & Energy,False,2025-03-18,31.557504653930664,23380.69921875,0.025601510815751682,0.009766059278928818,0.015835451536822864,-0.15767300513718352,0.661828668191581,-0.6420051058213186,2026-02-28,803,ok,0.00016347536019901322,0.49653765832650265,0.09724682453571942,0.005012691565636142,0.02058881925011554,-0.46835536287430535
CMP037,RWE AG,RWE.DE,^GDAXI,EUR,Xetra,PRIMARY_DIRECT,Raw Materials & Energy,False,2025-03-19,31.36768341064453,23288.060546875,-0.006015090399819956,-0.003962185690353892,-0.0020529047094660635,-0.16273967815749202,0.6552441944226526,-0.6440580105307847,2026-02-28,803,ok,0.00016347536019901322,0.49653765832650265,0.09724682453571942,-0.0018038990443440856,-0.0042111913554758705,-0.4725665542297812
CMP037,RWE AG,RWE.DE,^GDAXI,EUR,Xetra,PRIMARY_DIRECT,Raw Materials & Energy,False,2025-03-20,30.42807960510254,22999.150390625,-0.029954516986203106,-0.012405934606210423,-0.017548582379992683,-0.1878194066899973,0.6347093431893358,-0.6616065929107774,2026-02-28,803,ok,0.00016347536019901322,0.49653765832650265,0.09724682453571942,-0.005996538358520432,-0.023957978627682674,-0.4965245328574639
CMP037,RWE AG,RWE.DE,^GDAXI,EUR,Xetra,PRIMARY_DIRECT,Raw Materials & Energy,False,2025-03-21,30.45655059814453,22891.6796875,0.0009356815616197167,-0.00467281187781643,0.005608493439436146,-0.18705946428413178,0.6270706539537032,-0.6559980994713412,2026-02-28,803,ok,0.00016347536019901322,0.49653765832650265,0.09724682453571942,-0.0021567517074122244,0.003092433269031941,-0.4934320995884319
CMP037,RWE AG,RWE.DE,^GDAXI,EUR,Xetra,PRIMARY_DIRECT,Raw Materials & Energy,False,2025-03-24,30.921611785888672,22852.66015625,0.01526966050359202,-0.001704528972214625,0.016974189475806645,-0.17464613829414222,0.6242972648841989,-0.6390239099955346,2026-02-28,803,ok,0.00016347536019901322,0.49653765832650265,0.09724682453571942,-0.000682887464214117,0.015952547967806138,-0.4774795516206258
CMP037,RWE AG,RWE.DE,^GDAXI,EUR,Xetra,PRIMARY_DIRECT,Raw Materials & Energy,False,2025-03-25,30.912118911743164,23109.7890625,-0.0003069980378526127,0.011251596290844823,-0.011558594328697436,-0.17489952031022005,0.6425732019649995,-0.650582504324232,2026-02-28,803,ok,0.00016347536019901322,0.49653765832650265,0.09724682453571942,0.005750316634890265,-0.006057314672742877,-0.4835368662933687
CMP037,RWE AG,RWE.DE,^GDAXI,EUR,Xetra,PRIMARY_DIRECT,Raw Materials & Energy,False,2025-03-26,31.18735885620117,22839.029296875,0.008903949458910931,-0.011716236997782015,0.020620186456692946,-0.1675528673405391,0.6233284250445719,-0.6299623178675391,2026-02-28,803,ok,0.00016347536019901322,0.49653765832650265,0.09724682453571942,-0.0056540775230780015,0.014558026981988933,-0.46897883931137974
CMP037,RWE AG,RWE.DE,^GDAXI,EUR,Xetra,PRIMARY_DIRECT,Raw Materials & Energy,False,2025-03-27,31.301250457763672,22678.740234375,0.0036518514468517616,-0.007018208191621023,0.010670059638472784,-0.16451289407470904,0.6119355681942329,-0.6192922582290663,2026-02-28,803,ok,0.00016347536019901322,0.49653765832650265,0.09724682453571942,-0.0033213293009163682,0.006973180747768129,-0.4620056585636116
CMP037,RWE AG,RWE.DE,^GDAXI,EUR,Xetra,PRIMARY_DIRECT,Raw Materials & Energy,False,2025-03-28,31.43412208557129,22461.51953125,0.004244930341901432,-0.009578164434184466,0.013823094776085898,-0.16096630950849933,0.596496184264758,-0.6054691634529804,2026-02-28,803,ok,0.00016347536019901322,0.49653765832650265,0.09724682453571942,-0.004592443979017133,0.008837374320918565,-0.453168284242693
CMP037,RWE AG,RWE.DE,^GDAXI,EUR,Xetra,PRIMARY_DIRECT,Raw Materials & Energy,False,2025-03-31,31.33921432495117,22163.490234375,-0.0030192591465337815,-0.013268438783064607,0.010249179636530825,-0.1634995696527658,0.5753131723764449,-0.5952199838164496,2026-02-28,803,ok,0.00016347536019901322,0.49653765832650265,0.09724682453571942,-0.006424804162792437,0.0034055450162586553,-0.44976273922643434
CMP037,RWE AG,RWE.DE,^GDAXI,EUR,Xetra,PRIMARY_DIRECT,Raw Materials & Energy,False,2025-04-01,31.842235565185547,22539.98046875,0.016050856764264543,0.016986956043190116,-0.0009360992789255729,-0.1500730210620167,0.6020729479898619,-0.5961560830953752,2026-02-28,803,ok,0.00016347536019901322,0.49653765832650265,0.09724682453571942,0.008598138735979866,0.007452718028284677,-0.44231002119814966
CMP037,RWE AG,RWE.DE,^GDAXI,EUR,Xetra,PRIMARY_DIRECT,Raw Materials & Energy,False,2025-04-02,32.04154586791992,22390.83984375,0.0062593062075166905,-0.006616714917156763,0.012876021124673453,-0.1447530678468143,0.5914724880165241,-0.5832800619707017,2026-02-28,803,ok,0.00016347536019901322,0.49653765832650265,0.09724682453571942,-0.003121972770580045,0.009381278978096735,-0.43292874222005295
CMP037,RWE AG,RWE.DE,^GDAXI,EUR,Xetra,PRIMARY_DIRECT,Raw Materials & Energy,False,2025-04-03,32.42118453979492,21717.390625,0.011848325715617003,-0.03007699681876741,0.04192532253438441,-0.13461982362738112,0.5436057750572951,-0.5413547394363173,2026-02-28,803,ok,0.00016347536019901322,0.49653765832650265,0.09724682453571942,-0.014770886209685426,0.02661921192530243,-0.40630953029475053
CMP037,RWE AG,RWE.DE,^GDAXI,EUR,Xetra,PRIMARY_DIRECT,Raw Materials & Energy,False,2025-04-04,30.684335708618164,20641.720703125,-0.0535714180660144,-0.04953034830237579,-0.004041069763638605,-0.18097946684187993,0.4671504433771485,-0.5453958091999559,2026-02-28,803,ok,0.00016347536019901322,0.49653765832650265,0.09724682453571942,-0.02443020780195873,-0.029141210264055667,-0.43545074055880617
CMP037,RWE AG,RWE.DE,^GDAXI,EUR,Xetra,PRIMARY_DIRECT,Raw Materials & Energy,False,2025-04-07,29.71625518798828,19789.619140625,-0.03154966526969594,-0.04128054897918454,0.009730883709488602,-0.20681929051202652,0.4065856676394859,-0.5356649254904673,2026-02-28,803,ok,0.00016347536019901322,0.49653765832650265,0.09724682453571942,-0.02033387176435778,-0.011215793505338158,-0.4466665340641443
CMP037,RWE AG,RWE.DE,^GDAXI,EUR,Xetra,PRIMARY_DIRECT,Raw Materials & Energy,False,2025-04-08,30.11487579345703,20280.259765625,0.013414227430308179,0.024792828073825435,-0.011378600643517256,-0.1961793840816216,0.4414589042683785,-0.5470435261339845,2026-02-28,803,ok,0.00016347536019901322,0.49653765832650265,0.09724682453571942,0.01247404815526787,0.0009401792750403093,-0.445726354789104
CMP037,RWE AG,RWE.DE,^GDAXI,EUR,Xetra,PRIMARY_DIRECT,Raw Materials & Energy,False,2025-04-09,29.697275161743164,19670.880859375,-0.013866921935125398,-0.030047884656926094,0.016180962721800696,-0.20732590181240618,0.3981461133752233,-0.5308625634121839,2026-02-28,803,ok,0.00016347536019901322,0.49653765832650265,0.09724682453571942,-0.014756430925015917,0.0008895089898905192,-0.44483684579921345
CMP037,RWE AG,RWE.DE,^GDAXI,EUR,Xetra,PRIMARY_DIRECT,Raw Materials & Energy,False,2025-04-10,30.494516372680664,20562.73046875,0.026845601375729222,0.045338570029005654,-0.01849296865327643,-0.18604608895159636,0.4615360588472679,-0.5493555320654603,2026-02-28,803,ok,0.00016347536019901322,0.49653765832650265,0.09724682453571942,0.022675782754273635,0.004169818621455587,-0.44066702717775785
CMP037,RWE AG,RWE.DE,^GDAXI,EUR,Xetra,PRIMARY_DIRECT,Raw Materials & Energy,False,2025-04-11,30.87415313720703,20374.099609375,0.012449345314637483,-0.009173434416293591,0.021622779730931074,-0.17591289564275503,0.4481287536643843,-0.5277327523345292,2026-02-28,803,ok,0.00016347536019901322,0.49653765832650265,0.09724682453571942,-0.004391480283679154,0.016840825598316636,-0.42382620157944123
CMP037,RWE AG,RWE.DE,^GDAXI,EUR,Xetra,PRIMARY_DIRECT,Raw Materials & Energy,False,2025-04-14,31.158885955810547,20954.830078125,0.009222368540382053,0.02850336848666335,-0.019280999946281296,-0.16831286065699624,0.4894053011462127,-0.5470137522808105,2026-02-28,803,ok,0.00016347536019901322,0.49653765832650265,0.09724682453571942,0.014316471202984262,-0.005094102662602209,-0.4289203042420434
CMP037,RWE AG,RWE.DE,^GDAXI,EUR,Xetra,PRIMARY_DIRECT,Raw Materials & Energy,False,2025-04-15,31.956127166748047,21253.69921875,0.025586319487421516,0.014262541834543008,0.011323777652878508,-0.14703304779618653,0.5106480065624006,-0.535689974627932,2026-02-28,803,ok,0.00016347536019901322,0.49653765832650265,0.09724682453571942,0.00724536448450678,0.018340955002914737,-0.4105793492391287
CMP037,RWE AG,RWE.DE,^GDAXI,EUR,Xetra,PRIMARY_DIRECT,Raw Materials & Energy,False,2025-04-16,32.34526062011719,21311.01953125,0.012177115560300322,0.00269695698193706,0.009480158578363262,-0.13664637065008356,0.5147221592509483,-0.5262098160495687,2026-02-28,803,ok,0.00016347536019901322,0.49653765832650265,0.09724682453571942,0.0015026160646173527,0.010674499495682969,-0.39990484974344576
CMP037,RWE AG,RWE.DE,^GDAXI,EUR,Xetra,PRIMARY_DIRECT,Raw Materials & Energy,False,2025-04-17,32.34526062011719,21205.859375,0.0,-0.004934543656899937,0.004934543656899937,-0.13664637065008356,0.5072476966280508,-0.5212752723926688,2026-02-28,803,ok,0.00016347536019901322,0.49653765832650265,0.09724682453571942,-0.0022867113921079788,0.0022867113921079788,-0.3976181383513378
CMP037,RWE AG,RWE.DE,^GDAXI,EUR,Xetra,PRIMARY_DIRECT,Raw Materials & Energy,False,2025-04-22,32.40220260620117,21293.529296875,0.0017604429518360831,0.004134231031370339,-0.002373788079534256,-0.1351264858383524,0.513479006827412,-0.523649060472203,2026-02-28,803,ok,0.00016347536019901322,0.49653765832650265,0.09724682453571942,0.0022162767554964034,-0.00045583380366032026,-0.3980739721549981
CMP037,RWE AG,RWE.DE,^GDAXI,EUR,Xetra,PRIMARY_DIRECT,Raw Materials & Energy,False,2025-04-23,31.880199432373047,21961.970703125,-0.01611011387627781,0.0313917621137656,-0.04750187599004341,-0.14905969664007312,0.5609897797739163,-0.5711509364622465,2026-02-28,803,ok,0.00016347536019901322,0.49653765832650265,0.09724682453571942,0.01575066741091081,-0.03186078128718862,-0.42993475344218673
CMP037,RWE AG,RWE.DE,^GDAXI,EUR,Xetra,PRIMARY_DIRECT,Raw Materials & Energy,False,2025-04-24,32.28831100463867,22064.509765625,0.012801412147102287,0.004668937222715108,0.008132474924387179,-0.13816645910418246,0.5682779430609806,-0.5630184615378593,2026-02-28,803,ok,0.00016347536019901322,0.49653765832650265,0.09724682453571942,0.002481778515639418,0.01031963363146287,-0.41961511981072386
CMP037,RWE AG,RWE.DE,^GDAXI,EUR,Xetra,PRIMARY_DIRECT,Raw Materials & Energy,False,2025-04-25,32.11747360229492,22242.44921875,-0.0052909984148507005,0.008064509704277079,-0.013355508119127779,-0.14272641900292737,0.5809253357517996,-0.5763739696569871,2026-02-28,803,ok,0.00016347536019901322,0.49653765832650265,0.09724682453571942,0.00416780812431211,-0.009458806539162812,-0.42907392634988667
CMP037,RWE AG,RWE.DE,^GDAXI,EUR,Xetra,PRIMARY_DIRECT,Raw Materials & Energy,False,2025-04-28,32.00358200073242,22271.669921875,-0.00354609465778033,0.0013137358587456127,-0.0048598305165259426,-0.14576639226875732,0.5830022540553761,-0.581233800173513,2026-02-28,803,ok,0.00016347536019901322,0.49653765832650265,0.09724682453571942,0.0008157946871601169,-0.004361889344940447,-0.43343581569482714
CMP037,RWE AG,RWE.DE,^GDAXI,EUR,Xetra,PRIMARY_DIRECT,Raw Materials & Energy,False,2025-04-29,32.44965362548828,22425.830078125,0.013938178068493956,0.00692180500118611,0.007016373067307846,-0.13385993213210723,0.5939594869743854,-0.5742174271062052,2026-02-28,803,ok,0.00016347536019901322,0.49653765832650265,0.09724682453571942,0.0036004122068806392,0.010337765861613318,-0.4230980498332138
CMP037,RWE AG,RWE.DE,^GDAXI,EUR,Xetra,PRIMARY_DIRECT,Raw Materials & Energy,False,2025-04-30,32.45915222167969,22496.98046875,0.00029271795320329197,0.003172698195657908,-0.002879980242454616,-0.13360639738425362,0.5990166393626608,-0.5770974073486598,2026-02-28,803,ok,0.00016347536019901322,0.49653765832650265,0.09724682453571942,0.001738839492847711,-0.001446121539644419,-0.4245441713728582
CMP037,RWE AG,RWE.DE,^GDAXI,EUR,Xetra,PRIMARY_DIRECT,Raw Materials & Energy,False,2025-05-02,32.508182525634766,23086.650390625,0.0015105232453462847,0.02621106964528397,-0.024700546399937684,-0.13229768970788325,0.6409285758609635,-0.6017979537485975,2026-02-28,803,ok,0.00016347536019901322,0.49653765832650265,0.09724682453571942,0.01317825850410119,-0.011667735258754905,-0.43621190663161313
CMP037,RWE AG,RWE.DE,^GDAXI,EUR,Xetra,PRIMARY_DIRECT,Raw Materials & Energy,False,2025-05-05,32.625858306884766,23344.5390625,0.0036198818914963127,0.011170467240224857,-0.007550585348728545,-0.12915670982764726,0.6592585147611671,-0.609348539097326,2026-02-28,803,ok,0.00016347536019901322,0.49653765832650265,0.09724682453571942,0.005710033006073175,-0.002090151114576862,-0.43830205774619
CMP037,RWE AG,RWE.DE,^GDAXI,EUR,Xetra,PRIMARY_DIRECT,Raw Materials & Energy,False,2025-05-06,32.557212829589844,23249.650390625,-0.002104020579297261,-0.0040647053094925445,0.0019606847301952834,-0.13098898203151288,0.6525141178663967,-0.6073878543671307,2026-02-28,803,ok,0.00016347536019901322,0.49653765832650265,0.09724682453571942,-0.0018548038959637172,-0.00024921668333354385,-0.4385512744295236
CMP037,RWE AG,RWE.DE,^GDAXI,EUR,Xetra,PRIMARY_DIRECT,Raw Materials & Energy,False,2025-05-07,32.125728607177734,23115.9609375,-0.01325310691276227,-0.005750170470473326,-0.007502936442288943,-0.14250607796101766,0.6430118799838012,-0.6148907908094197,2026-02-28,803,ok,0.00016347536019901322,0.49653765832650265,0.09724682453571942,-0.002691700820188016,-0.010561406092574253,-0.44911268052209785
CMP037,RWE AG,RWE.DE,^GDAXI,EUR,Xetra,PRIMARY_DIRECT,Raw Materials & Energy,False,2025-05-08,32.04727935791016,23352.689453125,-0.0024419445929716455,0.01024091173475572,-0.012682856327727365,-0.14460003060744686,0.6598378196258703,-0.627573647137147,2026-02-28,803,ok,0.00016347536019901322,0.49653765832650265,0.09724682453571942,0.005248473692103021,-0.007690418285074666,-0.4568030988071725
CMP037,RWE AG,RWE.DE,^GDAXI,EUR,Xetra,PRIMARY_DIRECT,Raw Materials & Energy,False,2025-05-09,31.978635787963867,23499.3203125,-0.0021419468772894135,0.00627897097973773,-0.008420917857027144,-0.14643225190072073,0.6702598931263724,-0.6359945649941742,2026-02-28,803,ok,0.00016347536019901322,0.49653765832650265,0.09724682453571942,0.003281220907178052,-0.005423167784467465,-0.46222626659163996
CMP037,RWE AG,RWE.DE,^GDAXI,EUR,Xetra,PRIMARY_DIRECT,Raw Materials & Energy,False,2025-05-12,31.851152420043945,23566.5390625,-0.003986516772172766,0.002860455073002477,-0.006846971845175243,-0.14983501404470423,0.6750375965108983,-0.6428415368393494,2026-02-28,803,ok,0.00016347536019901322,0.49653765832650265,0.09724682453571942,0.0015837990238958281,-0.005570315796068594,-0.46779658238770855
CMP037,RWE AG,RWE.DE,^GDAXI,EUR,Xetra,PRIMARY_DIRECT,Raw Materials & Energy,False,2025-05-13,31.694250106811523,23638.560546875,-0.00492611102930407,0.003056090849148152,-0.007982201878452222,-0.15402302115874678,0.6801566635815743,-0.6508237387178016,2026-02-28,803,ok,0.00016347536019901322,0.49653765832650265,0.09724682453571942,0.0016809395540680896,-0.006607050583372159,-0.4744036329710807
CMP037,RWE AG,RWE.DE,^GDAXI,EUR,Xetra,PRIMARY_DIRECT,Raw Materials & Energy,False,2025-05-14,31.59618759155273,23527.009765625,-0.0030940159470035367,-0.004719017514996149,0.0016250015679926122,-0.15664048742207948,0.6722279748581954,-0.649198737149809,2026-02-28,803,ok,0.00016347536019901322,0.49653765832650265,0.09724682453571942,-0.002179694546298926,-0.0009143214007046106,-0.4753179543717853
CMP037,RWE AG,RWE.DE,^GDAXI,EUR,Xetra,PRIMARY_DIRECT,Raw Materials & Energy,False,2025-05-15,31.72366714477539,23695.58984375,0.004034649840373161,0.0071653847983397245,-0.0031307349579665633,-0.1532378270992798,0.6842101317686027,-0.6523294721077756,2026-02-28,803,ok,0.00016347536019901322,0.49653765832650265,0.09724682453571942,0.0037213587489749395,0.0003132910913982217,-0.4750046632803871
CMP037,RWE AG,RWE.DE,^GDAXI,EUR,Xetra,PRIMARY_DIRECT,Raw Materials & Energy,False,2025-05-16,31.458898544311523,23767.4296875,-0.008346090609750667,0.003031781197417649,-0.011377871807168316,-0.16030498091921852,0.689316288378599,-0.6637073439149439,2026-02-28,803,ok,0.00016347536019901322,0.49653765832650265,0.09724682453571942,0.0016688688965230927,-0.01001495950627376,-0.48501962278666083
CMP037,RWE AG,RWE.DE,^GDAXI,EUR,Xetra,PRIMARY_DIRECT,Raw Materials & Energy,False,2025-05-19,31.772703170776367,23934.98046875,0.009975067182432795,0.007049596168075434,0.0029254710143573615,-0.15192896669113354,0.7012252860118202,-0.6607818729005865,2026-02-28,803,ok,0.00016347536019901322,0.49653765832650265,0.09724682453571942,0.003663865333642675,0.0063112018487901204,-0.4787084209378707
CMP037,RWE AG,RWE.DE,^GDAXI,EUR,Xetra,PRIMARY_DIRECT,Raw Materials & Energy,False,2025-05-20,32.743534088134766,24036.109375,0.03055550269488383,0.004225150982765102,0.026330351712118727,-0.1260157299474115,0.7084132197009179,-0.6344515211884678,2026-02-28,803,ok,0.00016347536019901322,0.49653765832650265,0.09724682453571942,0.0022614219352571183,0.02829408075962671,-0.450414340178244
CMP037,RWE AG,RWE.DE,^GDAXI,EUR,Xetra,PRIMARY_DIRECT,Raw Materials & Energy,False,2025-05-21,32.60624313354492,24122.400390625,-0.00419291803445232,0.0035900575371299315,-0.007782975571582251,-0.12968027435514262,0.7145465214568376,-0.6422344967600501,2026-02-28,803,ok,0.00016347536019901322,0.49653765832650265,0.09724682453571942,0.0019460741229429207,-0.00613899215739524,-0.4565533323356392
CMP037,RWE AG,RWE.DE,^GDAXI,EUR,Xetra,PRIMARY_DIRECT,Raw Materials & Energy,False,2025-05-22,31.968828201293945,23999.169921875,-0.019548861536740847,-0.005108549180615207,-0.01444031235612564,-0.14669403416446825,0.7057876762295225,-0.6566748091161757,2026-02-28,803,ok,0.00016347536019901322,0.49653765832650265,0.09724682453571942,-0.0023731116873894355,-0.017175749849351413,-0.47372908218499066
CMP037,RWE AG,RWE.DE,^GDAXI,EUR,Xetra,PRIMARY_DIRECT,Raw Materials & Energy,False,2025-05-23,31.72366714477539,23629.580078125,-0.007668753292265906,-0.015400109460166012,0.007731356167900105,-0.15323782709927958,0.6795183592997858,-0.6489434529482756,2026-02-28,803,ok,0.00016347536019901322,0.49653765832650265,0.09724682453571942,-0.007483258929123639,-0.00018549436314226758,-0.4739145765481329
CMP037,RWE AG,RWE.DE,^GDAXI,EUR,Xetra,PRIMARY_DIRECT,Raw Materials & Energy,False,2025-05-26,32.380699157714844,24027.650390625,0.020711099064966154,0.016846271122207268,0.003864827942758886,-0.13570045185186674,0.7078119809352748,-0.6450786250055167,2026-02-28,803,ok,0.00016347536019901322,0.49653765832650265,0.09724682453571942,0.008528283374753193,0.012182815690212961,-0.46173176085791995
CMP037,RWE AG,RWE.DE,^GDAXI,EUR,Xetra,PRIMARY_DIRECT,Raw Materials & Energy,False,2025-05-27,31.959022521972656,24226.490234375,-0.013022468529427123,0.008275459336114732,-0.021297927865541855,-0.1469557655176239,0.7219449095372341,-0.6663765528710586,2026-02-28,803,ok,0.00016347536019901322,0.49653765832650265,0.09724682453571942,0.004272552560529617,-0.01729502108995674,-0.4790267819478767
CMP037,RWE AG,RWE.DE,^GDAXI,EUR,Xetra,PRIMARY_DIRECT,Raw Materials & Energy,False,2025-05-28,31.959022521972656,24038.189453125,0.0,-0.00777251592898176,0.00777251592898176,-0.1469557655176239,0.7085610652990268,-0.6586040369420768,2026-02-28,803,ok,0.00016347536019901322,0.49653765832650265,0.09724682453571942,-0.0036958714984830316,0.0036958714984830316,-0.47533091044939363
CMP037,RWE AG,RWE.DE,^GDAXI,EUR,Xetra,PRIMARY_DIRECT,Raw Materials & Energy,False,2025-05-29,32.2728271484375,23933.23046875,0.009818968219353241,-0.004366343171546827,0.014185311390900068,-0.13857975128953892,0.7011009013583878,-0.6444187255511767,2026-02-28,803,ok,0.00016347536019901322,0.49653765832650265,0.09724682453571942,-0.002004578453650763,0.011823546673004004,-0.4635073637763896
CMP037,RWE AG,RWE.DE,^GDAXI,EUR,Xetra,PRIMARY_DIRECT,Raw Materials & Energy,False,2025-05-30,32.48856735229492,23997.48046875,0.006684887037170073,0.00268455192807715,0.004000335109092923,-0.1328212542353785,0.7056675950629832,-0.6404183904420838,2026-02-28,803,ok,0.00016347536019901322,0.49653765832650265,0.09724682453571942,0.001496456488222339,0.005188430548947734,-0.4583189332274419
CMP037,RWE AG,RWE.DE,^GDAXI,EUR,Xetra,PRIMARY_DIRECT,Raw Materials & Energy,False,2025-06-02,32.439537048339844,23930.669921875,-0.0015091556184491095,-0.0027840650589132654,0.0012749094404641559,-0.13412996191174886,0.7009189055094476,-0.6391434810016197,2026-02-28,803,ok,0.00016347536019901322,0.49653765832650265,0.09724682453571942,-0.0012189177847824163,-0.00029023783366669323,-0.4586091710611086
CMP037,RWE AG,RWE.DE,^GDAXI,EUR,Xetra,PRIMARY_DIRECT,Raw Materials & Energy,False,2025-06-03,32.674888610839844,24091.619140625,0.007255083885731484,0.006725646180213207,0.0005294377055182764,-0.12784800215127712,0.7123586842491396,-0.6386140432961014,2026-02-28,803,ok,0.00016347536019901322,0.49653765832650265,0.09724682453571942,0.0035030119652546664,0.003752071920476817,-0.45485709914063177
CMP037,RWE AG,RWE.DE,^GDAXI,EUR,Xetra,PRIMARY_DIRECT,Raw Materials & Energy,False,2025-06-04,32.733726501464844,24276.48046875,0.0018007066933192206,0.007673262932057279,-0.005872556238738058,-0.12627751221115924,0.7254980626673748,-0.6444865995348394,2026-02-28,803,ok,0.00016347536019901322,0.49653765832650265,0.09724682453571942,0.003973539368206288,-0.0021728326748870676,-0.4570299318155188
CMP037,RWE AG,RWE.DE,^GDAXI,EUR,Xetra,PRIMARY_DIRECT,Raw Materials & Energy,False,2025-06-05,32.54740524291992,24323.580078125,-0.005692027106555808,0.0019401333498745288,-0.007632160456430337,-0.13125076429526072,0.7288457590038997,-0.6521187599912698,2026-02-28,803,ok,0.00016347536019901322,0.49653765832650265,0.09724682453571942,0.001126824630586865,-0.006818851737142673,-0.4638487835526615
CMP037,RWE AG,RWE.DE,^GDAXI,EUR,Xetra,PRIMARY_DIRECT,Raw Materials & Energy,False,2025-06-06,32.82198715209961,24304.4609375,0.008436368648447656,-0.0007860331646736274,0.009222401813121284,-0.12392167547979838,0.7274868289007173,-0.6428963581781485,2026-02-28,803,ok,0.00016347536019901322,0.49653765832650265,0.09724682453571942,-0.00022681970675499994,0.008663188355202656,-0.4551855951974589
CMP037,RWE AG,RWE.DE,^GDAXI,EUR,Xetra,PRIMARY_DIRECT,Raw Materials & Energy,False,2025-06-09,32.90043640136719,24174.3203125,0.002390143195902139,-0.005354598291015922,0.007744741486918061,-0.12182772283336907,0.7182368308789329,-0.6351516166912304,2026-02-28,803,ok,0.00016347536019901322,0.49653765832650265,0.09724682453571942,-0.0024952843365011255,0.004885427532403265,-0.4503001676650556
CMP037,RWE AG,RWE.DE,^GDAXI,EUR,Xetra,PRIMARY_DIRECT,Raw Materials & Energy,False,2025-06-10,33.29269027709961,23987.560546875,0.01192245205951492,-0.0077255436020855495,0.01964799566160047,-0.11135775595885489,0.7049625173232683,-0.61550362102963,2026-02-28,803,ok,0.00016347536019901322,0.49653765832650265,0.09724682453571942,-0.00367254796927984,0.015595000028794761,-0.4347051676362608
CMP037,RWE AG,RWE.DE,^GDAXI,EUR,Xetra,PRIMARY_DIRECT,Raw Materials & Energy,False,2025-06-11,34.0085563659668,23948.900390625,0.02150220011987436,-0.001611675192000117,0.023113875311874477,-0.09224999259250799,0.7022146715308084,-0.5923897457177555,2026-02-28,803,ok,0.00016347536019901322,0.49653765832650265,0.09724682453571942,-0.0006367820656196415,0.022138982185494,-0.41256618545076684
CMP037,RWE AG,RWE.DE,^GDAXI,EUR,Xetra,PRIMARY_DIRECT,Raw Materials & Energy,False,2025-06-12,34.547908782958984,23771.44921875,0.015859315261377294,-0.007409574927476181,0.023268890188853475,-0.07785369904651496,0.6896019843794516,-0.569120855528902,2026-02-28,803,ok,0.00016347536019901322,0.49653765832650265,0.09724682453571942,-0.0035156576234847757,0.01937497288486207,-0.3931912125659048
CMP037,RWE AG,RWE.DE,^GDAXI,EUR,Xetra,PRIMARY_DIRECT,Raw Materials & Energy,False,2025-06-13,34.90093994140625,23516.23046875,0.01021859704056527,-0.010736356359741572,0.02095495340030684,-0.06843065758462341,0.6714618153690273,-0.5481659021285952,2026-02-28,803,ok,0.00016347536019901322,0.49653765832650265,0.09724682453571942,-0.005167529885625921,0.01538612692619119,-0.3778050856397136
CMP037,RWE AG,RWE.DE,^GDAXI,EUR,Xetra,PRIMARY_DIRECT,Raw Materials & Energy,False,2025-06-16,35.20493698120117,23699.119140625,0.008710282310599338,0.0077771253397960205,0.0009331569708033172,-0.06031642562028605,0.6844609834078352,-0.5472327451577919,2026-02-28,803,ok,0.00016347536019901322,0.49653765832650265,0.09724682453571942,0.0040251109649330355,0.004685171345666302,-0.3731199142940473
CMP037,RWE AG,RWE.DE,^GDAXI,EUR,Xetra,PRIMARY_DIRECT,Raw Materials & Energy,False,2025-06-17,34.78326416015625,23434.650390625,-0.011977661578263521,-0.01115943375071049,-0.0008182278275530308,-0.07157163746485928,0.6656633526578388,-0.5480509729853449,2026-02-28,803,ok,0.00016347536019901322,0.49653765832650265,0.09724682453571942,-0.005377603742628514,-0.006600057835635007,-0.3797199721296823
CMP037,RWE AG,RWE.DE,^GDAXI,EUR,Xetra,PRIMARY_DIRECT,Raw Materials & Energy,False,2025-06-18,34.381202697753906,23317.810546875,-0.011559049218356598,-0.004985772853549397,-0.006573276364807201,-0.0823033866031212,0.6573587335310054,-0.5546242493501521,2026-02-28,803,ok,0.00016347536019901322,0.49653765832650265,0.09724682453571942,-0.0023121486174502498,-0.009246900600906348,-0.3889668727305886
CMP037,RWE AG,RWE.DE,^GDAXI,EUR,Xetra,PRIMARY_DIRECT,Raw Materials & Energy,False,2025-06-19,34.32236099243164,23057.380859375,-0.0017114498826450442,-0.011168702437841072,0.009457252555196027,-0.08387397836442301,0.6388481870034404,-0.5451669967949561,2026-02-28,803,ok,0.00016347536019901322,0.49653765832650265,0.09724682453571942,-0.005382205994832094,0.0036707561121870494,-0.3852961166184016
CMP037,RWE AG,RWE.DE,^GDAXI,EUR,Xetra,PRIMARY_DIRECT,Raw Materials & Energy,False,2025-06-20,34.518489837646484,23350.55078125,0.005714316834383615,0.012714797212355577,-0.007000480377971963,-0.0786389440165739,0.6596858093630258,-0.552167477172928,2026-02-28,803,ok,0.00016347536019901322,0.49653765832650265,0.09724682453571942,0.006476850994118395,-0.0007625341597347806,-0.38605865077813634
CMP037,RWE AG,RWE.DE,^GDAXI,EUR,Xetra,PRIMARY_DIRECT,Raw Materials & Energy,False,2025-06-23,35.10687255859375,23269.009765625,0.017045436336138975,-0.0034920382130975147,0.02053747454923649,-0.0629339427942106,0.6538901230949945,-0.5316300026236915,2026-02-28,803,ok,0.00016347536019901322,0.49653765832650265,0.09724682453571942,-0.0015704531169190915,0.018615889453058067,-0.36744276132507825
CMP037,RWE AG,RWE.DE,^GDAXI,EUR,Xetra,PRIMARY_DIRECT,Raw Materials & Energy,False,2025-06-24,35.32261276245117,23641.580078125,0.006145241319839734,0.016011438228471286,-0.009866196908631553,-0.05717544574005029,0.6803712826376087,-0.5414961995323231,2026-02-28,803,ok,0.00016347536019901322,0.49653765832650265,0.09724682453571942,0.008113757404603591,-0.0019685160847638574,-0.3694112774098421
CMP037,RWE AG,RWE.DE,^GDAXI,EUR,Xetra,PRIMARY_DIRECT,Raw Materials & Energy,False,2025-06-25,35.06764602661133,23498.330078125,-0.0072182297938866435,-0.006059239675462513,-0.0011589901184241302,-0.06398097002801739,0.670189510292343,-0.5426551896507472,2026-02-28,803,ok,0.00016347536019901322,0.49653765832650265,0.09724682453571942,-0.0028451653194941813,-0.004373064474392462,-0.37378434188423454
CMP037,RWE AG,RWE.DE,^GDAXI,EUR,Xetra,PRIMARY_DIRECT,Raw Materials & Energy,False,2025-06-26,35.048038482666016,23649.30078125,-0.0005591348769299342,0.00642474178475938,-0.006983876661689314,-0.06450433091314489,0.6809200466275851,-0.5496390663124365,2026-02-28,803,ok,0.00016347536019901322,0.49653765832650265,0.09724682453571942,0.0033536016013558712,-0.003912736478285805,-0.37769707836252037
CMP037,RWE AG,RWE.DE,^GDAXI,EUR,Xetra,PRIMARY_DIRECT,Raw Materials & Energy,False,2025-06-27,35.06764602661133,24033.220703125,0.0005594476836416895,0.01623388046125185,-0.01567443277761016,-0.06398097002801739,0.7082079017294591,-0.5653134990900467,2026-02-28,803,ok,0.00016347536019901322,0.49653765832650265,0.09724682453571942,0.00822420834998137,-0.007664760666339681,-0.38536183902886006
CMP037,RWE AG,RWE.DE,^GDAXI,EUR,Xetra,PRIMARY_DIRECT,Raw Materials & Energy,False,2025-06-30,34.74403762817383,23909.609375,-0.00922811865364237,-0.0051433525973040295,-0.00408476605633834,-0.07261866469866607,0.6994219861813638,-0.569398265146385,2026-02-28,803,ok,0.00016347536019901322,0.49653765832650265,0.09724682453571942,-0.002390392894413865,-0.006837725759228505,-0.3921995647880886
CMP037,RWE AG,RWE.DE,^GDAXI,EUR,Xetra,PRIMARY_DIRECT,Raw Materials & Energy,False,2025-07-01,35.35203170776367,23673.2890625,0.017499235008219705,-0.009883905202863641,0.027383140211083346,-0.05639020076999146,0.6826250603702848,-0.5420151249353017,2026-02-28,803,ok,0.00016347536019901322,0.49653765832650265,0.09724682453571942,-0.004744255784352035,0.02224349079257174,-0.36995607399551683
CMP037,RWE AG,RWE.DE,^GDAXI,EUR,Xetra,PRIMARY_DIRECT,Raw Materials & Energy,False,2025-07-02,35.35203170776367,23790.109375,0.0,0.004934688719914648,-0.004934688719914648,-0.05639020076999146,0.6909282912755397,-0.5469498136552163,2026-02-28,803,ok,0.00016347536019901322,0.49653765832650265,0.09724682453571942,0.0026137341417556397,-0.0026137341417556397,-0.3725698081372725
CMP037,RWE AG,RWE.DE,^GDAXI,EUR,Xetra,PRIMARY_DIRECT,Raw Materials & Energy,False,2025-07-03,35.69525909423828,23934.130859375,0.009708844722472687,0.00605383868164755,0.0036550060408251372,-0.04722883975066372,0.7011648983731558,-0.5432948076143912,2026-02-28,803,ok,0.00016347536019901322,0.49653765832650265,0.09724682453571942,0.0031694342430706895,0.006539410479401998,-0.3660303976578705
CMP037,RWE AG,RWE.DE,^GDAXI,EUR,Xetra,PRIMARY_DIRECT,Raw Materials & Energy,False,2025-07-04,35.58738708496094,23787.44921875,-0.0030220262302216305,-0.00612855513688082,0.0031065289066591895,-0.0501081391883359,0.6907392154965497,-0.540188278707732,2026-02-28,803,ok,0.00016347536019901322,0.49653765832650265,0.09724682453571942,-0.002879583056392648,-0.00014244317382898237,-0.3661728408316995
CMP037,RWE AG,RWE.DE,^GDAXI,EUR,Xetra,PRIMARY_DIRECT,Raw Materials & Energy,False,2025-07-07,35.14609909057617,24073.669921875,-0.012400123485639458,0.012032425187455287,-0.024432548673094745,-0.061886915560404376,0.7110829086185089,-0.5646208273808268,2026-02-28,803,ok,0.00016347536019901322,0.49653765832650265,0.09724682453571942,0.006138027586766891,-0.018538151072406348,-0.38471099190410585
CMP037,RWE AG,RWE.DE,^GDAXI,EUR,Xetra,PRIMARY_DIRECT,Raw Materials & Energy,False,2025-07-08,34.675392150878906,24206.91015625,-0.013392864411045813,0.005534687266519622,-0.018927551677565435,-0.0744509369025319,0.720553217404799,-0.5835483790583922,2026-02-28,803,ok,0.00016347536019901322,0.49653765832650265,0.09724682453571942,0.0029116560150861783,-0.01630452042613199,-0.40101551233023786
CMP037,RWE AG,RWE.DE,^GDAXI,EUR,Xetra,PRIMARY_DIRECT,Raw Materials & Energy,False,2025-07-09,35.46970748901367,24549.560546875,0.022907176786308714,0.014155065161694402,0.008752111624614312,-0.05324922088975581,0.744907760311327,-0.5747962674337779,2026-02-28,803,ok,0.00016347536019901322,0.49653765832650265,0.09724682453571942,0.00719199826904581,0.015715178517262902,-0.38530033381297496
CMP037,RWE AG,RWE.DE,^GDAXI,EUR,Xetra,PRIMARY_DIRECT,Raw Materials & Energy,False,2025-07-10,35.20493698120117,24456.810546875,-0.007464693862911265,-0.003778071702053576,-0.003686622160857689,-0.060316425620286496,0.738315373679401,-0.5784828895946356,2026-02-28,803,ok,0.00016347536019901322,0.49653765832650265,0.09724682453571942,-0.0017124795157282937,-0.005752214347182971,-0.39105254816015794
CMP037,RWE AG,RWE.DE,^GDAXI,EUR,Xetra,PRIMARY_DIRECT,Raw Materials & Energy,False,2025-07-11,35.60700225830078,24255.310546875,0.01142070719553634,-0.008239013816368046,0.019659721011904385,-0.04958457466084076,0.7239933692984515,-0.5588231685827312,2026-02-28,803,ok,0.00016347536019901322,0.49653765832650265,0.09724682453571942,-0.003927505267100078,0.015348212462636417,-0.37570433569752154
CMP037,RWE AG,RWE.DE,^GDAXI,EUR,Xetra,PRIMARY_DIRECT,Raw Materials & Energy,False,2025-07-14,35.46970748901367,24160.640625,-0.0038558362282549163,-0.003903059566771727,4.722333851681082e-05,-0.05324922088975581,0.71726452048536,-0.5587759452442144,2026-02-28,803,ok,0.00016347536019901322,0.49653765832650265,0.09724682453571942,-0.0017745406973946741,-0.0020812955308602424,-0.37778563122838177
CMP037,RWE AG,RWE.DE,^GDAXI,EUR,Xetra,PRIMARY_DIRECT,Raw Materials & Energy,False,2025-07-15,35.66583633422852,24060.2890625,0.0055294745601044415,-0.004153514141349457,0.009682988701453898,-0.0480141865419067,0.7101318380150865,-0.5490929565427605,2026-02-28,803,ok,0.00016347536019901322,0.49653765832650265,0.09724682453571942,-0.0018989008253726606,0.007428375385477103,-0.3703572558429047
CMP037,RWE AG,RWE.DE,^GDAXI,EUR,Xetra,PRIMARY_DIRECT,Raw Materials & Energy,False,2025-07-16,35.62661361694336,24009.380859375,-0.001099727955839902,-0.0021158599962268765,0.0010161320403869745,-0.04906111195452956,0.7065134384707565,-0.5480768245023735,2026-02-28,803,ok,0.00016347536019901322,0.49653765832650265,0.09724682453571942,-0.0008871288076742026,-0.00021259914816569938,-0.37056985499107037
CMP037,RWE AG,RWE.DE,^GDAXI,EUR,Xetra,PRIMARY_DIRECT,Raw Materials & Energy,False,2025-07-17,35.46970748901367,24370.9296875,-0.004404183053060784,0.01505864854419281,-0.019462831597253594,-0.05324922088975592,0.7322112245766297,-0.5675396560996271,2026-02-28,803,ok,0.00016347536019901322,0.49653765832650265,0.09724682453571942,0.007640661445894309,-0.012044844498955093,-0.38261469949002547
CMP037,RWE AG,RWE.DE,^GDAXI,EUR,Xetra,PRIMARY_DIRECT,Raw Materials & Energy,False,2025-07-18,35.76390075683594,24289.509765625,0.008294211840156551,-0.0033408623683633953,0.011635074208519947,-0.045396669367982256,0.726424145282385,-0.5559045818911071,2026-02-28,803,ok,0.00016347536019901322,0.49653765832650265,0.09724682453571942,-0.0014953886169792809,0.009789600457135832,-0.37282509903288963
CMP037,RWE AG,RWE.DE,^GDAXI,EUR,Xetra,PRIMARY_DIRECT,Raw Materials & Energy,False,2025-07-21,36.420928955078125,24307.80078125,0.01837126779624576,0.00075304177817892,0.01761822601806684,-0.02785939594175335,0.7277242147906395,-0.5382863558730403,2026-02-28,803,ok,0.00016347536019901322,0.49653765832650265,0.09724682453571942,0.0005373889613579998,0.01783387883488776,-0.3549912201980019
CMP037,RWE AG,RWE.DE,^GDAXI,EUR,Xetra,PRIMARY_DIRECT,Raw Materials & Energy,False,2025-07-22,36.96028137207031,24041.900390625,0.01480885942413579,-0.010938891305629972,0.02574775072976576,-0.013463102395760318,0.7088248273989399,-0.5125386051432745,2026-02-28,803,ok,0.00016347536019901322,0.49653765832650265,0.09724682453571942,-0.005268096113386632,0.020076955537522423,-0.33491426466047947
CMP037,RWE AG,RWE.DE,^GDAXI,EUR,Xetra,PRIMARY_DIRECT,Raw Materials & Energy,False,2025-07-23,36.0875129699707,24240.8203125,-0.02361368392501284,0.00827388511902205,-0.03188756904403489,-0.03675887287614954,0.7229634477093714,-0.5444261741873094,2026-02-28,803,ok,0.00016347536019901322,0.49653765832650265,0.09724682453571942,0.004271770902460719,-0.02788545482747356,-0.36279971948795303
CMP037,RWE AG,RWE.DE,^GDAXI,EUR,Xetra,PRIMARY_DIRECT,Raw Materials & Energy,False,2025-07-24,35.52854919433594,24295.9296875,-0.01548911880128434,0.002273412132492103,-0.017762530933776444,-0.05167862912845389,0.7268804537152342,-0.5621887051210859,2026-02-28,803,ok,0.00016347536019901322,0.49653765832650265,0.09724682453571942,0.0012923100968777028,-0.016781428898162042,-0.37958114838611506
CMP037,RWE AG,RWE.DE,^GDAXI,EUR,Xetra,PRIMARY_DIRECT,Raw Materials & Energy,False,2025-07-25,35.508934020996094,24217.5,-0.0005520960969318534,-0.0032280998714098175,0.002676003774477964,-0.052202193655949136,0.721305911144656,-0.5595127013466079,2026-02-28,803,ok,0.00016347536019901322,0.49653765832650265,0.09724682453571942,-0.001439397790794902,0.0008873016938630487,-0.37869384669225203
CMP037,RWE AG,RWE.DE,^GDAXI,EUR,Xetra,PRIMARY_DIRECT,Raw Materials & Energy,False,2025-07-28,35.22454833984375,23970.359375,-0.008008848730412188,-0.01020504284092083,0.0021961941105086424,-0.05979296291397518,0.7037399105790945,-0.5573165072360993,2026-02-28,803,ok,0.00016347536019901322,0.49653765832650265,0.09724682453571942,-0.004903712715153456,-0.0031051360152587323,-0.3817989827075108
CMP037,RWE AG,RWE.DE,^GDAXI,EUR,Xetra,PRIMARY_DIRECT,Raw Materials & Energy,False,2025-07-29,35.69525909423828,24217.369140625,0.013363145209220217,0.010304800264389069,0.0030583449448311484,-0.04722883975066394,0.7212966100600802,-0.5542581622912681,2026-02-28,803,ok,0.00016347536019901322,0.49653765832650265,0.09724682453571942,0.005280196753001088,0.00808294845621913,-0.37371603425129163
CMP037,RWE AG,RWE.DE,^GDAXI,EUR,Xetra,PRIMARY_DIRECT,Raw Materials & Energy,False,2025-07-30,35.636417388916016,24262.220703125,-0.0016484459509572558,0.001852041080084188,-0.0035004870310414438,-0.04879943151196575,0.724484522092921,-0.5577586493223096,2026-02-28,803,ok,0.00016347536019901322,0.49653765832650265,0.09724682453571942,0.0010830835012285026,-0.0027315294521857584,-0.3764475637034774
CMP037,RWE AG,RWE.DE,^GDAXI,EUR,Xetra,PRIMARY_DIRECT,Raw Materials & Energy,False,2025-07-31,35.214744567871094,24065.470703125,-0.011832637844680582,-0.008109315400574912,-0.00372332244410567,-0.060054643356538984,0.7105001331998599,-0.5614819717664152,2026-02-28,803,ok,0.00016347536019901322,0.49653765832650265,0.09724682453571942,-0.0038631051194334986,-0.007969532725247084,-0.38441709642872446
CMP037,RWE AG,RWE.DE,^GDAXI,EUR,Xetra,PRIMARY_DIRECT,Raw Materials & Energy,False,2025-08-01,35.10687255859375,23425.970703125,-0.003063262579384496,-0.026573342690403234,0.02351008011101874,-0.06293394279421116,0.6650464269883596,-0.5379718916553965,2026-02-28,803,ok,0.00016347536019901322,0.49653765832650265,0.09724682453571942,-0.013031189993201495,0.009967927413817,-0.37444916901490743
CMP037,RWE AG,RWE.DE,^GDAXI,EUR,Xetra,PRIMARY_DIRECT,Raw Materials & Energy,False,2025-08-04,35.52854919433594,23757.689453125,0.0120112275748403,0.01416029902042637,-0.0021490714455860704,-0.05167862912845411,0.6886239822774072,-0.5401209631009826,2026-02-28,803,ok,0.00016347536019901322,0.49653765832650265,0.09724682453571942,0.007194597077004592,0.004816630497835707,-0.36963253851707173
CMP037,RWE AG,RWE.DE,^GDAXI,EUR,Xetra,PRIMARY_DIRECT,Raw Materials & Energy,False,2025-08-05,35.78351593017578,23846.0703125,0.007176390300803304,0.0037200949001956474,0.0034562954006076563,-0.04487310484048701,0.6949058237422254,-0.5366646677003749,2026-02-28,803,ok,0.00016347536019901322,0.49653765832650265,0.09724682453571942,0.0020106425706945246,0.005165747730108779,-0.3644667907869629
CMP037,RWE AG,RWE.DE,^GDAXI,EUR,Xetra,PRIMARY_DIRECT,Raw Materials & Energy,False,2025-08-06,35.91099548339844,23924.359375,0.003562521734069124,0.003283101218525042,0.0002794205155440821,-0.04147044451768733,0.7004703711174387,-0.5363852471848308,2026-02-28,803,ok,0.00016347536019901322,0.49653765832650265,0.09724682453571942,0.001793658751294325,0.001768862982774799,-0.36269792780418814
CMP037,RWE AG,RWE.DE,^GDAXI,EUR,Xetra,PRIMARY_DIRECT,Raw Materials & Energy,False,2025-08-07,35.44028854370117,24192.5,-0.013107599312162543,0.011207849739968134,-0.024315449052130678,-0.05403446585981475,0.7195289875241908,-0.5607006962369615,2026-02-28,803,ok,0.00016347536019901322,0.49653765832650265,0.09724682453571942,0.005728594824958092,-0.018836194137120635,-0.38153412194130876
CMP037,RWE AG,RWE.DE,^GDAXI,EUR,Xetra,PRIMARY_DIRECT,Raw Materials & Energy,False,2025-08-08,35.20493698120117,24162.859375,-0.006640791375323918,-0.001225198925286719,-0.005415592450037199,-0.06031642562028661,0.7174222224566769,-0.5661162886869987,2026-02-28,803,ok,0.00016347536019901322,0.49653765832650265,0.09724682453571942,-0.0004448820451470019,-0.006195909330176916,-0.3877300312714857
CMP037,RWE AG,RWE.DE,^GDAXI,EUR,Xetra,PRIMARY_DIRECT,Raw Materials & Energy,False,2025-08-11,34.86171340942383,24081.33984375,-0.009749302262936022,-0.0033737534943544256,-0.006375548768581596,-0.06947768481843053,0.7116280632323817,-0.5724918374555803,2026-02-28,803,ok,0.00016347536019901322,0.49653765832650265,0.09724682453571942,-0.001511720299658589,-0.008237581963277433,-0.39596761323476315
CMP037,RWE AG,RWE.DE,^GDAXI,EUR,Xetra,PRIMARY_DIRECT,Raw Materials & Energy,False,2025-08-12,34.83229446411133,24024.779296875,-0.0008438754850341734,-0.0023487292335887533,0.0015048537485545799,-0.07026292978848947,0.7076079123632368,-0.5709869837070257,2026-02-28,803,ok,0.00016347536019901322,0.49653765832650265,0.09724682453571942,-0.0010027571534901476,0.0001588816684559742,-0.3958087315663072
CMP037,RWE AG,RWE.DE,^GDAXI,EUR,Xetra,PRIMARY_DIRECT,Raw Materials & Energy,False,2025-08-13,34.78326416015625,24185.58984375,-0.0014076105151670237,0.006693528580964614,-0.008101139096131638,-0.07157163746485973,0.7190378347297215,-0.5790881228031574,2026-02-28,803,ok,0.00016347536019901322,0.49653765832650265,0.09724682453571942,0.003487064367732701,-0.004894674882899725,-0.40070340644920693
CMP037,RWE AG,RWE.DE,^GDAXI,EUR,Xetra,PRIMARY_DIRECT,Raw Materials & Energy,False,2025-08-14,33.91049575805664,24377.5,-0.025091618718733,0.007934896667388669,-0.03302651538612167,-0.09486740794524906,0.7326782223156334,-0.612114638189279,2026-02-28,803,ok,0.00016347536019901322,0.49653765832650265,0.09724682453571942,0.004103450370486953,-0.029195069089219955,-0.42989847553842686
CMP037,RWE AG,RWE.DE,^GDAXI,EUR,Xetra,PRIMARY_DIRECT,Raw Materials & Energy,False,2025-08-15,34.15565490722656,24359.30078125,0.007229594958418684,-0.000746558045328638,0.007976153003747322,-0.08832366592102958,0.731384677448798,-0.6041384851855317,2026-02-28,803,ok,0.00016347536019901322,0.49653765832650265,0.09724682453571942,-0.0002072188234332797,0.007436813781851963,-0.4224616617565749
CMP037,RWE AG,RWE.DE,^GDAXI,EUR,Xetra,PRIMARY_DIRECT,Raw Materials & Energy,False,2025-08-18,34.50868225097656,24314.76953125,0.010335838815238363,-0.001828100502551222,0.012163939317789585,-0.07890072628032196,0.7282195322498444,-0.5919745458677421,2026-02-28,803,ok,0.00016347536019901322,0.49653765832650265,0.09724682453571942,-0.0007442453825232732,0.011080084197761636,-0.41138157755881327
CMP037,RWE AG,RWE.DE,^GDAXI,EUR,Xetra,PRIMARY_DIRECT,Raw Materials & Energy,False,2025-08-19,34.577327728271484,24423.0703125,0.001989223372705906,0.004454115064130404,-0.002464891691424498,-0.07706845407645635,0.7359172209025628,-0.5944394375591666,2026-02-28,803,ok,0.00016347536019901322,0.49653765832650265,0.09724682453571942,0.002375111224059124,-0.0003858878513532181,-0.4117674654101665
CMP037,RWE AG,RWE.DE,^GDAXI,EUR,Xetra,PRIMARY_DIRECT,Raw Materials & Energy,False,2025-08-20,34.68519592285156,24276.970703125,0.0031196220664526653,-0.005982032869152554,0.009101654935605219,-0.07418925645996799,0.7255329070289958,-0.5853377826235614,2026-02-28,803,ok,0.00016347536019901322,0.49653765832650265,0.09724682453571942,-0.002806829232682166,0.005926451299134831,-0.4058410141110317
CMP037,RWE AG,RWE.DE,^GDAXI,EUR,Xetra,PRIMARY_DIRECT,Raw Materials & Energy,False,2025-08-21,34.999000549316406,24293.33984375,0.009047220813249046,0.0006742661934708849,0.008372954619778161,-0.065813242231883,0.7266963755339269,-0.5769648280037832,2026-02-28,803,ok,0.00016347536019901322,0.49653765832650265,0.09724682453571942,0.000498273916993771,0.008548946896255275,-0.3972920672147764
CMP037,RWE AG,RWE.DE,^GDAXI,EUR,Xetra,PRIMARY_DIRECT,Raw Materials & Energy,False,2025-08-22,35.02842330932617,24363.08984375,0.0008406742920645804,0.002871157298610205,-0.0020304830065456247,-0.06502789544064014,0.7316539924350249,-0.5789953110103289,2026-02-28,803,ok,0.00016347536019901322,0.49653765832650265,0.09724682453571942,0.0015891130819379715,-0.000748438789873391,-0.3980405060046498
CMP037,RWE AG,RWE.DE,^GDAXI,EUR,Xetra,PRIMARY_DIRECT,Raw Materials & Energy,False,2025-08-25,34.665584564208984,24273.119140625,-0.010358409281315928,-0.0036929102056437735,-0.006665499075672154,-0.0747127191662793,0.7252591497337177,-0.585660810086001,2026-02-28,803,ok,0.00016347536019901322,0.49653765832650265,0.09724682453571942,-0.0016701936257213896,-0.008688215655594538,-0.4067287216602443
CMP037,RWE AG,RWE.DE,^GDAXI,EUR,Xetra,PRIMARY_DIRECT,Raw Materials & Energy,False,2025-08-26,34.32236099243164,24152.869140625,-0.009900989009477446,-0.004954039870333049,-0.0049469491391443965,-0.08387397836442323,0.7167121471192801,-0.5906077592251454,2026-02-28,803,ok,0.00016347536019901322,0.49653765832650265,0.09724682453571942,-0.00229639199627229,-0.007604597013205155,-0.41433331867344947
CMP037,RWE AG,RWE.DE,^GDAXI,EUR,Xetra,PRIMARY_DIRECT,Raw Materials & Energy,False,2025-08-27,34.2439079284668,24046.2109375,-0.0022857711910361234,-0.004415964103643533,0.0021301929126074093,-0.08596803283203636,0.7091312079013126,-0.588477566312538,2026-02-28,803,ok,0.00016347536019901322,0.49653765832650265,0.09724682453571942,-0.00202921711507804,-0.00025655407595808356,-0.41458987274940756
CMP037,RWE AG,RWE.DE,^GDAXI,EUR,Xetra,PRIMARY_DIRECT,Raw Materials & Energy,False,2025-08-28,33.8908805847168,24039.919921875,-0.010309201405617863,-0.0002616219096368555,-0.010047579495981007,-0.09539097247274397,0.7086840617308814,-0.598525145808519,2026-02-28,803,ok,0.00016347536019901322,0.49653765832650265,0.09724682453571942,3.357022982102112e-05,-0.010342771635438884,-0.42493264438484646
CMP037,RWE AG,RWE.DE,^GDAXI,EUR,Xetra,PRIMARY_DIRECT,Raw Materials & Energy,False,2025-08-29,33.57707977294922,23902.2109375,-0.009259151912065944,-0.005728346218395353,-0.003530805693670591,-0.10376688487964503,0.6988961278474328,-0.6020559515021896,2026-02-28,803,ok,0.00016347536019901322,0.49653765832650265,0.09724682453571942,-0.002680864257166492,-0.006578287654899452,-0.4315109320397459
CMP037,RWE AG,RWE.DE,^GDAXI,EUR,Xetra,PRIMARY_DIRECT,Raw Materials & Energy,False,2025-09-01,33.675140380859375,24037.330078125,0.0029204626659986577,0.005652997581617525,-0.002732534915618867,-0.1011494695269044,0.7084999835495738,-0.6047884864178085,2026-02-28,803,ok,0.00016347536019901322,0.49653765832650265,0.09724682453571942,0.0029704015419007614,-4.993887590210369e-05,-0.431560870915648
CMP037,RWE AG,RWE.DE,^GDAXI,EUR,Xetra,PRIMARY_DIRECT,Raw Materials & Energy,False,2025-09-02,33.27307891845703,23487.330078125,-0.011939414590558695,-0.02288107698369224,0.010941662393133544,-0.11188121866516632,0.6694076638993391,-0.5938468240246749,2026-02-28,803,ok,0.00016347536019901322,0.49653765832650265,0.09724682453571942,-0.011197841025271969,-0.000741573565286726,-0.4323024444809347
CMP037,RWE AG,RWE.DE,^GDAXI,EUR,Xetra,PRIMARY_DIRECT,Raw Materials & Energy,False,2025-09-03,33.32210922241211,23594.80078125,0.001473572796651501,0.004575688371880604,-0.003102115575229103,-0.11057251098879606,0.6770463531349717,-0.596948939599904,2026-02-28,803,ok,0.00016347536019901322,0.49653765832650265,0.09724682453571942,0.0024354769496044157,-0.0009619041529529146,-0.43326434863388763
CMP037,RWE AG,RWE.DE,^GDAXI,EUR,Xetra,PRIMARY_DIRECT,Raw Materials & Energy,False,2025-09-04,33.98894500732422,23770.330078125,0.020011811991289097,0.007439320997127741,0.012572490994161356,-0.09277345529881953,0.6895224392830053,-0.5843764486057427,2026-02-28,803,ok,0.00016347536019901322,0.49653765832650265,0.09724682453571942,0.003857378387652004,0.016154433603637094,-0.4171099150302505
CMP037,RWE AG,RWE.DE,^GDAXI,EUR,Xetra,PRIMARY_DIRECT,Raw Materials & Energy,False,2025-09-05,34.341976165771484,23596.98046875,0.01038664655143573,-0.007292688355830967,0.017679334907266697,-0.0833504138369281,0.677201278663131,-0.566697113698476,2026-02-28,803,ok,0.00016347536019901322,0.49653765832650265,0.09724682453571942,-0.003457619038910248,0.013844265590345978,-0.40326564943990456
CMP037,RWE AG,RWE.DE,^GDAXI,EUR,Xetra,PRIMARY_DIRECT,Raw Materials & Energy,False,2025-09-08,35.126487731933594,23807.130859375,0.02284410082795496,0.008905817034654318,0.013938283793300643,-0.062410378266715694,0.692138126381193,-0.5527588299051753,2026-02-28,803,ok,0.00016347536019901322,0.49653765832650265,0.09724682453571942,0.004585548896070546,0.018258551931884415,-0.38500709750802015
CMP037,RWE AG,RWE.DE,^GDAXI,EUR,Xetra,PRIMARY_DIRECT,Raw Materials & Energy,False,2025-09-09,35.01861572265625,23718.44921875,-0.0030709591605219133,-0.00372500328363079,0.0006540441231088767,-0.06528967770438776,0.6858349063040663,-0.5521047857820665,2026-02-28,803,ok,0.00016347536019901322,0.49653765832650265,0.09724682453571942,-0.0016861290475135525,-0.0013848301130083608,-0.38639192762102853
CMP037,RWE AG,RWE.DE,^GDAXI,EUR,Xetra,PRIMARY_DIRECT,Raw Materials & Energy,False,2025-09-10,35.16571044921875,23632.94921875,0.004200472335270877,-0.0036047887959053115,0.007805261131176189,-0.06136345285409295,0.6797578275220753,-0.5442995246508903,2026-02-28,803,ok,0.00016347536019901322,0.49653765832650265,0.09724682453571942,-0.0016264380272814232,0.0058269103625523,-0.38056501725847625
CMP037,RWE AG,RWE.DE,^GDAXI,EUR,Xetra,PRIMARY_DIRECT,Raw Materials & Energy,False,2025-09-11,35.05784225463867,23703.650390625,-0.0030674254323923567,0.0029916355855792442,-0.006059061017971601,-0.0642426504705812,0.6847830508140456,-0.5503585856688619,2026-02-28,803,ok,0.00016347536019901322,0.49653765832650265,0.09724682453571942,0.0016489350884287665,-0.004716360520821123,-0.3852813777792974
CMP037,RWE AG,RWE.DE,^GDAXI,EUR,Xetra,PRIMARY_DIRECT,Raw Materials & Energy,False,2025-09-12,35.23435592651367,23698.150390625,0.005034926867230283,-0.0002320317718732534,0.005266958639103536,-0.05953118065022733,0.6843921276175431,-0.5450916270297583,2026-02-28,803,ok,0.00016347536019901322,0.49653765832650265,0.09724682453571942,4.826284753571871e-05,0.004986664019694564,-0.38029471375960283
CMP037,RWE AG,RWE.DE,^GDAXI,EUR,Xetra,PRIMARY_DIRECT,Raw Materials & Energy,False,2025-09-15,35.44028854370117,23748.859375,0.005844653939949929,0.002139786588368553,0.0037048673515813757,-0.05403446585981464,0.6879963673017726,-0.541386759678177,2026-02-28,803,ok,0.00016347536019901322,0.49653765832650265,0.09724682453571942,0.0012259599821059905,0.004618693957843938,-0.3756760198017589
CMP037,RWE AG,RWE.DE,^GDAXI,EUR,Xetra,PRIMARY_DIRECT,Raw Materials & Energy,False,2025-09-16,34.93035888671875,23329.240234375,-0.014388417192304437,-0.01766902292017969,0.003280605727875252,-0.06764541261456469,0.6581711207987375,-0.5381061539503017,2026-02-28,803,ok,0.00016347536019901322,0.49653765832650265,0.09724682453571942,-0.008609859905504313,-0.005778557286800124,-0.381454577088559
CMP037,RWE AG,RWE.DE,^GDAXI,EUR,Xetra,PRIMARY_DIRECT,Raw Materials & Energy,False,2025-09-17,35.06764602661133,23359.1796875,0.003930310030246353,0.001283344542051701,0.0026469654881946525,-0.0639809700280175,0.6602991256564024,-0.535459188462107,2026-02-28,803,ok,0.00016347536019901322,0.49653765832650265,0.09724682453571942,0.0008007042539354627,0.0031296057763108907,-0.3783249713122481
CMP037,RWE AG,RWE.DE,^GDAXI,EUR,Xetra,PRIMARY_DIRECT,Raw Materials & Energy,False,2025-09-18,34.56752014160156,23674.529296875,-0.014261746700369948,0.013500029264458702,-0.02776177596482865,-0.07733023634020386,0.6827132124405191,-0.5632209644269357,2026-02-28,803,ok,0.00016347536019901322,0.49653765832650265,0.09724682453571942,0.006866748278512596,-0.021128494978882542,-0.39945346629113065
CMP037,RWE AG,RWE.DE,^GDAXI,EUR,Xetra,PRIMARY_DIRECT,Raw Materials & Energy,False,2025-09-19,34.763648986816406,23639.41015625,0.005673789858555933,-0.0014834145247244468,0.00715720438328038,-0.07209520199235475,0.680217051220239,-0.5560637600436553,2026-02-28,803,ok,0.00016347536019901322,0.49653765832650265,0.09724682453571942,-0.0005730958142351854,0.006246885672791119,-0.3932065806183395
CMP037,RWE AG,RWE.DE,^GDAXI,EUR,Xetra,PRIMARY_DIRECT,Raw Materials & Energy,False,2025-09-22,35.60700225830078,23527.05078125,0.02425963027656275,-0.004753053238525595,0.029012683515088344,-0.04958457466084065,0.6722308901235108,-0.527051076528567,2026-02-28,803,ok,0.00016347536019901322,0.49653765832650265,0.09724682453571942,-0.0021965945647596857,0.026456224841322436,-0.3667503557770171
CMP037,RWE AG,RWE.DE,^GDAXI,EUR,Xetra,PRIMARY_DIRECT,Raw Materials & Energy,False,2025-09-23,35.92080307006836,23611.330078125,0.008812896112152302,0.003582229564538908,0.005230666547613394,-0.0412086622539396,0.6782212050568464,-0.5218204099809536,2026-02-28,803,ok,0.00016347536019901322,0.49653765832650265,0.09724682453571942,0.0019421872397631299,0.006870708872389172,-0.3598796469046279
CMP037,RWE AG,RWE.DE,^GDAXI,EUR,Xetra,PRIMARY_DIRECT,Raw Materials & Energy,False,2025-09-24,36.391510009765625,23666.810546875,0.013104020496955249,0.002349739238171944,0.010754281258783305,-0.02864464091181207,0.6821645872727007,-0.5110661287221703,2026-02-28,803,ok,0.00016347536019901322,0.49653765832650265,0.09724682453571942,0.0013302093791988105,0.011773811117756439,-0.3481058357868715
CMP037,RWE AG,RWE.DE,^GDAXI,EUR,Xetra,PRIMARY_DIRECT,Raw Materials & Energy,False,2025-09-25,36.54841232299805,23534.830078125,0.004311508733501723,-0.00557660562197837,0.009888114355480093,-0.024456633797769634,0.6727838187782229,-0.5011780143666902,2026-02-28,803,ok,0.00016347536019901322,0.49653765832650265,0.09724682453571942,-0.0026055193367485363,0.006917028070250259,-0.34118880771662125
CMP037,RWE AG,RWE.DE,^GDAXI,EUR,Xetra,PRIMARY_DIRECT,Raw Materials & Energy,False,2025-09-26,37.17602157592773,23739.470703125,0.01717199771588329,0.008695224240867105,0.008476773475016186,-0.0077046053415998905,0.6873290491889936,-0.492701240891674,2026-02-28,803,ok,0.00016347536019901322,0.49653765832650265,0.09724682453571942,0.004480981643383008,0.012691016072500283,-0.32849779164412096
CMP037,RWE AG,RWE.DE,^GDAXI,EUR,Xetra,PRIMARY_DIRECT,Raw Materials & Energy,False,2025-09-29,37.04853820800781,23745.060546875,-0.003429182642891049,0.0002354662334262958,-0.0036646488763173446,-0.011107367485583164,0.687726358204757,-0.49636588976799134,2026-02-28,803,ok,0.00016347536019901322,0.49653765832650265,0.09724682453571942,0.0002803932123594678,-0.003709575855250517,-0.33220736749937146
CMP037,RWE AG,RWE.DE,^GDAXI,EUR,Xetra,PRIMARY_DIRECT,Raw Materials & Energy,False,2025-09-30,37.08776473999024,23880.720703125,0.0010587875765082355,0.005713194791910237,-0.004654407215402001,-0.010060340251776378,0.697368667644622,-0.5010202969833933,2026-02-28,803,ok,0.00016347536019901322,0.49653765832650265,0.09724682453571942,0.0030002917237372927,-0.0019415041472290572,-0.3341488716466005
CMP037,RWE AG,RWE.DE,^GDAXI,EUR,Xetra,PRIMARY_DIRECT,Raw Materials & Energy,False,2025-10-01,38.31356048583984,24113.619140625,0.033051216605886946,0.009752571557420486,0.02329864504846646,0.022658369869320127,0.7139223770351497,-0.4777216519349269,2026-02-28,803,ok,0.00016347536019901322,0.49653765832650265,0.09724682453571942,0.0050059944039822345,0.02804522220190471,-0.3061036494446958
CMP037,RWE AG,RWE.DE,^GDAXI,EUR,Xetra,PRIMARY_DIRECT,Raw Materials & Energy,False,2025-10-02,38.28414535522461,24422.560546875,-0.0007677472477688463,0.012811905357230868,-0.013579652604999715,0.021873226720445116,0.7358809883193642,-0.4913013045399266,2026-02-28,803,ok,0.00016347536019901322,0.49653765832650265,0.09724682453571942,0.006525068844979203,-0.007292816092748049,-0.3133964655374439
CMP037,RWE AG,RWE.DE,^GDAXI,EUR,Xetra,PRIMARY_DIRECT,Raw Materials & Energy,False,2025-10-03,38.499881744384766,24378.80078125,0.005635136612256009,-0.0017917763184990276,0.007426912930755036,0.027631621953421615,0.732770677872761,-0.48387439160917156,2026-02-28,803,ok,0.00016347536019901322,0.49653765832650265,0.09724682453571942,-0.0007262090572333757,0.006361345669489384,-0.3070351198679545
CMP037,RWE AG,RWE.DE,^GDAXI,EUR,Xetra,PRIMARY_DIRECT,Raw Materials & Energy,False,2025-10-06,39.019622802734375,24378.2890625,0.013499809215009151,-2.099031673430396e-05,0.013520799531743455,0.04150445279310322,0.7327343064674046,-0.4703535920774281,2026-02-28,803,ok,0.00016347536019901322,0.49653765832650265,0.09724682453571942,0.00015305287748023033,0.013346756337528921,-0.2936883635304256
CMP037,RWE AG,RWE.DE,^GDAXI,EUR,Xetra,PRIMARY_DIRECT,Raw Materials & Energy,False,2025-10-07,39.15691375732422,24385.779296875,0.0035185105525987748,0.00030725020758426425,0.0032112603450145105,0.04516899720083445,0.7332666894427551,-0.4671423317324136,2026-02-28,803,ok,0.00016347536019901322,0.49653765832650265,0.09724682453571942,0.00031603665879323563,0.003202473893805539,-0.2904858896366201
CMP037,RWE AG,RWE.DE,^GDAXI,EUR,Xetra,PRIMARY_DIRECT,Raw Materials & Energy,False,2025-10-08,39.71587753295898,24597.130859375,0.014274970164884548,0.00866700054679348,0.005607969618091069,0.06008875345313869,0.7482889127878944,-0.4615343621143225,2026-02-28,803,ok,0.00016347536019901322,0.49653765832650265,0.09724682453571942,0.004466967516418366,0.009808002648466183,-0.2806778869881539
CMP037,RWE AG,RWE.DE,^GDAXI,EUR,Xetra,PRIMARY_DIRECT,Raw Materials & Energy,False,2025-10-09,39.72568130493164,24611.25,0.00024684767356641935,0.0005740157543463464,-0.0003271680807799271,0.060350433895702604,0.7492924581669838,-0.46186153019510245,2026-02-28,803,ok,0.00016347536019901322,0.49653765832650265,0.09724682453571942,0.00044849579870466906,-0.00020164812513824972,-0.2808795351132921
CMP037,RWE AG,RWE.DE,^GDAXI,EUR,Xetra,PRIMARY_DIRECT,Raw Materials & Energy,False,2025-10-10,39.63742446899414,24241.4609375,-0.002221656949318196,-0.015025204428868899,0.012803547479550703,0.05799469898552556,0.7230089813771463,-0.44905798271555175,2026-02-28,803,ok,0.00016347536019901322,0.49653765832650265,0.09724682453571942,-0.007297104462788547,0.005075447513470351,-0.2758040875998218
CMP037,RWE AG,RWE.DE,^GDAXI,EUR,Xetra,PRIMARY_DIRECT,Raw Materials & Energy,False,2025-10-13,40.20619583129883,24387.9296875,0.014349352157065676,0.006042076027415577,0.008307276129650099,0.07317623750157765,0.7334195326385469,-0.44075070658590165,2026-02-28,803,ok,0.00016347536019901322,0.49653765832650265,0.09724682453571942,0.0031635936422826413,0.011185758514783034,-0.26461832908503874
CMP037,RWE AG,RWE.DE,^GDAXI,EUR,Xetra,PRIMARY_DIRECT,Raw Materials & Energy,False,2025-10-14,39.843360900878906,24236.939453125,-0.009024353657887452,-0.006191187046614699,-0.0028331666112727527,0.0634915155971223,0.7226876080817262,-0.4435838731971744,2026-02-28,803,ok,0.00016347536019901322,0.49653765832650265,0.09724682453571942,-0.0029106821581884254,-0.006113671499699026,-0.2707320005847378
CMP037,RWE AG,RWE.DE,^GDAXI,EUR,Xetra,PRIMARY_DIRECT,Raw Materials & Energy,False,2025-10-15,40.19639205932617,24181.369140625,0.008860476387158256,-0.0022927941296991827,0.011153270516857439,0.07291455705901373,0.7187378400466109,-0.43243060268031697,2026-02-28,803,ok,0.00016347536019901322,0.49653765832650265,0.09724682453571942,-0.0009749832679865706,0.009835459655144827,-0.26089654092959297
CMP037,RWE AG,RWE.DE,^GDAXI,EUR,Xetra,PRIMARY_DIRECT,Raw Materials & Energy,False,2025-10-16,40.804386138916016,24272.189453125,0.015125588353613884,0.0037557969514399048,0.011369791402173979,0.08914302098768845,0.7251930703865823,-0.421060811278143,2026-02-28,803,ok,0.00016347536019901322,0.49653765832650265,0.09724682453571942,0.0020283699836168008,0.013097218369997082,-0.24779932255959589
CMP037,RWE AG,RWE.DE,^GDAXI,EUR,Xetra,PRIMARY_DIRECT,Raw Materials & Energy,False,2025-10-17,40.11793899536133,23830.990234375,-0.01682287637455737,-0.018177149597569442,0.0013542732230120702,0.0708205025914006,0.6938339778614753,-0.4197065380551309,2026-02-28,803,ok,0.00016347536019901322,0.49653765832650265,0.09724682453571942,-0.008862163936028648,-0.007960712438528724,-0.2557600349981246
CMP037,RWE AG,RWE.DE,^GDAXI,EUR,Xetra,PRIMARY_DIRECT,Raw Materials & Energy,False,2025-10-20,40.21599960327149,24258.80078125,0.0024443082163692065,0.017951857756120626,-0.01550754953975142,0.07343791794414134,0.7242414444945284,-0.43521408759488234,2026-02-28,803,ok,0.00016347536019901322,0.49653765832650265,0.09724682453571942,0.009077248773033612,-0.006632940556664406,-0.262392975554789
CMP037,RWE AG,RWE.DE,^GDAXI,EUR,Xetra,PRIMARY_DIRECT,Raw Materials & Energy,False,2025-10-21,39.95123291015625,24330.029296875,-0.00658361586749423,0.0029361927766871077,-0.009519808644181338,0.06637081503479436,0.7293041497691177,-0.4447338962390637,2026-02-28,803,ok,0.00016347536019901322,0.49653765832650265,0.09724682453571942,0.0016214056459304214,-0.008205021513424652,-0.2705979970682137
CMP037,RWE AG,RWE.DE,^GDAXI,EUR,Xetra,PRIMARY_DIRECT,Raw Materials & Energy,False,2025-10-22,39.70606994628906,24151.130859375,-0.006136555645692265,-0.007352988988096998,0.0012164333424047324,0.059826971189391065,0.7165885953987949,-0.44351746289665894,2026-02-28,803,ok,0.00016347536019901322,0.49653765832650265,0.09724682453571942,-0.0034875605736512305,-0.002648995072041035,-0.2732469921402547
CMP037,RWE AG,RWE.DE,^GDAXI,EUR,Xetra,PRIMARY_DIRECT,Raw Materials & Energy,False,2025-10-23,39.65703582763672,24207.7890625,-0.0012349275241461122,0.002345985513262372,-0.003580913037408484,0.05851816169183688,0.7206156873758318,-0.4470983759340674,2026-02-28,803,ok,0.00016347536019901322,0.49653765832650265,0.09724682453571942,0.0013283455134222098,-0.002563273037568322,-0.27581026517782303
CMP037,RWE AG,RWE.DE,^GDAXI,EUR,Xetra,PRIMARY_DIRECT,Raw Materials & Energy,False,2025-10-24,39.78451919555664,24239.890625,0.0032146469159723967,0.0013260840309339272,0.0018885628850384695,0.06192092383582026,0.7228973683622353,-0.44520981304902896,2026-02-28,803,ok,0.00016347536019901322,0.49653765832650265,0.09724682453571942,0.0008219260196631149,0.0023927208963092817,-0.27341754428151377
CMP037,RWE AG,RWE.DE,^GDAXI,EUR,Xetra,PRIMARY_DIRECT,Raw Materials & Energy,False,2025-10-27,39.68645858764648,24308.779296875,-0.0024647930876871005,0.00284195473241744,-0.00530674782010454,0.059303508483079526,0.7277937646917219,-0.4505165608691335,2026-02-28,803,ok,0.00016347536019901322,0.49653765832650265,0.09724682453571942,0.0015746129081034912,-0.004039405995790592,-0.2774569502773044
CMP037,RWE AG,RWE.DE,^GDAXI,EUR,Xetra,PRIMARY_DIRECT,Raw Materials & Energy,False,2025-10-28,40.343482971191406,24278.630859375,0.016555379515506674,-0.00124022836078308,0.017795607876289754,0.07684068008812472,0.725650905863167,-0.43272095299284374,2026-02-28,803,ok,0.00016347536019901322,0.49653765832650265,0.09724682453571942,-0.00045234472585433414,0.01700772424136101,-0.2604492260359434
CMP037,RWE AG,RWE.DE,^GDAXI,EUR,Xetra,PRIMARY_DIRECT,Raw Materials & Energy,False,2025-10-29,41.53986358642578,24124.2109375,0.029654866836576588,-0.006360322489740944,0.03601518932631753,0.10877424706034655,0.7146752095971638,-0.3967057636665262,2026-02-28,803,ok,0.00016347536019901322,0.49653765832650265,0.09724682453571942,-0.002994664275058346,0.03264953111163493,-0.22779969492430846
CMP037,RWE AG,RWE.DE,^GDAXI,EUR,Xetra,PRIMARY_DIRECT,Raw Materials & Energy,False,2025-10-30,42.22631454467773,24118.890625,0.016525113444914252,-0.00022053830128510032,0.016745651746199353,0.1270968672778181,0.7142970580391836,-0.37996011192032686,2026-02-28,803,ok,0.00016347536019901322,0.49653765832650265,0.09724682453571942,5.3969788507604775e-05,0.01647114365640665,-0.21132855126790182
CMP037,RWE AG,RWE.DE,^GDAXI,EUR,Xetra,PRIMARY_DIRECT,Raw Materials & Energy,False,2025-10-31,41.83405685424805,23958.30078125,-0.0092894133589293,-0.00665825996090974,-0.002631153398019559,0.1166267985821201,0.702882822576536,-0.3825912653183464,2026-02-28,803,ok,0.00016347536019901322,0.49653765832650265,0.09724682453571942,-0.0031426014493202204,-0.006146811909609079,-0.2174753631775109
CMP037,RWE AG,RWE.DE,^GDAXI,EUR,Xetra,PRIMARY_DIRECT,Raw Materials & Energy,False,2025-11-03,42.059600830078125,24132.41015625,0.0053913962161471485,0.007267183786934472,-0.001875787570787324,0.12264697607884423,0.7152579850158134,-0.38446705288913374,2026-02-28,803,ok,0.00016347536019901322,0.49653765832650265,0.09724682453571942,0.003771905780391782,0.0016194904357553666,-0.21585587274175552
CMP037,RWE AG,RWE.DE,^GDAXI,EUR,Xetra,PRIMARY_DIRECT,Raw Materials & Energy,False,2025-11-04,41.6379280090332,23949.109375,-0.01002560206761094,-0.007595626796626731,-0.002429975270984208,0.111391764234271,0.7022295255016993,-0.38689702816011795,2026-02-28,803,ok,0.00016347536019901322,0.49653765832650265,0.09724682453571942,-0.0036080393829200585,-0.00641756268469088,-0.2222734354264464
CMP037,RWE AG,RWE.DE,^GDAXI,EUR,Xetra,PRIMARY_DIRECT,Raw Materials & Energy,False,2025-11-05,41.765411376953125,24049.740234375,0.0030617125783076737,0.0042018622821959895,-0.0011401497038883157,0.1147945263782546,0.7093820595405451,-0.38803717786400627,2026-02-28,803,ok,0.00016347536019901322,0.49653765832650265,0.09724682453571942,0.002249858218411064,0.0008118543598966098,-0.22146158106654978
CMP037,RWE AG,RWE.DE,^GDAXI,EUR,Xetra,PRIMARY_DIRECT,Raw Materials & Energy,False,2025-11-06,42.28514862060547,23734.01953125,0.012444202667165394,-0.013127821758080027,0.02557202442524542,0.12866725539675228,0.6869415965464372,-0.36246515343876085,2026-02-28,803,ok,0.00016347536019901322,0.49653765832650265,0.09724682453571942,-0.006354982514485755,0.01879918518165115,-0.20266239588489865
CMP037,RWE AG,RWE.DE,^GDAXI,EUR,Xetra,PRIMARY_DIRECT,Raw Materials & Energy,False,2025-11-07,41.883087158203125,23569.9609375,-0.00950833745459323,-0.006912381340800189,-0.002595956113793041,0.11793550625849036,0.6752808129314498,-0.3650611095525539,2026-02-28,803,ok,0.00016347536019901322,0.49653765832650265,0.09724682453571942,-0.0032687822842217234,-0.006239555170371506,-0.20890195105527015
CMP037,RWE AG,RWE.DE,^GDAXI,EUR,Xetra,PRIMARY_DIRECT,Raw Materials & Energy,False,2025-11-10,42.62837600708008,23959.990234375,0.017794506075013317,0.01654772775861746,0.001246778316395858,0.13782861641608024,0.7030029037430747,-0.36381433123615803,2026-02-28,803,ok,0.00016347536019901322,0.49653765832650265,0.09724682453571942,0.008380045352087391,0.009414460722925925,-0.19948749033234423
CMP037,RWE AG,RWE.DE,^GDAXI,EUR,Xetra,PRIMARY_DIRECT,Raw Materials & Energy,False,2025-11-11,42.10863494873047,24088.060546875,-0.01219237294574127,0.0053451738188214915,-0.01753754676456276,0.12395578557639864,0.7121057502775392,-0.3813518780007208,2026-02-28,803,ok,0.00016347536019901322,0.49653765832650265,0.09724682453571942,0.0028175554515447662,-0.015009928397286036,-0.21449741872963027
CMP037,RWE AG,RWE.DE,^GDAXI,EUR,Xetra,PRIMARY_DIRECT,Raw Materials & Energy,False,2025-11-12,45.95273971557617,24381.4609375,0.09129017769220282,0.012180324358370243,0.07910985333383258,0.2265619089598474,0.7329597536517505,-0.3022420246668882,2026-02-28,803,ok,0.00016347536019901322,0.49653765832650265,0.09724682453571942,0.006211465094761435,0.08507871259744139,-0.12941870613218887
CMP037,RWE AG,RWE.DE,^GDAXI,EUR,Xetra,PRIMARY_DIRECT,Raw Materials & Energy,False,2025-11-13,44.8446159362793,24041.619140625,-0.02411442247307971,-0.01393853295937264,-0.01017588951370707,0.19698407689780262,0.7088048370082092,-0.3124179141805953,2026-02-28,803,ok,0.00016347536019901322,0.49653765832650265,0.09724682453571942,-0.006757531155954654,-0.017356891317125055,-0.14677559744931393
CMP037,RWE AG,RWE.DE,^GDAXI,EUR,Xetra,PRIMARY_DIRECT,Raw Materials & Energy,False,2025-11-14,44.80538940429688,23876.55078125,-0.0008747211044944914,-0.006865941865623837,0.0059912207611293455,0.19593704966399628,0.6970722823376141,-0.30642669341946593,2026-02-28,803,ok,0.00016347536019901322,0.49653765832650265,0.09724682453571942,-0.003245723335963746,0.0023710022314692544,-0.14440459521784468
CMP037,RWE AG,RWE.DE,^GDAXI,EUR,Xetra,PRIMARY_DIRECT,Raw Materials & Energy,False,2025-11-17,44.7269401550293,23590.51953125,-0.0017508886834953774,-0.011979588367705851,0.010228699684210474,0.19384309701756663,0.6767420549649663,-0.29619799373525546,2026-02-28,803,ok,0.00016347536019901322,0.49653765832650265,0.09724682453571942,-0.00578484139561706,0.004033952712121682,-0.140370642505723
CMP037,RWE AG,RWE.DE,^GDAXI,EUR,Xetra,PRIMARY_DIRECT,Raw Materials & Energy,False,2025-11-18,43.94243240356445,23180.529296875,-0.0175399378706802,-0.017379449139807712,-0.00016048873087248783,0.17290316326853805,0.647601201700126,-0.29635848246612795,2026-02-28,803,ok,0.00016347536019901322,0.49653765832650265,0.09724682453571942,-0.00846607561868566,-0.00907386225199454,-0.14944450475771756
CMP037,RWE AG,RWE.DE,^GDAXI,EUR,Xetra,PRIMARY_DIRECT,Raw Materials & Energy,False,2025-11-19,43.05985641479492,23162.919921875,-0.020084823267497165,-0.0007596623344736653,-0.0193251609330235,0.1493456105244011,0.6463495811249609,-0.31568364339915145,2026-02-28,803,ok,0.00016347536019901322,0.49653765832650265,0.09724682453571942,-0.00021372559647938496,-0.01987109767101778,-0.16931560242873533
CMP037,RWE AG,RWE.DE,^GDAXI,EUR,Xetra,PRIMARY_DIRECT,Raw Materials & Energy,False,2025-11-20,44.22681427001953,23278.849609375,0.027100830155663447,0.005004968626192818,0.02209586152947063,0.18049383070538028,0.654589509126237,-0.2935877818696808,2026-02-28,803,ok,0.00016347536019901322,0.49653765832650265,0.09724682453571942,0.0026486307618464083,0.02445219939381704,-0.1448634030349183
CMP037,RWE AG,RWE.DE,^GDAXI,EUR,Xetra,PRIMARY_DIRECT,Raw Materials & Energy,False,2025-11-21,43.18733978271485,23091.869140625,-0.023503263901359484,-0.008032203991502174,-0.01547105990985731,0.15274837266838492,0.6412995086667357,-0.30905884177953813,2026-02-28,803,ok,0.00016347536019901322,0.49653765832650265,0.09724682453571942,-0.003824816400942264,-0.01967844750041722,-0.16454185053533552
CMP037,RWE AG,RWE.DE,^GDAXI,EUR,Xetra,PRIMARY_DIRECT,Raw Materials & Energy,False,2025-11-24,43.22656631469727,23239.1796875,0.0009082877570087966,0.006379325379765044,-0.005471037622756247,0.1537953999021915,0.6517698922781694,-0.3145298794022944,2026-02-28,803,ok,0.00016347536019901322,0.49653765832650265,0.09724682453571942,0.003331050645970375,-0.0024227628889615786,-0.16696461342429708
CMP037,RWE AG,RWE.DE,^GDAXI,EUR,Xetra,PRIMARY_DIRECT,Raw Materials & Energy,False,2025-11-25,42.56953430175781,23464.630859375,-0.015199727134377228,0.009701339501078321,-0.02490106663545555,0.13625802465477843,0.6677942727808195,-0.3394309460377499,2026-02-28,803,ok,0.00016347536019901322,0.49653765832650265,0.09724682453571942,0.004980555758694845,-0.020180282893072072,-0.18714489631736916
CMP037,RWE AG,RWE.DE,^GDAXI,EUR,Xetra,PRIMARY_DIRECT,Raw Materials & Energy,False,2025-11-26,43.255985260009766,23726.220703125,0.01612540445911348,0.011148261624814193,0.004977142834299286,0.15458064487224998,0.6863872796701469,-0.33445380320345064,2026-02-28,803,ok,0.00016347536019901322,0.49653765832650265,0.09724682453571942,0.005699007081795464,0.010426397377318014,-0.17671849894005115
CMP037,RWE AG,RWE.DE,^GDAXI,EUR,Xetra,PRIMARY_DIRECT,Raw Materials & Energy,False,2025-11-27,42.59895324707031,23767.9609375,-0.015189389606780734,0.001759244967720619,-0.016948634574501353,0.13704326962483715,0.6893540480055347,-0.351402437777952,2026-02-28,803,ok,0.00016347536019901322,0.49653765832650265,0.09724682453571942,0.001037006736893693,-0.016226396343674426,-0.19294489528372558
CMP037,RWE AG,RWE.DE,^GDAXI,EUR,Xetra,PRIMARY_DIRECT,Raw Materials & Energy,False,2025-11-28,42.89314651489258,23836.7890625,0.00690611494878679,0.0028958363395577003,0.00401027860922909,0.1448958211466107,0.694246140848128,-0.3473921591687229,2026-02-28,803,ok,0.00016347536019901322,0.49653765832650265,0.09724682453571942,0.0016013671551397847,0.005304747793647005,-0.18764014749007857
CMP037,RWE AG,RWE.DE,^GDAXI,EUR,Xetra,PRIMARY_DIRECT,Raw Materials & Energy,False,2025-12-01,42.46166610717773,23589.439453125,-0.010059425404126965,-0.010376800697713517,0.0003173752935865526,0.13337882703828963,0.6766652863116767,-0.34707478387513635,2026-02-28,803,ok,0.00016347536019901322,0.49653765832650265,0.09724682453571942,-0.004988996959164475,-0.00507042844496249,-0.19271057593504107
CMP037,RWE AG,RWE.DE,^GDAXI,EUR,Xetra,PRIMARY_DIRECT,Raw Materials & Energy,False,2025-12-02,42.57934188842773,23710.859375,0.0027713415896817306,0.005147215223840984,-0.0023758736341592535,0.1365198069185256,0.6852954433986658,-0.3494506575092956,2026-02-28,803,ok,0.00016347536019901322,0.49653765832650265,0.09724682453571942,0.0027192615543475407,5.208003533418992e-05,-0.19265849589970688
CMP037,RWE AG,RWE.DE,^GDAXI,EUR,Xetra,PRIMARY_DIRECT,Raw Materials & Energy,False,2025-12-03,42.92256546020508,23693.7109375,0.008060800297870152,-0.0007232313780276556,0.008784031675897808,0.14568106611666987,0.6840765848527528,-0.3406666258333978,2026-02-28,803,ok,0.00016347536019901322,0.49653765832650265,0.09724682453571942,-0.0001956362546750885,0.008256436552545241,-0.18440205934716164
CMP037,RWE AG,RWE.DE,^GDAXI,EUR,Xetra,PRIMARY_DIRECT,Raw Materials & Energy,False,2025-12-04,42.74605178833008,23882.029296875,-0.004112374691085274,0.007948031436348257,-0.012060406127433532,0.140969596296316,0.6974616784903804,-0.3527270319608313,2026-02-28,803,ok,0.00016347536019901322,0.49653765832650265,0.09724682453571942,0.004109972277908807,-0.008222346968994081,-0.1926244063161557
CMP037,RWE AG,RWE.DE,^GDAXI,EUR,Xetra,PRIMARY_DIRECT,Raw Materials & Energy,False,2025-12-05,42.22631454467773,24028.140625,-0.01215871927133727,0.006118044924436905,-0.018276764195774176,0.1270968672778181,0.7078468252968946,-0.3710037961566055,2026-02-28,803,ok,0.00016347536019901322,0.49653765832650265,0.09724682453571942,0.0032013150605152588,-0.01536003433185253,-0.20798444064800825
CMP037,RWE AG,RWE.DE,^GDAXI,EUR,Xetra,PRIMARY_DIRECT,Raw Materials & Energy,False,2025-12-08,42.62837600708008,24046.009765625,0.009521585455366965,0.0007436755470962009,0.008777909908270765,0.13782861641608024,0.7091169092190537,-0.36222588624833474,2026-02-28,803,ok,0.00016347536019901322,0.49653765832650265,0.09724682453571942,0.0005327382749088415,0.008988847180458124,-0.19899559346755014
CMP037,RWE AG,RWE.DE,^GDAXI,EUR,Xetra,PRIMARY_DIRECT,Raw Materials & Energy,False,2025-12-09,42.824501037597656,24162.650390625,0.004600809340825185,0.004850726841454822,-0.00024991750062963725,0.14306354894274564,0.7174073684857869,-0.3624758037489644,2026-02-28,803,ok,0.00016347536019901322,0.49653765832650265,0.09724682453571942,0.002572043907236503,0.002028765433588682,-0.19696682803396146
CMP037,RWE AG,RWE.DE,^GDAXI,EUR,Xetra,PRIMARY_DIRECT,Raw Materials & Energy,False,2025-12-10,42.68721008300781,24130.140625,-0.003205897354631393,-0.0013454552832339317,-0.0018604420713974612,0.13939900453501441,0.7150966736683928,-0.36433624582036184,2026-02-28,803,ok,0.00016347536019901322,0.49653765832650265,0.09724682453571942,-0.0005045938555209846,-0.0027013034991104083,-0.19966813153307186
CMP037,RWE AG,RWE.DE,^GDAXI,EUR,Xetra,PRIMARY_DIRECT,Raw Materials & Energy,False,2025-12-11,42.26553726196289,24294.609375,-0.009878200524816583,0.006815905160105107,-0.01669410568492169,0.12814379269044118,0.7267866099365283,-0.3810303515052835,2026-02-28,803,ok,0.00016347536019901322,0.49653765832650265,0.09724682453571942,0.003547828947773129,-0.013426029472589711,-0.2130941610056616
CMP037,RWE AG,RWE.DE,^GDAXI,EUR,Xetra,PRIMARY_DIRECT,Raw Materials & Energy,False,2025-12-12,42.57934188842773,24186.490234375,0.007424598071943844,-0.004450334597116745,0.01187493266906059,0.13651980691852605,0.7191018317444899,-0.36915541883622294,2026-02-28,803,ok,0.00016347536019901322,0.49653765832650265,0.09724682453571942,-0.0020462833594227553,0.009470881431366599,-0.203623279574295
CMP037,RWE AG,RWE.DE,^GDAXI,EUR,Xetra,PRIMARY_DIRECT,Raw Materials & Energy,False,2025-12-15,42.92256546020508,24229.91015625,0.008060800297870152,0.0017952138344277113,0.006265586463442441,0.1456810661166703,0.7221879871356276,-0.3628898323727805,2026-02-28,803,ok,0.00016347536019901322,0.49653765832650265,0.09724682453571942,0.0010548666337410909,0.007005933664129061,-0.19661734591016594
CMP037,RWE AG,RWE.DE,^GDAXI,EUR,Xetra,PRIMARY_DIRECT,Raw Materials & Energy,False,2025-12-16,43.03043746948242,24076.869140625,0.002513177116064025,-0.006316202356430267,0.008829379472494292,0.1485603655543426,0.7113102993130656,-0.3540604529002862,2026-02-28,803,ok,0.00016347536019901322,0.49653765832650265,0.09724682453571942,-0.0029727569673792097,0.0054859340834432346,-0.19113141182672272
CMP037,RWE AG,RWE.DE,^GDAXI,EUR,Xetra,PRIMARY_DIRECT,Raw Materials & Energy,False,2025-12-17,43.01082229614258,23960.58984375,-0.00045584415342636575,-0.00482950238238411,0.004373658228957744,0.14803680102684735,0.7030455221455347,-0.34968679467132846,2026-02-28,803,ok,0.00016347536019901322,0.49653765832650265,0.09724682453571942,-0.0022345544436322587,0.001778710290205893,-0.18935270153651682
CMP037,RWE AG,RWE.DE,^GDAXI,EUR,Xetra,PRIMARY_DIRECT,Raw Materials & Energy,False,2025-12-18,42.91275787353516,24199.5,-0.002279994135713337,0.00997096306092482,-0.012250957196638157,0.14541928385292313,0.7200265261379213,-0.3619377518679666,2026-02-28,803,ok,0.00016347536019901322,0.49653765832650265,0.09724682453571942,0.005114434009730681,-0.007394428145444018,-0.19674712968196084
CMP037,RWE AG,RWE.DE,^GDAXI,EUR,Xetra,PRIMARY_DIRECT,Raw Materials & Energy,False,2025-12-19,43.71688461303711,24288.400390625,0.018738640426507303,0.003673645762309219,0.015064994664198084,0.16688288395063067,0.7263452942967272,-0.34687275720376853,2026-02-28,803,ok,0.00016347536019901322,0.49653765832650265,0.09724682453571942,0.0019875788245371125,0.01675106160197019,-0.17999606807999066
CMP037,RWE AG,RWE.DE,^GDAXI,EUR,Xetra,PRIMARY_DIRECT,Raw Materials & Energy,False,2025-12-22,43.30501556396485,24283.970703125,-0.009421280878496807,-0.000182378725184007,-0.0092389021533128,0.15588935254862135,0.726030445642726,-0.35611165935708133,2026-02-28,803,ok,0.00016347536019901322,0.49653765832650265,0.09724682453571942,7.291745506757364e-05,-0.009494198333564382,-0.18949026641355504
CMP037,RWE AG,RWE.DE,^GDAXI,EUR,Xetra,PRIMARY_DIRECT,Raw Materials & Energy,False,2025-12-23,43.91300964355469,24340.060546875,0.014039807437357554,0.002309747628824965,0.011730059808532589,0.17211781647729585,0.730017140371829,-0.34438159954854874,2026-02-28,803,ok,0.00016347536019901322,0.49653765832650265,0.09724682453571942,0.0013103520391409534,0.012729455398216601,-0.17676081101533844
CMP037,RWE AG,RWE.DE,^GDAXI,EUR,Xetra,PRIMARY_DIRECT,Raw Materials & Energy,False,2025-12-29,44.17778396606445,24351.119140625,0.0060295189206789335,0.0004543371504233118,0.005575181770255622,0.17918512302901068,0.730803151429569,-0.3388064177782931,2026-02-28,803,ok,0.00016347536019901322,0.49653765832650265,0.09724682453571942,0.0003890708649609405,0.005640448055717993,-0.17112036295962044
CMP037,RWE AG,RWE.DE,^GDAXI,EUR,Xetra,PRIMARY_DIRECT,Raw Materials & Energy,False,2025-12-30,44.38371658325195,24490.41015625,0.004661451949370843,0.005720107351970594,-0.0010586554025997508,0.18468183781942327,0.7407035312608752,-0.3398650731808929,2026-02-28,803,ok,0.00016347536019901322,0.49653765832650265,0.09724682453571942,0.003003724070122704,0.001657727879248139,-0.1694626350803723
CMP037,RWE AG,RWE.DE,^GDAXI,EUR,Xetra,PRIMARY_DIRECT,Raw Materials & Energy,False,2026-01-02,46.00177001953125,24539.33984375,0.03645601497216355,0.0019979121291895385,0.034458102842974014,0.22787061663621833,0.7441813039593044,-0.30540697033791886,2026-02-28,803,ok,0.00016347536019901322,0.49653765832650265,0.09724682453571942,0.0011555139703689037,0.035300501001794646,-0.13416213407857763
CMP037,RWE AG,RWE.DE,^GDAXI,EUR,Xetra,PRIMARY_DIRECT,Raw Materials & Energy,False,2026-01-05,46.32538604736328,24868.689453125,0.00703486034764822,0.013421290526643315,-0.006386430178995095,0.23650851494923475,0.7675904679708818,-0.31179340051691395,2026-02-28,803,ok,0.00016347536019901322,0.49653765832650265,0.09724682453571942,0.006827651530018158,0.00020720881763006127,-0.13395492526094757
CMP037,RWE AG,RWE.DE,^GDAXI,EUR,Xetra,PRIMARY_DIRECT,Raw Materials & Energy,False,2026-01-06,46.94318389892578,24892.19921875,0.013336054035920197,0.0009453560337111533,0.012390698002209044,0.25299865932047316,0.7692614702849083,-0.2994027025147049,2026-02-28,803,ok,0.00016347536019901322,0.49653765832650265,0.09724682453571942,0.0006328802314627796,0.012703173804457417,-0.12125175145649016
CMP037,RWE AG,RWE.DE,^GDAXI,EUR,Xetra,PRIMARY_DIRECT,Raw Materials & Energy,False,2026-01-07,47.04125213623047,25122.259765625,0.0020890836359936937,0.009242274852987231,-0.0071531912169935374,0.25561627831558154,0.7856134710800817,-0.30655589373169845,2026-02-28,803,ok,0.00016347536019901322,0.49653765832650265,0.09724682453571942,0.004752612873311215,-0.002663529237317521,-0.12391528069380768
CMP037,RWE AG,RWE.DE,^GDAXI,EUR,Xetra,PRIMARY_DIRECT,Raw Materials & Energy,False,2026-01-08,47.02163696289063,25127.4609375,-0.000416978129813228,0.00020703439593106054,-0.0006240125257442886,0.2550927137880865,0.7859831544864331,-0.30717990625744274,2026-02-28,803,ok,0.00016347536019901322,0.49653765832650265,0.09724682453571942,0.000266275734347664,-0.000683253864160892,-0.12459853455796857
CMP037,RWE AG,RWE.DE,^GDAXI,EUR,Xetra,PRIMARY_DIRECT,Raw Materials & Energy,False,2026-01-09,47.03144073486328,25261.640625,0.0002084949101279765,0.005339962037300472,-0.005131467127172495,0.25535439423065,0.7955202367306489,-0.31231137338461523,2026-02-28,803,ok,0.00016347536019901322,0.49653765832650265,0.09724682453571942,0.0028149676057526098,-0.0026064726956246333,-0.1272050072535932
CMP037,RWE AG,RWE.DE,^GDAXI,EUR,Xetra,PRIMARY_DIRECT,Raw Materials & Energy,False,2026-01-12,47.44331359863281,25405.33984375,0.008757394146001962,0.005688435714970463,0.003068958431031499,0.26634802745384323,0.8057339381722197,-0.30924241495358373,2026-02-28,803,ok,0.00016347536019901322,0.49653765832650265,0.09724682453571942,0.002987997909651292,0.00576939623635067,-0.12143561101724254
CMP037,RWE AG,RWE.DE,^GDAXI,EUR,Xetra,PRIMARY_DIRECT,Raw Materials & Energy,False,2026-01-13,47.315826416015625,25420.66015625,-0.0026871475229517383,0.0006030351333312645,-0.0032901826562830028,0.2629451634886759,0.8068228591783861,-0.31253259760986674,2026-02-28,803,ok,0.00016347536019901322,0.49653765832650265,0.09724682453571942,0.00046290501319192954,-0.003150052536143668,-0.12458566355338621
CMP037,RWE AG,RWE.DE,^GDAXI,EUR,Xetra,PRIMARY_DIRECT,Raw Materials & Energy,False,2026-01-14,48.40433883666992,25286.240234375,0.023005250105614827,-0.005287821836599704,0.02829307194221453,0.2919995328444096,0.7972687018087552,-0.2842395256676522,2026-02-28,803,ok,0.00016347536019901322,0.49653765832650265,0.09724682453571942,-0.0024621273121939505,0.025467377417808777,-0.09911828613557744
CMP037,RWE AG,RWE.DE,^GDAXI,EUR,Xetra,PRIMARY_DIRECT,Raw Materials & Energy,False,2026-01-15,49.77722930908203,25352.390625,0.02836296301958874,0.002616062728656443,0.025746900290932295,0.3286444678158016,0.8019704694729379,-0.2584926253767199,2026-02-28,803,ok,0.00016347536019901322,0.49653765832650265,0.09724682453571942,0.0014624490215213242,0.026900513998067414,-0.07221777213751002
CMP037,RWE AG,RWE.DE,^GDAXI,EUR,Xetra,PRIMARY_DIRECT,Raw Materials & Energy,False,2026-01-16,50.50290298461914,25297.130859375,0.014578426433323077,-0.0021796668583399237,0.016758093291663,0.348014013445896,0.7980427741609206,-0.2417345320850569,2026-02-28,803,ok,0.00016347536019901322,0.49653765832650265,0.09724682453571942,-0.0009188113175729772,0.015497237750896054,-0.056720534386613966
CMP037,RWE AG,RWE.DE,^GDAXI,EUR,Xetra,PRIMARY_DIRECT,Raw Materials & Energy,False,2026-01-19,50.64019393920898,24959.060546875,0.0027184764929581995,-0.01336397848354065,0.01608245497649885,0.351678557853627,0.7740137692145483,-0.22565207710855806,2026-02-28,803,ok,0.00016347536019901322,0.49653765832650265,0.09724682453571942,-0.006472243221944027,0.009190719714902228,-0.04752981467171174
CMP037,RWE AG,RWE.DE,^GDAXI,EUR,Xetra,PRIMARY_DIRECT,Raw Materials & Energy,False,2026-01-20,50.03219985961914,24703.119140625,-0.01200615622285539,-0.010254448710892872,-0.0017517075119625192,0.3354500939249525,0.7558222360057201,-0.22740378462052058,2026-02-28,803,ok,0.00016347536019901322,0.49653765832650265,0.09724682453571942,-0.004928244590136957,-0.007077911632718434,-0.05460772630443017
CMP037,RWE AG,RWE.DE,^GDAXI,EUR,Xetra,PRIMARY_DIRECT,Raw Materials & Energy,False,2026-01-21,50.699031829833984,24560.98046875,0.013328056173541158,-0.005753875495068561,0.01908193166860972,0.3532490477937451,0.7457194534682703,-0.20832185295191086,2026-02-28,803,ok,0.00016347536019901322,0.49653765832650265,0.09724682453571942,-0.0026935405044245762,0.016021596677965735,-0.03858612962646443
CMP037,RWE AG,RWE.DE,^GDAXI,EUR,Xetra,PRIMARY_DIRECT,Raw Materials & Energy,False,2026-01-22,50.3067741394043,24856.470703125,-0.007736985821470088,0.012030881045280939,-0.019767866866751027,0.3427789790980471,0.7667219965513798,-0.22808971981866188,2026-02-28,803,ok,0.00016347536019901322,0.49653765832650265,0.09724682453571942,0.006137260862027517,-0.013874246683497606,-0.05246037630996204
CMP037,RWE AG,RWE.DE,^GDAXI,EUR,Xetra,PRIMARY_DIRECT,Raw Materials & Energy,False,2026-01-23,50.561744689941406,24900.7109375,0.005068314454641065,0.0017798276715703665,0.0032884867830706987,0.3495846052071978,0.7698664572488141,-0.22480123303559119,2026-02-28,803,ok,0.00016347536019901322,0.49653765832650265,0.09724682453571942,0.0010472268244652745,0.0040210876301757905,-0.048439288679786245
CMP037,RWE AG,RWE.DE,^GDAXI,EUR,Xetra,PRIMARY_DIRECT,Raw Materials & Energy,False,2026-01-26,51.13051223754883,24933.080078125,0.01124896996919822,0.0012999283717740617,0.009949041597424158,0.36476604190206574,0.772167156870843,-0.21485219143816703,2026-02-28,803,ok,0.00016347536019901322,0.49653765832650265,0.09724682453571942,0.0008089387499118892,0.01044003121928633,-0.03799925746049992
CMP037,RWE AG,RWE.DE,^GDAXI,EUR,Xetra,PRIMARY_DIRECT,Raw Materials & Energy,False,2026-01-27,51.79734802246094,24894.439453125,0.013041836581140442,-0.0015497734286707976,0.01459161000981124,0.38256509759204227,0.7694206992999615,-0.2002605814283558,2026-02-28,803,ok,0.00016347536019901322,0.49653765832650265,0.09724682453571942,-0.0006060455090098198,0.013647882090150262,-0.024351375370349655
CMP037,RWE AG,RWE.DE,^GDAXI,EUR,Xetra,PRIMARY_DIRECT,Raw Materials & Energy,False,2026-01-28,51.91502380371094,24822.7890625,0.0022718495394584703,-0.002878168466492803,0.0051500180059512735,0.38570607747227803,0.7643280084392767,-0.19511056342240451,2026-02-28,803,ok,0.00016347536019901322,0.49653765832650265,0.09724682453571942,-0.0012656436704225045,0.0035374932098809746,-0.02081388216046868
CMP037,RWE AG,RWE.DE,^GDAXI,EUR,Xetra,PRIMARY_DIRECT,Raw Materials & Energy,False,2026-01-29,52.3268928527832,24309.4609375,0.007933523263507158,-0.02067971184493078,0.02861323510843794,0.39669960887428757,0.7278422136248119,-0.16649732831396657,2026-02-28,803,ok,0.00016347536019901322,0.49653765832650265,0.09724682453571942,-0.010104780334149757,0.018038303597656916,-0.0027755785628117632
CMP037,RWE AG,RWE.DE,^GDAXI,EUR,Xetra,PRIMARY_DIRECT,Raw Materials & Energy,False,2026-01-30,52.483795166015625,24538.810546875,0.0029985023890841678,0.009434582279083115,-0.006436079889998947,0.4008876159883301,0.7441436831545283,-0.17293340820396552,2026-02-28,803,ok,0.00016347536019901322,0.49653765832650265,0.09724682453571942,0.0048481007523436615,-0.0018495983632594937,-0.004625176926071257
CMP037,RWE AG,RWE.DE,^GDAXI,EUR,Xetra,PRIMARY_DIRECT,Raw Materials & Energy,False,2026-02-02,52.40534210205078,24797.51953125,-0.0014948054674148725,0.010542849413210265,-0.012037654880625137,0.398793561520717,0.7625319273610285,-0.18497106308459066,2026-02-28,803,ok,0.00016347536019901322,0.49653765832650265,0.09724682453571942,0.005398397119923381,-0.006893202587338254,-0.011518379513409512
CMP037,RWE AG,RWE.DE,^GDAXI,EUR,Xetra,PRIMARY_DIRECT,Raw Materials & Energy,False,2026-02-03,53.42520904541016,24780.7890625,0.019461125573292826,-0.0006746831564712341,0.02013580872976406,0.4260156586725852,0.7613427767568952,-0.1648352543548266,2026-02-28,803,ok,0.00016347536019901322,0.49653765832650265,0.09724682453571942,-0.00017153023442754677,0.019632655807720372,0.00811427629431086
CMP037,RWE AG,RWE.DE,^GDAXI,EUR,Xetra,PRIMARY_DIRECT,Raw Materials & Energy,False,2026-02-04,52.7387580871582,24603.0390625,-0.012848821193539806,-0.007172895082222519,-0.0056759261113172865,0.4076930384551132,0.7487088498153875,-0.17051118046614389,2026-02-28,803,ok,0.00016347536019901322,0.49653765832650265,0.09724682453571942,-0.003398137167349443,-0.009450684026190363,-0.0013364077318795027
CMP037,RWE AG,RWE.DE,^GDAXI,EUR,Xetra,PRIMARY_DIRECT,Raw Materials & Energy,False,2026-02-05,51.46393203735352,24491.060546875,-0.024172470039924954,-0.004551409902676551,-0.019621060137248403,0.3736656206576461,0.7407497590394396,-0.1901322406033923,2026-02-28,803,ok,0.00016347536019901322,0.49653765832650265,0.09724682453571942,-0.002096471054960057,-0.022075998984964897,-0.0234124067168444
CMP037,RWE AG,RWE.DE,^GDAXI,EUR,Xetra,PRIMARY_DIRECT,Raw Materials & Energy,False,2026-02-06,51.77773284912109,24721.4609375,0.006097490015722018,0.009407530155095545,-0.003310040139373527,0.3820415330645466,0.7571259148900784,-0.19344228074276582,2026-02-28,803,ok,0.00016347536019901322,0.49653765832650265,0.09724682453571942,0.004834668354046116,0.0012628216616759023,-0.022149585055168498
CMP037,RWE AG,RWE.DE,^GDAXI,EUR,Xetra,PRIMARY_DIRECT,Raw Materials & Energy,False,2026-02-09,52.52302169799805,25014.869140625,0.014394003133522792,0.011868562455381815,0.0025254406781409777,0.40193464322213623,0.7779804735529212,-0.19091684006462484,2026-02-28,803,ok,0.00016347536019901322,0.49653765832650265,0.09724682453571942,0.006056663569496147,0.008337339564026646,-0.013812245491141852
CMP037,RWE AG,RWE.DE,^GDAXI,EUR,Xetra,PRIMARY_DIRECT,Raw Materials & Energy,False,2026-02-10,52.46418380737305,24987.849609375,-0.0011202304955588716,-0.001080138820559351,-4.00916749995206e-05,0.40036415328201835,0.7760600078212403,-0.19095693173962436,2026-02-28,803,ok,0.00016347536019901322,0.49653765832650265,0.09724682453571942,-0.0003728542404290773,-0.0007473762551297943,-0.014559621746271647
CMP037,RWE AG,RWE.DE,^GDAXI,EUR,Xetra,PRIMARY_DIRECT,Raw Materials & Energy,False,2026-02-11,53.18985748291016,24856.150390625,0.013831791955469797,-0.005270530310082733,0.01910232226555253,0.41973369891211276,0.7666992297174926,-0.17185460947407183,2026-02-28,803,ok,0.00016347536019901322,0.49653765832650265,0.09724682453571942,-0.0024535414181083228,0.01628533337357812,0.001725711627306472
CMP037,RWE AG,RWE.DE,^GDAXI,EUR,Xetra,PRIMARY_DIRECT,Raw Materials & Energy,False,2026-02-12,51.091285705566406,24852.689453125,-0.039454359847044596,-0.0001392386771728038,-0.03931512116987179,0.3637190146682585,0.7664532368537846,-0.21116973064394362,2026-02-28,803,ok,0.00016347536019901322,0.49653765832650265,0.09724682453571942,9.433811348714937e-05,-0.039548697960531745,-0.03782298633322527
CMP037,RWE AG,RWE.DE,^GDAXI,EUR,Xetra,PRIMARY_DIRECT,Raw Materials & Energy,False,2026-02-13,48.98291397094727,24914.880859375,-0.041266758225061206,0.002502401455073855,-0.04376915968013506,0.3074427518030247,0.7708736120040074,-0.2549388903240787,2026-02-28,803,ok,0.00016347536019901322,0.49653765832650265,0.09724682453571942,0.001406011918894218,-0.04267277014395542,-0.08049575647718069
CMP037,RWE AG,RWE.DE,^GDAXI,EUR,Xetra,PRIMARY_DIRECT,Raw Materials & Energy,False,2026-02-16,49.52226638793945,24800.91015625,0.011011031669371008,-0.004574402894730878,0.015585434564101885,0.3218390453490174,0.7627729226270537,-0.2393534557599768,2026-02-28,803,ok,0.00016347536019901322,0.49653765832650265,0.09724682453571942,-0.0021078879413926324,0.01311891961076364,-0.06737683686641704
CMP037,RWE AG,RWE.DE,^GDAXI,EUR,Xetra,PRIMARY_DIRECT,Raw Materials & Energy,False,2026-02-17,50.699031829833984,24998.400390625,0.023762350306752555,0.007963023660453539,0.015799326646299017,0.3532490477937442,0.7768099251179397,-0.22355412911367778,2026-02-28,803,ok,0.00016347536019901322,0.49653765832650265,0.09724682453571942,0.0041174164817591495,0.019644933824993407,-0.047731903041423634
CMP037,RWE AG,RWE.DE,^GDAXI,EUR,Xetra,PRIMARY_DIRECT,Raw Materials & Energy,False,2026-02-18,51.71889877319336,25278.2109375,0.020116102942211,0.01119313806094313,0.00892296488126787,0.3804711449456122,0.7966980039178388,-0.2146311642324099,2026-02-28,803,ok,0.00016347536019901322,0.49653765832650265,0.09724682453571942,0.005721289922304966,0.014394813019906035,-0.0333370900215176
CMP037,RWE AG,RWE.DE,^GDAXI,EUR,Xetra,PRIMARY_DIRECT,Raw Materials & Energy,False,2026-02-19,50.46367645263672,25043.5703125,-0.024270089857505672,-0.009282327201879381,-0.014987762655626291,0.34696698621208855,0.78002046516251,-0.2296189268880362,2026-02-28,803,ok,0.00016347536019901322,0.49653765832650265,0.09724682453571942,-0.004445549652442572,-0.0198245402050631,-0.0531616302265807
CMP037,RWE AG,RWE.DE,^GDAXI,EUR,Xetra,PRIMARY_DIRECT,Raw Materials & Energy,False,2026-02-20,50.83632278442383,25260.689453125,0.0073844467542285575,0.00866965604008274,-0.001285209285854183,0.35691359220147545,0.7954526303397771,-0.23090413617389038,2026-02-28,803,ok,0.00016347536019901322,0.49653765832650265,0.09724682453571942,0.004468286068837917,0.00291616068539064,-0.05024546954119006
CMP037,RWE AG,RWE.DE,^GDAXI,EUR,Xetra,PRIMARY_DIRECT,Raw Materials & Energy,False,2026-02-23,50.679420471191406,24991.970703125,-0.0030864213742952673,-0.010637823266805402,0.0075514018925101345,0.3527255850874331,0.7763529225743016,-0.22335273428138025,2026-02-28,803,ok,0.00016347536019901322,0.49653765832650265,0.09724682453571942,-0.005118604494391727,0.0020321831200964596,-0.0482132864210936
CMP037,RWE AG,RWE.DE,^GDAXI,EUR,Xetra,PRIMARY_DIRECT,Raw Materials & Energy,False,2026-02-24,51.66005706787109,24986.25,0.01934979894328359,-0.00022890164176947447,0.019578700585053066,0.3789005531843106,0.7759463124739623,-0.20377403369632718,2026-02-28,803,ok,0.00016347536019901322,0.49653765832650265,0.09724682453571942,4.98170750077064e-05,0.019299981868275886,-0.028913304552817713
CMP037,RWE AG,RWE.DE,^GDAXI,EUR,Xetra,PRIMARY_DIRECT,Raw Materials & Energy,False,2026-02-25,53.30753326416016,25175.939453125,0.031890715763720934,0.007591753589474282,0.024298962174246652,0.42287467879234897,0.7894288592664,-0.17947507152208053,2026-02-28,803,ok,0.00016347536019901322,0.49653765832650265,0.09724682453571942,0.003933066910108394,0.02795764885361254,-0.0009556556992051726
CMP037,RWE AG,RWE.DE,^GDAXI,EUR,Xetra,PRIMARY_DIRECT,Raw Materials & Energy,False,2026-02-26,52.83682632446289,25289.01953125,-0.008830026656171275,0.004491593187040399,-0.013321619843211674,0.4103106574502213,0.7974662457393744,-0.1927966913652922,2026-02-28,803,ok,0.00016347536019901322,0.49653765832650265,0.09724682453571942,0.002393720523447326,-0.0112237471796186,-0.012179402878823773
CMP037,RWE AG,RWE.DE,^GDAXI,EUR,Xetra,PRIMARY_DIRECT,Raw Materials & Energy,False,2026-02-27,53.48404693603516,25284.259765625,0.012249422544756694,-0.00018821471584207217,0.012437637260598766,0.4275861486127026,0.7971279361406969,-0.18035905410469344,2026-02-28,803,ok,0.00016347536019901322,0.49653765832650265,0.09724682453571942,7.00196659322026e-05,0.012179402878824491,7.181755190543981e-16
CMP037,RWE AG,RWE.DE,^GDAXI,EUR,Xetra,PRIMARY_DIRECT,Raw Materials & Energy,False,2026-03-02,53.83707809448242,24638.0,0.006600681486751858,-0.025559766100157533,0.03216044758690939,0.4370091900745938,0.7511937664408819,-0.14819860651778405,2026-02-28,803,ok,0.00016347536019901322,0.49653765832650265,0.09724682453571942,-0.012527911046546334,0.01912859253329819,0.01912859253329891
CMP037,RWE AG,RWE.DE,^GDAXI,EUR,Xetra,PRIMARY_DIRECT,Raw Materials & Energy,False,2026-03-03,52.16999053955078,23790.650390625,-0.030965416659610612,-0.03439198024900558,0.003426563589394971,0.39251160176024436,0.6909667450132653,-0.14477204292838908,2026-02-28,803,ok,0.00016347536019901322,0.49653765832650265,0.09724682453571942,-0.016913437977853548,-0.014051978681757064,0.005076613851541845
CMP037,RWE AG,RWE.DE,^GDAXI,EUR,Xetra,PRIMARY_DIRECT,Raw Materials & Energy,False,2026-03-04,52.30728149414063,24205.359375,0.002631607810734904,0.01743159508318537,-0.014799987272450466,0.3961761461679756,0.7204429926114684,-0.15957203020083954,2026-02-28,803,ok,0.00016347536019901322,0.49653765832650265,0.09724682453571942,0.008818918763699652,-0.0061873109529647485,-0.0011106971014229038
CMP037,RWE AG,RWE.DE,^GDAXI,EUR,Xetra,PRIMARY_DIRECT,Raw Materials & Energy,False,2026-03-05,51.58160400390625,23815.75,-0.013873355095230355,-0.016095996302471716,0.0022226412072413604,0.376806498716697,0.6927507485637807,-0.15734938899359818,2026-02-28,803,ok,0.00016347536019901322,0.49653765832650265,0.09724682453571942,-0.007828792952262338,-0.0060445621429680175,-0.007155259244390921
CMP037,RWE AG,RWE.DE,^GDAXI,EUR,Xetra,PRIMARY_DIRECT,Raw Materials & Energy,False,2026-03-06,51.79734802246094,23591.029296875,0.004182576767840507,-0.009435802069008958,0.013618378836849465,0.3825650975920414,0.676778287548166,-0.14373101015674872,2026-02-28,803,ok,0.00016347536019901322,0.49653765832650265,0.09724682453571942,-0.004521755703579064,0.00870433247141957,0.0015490732270286491
CMP037,RWE AG,RWE.DE,^GDAXI,EUR,Xetra,PRIMARY_DIRECT,Raw Materials & Energy,False,2026-03-09,52.2680549621582,23409.369140625,0.009087471804408942,-0.007700391278563812,0.016787863082972754,0.395129118934169,0.6638664386466451,-0.12694314707377596,2026-02-28,803,ok,0.00016347536019901322,0.49653765832650265,0.09724682453571942,-0.0036600588934568856,0.012747530697865828,0.014296603924894477
CMP037,RWE AG,RWE.DE,^GDAXI,EUR,Xetra,PRIMARY_DIRECT,Raw Materials & Energy,False,2026-03-10,53.17024230957031,23968.630859375,0.017260779037316265,0.02389050791545877,-0.0066297288781425046,0.4192101343846175,0.703617052969399,-0.13357287595191847,2026-02-28,803,ok,0.00016347536019901322,0.49653765832650265,0.09724682453571942,0.012026012216771687,0.0052347668205445785,0.019531370745439057
CMP037,RWE AG,RWE.DE,^GDAXI,EUR,Xetra,PRIMARY_DIRECT,Raw Materials & Energy,False,2026-03-11,52.50341033935547,23640.029296875,-0.012541450654529385,-0.01370965093617238,0.0011682002816429948,0.4014111805158249,0.6802610578442778,-0.13240467567027547,2026-02-28,803,ok,0.00016347536019901322,0.49653765832650265,0.09724682453571942,-0.006643882612121765,-0.00589756804240762,0.013633802703031437
CMP037,RWE AG,RWE.DE,^GDAXI,EUR,Xetra,PRIMARY_DIRECT,Raw Materials & Energy,False,2026-03-12,54.52352142333984,23589.650390625,0.03847580701762787,-0.002131084763784985,0.04060689178141286,0.45533160664969796,0.6766802791047246,-0.09179778388886262,2026-02-28,803,ok,0.00016347536019901322,0.49653765832650265,0.09724682453571942,-0.0008946884781060712,0.039370495495733945,0.053004298198765384
CMP037,RWE AG,RWE.DE,^GDAXI,EUR,Xetra,PRIMARY_DIRECT,Raw Materials & Energy,False,2026-03-13,55.91603088378906,23447.2890625,0.025539609770199867,-0.006034906230809489,0.031574516001009356,0.49250020796976934,0.66656167084128,-0.06022326788785326,2026-02-28,803,ok,0.00016347536019901322,0.49653765832650265,0.09724682453571942,-0.002833082847867151,0.02837269261806702,0.0813769908168324
CMP037,RWE AG,RWE.DE,^GDAXI,EUR,Xetra,PRIMARY_DIRECT,Raw Materials & Energy,False,2026-03-16,56.15138244628906,23564.009765625,0.004209017678474591,0.00497800418691785,-0.000768986508443259,0.4987821677302411,0.6748578218164847,-0.06099225439629652,2026-02-28,803,ok,0.00016347536019901322,0.49653765832650265,0.09724682453571942,0.0026352419023107283,0.0015737757761638631,0.08295076659299627
CMP037,RWE AG,RWE.DE,^GDAXI,EUR,Xetra,PRIMARY_DIRECT,Raw Materials & Energy,False,2026-03-17,57.50466537475586,23730.919921875,0.024100616396421914,0.007083266299332758,0.017017350097089157,0.5349037418165052,0.6867212857819314,-0.04397490429920736,2026-02-28,803,ok,0.00016347536019901322,0.49653765832650265,0.09724682453571942,0.003680583821772733,0.02042003257464918,0.10337079916764545
CMP037,RWE AG,RWE.DE,^GDAXI,EUR,Xetra,PRIMARY_DIRECT,Raw Materials & Energy,False,2026-03-18,56.83782958984375,23502.25,-0.011596203204842004,-0.009635948485259282,-0.0019602547195827213,0.5171046861265287,0.6704681263631465,-0.045935159018790084,2026-02-28,803,ok,0.00016347536019901322,0.49653765832650265,0.09724682453571942,-0.004621135936426441,-0.006975067268415563,0.09639573189922988
CMP037,RWE AG,RWE.DE,^GDAXI,EUR,Xetra,PRIMARY_DIRECT,Raw Materials & Energy,False,2026-03-19,56.641700744628906,22839.560546875,-0.003450674429867573,-0.02819685149826079,0.024746177068393216,0.5118696517786796,0.6233661846715068,-0.021188981950396868,2026-02-28,803,ok,0.00016347536019901322,0.49653765832650265,0.09724682453571942,-0.013837323254927538,0.010386648825059965,0.10678238072428985
CMP037,RWE AG,RWE.DE,^GDAXI,EUR,Xetra,PRIMARY_DIRECT,Raw Materials & Energy,False,2026-03-20,55.0922966003418,22380.189453125,-0.027354477777294384,-0.02011295676233371,-0.007241521014960672,0.470513246986934,0.5907154907897743,-0.02843050296535754,2026-02-28,803,ok,0.00016347536019901322,0.49653765832650265,0.09724682453571942,-0.009823365092592365,-0.01753111268470202,0.08925126803958783
CMP037,RWE AG,RWE.DE,^GDAXI,EUR,Xetra,PRIMARY_DIRECT,Raw Materials & Energy,False,2026-03-23,53.87630081176758,22653.859375,-0.022071974915031545,0.012228221858809452,-0.034300196773840996,0.4380561154872167,0.6101671127253965,-0.06273069973919854,2026-02-28,803,ok,0.00016347536019901322,0.49653765832650265,0.09724682453571942,0.006235248007469212,-0.028307222922500756,0.06094404511708707
CMP037,RWE AG,RWE.DE,^GDAXI,EUR,Xetra,PRIMARY_DIRECT,Raw Materials & Energy,False,2026-03-24,54.11165618896485,22636.91015625,0.0043684398084336,-0.0007481823944182064,0.005116622202851806,0.44433817706887235,0.6089624140395842,-0.05761407753634673,2026-02-28,803,ok,0.00016347536019901322,0.49653765832650265,0.09724682453571942,-0.00020802537392651882,0.004576465182360118,0.0655205102994472
CMP037,RWE AG,RWE.DE,^GDAXI,EUR,Xetra,PRIMARY_DIRECT,Raw Materials & Energy,False,2026-03-25,55.83757781982422,22957.080078125,0.031895561001352934,0.014143711295624861,0.017751849705728073,0.49040615350215555,0.6317191139092717,-0.03986222783061866,2026-02-28,803,ok,0.00016347536019901322,0.49653765832650265,0.09724682453571942,0.007186360646974687,0.02470920035437825,0.09022971065382544
CMP037,RWE AG,RWE.DE,^GDAXI,EUR,Xetra,PRIMARY_DIRECT,Raw Materials & Energy,False,2026-03-26,54.91577911376953,22612.970703125,-0.016508572578651792,-0.014989248363858287,-0.0015193242147935049,0.46580167534539596,0.6072608708508309,-0.04138155204541216,2026-02-28,803,ok,0.00016347536019901322,0.49653765832650265,0.09724682453571942,-0.007279250922465542,-0.00922932165618625,0.0810003889976392
CMP037,RWE AG,RWE.DE,^GDAXI,EUR,Xetra,PRIMARY_DIRECT,Raw Materials & Energy,False,2026-03-27,53.60172271728516,22300.75,-0.023928576042998917,-0.013807151091468572,-0.010121424951530344,0.43072712849293837,0.5850691771635881,-0.05150297699694251,2026-02-28,803,ok,0.00016347536019901322,0.49653765832650265,0.09724682453571942,-0.006692295110919007,-0.01723628093207991,0.0637641080655593
CMP037,RWE AG,RWE.DE,^GDAXI,EUR,Xetra,PRIMARY_DIRECT,Raw Materials & Energy,False,2026-03-30,55.36687088012695,22562.880859375,0.03293081030532963,0.011754351731444013,0.021176458573885615,0.47784213216002835,0.6037006377906395,-0.030326518423056892,2026-02-28,803,ok,0.00016347536019901322,0.49653765832650265,0.09724682453571942,0.0059999536440762955,0.026930856661253333,0.09069496472681263
CMP037,RWE AG,RWE.DE,^GDAXI,EUR,Xetra,PRIMARY_DIRECT,Raw Materials & Energy,False,2026-03-31,56.56325149536133,22680.0390625,0.021608239660583672,0.005192519689980912,0.01641571997060276,0.5097756991322502,0.6120278849292025,-0.013910798452454132,2026-02-28,803,ok,0.00016347536019901322,0.49653765832650265,0.09724682453571942,0.002741756927876393,0.01886648273270728,0.1095614474595199
CMP037,RWE AG,RWE.DE,^GDAXI,EUR,Xetra,PRIMARY_DIRECT,Raw Materials & Energy,False,2026-04-01,57.5831184387207,23298.890625,0.01803055723278235,0.02728617710025172,-0.009255619867469367,0.5369977962841181,0.6560139632879249,-0.0231664183199235,2026-02-28,803,ok,0.00016347536019901322,0.49653765832650265,0.09724682453571942,0.013712089842240241,0.00431846739054211,0.113879914850062
CMP037,RWE AG,RWE.DE,^GDAXI,EUR,Xetra,PRIMARY_DIRECT,Raw Materials & Energy,False,2026-04-02,57.857696533203125,23168.080078125,0.004768378335998413,-0.005614453880247838,0.010382832216246252,0.5443267832783967,0.6467163492659984,-0.012783586103677247,2026-02-28,803,ok,0.00016347536019901322,0.49653765832650265,0.09724682453571942,-0.002624312422281395,0.007392690758279808,0.12127260560834181
CMP037,RWE AG,RWE.DE,^GDAXI,EUR,Xetra,PRIMARY_DIRECT,Raw Materials & Energy,False,2026-04-07,57.54389190673828,22921.58984375,-0.005423731763755213,-0.010639217127349831,0.0052154853635946186,0.5359507690503118,0.6291965764790006,-0.007568100740082628,2026-02-28,803,ok,0.00016347536019901322,0.49653765832650265,0.09724682453571942,-0.005119296598642492,-0.00030443516511272084,0.12096817044322909
CMP037,RWE AG,RWE.DE,^GDAXI,EUR,Xetra,PRIMARY_DIRECT,Raw Materials & Energy,False,2026-04-08,57.24970245361328,24080.630859375,-0.005112435801210569,0.0505654722698492,-0.05567790807105977,0.5280983193497222,0.7115776707890829,-0.0632460088111424,2026-02-28,803,ok,0.00016347536019901322,0.49653765832650265,0.09724682453571942,0.025271136553243638,-0.030383572354454207,0.09058459808877489
CMP037,RWE AG,RWE.DE,^GDAXI,EUR,Xetra,PRIMARY_DIRECT,Raw Materials & Energy,False,2026-04-09,57.77924346923828,23806.990234375,0.009249672800553999,-0.011363515623739051,0.02061318842429305,0.5422327288107835,0.6921281311858283,-0.042632820386849346,2026-02-28,803,ok,0.00016347536019901322,0.49653765832650265,0.09724682453571942,-0.005478938077969002,0.014728610878523,0.1053132089672979
CMP037,RWE AG,RWE.DE,^GDAXI,EUR,Xetra,PRIMARY_DIRECT,Raw Materials & Energy,False,2026-04-10,57.89692306518555,23803.94921875,0.0020367105708110067,-0.00012773624868422928,0.002164446819495236,0.5453738105122032,0.6919119850860576,-0.04046837356735411,2026-02-28,803,ok,0.00016347536019901322,0.49653765832650265,0.09724682453571942,0.00010004950239393421,0.0019366610684170725,0.10724987003571497
CMP037,RWE AG,RWE.DE,^GDAXI,EUR,Xetra,PRIMARY_DIRECT,Raw Materials & Energy,False,2026-04-13,57.42621612548828,23742.439453125,-0.008130085586194324,-0.0025840151589867633,-0.005546070427207561,0.5328097891700758,0.6875400588689238,-0.04601444399456167,2026-02-28,803,ok,0.00016347536019901322,0.49653765832650265,0.09724682453571942,-0.0011195854759244598,-0.007010500110269865,0.1002393699254451
CMP037,RWE AG,RWE.DE,^GDAXI,EUR,Xetra,PRIMARY_DIRECT,Raw Materials & Energy,False,2026-04-14,57.740020751953125,24044.220703125,0.005464483778264473,0.012710625232752903,-0.007246141454488431,0.5411858033981607,0.7089897481224645,-0.0532605854490501,2026-02-28,803,ok,0.00016347536019901322,0.49653765832650265,0.09724682453571942,0.006474779449135898,-0.0010102956708714248,0.09922907425457368
CMP037,RWE AG,RWE.DE,^GDAXI,EUR,Xetra,PRIMARY_DIRECT,Raw Materials & Energy,False,2026-04-15,57.93614959716797,24066.69921875,0.0033967574424227376,0.0009348822697372583,0.0024618751726854793,0.5464208377460096,0.7105874523371469,-0.05079871027636462,2026-02-28,803,ok,0.00016347536019901322,0.49653765832650265,0.09724682453571942,0.0006276796132253172,0.0027690778291974204,0.1019981520837711
CMP037,RWE AG,RWE.DE,^GDAXI,EUR,Xetra,PRIMARY_DIRECT,Raw Materials & Energy,False,2026-04-16,56.9751205444336,24154.470703125,-0.016587727341503267,0.0036470096533478547,-0.02023473699485112,0.5207692305342597,0.7168259812887161,-0.07103344727121574,2026-02-28,803,ok,0.00016347536019901322,0.49653765832650265,0.09724682453571942,0.001974352993366507,-0.018562080334869772,0.08343607174890133
CMP037,RWE AG,RWE.DE,^GDAXI,EUR,Xetra,PRIMARY_DIRECT,Raw Materials & Energy,False,2026-04-17,54.817718505859375,24702.240234375,-0.03786568624969766,0.022677770007153653,-0.060543456256851313,0.4631842599926552,0.7557597660346875,-0.13157690352806706,2026-02-28,803,ok,0.00016347536019901322,0.49653765832650265,0.09724682453571942,0.011423842175618083,-0.04928952842531574,0.03414654332358559
CMP037,RWE AG,RWE.DE,^GDAXI,EUR,Xetra,PRIMARY_DIRECT,Raw Materials & Energy,False,2026-04-20,56.24945068359375,24417.80078125,0.026118054832605653,-0.011514722973553715,0.03763277780615937,0.501399786725349,0.7355426787206867,-0.09394412572190769,2026-02-28,803,ok,0.00016347536019901322,0.49653765832650265,0.09724682453571942,-0.005554018221367731,0.03167207305397338,0.06581861637755898
CMP037,RWE AG,RWE.DE,^GDAXI,EUR,Xetra,PRIMARY_DIRECT,Raw Materials & Energy,False,2026-04-21,57.132022857666016,24270.869140625,0.015690325209338996,-0.006017398615923875,0.02170772382526287,0.524957237648302,0.725099226607876,-0.07223640189664482,2026-02-28,803,ok,0.00016347536019901322,0.49653765832650265,0.09724682453571942,-0.0028243896577689657,0.01851471486710796,0.08433333124466694
CMP037,RWE AG,RWE.DE,^GDAXI,EUR,Xetra,PRIMARY_DIRECT,Raw Materials & Energy,False,2026-04-22,58.9952392578125,24194.900390625,0.03261247032663883,-0.0031300383006409582,0.03574250862727979,0.5746898603105004,0.7196995999561873,-0.03649389326936503,2026-02-28,803,ok,0.00016347536019901322,0.49653765832650265,0.09724682453571942,-0.001390706528073514,0.034003176854712346,0.11833650809937929
CMP037,RWE AG,RWE.DE,^GDAXI,EUR,Xetra,PRIMARY_DIRECT,Raw Materials & Energy,False,2026-04-23,59.42671585083008,24155.44921875,0.007313752744217306,-0.0016305573173711618,0.008944310061588467,0.5862067525976375,0.7168955311897984,-0.027549583207776562,2026-02-28,803,ok,0.00016347536019901322,0.49653765832650265,0.09724682453571942,-0.0006461577519356075,0.007959910496152913,0.1262964185955322
CMP037,RWE AG,RWE.DE,^GDAXI,EUR,Xetra,PRIMARY_DIRECT,Raw Materials & Energy,False,2026-04-24,58.77949523925781,24128.98046875,-0.01089107150388191,-0.0010957672432543308,-0.00979530426062758,0.5689312614351563,0.7150142133066308,-0.03734488746840414,2026-02-28,803,ok,0.00016347536019901322,0.49653765832650265,0.09724682453571942,-0.0003806143408373794,-0.010510457163044532,0.11578596143248766
CMP037,RWE AG,RWE.DE,^GDAXI,EUR,Xetra,PRIMARY_DIRECT,Raw Materials & Energy,False,2026-04-27,59.56401062011719,24083.529296875,0.013346752599117329,-0.0018836756046889391,0.015230428203806268,0.5898713988265523,0.7117836828713304,-0.022114459264597874,2026-02-28,803,ok,0.00016347536019901322,0.49653765832650265,0.09724682453571942,-0.0007718405135999915,0.01411859311271732,0.129904554545205
CMP037,RWE AG,RWE.DE,^GDAXI,EUR,Xetra,PRIMARY_DIRECT,Raw Materials & Energy,False,2026-04-28,60.34851837158203,24018.259765625,0.013170834926953034,-0.0027101314946588184,0.015880966421611853,0.6108113325755806,0.7071445240003378,-0.0062334928429860215,2026-02-28,803,ok,0.00016347536019901322,0.49653765832650265,0.09724682453571942,-0.0011822069859157812,0.014353041912868816,0.14425759645807382
CMP037,RWE AG,RWE.DE,^GDAXI,EUR,Xetra,PRIMARY_DIRECT,Raw Materials & Energy,False,2026-04-29,59.4659423828125,23954.560546875,-0.014624650489930446,-0.002652116321981257,-0.01197253416794919,0.5872537798314437,0.7026169781442555,-0.01820602701093521,2026-02-28,803,ok,0.00016347536019901322,0.49653765832650265,0.09724682453571942,-0.0011534002679270572,-0.013471250222003388,0.13078634623607044
CMP037,RWE AG,RWE.DE,^GDAXI,EUR,Xetra,PRIMARY_DIRECT,Raw Materials & Energy,False,2026-04-30,60.77999877929688,24292.380859375,0.022097630069076057,0.014102546854864784,0.007995083214211274,0.6223283266839017,0.7266282138544231,-0.010210943796723937,2026-02-28,803,ok,0.00016347536019901322,0.49653765832650265,0.09724682453571942,0.007165920951953358,0.014931709117122698,0.14571805535319313
CMP037,RWE AG,RWE.DE,^GDAXI,EUR,Xetra,PRIMARY_DIRECT,Raw Materials & Energy,False,2026-05-04,59.79999923706055,23991.26953125,-0.016123717701852724,-0.012395299162650586,-0.0037284185392021385,0.5961703627247315,0.7052261406010245,-0.013939362335926075,2026-02-28,803,ok,0.00016347536019901322,0.49653765832650265,0.09724682453571942,-0.005991257460279968,-0.010132460241572758,0.13558559511162038
CMP037,RWE AG,RWE.DE,^GDAXI,EUR,Xetra,PRIMARY_DIRECT,Raw Materials & Energy,False,2026-05-05,60.2599983215332,24401.69921875,0.007692292480625529,0.01710746015192699,-0.009415167671301461,0.6084485720037163,0.7343982288513808,-0.023354530007227536,2026-02-28,803,ok,0.00016347536019901322,0.49653765832650265,0.09724682453571942,0.008657973563950795,-0.0009656810833252663,0.13461991402829512
CMP037,RWE AG,RWE.DE,^GDAXI,EUR,Xetra,PRIMARY_DIRECT,Raw Materials & Energy,False,2026-05-06,59.41999816894531,24918.689453125,-0.013939598008381071,0.021186648919012674,-0.035126246927393745,0.5860274454928298,0.7711443152118125,-0.05848077693462128,2026-02-28,803,ok,0.00016347536019901322,0.49653765832650265,0.09724682453571942,0.010683444402231294,-0.024623042410612365,0.10999687161768276
CMP037,RWE AG,RWE.DE,^GDAXI,EUR,Xetra,PRIMARY_DIRECT,Raw Materials & Energy,False,2026-05-07,58.459999084472656,24663.609375,-0.016156161461721164,-0.010236496530238282,-0.005919664931482882,0.5604033300007265,0.7530140025745955,-0.06440044186610416,2026-02-28,803,ok,0.00016347536019901322,0.49653765832650265,0.09724682453571942,-0.004919330656392872,-0.011236830805328292,0.09876004081235447
CMP037,RWE AG,RWE.DE,^GDAXI,EUR,Xetra,PRIMARY_DIRECT,Raw Materials & Energy,False,2026-05-08,58.7400016784668,24338.630859375,0.004789644173438079,-0.013176437831293741,0.01796608200473182,0.5678771067184778,0.729915522552284,-0.04643435986137234,2026-02-28,803,ok,0.00016347536019901322,0.49653765832650265,0.09724682453571942,-0.006379122225636321,0.0111687663990744,0.10992880721142886
CMP037,RWE AG,RWE.DE,^GDAXI,EUR,Xetra,PRIMARY_DIRECT,Raw Materials & Energy,False,2026-05-11,59.560001373291016,24350.279296875,0.013959817354326276,0.0004785987168836048,0.013481218637442671,0.5897643847622973,0.7307434579016945,-0.03295314122392967,2026-02-28,803,ok,0.00016347536019901322,0.49653765832650265,0.09724682453571942,0.00040111764635846717,0.013558699707967808,0.12348750691939667
CMP037,RWE AG,RWE.DE,^GDAXI,EUR,Xetra,PRIMARY_DIRECT,Raw Materials & Energy,False,2026-05-12,58.220001220703125,23954.9296875,-0.022498323063988357,-0.016235937360510544,-0.006262385703477813,0.5539973520382924,0.7026432155320892,-0.039215526927407485,2026-02-28,803,ok,0.00016347536019901322,0.49653765832650265,0.09724682453571942,-0.00789827895752467,-0.014600044106463686,0.10888746281293298
CMP037,RWE AG,RWE.DE,^GDAXI,EUR,Xetra,PRIMARY_DIRECT,Raw Materials & Energy,False,2026-05-13,56.959999084472656,24136.810546875,-0.0216420836450002,0.007592627561328502,-0.0292347112063287,0.5203656113613708,0.7155707513374472,-0.06845023813373619,2026-02-28,803,ok,0.00016347536019901322,0.49653765832650265,0.09724682453571942,0.003933500870046332,-0.02557558451504653,0.08331187829788644
CMP037,RWE AG,RWE.DE,^GDAXI,EUR,Xetra,PRIMARY_DIRECT,Raw Materials & Energy,False,2026-05-14,56.5,24456.259765625,-0.008075826753270676,0.013234939145319702,-0.021310765898590378,0.508087402082386,0.7382762258308886,-0.08976100403232656,2026-02-28,803,ok,0.00016347536019901322,0.49653765832650265,0.09724682453571942,0.006735121051509823,-0.014810947804780499,0.06850093049310595
CMP037,RWE AG,RWE.DE,^GDAXI,EUR,Xetra,PRIMARY_DIRECT,Raw Materials & Energy,False,2026-05-15,55.20000076293945,23950.5703125,-0.023008836054168924,-0.02067730135234258,-0.0023315347018263433,0.47338806629251495,0.7023333644757705,-0.0920925387341529,2026-02-28,803,ok,0.00016347536019901322,0.49653765832650265,0.09724682453571942,-0.0101035834338046,-0.012905252620364325,0.055595677872741625
CMP037,RWE AG,RWE.DE,^GDAXI,EUR,Xetra,PRIMARY_DIRECT,Raw Materials & Energy,False,2026-05-18,56.43999862670898,24307.919921875,0.0224637291056351,0.014920296456928162,0.007543432648706938,0.5064858566811856,0.727732682942269,-0.08454910608544597,2026-02-28,803,ok,0.00016347536019901322,0.49653765832650265,0.09724682453571942,0.007571964424459337,0.014891764681175763,0.0704874425539174
CMP037,RWE AG,RWE.DE,^GDAXI,EUR,Xetra,PRIMARY_DIRECT,Raw Materials & Energy,False,2026-05-19,56.380001068115234,24400.650390625,-0.001063032601941849,0.0038148253346248495,-0.0048778579365666985,0.5048844131011692,0.7343236813526166,-0.08942696402201267,2026-02-28,803,ok,0.00016347536019901322,0.49653765832650265,0.09724682453571942,0.002057679798778253,-0.003120712400720102,0.06736673015319729
CMP037,RWE AG,RWE.DE,^GDAXI,EUR,Xetra,PRIMARY_DIRECT,Raw Materials & Energy,False,2026-05-20,56.619998931884766,24737.240234375,0.004256790692138912,0.013794298035568753,-0.00953750734342984,0.5112903910636031,0.7582474591033395,-0.09896447136544251,2026-02-28,803,ok,0.00016347536019901322,0.49653765832650265,0.09724682453571942,0.007012863805038198,-0.002756073112899286,0.064610657040298
CMP037,RWE AG,RWE.DE,^GDAXI,EUR,Xetra,PRIMARY_DIRECT,Raw Materials & Energy,False,2026-05-21,56.52000045776367,24606.76953125,-0.00176613345121035,-0.005274262686089659,0.003508129234879309,0.508621250549453,0.7489740001368788,-0.0954563421305632,2026-02-28,803,ok,0.00016347536019901322,0.49653765832650265,0.09724682453571942,-0.002455394683350796,0.0006892612321404462,0.06529991827243845
CMP037,RWE AG,RWE.DE,^GDAXI,EUR,Xetra,PRIMARY_DIRECT,Raw Materials & Energy,False,2026-05-22,56.63999938964844,24888.560546875,0.00212312333533049,0.011451767988769568,-0.009328644653439078,0.51182423953067,0.7690028446048365,-0.10478498678400228,2026-02-28,803,ok,0.00016347536019901322,0.49653765832650265,0.09724682453571942,0.005849709421041058,-0.0037265860857105676,0.06157333218672788
CMP037,RWE AG,RWE.DE,^GDAXI,EUR,Xetra,PRIMARY_DIRECT,Raw Materials & Energy,False,2026-05-25,57.34000015258789,25389.099609375,0.012358770665301,0.02011120978882186,-0.00775243912352086,0.5305085285932727,0.8045796319297069,-0.11253742590752314,2026-02-28,803,ok,0.00016347536019901322,0.49653765832650265,0.09724682453571942,0.010149448374853657,0.002209322290447343,0.06378265447717522
CMP037,RWE AG,RWE.DE,^GDAXI,EUR,Xetra,PRIMARY_DIRECT,Raw Materials & Energy,False,2026-05-26,57.02000045776367,25184.890625,-0.005580741087768848,-0.008043175516929124,0.0024624344291602762,0.5219671567625717,0.790065081215821,-0.11007499147836286,2026-02-28,803,ok,0.00016347536019901322,0.49653765832650265,0.09724682453571942,-0.003830264176486032,-0.001750476911282816,0.06203217756589241
CMP037,RWE AG,RWE.DE,^GDAXI,EUR,Xetra,PRIMARY_DIRECT,Raw Materials & Energy,False,2026-05-27,55.18000030517578,25177.80078125,-0.032269381582184176,-0.00028151179433599793,-0.03198786978784818,0.47285421782544823,0.7895611567828298,-0.14206286126621104,2026-02-28,803,ok,0.00016347536019901322,0.49653765832650265,0.09724682453571942,2.3694153048124786e-05,-0.0322930757352323,0.029739101830660107
CMP037,RWE AG,RWE.DE,^GDAXI,EUR,Xetra,PRIMARY_DIRECT,Raw Materials & Energy,False,2026-05-28,54.47999954223633,25092.25,-0.012685769464807262,-0.00339786552420851,-0.009287903940598752,0.45416992876284557,0.7834804686247347,-0.1513507652068098,2026-02-28,803,ok,0.00016347536019901322,0.49653765832650265,0.09724682453571942,-0.0015236928304998348,-0.011162076634307426,0.01857702519635268
CMP037,RWE AG,RWE.DE,^GDAXI,EUR,Xetra,PRIMARY_DIRECT,Raw Materials & Energy,False,2026-05-29,54.560001373291016,25104.69921875,0.0014684624032101912,0.0004961380007770799,0.0009723244024331112,0.4563053226311127,0.7843653210588633,-0.15037844080437668,2026-02-28,803,ok,0.00016347536019901322,0.49653765832650265,0.09724682453571942,0.00040982656131165706,0.001058635841898534,0.019635661038251213
CMP037,RWE AG,RWE.DE,^GDAXI,EUR,Xetra,PRIMARY_DIRECT,Raw Materials & Energy,False,2026-06-01,55.2400016784668,25003.0390625,0.01246334838819596,-0.00404944729128931,0.01651279567948527,0.4744557632266484,0.7771396277428309,-0.1338656451248914,2026-02-28,803,ok,0.00016347536019901322,0.49653765832650265,0.09724682453571942,-0.0018472277153343797,0.01431057610353034,0.033946237141781556
CMP037,RWE AG,RWE.DE,^GDAXI,EUR,Xetra,PRIMARY_DIRECT,Raw Materials & Energy,False,2026-06-02,55.119998931884766,25124.169921875,-0.002172388539749215,0.004844645447787732,-0.007017033987536947,0.4712526724242476,0.7857492391504584,-0.14088267911242836,2026-02-28,803,ok,0.00016347536019901322,0.49653765832650265,0.09724682453571942,0.0025690242662656845,-0.004741412806014899,0.029204824335766655
CMP037,RWE AG,RWE.DE,^GDAXI,EUR,Xetra,PRIMARY_DIRECT,Raw Materials & Energy,False,2026-06-03,57.13999938964844,24795.939453125,0.03664732396420978,-0.013064330872249785,0.04971165483645956,0.5251701457437885,0.7624196202353284,-0.09117102427596879,2026-02-28,803,ok,0.00016347536019901322,0.49653765832650265,0.09724682453571942,-0.00632345689871053,0.042970780862920305,0.07217560519868696
CMP037,RWE AG,RWE.DE,^GDAXI,EUR,Xetra,PRIMARY_DIRECT,Raw Materials & Energy,False,2026-06-04,55.79999923706055,24944.94921875,-0.02345117547954767,0.006009442227695949,-0.02946061770724362,0.48940311301978356,0.7730107791240903,-0.12063164198321241,2026-02-28,803,ok,0.00016347536019901322,0.49653765832650265,0.09724682453571942,0.003147389731787561,-0.02659856521133523,0.04557703998735173
CMP037,RWE AG,RWE.DE,^GDAXI,EUR,Xetra,PRIMARY_DIRECT,Raw Materials & Energy,False,2026-06-05,56.0,24759.05078125,0.0035842431124375462,-0.007452347802747505,0.011036590915185052,0.49474149586926774,0.7597976861400373,-0.10959505106802736,2026-02-28,803,ok,0.00016347536019901322,0.49653765832650265,0.09724682453571942,-0.0035368959668118905,0.007121139079249437,0.05269817906660117
CMP037,RWE AG,RWE.DE,^GDAXI,EUR,Xetra,PRIMARY_DIRECT,Raw Materials & Energy,False,2026-06-08,56.09999847412109,24616.220703125,0.0017856870378765155,-0.005768802664808392,0.007554489702684908,0.49741063638341765,0.749645760558709,-0.10204056136534245,2026-02-28,803,ok,0.00016347536019901322,0.49653765832650265,0.09724682453571942,-0.002700952406332634,0.004486639444209149,0.057184818510810316
CMP037,RWE AG,RWE.DE,^GDAXI,EUR,Xetra,PRIMARY_DIRECT,Raw Materials & Energy,False,2026-06-09,56.040000915527344,24433.060546875,-0.0010694752268384233,-0.007440628618785028,0.006371153391946605,0.4958091928034012,0.73662729623996,-0.09566940797339585,2026-02-28,803,ok,0.00016347536019901322,0.49653765832650265,0.09724682453571942,-0.003531076950649664,0.002461601723811241,0.05964642023462156
CMP037,RWE AG,RWE.DE,^GDAXI,EUR,Xetra,PRIMARY_DIRECT,Raw Materials & Energy,False,2026-06-10,55.59999847412109,24195.310546875,-0.007851578055280584,-0.009730667983402053,0.001879089928121469,0.48406473017029894,0.7197287526093359,-0.09379031804527438,2026-02-28,803,ok,0.00016347536019901322,0.49653765832650265,0.09724682453571942,-0.0046681677342321135,-0.00318341032104847,0.05646300991357309
CMP037,RWE AG,RWE.DE,^GDAXI,EUR,Xetra,PRIMARY_DIRECT,Raw Materials & Energy,False,2026-06-11,57.5,24209.7109375,0.03417269025219971,0.0005951727958648512,0.03357751745633486,0.534779214508623,0.7207522883791555,-0.06021280058893952,2026-02-28,803,ok,0.00016347536019901322,0.49653765832650265,0.09724682453571942,0.00045900106655738396,0.033713689185642326,0.09017669909921541
CMP037,RWE AG,RWE.DE,^GDAXI,EUR,Xetra,PRIMARY_DIRECT,Raw Materials & Energy,False,2026-06-12,57.459999084472656,24635.30078125,-0.000695668096127755,0.01757930298501731,-0.018274971081145064,0.5337115175744893,0.7510019142187345,-0.07848777167008458,2026-02-28,803,ok,0.00016347536019901322,0.49653765832650265,0.09724682453571942,0.008892261299391606,-0.00958792939551936,0.08058876970369605
CMP037,RWE AG,RWE.DE,^GDAXI,EUR,Xetra,PRIMARY_DIRECT,Raw Materials & Energy,False,2026-06-15,56.18000030517578,24894.009765625,-0.022276345278306242,0.01050155574199052,-0.03277790102029676,0.499546030251685,0.7693901584252347,-0.11126567269038135,2026-02-28,803,ok,0.00016347536019901322,0.49653765832650265,0.09724682453571942,0.005377893257112225,-0.027654238535418468,0.05293453116827758
CMP037,RWE AG,RWE.DE,^GDAXI,EUR,Xetra,PRIMARY_DIRECT,Raw Materials & Energy,False,2026-06-16,54.959999084472656,24910.41015625,-0.02171593474681288,0.000658808716611281,-0.022374743463424163,0.4669819865088971,0.7705558480846915,-0.1336404161538055,2026-02-28,803,ok,0.00016347536019901322,0.49653765832650265,0.09724682453571942,0.0004905986976302672,-0.02220653344444315,0.03072799772383443
CMP037,RWE AG,RWE.DE,^GDAXI,EUR,Xetra,PRIMARY_DIRECT,Raw Materials & Energy,False,2026-06-17,54.84000015258789,24934.669921875,-0.0021833867154970044,0.0009738806174941494,-0.003157267332991154,0.46377899752768026,0.772280158107332,-0.13679768348679666,2026-02-28,803,ok,0.00016347536019901322,0.49653765832650265,0.09724682453571942,0.0006470437614991266,-0.002830430476996131,0.027897567246838298
CMP037,RWE AG,RWE.DE,^GDAXI,EUR,Xetra,PRIMARY_DIRECT,Raw Materials & Energy,False,2026-06-18,54.58000183105469,25026.80078125,-0.004741034296312563,0.0036948898727620083,-0.008435924169074571,0.4568391710981794,0.7788285381152198,-0.14523360765587123,2026-02-28,803,ok,0.00016347536019901322,0.49653765832650265,0.09724682453571942,0.0019981273253945704,-0.006739161621707133,0.021158405625131164
CMP037,RWE AG,RWE.DE,^GDAXI,EUR,Xetra,PRIMARY_DIRECT,Raw Materials & Energy,False,2026-06-19,55.09999847412109,24985.8203125,0.009527237552610979,-0.0016374633381307513,0.01116470089074173,0.4707188239571807,0.7759157715992353,-0.1340689067651295,2026-02-28,803,ok,0.00016347536019901322,0.49653765832650265,0.09724682453571942,-0.0006495868513119282,0.010176824403922907,0.03133523002905407
CMP037,RWE AG,RWE.DE,^GDAXI,EUR,Xetra,PRIMARY_DIRECT,Raw Materials & Energy,False,2026-06-22,55.59999847412109,25139.689453125,0.00907441041463608,0.006158258512249937,0.0029161519023861437,0.48406473017029894,0.7868523200167252,-0.13115275486274336,2026-02-28,803,ok,0.00016347536019901322,0.49653765832650265,0.09724682453571942,0.003221282621240849,0.005853127793395231,0.0371883578224493
CMP037,RWE AG,RWE.DE,^GDAXI,EUR,Xetra,PRIMARY_DIRECT,Raw Materials & Energy,False,2026-06-23,55.63999938964844,24893.580078125,0.0007194409464952312,-0.009789674429307893,0.010509115375803124,0.48513242710443283,0.769359617550508,-0.12064363948694024,2026-02-28,803,ok,0.00016347536019901322,0.49653765832650265,0.09724682453571942,-0.004697466656708369,0.0054169076032036,0.042605265425652905
CMP037,RWE AG,RWE.DE,^GDAXI,EUR,Xetra,PRIMARY_DIRECT,Raw Materials & Energy,False,2026-06-24,54.52000045776367,24740.359375,-0.020129384330890843,-0.006155028832499743,-0.0139743554983911,0.455237625696979,0.7584691580894238,-0.13461799498533134,2026-02-28,803,ok,0.00016347536019901322,0.49653765832650265,0.09724682453571942,-0.0028927282432225166,-0.017236656087668327,0.025368609337984578
CMP037,RWE AG,RWE.DE,^GDAXI,EUR,Xetra,PRIMARY_DIRECT,Raw Materials & Energy,False,2026-06-25,55.47999954223633,24994.830078125,0.017608200227664295,0.010285651039577903,0.007322549188086391,0.4808617411890821,0.776556158213392,-0.12729544579724494,2026-02-28,803,ok,0.00016347536019901322,0.49653765832650265,0.09724682453571942,0.005270688441754583,0.012337511785909711,0.03770612112389429
CMP037,RWE AG,RWE.DE,^GDAXI,EUR,Xetra,PRIMARY_DIRECT,Raw Materials & Energy,False,2026-06-26,54.060001373291016,24671.220703125,-0.025594776147470633,-0.012947052409978843,-0.01264772373749179,0.44295941641799397,0.7535549925237326,-0.13994316953473673,2026-02-28,803,ok,0.00016347536019901322,0.49653765832650265,0.09724682453571942,-0.006265223725682384,-0.01932955242178825,0.018376568702106043
CMP037,RWE AG,RWE.DE,^GDAXI,EUR,Xetra,PRIMARY_DIRECT,Raw Materials & Energy,False,2026-06-29,56.0,24626.890625,0.035886026219515754,-0.0017968335924044565,0.03768285981192021,0.4947414958692673,0.7504041460070374,-0.10226030972281652,2026-02-28,803,ok,0.00016347536019901322,0.49653765832650265,0.09724682453571942,-0.0007287201841758932,0.036614746403691646,0.05499131510579769
CMP037,RWE AG,RWE.DE,^GDAXI,EUR,Xetra,PRIMARY_DIRECT,Raw Materials & Energy,False,2026-06-30,56.619998931884766,24995.810546875,0.011071409497942275,0.014980369527466397,-0.003908960029524122,0.5112903910636029,0.7766258469366321,-0.10616926975234064,2026-02-28,803,ok,0.00016347536019901322,0.49653765832650265,0.09724682453571942,0.007601792966232875,0.0034696165317093996,0.05846093163750709
CMP037,RWE AG,RWE.DE,^GDAXI,EUR,Xetra,PRIMARY_DIRECT,Raw Materials & Energy,False,2026-07-01,55.93999862670898,25040.279296875,-0.012009896114513308,0.0017790481295498761,-0.013788944244063184,0.4931399504680667,0.7797865498265346,-0.11995821399640383,2026-02-28,803,ok,0.00016347536019901322,0.49653765832650265,0.09724682453571942,0.0010468397524958533,-0.01305673586700916,0.04540419577049793
CMP037,RWE AG,RWE.DE,^GDAXI,EUR,Xetra,PRIMARY_DIRECT,Raw Materials & Energy,False,2026-07-02,56.86000061035156,25580.880859375,0.016446228212871672,0.021589278461740857,-0.005143050248869185,0.5176964708472205,0.8182108572532008,-0.12510126424527301,2026-02-28,803,ok,0.00016347536019901322,0.49653765832650265,0.09724682453571942,0.010883365132550617,0.005562863080321055,0.05096705885081899
CMP037,RWE AG,RWE.DE,^GDAXI,EUR,Xetra,PRIMARY_DIRECT,Raw Materials & Energy,False,2026-07-03,57.81999969482422,25779.310546875,0.01688355740710068,0.007756952881756485,0.009126604525344195,0.5433205863393236,0.8323146332020119,-0.11597465971992882,2026-02-28,803,ok,0.00016347536019901322,0.49653765832650265,0.09724682453571942,0.004015094579855395,0.012868462827245285,0.06383552167806428
CMP037,RWE AG,RWE.DE,^GDAXI,EUR,Xetra,PRIMARY_DIRECT,Raw Materials & Energy,False,2026-07-06,57.47999954223633,25817.890625,-0.005880320899038782,0.0014965519754630563,-0.007376872874501839,0.5342453660415556,0.8350567872860002,-0.12335153259443066,2026-02-28,803,ok,0.00016347536019901322,0.49653765832650265,0.09724682453571942,0.0009065697736593409,-0.006786890672698123,0.057048631005366154
CMP037,RWE AG,RWE.DE,^GDAXI,EUR,Xetra,PRIMARY_DIRECT,Raw Materials & Energy,False,2026-07-07,56.58000183105469,25465.25,-0.015657580347061772,-0.013658769808968518,-0.001998810538093254,0.5102227959506527,0.8099921690420755,-0.1253503431325239,2026-02-28,803,ok,0.00016347536019901322,0.49653765832650265,0.09724682453571942,-0.006618618216366947,-0.009038962130694826,0.04800966887467133
CMP037,RWE AG,RWE.DE,^GDAXI,EUR,Xetra,PRIMARY_DIRECT,Raw Materials & Energy,False,2026-07-08,56.119998931884766,24897.44921875,-0.008130132277893387,-0.02229708254385876,0.014166950265965372,0.4979444848504839,0.7696346242452063,-0.11118339286655854,2026-02-28,803,ok,0.00016347536019901322,0.49653765832650265,0.09724682453571942,-0.010907865793641355,0.002777733515747968,0.050787402390419296
CMP037,RWE AG,RWE.DE,^GDAXI,EUR,Xetra,PRIMARY_DIRECT,Raw Materials & Energy,False,2026-07-09,56.52000045776367,25118.26953125,0.0071276110743410115,0.008869194211819309,-0.0017415831374782975,0.5086212505494523,0.785329857411597,-0.11292497600403684,2026-02-28,803,ok,0.00016347536019901322,0.49653765832650265,0.09724682453571942,0.004567364285378745,0.0025602467889622666,0.05334764917938156
CMP037,RWE AG,RWE.DE,^GDAXI,EUR,Xetra,PRIMARY_DIRECT,Raw Materials & Energy,False,2026-07-10,56.060001373291016,25067.08984375,-0.008138695696161657,-0.002037548304684278,-0.0061011473914773795,0.49634304127046747,0.7816921615873258,-0.11902612339551422,2026-02-28,803,ok,0.00016347536019901322,0.49653765832650265,0.09724682453571942,-0.0008482441037360534,-0.007290451592425604,0.04605719758695596
CMP037,RWE AG,RWE.DE,^GDAXI,EUR,Xetra,PRIMARY_DIRECT,Raw Materials & Energy,False,2026-07-13,56.400001525878906,25114.25,0.006064933004976236,0.0018813574509033426,0.004183575554072894,0.5054182615682352,0.7850441614107442,-0.11484254784144132,2026-02-28,803,ok,0.00016347536019901322,0.49653765832650265,0.09724682453571942,0.0010976401833456772,0.004967292821630559,0.05102449040858652
CMP037,RWE AG,RWE.DE,^GDAXI,EUR,Xetra,PRIMARY_DIRECT,Raw Materials & Energy,False,2026-07-14,57.43999862670898,25147.029296875,0.0184396644094571,0.001305207078650561,0.01713445733080654,0.5331776691074217,0.7873740136859213,-0.09770809051063478,2026-02-28,803,ok,0.00016347536019901322,0.49653765832650265,0.09724682453571942,0.0008115598266633382,0.017628104582793763,0.06865259499138028
CMP037,RWE AG,RWE.DE,^GDAXI,EUR,Xetra,PRIMARY_DIRECT,Raw Materials & Energy,False,2026-07-15,56.720001220703125,24999.529296875,-0.01253477408112369,-0.005865503963059737,-0.006669270118063952,0.5139596333989365,0.7768901643251764,-0.10437736062869873,2026-02-28,803,ok,0.00016347536019901322,0.49653765832650265,0.09724682453571942,-0.00274896824252349,-0.0097858058386002,0.05886678915278008
CMP037,RWE AG,RWE.DE,^GDAXI,EUR,Xetra,PRIMARY_DIRECT,Raw Materials & Energy,False,2026-07-16,55.59999847412109,24915.490234375,-0.01974616929615347,-0.003361625793110612,-0.01638454350304286,0.4840647301702987,0.7709169245172565,-0.1207619041317416,2026-02-28,803,ok,0.00016347536019901322,0.49653765832650265,0.09724682453571942,-0.0015056984392821024,-0.018240470856871367,0.040626318295908716
CMP037,RWE AG,RWE.DE,^GDAXI,EUR,Xetra,PRIMARY_DIRECT,Raw Materials & Energy,False,2026-07-17,56.0,24830.98046875,0.0071942722456206365,-0.003391856424659223,0.01058612867027986,0.4947414958692673,0.7649102285692948,-0.11017577546146173,2026-02-28,803,ok,0.00016347536019901322,0.49653765832650265,0.09724682453571942,-0.0015207090862809811,0.008714981331901617,0.04934129962781034
CMP037,RWE AG,RWE.DE,^GDAXI,EUR,Xetra,PRIMARY_DIRECT,Raw Materials & Energy,False,2026-07-20,58.02000045776367,24846.689453125,0.03607143674577995,0.000632636491932681,0.03543880025384727,0.5486589691888082,0.766026775184873,-0.07473697520761446,2026-02-28,803,ok,0.00016347536019901322,0.49653765832650265,0.09724682453571942,0.00047760320247516007,0.03559383354330479,0.08493513317111512
CMP037,RWE AG,RWE.DE,^GDAXI,EUR,Xetra,PRIMARY_DIRECT,Raw Materials & Energy,False,2026-07-21,58.20000076293945,25011.349609375,0.003102383725536395,0.006627046092423816,-0.003524662366887421,0.5534635035712254,0.7777303160244777,-0.07826163757450189,2026-02-28,803,ok,0.00016347536019901322,0.49653765832650265,0.09724682453571942,0.0034540533085529344,-0.0003516695830165393,0.08458346358809858
CMP037,RWE AG,RWE.DE,^GDAXI,EUR,Xetra,PRIMARY_DIRECT,Raw Materials & Energy,False,2026-07-22,58.97999954223633,25155.41015625,0.013402040705703167,0.0057598070126132495,0.007642233693089917,0.5742830846809113,0.7879696995652508,-0.07061940388141197,2026-02-28,803,ok,0.00016347536019901322,0.49653765832650265,0.09724682453571942,0.003023436446654565,0.010378604259048602,0.09496206784714718
CMP037,RWE AG,RWE.DE,^GDAXI,EUR,Xetra,PRIMARY_DIRECT,Raw Materials & Energy,False,2026-07-23,58.91999816894531,24763.119140625,-0.0010173172898729765,-0.015594697649067513,0.014577380359194536,0.5726815392797109,0.7600868526948366,-0.05604202352221743,2026-02-28,803,ok,0.00016347536019901322,0.49653765832650265,0.09724682453571942,-0.007579879292778785,0.0065625620029058085,0.10152462985005299
CMP037,RWE AG,RWE.DE,^GDAXI,EUR,Xetra,PRIMARY_DIRECT,Raw Materials & Energy,False,2026-07-24,58.79999923706055,25099.0,-0.002036641812864337,0.013563754124332972,-0.015600395937197309,0.569478550298494,0.7839602380022603,-0.07164241945941474,2026-02-28,803,ok,0.00016347536019901322,0.49653765832650265,0.09724682453571942,0.00689839007121175,-0.008935031884076086,0.0925895979659769
CMP037,RWE AG,RWE.DE,^GDAXI,EUR,Xetra,PRIMARY_DIRECT,Raw Materials & Energy,False,2026-07-27,57.29999923706055,25361.029296875,-0.025510204412631632,0.010439830147615403,-0.035950034560247035,0.5294408316591388,0.8025844798771036,-0.10759245401966178,2026-02-28,803,ok,0.00016347536019901322,0.49653765832650265,0.09724682453571942,0.0053472441750223925,-0.030857448587654025,0.06173214937832288
CMP037,RWE AG,RWE.DE,^GDAXI,EUR,Xetra,PRIMARY_DIRECT,Raw Materials & Energy,False,2026-07-28,55.619998931884766,25464.009765625,-0.02931937744406088,0.004060579227464167,-0.033379956671525046,0.4845985786373661,0.8099040169718419,-0.14097241069118682,2026-02-28,803,ok,0.00016347536019901322,0.49653765832650265,0.09724682453571942,0.00217970586125331,-0.03149908330531419,0.030233066073008692
CMP037,RWE AG,RWE.DE,^GDAXI,EUR,Xetra,PRIMARY_DIRECT,Raw Materials & Energy,False,2026-07-29,55.68000030517578,25460.48046875,0.0010787733628778717,-0.0001385994157041548,0.0012173727785820265,0.4862001240385665,0.8096531653326089,-0.1397550379126048,2026-02-28,803,ok,0.00016347536019901322,0.49653765832650265,0.09724682453571942,9.465553087985071e-05,0.000984117831998021,0.031217183905006714
CMP037,RWE AG,RWE.DE,^GDAXI,EUR,Xetra,PRIMARY_DIRECT,Raw Materials & Energy,False,2026-07-30,56.2599983215332,25612.029296875,0.010416630983809627,0.005952316112455502,0.004464314871354125,0.5016813222987684,0.8204247930265742,-0.13529072304125067,2026-02-28,803,ok,0.00016347536019901322,0.49653765832650265,0.09724682453571942,0.00311902446429678,0.0072976065195128476,0.038514790424519565
CMP037,RWE AG,RWE.DE,^GDAXI,EUR,Xetra,PRIMARY_DIRECT,Raw Materials & Energy,False,2026-07-31,57.18000030517578,25629.240234375,0.016352684164415487,0.0006719864834021649,0.015680697681013323,0.526237842677922,0.8216480938815383,-0.11961002536023735,2026-02-28,803,ok,0.00016347536019901322,0.49653765832650265,0.09724682453571942,0.0004971419550945854,0.0158555422093209,0.05437033263384047
CMP037,RWE AG,RWE.DE,^GDAXI,EUR,Xetra,PRIMARY_DIRECT,Raw Materials & Energy,False,2026-08-03,57.040000915527344,26001.310546875,-0.002448397847171102,0.014517414839358533,-0.016965812686529635,0.5225010052296382,0.8480937149517433,-0.13657583804676698,2026-02-28,803,ok,0.00016347536019901322,0.49653765832650265,0.09724682453571942,0.007371918529488521,-0.009820316376659623,0.044550016257180844
CMP037,RWE AG,RWE.DE,^GDAXI,EUR,Xetra,PRIMARY_DIRECT,Raw Materials & Energy,False,2026-08-04,56.59999847412109,26202.349609375,-0.00771392767082657,0.007731881904089688,-0.015445809574916258,0.5107565425965359,0.8623829573034407,-0.15202164762168324,2026-02-28,803,ok,0.00016347536019901322,0.49653765832650265,0.09724682453571942,0.0040026458953127675,-0.011716573566139338,0.032833442691041506
CMP037,RWE AG,RWE.DE,^GDAXI,EUR,Xetra,PRIMARY_DIRECT,Raw Materials & Energy,False,2026-08-05,55.27999877929688,26126.30078125,-0.023321550007245007,-0.002902366744156004,-0.020419183263089002,0.47552335833959813,0.8569776389432804,-0.17244083088477224,2026-02-28,803,ok,0.00016347536019901322,0.49653765832650265,0.09724682453571942,-0.0012776590265489247,-0.022043890980696083,0.010789551710345423
CMP037,RWE AG,RWE.DE,^GDAXI,EUR,Xetra,PRIMARY_DIRECT,Raw Materials & Energy,False,2026-08-06,56.47999954223633,26140.130859375,0.02170768432413328,0.0005293546239399927,0.021178329700193288,0.5075535536153191,0.8579606386430081,-0.15126250118457896,2026-02-28,803,ok,0.00016347536019901322,0.49653765832650265,0.09724682453571942,0.00042631986559448355,0.021281364458538798,0.03207091616888422
CMP037,RWE AG,RWE.DE,^GDAXI,EUR,Xetra,PRIMARY_DIRECT,Raw Materials & Energy,False,2026-08-07,56.220001220703125,26319.44921875,-0.0046033697528410356,0.006859887593511749,-0.011463257346352784,0.5006137271858182,0.8707060397772683,-0.16272575853093174,2026-02-28,803,ok,0.00016347536019901322,0.49653765832650265,0.09724682453571942,0.0035696678822643643,-0.0081730376351054,0.023897878533778817
CMP037,RWE AG,RWE.DE,^GDAXI,EUR,Xetra,PRIMARY_DIRECT,Raw Materials & Energy,False,2026-08-10,56.5,26323.880859375,0.004980412188140715,0.00016837892723997605,0.004812033260900739,0.5080874020823858,0.8710210272534273,-0.157913725270031,2026-02-28,803,ok,0.00016347536019901322,0.49653765832650265,0.09724682453571942,0.0002470818384422795,0.004733330349698435,0.02863120888347725
CMP037,RWE AG,RWE.DE,^GDAXI,EUR,Xetra,PRIMARY_DIRECT,Raw Materials & Energy,False,2026-08-11,57.52000045776367,26391.419921875,0.01805310544714467,0.0025656954937913756,0.015487409953353293,0.5353130629756895,0.8758214974718403,-0.1424263153166777,2026-02-28,803,ok,0.00016347536019901322,0.49653765832650265,0.09724682453571942,0.0014374397926650428,0.016615665654479625,0.04524687453795688
CMP037,RWE AG,RWE.DE,^GDAXI,EUR,Xetra,PRIMARY_DIRECT,Raw Materials & Energy,False,2026-08-12,57.619998931884766,26331.0703125,0.0017384991885478485,-0.0022867132406535484,0.004025212429201397,0.5379822034898396,0.871532031616469,-0.1384011028874763,2026-02-28,803,ok,0.00016347536019901322,0.49653765832650265,0.09724682453571942,-0.0009719638775793081,0.0027104630661271565,0.047957337604084035
CMP037,RWE AG,RWE.DE,^GDAXI,EUR,Xetra,PRIMARY_DIRECT,Raw Materials & Energy,False,2026-08-13,59.13999938964844,26299.740234375,0.026379737694208094,-0.0011898520551262282,0.027569589749334322,0.5785537705962618,0.8693051853824156,-0.11083151313814199,2026-02-28,803,ok,0.00016347536019901322,0.49653765832650265,0.09724682453571942,-0.0004273309930083408,0.026807068687216436,0.07476440629130048
CMP037,RWE AG,RWE.DE,^GDAXI,EUR,Xetra,PRIMARY_DIRECT,Raw Materials & Energy,False,2026-08-14,58.900001525878906,26440.310546875,-0.004058130981508534,0.005344931594277513,-0.009403062575786048,0.5721477926338281,0.8792964937271128,-0.12023457571392804,2026-02-28,803,ok,0.00016347536019901322,0.49653765832650265,0.09724682453571942,0.00281743517793691,-0.006875566159445444,0.06788884013185503
CMP037,RWE AG,RWE.DE,^GDAXI,EUR,Xetra,PRIMARY_DIRECT,Raw Materials & Energy,False,2026-08-17,59.08000183105469,26338.609375,0.003056032266768094,-0.0038464439248812043,0.006902476191649298,0.5769523270162453,0.8720678851457657,-0.11333209952227874,2026-02-28,803,ok,0.00016347536019901322,0.49653765832650265,0.09724682453571942,-0.001746428899145702,0.004802461165913796,0.07269130129776882
CMP037,RWE AG,RWE.DE,^GDAXI,EUR,Xetra,PRIMARY_DIRECT,Raw Materials & Energy,False,2026-08-18,58.09999847412109,26128.359375,-0.016587734031153545,-0.007982577857719608,-0.008605156173433937,0.5507942612358911,0.8571239574976532,-0.12193725569571268,2026-02-28,803,ok,0.00016347536019901322,0.49653765832650265,0.09724682453571942,-0.003800175156682071,-0.012787558874471474,0.05990374242329735
CMP037,RWE AG,RWE.DE,^GDAXI,EUR,Xetra,PRIMARY_DIRECT,Raw Materials & Energy,False,2026-08-19,57.09999847412109,26091.330078125,-0.017211704410722506,-0.0014172071175058143,-0.01579449729321669,0.5241024488096542,0.854492028206997,-0.13773175298892937,2026-02-28,803,ok,0.00016347536019901322,0.49653765832650265,0.09724682453571942,-0.0005402213432909765,-0.01667148306743153,0.04323225935586582
CMP037,RWE AG,RWE.DE,^GDAXI,EUR,Xetra,PRIMARY_DIRECT,Raw Materials & Energy,False,2026-08-20,57.34000015258789,25983.0390625,0.004203181871810013,-0.004150459761949499,0.008353641633759512,0.5305085285932722,0.8467950336650678,-0.12937811135516986,2026-02-28,803,ok,0.00016347536019901322,0.49653765832650265,0.09724682453571942,-0.0018973842109777646,0.006100566082787778,0.049332825438653596
CMP037,RWE AG,RWE.DE,^GDAXI,EUR,Xetra,PRIMARY_DIRECT,Raw Materials & Energy,False,2026-08-21,57.31999969482422,26136.560546875,-0.0003488046339457096,0.005908526866534647,-0.0062573315004803565,0.5299746801262055,0.8577068717384606,-0.1356354428556502,2026-02-28,803,ok,0.00016347536019901322,0.49653765832650265,0.09724682453571942,0.003097281454667355,-0.0034460860886130645,0.045886739350040534
CMP037,RWE AG,RWE.DE,^GDAXI,EUR,Xetra,PRIMARY_DIRECT,Raw Materials & Energy,False,2026-08-24,57.220001220703125,26106.599609375,-0.0017445651544573115,-0.001146322885379858,-0.0005982422690774536,0.5273055396120554,0.8555773398370594,-0.13623368512472767,2026-02-28,803,ok,0.00016347536019901322,0.49653765832650265,0.09724682453571942,-0.00040571712099358136,-0.0013388480334637302,0.044547891316576806
CMP037,RWE AG,RWE.DE,^GDAXI,EUR,Xetra,PRIMARY_DIRECT,Raw Materials & Energy,False,2026-08-25,58.13999938964844,26266.140625,0.016078261959429074,0.0061111373373845534,0.009967124622044521,0.5518619581700253,0.8669170278009424,-0.12626656050268315,2026-02-28,803,ok,0.00016347536019901322,0.49653765832650265,0.09724682453571942,0.0031978851834155975,0.012880376776013476,0.05742826809259028
CMP037,RWE AG,RWE.DE,^GDAXI,EUR,Xetra,PRIMARY_DIRECT,Raw Materials & Energy,False,2026-08-26,57.5,26285.9609375,-0.011007901554302202,0.0007545955373868818,-0.011762497091689084,0.534779214508623,0.8683257950587926,-0.13802905759437223,2026-02-28,803,ok,0.00016347536019901322,0.49653765832650265,0.09724682453571942,0.0005381604613167244,-0.011546062015618926,0.045882206076971355
CMP037,RWE AG,RWE.DE,^GDAXI,EUR,Xetra,PRIMARY_DIRECT,Raw Materials & Energy,False,2026-08-27,57.7599983215332,26367.240234375,0.0045217099397079075,0.003092118148857459,0.0014295917908504485,0.5417190409381236,0.8741028791576724,-0.13659946580352178,2026-02-28,803,ok,0.00016347536019901322,0.49653765832650265,0.09724682453571942,0.001698828465101576,0.0028228814746063314,0.04870508755157769
CMP037,RWE AG,RWE.DE,^GDAXI,EUR,Xetra,PRIMARY_DIRECT,Raw Materials & Energy,False,2026-08-28,59.09999847412109,26569.990234375,0.023199449299296848,0.0076894661025492805,0.015509983196747568,0.5774860736621281,0.8885137297196453,-0.12108948260677421,2026-02-28,803,ok,0.00016347536019901322,0.49653765832650265,0.09724682453571942,0.003981584852539852,0.019217864446756997,0.06792295199833469
CMP037,RWE AG,RWE.DE,^GDAXI,EUR,Xetra,PRIMARY_DIRECT,Raw Materials & Energy,False,2026-08-31,58.63999938964844,26258.109375,-0.0077834026455021466,-0.011738087090882865,0.003954684445380718,0.5652078643831435,0.866346191087868,-0.1171347981613935,2026-02-28,803,ok,0.00016347536019901322,0.49653765832650265,0.09724682453571942,-0.0056649269171405135,-0.002118475728361633,0.06580447626997306
CMP037,RWE AG,RWE.DE,^GDAXI,EUR,Xetra,PRIMARY_DIRECT,Raw Materials & Energy,False,2026-09-01,58.58000183105469,25970.109375,-0.0010231507370094262,-0.010968040230428855,0.009944889493419429,0.5636064208031271,0.8458760309801086,-0.10718990866797407,2026-02-28,803,ok,0.00016347536019901322,0.49653765832650265,0.09724682453571942,-0.005282569652249005,0.004259418915239579,0.07006389518521264
CMP037,RWE AG,RWE.DE,^GDAXI,EUR,Xetra,PRIMARY_DIRECT,Raw Materials & Energy,False,2026-09-02,58.09999847412109,25839.330078125,-0.008193979889552283,-0.005035762267558752,-0.003158217621993531,0.5507942612358914,0.8365806381127079,-0.1103481262899676,2026-02-28,803,ok,0.00016347536019901322,0.49653765832650265,0.09724682453571942,-0.0023369702440235686,-0.0058570096455287145,0.06420688553968393
