company_id,company_name,market_data_ticker,benchmark_ticker,trade_currency,primary_listing_exchange,analysis_tier,role_category,is_confirmatory,Date,company_price,benchmark_price,company_return,benchmark_return,abnormal_return,company_cumulative_return,benchmark_cumulative_return,cumulative_abnormal_return,ols_event_date,ols_estimation_window_observations,ols_status,ols_alpha,ols_beta,ols_r_squared,market_model_expected_return,market_model_abnormal_return,market_model_cumulative_abnormal_return
CMP032,NVIDIA Corporation,NVDA,^GSPC,USD,Nasdaq,SECONDARY_INDIRECT,Technology & Component Supplier,False,2023-01-03,14.26729965209961,3824.139892578125,0.0,0.0,0.0,0.0,0.0,0.0,2026-02-28,791,ok,0.0019792778556959826,2.1470056939271682,0.41610866229477883,0.0019792778556959826,-0.0019792778556959826,-0.0019792778556959826
CMP032,NVIDIA Corporation,NVDA,^GSPC,USD,Nasdaq,SECONDARY_INDIRECT,Technology & Component Supplier,False,2023-01-04,14.69985008239746,3852.969970703125,0.030317610258798755,0.007538970575044379,0.022778639683754376,0.030317610258798755,0.007538970575044379,0.022778639683754376,2026-02-28,791,ok,0.0019792778556959826,2.1470056939271682,0.41610866229477883,0.01816549060666564,0.012152119652133114,0.010172841796437132
CMP032,NVIDIA Corporation,NVDA,^GSPC,USD,Nasdaq,SECONDARY_INDIRECT,Technology & Component Supplier,False,2023-01-05,14.2174654006958,3808.10009765625,-0.0328156191388167,-0.011645528874622113,-0.021170090264194585,-0.0034929000314697367,-0.004194353599094369,0.0016085494195597905,2026-02-28,791,ok,0.0019792778556959826,2.1470056939271682,0.41610866229477883,-0.02302373894691094,-0.009791880191905758,0.0003809616045313737
CMP032,NVIDIA Corporation,NVDA,^GSPC,USD,Nasdaq,SECONDARY_INDIRECT,Technology & Component Supplier,False,2023-01-06,14.80948543548584,3895.080078125,0.04164033589004301,0.02284078102943865,0.01879955486060436,0.03800199032803264,0.01855062511822725,0.020408104280164152,2026-02-28,791,ok,0.0019792778556959826,2.1470056939271682,0.41610866229477883,0.05101856477964441,-0.009378228889601395,-0.008997267285070021
CMP032,NVIDIA Corporation,NVDA,^GSPC,USD,Nasdaq,SECONDARY_INDIRECT,Technology & Component Supplier,False,2023-01-09,15.575923919677734,3892.090087890625,0.05175321502767338,-0.0007676325452631305,0.05252084757293651,0.09172193053263222,0.017768752509388364,0.07292895185310067,2026-02-28,791,ok,0.0019792778556959826,2.1470056939271682,0.41610866229477883,0.0003311664101722366,0.051422048617501145,0.042424781332431126
CMP032,NVIDIA Corporation,NVDA,^GSPC,USD,Nasdaq,SECONDARY_INDIRECT,Technology & Component Supplier,False,2023-01-10,15.855986595153809,3919.25,0.017980485582769212,0.006978233159061986,0.011002252423707226,0.1113516209649672,0.02487098016640643,0.08393120427680789,2026-02-28,791,ok,0.0019792778556959826,2.1470056939271682,0.41610866229477883,0.016961584181753437,0.0010189014010157753,0.0434436827334469
CMP032,NVIDIA Corporation,NVDA,^GSPC,USD,Nasdaq,SECONDARY_INDIRECT,Technology & Component Supplier,False,2023-01-11,15.947678565979004,3969.610107421875,0.00578279820526717,0.012849424614881588,-0.007066626409614418,0.11777834312410418,0.03803998256603447,0.07686457786719347,2026-02-28,791,ok,0.0019792778556959826,2.1470056939271682,0.41610866229477883,0.029567065667534663,-0.023784267462267493,0.019659415271179405
CMP032,NVIDIA Corporation,NVDA,^GSPC,USD,Nasdaq,SECONDARY_INDIRECT,Technology & Component Supplier,False,2023-01-12,16.455982208251953,3983.169921875,0.03187320588197129,0.0034159058663651987,0.02845730001560609,0.15340552238490757,0.04158582943200351,0.10532187788279956,2026-02-28,791,ok,0.0019792778556959826,2.1470056939271682,0.41610866229477883,0.00931324720070128,0.02255995868127001,0.042219373952449415
CMP032,NVIDIA Corporation,NVDA,^GSPC,USD,Nasdaq,SECONDARY_INDIRECT,Technology & Component Supplier,False,2023-01-13,16.842687606811523,3999.090087890625,0.02349938117736028,0.003996858363534361,0.019502522813825918,0.1805098384075028,0.045748900465707676,0.12482440069662548,2026-02-28,791,ok,0.0019792778556959826,2.1470056939271682,0.41610866229477883,0.01056055552002468,0.012938825657335598,0.05515819960978501
CMP032,NVIDIA Corporation,NVDA,^GSPC,USD,Nasdaq,SECONDARY_INDIRECT,Technology & Component Supplier,False,2023-01-17,17.64301300048828,3990.969970703125,0.047517677247251866,-0.0020304911890052235,0.04954816843625709,0.23660492389615606,0.04362551653740021,0.17437256913288257,2026-02-28,791,ok,0.0019792778556959826,2.1470056939271682,0.41610866229477883,-0.002380198288567178,0.04989787553581904,0.10505607514560406
CMP032,NVIDIA Corporation,NVDA,^GSPC,USD,Nasdaq,SECONDARY_INDIRECT,Technology & Component Supplier,False,2023-01-18,17.319093704223633,3928.860107421875,-0.018359635979165456,-0.015562598500411085,-0.0027970374787543717,0.2139013076433791,0.02738399163874461,0.1715755316541282,2026-02-28,791,ok,0.0019792778556959826,2.1470056939271682,0.41610866229477883,-0.03143370973698903,0.013074073757823573,0.11813014890342763
CMP032,NVIDIA Corporation,NVDA,^GSPC,USD,Nasdaq,SECONDARY_INDIRECT,Technology & Component Supplier,False,2023-01-19,16.709129333496094,3898.85009765625,-0.03521918531907853,-0.007638350296294338,-0.02758083502278419,0.1711486925304151,0.01953647282180282,0.143994696631344,2026-02-28,791,ok,0.0019792778556959826,2.1470056939271682,0.41610866229477883,-0.014420303722658236,-0.020798881596420293,0.09733126730700734
CMP032,NVIDIA Corporation,NVDA,^GSPC,USD,Nasdaq,SECONDARY_INDIRECT,Technology & Component Supplier,False,2023-01-20,17.779558181762695,3972.610107421875,0.06406251498219939,0.018918401045981525,0.04514411393621787,0.24617542319202812,0.038824472695651036,0.18913881056756188,2026-02-28,791,ok,0.0019792778556959826,2.1470056939271682,0.41610866229477883,0.04259719262141601,0.021465322360783384,0.11879658966779072
CMP032,NVIDIA Corporation,NVDA,^GSPC,USD,Nasdaq,SECONDARY_INDIRECT,Technology & Component Supplier,False,2023-01-23,19.129045486450195,4019.81005859375,0.07590105957029514,0.01188134498366522,0.06401971458662992,0.34076145822276405,0.05116710463322227,0.2531585251541918,2026-02-28,791,ok,0.0019792778556959826,2.1470056939271682,0.41610866229477883,0.027488593187138206,0.04841246638315693,0.16720905605094766
CMP032,NVIDIA Corporation,NVDA,^GSPC,USD,Nasdaq,SECONDARY_INDIRECT,Technology & Component Supplier,False,2023-01-24,19.2007999420166,4016.949951171875,0.00375107349800774,-0.0007115031258156934,0.004462576623823433,0.3457907529958537,0.05041919595252109,0.2576211017780152,2026-02-28,791,ok,0.0019792778556959826,2.1470056939271682,0.41610866229477883,0.00045167659332271044,0.0032993969046850296,0.1705084529556327
CMP032,NVIDIA Corporation,NVDA,^GSPC,USD,Nasdaq,SECONDARY_INDIRECT,Technology & Component Supplier,False,2023-01-25,19.25861167907715,4016.219970703125,0.003010902526724424,-0.0001817250594663422,0.003192627586190766,0.34984279777449134,0.05022830846167192,0.260813729364206,2026-02-28,791,ok,0.0019792778556959826,2.1470056939271682,0.41610866229477883,0.0015891131182924926,0.0014217894084319312,0.17193024236406462
CMP032,NVIDIA Corporation,NVDA,^GSPC,USD,Nasdaq,SECONDARY_INDIRECT,Technology & Component Supplier,False,2023-01-26,19.73601531982422,4060.429931640625,0.02478909947936314,0.011007853469181317,0.013781246010181825,0.3833041851700252,0.06178906779040427,0.2745949753743878,2026-02-28,791,ok,0.0019792778556959826,2.1470056939271682,0.41610866229477883,0.025613201931944204,-0.0008241024525810631,0.17110613991148355
CMP032,NVIDIA Corporation,NVDA,^GSPC,USD,Nasdaq,SECONDARY_INDIRECT,Technology & Component Supplier,False,2023-01-27,20.29713249206543,4070.56005859375,0.02843112771997025,0.002494840970949097,0.025936286749021153,0.4226330831341636,0.06443806265923357,0.30053126212340897,2026-02-28,791,ok,0.0019792778556959826,2.1470056939271682,0.41610866229477883,0.007335715625766479,0.02109541209420377,0.1922015520056873
CMP032,NVIDIA Corporation,NVDA,^GSPC,USD,Nasdaq,SECONDARY_INDIRECT,Technology & Component Supplier,False,2023-01-30,19.098146438598636,4017.77001953125,-0.05907169665150991,-0.012968740984683369,-0.04610295566682654,0.33859573320086,0.050633641130367835,0.25442830645658243,2026-02-28,791,ok,0.0019792778556959826,2.1470056939271682,0.41610866229477883,-0.025864682881485843,-0.033207013770024066,0.15899453823566323
CMP032,NVIDIA Corporation,NVDA,^GSPC,USD,Nasdaq,SECONDARY_INDIRECT,Technology & Component Supplier,False,2023-01-31,19.47189712524414,4076.60009765625,0.01956999794965064,0.014642470285510134,0.0049275276641405075,0.3647920489550118,0.06601751300157654,0.25935583412072294,2026-02-28,791,ok,0.0019792778556959826,2.1470056939271682,0.41610866229477883,0.033416744931845606,-0.013846746982194964,0.14514779125346827
CMP032,NVIDIA Corporation,NVDA,^GSPC,USD,Nasdaq,SECONDARY_INDIRECT,Technology & Component Supplier,False,2023-02-01,20.87321281433105,4119.2099609375,0.07196605857526794,0.010452303944590291,0.06151375463067765,0.4630107534931682,0.07715985205772524,0.3208695887514006,2026-02-28,791,ok,0.0019792778556959826,2.1470056939271682,0.41610866229477883,0.02442043393938874,0.047545624635879205,0.19269341588934746
CMP032,NVIDIA Corporation,NVDA,^GSPC,USD,Nasdaq,SECONDARY_INDIRECT,Technology & Component Supplier,False,2023-02-02,21.63665771484375,4179.759765625,0.03657534215281588,0.014699373244309921,0.02187596890850596,0.5165208723754298,0.09299342676690747,0.34274555765990655,2026-02-28,791,ok,0.0019792778556959826,2.1470056939271682,0.41610866229477883,0.03353891590839005,0.0030364262444258286,0.19572984213377329
CMP032,NVIDIA Corporation,NVDA,^GSPC,USD,Nasdaq,SECONDARY_INDIRECT,Technology & Component Supplier,False,2023-02-03,21.02968978881836,4136.47998046875,-0.028052758148916057,-0.010354610691310495,-0.017698147457605562,0.47397827911489854,0.0816759053445748,0.325047410202301,2026-02-28,791,ok,0.0019792778556959826,2.1470056939271682,0.41610866229477883,-0.020252130256946783,-0.007800627891969274,0.187929214241804
CMP032,NVIDIA Corporation,NVDA,^GSPC,USD,Nasdaq,SECONDARY_INDIRECT,Technology & Component Supplier,False,2023-02-06,21.01872444152832,4111.080078125,-0.0005214222083232967,-0.006140463017754394,0.005619040809431097,0.47320971410558177,0.07503391445061047,0.3306664510117321,2026-02-28,791,ok,0.0019792778556959826,2.1470056939271682,0.41610866229477883,-0.011204331206771903,0.010682908998448606,0.19861212324025262
CMP032,NVIDIA Corporation,NVDA,^GSPC,USD,Nasdaq,SECONDARY_INDIRECT,Technology & Component Supplier,False,2023-02-07,22.0991153717041,4164.0,0.05140135564274151,0.01287251059802652,0.03852884504471499,0.5489346905566643,0.08887229990761392,0.3691952960564471,2026-02-28,791,ok,0.0019792778556959826,2.1470056939271682,0.41610866229477883,0.029616631404796742,0.021784724237944766,0.22039684747819738
CMP032,NVIDIA Corporation,NVDA,^GSPC,USD,Nasdaq,SECONDARY_INDIRECT,Technology & Component Supplier,False,2023-02-08,22.13100814819336,4117.85986328125,0.0014431698261594406,-0.011080724476164705,0.012523894302324146,0.5511700663647674,0.07680680596260991,0.3817191903587712,2026-02-28,791,ok,0.0019792778556959826,2.1470056939271682,0.41610866229477883,-0.021811100687467777,0.023254270513627218,0.2436511179918246
CMP032,NVIDIA Corporation,NVDA,^GSPC,USD,Nasdaq,SECONDARY_INDIRECT,Technology & Component Supplier,False,2023-02-09,22.2625675201416,4081.5,0.00594457202614973,-0.00882979617773516,0.014774368203884891,0.5603911085490803,0.06729882134316201,0.3964935585626561,2026-02-28,791,ok,0.0019792778556959826,2.1470056939271682,0.41610866229477883,-0.016978344814117752,0.022922916840267482,0.2665740348320921
CMP032,NVIDIA Corporation,NVDA,^GSPC,USD,Nasdaq,SECONDARY_INDIRECT,Technology & Component Supplier,False,2023-02-10,21.19413948059082,4090.4599609375,-0.0479921302241596,0.0021952617756952897,-0.05018739199985489,0.485504615266972,0.0696418216489012,0.3463061665628012,2026-02-28,791,ok,0.0019792778556959826,2.1470056939271682,0.41610866229477883,0.006692517387774435,-0.054684647611934034,0.21188938722015804
CMP032,NVIDIA Corporation,NVDA,^GSPC,USD,Nasdaq,SECONDARY_INDIRECT,Technology & Component Supplier,False,2023-02-13,21.71539688110352,4137.2900390625,0.02459441210104596,0.011448609342766147,0.013145802758279812,0.5220397279528537,0.08188773300164431,0.35945196932108103,2026-02-28,791,ok,0.0019792778556959826,2.1470056939271682,0.41610866229477883,0.026559507302162673,-0.0019650952011167136,0.20992429201904134
CMP032,NVIDIA Corporation,NVDA,^GSPC,USD,Nasdaq,SECONDARY_INDIRECT,Technology & Component Supplier,False,2023-02-14,22.89445304870605,4136.1298828125,0.05429586086121829,-0.0002804145319874607,0.05457627539320575,0.6046801852470285,0.08158435595933167,0.4140282447142868,2026-02-28,791,ok,0.0019792778556959826,2.1470056939271682,0.41610866229477883,0.0013772262588589825,0.05291863460235931,0.26284292662140063
CMP032,NVIDIA Corporation,NVDA,^GSPC,USD,Nasdaq,SECONDARY_INDIRECT,Technology & Component Supplier,False,2023-02-15,22.68814468383789,4147.60009765625,-0.009011281659765169,0.002773175690496066,-0.011784457350261235,0.5902199601239233,0.08458377940249884,0.40224378736402555,2026-02-28,791,ok,0.0019792778556959826,2.1470056939271682,0.41610866229477883,0.007933301853451442,-0.01694458351321661,0.245898343108184
CMP032,NVIDIA Corporation,NVDA,^GSPC,USD,Nasdaq,SECONDARY_INDIRECT,Technology & Component Supplier,False,2023-02-16,21.92868423461914,4090.409912109375,-0.033473889549010094,-0.013788741489130674,-0.01968514805987942,0.5369891128201039,0.06962873404501346,0.38255863930414613,2026-02-28,791,ok,0.0019792778556959826,2.1470056939271682,0.41610866229477883,-0.027625228633557354,-0.00584866091545274,0.24004968219273126
CMP032,NVIDIA Corporation,NVDA,^GSPC,USD,Nasdaq,SECONDARY_INDIRECT,Technology & Component Supplier,False,2023-02-17,21.316728591918945,4079.090087890625,-0.02790662842114766,-0.002767405825327751,-0.02513922259581991,0.49409692876128375,0.06666863725547945,0.3574194167083262,2026-02-28,791,ok,0.0019792778556959826,2.1470056939271682,0.41610866229477883,-0.0039623582086899135,-0.02394427021245775,0.2161054119802735
CMP032,NVIDIA Corporation,NVDA,^GSPC,USD,Nasdaq,SECONDARY_INDIRECT,Technology & Component Supplier,False,2023-02-21,20.586170196533203,3997.340087890625,-0.03427159998944174,-0.020041234255327334,-0.014230365734114403,0.44289183647332364,0.04529128122343162,0.3431890509742118,2026-02-28,791,ok,0.0019792778556959826,2.1470056939271682,0.41610866229477883,-0.04104936620382001,0.006777766214378277,0.22288317819465178
CMP032,NVIDIA Corporation,NVDA,^GSPC,USD,Nasdaq,SECONDARY_INDIRECT,Technology & Component Supplier,False,2023-02-22,20.684844970703125,3991.050048828125,0.004793255531645224,-0.0015735561458868341,0.006366811677532058,0.4498079857500652,0.04364645670362055,0.3495558626517439,2026-02-28,791,ok,0.0019792778556959826,2.1470056939271682,0.41610866229477883,-0.00139915614923714,0.0061924116808823645,0.22907558987553414
CMP032,NVIDIA Corporation,NVDA,^GSPC,USD,Nasdaq,SECONDARY_INDIRECT,Technology & Component Supplier,False,2023-02-23,23.585145950317383,4012.320068359375,0.14021381275625155,0.005329429416074394,0.13488438334017716,0.6530910911965431,0.04920849682995865,0.48444024599192104,2026-02-28,791,ok,0.0019792778556959826,2.1470056939271682,0.41610866229477883,0.01342159315739065,0.12679221959886092,0.35586780947439506
CMP032,NVIDIA Corporation,NVDA,^GSPC,USD,Nasdaq,SECONDARY_INDIRECT,Technology & Component Supplier,False,2023-02-24,23.208404541015625,3970.0400390625,-0.01597367300992636,-0.010537551485558128,-0.0054361215243682315,0.6266851546501471,0.038152408275528016,0.4790041244675528,2026-02-28,791,ok,0.0019792778556959826,2.1470056939271682,0.41610866229477883,-0.020644905183848004,0.004671232173921645,0.3605390416483167
CMP032,NVIDIA Corporation,NVDA,^GSPC,USD,Nasdaq,SECONDARY_INDIRECT,Technology & Component Supplier,False,2023-02-27,23.422685623168945,3982.239990234375,0.009232908784170268,0.0030730045671669703,0.006159904217003298,0.6417041903035958,0.0413426553675742,0.4851640286845561,2026-02-28,791,ok,0.0019792778556959826,2.1470056939271682,0.41610866229477883,0.008577036158867662,0.0006558726253026066,0.36119491427361927
CMP032,NVIDIA Corporation,NVDA,^GSPC,USD,Nasdaq,SECONDARY_INDIRECT,Technology & Component Supplier,False,2023-02-28,23.138641357421875,3970.14990234375,-0.012126887168997569,-0.0030360018281855305,-0.009090885340812038,0.6217954288229135,0.03818113716211058,0.47607314334374407,2026-02-28,791,ok,0.0019792778556959826,2.1470056939271682,0.41610866229477883,-0.004539035356191644,-0.007587851812805925,0.35360706246081336
CMP032,NVIDIA Corporation,NVDA,^GSPC,USD,Nasdaq,SECONDARY_INDIRECT,Technology & Component Supplier,False,2023-03-01,22.62236785888672,3951.389892578125,-0.0223121786003031,-0.004725264845680033,-0.017586913754623068,0.5856096395618615,0.0332754563312303,0.458486229589121,2026-02-28,791,ok,0.0019792778556959826,2.1470056939271682,0.41610866229477883,-0.00816589267329293,-0.014146285927010172,0.3394607765338032
CMP032,NVIDIA Corporation,NVDA,^GSPC,USD,Nasdaq,SECONDARY_INDIRECT,Technology & Component Supplier,False,2023-03-02,23.236310958862305,3981.35009765625,0.027138763890907747,0.0075821940867943916,0.019556569804113355,0.6286411251930781,0.04110995138625473,0.47804279939323435,2026-02-28,791,ok,0.0019792778556959826,2.1470056939271682,0.41610866229477883,0.01825829173250445,0.008880472158403298,0.3483412486922065
CMP032,NVIDIA Corporation,NVDA,^GSPC,USD,Nasdaq,SECONDARY_INDIRECT,Technology & Component Supplier,False,2023-03-03,23.810392379760746,4045.639892578125,0.02470622044587012,0.0161477371607488,0.008558483285121321,0.6688786918593084,0.05792152123667993,0.4866012826783557,2026-02-28,791,ok,0.0019792778556959826,2.1470056939271682,0.41610866229477883,0.036648561483862974,-0.011942341037992854,0.33639890765421365
CMP032,NVIDIA Corporation,NVDA,^GSPC,USD,Nasdaq,SECONDARY_INDIRECT,Technology & Component Supplier,False,2023-03-06,23.47551155090332,4048.419921875,-0.014064481740421853,0.0006871667698291617,-0.014751648510251014,0.645406777970674,0.05864848975116099,0.47184963416810466,2026-02-28,791,ok,0.0019792778556959826,2.1470056939271682,0.41610866229477883,0.0034546288231967325,-0.017519110563618587,0.31887979709059505
CMP032,NVIDIA Corporation,NVDA,^GSPC,USD,Nasdaq,SECONDARY_INDIRECT,Technology & Component Supplier,False,2023-03-07,23.214338302612305,3986.3701171875,-0.011125348545640734,-0.015326919115337678,0.004201570569696944,0.6271010540663906,0.04242266997717059,0.4760512047378016,2026-02-28,791,ok,0.0019792778556959826,2.1470056939271682,0.41610866229477883,-0.030927704755295167,0.019802356209654433,0.3386821533002495
CMP032,NVIDIA Corporation,NVDA,^GSPC,USD,Nasdaq,SECONDARY_INDIRECT,Technology & Component Supplier,False,2023-03-08,24.104511260986328,3992.010009765625,0.0383458251865767,0.0014147940136839399,0.03693103117289276,0.689493586646515,0.04389748333038268,0.5129822359106944,2026-02-28,791,ok,0.0019792778556959826,2.1470056939271682,0.41610866229477883,0.005016848658809473,0.03332897652776723,0.3720111298280167
CMP032,NVIDIA Corporation,NVDA,^GSPC,USD,Nasdaq,SECONDARY_INDIRECT,Technology & Component Supplier,False,2023-03-09,23.36187171936035,3918.320068359375,-0.030809151597607998,-0.01845935787384867,-0.012349793723759328,0.6374417226123361,0.024627806101977123,0.500632442186935,2026-02-28,791,ok,0.0019792778556959826,2.1470056939271682,0.41610866229477883,-0.03765306860569642,0.006843917008088424,0.37885504683610516
CMP032,NVIDIA Corporation,NVDA,^GSPC,USD,Nasdaq,SECONDARY_INDIRECT,Technology & Component Supplier,False,2023-03-10,22.89236259460449,3861.590087890625,-0.02009723922791573,-0.01447813845705137,-0.00561910077086436,0.6045336645912256,0.009793102858287828,0.4950133414160707,2026-02-28,791,ok,0.0019792778556959826,2.1470056939271682,0.41610866229477883,-0.02910536784905922,0.009008128621143488,0.38786317545724863
CMP032,NVIDIA Corporation,NVDA,^GSPC,USD,Nasdaq,SECONDARY_INDIRECT,Technology & Component Supplier,False,2023-03-13,22.893360137939453,3855.760009765625,4.357537719590354e-05,-0.001509761003189447,0.0015533363803853506,0.6046035827508838,0.00826855661030268,0.496566677796456,2026-02-28,791,ok,0.0019792778556959826,2.1470056939271682,0.41610866229477883,-0.0012621876146209536,0.0013057629918168572,0.38916893844906547
CMP032,NVIDIA Corporation,NVDA,^GSPC,USD,Nasdaq,SECONDARY_INDIRECT,Technology & Component Supplier,False,2023-03-14,23.986888885498047,3919.2900390625,0.04776619687847261,0.016476655480623936,0.031289541397848675,0.681249393396465,0.024881450249516712,0.5278562191943047,2026-02-28,791,ok,0.0019792778556959826,2.1470056939271682,0.41610866229477883,0.03735475098947186,0.010411445889000753,0.3995803843380662
CMP032,NVIDIA Corporation,NVDA,^GSPC,USD,Nasdaq,SECONDARY_INDIRECT,Technology & Component Supplier,False,2023-03-15,24.1513671875,3891.929931640625,0.006857008542754173,-0.00698088356543769,0.013837892108191863,0.6927777348494848,0.017726872176947905,0.5416941113024966,2026-02-28,791,ok,0.0019792778556959826,2.1470056939271682,0.41610866229477883,-0.013008718907941329,0.0198657274506955,0.4194461117887617
CMP032,NVIDIA Corporation,NVDA,^GSPC,USD,Nasdaq,SECONDARY_INDIRECT,Technology & Component Supplier,False,2023-03-16,25.46021270751953,3960.280029296875,0.05419343384820663,0.017562006217166637,0.03663142763103999,0.7845151730427673,0.035600197833496994,0.5783255389335366,2026-02-28,791,ok,0.0019792778556959826,2.1470056939271682,0.41610866229477883,0.03968500520073708,0.014508428647469547,0.4339545404362312
CMP032,NVIDIA Corporation,NVDA,^GSPC,USD,Nasdaq,SECONDARY_INDIRECT,Technology & Component Supplier,False,2023-03-17,25.643630981445312,3916.639892578125,0.007204113965301184,-0.011019457310067593,0.018223571275368777,0.7973710237221765,0.02418844566317313,0.5965491102089053,2026-02-28,791,ok,0.0019792778556959826,2.1470056939271682,0.41610866229477883,-0.021679559733006497,0.02888367369830768,0.4628382141345389
CMP032,NVIDIA Corporation,NVDA,^GSPC,USD,Nasdaq,SECONDARY_INDIRECT,Technology & Component Supplier,False,2023-03-20,25.81807327270508,3951.570068359375,0.006802558162921191,0.008918403718310097,-0.0021158455553889066,0.8095977446513958,0.0333225717052259,0.5944332646535164,2026-02-28,791,ok,0.0019792778556959826,2.1470056939271682,0.41610866229477883,0.02112714141964899,-0.0143245832567278,0.4485136308778111
CMP032,NVIDIA Corporation,NVDA,^GSPC,USD,Nasdaq,SECONDARY_INDIRECT,Technology & Component Supplier,False,2023-03-21,26.11613655090332,4002.8701171875,0.011544752974008698,0.012982193897784988,-0.0014374409237762897,0.8304891035957194,0.04673736569006093,0.5929958237297401,2026-02-28,791,ok,0.0019792778556959826,2.1470056939271682,0.41610866229477883,0.02985212207390689,-0.01830736909989819,0.4302062617779129
CMP032,NVIDIA Corporation,NVDA,^GSPC,USD,Nasdaq,SECONDARY_INDIRECT,Technology & Component Supplier,False,2023-03-22,26.384281158447266,3936.969970703125,0.010267391848763685,-0.01646322377571363,0.026730615624477316,0.8492834524972288,0.02950469420430446,0.6197264393542175,2026-02-28,791,ok,0.0019792778556959826,2.1470056939271682,0.41610866229477883,-0.033367357331158316,0.043634749179922,0.4738410109578349
CMP032,NVIDIA Corporation,NVDA,^GSPC,USD,Nasdaq,SECONDARY_INDIRECT,Technology & Component Supplier,False,2023-03-23,27.10499763488769,3948.719970703125,0.027316130847464093,0.0029845287333754023,0.02433160211408869,0.8997987212596932,0.032577280545301956,0.6440580414683061,2026-02-28,791,ok,0.0019792778556959826,2.1470056939271682,0.41610866229477883,0.00838707803994221,0.018929052807521884,0.49277006376535676
CMP032,NVIDIA Corporation,NVDA,^GSPC,USD,Nasdaq,SECONDARY_INDIRECT,Technology & Component Supplier,False,2023-03-24,26.694297790527344,3970.989990234375,-0.015152181523591879,0.005639807253104534,-0.020791988776696413,0.8710126261768785,0.03840081738151224,0.6232660526916097,2026-02-28,791,ok,0.0019792778556959826,2.1470056939271682,0.41610866229477883,0.014087976140763158,-0.02924015766435504,0.4635299061010017
CMP032,NVIDIA Corporation,NVDA,^GSPC,USD,Nasdaq,SECONDARY_INDIRECT,Technology & Component Supplier,False,2023-03-27,26.44708251953125,3977.530029296875,-0.009260976742524352,0.0016469543057482383,-0.01090793104827259,0.853685221760885,0.040111016078791195,0.6123581216433371,2026-02-28,791,ok,0.0019792778556959826,2.1470056939271682,0.41610866229477883,0.0055152981277753164,-0.014776274870299668,0.44875363123070205
CMP032,NVIDIA Corporation,NVDA,^GSPC,USD,Nasdaq,SECONDARY_INDIRECT,Technology & Component Supplier,False,2023-03-28,26.326465606689453,3971.27001953125,-0.00456068879252447,-0.0015738434957162095,-0.0029868452968082604,0.8452311403451318,0.03847404412131272,0.6093712763465289,2026-02-28,791,ok,0.0019792778556959826,2.1470056939271682,0.41610866229477883,-0.001399773090956958,-0.003160915701567512,0.44559271552913454
CMP032,NVIDIA Corporation,NVDA,^GSPC,USD,Nasdaq,SECONDARY_INDIRECT,Technology & Component Supplier,False,2023-03-29,26.898651123046875,4027.81005859375,0.021734232194542402,0.014237268879836451,0.007496963314705951,0.8853358224019932,0.05325907831219889,0.6168682396612348,2026-02-28,791,ok,0.0019792778556959826,2.1470056939271682,0.41610866229477883,0.03254677520667692,-0.010812543012134516,0.434780172517
CMP032,NVIDIA Corporation,NVDA,^GSPC,USD,Nasdaq,SECONDARY_INDIRECT,Technology & Component Supplier,False,2023-03-30,27.29638671875,4050.830078125,0.014786451331098238,0.005715269388667954,0.009071181942430284,0.9132132487827163,0.059278737680813265,0.6259394216036651,2026-02-28,791,ok,0.0019792778556959826,2.1470056939271682,0.41610866229477883,0.014249993775493726,0.0005364575556045127,0.4353166300726045
CMP032,NVIDIA Corporation,NVDA,^GSPC,USD,Nasdaq,SECONDARY_INDIRECT,Technology & Component Supplier,False,2023-03-31,27.68914222717285,4109.31005859375,0.014388553051714492,0.014436542471763847,-4.798942004935469e-05,0.9407416191120694,0.07457106016677861,0.6258914321836158,2026-02-28,791,ok,0.0019792778556959826,2.1470056939271682,0.41610866229477883,0.03297461674319436,-0.018586063691479866,0.41673056638112466
CMP032,NVIDIA Corporation,NVDA,^GSPC,USD,Nasdaq,SECONDARY_INDIRECT,Technology & Component Supplier,False,2023-04-03,27.87654685974121,4124.509765625,0.006768163167743424,0.0036988464765423945,0.0030693166912010295,0.9538768750566504,0.07854573354647099,0.6289607488748168,2026-02-28,791,ok,0.0019792778556959826,2.1470056939271682,0.41610866229477883,0.009920722301794948,-0.0031525591340515243,0.4135780072470731
CMP032,NVIDIA Corporation,NVDA,^GSPC,USD,Nasdaq,SECONDARY_INDIRECT,Technology & Component Supplier,False,2023-04-04,27.366167068481445,4100.60009765625,-0.01830857293149346,-0.005796972083329965,-0.012511600848163495,0.9181041777905172,0.07229343403850752,0.6164491480266533,2026-02-28,791,ok,0.0019792778556959826,2.1470056939271682,0.41610866229477883,-0.010466854214750292,-0.00784171871674317,0.40573628853032995
CMP032,NVIDIA Corporation,NVDA,^GSPC,USD,Nasdaq,SECONDARY_INDIRECT,Technology & Component Supplier,False,2023-04-05,26.795978546142575,4090.3798828125,-0.020835527347034866,-0.002492370531228194,-0.01834315681580667,0.878139465739701,0.06962088148268042,0.5981059912108466,2026-02-28,791,ok,0.0019792778556959826,2.1470056939271682,0.41610866229477883,-0.0033718558662272314,-0.017463671480807633,0.3882726170495223
CMP032,NVIDIA Corporation,NVDA,^GSPC,USD,Nasdaq,SECONDARY_INDIRECT,Technology & Component Supplier,False,2023-04-06,26.95148277282715,4105.02001953125,0.0058032673229975185,0.0035791630944272956,0.002224104228570223,0.8890388111292602,0.07344922906671192,0.6003300954394168,2026-02-28,791,ok,0.0019792778556959826,2.1470056939271682,0.41610866229477883,0.009663761398925368,-0.00386049407592785,0.38441212297359445
CMP032,NVIDIA Corporation,NVDA,^GSPC,USD,Nasdaq,SECONDARY_INDIRECT,Technology & Component Supplier,False,2023-04-10,27.49176979064941,4109.10986328125,0.020046652808541898,0.0009963029974375814,0.019050349811104317,0.9269077163178292,0.0745187097512281,0.6193804452505212,2026-02-28,791,ok,0.0019792778556959826,2.1470056939271682,0.41610866229477883,0.004118346064071175,0.015928306744470724,0.40034042971806516
CMP032,NVIDIA Corporation,NVDA,^GSPC,USD,Nasdaq,SECONDARY_INDIRECT,Technology & Component Supplier,False,2023-04-11,27.08306312561035,4108.93994140625,-0.01486650980098303,-4.1352477946232646e-05,-0.014825157323036797,0.8982613238676003,0.07447427573998033,0.6045552879274844,2026-02-28,791,ok,0.0019792778556959826,2.1470056939271682,0.41610866229477883,0.0018904938500874234,-0.016757003651070454,0.3835834260669947
CMP032,NVIDIA Corporation,NVDA,^GSPC,USD,Nasdaq,SECONDARY_INDIRECT,Technology & Component Supplier,False,2023-04-12,26.41119956970215,4091.949951171875,-0.024807517258742973,-0.004134884052006904,-0.02067263320673607,0.8511701733141506,0.07003144919293147,0.5838826547207483,2026-02-28,791,ok,0.0019792778556959826,2.1470056939271682,0.41610866229477883,-0.006898341747691482,-0.017909175511051492,0.3656742505559432
CMP032,NVIDIA Corporation,NVDA,^GSPC,USD,Nasdaq,SECONDARY_INDIRECT,Technology & Component Supplier,False,2023-04-13,26.37929344177246,4146.22021484375,-0.0012080529642541915,0.01326268999363811,-0.014470742957892302,0.8489338616989395,0.08422294458702062,0.569411911762856,2026-02-28,791,ok,0.0019792778556959826,2.1470056939271682,0.41610866229477883,0.030454348788827884,-0.031662401753082076,0.33401184880286117
CMP032,NVIDIA Corporation,NVDA,^GSPC,USD,Nasdaq,SECONDARY_INDIRECT,Technology & Component Supplier,False,2023-04-14,26.673362731933597,4137.64013671875,0.011147731868188293,-0.0020693734728036706,0.013217105340991964,0.8695452806311732,0.08197928238688723,0.582629017103848,2026-02-28,791,ok,0.0019792778556959826,2.1470056939271682,0.41610866229477883,-0.0024636787732753365,0.01361141064146363,0.3476232594443248
CMP032,NVIDIA Corporation,NVDA,^GSPC,USD,Nasdaq,SECONDARY_INDIRECT,Technology & Component Supplier,False,2023-04-17,26.91659164428711,4151.31982421875,0.009118794461649093,0.00330615690296554,0.005812637558683553,0.8865932797819949,0.08555647566021629,0.5884416546625315,2026-02-28,791,ok,0.0019792778556959826,2.1470056939271682,0.41610866229477883,0.00907761555137961,4.117891026948414e-05,0.3476644383545943
CMP032,NVIDIA Corporation,NVDA,^GSPC,USD,Nasdaq,SECONDARY_INDIRECT,Technology & Component Supplier,False,2023-04-18,27.579486846923828,4154.8701171875,0.024627754189576745,0.0008552202959737354,0.02377253389360301,0.9330558353321732,0.08648486559062674,0.6122141885561345,2026-02-28,791,ok,0.0019792778556959826,2.1470056939271682,0.41610866229477883,0.0038154407007136705,0.020812313488863074,0.3684767518434574
CMP032,NVIDIA Corporation,NVDA,^GSPC,USD,Nasdaq,SECONDARY_INDIRECT,Technology & Component Supplier,False,2023-04-19,27.84265518188477,4154.52001953125,0.009542176633728472,-8.42619976980652e-05,0.009626438631426537,0.9515013955557723,0.08639331620538337,0.6218406271875611,2026-02-28,791,ok,0.0019792778556959826,2.1470056939271682,0.41610866229477883,0.0017983668668565588,0.007743809766871913,0.3762205616103293
CMP032,NVIDIA Corporation,NVDA,^GSPC,USD,Nasdaq,SECONDARY_INDIRECT,Technology & Component Supplier,False,2023-04-20,27.018272399902344,4129.7900390625,-0.02960862664128361,-0.00595254815297297,-0.02365607848831064,0.8937201193448174,0.07992650767760279,0.5981845486992504,2026-02-28,791,ok,0.0019792778556959826,2.1470056939271682,0.41610866229477883,-0.010800876922112632,-0.01880774971917098,0.3574128118911583
CMP032,NVIDIA Corporation,NVDA,^GSPC,USD,Nasdaq,SECONDARY_INDIRECT,Technology & Component Supplier,False,2023-04-21,27.033222198486328,4133.52001953125,0.0005533217802644597,0.0009031888869577287,-0.00034986710669326904,0.8947679559325759,0.0809018852980683,0.5978346815925571,2026-02-28,791,ok,0.0019792778556959826,2.1470056939271682,0.41610866229477883,0.0039184295386859675,-0.003365107758421508,0.3540477041327368
CMP032,NVIDIA Corporation,NVDA,^GSPC,USD,Nasdaq,SECONDARY_INDIRECT,Technology & Component Supplier,False,2023-04-24,26.95646476745605,4137.0400390625,-0.002839374102972303,0.0008515791660903549,-0.003690953269062658,0.8893880008673591,0.08182235882417599,0.5941437283234945,2026-02-28,791,ok,0.0019792778556959826,2.1470056939271682,0.41610866229477883,0.0038076231741217244,-0.006646997277094027,0.3474007068556428
CMP032,NVIDIA Corporation,NVDA,^GSPC,USD,Nasdaq,SECONDARY_INDIRECT,Technology & Component Supplier,False,2023-04-25,26.15800094604492,4071.6298828125,-0.029620494686495413,-0.015810858882773227,-0.013809635803722187,0.8334233936269393,0.06471781817257805,0.5803340925197723,2026-02-28,791,ok,0.0019792778556959826,2.1470056939271682,0.41610866229477883,-0.03196672619149708,0.0023462315050016697,0.34974693836064447
CMP032,NVIDIA Corporation,NVDA,^GSPC,USD,Nasdaq,SECONDARY_INDIRECT,Technology & Component Supplier,False,2023-04-26,26.870737075805664,4055.989990234375,0.02724734704425158,-0.003841187197329843,0.031088534241581423,0.883379317112142,0.06062803772064451,0.6114226267613537,2026-02-28,791,ok,0.0019792778556959826,2.1470056939271682,0.41610866229477883,-0.006267772928411332,0.03351511997266291,0.3832620583333074
CMP032,NVIDIA Corporation,NVDA,^GSPC,USD,Nasdaq,SECONDARY_INDIRECT,Technology & Component Supplier,False,2023-04-27,27.13988494873047,4135.35009765625,0.010016393378622368,0.01956614972249704,-0.009549756343874671,0.9022439852334985,0.08138044470656491,0.6018728704174791,2026-02-28,791,ok,0.0019792778556959826,2.1470056939271682,0.41610866229477883,0.04398791271812861,-0.03397151933950624,0.34929053899380114
CMP032,NVIDIA Corporation,NVDA,^GSPC,USD,Nasdaq,SECONDARY_INDIRECT,Technology & Component Supplier,False,2023-04-28,27.661231994628903,4169.47998046875,0.019209626233983812,0.008253202753460531,0.01095642348052328,0.9387853811956779,0.09030529677035548,0.6128292938980023,2026-02-28,791,ok,0.0019792778556959826,2.1470056939271682,0.41610866229477883,0.019698951160511124,-0.0004893249265273125,0.3488012140672738
CMP032,NVIDIA Corporation,NVDA,^GSPC,USD,Nasdaq,SECONDARY_INDIRECT,Technology & Component Supplier,False,2023-05-01,28.81856155395508,4167.8701171875,0.041839407570527065,-0.0003861064902076494,0.042225514060734715,1.0199030129513034,0.08988432281896475,0.655054807958737,2026-02-28,791,ok,0.0019792778556959826,2.1470056939271682,0.41610866229477883,0.0011503050227579248,0.04068910254776914,0.38949031661504296
CMP032,NVIDIA Corporation,NVDA,^GSPC,USD,Nasdaq,SECONDARY_INDIRECT,Technology & Component Supplier,False,2023-05-02,28.120769500732425,4119.580078125,-0.024213285313225197,-0.011586262936400304,-0.012627022376824892,0.9709945249936702,0.07725663648452352,0.6424277855819122,2026-02-28,791,ok,0.0019792778556959826,2.1470056939271682,0.41610866229477883,-0.02289649464009278,-0.001316790673132416,0.38817352594191057
CMP032,NVIDIA Corporation,NVDA,^GSPC,USD,Nasdaq,SECONDARY_INDIRECT,Technology & Component Supplier,False,2023-05-03,27.71406364440918,4090.75,-0.014462828135362815,-0.006998305064656485,-0.00746452307070633,0.9424883699229456,0.06971766590947914,0.6349632625112058,2026-02-28,791,ok,0.0019792778556959826,2.1470056939271682,0.41610866229477883,-0.013046122965960829,-0.0014167051694019862,0.38675682077250856
CMP032,NVIDIA Corporation,NVDA,^GSPC,USD,Nasdaq,SECONDARY_INDIRECT,Technology & Component Supplier,False,2023-05-04,27.47482109069824,4061.219970703125,-0.008632532449249997,-0.007218732334382416,-0.0014138001148675805,0.925719776037295,0.061995660405918196,0.6335494623963382,2026-02-28,791,ok,0.0019792778556959826,2.1470056939271682,0.41610866229477883,-0.013519381569159224,0.004886849119909227,0.3916436698924178
CMP032,NVIDIA Corporation,NVDA,^GSPC,USD,Nasdaq,SECONDARY_INDIRECT,Technology & Component Supplier,False,2023-05-05,28.589284896850582,4136.25,0.040563096024295975,0.018474751389515376,0.0220883446347806,1.0038329322285815,0.08161576620866162,0.6556378070311188,2026-02-28,791,ok,0.0019792778556959826,2.1470056939271682,0.41610866229477883,0.041644674282874355,-0.0010815782585783806,0.39056209163383937
CMP032,NVIDIA Corporation,NVDA,^GSPC,USD,Nasdaq,SECONDARY_INDIRECT,Technology & Component Supplier,False,2023-05-08,29.05879783630371,4138.1201171875,0.01642268916998524,0.0004521286642489297,0.01597056050573631,1.0367412576231514,0.08210479570026807,0.6716083675368552,2026-02-28,791,ok,0.0019792778556959826,2.1470056939271682,0.41610866229477883,0.0029500006722261198,0.013472688497759119,0.4040347801315985
CMP032,NVIDIA Corporation,NVDA,^GSPC,USD,Nasdaq,SECONDARY_INDIRECT,Technology & Component Supplier,False,2023-05-09,28.480632781982425,4119.169921875,-0.019896385858019672,-0.004579421277258522,-0.01531696458076115,0.9962174676685329,0.07714938197461474,0.656291402956094,2026-02-28,791,ok,0.0019792778556959826,2.1470056939271682,0.41610866229477883,-0.00785276570146929,-0.012043620156550382,0.39199115997504813
CMP032,NVIDIA Corporation,NVDA,^GSPC,USD,Nasdaq,SECONDARY_INDIRECT,Technology & Component Supplier,False,2023-05-10,28.79364013671875,4137.64013671875,0.010990182596446463,0.004483965263404999,0.006506217333041464,1.018156262140426,0.08197928238688701,0.6627976202891355,2026-02-28,791,ok,0.0019792778556959826,2.1470056939271682,0.41610866229477883,0.01160637680759815,-0.0006161942111516869,0.39137496576389647
CMP032,NVIDIA Corporation,NVDA,^GSPC,USD,Nasdaq,SECONDARY_INDIRECT,Technology & Component Supplier,False,2023-05-11,28.487607955932617,4130.6201171875,-0.01062846445718646,-0.0016966239932159066,-0.008931840463970553,0.9967063600392183,0.08014357037622699,0.6538657798251649,2026-02-28,791,ok,0.0019792778556959826,2.1470056939271682,0.41610866229477883,-0.001663383518192018,-0.008965080938994442,0.382409884824902
CMP032,NVIDIA Corporation,NVDA,^GSPC,USD,Nasdaq,SECONDARY_INDIRECT,Technology & Component Supplier,False,2023-05-12,28.25035858154297,4124.080078125,-0.008328160607821045,-0.0015833068345566526,-0.006744853773264392,0.980077468786154,0.07843337167894782,0.6471209260519005,2026-02-28,791,ok,0.0019792778556959826,2.1470056939271682,0.41610866229477883,-0.0014200909333309513,-0.006908069674490093,0.3755018151504119
CMP032,NVIDIA Corporation,NVDA,^GSPC,USD,Nasdaq,SECONDARY_INDIRECT,Technology & Component Supplier,False,2023-05-15,28.86141967773437,4136.27978515625,0.021630206725610668,0.0029581644391338813,0.018672042286476787,1.0229069537687225,0.08162355492902362,0.6657929683383773,2026-02-28,791,ok,0.0019792778556959826,2.1470056939271682,0.41610866229477883,0.008330473750089294,0.013299732975521374,0.3888015481259333
CMP032,NVIDIA Corporation,NVDA,^GSPC,USD,Nasdaq,SECONDARY_INDIRECT,Technology & Component Supplier,False,2023-05-16,29.1205997467041,4109.89990234375,0.00898015661958862,-0.006377683373153031,0.015357839992741651,1.0410729750404206,0.07472530236674202,0.681150808331119,2026-02-28,791,ok,0.0019792778556959826,2.1470056939271682,0.41610866229477883,-0.011713644660528204,0.020693801280116823,0.40949534940605015
CMP032,NVIDIA Corporation,NVDA,^GSPC,USD,Nasdaq,SECONDARY_INDIRECT,Technology & Component Supplier,False,2023-05-17,30.08254623413086,4158.77001953125,0.03303319628695611,0.011890829058788244,0.02114236722816787,1.1084961392609323,0.08750467722233957,0.7022931755592868,2026-02-28,791,ok,0.0019792778556959826,2.1470056939271682,0.41610866229477883,0.027508955550428975,0.005524240736527138,0.4150195901425773
CMP032,NVIDIA Corporation,NVDA,^GSPC,USD,Nasdaq,SECONDARY_INDIRECT,Technology & Component Supplier,False,2023-05-18,31.577800750732425,4198.0498046875,0.04970505172547823,0.009445048649426635,0.0402600030760516,1.213299048925868,0.09777621180518348,0.7425531786353384,2026-02-28,791,ok,0.0019792778556959826,2.1470056939271682,0.41610866229477883,0.02225785108543408,0.027447200640044155,0.4424667907826214
CMP032,NVIDIA Corporation,NVDA,^GSPC,USD,Nasdaq,SECONDARY_INDIRECT,Technology & Component Supplier,False,2023-05-19,31.16510963439941,4191.97998046875,-0.013069026547817497,-0.0014458676054706077,-0.01162315894234689,1.1843733848971967,0.09618897274247806,0.7309300196929915,2026-02-28,791,ok,0.0019792778556959826,2.1470056939271682,0.41610866229477883,-0.0011250081259142524,-0.011944018421903246,0.4305227723607182
CMP032,NVIDIA Corporation,NVDA,^GSPC,USD,Nasdaq,SECONDARY_INDIRECT,Technology & Component Supplier,False,2023-05-22,31.077392578125,4192.6298828125,-0.0028145916155414286,0.0001550346964389604,-0.002969626311980389,1.1782252658828534,0.09635892006710689,0.7279603933810112,2026-02-28,791,ok,0.0019792778556959826,2.1470056939271682,0.41610866229477883,0.0023121382317067007,-0.005126729847248129,0.4253960425134701
CMP032,NVIDIA Corporation,NVDA,^GSPC,USD,Nasdaq,SECONDARY_INDIRECT,Technology & Component Supplier,False,2023-05-23,30.590932846069336,4145.580078125,-0.015653170736018462,-0.011222026747550129,-0.0044311439884683335,1.14412913389448,0.08405555094119865,0.7235292493925428,2026-02-28,791,ok,0.0019792778556959826,2.1470056939271682,0.41610866229477883,-0.022114477468697123,0.006461306732678661,0.4318573492461487
CMP032,NVIDIA Corporation,NVDA,^GSPC,USD,Nasdaq,SECONDARY_INDIRECT,Technology & Component Supplier,False,2023-05-24,30.441408157348636,4115.240234375,-0.004887876073380704,-0.007318600335353365,0.002430724261972661,1.1336488964026787,0.0761217816225388,0.7259599736545155,2026-02-28,791,ok,0.0019792778556959826,2.1470056939271682,0.41610866229477883,-0.013733798735884975,0.008845922662504271,0.440703271908653
CMP032,NVIDIA Corporation,NVDA,^GSPC,USD,Nasdaq,SECONDARY_INDIRECT,Technology & Component Supplier,False,2023-05-25,37.85987091064453,4151.27978515625,0.24369643857966738,0.008757581265902425,0.23493885731376496,1.6536115336354493,0.08554600557710579,0.9608988309682804,2026-02-28,791,ok,0.0019792778556959826,2.1470056939271682,0.41610866229477883,0.020781854698618388,0.222914583881049,0.663617855789702
CMP032,NVIDIA Corporation,NVDA,^GSPC,USD,Nasdaq,SECONDARY_INDIRECT,Technology & Component Supplier,False,2023-05-26,38.82281875610352,4205.4501953125,0.025434525324497415,0.01304908677799732,0.012385438546500094,1.7211048833890787,0.09971138960538983,0.9732842695147805,2026-02-28,791,ok,0.0019792778556959826,2.1470056939271682,0.41610866229477883,0.02999574146860596,-0.004561216144108544,0.6590566396455935
CMP032,NVIDIA Corporation,NVDA,^GSPC,USD,Nasdaq,SECONDARY_INDIRECT,Technology & Component Supplier,False,2023-05-30,39.984130859375,4205.52001953125,0.029913132031117673,1.660326849850513e-05,0.029896528762619168,1.8025016530364155,0.09972964840886234,1.0031807982773997,2026-02-28,791,ok,0.0019792778556959826,2.1470056939271682,0.41610866229477883,0.0020149251677000746,0.0278982068634176,0.6869548465090111
CMP032,NVIDIA Corporation,NVDA,^GSPC,USD,Nasdaq,SECONDARY_INDIRECT,Technology & Component Supplier,False,2023-05-31,37.7143440246582,4179.830078125,-0.056767192031750846,-0.006108624209833935,-0.05065856782191691,1.6434115035291983,0.09301181325431984,0.9525222304554828,2026-02-28,791,ok,0.0019792778556959826,2.1470056939271682,0.41610866229477883,-0.011135973104878825,-0.045631218926872025,0.641323627582139
CMP032,NVIDIA Corporation,NVDA,^GSPC,USD,Nasdaq,SECONDARY_INDIRECT,Technology & Component Supplier,False,2023-06-01,39.64421081542969,4221.02001953125,0.05117063124602428,0.009854453563032717,0.04131617768299156,1.7786765388077894,0.10378284741188071,0.9938384081384743,2026-02-28,791,ok,0.0019792778556959826,2.1470056939271682,0.41610866229477883,0.023136845766068094,0.028033785479956184,0.6693574130620952
CMP032,NVIDIA Corporation,NVDA,^GSPC,USD,Nasdaq,SECONDARY_INDIRECT,Technology & Component Supplier,False,2023-06-02,39.20261001586914,4282.3701171875,-0.011139099265123353,0.014534424705965554,-0.025673523971088907,1.74772458501634,0.11982569609932492,0.9681648841673854,2026-02-28,791,ok,0.0019792778556959826,2.1470056939271682,0.41610866229477883,0.033184770457359736,-0.04432386972248309,0.6250335433396121
CMP032,NVIDIA Corporation,NVDA,^GSPC,USD,Nasdaq,SECONDARY_INDIRECT,Technology & Component Supplier,False,2023-06-05,39.04710006713867,4273.7900390625,-0.003966826409453783,-0.0020035816359177394,-0.0019632447735360437,1.7368248385665916,0.11758203389919153,0.9662016393938494,2026-02-28,791,ok,0.0019792778556959826,2.1470056939271682,0.41610866229477883,-0.002322423324867314,-0.001644403084586469,0.6233891402550257
CMP032,NVIDIA Corporation,NVDA,^GSPC,USD,Nasdaq,SECONDARY_INDIRECT,Technology & Component Supplier,False,2023-06-06,38.53174591064453,4283.85009765625,-0.013198269669399965,0.0023538963079141606,-0.015552165977314125,1.7007034863092776,0.12021270612257795,0.9506494734165353,2026-02-28,791,ok,0.0019792778556959826,2.1470056939271682,0.41610866229477883,0.0070331066317018244,-0.020231376301101788,0.6031577639539238
CMP032,NVIDIA Corporation,NVDA,^GSPC,USD,Nasdaq,SECONDARY_INDIRECT,Technology & Component Supplier,False,2023-06-07,37.360328674316406,4267.52001953125,-0.030401353705711953,-0.0038120096998572883,-0.026589344005854665,1.61859844436774,0.11594244442093538,0.9240601294106806,2026-02-28,791,ok,0.0019792778556959826,2.1470056939271682,0.41610866229477883,-0.006205128675203212,-0.024196225030508743,0.5789615389234151
CMP032,NVIDIA Corporation,NVDA,^GSPC,USD,Nasdaq,SECONDARY_INDIRECT,Technology & Component Supplier,False,2023-06-08,38.39216613769531,4293.93017578125,0.027618532812540453,0.0061886426142414575,0.021429890198298995,1.690920291426378,0.12284861338751951,0.9454900196089796,2026-02-28,791,ok,0.0019792778556959826,2.1470056939271682,0.41610866229477883,0.015266328786152708,0.012352204026387745,0.5913137429498028
CMP032,NVIDIA Corporation,NVDA,^GSPC,USD,Nasdaq,SECONDARY_INDIRECT,Technology & Component Supplier,False,2023-06-09,38.65137100219727,4298.85986328125,0.006751504032679767,0.001148059539441082,0.005603444493238685,1.7090880506255628,0.1241377104494672,0.9510934641022183,2026-02-28,791,ok,0.0019792778556959826,2.1470056939271682,0.41610866229477883,0.004444168223843388,0.0023073358088363787,0.5936210787586391
CMP032,NVIDIA Corporation,NVDA,^GSPC,USD,Nasdaq,SECONDARY_INDIRECT,Technology & Component Supplier,False,2023-06-12,39.36118698120117,4338.93017578125,0.018364574414800217,0.009321148810237156,0.00904342560456306,1.758839299727522,0.134615965331766,0.9601368897067813,2026-02-28,791,ok,0.0019792778556959826,2.1470056939271682,0.41610866229477883,0.021991837425217604,-0.003627263010417388,0.5899938157482217
CMP032,NVIDIA Corporation,NVDA,^GSPC,USD,Nasdaq,SECONDARY_INDIRECT,Technology & Component Supplier,False,2023-06-13,40.896480560302734,4369.009765625,0.039005266274993566,0.006932489951473775,0.03207277632351979,1.8664485612233106,0.14248167911021015,0.9922096660303011,2026-02-28,791,ok,0.0019792778556959826,2.1470056939271682,0.41610866229477883,0.016863373254603055,0.02214189302039051,0.6121357087686122
CMP032,NVIDIA Corporation,NVDA,^GSPC,USD,Nasdaq,SECONDARY_INDIRECT,Technology & Component Supplier,False,2023-06-14,42.86542892456055,4372.58984375,0.0481446896476716,0.0008194255259321714,0.04732526412173943,2.0044528375944215,0.14341785776098281,1.0395349301520405,2026-02-28,791,ok,0.0019792778556959826,2.1470056939271682,0.41610866229477883,0.003738589125621619,0.044406100522049984,0.6565418092906622
CMP032,NVIDIA Corporation,NVDA,^GSPC,USD,Nasdaq,SECONDARY_INDIRECT,Technology & Component Supplier,False,2023-06-15,42.52248764038086,4425.83984375,-0.008000416484417627,0.01217813742034668,-0.020178553904764307,1.9804159635858758,0.15734255756167448,1.0193563762472762,2026-02-28,791,ok,0.0019792778556959826,2.1470056939271682,0.41610866229477883,0.028125808238607823,-0.03612622472302545,0.6204155845676368
CMP032,NVIDIA Corporation,NVDA,^GSPC,USD,Nasdaq,SECONDARY_INDIRECT,Technology & Component Supplier,False,2023-06-16,42.56136703491211,4409.58984375,0.0009143254943140278,-0.0036716195284263176,0.004585945022740345,1.983141033885043,0.15309323602625224,1.0239423212700165,2026-02-28,791,ok,0.0019792778556959826,2.1470056939271682,0.41610866229477883,-0.005903710177769505,0.006818035672083533,0.6272336202397203
CMP032,NVIDIA Corporation,NVDA,^GSPC,USD,Nasdaq,SECONDARY_INDIRECT,Technology & Component Supplier,False,2023-06-20,43.67395782470703,4388.7099609375,0.026140861238838742,-0.0047351076976228645,0.030875968936461606,2.0611229097077177,0.14763321536826757,1.054818290206478,2026-02-28,791,ok,0.0019792778556959826,2.1470056939271682,0.41610866229477883,-0.008187025332458672,0.034327886571297414,0.6615615068110177
CMP032,NVIDIA Corporation,NVDA,^GSPC,USD,Nasdaq,SECONDARY_INDIRECT,Technology & Component Supplier,False,2023-06-21,42.91329193115234,4365.68994140625,-0.017416921466283375,-0.005245281583003636,-0.012171639883279739,2.0078075723906976,0.1416135559996532,1.0426466503231984,2026-02-28,791,ok,0.0019792778556959826,2.1470056939271682,0.41610866229477883,-0.009282371569264133,-0.008134549897019241,0.6534269569139984
CMP032,NVIDIA Corporation,NVDA,^GSPC,USD,Nasdaq,SECONDARY_INDIRECT,Technology & Component Supplier,False,2023-06-22,42.89335250854492,4381.89013671875,-0.0004646444425518981,0.003710798414438443,-0.004175442856990341,2.0064100113179206,0.14584985377315807,1.0384712074662081,2026-02-28,791,ok,0.0019792778556959826,2.1470056939271682,0.41610866229477883,0.009946383180511227,-0.010411027623063125,0.6430159292909353
CMP032,NVIDIA Corporation,NVDA,^GSPC,USD,Nasdaq,SECONDARY_INDIRECT,Technology & Component Supplier,False,2023-06-23,42.0798454284668,4348.330078125,-0.0189658078117364,-0.007658808766684566,-0.011306999045051835,1.9493910168399848,0.137074008867776,1.0271642084211563,2026-02-28,791,ok,0.0019792778556959826,2.1470056939271682,0.41610866229477883,-0.014464228175075094,-0.004501579636661307,0.638514349654274
CMP032,NVIDIA Corporation,NVDA,^GSPC,USD,Nasdaq,SECONDARY_INDIRECT,Technology & Component Supplier,False,2023-06-26,40.50767135620117,4328.81982421875,-0.03736168838686027,-0.004486838293256468,-0.0328748500936038,1.8391967887378042,0.13197214166252147,0.9942893583275525,2026-02-28,791,ok,0.0019792778556959826,2.1470056939271682,0.41610866229477883,-0.0076539895076561115,-0.02970769887920416,0.6088066507750698
CMP032,NVIDIA Corporation,NVDA,^GSPC,USD,Nasdaq,SECONDARY_INDIRECT,Technology & Component Supplier,False,2023-06-27,41.74786376953125,4378.41015625,0.030616235685940518,0.011455854954693034,0.019160380731247484,1.9261223067805662,0.14493985033016066,1.0134497390588,2026-02-28,791,ok,0.0019792778556959826,2.1470056939271682,0.41610866229477883,0.026575063672225688,0.0040411720137148305,0.6128478227887846
CMP032,NVIDIA Corporation,NVDA,^GSPC,USD,Nasdaq,SECONDARY_INDIRECT,Technology & Component Supplier,False,2023-06-28,40.99118423461914,4376.85986328125,-0.01812498812129293,-0.00035407668843834283,-0.017770911432854586,1.873086374728718,0.1445344538194946,0.9956788276259454,2026-02-28,791,ok,0.0019792778556959826,2.1470056939271682,0.41610866229477883,0.0012190731895319845,-0.019344061310824914,0.5935037614779597
CMP032,NVIDIA Corporation,NVDA,^GSPC,USD,Nasdaq,SECONDARY_INDIRECT,Technology & Component Supplier,False,2023-06-29,40.69709014892578,4396.43994140625,-0.007174569146625953,0.004473544672805918,-0.011648113819431871,1.8524732178689982,0.1496545798282216,0.9840307138065135,2026-02-28,791,ok,0.0019792778556959826,2.1470056939271682,0.41610866229477883,0.01158400374024784,-0.01875857288687379,0.5747451885910859
CMP032,NVIDIA Corporation,NVDA,^GSPC,USD,Nasdaq,SECONDARY_INDIRECT,Technology & Component Supplier,False,2023-06-30,42.17256164550781,4450.3798828125,0.036254962976044025,0.012269004495714109,0.023985958480329916,1.955889528772996,0.16375969703665239,1.0080166722868436,2026-02-28,791,ok,0.0019792778556959826,2.1470056939271682,0.41610866229477883,0.0283209003668122,0.007934062609231823,0.5826792512003177
CMP032,NVIDIA Corporation,NVDA,^GSPC,USD,Nasdaq,SECONDARY_INDIRECT,Technology & Component Supplier,False,2023-07-03,42.2832145690918,4455.58984375,0.0026238131919542607,0.0011706778016009611,0.0014531353903532995,1.96364523071255,0.16512208468037115,1.0094698076771969,2026-02-28,791,ok,0.0019792778556959826,2.1470056939271682,0.41610866229477883,0.004492729761487386,-0.0018689165695331255,0.5808103346307846
CMP032,NVIDIA Corporation,NVDA,^GSPC,USD,Nasdaq,SECONDARY_INDIRECT,Technology & Component Supplier,False,2023-07-05,42.187530517578125,4446.81982421875,-0.002262932288587538,-0.0019683184132291975,-0.0002946138753583405,1.9569387022280522,0.16282875342743486,1.0091751938018385,2026-02-28,791,ok,0.0019792778556959826,2.1470056939271682,0.41610866229477883,-0.0022467129849687937,-1.6219303618744338e-05,0.5807941153271658
CMP032,NVIDIA Corporation,NVDA,^GSPC,USD,Nasdaq,SECONDARY_INDIRECT,Technology & Component Supplier,False,2023-07-06,41.97417831420898,4411.58984375,-0.005057233754894752,-0.007922511336500904,0.0028652775816061515,1.94198477201199,0.15361622944599684,1.0120404713834446,2026-02-28,791,ok,0.0019792778556959826,2.1470056939271682,0.41610866229477883,-0.015030399093973997,0.009973165339079245,0.5907672806662451
CMP032,NVIDIA Corporation,NVDA,^GSPC,USD,Nasdaq,SECONDARY_INDIRECT,Technology & Component Supplier,False,2023-07-07,42.37294387817383,4398.9501953125,0.009500258968258679,-0.0028651005386203243,0.012365359506879003,1.9699343892267773,0.15031100296565003,1.0244058308903234,2026-02-28,791,ok,0.0019792778556959826,2.1470056939271682,0.41610866229477883,-0.00417210931439565,0.01367236828265433,0.6044396489488993
CMP032,NVIDIA Corporation,NVDA,^GSPC,USD,Nasdaq,SECONDARY_INDIRECT,Technology & Component Supplier,False,2023-07-10,42.05093765258789,4409.52978515625,-0.007599335710819055,0.002405026057131332,-0.010004361767950387,1.947364860763937,0.15307753090158727,1.014401469122373,2026-02-28,791,ok,0.0019792778556959826,2.1470056939271682,0.41610866229477883,0.007142882494400159,-0.014742218205219215,0.5896974307436801
CMP032,NVIDIA Corporation,NVDA,^GSPC,USD,Nasdaq,SECONDARY_INDIRECT,Technology & Component Supplier,False,2023-07-11,42.27524185180664,4439.259765625,0.005334106960274809,0.0067422110558885695,-0.0014081040956137603,1.9630864201822074,0.16085182297872858,1.0129933650267593,2026-02-28,791,ok,0.0019792778556959826,2.1470056939271682,0.41610866229477883,0.016454843382347446,-0.011120736422072636,0.5785766943216074
CMP032,NVIDIA Corporation,NVDA,^GSPC,USD,Nasdaq,SECONDARY_INDIRECT,Technology & Component Supplier,False,2023-07-12,43.76766204833984,4472.16015625,0.035302463833673414,0.007411233485312474,0.02789123034836094,2.0676906713667385,0.16945516688067452,1.0408845953751202,2026-02-28,791,ok,0.0019792778556959826,2.1470056939271682,0.41610866229477883,0.017891238347685558,0.017411225485987857,0.5959879198075952
CMP032,NVIDIA Corporation,NVDA,^GSPC,USD,Nasdaq,SECONDARY_INDIRECT,Technology & Component Supplier,False,2023-07-13,45.8363151550293,4510.0400390625,0.047264418748360404,0.008470153458069118,0.038794265290291285,2.212683287848655,0.17936063160648574,1.0796788606654115,2026-02-28,791,ok,0.0019792778556959826,2.1470056939271682,0.41610866229477883,0.020164745558607276,0.027099673189753128,0.6230875929973484
CMP032,NVIDIA Corporation,NVDA,^GSPC,USD,Nasdaq,SECONDARY_INDIRECT,Technology & Component Supplier,False,2023-07-14,45.329872131347656,4505.419921875,-0.011048947149628674,-0.0010244071333035398,-0.010024540016325134,2.17718651999272,0.1781524861627306,1.0696543206490863,2026-02-28,791,ok,0.0019792778556959826,2.1470056939271682,0.41610866229477883,-0.00022013009240632502,-0.01082881705722235,0.612258775940126
CMP032,NVIDIA Corporation,NVDA,^GSPC,USD,Nasdaq,SECONDARY_INDIRECT,Technology & Component Supplier,False,2023-07-17,46.3188362121582,4522.7900390625,0.021817049868239735,0.0038553825145495324,0.017961667353690203,2.2465033567401003,0.18269471465735543,1.0876159880027765,2026-02-28,791,ok,0.0019792778556959826,2.1470056939271682,0.41610866229477883,0.010256806066701072,0.011560243801538663,0.6238190197416646
CMP032,NVIDIA Corporation,NVDA,^GSPC,USD,Nasdaq,SECONDARY_INDIRECT,Technology & Component Supplier,False,2023-07-18,47.348670959472656,4554.97998046875,0.022233605840125348,0.007117275205842377,0.01511633063428297,2.3186848327325036,0.19111227842606704,1.1027323186370594,2026-02-28,791,ok,0.0019792778556959826,2.1470056939271682,0.41610866229477883,0.017260108247886225,0.004973497592239123,0.6287925173339037
CMP032,NVIDIA Corporation,NVDA,^GSPC,USD,Nasdaq,SECONDARY_INDIRECT,Technology & Component Supplier,False,2023-07-19,46.93294525146485,4565.72021484375,-0.008780092441530996,0.002357910335732072,-0.011138002777263067,2.2895464731168054,0.19392081437838526,1.0915943158597963,2026-02-28,791,ok,0.0019792778556959826,2.1470056939271682,0.41610866229477883,0.007041724772282462,-0.01582181721381346,0.6129707001200903
CMP032,NVIDIA Corporation,NVDA,^GSPC,USD,Nasdaq,SECONDARY_INDIRECT,Technology & Component Supplier,False,2023-07-20,45.38071441650391,4534.8701171875,-0.033073373653499605,-0.006756896218903741,-0.026316477434595864,2.1807500734608616,0.18585361534204137,1.0652778384252004,2026-02-28,791,ok,0.0019792778556959826,2.1470056939271682,0.41610866229477883,-0.012527816799565302,-0.020545556853934305,0.5924251432661559
CMP032,NVIDIA Corporation,NVDA,^GSPC,USD,Nasdaq,SECONDARY_INDIRECT,Technology & Component Supplier,False,2023-07-21,44.17341995239258,4536.33984375,-0.026603690127722457,0.0003240945218980773,-0.026927784649620534,2.0961303841327785,0.18623794400254678,1.0383500537755799,2026-02-28,791,ok,0.0019792778556959826,2.1470056939271682,0.41610866229477883,0.002675110639581758,-0.029278800767304214,0.5631463424988516
CMP032,NVIDIA Corporation,NVDA,^GSPC,USD,Nasdaq,SECONDARY_INDIRECT,Technology & Component Supplier,False,2023-07-24,44.47549057006836,4554.64013671875,0.00683828913408413,0.004034153877153557,0.0028041352569305733,2.1173026188963013,0.1910234104035713,1.0411541890325104,2026-02-28,791,ok,0.0019792778556959826,2.1470056939271682,0.41610866229477883,0.010640629200123031,-0.0038023400660389013,0.5593440024328128
CMP032,NVIDIA Corporation,NVDA,^GSPC,USD,Nasdaq,SECONDARY_INDIRECT,Technology & Component Supplier,False,2023-07-25,45.53923034667969,4567.4599609375,0.023917437738780523,0.002814673351556163,0.02110276438722436,2.1918605101966913,0.1943757522579137,1.0622569534197348,2026-02-28,791,ok,0.0019792778556959826,2.1470056939271682,0.41610866229477883,0.00802239756803213,0.015895040170748394,0.5752390426035612
CMP032,NVIDIA Corporation,NVDA,^GSPC,USD,Nasdaq,SECONDARY_INDIRECT,Technology & Component Supplier,False,2023-07-26,45.31292343139648,4566.75,-0.004969493633519617,-0.00015543889679858758,-0.00481405473672103,2.175998579712186,0.19419009980861968,1.0574428986830138,2026-02-28,791,ok,0.0019792778556959826,2.1470056939271682,0.41610866229477883,0.0016455496592116575,-0.006615043292731274,0.5686239993108299
CMP032,NVIDIA Corporation,NVDA,^GSPC,USD,Nasdaq,SECONDARY_INDIRECT,Technology & Component Supplier,False,2023-07-27,45.759559631347656,4537.41015625,0.009856706787576552,-0.006424666064487883,0.016281372852064435,2.2073034664701687,0.1865178271998318,1.0737242715350783,2026-02-28,791,ok,0.0019792778556959826,2.1470056939271682,0.41610866229477883,-0.011814516766340153,0.021671223553916708,0.5902952228647466
CMP032,NVIDIA Corporation,NVDA,^GSPC,USD,Nasdaq,SECONDARY_INDIRECT,Technology & Component Supplier,False,2023-07-28,46.60695266723633,4582.22998046875,0.01851838266616901,0.009877842794752345,0.008640539871416664,2.266697539388794,0.1982380637700829,1.082364811406495,2026-02-28,791,ok,0.0019792778556959826,2.1470056939271682,0.41610866229477883,0.023187062579746717,-0.0046686799135777085,0.5856265429511689
CMP032,NVIDIA Corporation,NVDA,^GSPC,USD,Nasdaq,SECONDARY_INDIRECT,Technology & Component Supplier,False,2023-07-31,46.58601379394531,4588.9599609375,-0.0004492650150400568,0.0014687129405193122,-0.001917977955559369,2.265229926469629,0.19999793152016476,1.0804468334509356,2026-02-28,791,ok,0.0019792778556959826,2.1470056939271682,0.41610866229477883,0.0051326129017354605,-0.005581877916775517,0.5800446650343933
CMP032,NVIDIA Corporation,NVDA,^GSPC,USD,Nasdaq,SECONDARY_INDIRECT,Technology & Component Supplier,False,2023-08-01,46.36469650268555,4576.72998046875,-0.004750723945574631,-0.002665087639215691,-0.00208563630635894,2.249717720470143,0.19679983186578598,1.0783611971445768,2026-02-28,791,ok,0.0019792778556959826,2.1470056939271682,0.41610866229477883,-0.00374268048051502,-0.0010080434650596107,0.5790366215693338
CMP032,NVIDIA Corporation,NVDA,^GSPC,USD,Nasdaq,SECONDARY_INDIRECT,Technology & Component Supplier,False,2023-08-02,44.133548736572266,4513.39013671875,-0.04812169461702498,-0.013839541336347905,-0.034282153280677075,2.093335796734144,0.18023667112134523,1.0440790438638996,2026-02-28,791,ok,0.0019792778556959826,2.1470056939271682,0.41610866229477883,-0.027734296194783382,-0.020387398422241597,0.5586492231470922
CMP032,NVIDIA Corporation,NVDA,^GSPC,USD,Nasdaq,SECONDARY_INDIRECT,Technology & Component Supplier,False,2023-08-03,44.3787956237793,4501.89013671875,0.00555692651571893,-0.0025479738404268204,0.00810490035614575,2.1105252364450386,0.1772294589578156,1.0521839442200454,2026-02-28,791,ok,0.0019792778556959826,2.1470056939271682,0.41610866229477883,-0.0034912364876778746,0.009048163003396805,0.567697386150489
CMP032,NVIDIA Corporation,NVDA,^GSPC,USD,Nasdaq,SECONDARY_INDIRECT,Technology & Component Supplier,False,2023-08-04,44.54328536987305,4478.02978515625,0.0037064941439197696,-0.005300074155050516,0.009006568298970286,2.122054380018437,0.1709900555278292,1.0611905125190155,2026-02-28,791,ok,0.0019792778556959826,2.1470056939271682,0.41610866229477883,-0.0094000115334337,0.01310650567735347,0.5808038918278425
CMP032,NVIDIA Corporation,NVDA,^GSPC,USD,Nasdaq,SECONDARY_INDIRECT,Technology & Component Supplier,False,2023-08-07,45.27803039550781,4518.43994140625,0.01649507932640537,0.00902409277936278,0.007470986547042591,2.1735529146781927,0.18155717843262353,1.0686614990660581,2026-02-28,791,ok,0.0019792778556959826,2.1470056939271682,0.41610866229477883,0.02135405643551492,-0.004858977109109548,0.575944914718733
CMP032,NVIDIA Corporation,NVDA,^GSPC,USD,Nasdaq,SECONDARY_INDIRECT,Technology & Component Supplier,False,2023-08-08,44.52733612060547,4499.3798828125,-0.01657965835406172,-0.004218283044793103,-0.012361375309268618,2.1209364915842914,0.17657303582038764,1.0563001237567895,2026-02-28,791,ok,0.0019792778556959826,2.1470056939271682,0.41610866229477883,-0.0070773998600712415,-0.00950225849399048,0.5664426562247425
CMP032,NVIDIA Corporation,NVDA,^GSPC,USD,Nasdaq,SECONDARY_INDIRECT,Technology & Component Supplier,False,2023-08-09,42.423789978027344,4467.7099609375,-0.047241679513019164,-0.007038730380597102,-0.04020294913242206,1.9734982100683798,0.16829145544816737,1.0160971746243674,2026-02-28,791,ok,0.0019792778556959826,2.1470056939271682,0.41610866229477883,-0.01313291634946414,-0.034108763163555024,0.5323338930611875
CMP032,NVIDIA Corporation,NVDA,^GSPC,USD,Nasdaq,SECONDARY_INDIRECT,Technology & Component Supplier,False,2023-08-10,42.25830078125,4468.830078125,-0.0039008583830689725,0.00025071394456976925,-0.004151572327638742,1.9618990146485942,0.16858436240736996,1.0119456022967288,2026-02-28,791,ok,0.0019792778556959826,2.1470056939271682,0.41610866229477883,0.0025175621222342176,-0.00641842050530319,0.5259154725558843
CMP032,NVIDIA Corporation,NVDA,^GSPC,USD,Nasdaq,SECONDARY_INDIRECT,Technology & Component Supplier,False,2023-08-11,40.72998428344727,4464.0498046875,-0.03616606606389727,-0.0010696923700230787,-0.035096373693874194,1.8547787792102208,0.16733433663117459,0.9768492286028546,2026-02-28,791,ok,0.0019792778556959826,2.1470056939271682,0.41610866229477883,-0.0003173577534940149,-0.03584870831040326,0.49006676424548107
CMP032,NVIDIA Corporation,NVDA,^GSPC,USD,Nasdaq,SECONDARY_INDIRECT,Technology & Component Supplier,False,2023-08-14,43.61912155151367,4489.72021484375,0.07093391561264473,0.005750475751703066,0.06518343986094166,2.0572794162274874,0.17404706442810247,1.0420326684637962,2026-02-28,791,ok,0.0019792778556959826,2.1470056939271682,0.41610866229477883,0.014325582037392579,0.05660833357525215,0.5466750978207332
CMP032,NVIDIA Corporation,NVDA,^GSPC,USD,Nasdaq,SECONDARY_INDIRECT,Technology & Component Supplier,False,2023-08-15,43.80554962158203,4437.85986328125,0.004273998728933304,-0.011550909428841738,0.01582490815777504,2.0703462245664377,0.16048575312169588,1.0578575766215712,2026-02-28,791,ok,0.0019792778556959826,2.1470056939271682,0.41610866229477883,-0.02282059045806424,0.027094589186997545,0.5737696870077308
CMP032,NVIDIA Corporation,NVDA,^GSPC,USD,Nasdaq,SECONDARY_INDIRECT,Technology & Component Supplier,False,2023-08-16,43.35293960571289,4404.330078125,-0.010332252871589342,-0.007555395210577687,-0.0027768576610116558,2.0386226309708877,0.15171782462061656,1.0550807189605595,2026-02-28,791,ok,0.0019792778556959826,2.1470056939271682,0.41610866229477883,-0.014242198681284369,0.003909945809695026,0.5776796328174258
CMP032,NVIDIA Corporation,NVDA,^GSPC,USD,Nasdaq,SECONDARY_INDIRECT,Technology & Component Supplier,False,2023-08-17,43.21137237548828,4370.35986328125,-0.0032654586173888056,-0.007712913029036983,0.004447454411648177,2.0287001345155913,0.14283472520532614,1.0595281733722077,2026-02-28,791,ok,0.0019792778556959826,2.1470056939271682,0.41610866229477883,-0.01458039033441146,0.011314931717022655,0.5889945645344485
CMP032,NVIDIA Corporation,NVDA,^GSPC,USD,Nasdaq,SECONDARY_INDIRECT,Technology & Component Supplier,False,2023-08-18,43.16651153564453,4369.7099609375,-0.0010381720685455065,-0.00014870682600087726,-0.0008894652425446292,2.025555822631937,0.1426647778806973,1.058638708129663,2026-02-28,791,ok,0.0019792778556959826,2.1470056939271682,0.41610866229477883,0.0016600034535462624,-0.002698175522091769,0.5862963890123568
CMP032,NVIDIA Corporation,NVDA,^GSPC,USD,Nasdaq,SECONDARY_INDIRECT,Technology & Component Supplier,False,2023-08-21,46.82329559326172,4399.77001953125,0.084713448632457,0.006879188518795987,0.07783426011366101,2.281861090397099,0.15052538430152684,1.136472968243324,2026-02-28,791,ok,0.0019792778556959826,2.1470056939271682,0.41610866229477883,0.01674893477514937,0.06796451385730763,0.6542609028696644
CMP032,NVIDIA Corporation,NVDA,^GSPC,USD,Nasdaq,SECONDARY_INDIRECT,Technology & Component Supplier,False,2023-08-22,45.52825927734375,4387.5498046875,-0.02765794888013684,-0.002777466728829614,-0.024880482151307226,2.1910915441271857,0.14732983832595536,1.1115924860920168,2026-02-28,791,ok,0.0019792778556959826,2.1470056939271682,0.41610866229477883,-0.003983959025794465,-0.023673989854342374,0.6305869130153221
CMP032,NVIDIA Corporation,NVDA,^GSPC,USD,Nasdaq,SECONDARY_INDIRECT,Technology & Component Supplier,False,2023-08-23,46.97183990478516,4436.009765625,0.031707353857910014,0.011044879965972587,0.020662473891937427,2.292272612909811,0.16000195867164435,1.1322549599839542,2026-02-28,791,ok,0.0019792778556959826,2.1470056939271682,0.41610866229477883,0.025692698031381238,0.006014655826528777,0.6366015688418509
CMP032,NVIDIA Corporation,NVDA,^GSPC,USD,Nasdaq,SECONDARY_INDIRECT,Technology & Component Supplier,False,2023-08-24,47.0186882019043,4376.31005859375,0.0009973698542382614,-0.013457974663146133,0.014455344517384394,2.2955562263658615,0.14439068170264147,1.1467103045013385,2026-02-28,791,ok,0.0019792778556959826,2.1470056939271682,0.41610866229477883,-0.02691507037480633,0.027912440229044592,0.6645140090708955
CMP032,NVIDIA Corporation,NVDA,^GSPC,USD,Nasdaq,SECONDARY_INDIRECT,Technology & Component Supplier,False,2023-08-25,45.877197265625,4405.7099609375,-0.02427738799044299,0.006717966037625089,-0.03099535402806808,2.215548729214057,0.15207865943609433,1.1157149504732704,2026-02-28,791,ok,0.0019792778556959826,2.1470056939271682,0.41610866229477883,0.016402789190086385,-0.040680177180529374,0.6238338318903661
CMP032,NVIDIA Corporation,NVDA,^GSPC,USD,Nasdaq,SECONDARY_INDIRECT,Technology & Component Supplier,False,2023-08-28,46.69169235229492,4433.31005859375,0.017753810939104886,0.006264619755036449,0.011489191184068437,2.2726369734180025,0.15929599416535356,1.1272041416573388,2026-02-28,791,ok,0.0019792778556959826,2.1470056939271682,0.41610866229477883,0.01542945214004786,0.0023243587990570257,0.6261581906894231
CMP032,NVIDIA Corporation,NVDA,^GSPC,USD,Nasdaq,SECONDARY_INDIRECT,Technology & Component Supplier,False,2023-08-29,48.63473129272461,4497.6298828125,0.04161423247992824,0.01450830719454621,0.027105925285382027,2.408825249252228,0.17611541657811136,1.1543100669427209,2026-02-28,791,ok,0.0019792778556959826,2.1470056939271682,0.41610866229477883,0.033128696011631195,0.008485536468297042,0.6346437271577202
CMP032,NVIDIA Corporation,NVDA,^GSPC,USD,Nasdaq,SECONDARY_INDIRECT,Technology & Component Supplier,False,2023-08-30,49.11325454711914,4514.8701171875,0.009839126107521246,0.003833182103508026,0.0060059440040132195,2.4423651107581232,0.18062368114459848,1.160316010946734,2026-02-28,791,ok,0.0019792778556959826,2.1470056939271682,0.41610866229477883,0.010209141657787434,-0.0003700155502661881,0.634273711607454
CMP032,NVIDIA Corporation,NVDA,^GSPC,USD,Nasdaq,SECONDARY_INDIRECT,Technology & Component Supplier,False,2023-08-31,49.203983306884766,4507.66015625,0.001847337558918749,-0.0015969365120942491,0.003444274071012998,2.448724321118738,0.17873830008113556,1.163760285017747,2026-02-28,791,ok,0.0019792778556959826,2.1470056939271682,0.41610866229477883,-0.0014493539286105626,0.0032966914875293117,0.6375704030949834
CMP032,NVIDIA Corporation,NVDA,^GSPC,USD,Nasdaq,SECONDARY_INDIRECT,Technology & Component Supplier,False,2023-09-01,48.36056900024414,4515.77001953125,-0.01714117943216631,0.0017991292600010311,-0.01894030869216734,2.389609118718366,0.1808590026466954,1.1448199763255797,2026-02-28,791,ok,0.0019792778556959826,2.1470056939271682,0.41610866229477883,0.005842018621029169,-0.02298319805319548,0.6145872050417879
CMP032,NVIDIA Corporation,NVDA,^GSPC,USD,Nasdaq,SECONDARY_INDIRECT,Technology & Component Supplier,False,2023-09-05,48.399452209472656,4496.830078125,0.000804027124418738,-0.004194177587506065,0.004998204711924803,2.3923344563909925,0.1759062702837899,1.1498181810375045,2026-02-28,791,ok,0.0019792778556959826,2.1470056939271682,0.41610866229477883,-0.007025645306021252,0.00782967243043999,0.6224168774722278
CMP032,NVIDIA Corporation,NVDA,^GSPC,USD,Nasdaq,SECONDARY_INDIRECT,Technology & Component Supplier,False,2023-09-06,46.920860290527344,4465.47998046875,-0.03054976557474187,-0.006971599351452862,-0.02357816622328901,2.2886994339971283,0.16770832289251003,1.1262400148142155,2026-02-28,791,ok,0.0019792778556959826,2.1470056939271682,0.41610866229477883,-0.012988785647652264,-0.017560979927089607,0.6048558975451382
CMP032,NVIDIA Corporation,NVDA,^GSPC,USD,Nasdaq,SECONDARY_INDIRECT,Technology & Component Supplier,False,2023-09-07,46.103309631347656,4451.14013671875,-0.017424033875711786,-0.0032112659361860363,-0.01421276793952575,2.231397023652128,0.1639585009318043,1.11202724687469,2026-02-28,791,ok,0.0019792778556959826,2.1470056939271682,0.41610866229477883,-0.004915328394009795,-0.012508705481701991,0.5923471920634362
CMP032,NVIDIA Corporation,NVDA,^GSPC,USD,Nasdaq,SECONDARY_INDIRECT,Technology & Component Supplier,False,2023-09-08,45.43630599975586,4457.490234375,-0.014467586750827821,0.0014266227216406246,-0.015894209472468446,2.1846465068860743,0.16561903057628036,1.0961330374022213,2026-02-28,791,ok,0.0019792778556959826,2.1470056939271682,0.41610866229477883,0.005042244962144277,-0.019509831712972096,0.5728373603504642
CMP032,NVIDIA Corporation,NVDA,^GSPC,USD,Nasdaq,SECONDARY_INDIRECT,Technology & Component Supplier,False,2023-09-11,45.0434799194336,4487.4599609375,-0.008645642987006208,0.006723453106275201,-0.015369096093281409,2.157113190147721,0.17345601546814193,1.0807639413089398,2026-02-28,791,ok,0.0019792778556959826,2.1470056939271682,0.41610866229477883,0.016414569957721146,-0.025060212944727354,0.5477771474057368
CMP032,NVIDIA Corporation,NVDA,^GSPC,USD,Nasdaq,SECONDARY_INDIRECT,Technology & Component Supplier,False,2023-09-12,44.73638916015625,4461.89990234375,-0.006817651740643194,-0.005695885604828921,-0.0011217661358142728,2.135589091911503,0.16677214424173714,1.0796421751731256,2026-02-28,791,ok,0.0019792778556959826,2.1470056939271682,0.41610866229477883,-0.010249820969829503,0.0034321692291863094,0.5512093166349231
CMP032,NVIDIA Corporation,NVDA,^GSPC,USD,Nasdaq,SECONDARY_INDIRECT,Technology & Component Supplier,False,2023-09-13,45.34955978393555,4467.43994140625,0.013706305656099094,0.0012416323054647016,0.012464673350634392,2.178566434417172,0.1682208462291439,1.09210684852376,2026-02-28,791,ok,0.0019792778556959826,2.1470056939271682,0.41610866229477883,0.004645069485292613,0.00906123617080648,0.5602705528057296
CMP032,NVIDIA Corporation,NVDA,^GSPC,USD,Nasdaq,SECONDARY_INDIRECT,Technology & Component Supplier,False,2023-09-14,45.445274353027344,4505.10009765625,0.002110595329873677,0.00842991886716793,-0.0063193235372942524,2.185275101889346,0.17806885318178978,1.0857875249864657,2026-02-28,791,ok,0.0019792778556959826,2.1470056939271682,0.41610866229477883,0.02007836166284959,-0.017967766332975914,0.5423027864727537
CMP032,NVIDIA Corporation,NVDA,^GSPC,USD,Nasdaq,SECONDARY_INDIRECT,Technology & Component Supplier,False,2023-09-15,43.7692756652832,4450.31982421875,-0.03687949322793549,-0.012159612938677844,-0.024719880289257645,2.0678037703401064,0.16374399191198719,1.061067644697208,2026-02-28,791,ok,0.0019792778556959826,2.1470056939271682,0.41610866229477883,-0.024127480359595818,-0.012752012868339671,0.5295507736044139
CMP032,NVIDIA Corporation,NVDA,^GSPC,USD,Nasdaq,SECONDARY_INDIRECT,Technology & Component Supplier,False,2023-09-18,43.8350830078125,4453.52978515625,0.0015035054048539997,0.0007212876971294246,0.0007822177077245751,2.072416229889844,0.16458338613596157,1.0618498624049326,2026-02-28,791,ok,0.0019792778556959826,2.1470056939271682,0.41610866229477883,0.003527886648392472,-0.0020243812435384724,0.5275263923608755
CMP032,NVIDIA Corporation,NVDA,^GSPC,USD,Nasdaq,SECONDARY_INDIRECT,Technology & Component Supplier,False,2023-09-19,43.390419006347656,4443.9501953125,-0.010144020974834134,-0.002151010615372817,-0.007993010359461317,2.0412495752104207,0.1620783549098963,1.0538568520454712,2026-02-28,791,ok,0.0019792778556959826,2.1470056939271682,0.41610866229477883,-0.0026389541832072374,-0.007505066791626896,0.5200213255692486
CMP032,NVIDIA Corporation,NVDA,^GSPC,USD,Nasdaq,SECONDARY_INDIRECT,Technology & Component Supplier,False,2023-09-20,42.11321640014648,4402.2001953125,-0.029435129585043573,-0.0093947947580596,-0.020040334826983974,1.9517299998636433,0.15116086727273426,1.0338165172184872,2026-02-28,791,ok,0.0019792778556959826,2.1470056939271682,0.41610866229477883,-0.01819139998313509,-0.011243729601908482,0.5087775959673402
CMP032,NVIDIA Corporation,NVDA,^GSPC,USD,Nasdaq,SECONDARY_INDIRECT,Technology & Component Supplier,False,2023-09-21,40.89486312866211,4330.0,-0.02893042554403724,-0.01640093410321941,-0.01252949144081783,1.8663351948764872,0.13228075374638926,1.0212870257776694,2026-02-28,791,ok,0.0019792778556959826,2.1470056939271682,0.41610866229477883,-0.033233621049640366,0.004303195505603125,0.5130807914729433
CMP032,NVIDIA Corporation,NVDA,^GSPC,USD,Nasdaq,SECONDARY_INDIRECT,Technology & Component Supplier,False,2023-09-22,41.4860954284668,4320.06005859375,0.014457373238897286,-0.002295598477193961,0.016752971716091247,1.9077748726166042,0.129681491772333,1.0380399974937606,2026-02-28,791,ok,0.0019792778556959826,2.1470056939271682,0.41610866229477883,-0.002949385145809988,0.017406758384707274,0.5304875498576506
CMP032,NVIDIA Corporation,NVDA,^GSPC,USD,Nasdaq,SECONDARY_INDIRECT,Technology & Component Supplier,False,2023-09-25,42.09627914428711,4337.43994140625,0.014708150032399114,0.0040230650909416354,0.010685084941457479,1.9505428617034895,0.13422627394576514,1.0487250824352181,2026-02-28,791,ok,0.0019792778556959826,2.1470056939271682,0.41610866229477883,0.010616821512987295,0.004091328519411819,0.5345788783770624
CMP032,NVIDIA Corporation,NVDA,^GSPC,USD,Nasdaq,SECONDARY_INDIRECT,Technology & Component Supplier,False,2023-09-26,41.78619766235352,4273.52978515625,-0.007366006883191889,-0.014734533990868215,0.007368527107676326,1.928809142675029,0.11751397835897537,1.0560936095428946,2026-02-28,791,ok,0.0019792778556959826,2.1470056939271682,0.41610866229477883,-0.029655850520061477,0.02228984363686959,0.556868722013932
CMP032,NVIDIA Corporation,NVDA,^GSPC,USD,Nasdaq,SECONDARY_INDIRECT,Technology & Component Supplier,False,2023-09-27,42.3415412902832,4274.509765625,0.013290121116475984,0.00022931406074522265,0.013060807055730761,1.9677333709082223,0.11777024002729242,1.0691544165986253,2026-02-28,791,ok,0.0019792778556959826,2.1470056939271682,0.41610866229477883,0.002471616449813536,0.010818504666662447,0.5676872266805945
CMP032,NVIDIA Corporation,NVDA,^GSPC,USD,Nasdaq,SECONDARY_INDIRECT,Technology & Component Supplier,False,2023-09-28,42.960697174072266,4299.7001953125,0.01462289432366859,0.005893173970516585,0.008729720353152004,2.011130222371838,0.12435745451083924,1.0778841369517773,2026-02-28,791,ok,0.0019792778556959826,2.1470056939271682,0.41610866229477883,0.01463195592569847,-9.061602029880253e-06,0.5676781650785646
CMP032,NVIDIA Corporation,NVDA,^GSPC,USD,Nasdaq,SECONDARY_INDIRECT,Technology & Component Supplier,False,2023-09-29,43.36947250366211,4288.0498046875,0.009515099997877696,-0.002709582086142026,0.012224682084019722,2.0397814275443378,0.12131091569367647,1.090108819035797,2026-02-28,791,ok,0.0019792778556959826,2.1470056939271682,0.41610866229477883,-0.003838210311414002,0.013353310309291698,0.5810314753878563
CMP032,NVIDIA Corporation,NVDA,^GSPC,USD,Nasdaq,SECONDARY_INDIRECT,Technology & Component Supplier,False,2023-10-02,44.64865112304688,4288.39013671875,0.029494908412288412,7.936755559079245e-05,0.02941554085669762,2.1294395023431334,0.1213999114001123,1.1195243598924947,2026-02-28,791,ok,0.0019792778556959826,2.1470056939271682,0.41610866229477883,0.002149680449462495,0.027345227962825916,0.6083767033506822
CMP032,NVIDIA Corporation,NVDA,^GSPC,USD,Nasdaq,SECONDARY_INDIRECT,Technology & Component Supplier,False,2023-10-03,43.38742446899414,4229.4501953125,-0.028247810904229453,-0.013744071674259506,-0.014503739229969947,2.0410396870447185,0.10598731064232081,1.1050206206625246,2026-02-28,791,ok,0.0019792778556959826,2.1470056939271682,0.41610866229477883,-0.027529322286682284,-0.0007184886175471694,0.607658214733135
CMP032,NVIDIA Corporation,NVDA,^GSPC,USD,Nasdaq,SECONDARY_INDIRECT,Technology & Component Supplier,False,2023-10-04,43.909854888916016,4263.75,0.012041056281070883,0.008109754957160709,0.003931301323910175,2.077657017069394,0.11495659671735914,1.1089519219864348,2026-02-28,791,ok,0.0019792778556959826,2.1470056939271682,0.41610866229477883,0.019390967925074103,-0.0073499116440032194,0.6003083030891317
CMP032,NVIDIA Corporation,NVDA,^GSPC,USD,Nasdaq,SECONDARY_INDIRECT,Technology & Component Supplier,False,2023-10-05,44.554931640625,4258.18994140625,0.014690933352909274,-0.001304030159777203,0.015994963512686478,2.1228706711902743,0.11350265968839723,1.1249468854991211,2026-02-28,791,ok,0.0019792778556959826,2.1470056939271682,0.41610866229477883,-0.0008204823223984274,0.015511415675307703,0.6158197187644394
CMP032,NVIDIA Corporation,NVDA,^GSPC,USD,Nasdaq,SECONDARY_INDIRECT,Technology & Component Supplier,False,2023-10-06,45.625732421875,4308.5,0.024033271779810184,0.011814893014644445,0.012218378765165738,2.1979234707641884,0.12665857448413775,1.1371652642642869,2026-02-28,791,ok,0.0019792778556959826,2.1470056939271682,0.41610866229477883,0.027345920431277933,-0.003312648651467749,0.6125070701129717
CMP032,NVIDIA Corporation,NVDA,^GSPC,USD,Nasdaq,SECONDARY_INDIRECT,Technology & Component Supplier,False,2023-10-09,45.13818740844727,4335.66015625,-0.010685746563357634,0.00630385429964031,-0.016989600862997944,2.163751271026589,0.1337608659831262,1.120175663401289,2026-02-28,791,ok,0.0019792778556959826,2.1470056939271682,0.41610866229477883,0.01551368893071099,-0.026199435494068626,0.586307634618903
CMP032,NVIDIA Corporation,NVDA,^GSPC,USD,Nasdaq,SECONDARY_INDIRECT,Technology & Component Supplier,False,2023-10-10,45.6616325378418,4358.240234375,0.011596503081924059,0.005207990781392224,0.0063885123005318345,2.20043972239149,0.13966548212146956,1.1265641757018208,2026-02-28,791,ok,0.0019792778556959826,2.1470056939271682,0.41610866229477883,0.01316086371726529,-0.0015643606353412318,0.5847432739835617
CMP032,NVIDIA Corporation,NVDA,^GSPC,USD,Nasdaq,SECONDARY_INDIRECT,Technology & Component Supplier,False,2023-10-11,46.666622161865234,4376.9501953125,0.02200949830671428,0.00429300817103373,0.01771649013568055,2.2708797950422066,0.1445580753484621,1.1442806658375013,2026-02-28,791,ok,0.0019792778556959826,2.1470056939271682,0.41610866229477883,0.011196390842981258,0.010813107463733023,0.5955563814472947
CMP032,NVIDIA Corporation,NVDA,^GSPC,USD,Nasdaq,SECONDARY_INDIRECT,Technology & Component Supplier,False,2023-10-12,46.805213928222656,4349.60986328125,0.0029698263970490135,-0.00624643434611849,0.009216260743167504,2.280593740199097,0.13740866847547828,1.1534969265806687,2026-02-28,791,ok,0.0019792778556959826,2.1470056939271682,0.41610866229477883,-0.011431852252162644,0.014401678649211658,0.6099580600965064
CMP032,NVIDIA Corporation,NVDA,^GSPC,USD,Nasdaq,SECONDARY_INDIRECT,Technology & Component Supplier,False,2023-10-13,45.325626373291016,4327.77978515625,-0.0316115968874886,-0.005018858888767519,-0.026592737998721083,2.1768889333323047,0.131700174869539,1.1269041885819475,2026-02-28,791,ok,0.0019792778556959826,2.1470056939271682,0.41610866229477883,-0.00879624075550486,-0.022815356131983742,0.5871427039645227
CMP032,NVIDIA Corporation,NVDA,^GSPC,USD,Nasdaq,SECONDARY_INDIRECT,Technology & Component Supplier,False,2023-10-16,45.95774459838867,4373.6298828125,0.013946155313810271,0.01059436938392988,0.003351785929880391,2.221194319811282,0.14368982455396484,1.130255974511828,2026-02-28,791,ok,0.0019792778556959826,2.1470056939271682,0.41610866229477883,0.0247254492465611,-0.01077929393275083,0.5763634100317719
CMP032,NVIDIA Corporation,NVDA,^GSPC,USD,Nasdaq,SECONDARY_INDIRECT,Technology & Component Supplier,False,2023-10-17,43.807159423828125,4373.2001953125,-0.0467948371564767,-9.824505308242415e-05,-0.046696592103394274,2.0704590561663454,0.14357746268644167,1.0835593824084335,2026-02-28,791,ok,0.0019792778556959826,2.1470056939271682,0.41610866229477883,0.001768345167327841,-0.04856318232380454,0.5278002277079674
CMP032,NVIDIA Corporation,NVDA,^GSPC,USD,Nasdaq,SECONDARY_INDIRECT,Technology & Component Supplier,False,2023-10-18,42.070350646972656,4314.60009765625,-0.03964668788615322,-0.013399820506516447,-0.026246867379636774,1.9487255242993058,0.12825372995114592,1.0573125150287968,2026-02-28,791,ok,0.0019792778556959826,2.1470056939271682,0.41610866229477883,-0.026790213069396857,-0.012856474816756364,0.5149437528912111
CMP032,NVIDIA Corporation,NVDA,^GSPC,USD,Nasdaq,SECONDARY_INDIRECT,Technology & Component Supplier,False,2023-10-19,41.97564315795898,4278.0,-0.002251169471070069,-0.008482848196321058,0.006231678725250989,1.942087443420438,0.11868292483303744,1.0635441937540477,2026-02-28,791,ok,0.0019792778556959826,2.1470056939271682,0.41610866229477883,-0.01623344552252514,0.013982276051455071,0.5289260289426662
CMP032,NVIDIA Corporation,NVDA,^GSPC,USD,Nasdaq,SECONDARY_INDIRECT,Technology & Component Supplier,False,2023-10-20,41.26375961303711,4224.16015625,-0.016959443414433784,-0.012585283719027562,-0.004374159695406221,1.892191277903433,0.10460398283238215,1.0591700340586416,2026-02-28,791,ok,0.0019792778556959826,2.1470056939271682,0.41610866229477883,-0.025041397948745082,0.008081954534311299,0.5370079834769774
CMP032,NVIDIA Corporation,NVDA,^GSPC,USD,Nasdaq,SECONDARY_INDIRECT,Technology & Component Supplier,False,2023-10-23,42.8470344543457,4217.0400390625,0.038369621579715796,-0.0016855698941634634,0.04005519147387926,2.0031635627727424,0.10274209561394687,1.0992252255325208,2026-02-28,791,ok,0.0019792778556959826,2.1470056939271682,0.41610866229477883,-0.0016396503045851877,0.040009271884300986,0.5770172553612785
CMP032,NVIDIA Corporation,NVDA,^GSPC,USD,Nasdaq,SECONDARY_INDIRECT,Technology & Component Supplier,False,2023-10-24,43.532981872558594,4247.68017578125,0.016009215735660387,0.007265792222727274,0.008743423512933113,2.051241856138646,0.11075439055593272,1.107968649045454,2026-02-28,791,ok,0.0019792778556959826,2.1470056939271682,0.41610866229477883,0.017578975128783175,-0.0015697593931227882,0.5754474959681557
CMP032,NVIDIA Corporation,NVDA,^GSPC,USD,Nasdaq,SECONDARY_INDIRECT,Technology & Component Supplier,False,2023-10-25,41.65459060668945,4186.77001953125,-0.04314869290066259,-0.014339628627712542,-0.028809064272950047,1.9195847583224719,0.09482658509875952,1.079159584772504,2026-02-28,791,ok,0.0019792778556959826,2.1470056939271682,0.41610866229477883,-0.028807986456803873,-0.014340706443858715,0.5611067895242969
CMP032,NVIDIA Corporation,NVDA,^GSPC,USD,Nasdaq,SECONDARY_INDIRECT,Technology & Component Supplier,False,2023-10-26,40.2059211730957,4137.22998046875,-0.03477814599769713,-0.011832519778109618,-0.02294562621958751,1.8180470133448816,0.08187202787697823,1.0562139585529164,2026-02-28,791,ok,0.0019792778556959826,2.1470056939271682,0.41610866229477883,-0.023425209481411198,-0.011352936516285932,0.549753853008011
CMP032,NVIDIA Corporation,NVDA,^GSPC,USD,Nasdaq,SECONDARY_INDIRECT,Technology & Component Supplier,False,2023-10-27,40.37939834594727,4117.3701171875,0.004314717031471904,-0.004800280229768528,0.009114997261240432,1.8302060887888492,0.07667873897042088,1.0653289558141568,2026-02-28,791,ok,0.0019792778556959826,2.1470056939271682,0.41610866229477883,-0.008326951130063062,0.012641668161534966,0.562395521169546
CMP032,NVIDIA Corporation,NVDA,^GSPC,USD,Nasdaq,SECONDARY_INDIRECT,Technology & Component Supplier,False,2023-10-30,41.03843688964844,4166.81982421875,0.016321158083013154,0.012010022325859904,0.0043111357571532505,1.8763983297714781,0.08960967466323422,1.06964009157131,2026-02-28,791,ok,0.0019792778556959826,2.1470056939271682,0.41610866229477883,0.02776486417350961,-0.011443706090496455,0.5509518150790496
CMP032,NVIDIA Corporation,NVDA,^GSPC,USD,Nasdaq,SECONDARY_INDIRECT,Technology & Component Supplier,False,2023-10-31,40.6585693359375,4193.7998046875,-0.009256384562901232,0.006474957307233353,-0.015731341870134585,1.8497732806750267,0.09666485078822706,1.0539087497011754,2026-02-28,791,ok,0.0019792778556959826,2.1470056939271682,0.41610866229477883,0.015881048062261316,-0.025137432625162548,0.525814382453887
CMP032,NVIDIA Corporation,NVDA,^GSPC,USD,Nasdaq,SECONDARY_INDIRECT,Technology & Component Supplier,False,2023-11-01,42.19896697998047,4237.85986328125,0.037886174285070906,0.010505999486313922,0.027380174798756984,1.957740287859619,0.10818641114726679,1.0812889244999324,2026-02-28,791,ok,0.0019792778556959826,2.1470056939271682,0.41610866229477883,0.024535718573207875,0.013350455711863031,0.53916483816575
CMP032,NVIDIA Corporation,NVDA,^GSPC,USD,Nasdaq,SECONDARY_INDIRECT,Technology & Component Supplier,False,2023-11-02,43.3764533996582,4317.77978515625,0.027903204839974993,0.01885855702012762,0.009044647819847373,2.0402707209752124,0.12908520777081822,1.0903335723197798,2026-02-28,791,ok,0.0019792778556959826,2.1470056939271682,0.41610866229477883,0.042468707157160154,-0.014565502317185161,0.5245993358485649
CMP032,NVIDIA Corporation,NVDA,^GSPC,USD,Nasdaq,SECONDARY_INDIRECT,Technology & Component Supplier,False,2023-11-03,44.87099075317383,4358.33984375,0.034455038076658395,0.009393730253031363,0.025061307823627033,2.145023364429763,0.13969152964530518,1.1153948801434068,2026-02-28,791,ok,0.0019792778556959826,2.1470056939271682,0.41610866229477883,0.02214767019617022,0.012307367880488175,0.536906703729053
CMP032,NVIDIA Corporation,NVDA,^GSPC,USD,Nasdaq,SECONDARY_INDIRECT,Technology & Component Supplier,False,2023-11-06,45.61476516723633,4365.97998046875,0.01657584112982602,0.0017529924220356374,0.014822848707790381,2.1971547720681417,0.14168940026023158,1.1302177288511972,2026-02-28,791,ok,0.0019792778556959826,2.1470056939271682,0.41610866229477883,0.005742962567217674,0.010832878562608346,0.5477395822916614
CMP032,NVIDIA Corporation,NVDA,^GSPC,USD,Nasdaq,SECONDARY_INDIRECT,Technology & Component Supplier,False,2023-11-07,45.81816482543945,4378.3798828125,0.0044590749827913,0.0028401189192852616,0.0016189560635060385,2.2114111249283828,0.14493193392585813,1.1318366849147032,2026-02-28,791,ok,0.0019792778556959826,2.1470056939271682,0.41610866229477883,0.008077029346831716,-0.0036179543640404155,0.544121627927621
CMP032,NVIDIA Corporation,NVDA,^GSPC,USD,Nasdaq,SECONDARY_INDIRECT,Technology & Component Supplier,False,2023-11-08,46.4353141784668,4382.77978515625,0.01346953452584998,0.0010049156221052513,0.012464618903744729,2.2546673379523043,0.14608249391250738,1.144301303818448,2026-02-28,791,ok,0.0019792778556959826,2.1470056939271682,0.41610866229477883,0.0041368374182723195,0.00933269710757766,0.5534543250351986
CMP032,NVIDIA Corporation,NVDA,^GSPC,USD,Nasdaq,SECONDARY_INDIRECT,Technology & Component Supplier,False,2023-11-09,46.81019973754883,4347.35009765625,0.008073285724765844,-0.008083839306732843,0.016157125031498687,2.2809431973106564,0.13681774719945916,1.1604584288499467,2026-02-28,791,ok,0.0019792778556959826,2.1470056939271682,0.41610866229477883,-0.015376771164651684,0.02345005688941753,0.5769043819246161
CMP032,NVIDIA Corporation,NVDA,^GSPC,USD,Nasdaq,SECONDARY_INDIRECT,Technology & Component Supplier,False,2023-11-10,48.19107437133789,4415.240234375,0.029499439043866982,0.015616441094852496,0.013882997949014486,2.3777291811661123,0.15457079458418232,1.1743414267989611,2026-02-28,791,ok,0.0019792778556959826,2.1470056939271682,0.41610866229477883,0.03550786580522251,-0.0060084267613555314,0.5708959551632606
CMP032,NVIDIA Corporation,NVDA,^GSPC,USD,Nasdaq,SECONDARY_INDIRECT,Technology & Component Supplier,False,2023-11-13,48.47522735595703,4411.5498046875,0.005896382023558688,-0.0008358389332403515,0.00673222095679904,2.3976455627903897,0.15360575936288656,1.1810736477557602,2026-02-28,791,ok,0.0019792778556959826,2.1470056939271682,0.41610866229477883,0.00018472690682293756,0.005711655116735751,0.5766076102799964
CMP032,NVIDIA Corporation,NVDA,^GSPC,USD,Nasdaq,SECONDARY_INDIRECT,Technology & Component Supplier,False,2023-11-14,49.50813293457031,4495.7001953125,0.021307905809880623,0.019075017703661823,0.0022328881062188,2.470042274417686,0.1756108096457798,1.183306535861979,2026-02-28,791,ok,0.0019792778556959826,2.1470056939271682,0.41610866229477883,0.04293344947721945,-0.021625543667338827,0.5549820666126576
CMP032,NVIDIA Corporation,NVDA,^GSPC,USD,Nasdaq,SECONDARY_INDIRECT,Technology & Component Supplier,False,2023-11-15,48.742431640625,4502.8798828125,-0.015466171890530789,0.0015970120755575135,-0.017063183966088302,2.4163740041341337,0.17748827430493996,1.1662433518958908,2026-02-28,791,ok,0.0019792778556959826,2.1470056939271682,0.41610866229477883,0.005408071875188409,-0.020874243765719197,0.5341078228469384
CMP032,NVIDIA Corporation,NVDA,^GSPC,USD,Nasdaq,SECONDARY_INDIRECT,Technology & Component Supplier,False,2023-11-16,49.33266067504883,4508.240234375,0.012109142169507425,0.0011904273935798848,0.01091871477592754,2.457743362654403,0.17888998860229166,1.1771620666718183,2026-02-28,791,ok,0.0019792778556959826,2.1470056939271682,0.41610866229477883,0.004535132247918874,0.007574009921588552,0.5416818327685269
CMP032,NVIDIA Corporation,NVDA,^GSPC,USD,Nasdaq,SECONDARY_INDIRECT,Technology & Component Supplier,False,2023-11-17,49.15120697021485,4514.02001953125,-0.003678165790189203,0.0012820490603360213,-0.004960214850525224,2.445025209306634,0.1804013834044187,1.172201851821293,2026-02-28,791,ok,0.0019792778556959826,2.1470056939271682,0.41610866229477883,0.004731844488131395,-0.008410010278320598,0.5332718224902063
CMP032,NVIDIA Corporation,NVDA,^GSPC,USD,Nasdaq,SECONDARY_INDIRECT,Technology & Component Supplier,False,2023-11-20,50.25889205932617,4547.3798828125,0.02253627443538808,0.007390278097329839,0.015145996338058243,2.5226632428603986,0.18912487789425025,1.1873478481593513,2026-02-28,791,ok,0.0019792778556959826,2.1470056939271682,0.41610866229477883,0.017846247010368382,0.004690027425019699,0.537961849915226
CMP032,NVIDIA Corporation,NVDA,^GSPC,USD,Nasdaq,SECONDARY_INDIRECT,Technology & Component Supplier,False,2023-11-21,49.79528427124024,4538.18994140625,-0.009224393318075563,-0.0020209310950652926,-0.007203462223010271,2.490168811581127,0.1867217384525981,1.180144385936341,2026-02-28,791,ok,0.0019792778556959826,2.1470056939271682,0.41610866229477883,-0.0023596727124436676,-0.006864720605631896,0.5310971293095941
CMP032,NVIDIA Corporation,NVDA,^GSPC,USD,Nasdaq,SECONDARY_INDIRECT,Technology & Component Supplier,False,2023-11-22,48.5709342956543,4556.6201171875,-0.024587669163946946,0.00406112922094648,-0.028648798384893426,2.404353695515644,0.1915411687817603,1.1514955875514477,2026-02-28,791,ok,0.0019792778556959826,2.1470056939271682,0.41610866229477883,0.01069854541684208,-0.035286214580789024,0.49581091472880506
CMP032,NVIDIA Corporation,NVDA,^GSPC,USD,Nasdaq,SECONDARY_INDIRECT,Technology & Component Supplier,False,2023-11-24,47.63373565673828,4559.33984375,-0.019295462451087042,0.0005968736678840791,-0.01989233611897112,2.3386651166136025,0.19225236832960602,1.1316032514324765,2026-02-28,791,ok,0.0019792778556959826,2.1470056939271682,0.41610866229477883,0.003260769019198294,-0.022556231470285334,0.4732546832585197
CMP032,NVIDIA Corporation,NVDA,^GSPC,USD,Nasdaq,SECONDARY_INDIRECT,Technology & Component Supplier,False,2023-11-27,48.09835433959961,4550.43017578125,0.00975398373559222,-0.001954157460090089,0.011708141195682309,2.371230401859641,0.18992251946972472,1.1433113926281588,2026-02-28,791,ok,0.0019792778556959826,2.1470056939271682,0.41610866229477883,-0.002216309337947692,0.011970293073539912,0.48522497633205963
CMP032,NVIDIA Corporation,NVDA,^GSPC,USD,Nasdaq,SECONDARY_INDIRECT,Technology & Component Supplier,False,2023-11-28,47.6786003112793,4554.89013671875,-0.00872699355484452,0.0009801185306033133,-0.009707112085447833,2.3418096958707157,0.19108878458103917,1.133604280542711,2026-02-28,791,ok,0.0019792778556959826,2.1470056939271682,0.41610866229477883,0.004083597921624826,-0.012810591476469346,0.4724143848555903
CMP032,NVIDIA Corporation,NVDA,^GSPC,USD,Nasdaq,SECONDARY_INDIRECT,Technology & Component Supplier,False,2023-11-29,47.99665069580078,4550.580078125,0.00667071563437327,-0.0009462486392383118,0.007616964273611582,2.3641019580560605,0.18996171843941734,1.1412212448163226,2026-02-28,791,ok,0.0019792778556959826,2.1470056939271682,0.41610866229477883,-5.232336061950773e-05,0.006723038994992778,0.47913742385058306
CMP032,NVIDIA Corporation,NVDA,^GSPC,USD,Nasdaq,SECONDARY_INDIRECT,Technology & Component Supplier,False,2023-11-30,46.63072967529297,4567.7998046875,-0.028458673692981606,0.0037840728581564065,-0.03224274655113801,2.2683640781618224,0.194464620280409,1.1089784982651847,2026-02-28,791,ok,0.0019792778556959826,2.1470056939271682,0.41610866229477883,0.01010370382839304,-0.03856237752137465,0.4405750463292084
CMP032,NVIDIA Corporation,NVDA,^GSPC,USD,Nasdaq,SECONDARY_INDIRECT,Technology & Component Supplier,False,2023-12-01,46.62575149536133,4594.6298828125,-0.00010675749588962002,0.005873742123607695,-0.005980499619497315,2.2680151557971824,0.201480597435709,1.1029979986456873,2026-02-28,791,ok,0.0019792778556959826,2.1470056939271682,0.41610866229477883,0.01459023563974156,-0.01469699313563118,0.42587805319357724
CMP032,NVIDIA Corporation,NVDA,^GSPC,USD,Nasdaq,SECONDARY_INDIRECT,Technology & Component Supplier,False,2023-12-04,45.37448501586914,4569.77978515625,-0.02683638202843064,-0.005408509126972105,-0.021427872901458533,2.1803134526015078,0.19498237865859802,1.0815701257442287,2026-02-28,791,ok,0.0019792778556959826,2.1470056939271682,0.41610866229477883,-0.009632822035570185,-0.017203559992860454,0.4086744932007168
CMP032,NVIDIA Corporation,NVDA,^GSPC,USD,Nasdaq,SECONDARY_INDIRECT,Technology & Component Supplier,False,2023-12-05,46.431419372558594,4567.18017578125,0.023293583526508455,-0.0005688697261614362,0.02386245325266989,2.2543943496501595,0.1943025893600827,1.1054325789968986,2026-02-28,791,ok,0.0019792778556959826,2.1470056939271682,0.41610866229477883,0.0007579113145245902,0.022535672211983864,0.4312101654127007
CMP032,NVIDIA Corporation,NVDA,^GSPC,USD,Nasdaq,SECONDARY_INDIRECT,Technology & Component Supplier,False,2023-12-06,45.371490478515625,4549.33984375,-0.022827837450719812,-0.003906202808869552,-0.01892163464185026,2.1801035644358047,0.18963740123088413,1.0865109443550485,2026-02-28,791,ok,0.0019792778556959826,2.1470056939271682,0.41610866229477883,-0.006407361816581244,-0.01642047563413857,0.4147896897785621
CMP032,NVIDIA Corporation,NVDA,^GSPC,USD,Nasdaq,SECONDARY_INDIRECT,Technology & Component Supplier,False,2023-12-07,46.461334228515625,4585.58984375,0.024020452899074618,0.007968189065892917,0.0160522638331817,2.2564910923195143,0.19911665696374925,1.1025632081882302,2026-02-28,791,ok,0.0019792778556959826,2.1470056939271682,0.41610866229477883,0.01908702515045628,0.004933427748618338,0.41972311752718044
CMP032,NVIDIA Corporation,NVDA,^GSPC,USD,Nasdaq,SECONDARY_INDIRECT,Technology & Component Supplier,False,2023-12-08,47.36870956420898,4604.3701171875,0.01952968744355288,0.00409549786994079,0.01543418957361209,2.3200893455152287,0.20402763667815482,1.1179973977618423,2026-02-28,791,ok,0.0019792778556959826,2.1470056939271682,0.41610866229477883,0.010772335101925446,0.008757352341627432,0.4284804698688079
CMP032,NVIDIA Corporation,NVDA,^GSPC,USD,Nasdaq,SECONDARY_INDIRECT,Technology & Component Supplier,False,2023-12-11,46.49224472045898,4622.43994140625,-0.01850303400311004,0.003924494286698943,-0.022427528289808984,2.258657619461797,0.20875283625932584,1.0955698694720333,2026-02-28,791,ok,0.0019792778556959826,2.1470056939271682,0.41610866229477883,0.010405189435023254,-0.028908223438133297,0.39957224643067457
CMP032,NVIDIA Corporation,NVDA,^GSPC,USD,Nasdaq,SECONDARY_INDIRECT,Technology & Component Supplier,False,2023-12-12,47.51926803588867,4643.7001953125,0.02209020712174281,0.00459935752021523,0.01749084960152758,2.330642041214553,0.21431232270685663,1.1130607190735609,2026-02-28,791,ok,0.0019792778556959826,2.1470056939271682,0.41610866229477883,0.011854124640004822,0.010236082481737989,0.40980832891241253
CMP032,NVIDIA Corporation,NVDA,^GSPC,USD,Nasdaq,SECONDARY_INDIRECT,Technology & Component Supplier,False,2023-12-13,47.94902420043945,4707.08984375,0.009043829636142808,0.013650676351045998,-0.00460684671490319,2.3607638004142726,0.23088850721321474,1.1084538723586577,2026-02-28,791,ok,0.0019792778556959826,2.1470056939271682,0.41610866229477883,0.03128735770734868,-0.022243528071205873,0.38756480084120665
CMP032,NVIDIA Corporation,NVDA,^GSPC,USD,Nasdaq,SECONDARY_INDIRECT,Technology & Component Supplier,False,2023-12-14,48.21025848388672,4719.5498046875,0.005448166835580137,0.0026470624846992585,0.0028011043508808786,2.3790738022939077,0.23414674600350627,1.1112549767095385,2026-02-28,791,ok,0.0019792778556959826,2.1470056939271682,0.41610866229477883,0.007662536082526288,-0.002214369246946151,0.3853504315942605
CMP032,NVIDIA Corporation,NVDA,^GSPC,USD,Nasdaq,SECONDARY_INDIRECT,Technology & Component Supplier,False,2023-12-15,48.74870300292969,4719.18994140625,0.011168671066614122,-7.62494933082003e-05,0.011244920559922322,2.4168135661015415,0.2340526429394556,1.1224998972694609,2026-02-28,791,ok,0.0019792778556959826,2.1470056939271682,0.41610866229477883,0.001815569759404215,0.009353101307209908,0.3947035329014704
CMP032,NVIDIA Corporation,NVDA,^GSPC,USD,Nasdaq,SECONDARY_INDIRECT,Technology & Component Supplier,False,2023-12-18,49.93227767944336,4740.56005859375,0.02427910084997631,0.004528344366900416,0.019750756483075893,2.499770727258488,0.23964085827356896,1.1422506537525368,2026-02-28,791,ok,0.0019792778556959826,2.1470056939271682,0.41610866229477883,0.011701658995494194,0.012577441854482115,0.40728097475595254
CMP032,NVIDIA Corporation,NVDA,^GSPC,USD,Nasdaq,SECONDARY_INDIRECT,Technology & Component Supplier,False,2023-12-19,49.460636138916016,4768.3701171875,-0.009445624402619868,0.005866407818910568,-0.015312032221530436,2.4667132074735205,0.246913097097186,1.1269386215310062,2026-02-28,791,ok,0.0019792778556959826,2.1470056939271682,0.41610866229477883,0.014574488845795833,-0.0240201132484157,0.38326086150753685
CMP032,NVIDIA Corporation,NVDA,^GSPC,USD,Nasdaq,SECONDARY_INDIRECT,Technology & Component Supplier,False,2023-12-20,47.97195816040039,4698.35009765625,-0.0300982376032225,-0.014684266911006771,-0.015413970692215728,2.362371249652753,0.22860309236458076,1.1115246508387906,2026-02-28,791,ok,0.0019792778556959826,2.1470056939271682,0.41610866229477883,-0.029547926813381864,-0.0005503107898406356,0.3827105507176962
CMP032,NVIDIA Corporation,NVDA,^GSPC,USD,Nasdaq,SECONDARY_INDIRECT,Technology & Component Supplier,False,2023-12-21,48.84842300415039,4746.75,0.018270357879063948,0.010301467821202559,0.007968890057861389,2.4238029757061845,0.24125950758560455,1.119493540896652,2026-02-28,791,ok,0.0019792778556959826,2.1470056939271682,0.41610866229477883,0.024096587923625373,-0.005826230044561426,0.3768843206731348
CMP032,NVIDIA Corporation,NVDA,^GSPC,USD,Nasdaq,SECONDARY_INDIRECT,Technology & Component Supplier,False,2023-12-22,48.688873291015625,4754.6298828125,-0.0032662203469948636,0.0016600585268868873,-0.004926278873881751,2.4126200807628315,0.24332007101525144,1.1145672620227702,2026-02-28,791,ok,0.0019792778556959826,2.1470056939271682,0.41610866229477883,0.005543432965174477,-0.00880965331216934,0.3680746673609655
CMP032,NVIDIA Corporation,NVDA,^GSPC,USD,Nasdaq,SECONDARY_INDIRECT,Technology & Component Supplier,False,2023-12-26,49.13658142089844,4774.75,0.009195286307137174,0.0042316894655107795,0.004963596841626394,2.444000099462931,0.24858141546202472,1.1195308588643966,2026-02-28,791,ok,0.0019792778556959826,2.1470056939271682,0.41610866229477883,0.011064739233079242,-0.0018694529259420684,0.3662052144350234
CMP032,NVIDIA Corporation,NVDA,^GSPC,USD,Nasdaq,SECONDARY_INDIRECT,Technology & Component Supplier,False,2023-12-27,49.27418518066406,4781.580078125,0.0028004341325036375,0.0014304577464787638,0.0013699763860248737,2.453644794893813,0.25036745841988184,1.1209008352504215,2026-02-28,791,ok,0.0019792778556959826,2.1470056939271682,0.41610866229477883,0.005050478782308115,-0.0022500446498044772,0.3639551697852189
CMP032,NVIDIA Corporation,NVDA,^GSPC,USD,Nasdaq,SECONDARY_INDIRECT,Technology & Component Supplier,False,2023-12-28,49.37887573242188,4783.35009765625,0.002124653129706111,0.0003701746080437829,0.0017544785216623282,2.4609825921161774,0.25083031270371303,1.1226553137720838,2026-02-28,791,ok,0.0019792778556959826,2.1470056939271682,0.41610866229477883,0.002774044846913242,-0.000649391717207131,0.3633057780680118
CMP032,NVIDIA Corporation,NVDA,^GSPC,USD,Nasdaq,SECONDARY_INDIRECT,Technology & Component Supplier,False,2023-12-29,49.37887573242188,4769.830078125,0.0,-0.0028264750133749628,0.0028264750133749628,2.4609825921161774,0.2472948720788839,1.125481788785459,2026-02-28,791,ok,0.0019792778556959826,2.1470056939271682,0.41610866229477883,-0.004089180091762931,0.004089180091762931,0.36739495815977474
CMP032,NVIDIA Corporation,NVDA,^GSPC,USD,Nasdaq,SECONDARY_INDIRECT,Technology & Component Supplier,False,2024-01-02,48.02879333496094,4742.830078125,-0.02734129478315539,-0.005660579005492328,-0.021680715777663062,2.3663548468257596,0.2402344609123359,1.1038010730077958,2026-02-28,791,ok,0.0019792778556959826,2.1470056939271682,0.41610866229477883,-0.010174017500020633,-0.017167277283134757,0.35022768087663997
CMP032,NVIDIA Corporation,NVDA,^GSPC,USD,Nasdaq,SECONDARY_INDIRECT,Technology & Component Supplier,False,2024-01-03,47.431522369384766,4704.81005859375,-0.012435685431668064,-0.008016314922730805,-0.004419370508937259,2.3244919168992633,0.23029235089563937,1.0993817024988586,2026-02-28,791,ok,0.0019792778556959826,2.1470056939271682,0.41610866229477883,-0.015231795927720384,0.00279611049605232,0.3530237913726923
CMP032,NVIDIA Corporation,NVDA,^GSPC,USD,Nasdaq,SECONDARY_INDIRECT,Technology & Component Supplier,False,2024-01-04,47.85928726196289,4688.68017578125,0.009018578177752756,-0.0034283812973570083,0.012446959475109765,2.3544741071531265,0.22607443960954732,1.1118286619739683,2026-02-28,791,ok,0.0019792778556959826,2.1470056939271682,0.41610866229477883,-0.005381476310682926,0.014400054488435683,0.367423845861128
CMP032,NVIDIA Corporation,NVDA,^GSPC,USD,Nasdaq,SECONDARY_INDIRECT,Technology & Component Supplier,False,2024-01-05,48.9551010131836,4697.240234375,0.022896574811543946,0.0018256861788026324,0.021070888632741314,2.431280074500945,0.22831286676812557,1.1328995506067097,2026-02-28,791,ok,0.0019792778556959826,2.1470056939271682,0.41610866229477883,0.005899036476909369,0.016997538334634577,0.38442138419576255
CMP032,NVIDIA Corporation,NVDA,^GSPC,USD,Nasdaq,SECONDARY_INDIRECT,Technology & Component Supplier,False,2024-01-08,52.10198211669922,4763.5400390625,0.0642809643609592,0.014114629309846638,0.050166335051112565,2.6518460666824097,0.2456500475590726,1.1830658856578222,2026-02-28,791,ok,0.0019792778556959826,2.1470056939271682,0.41610866229477883,0.03228346735160801,0.03199749700935119,0.4164188812051137
CMP032,NVIDIA Corporation,NVDA,^GSPC,USD,Nasdaq,SECONDARY_INDIRECT,Technology & Component Supplier,False,2024-01-09,52.98642349243164,4756.5,0.01697519633228972,-0.0014779006799081618,0.018453097012197883,2.7138368706396436,0.24380910050685745,1.20151898267002,2026-02-28,791,ok,0.0019792778556959826,2.1470056939271682,0.41610866229477883,-0.0011937833191256741,0.018168979651415396,0.4345878608565291
CMP032,NVIDIA Corporation,NVDA,^GSPC,USD,Nasdaq,SECONDARY_INDIRECT,Technology & Component Supplier,False,2024-01-10,54.19292449951172,4783.4501953125,0.022770002720648108,0.00566597189372442,0.01710403082692369,2.7984009462881514,0.25085648791148785,1.2186230134969438,2026-02-28,791,ok,0.0019792778556959826,2.1470056939271682,0.41610866229477883,0.014144151773153611,0.008625850947494497,0.44321371180402364
CMP032,NVIDIA Corporation,NVDA,^GSPC,USD,Nasdaq,SECONDARY_INDIRECT,Technology & Component Supplier,False,2024-01-11,54.66355895996094,4780.240234375,0.008684426330479056,-0.0006710555783868699,0.009355481908865926,2.831387879479813,0.25001709368751346,1.2279784954058097,2026-02-28,791,ok,0.0019792778556959826,2.1470056939271682,0.41610866229477883,0.0005385177079577838,0.008145908622521273,0.4513596204265449
CMP032,NVIDIA Corporation,NVDA,^GSPC,USD,Nasdaq,SECONDARY_INDIRECT,Technology & Component Supplier,False,2024-01-12,54.55188751220703,4783.830078125,-0.0020428865203544477,0.0007509755941104146,-0.0027938621144648623,2.8235607888265744,0.25095582601709365,1.2251846332913447,2026-02-28,791,ok,0.0019792778556959826,2.1470056939271682,0.41610866229477883,0.0035916267322513807,-0.0056345132526058285,0.4457251071739391
CMP032,NVIDIA Corporation,NVDA,^GSPC,USD,Nasdaq,SECONDARY_INDIRECT,Technology & Component Supplier,False,2024-01-16,56.21905899047852,4765.97998046875,0.030561206115891526,-0.0037313402367431525,0.03429254635263468,2.940413418190544,0.24628808420908777,1.2594771796439794,2026-02-28,791,ok,0.0019792778556959826,2.1470056939271682,0.41610866229477883,-0.006031930878571113,0.036593136994462636,0.48231824416840174
CMP032,NVIDIA Corporation,NVDA,^GSPC,USD,Nasdaq,SECONDARY_INDIRECT,Technology & Component Supplier,False,2024-01-17,55.89101028442383,4739.2099609375,-0.0058351867132862,-0.005616897183990499,-0.000218289529295701,2.917420370167864,0.23928781217845274,1.2592588901146837,2026-02-28,791,ok,0.0019792778556959826,2.1470056939271682,0.41610866229477883,-0.010080232380535096,0.004245045667248896,0.4865632898356506
CMP032,NVIDIA Corporation,NVDA,^GSPC,USD,Nasdaq,SECONDARY_INDIRECT,Technology & Component Supplier,False,2024-01-18,56.94195556640625,4780.93994140625,0.01880347620546252,0.008805260963896,0.009998215241566522,2.9910814908851093,0.25020006477405965,1.2692571053562502,2026-02-28,791,ok,0.0019792778556959826,2.1470056939271682,0.41610866229477883,0.02088422328169532,-0.0020807470762327987,0.4844825427594178
CMP032,NVIDIA Corporation,NVDA,^GSPC,USD,Nasdaq,SECONDARY_INDIRECT,Technology & Component Supplier,False,2024-01-19,59.319068908691406,4839.81005859375,0.04174625403430232,0.012313502764936146,0.029432751269366175,3.1576941926752014,0.2655944067283784,1.2986898566256164,2026-02-28,791,ok,0.0019792778556959826,2.1470056939271682,0.41610866229477883,0.02841643840420182,0.013329815630100501,0.4978123583895183
CMP032,NVIDIA Corporation,NVDA,^GSPC,USD,Nasdaq,SECONDARY_INDIRECT,Technology & Component Supplier,False,2024-01-22,59.48159408569336,4850.43017578125,0.0027398470675952247,0.0021943252026270788,0.0005455218649681459,3.16908563891696,0.26837153243136647,1.2992353784905846,2026-02-28,791,ok,0.0019792778556959826,2.1470056939271682,0.41610866229477883,0.006690506560064208,-0.003950659492468984,0.49386169889704934
CMP032,NVIDIA Corporation,NVDA,^GSPC,USD,Nasdaq,SECONDARY_INDIRECT,Technology & Component Supplier,False,2024-01-23,59.69996643066406,4864.60009765625,0.0036712591235550374,0.002921374261968035,0.0007498848615870024,3.1843914326057163,0.2720769203808244,1.2999852633521716,2026-02-28,791,ok,0.0019792778556959826,2.1470056939271682,0.41610866229477883,0.008251485030233633,-0.004580225906678595,0.4892814729903707
CMP032,NVIDIA Corporation,NVDA,^GSPC,USD,Nasdaq,SECONDARY_INDIRECT,Technology & Component Supplier,False,2024-01-24,61.184661865234375,4868.5498046875,0.0248692842448186,0.0008119284117831249,0.024057355833035476,3.2884542525347715,0.2731097557744553,1.324042619185207,2026-02-28,791,ok,0.0019792778556959826,2.1470056939271682,0.41610866229477883,0.0037224927788555946,0.021146791465963006,0.5104282644563337
CMP032,NVIDIA Corporation,NVDA,^GSPC,USD,Nasdaq,SECONDARY_INDIRECT,Technology & Component Supplier,False,2024-01-25,61.438926696777344,4894.16015625,0.004155695623569988,0.005260365527706368,-0.0011046699041363794,3.30627576310391,0.279806778446718,1.3229379492810707,2026-02-28,791,ok,0.0019792778556959826,2.1470056939271682,0.41610866229477883,0.013273312595819747,-0.009117616972249758,0.5013106474840839
CMP032,NVIDIA Corporation,NVDA,^GSPC,USD,Nasdaq,SECONDARY_INDIRECT,Technology & Component Supplier,False,2024-01-26,60.85462188720703,4890.97021484375,-0.009510335563869154,-0.0006517852510764532,-0.008858550312792701,3.2653216355662353,0.2789726192642987,1.314079398968278,2026-02-28,791,ok,0.0019792778556959826,2.1470056939271682,0.41610866229477883,0.0005798912104170886,-0.010090226774286244,0.4912204207097977
CMP032,NVIDIA Corporation,NVDA,^GSPC,USD,Nasdaq,SECONDARY_INDIRECT,Technology & Component Supplier,False,2024-01-29,62.28446960449219,4927.93017578125,0.02349612359658315,0.007556774896180896,0.015939348700402256,3.36554015989468,0.2886375274464579,1.3300187476686802,2026-02-28,791,ok,0.0019792778556959826,2.1470056939271682,0.41610866229477883,0.01820371658552225,0.005292407011060901,0.4965128277208586
CMP032,NVIDIA Corporation,NVDA,^GSPC,USD,Nasdaq,SECONDARY_INDIRECT,Technology & Component Supplier,False,2024-01-30,62.59257507324219,4924.97021484375,0.004946746286939252,-0.0006006499345398986,0.005547396221479151,3.3871353794711228,0.2878635073999516,1.3355661438901594,2026-02-28,791,ok,0.0019792778556959826,2.1470056939271682,0.41610866229477883,0.0006896790261818396,0.004257067260757412,0.500769894981616
CMP032,NVIDIA Corporation,NVDA,^GSPC,USD,Nasdaq,SECONDARY_INDIRECT,Technology & Component Supplier,False,2024-01-31,61.34918594360352,4845.64990234375,-0.019864802305764262,-0.016105744611597972,-0.00375905769416629,3.2999858024693047,0.2671215066551711,1.331807086195993,2026-02-28,791,ok,0.0019792778556959826,2.1470056939271682,0.41610866229477883,-0.032599847530341675,0.012735045224577413,0.5135049402061933
CMP032,NVIDIA Corporation,NVDA,^GSPC,USD,Nasdaq,SECONDARY_INDIRECT,Technology & Component Supplier,False,2024-02-01,62.84485626220703,4906.18994140625,0.024379627791286884,0.012493688211609788,0.011885939579677096,3.4048178558413245,0.282952527685546,1.34369302577567,2026-02-28,791,ok,0.0019792778556959826,2.1470056939271682,0.41610866229477883,0.028803297584172938,-0.0044236697928860536,0.5090812704133072
CMP032,NVIDIA Corporation,NVDA,^GSPC,USD,Nasdaq,SECONDARY_INDIRECT,Technology & Component Supplier,False,2024-02-02,65.96880340576172,4958.60986328125,0.04970887562413484,0.01068444607751462,0.03902442954662022,3.623776398784309,0.29666016478761326,1.3827174553222903,2026-02-28,791,ok,0.0019792778556959826,2.1470056939271682,0.41610866229477883,0.024918844420577672,0.024790031203557168,0.5338713016168644
CMP032,NVIDIA Corporation,NVDA,^GSPC,USD,Nasdaq,SECONDARY_INDIRECT,Technology & Component Supplier,False,2024-02-05,69.13162994384766,4942.81005859375,0.04794427630636244,-0.0031863375266721894,0.05113061383303463,3.8454600120264617,0.29252856784520964,1.4338480691553248,2026-02-28,791,ok,0.0019792778556959826,2.1470056939271682,0.41610866229477883,-0.004861806956843019,0.05280608326320546,0.5866773848800698
CMP032,NVIDIA Corporation,NVDA,^GSPC,USD,Nasdaq,SECONDARY_INDIRECT,Technology & Component Supplier,False,2024-02-06,68.02584075927734,4954.22998046875,-0.015995416070306634,0.0023104108269635937,-0.018305826897270228,3.767954863082066,0.2955148398425189,1.4155422422580546,2026-02-28,791,ok,0.0019792778556959826,2.1470056939271682,0.41610866229477883,0.006939743056497796,-0.02293515912680443,0.5637422257532654
CMP032,NVIDIA Corporation,NVDA,^GSPC,USD,Nasdaq,SECONDARY_INDIRECT,Technology & Component Supplier,False,2024-02-07,69.89640808105469,4995.06005859375,0.027497893460761702,0.008241457963390042,0.01925643549737166,3.899063577932817,0.3061917709360291,1.4347986777554262,2026-02-28,791,ok,0.0019792778556959826,2.1470056939271682,0.41610866229477883,0.019673735029355807,0.007824158431405895,0.5715663841846713
CMP032,NVIDIA Corporation,NVDA,^GSPC,USD,Nasdaq,SECONDARY_INDIRECT,Technology & Component Supplier,False,2024-02-08,69.4397201538086,4997.91015625,-0.006533782490174556,0.0005705832608251526,-0.007104365750999708,3.867054162109068,0.30693706209595284,1.4276943120044265,2026-02-28,791,ok,0.0019792778556959826,2.1470056939271682,0.41610866229477883,0.003204323365547116,-0.009738105855721671,0.5618282783289497
CMP032,NVIDIA Corporation,NVDA,^GSPC,USD,Nasdaq,SECONDARY_INDIRECT,Technology & Component Supplier,False,2024-02-09,71.9245376586914,5026.60986328125,0.03578380643497625,0.0057423415255595245,0.030041464909416726,4.041215886154524,0.3144419410589192,1.4577357769138433,2026-02-28,791,ok,0.0019792778556959826,2.1470056939271682,0.41610866229477883,0.014308117807546704,0.021475688627429546,0.5833039669563792
CMP032,NVIDIA Corporation,NVDA,^GSPC,USD,Nasdaq,SECONDARY_INDIRECT,Technology & Component Supplier,False,2024-02-12,72.03919982910156,5021.83984375,0.0015942010076488433,-0.0009489536011326738,0.002543154608781517,4.049252597600007,0.31319459664547145,1.4602789315226248,2026-02-28,791,ok,0.0019792778556959826,2.1470056939271682,0.41610866229477883,-5.813092920855904e-05,0.0016523319368574024,0.5849562988932366
CMP032,NVIDIA Corporation,NVDA,^GSPC,USD,Nasdaq,SECONDARY_INDIRECT,Technology & Component Supplier,False,2024-02-13,71.91954803466797,4953.169921875,-0.0016609262001444636,-0.013674255653625456,0.012013329453480992,4.040866161669506,0.29523763800798175,1.4722922609761058,2026-02-28,791,ok,0.0019792778556959826,2.1470056939271682,0.41610866229477883,-0.027379426892853644,0.02571850069270918,0.6106747995859458
CMP032,NVIDIA Corporation,NVDA,^GSPC,USD,Nasdaq,SECONDARY_INDIRECT,Technology & Component Supplier,False,2024-02-14,73.6864242553711,5000.6201171875,0.024567398836425225,0.009579763275017639,0.014987635561407586,4.16470713114428,0.30764570796499124,1.4872798965375134,2026-02-28,791,ok,0.0019792778556959826,2.1470056939271682,0.41610866229477883,0.022547084153633233,0.002020314682791992,0.6126951142687378
CMP032,NVIDIA Corporation,NVDA,^GSPC,USD,Nasdaq,SECONDARY_INDIRECT,Technology & Component Supplier,False,2024-02-15,72.44802856445312,5029.72998046875,-0.016806293743147682,0.005821250684729495,-0.022627544427877178,4.07790754600094,0.31525784143786595,1.4646523521096362,2026-02-28,791,ok,0.0019792778556959826,2.1470056939271682,0.41610866229477883,0.014477536221587636,-0.03128382996473532,0.5814112843040025
CMP032,NVIDIA Corporation,NVDA,^GSPC,USD,Nasdaq,SECONDARY_INDIRECT,Technology & Component Supplier,False,2024-02-16,72.40312957763672,5005.56982421875,-0.0006197406293321217,-0.0048034698371121065,0.004183729207779985,4.074760560382691,0.30894004006849407,1.4688360813174162,2026-02-28,791,ok,0.0019792778556959826,2.1470056939271682,0.41610866229477883,-0.008333799235191118,0.007714058605858996,0.5891253429098614
CMP032,NVIDIA Corporation,NVDA,^GSPC,USD,Nasdaq,SECONDARY_INDIRECT,Technology & Component Supplier,False,2024-02-20,69.25128173828125,4975.509765625,-0.043531928215558624,-0.006005322001165325,-0.0375266062143933,3.853846447956964,0.30107943364766454,1.4313094751030229,2026-02-28,791,ok,0.0019792778556959826,2.1470056939271682,0.41610866229477883,-0.010914182674672066,-0.03261774554088656,0.5565075973689748
CMP032,NVIDIA Corporation,NVDA,^GSPC,USD,Nasdaq,SECONDARY_INDIRECT,Technology & Component Supplier,False,2024-02-21,67.27700805664062,4981.7998046875,-0.02850883957790018,0.001264199922982101,-0.02977303950088228,3.7154689182363985,0.3027242581674756,1.4015364356021407,2026-02-28,791,ok,0.0019792778556959826,2.1470056939271682,0.41610866229477883,0.0046935222886008415,-0.03320236186650102,0.5233052355024738
CMP032,NVIDIA Corporation,NVDA,^GSPC,USD,Nasdaq,SECONDARY_INDIRECT,Technology & Component Supplier,False,2024-02-22,78.31103515625,5087.02978515625,0.16400888532854796,0.02112288421741404,0.14288600111113392,4.488847719317764,0.33024155183996373,1.5444224367132746,2026-02-28,791,ok,0.0019792778556959826,2.1470056939271682,0.41610866229477883,0.04733023054264824,0.11667865478589973,0.6399838902883734
CMP032,NVIDIA Corporation,NVDA,^GSPC,USD,Nasdaq,SECONDARY_INDIRECT,Technology & Component Supplier,False,2024-02-23,78.58921813964844,5088.7998046875,0.003552283312861171,0.0003479475462115911,0.0032043357666495798,4.508345661477933,0.33070440612379515,1.5476267724799242,2026-02-28,791,ok,0.0019792778556959826,2.1470056939271682,0.41610866229477883,0.002726323218600255,0.0008259600942609156,0.6408098503826344
CMP032,NVIDIA Corporation,NVDA,^GSPC,USD,Nasdaq,SECONDARY_INDIRECT,Technology & Component Supplier,False,2024-02-26,78.8634262084961,5069.52978515625,0.0034891308927440523,-0.003786751350190576,0.007275882242934628,4.527565000493309,0.3256653594172014,1.5549026547228588,2026-02-28,791,ok,0.0019792778556959826,2.1470056939271682,0.41610866229477883,-0.006150898854649575,0.009640029747393628,0.650449880130028
CMP032,NVIDIA Corporation,NVDA,^GSPC,USD,Nasdaq,SECONDARY_INDIRECT,Technology & Component Supplier,False,2024-02-27,78.47354888916016,5078.18017578125,-0.004943702525746163,0.0017063496993998672,-0.00665005222514603,4.500238363439144,0.32792740810474785,1.5482526024977128,2026-02-28,791,ok,0.0019792778556959826,2.1470056939271682,0.41610866229477883,0.005642820376138409,-0.010586522901884571,0.6398633572281435
CMP032,NVIDIA Corporation,NVDA,^GSPC,USD,Nasdaq,SECONDARY_INDIRECT,Technology & Component Supplier,False,2024-02-28,77.43855285644531,5069.759765625,-0.013189106996763011,-0.001658155060430544,-0.011530951936332468,4.427695131156044,0.3257254985531146,1.5367216505613803,2026-02-28,791,ok,0.0019792778556959826,2.1470056939271682,0.41610866229477883,-0.0015807905004625428,-0.011608316496300468,0.628255040731843
CMP032,NVIDIA Corporation,NVDA,^GSPC,USD,Nasdaq,SECONDARY_INDIRECT,Technology & Component Supplier,False,2024-02-29,78.88335418701172,5096.27001953125,0.018657390631314552,0.005229094697149161,0.01342829593416539,4.528961759445707,0.33265784272747423,1.5501499464955457,2026-02-28,791,ok,0.0019792778556959826,2.1470056939271682,0.41610866229477883,0.013206173944559594,0.0054512166867549585,0.633706257418598
CMP032,NVIDIA Corporation,NVDA,^GSPC,USD,Nasdaq,SECONDARY_INDIRECT,Technology & Component Supplier,False,2024-03-01,82.04120635986328,5137.080078125,0.04003192061743621,0.00800782894888763,0.03202409166854858,4.750296717696678,0.3433295387794295,1.5821740381640943,2026-02-28,791,ok,0.0019792778556959826,2.1470056939271682,0.41610866229477883,0.019172132204952536,0.020859788412483676,0.6545660458310817
CMP032,NVIDIA Corporation,NVDA,^GSPC,USD,Nasdaq,SECONDARY_INDIRECT,Technology & Component Supplier,False,2024-03-04,84.99066162109375,5130.9501953125,0.0359509006765828,-0.0011932620709189656,0.03714416274750176,4.957025063855471,0.3417265945920589,1.619318200911596,2026-02-28,791,ok,0.0019792778556959826,2.1470056939271682,0.41610866229477883,-0.0005826626049143611,0.03653356328149716,0.6910996091125788
CMP032,NVIDIA Corporation,NVDA,^GSPC,USD,Nasdaq,SECONDARY_INDIRECT,Technology & Component Supplier,False,2024-03-05,85.7195816040039,5078.64990234375,0.008576471450002732,-0.010193100883444606,0.018769572333447337,5.008115319242578,0.3280502400553815,1.6380877732450434,2026-02-28,791,ok,0.0019792778556959826,2.1470056939271682,0.41610866229477883,-0.019905367779833635,0.028481839229836367,0.7195814483424152
CMP032,NVIDIA Corporation,NVDA,^GSPC,USD,Nasdaq,SECONDARY_INDIRECT,Technology & Component Supplier,False,2024-03-06,88.44779205322266,5104.759765625,0.03182715545465653,0.005141103203274655,0.026686052251381875,5.199336539497615,0.3348778833986399,1.6647738254964253,2026-02-28,791,ok,0.0019792778556959826,2.1470056939271682,0.41610866229477883,0.013017255706193871,0.018809899748462658,0.7383913480908779
CMP032,NVIDIA Corporation,NVDA,^GSPC,USD,Nasdaq,SECONDARY_INDIRECT,Technology & Component Supplier,False,2024-03-07,92.40553283691406,5157.35986328125,0.044746631790535396,0.010304127925951478,0.03444250386458392,5.476735968976127,0.3486326358747027,1.6992163293610092,2026-02-28,791,ok,0.0019792778556959826,2.1470056939271682,0.41610866229477883,0.02410229918366775,0.020644332606867648,0.7590356806977455
CMP032,NVIDIA Corporation,NVDA,^GSPC,USD,Nasdaq,SECONDARY_INDIRECT,Technology & Component Supplier,False,2024-03-08,87.27913665771484,5123.68994140625,-0.05547715620283,-0.0065285190034379825,-0.04894863719939202,5.1174250759407505,0.3398280620827381,1.6502676921616173,2026-02-28,791,ok,0.0019792778556959826,2.1470056939271682,0.41610866229477883,-0.012037489617597088,-0.04343966658523291,0.7155960141125126
CMP032,NVIDIA Corporation,NVDA,^GSPC,USD,Nasdaq,SECONDARY_INDIRECT,Technology & Component Supplier,False,2024-03-11,85.5301284790039,5117.93994140625,-0.020039247014668304,-0.001122238087346461,-0.018917008927321843,4.994836483750248,0.3383244560009733,1.6313506832342954,2026-02-28,791,ok,0.0019792778556959826,2.1470056939271682,0.41610866229477883,-0.00043017370777880416,-0.0196090733068895,0.6959869408056231
CMP032,NVIDIA Corporation,NVDA,^GSPC,USD,Nasdaq,SECONDARY_INDIRECT,Technology & Component Supplier,False,2024-03-12,91.65167236328124,5175.27001953125,0.07157178403841713,0.011201787981366396,0.060369996057050734,5.423897625910845,0.3533160828073736,1.6917206792913462,2026-02-28,791,ok,0.0019792778556959826,2.1470056939271682,0.41610866229477883,0.026029580433854553,0.04554220360456258,0.7415291444101857
CMP032,NVIDIA Corporation,NVDA,^GSPC,USD,Nasdaq,SECONDARY_INDIRECT,Technology & Component Supplier,False,2024-03-13,90.62957763671876,5165.31005859375,-0.011151948461029515,-0.0019245297153407392,-0.009227418745688776,5.352258650667758,0.3507115857917622,1.6824932605456575,2026-02-28,791,ok,0.0019792778556959826,2.1470056939271682,0.41610866229477883,-0.0021526984012726165,-0.008999250059756898,0.7325298943504288
CMP032,NVIDIA Corporation,NVDA,^GSPC,USD,Nasdaq,SECONDARY_INDIRECT,Technology & Component Supplier,False,2024-03-14,87.69396209716797,5150.47998046875,-0.032391362909335975,-0.0028710915621273925,-0.029520271347208582,5.14650033542001,0.3468335691549278,1.652972989198449,2026-02-28,791,ok,0.0019792778556959826,2.1470056939271682,0.41610866229477883,-0.004184972075977777,-0.028206390833358196,0.7043235035170706
CMP032,NVIDIA Corporation,NVDA,^GSPC,USD,Nasdaq,SECONDARY_INDIRECT,Technology & Component Supplier,False,2024-03-15,87.58726501464844,5117.08984375,-0.001216698162198493,-0.006482917484461503,0.0052662193222630105,5.139021899757951,0.3381021582607937,1.658239208520712,2026-02-28,791,ok,0.0019792778556959826,2.1470056939271682,0.41610866229477883,-0.011939582896702858,0.010722884734504366,0.715046388251575
CMP032,NVIDIA Corporation,NVDA,^GSPC,USD,Nasdaq,SECONDARY_INDIRECT,Technology & Component Supplier,False,2024-03-18,88.20349884033203,5149.419921875,0.007035655532577012,0.006318059504952345,0.0007175960276246673,5.182213943151595,0.34655636732039063,1.6589568045483367,2026-02-28,791,ok,0.0019792778556959826,2.1470056939271682,0.41610866229477883,0.015544187587399332,-0.00850853205482232,0.7065378561967527
CMP032,NVIDIA Corporation,NVDA,^GSPC,USD,Nasdaq,SECONDARY_INDIRECT,Technology & Component Supplier,False,2024-03-19,89.14381408691406,5178.509765625,0.010660747690794059,0.0056491496501236416,0.0050115980406704175,5.248120966170044,0.3541632657517104,1.6639684025890071,2026-02-28,791,ok,0.0019792778556959826,2.1470056939271682,0.41610866229477883,0.014108034320358112,-0.0034472866295640527,0.7030905695671886
CMP032,NVIDIA Corporation,NVDA,^GSPC,USD,Nasdaq,SECONDARY_INDIRECT,Technology & Component Supplier,False,2024-03-20,90.11504364013672,5224.6201171875,0.010895086363207573,0.008904173912846591,0.001990912450360982,5.316194783704234,0.366220970976352,1.6659593150393681,2026-02-28,791,ok,0.0019792778556959826,2.1470056939271682,0.41610866229477883,0.021096589946295367,-0.010201503583087794,0.6928890659841008
CMP032,NVIDIA Corporation,NVDA,^GSPC,USD,Nasdaq,SECONDARY_INDIRECT,Technology & Component Supplier,False,2024-03-21,91.17501831054688,5241.52978515625,0.011762460823334209,0.0032365354015160275,0.008525925421818181,5.390488777400103,0.37064279351521057,1.6744852404611863,2026-02-28,791,ok,0.0019792778556959826,2.1470056939271682,0.41610866229477883,0.008928137791347747,0.002834323031986462,0.6957233890160873
CMP032,NVIDIA Corporation,NVDA,^GSPC,USD,Nasdaq,SECONDARY_INDIRECT,Technology & Component Supplier,False,2024-03-22,94.02090454101562,5234.18017578125,0.031213442927705337,-0.0014021878490156903,0.03261563077672103,5.589957934133622,0.36872089484480264,1.7071008712379072,2026-02-28,791,ok,0.0019792778556959826,2.1470056939271682,0.41610866229477883,-0.001031227440096193,0.03224467036780153,0.7279680593838889
CMP032,NVIDIA Corporation,NVDA,^GSPC,USD,Nasdaq,SECONDARY_INDIRECT,Technology & Component Supplier,False,2024-03-25,94.73188018798828,5218.18994140625,0.007561889033544711,-0.0030549644525015296,0.01061685348604624,5.639790464767268,0.3645395011656556,1.7177177247239535,2026-02-28,791,ok,0.0019792778556959826,2.1470056939271682,0.41610866229477883,-0.0045797482185698955,0.012141637252114607,0.7401096966360035
CMP032,NVIDIA Corporation,NVDA,^GSPC,USD,Nasdaq,SECONDARY_INDIRECT,Technology & Component Supplier,False,2024-03-26,92.29781341552734,5203.580078125,-0.025694272800568463,-0.002799795225030266,-0.022894477575538197,5.469185877226924,0.36071906998592684,1.6948232471484153,2026-02-28,791,ok,0.0019792778556959826,2.1470056939271682,0.41610866229477883,-0.004031898434274096,-0.021662374366294368,0.7184473222697091
CMP032,NVIDIA Corporation,NVDA,^GSPC,USD,Nasdaq,SECONDARY_INDIRECT,Technology & Component Supplier,False,2024-03-27,89.99340057373047,5248.490234375,-0.0249671444698516,0.008630626525532925,-0.033597770995384524,5.3076687788278765,0.3724629280851459,1.6612254761530307,2026-02-28,791,ok,0.0019792778556959826,2.1470056939271682,0.41610866229477883,0.020509282148174025,-0.045476426618025624,0.6729708956516834
CMP032,NVIDIA Corporation,NVDA,^GSPC,USD,Nasdaq,SECONDARY_INDIRECT,Technology & Component Supplier,False,2024-03-28,90.09910583496094,5254.35009765625,0.001174589031601947,0.0011164855071790214,5.8103524422925545e-05,5.315077697390466,0.3739952630534935,1.6612835796774537,2026-02-28,791,ok,0.0019792778556959826,2.1470056939271682,0.41610866229477883,0.004376378596796504,-0.003201789565194557,0.6697691060864889
CMP032,NVIDIA Corporation,NVDA,^GSPC,USD,Nasdaq,SECONDARY_INDIRECT,Technology & Component Supplier,False,2024-04-01,90.10607147216795,5243.77001953125,7.731083613382594e-05,-0.0020135845401164643,0.00209089537625029,5.315565921327501,0.37122860743361574,1.663374475053704,2026-02-28,791,ok,0.0019792778556959826,2.1470056939271682,0.41610866229477883,-0.0023438996171377844,0.0024212104532716104,0.6721903165397605
CMP032,NVIDIA Corporation,NVDA,^GSPC,USD,Nasdaq,SECONDARY_INDIRECT,Technology & Component Supplier,False,2024-04-02,89.19766235351562,5205.81005859375,-0.010081552816703532,-0.0072390590731691296,-0.002842493743534402,5.251895209924265,0.3613022025415844,1.6605319813101698,2026-02-28,791,ok,0.0019792778556959826,2.1470056939271682,0.41610866229477883,-0.013563023193073268,0.003481470376369736,0.6756717869161302
CMP032,NVIDIA Corporation,NVDA,^GSPC,USD,Nasdaq,SECONDARY_INDIRECT,Technology & Component Supplier,False,2024-04-03,88.7110595703125,5211.490234375,-0.005455331119268325,0.001091122364688113,-0.006546453483956438,5.2177890514311605,0.3627875498198767,1.6539855278262134,2026-02-28,791,ok,0.0019792778556959826,2.1470056939271682,0.41610866229477883,0.004321923785452637,-0.009777254904720962,0.6658945320114092
CMP032,NVIDIA Corporation,NVDA,^GSPC,USD,Nasdaq,SECONDARY_INDIRECT,Technology & Component Supplier,False,2024-04-04,85.6607437133789,5147.2099609375,-0.03438484301403155,-0.012334336350379616,-0.022050506663651936,5.003991351003336,0.34597846980628866,1.6319350211625614,2026-02-28,791,ok,0.0019792778556959826,2.1470056939271682,0.41610866229477883,-0.0245026125193819,-0.009882230494649653,0.6560123015167596
CMP032,NVIDIA Corporation,NVDA,^GSPC,USD,Nasdaq,SECONDARY_INDIRECT,Technology & Component Supplier,False,2024-04-05,87.75778198242188,5204.33984375,0.02448073852895405,0.011099194174331695,0.013381544354622354,5.15097349339735,0.36091774619713846,1.6453165655171837,2026-02-28,791,ok,0.0019792778556959826,2.1470056939271682,0.41610866229477883,0.025809310945989386,-0.001328572417035337,0.6546837290997243
CMP032,NVIDIA Corporation,NVDA,^GSPC,USD,Nasdaq,SECONDARY_INDIRECT,Technology & Component Supplier,False,2024-04-08,86.88525390625,5202.39013671875,-0.009942458166805612,-0.00037463099831791524,-0.009567827168487697,5.089817696754117,0.360407904223252,1.635748738348696,2026-02-28,791,ok,0.0019792778556959826,2.1470056939271682,0.41610866229477883,0.0011749429691857993,-0.011117401135991412,0.6435663279637329
CMP032,NVIDIA Corporation,NVDA,^GSPC,USD,Nasdaq,SECONDARY_INDIRECT,Technology & Component Supplier,False,2024-04-09,85.11131286621094,5209.91015625,-0.02041705537228633,0.0014454931932483817,-0.021862548565534712,4.965481551632359,0.362374364588848,1.6138861897831611,2026-02-28,791,ok,0.0019792778556959826,2.1470056939271682,0.41610866229477883,0.005082759972133222,-0.02549981534441955,0.6180665126193133
CMP032,NVIDIA Corporation,NVDA,^GSPC,USD,Nasdaq,SECONDARY_INDIRECT,Technology & Component Supplier,False,2024-04-10,86.79153442382812,5160.64013671875,0.01974145975469055,-0.009456980649108493,0.029198440403799042,5.083248865601258,0.3494904165860897,1.6430846301869602,2026-02-28,791,ok,0.0019792778556959826,2.1470056939271682,0.41610866229477883,-0.018324913445298997,0.038066373199989546,0.6561328858193028
CMP032,NVIDIA Corporation,NVDA,^GSPC,USD,Nasdaq,SECONDARY_INDIRECT,Technology & Component Supplier,False,2024-04-11,90.3583526611328,5199.06005859375,0.04109638412298211,0.007444797710585593,0.03365158641239652,5.3332483976977025,0.35953709974994696,1.6767362165993567,2026-02-28,791,ok,0.0019792778556959826,2.1470056939271682,0.41610866229477883,0.017963300930459197,0.023133083192522913,0.6792659690118258
CMP032,NVIDIA Corporation,NVDA,^GSPC,USD,Nasdaq,SECONDARY_INDIRECT,Technology & Component Supplier,False,2024-04-12,87.93525695800781,5123.41015625,-0.02681651039181976,-0.01455068829580164,-0.01226582209601812,5.163412776226866,0.3397548991849073,1.6644703945033386,2026-02-28,791,ok,0.0019792778556959826,2.1470056939271682,0.41610866229477883,-0.029261132765949542,0.002444622374129783,0.6817105913859556
CMP032,NVIDIA Corporation,NVDA,^GSPC,USD,Nasdaq,SECONDARY_INDIRECT,Technology & Component Supplier,False,2024-04-15,85.75646209716797,5061.81982421875,-0.024777261546870766,-0.01202135494776202,-0.012755906599108746,5.010700285848968,0.3236492299988025,1.6517144879042298,2026-02-28,791,ok,0.0019792778556959826,2.1470056939271682,0.41610866229477883,-0.02383063966586861,-0.0009466218810021548,0.6807639695049534
CMP032,NVIDIA Corporation,NVDA,^GSPC,USD,Nasdaq,SECONDARY_INDIRECT,Technology & Component Supplier,False,2024-04-16,87.16645050048828,5051.41015625,0.016441774402058407,-0.0020565070133361507,0.018498281415394557,5.109526863947285,0.32092713607411305,1.6702127693196243,2026-02-28,791,ok,0.0019792778556959826,2.1470056939271682,0.41610866229477883,-0.002436054411537888,0.018877828813596294,0.6996417983185498
CMP032,NVIDIA Corporation,NVDA,^GSPC,USD,Nasdaq,SECONDARY_INDIRECT,Technology & Component Supplier,False,2024-04-17,83.79607391357422,5022.2099609375,-0.038665984074861215,-0.005780602724641426,-0.03288538135021979,4.873295995520962,0.31329138107227017,1.6373273879694046,2026-02-28,791,ok,0.0019792778556959826,2.1470056939271682,0.41610866229477883,-0.010431709108440062,-0.028234274966421155,0.6714075233521286
CMP032,NVIDIA Corporation,NVDA,^GSPC,USD,Nasdaq,SECONDARY_INDIRECT,Technology & Component Supplier,False,2024-04-18,84.43024444580078,5011.1201171875,0.0075680220159315414,-0.002208160119998248,0.00977618213592979,4.917745228921148,0.3103914234186489,1.6471035701053345,2026-02-28,791,ok,0.0019792778556959826,2.1470056939271682,0.41610866229477883,-0.0027616544950431554,0.010329676510974696,0.6817371998631033
CMP032,NVIDIA Corporation,NVDA,^GSPC,USD,Nasdaq,SECONDARY_INDIRECT,Technology & Component Supplier,False,2024-04-19,75.98334503173828,4967.22998046875,-0.10004589551419463,-0.00875854812743615,-0.09128734738675848,4.325699108068879,0.29891429707085715,1.5558162227185761,2026-02-28,791,ok,0.0019792778556959826,2.1470056939271682,0.41610866229477883,-0.016825374844444567,-0.08322052066975005,0.5985166791933533
CMP032,NVIDIA Corporation,NVDA,^GSPC,USD,Nasdaq,SECONDARY_INDIRECT,Technology & Component Supplier,False,2024-04-22,79.29190063476562,5010.60009765625,0.043543168593661585,0.008731248071466746,0.03481192052219484,4.557596922210636,0.31025544002215755,1.590628143240771,2026-02-28,791,ok,0.0019792778556959826,2.1470056939271682,0.41610866229477883,0.020725317180225696,0.02281785141343589,0.6213345306067891
CMP032,NVIDIA Corporation,NVDA,^GSPC,USD,Nasdaq,SECONDARY_INDIRECT,Technology & Component Supplier,False,2024-04-23,82.18864440917969,5070.5498046875,0.036532656566741206,0.011964576270872662,0.024568080295868544,4.760630701906135,0.32593209116862853,1.6151962235366395,2026-02-28,791,ok,0.0019792778556959826,2.1470056939271682,0.41610866229477883,0.027667291234685476,0.00886536533205573,0.6301998959388448
CMP032,NVIDIA Corporation,NVDA,^GSPC,USD,Nasdaq,SECONDARY_INDIRECT,Technology & Component Supplier,False,2024-04-24,79.45045471191406,5071.6298828125,-0.033315912641574075,0.0002130100613548791,-0.033528922702928954,4.568710032681061,0.32621452804472084,1.5816673008337105,2026-02-28,791,ok,0.0019792778556959826,2.1470056939271682,0.41610866229477883,0.0024366116702886835,-0.03575252431186276,0.5944473716269821
CMP032,NVIDIA Corporation,NVDA,^GSPC,USD,Nasdaq,SECONDARY_INDIRECT,Technology & Component Supplier,False,2024-04-25,82.39706420898438,5048.419921875,0.0370873836752057,-0.004576430353515626,0.041663814028721324,4.77523891823907,0.32014519962330357,1.6233311148624319,2026-02-28,791,ok,0.0019792778556959826,2.1470056939271682,0.41610866229477883,-0.00784634417116319,0.044933727846368884,0.639381099473351
CMP032,NVIDIA Corporation,NVDA,^GSPC,USD,Nasdaq,SECONDARY_INDIRECT,Technology & Component Supplier,False,2024-04-26,87.48555755615234,5099.9599609375,0.06175576030551255,0.01020914263474304,0.05154661767076951,5.13189318858091,0.33362275026482924,1.6748777325332014,2026-02-28,791,ok,0.0019792778556959826,2.1470056939271682,0.41610866229477883,0.023898365222603905,0.03785739508290865,0.6772384945562596
CMP032,NVIDIA Corporation,NVDA,^GSPC,USD,Nasdaq,SECONDARY_INDIRECT,Technology & Component Supplier,False,2024-04-29,87.50748443603516,5116.169921875,0.00025063428176408387,0.0031784486665891176,-0.0029278143848250338,5.1334300512260835,0.3378616017171414,1.6719499181483763,2026-02-28,791,ok,0.0019792778556959826,2.1470056939271682,0.41610866229477883,0.008803425240718032,-0.008552790958953949,0.6686857035973057
CMP032,NVIDIA Corporation,NVDA,^GSPC,USD,Nasdaq,SECONDARY_INDIRECT,Technology & Component Supplier,False,2024-04-30,86.15633392333984,5035.68994140625,-0.015440399428724882,-0.01573051358686217,0.000290114158137289,5.0387274413670085,0.3168163516139888,1.6722400323065136,2026-02-28,791,ok,0.0019792778556959826,2.1470056939271682,0.41610866229477883,-0.031794224383695786,0.016353824954970904,0.6850395285522767
CMP032,NVIDIA Corporation,NVDA,^GSPC,USD,Nasdaq,SECONDARY_INDIRECT,Technology & Component Supplier,False,2024-05-01,82.80489349365234,5018.39013671875,-0.03889952458596424,-0.0034354388154940185,-0.03546408577047022,4.803823814793615,0.3122925096067768,1.6367759465360434,2026-02-28,791,ok,0.0019792778556959826,2.1470056939271682,0.41610866229477883,-0.0053966288423080815,-0.033502895743656155,0.6515366328086205
CMP032,NVIDIA Corporation,NVDA,^GSPC,USD,Nasdaq,SECONDARY_INDIRECT,Technology & Component Supplier,False,2024-05-02,85.572998046875,5064.2001953125,0.03342923873738024,0.009128437077573048,0.024300801659807192,4.997841226688044,0.3242716892080926,1.6610767481958506,2026-02-28,791,ok,0.0019792778556959826,2.1470056939271682,0.41610866229477883,0.021578084237901196,0.011851154499479044,0.6633877873080996
CMP032,NVIDIA Corporation,NVDA,^GSPC,USD,Nasdaq,SECONDARY_INDIRECT,Technology & Component Supplier,False,2024-05-03,88.53654479980469,5127.7900390625,0.03463179765311386,0.012556739721478527,0.022075057931635333,5.205557250406208,0.3409002241300012,1.683151806127486,2026-02-28,791,ok,0.0019792778556959826,2.1470056939271682,0.41610866229477883,0.028938669534871828,0.005693128118242033,0.6690809154263416
CMP032,NVIDIA Corporation,NVDA,^GSPC,USD,Nasdaq,SECONDARY_INDIRECT,Technology & Component Supplier,False,2024-05-06,91.87801361083984,5180.740234375,0.037741125075422266,0.01032612390701182,0.027415001168410447,5.439761962756482,0.3547465259913076,1.7105668072958964,2026-02-28,791,ok,0.0019792778556959826,2.1470056939271682,0.41610866229477883,0.024149524680247815,0.013591600395174451,0.6826725158215161
CMP032,NVIDIA Corporation,NVDA,^GSPC,USD,Nasdaq,SECONDARY_INDIRECT,Technology & Component Supplier,False,2024-05-07,90.29652404785156,5187.7001953125,-0.01721292723726997,0.0013434298232750663,-0.018556357060545037,5.328914808666216,0.35656653287730267,1.6920104502353515,2026-02-28,791,ok,0.0019792778556959826,2.1470056939271682,0.41610866229477883,0.00486362933565912,-0.02207655657292909,0.660595959248587
CMP032,NVIDIA Corporation,NVDA,^GSPC,USD,Nasdaq,SECONDARY_INDIRECT,Technology & Component Supplier,False,2024-05-08,90.15493774414062,5187.669921875,-0.001568014995083411,-5.835618166138978e-06,-0.001562179376917272,5.318990975343622,0.3565586164729999,1.6904482708584343,2026-02-28,791,ok,0.0019792778556959826,2.1470056939271682,0.41610866229477883,0.0019667487502656976,-0.0035347637453491086,0.6570611955032379
CMP032,NVIDIA Corporation,NVDA,^GSPC,USD,Nasdaq,SECONDARY_INDIRECT,Technology & Component Supplier,False,2024-05-09,88.49465942382812,5214.080078125,-0.018415833473529375,0.005090947698625836,-0.02350678117215521,5.2026214898209595,0.36346478543958427,1.666941489686279,2026-02-28,791,ok,0.0019792778556959826,2.1470056939271682,0.41610866229477883,0.012909571552131066,-0.03132540502566044,0.6257357904775775
CMP032,NVIDIA Corporation,NVDA,^GSPC,USD,Nasdaq,SECONDARY_INDIRECT,Technology & Component Supplier,False,2024-05-10,89.62245178222656,5222.68017578125,0.012744185533243302,0.001649398844549843,0.011094786688693459,5.28166884887972,0.3657136826812728,1.6780362763749725,2026-02-28,791,ok,0.0019792778556959826,2.1470056939271682,0.41610866229477883,0.005520546566501388,0.007223638966741914,0.6329594294443195
CMP032,NVIDIA Corporation,NVDA,^GSPC,USD,Nasdaq,SECONDARY_INDIRECT,Technology & Component Supplier,False,2024-05-13,90.14197540283205,5221.419921875,0.005796802143595459,-0.00024130405535727206,0.006038106198952731,5.318082440328263,0.3653841304311849,1.6840743825739253,2026-02-28,791,ok,0.0019792778556959826,2.1470056939271682,0.41610866229477883,0.0014611966748762028,0.0043356054687192554,0.6372950349130387
CMP032,NVIDIA Corporation,NVDA,^GSPC,USD,Nasdaq,SECONDARY_INDIRECT,Technology & Component Supplier,False,2024-05-14,91.09625244140624,5246.68017578125,0.010586378147468656,0.004837813139759728,0.005748565007708928,5.384968050208459,0.3719896037182042,1.6898229475816342,2026-02-28,791,ok,0.0019792778556959826,2.1470056939271682,0.41610866229477883,0.012366090212915789,-0.001779712065447133,0.6355153228475916
CMP032,NVIDIA Corporation,NVDA,^GSPC,USD,Nasdaq,SECONDARY_INDIRECT,Technology & Component Supplier,False,2024-05-15,94.36094665527344,5308.14990234375,0.035837854207746656,0.011715927882596233,0.024121926325150422,5.613791604312951,0.3880637349710385,1.7139448739067846,2026-02-28,791,ok,0.0019792778556959826,2.1470056939271682,0.41610866229477883,0.027133441729270166,0.00870441247847649,0.6442197353260681
CMP032,NVIDIA Corporation,NVDA,^GSPC,USD,Nasdaq,SECONDARY_INDIRECT,Technology & Component Supplier,False,2024-05-16,94.0907211303711,5297.10009765625,-0.002863743259057694,-0.0020816677921287052,-0.0007820754669289887,5.5948514031892875,0.3851742474005275,1.7131627984398556,2026-02-28,791,ok,0.0019792778556959826,2.1470056939271682,0.41610866229477883,-0.0024900747468691448,-0.00037366851218854913,0.6438460668138796
CMP032,NVIDIA Corporation,NVDA,^GSPC,USD,Nasdaq,SECONDARY_INDIRECT,Technology & Component Supplier,False,2024-05-17,92.21605682373048,5303.27001953125,-0.01992400827753349,0.0011647735102702228,-0.021088781787803712,5.463455529243041,0.3867876616710082,1.692074016652052,2026-02-28,791,ok,0.0019792778556959826,2.1470056939271682,0.41610866229477883,0.0044800532143816855,-0.024404061491915173,0.6194420053219644
CMP032,NVIDIA Corporation,NVDA,^GSPC,USD,Nasdaq,SECONDARY_INDIRECT,Technology & Component Supplier,False,2024-05-20,94.51051330566406,5308.1298828125,0.024881312007510648,0.0009163899374069473,0.0239649220701037,5.624274782912807,0.3880584999294836,1.7160389387221557,2026-02-28,791,ok,0.0019792778556959826,2.1470056939271682,0.41610866229477883,0.00394677226916626,0.020934539738344388,0.6403765450603087
CMP032,NVIDIA Corporation,NVDA,^GSPC,USD,Nasdaq,SECONDARY_INDIRECT,Technology & Component Supplier,False,2024-05-21,95.1147918701172,5321.41015625,0.006393770844295377,0.002501874243978186,0.0038918966003171906,5.6666288778843965,0.39153124773959225,1.719930835322473,2026-02-28,791,ok,0.0019792778556959826,2.1470056939271682,0.41610866229477883,0.007350816103006877,-0.0009570452587115003,0.6394194998015972
CMP032,NVIDIA Corporation,NVDA,^GSPC,USD,Nasdaq,SECONDARY_INDIRECT,Technology & Component Supplier,False,2024-05-22,94.68001556396484,5307.009765625,-0.004571069311133713,-0.002706123039226127,-0.001864946271907586,5.636155255211982,0.387765592970281,1.7180658890505653,2026-02-28,791,ok,0.0019792778556959826,2.1470056939271682,0.41610866229477883,-0.003830783717990006,-0.0007402855931437071,0.6386792142084535
CMP032,NVIDIA Corporation,NVDA,^GSPC,USD,Nasdaq,SECONDARY_INDIRECT,Technology & Component Supplier,False,2024-05-23,103.5038833618164,5267.83984375,0.09319672948184343,-0.0073807894850155265,0.10057751896685896,6.254623221331487,0.37752278727401967,1.8186434080174243,2026-02-28,791,ok,0.0019792778556959826,2.1470056939271682,0.41610866229477883,-0.013867319194310125,0.10706404867615356,0.7457432628846071
CMP032,NVIDIA Corporation,NVDA,^GSPC,USD,Nasdaq,SECONDARY_INDIRECT,Technology & Component Supplier,False,2024-05-24,106.16626739501952,5304.72021484375,0.025722552108467855,0.0070010425881694704,0.018721509520298385,6.441230645169487,0.387166882973899,1.8373649175377227,2026-02-28,791,ok,0.0019792778556959826,2.1470056939271682,0.41610866229477883,0.017010556155922434,0.008711995952545421,0.7544552588371526
CMP032,NVIDIA Corporation,NVDA,^GSPC,USD,Nasdaq,SECONDARY_INDIRECT,Technology & Component Supplier,False,2024-05-28,113.57713317871094,5306.0400390625,0.06980433583595191,0.0002488018529340774,0.06955553398301784,6.960660808157675,0.3875120126647118,1.9069204515207405,2026-02-28,791,ok,0.0019792778556959826,2.1470056939271682,0.41610866229477883,0.0025134568506050767,0.06729087898534683,0.8217461378224994
CMP032,NVIDIA Corporation,NVDA,^GSPC,USD,Nasdaq,SECONDARY_INDIRECT,Technology & Component Supplier,False,2024-05-29,114.49852752685548,5266.9501953125,0.008112498725379558,-0.007367046509680453,0.01547954523506001,7.025241658817032,0.3772901471346706,1.9223999967558005,2026-02-28,791,ok,0.0019792778556959826,2.1470056939271682,0.41610866229477883,-0.013837812948014219,0.02195031167339378,0.8436964494958932
CMP032,NVIDIA Corporation,NVDA,^GSPC,USD,Nasdaq,SECONDARY_INDIRECT,Technology & Component Supplier,False,2024-05-30,110.1858139038086,5235.47998046875,-0.0376661055491333,-0.005975035585443322,-0.03169106996368998,6.7229620594387285,0.3690607894940605,1.8907089267921107,2026-02-28,791,ok,0.0019792778556959826,2.1470056939271682,0.41610866229477883,-0.010849157567668282,-0.026816947981465018,0.8168795015144281
CMP032,NVIDIA Corporation,NVDA,^GSPC,USD,Nasdaq,SECONDARY_INDIRECT,Technology & Component Supplier,False,2024-05-31,109.32128143310548,5277.509765625,-0.007846132274866524,0.00802787620486467,-0.015874008479731194,6.662366677566597,0.3800514400290531,1.8748349183123794,2026-02-28,791,ok,0.0019792778556959826,2.1470056939271682,0.41610866229477883,0.019215173777682858,-0.027061306052549382,0.7898181954618787
CMP032,NVIDIA Corporation,NVDA,^GSPC,USD,Nasdaq,SECONDARY_INDIRECT,Technology & Component Supplier,False,2024-06-03,114.67301940917967,5283.39990234375,0.04895421921438925,0.0011160825806737495,0.0478381366337155,7.037471855601224,0.38159169140170324,1.9226730549460949,2026-02-28,791,ok,0.0019792778556959826,2.1470056939271682,0.41610866229477883,0.0043755135112954514,0.0445787057030938,0.8343969011649726
CMP032,NVIDIA Corporation,NVDA,^GSPC,USD,Nasdaq,SECONDARY_INDIRECT,Technology & Component Supplier,False,2024-06-04,116.1059341430664,5291.33984375,0.012495657141230021,0.0015028090913065117,0.01099284804992351,7.137905348191103,0.3836679599560153,1.9336659029960184,2026-02-28,791,ok,0.0019792778556959826,2.1470056939271682,0.41610866229477883,0.005205817531616577,0.007289839609613444,0.841686740774586
CMP032,NVIDIA Corporation,NVDA,^GSPC,USD,Nasdaq,SECONDARY_INDIRECT,Technology & Component Supplier,False,2024-06-05,122.09187316894533,5354.02978515625,0.05155584053527362,0.011847649793331305,0.03970819074194232,7.557461898613594,0.40006117337582725,1.9733740937379607,2026-02-28,791,ok,0.0019792778556959826,2.1470056939271682,0.41610866229477883,0.027416249421633336,0.024139591113640287,0.8658263318882263
CMP032,NVIDIA Corporation,NVDA,^GSPC,USD,Nasdaq,SECONDARY_INDIRECT,Technology & Component Supplier,False,2024-06-06,120.65396881103516,5352.9599609375,-0.011777232346336985,-0.00019981663563317653,-0.011577415710703809,7.456678681538696,0.39978141786248256,1.9617966780272569,2026-02-28,791,ok,0.0019792778556959826,2.1470056939271682,0.41610866229477883,0.0015502704012501822,-0.013327502747587167,0.8524988291406391
CMP032,NVIDIA Corporation,NVDA,^GSPC,USD,Nasdaq,SECONDARY_INDIRECT,Technology & Component Supplier,False,2024-06-07,120.5442886352539,5346.990234375,-0.0009090473928216047,-0.0011152197300303701,0.00020617233720876538,7.448991159831314,0.3982203540075524,1.9620028503644655,2026-02-28,791,ok,0.0019792778556959826,2.1470056939271682,0.41610866229477883,-0.00041510525465914124,-0.0004939421381624635,0.8520048870024767
CMP032,NVIDIA Corporation,NVDA,^GSPC,USD,Nasdaq,SECONDARY_INDIRECT,Technology & Component Supplier,False,2024-06-10,121.4437255859375,5360.7900390625,0.007461464668850004,0.0025808546645145203,0.004880610004335484,7.512033008857822,0.40182895753021186,1.966883460368801,2026-02-28,791,ok,0.0019792778556959826,2.1470056939271682,0.41610866229477883,0.007520387515607149,-5.892284675714475e-05,0.8519459641557195
CMP032,NVIDIA Corporation,NVDA,^GSPC,USD,Nasdaq,SECONDARY_INDIRECT,Technology & Component Supplier,False,2024-06-11,120.5761260986328,5375.31982421875,-0.007144045384961162,0.0027103813151374556,-0.009854426700098617,7.451222658724253,0.40562844854372027,1.9570290336687024,2026-02-28,791,ok,0.0019792778556959826,2.1470056939271682,0.41610866229477883,0.007798481972009906,-0.014942527356971068,0.8370034367987484
CMP032,NVIDIA Corporation,NVDA,^GSPC,USD,Nasdaq,SECONDARY_INDIRECT,Technology & Component Supplier,False,2024-06-12,124.8542709350586,5421.02978515625,0.035480861550703846,0.008503672791998707,0.02697718875870514,7.75107931981262,0.4175814529372608,1.9840062224274075,2026-02-28,791,ok,0.0019792778556959826,2.1470056939271682,0.41610866229477883,0.020236711759410747,0.015244149791293099,0.8522475865900415
CMP032,NVIDIA Corporation,NVDA,^GSPC,USD,Nasdaq,SECONDARY_INDIRECT,Technology & Component Supplier,False,2024-06-13,129.25209045410156,5433.740234375,0.035223620995155525,0.0023446558536817097,0.032878965141473815,8.059324021072243,0.4209051935889607,2.0168851875688816,2026-02-28,791,ok,0.0019792778556959826,2.1470056939271682,0.41610866229477883,0.007013267323850278,0.028210353671305248,0.8804579402613467
CMP032,NVIDIA Corporation,NVDA,^GSPC,USD,Nasdaq,SECONDARY_INDIRECT,Technology & Component Supplier,False,2024-06-14,131.51580810546875,5431.60009765625,0.017513973224062118,-0.000393860697500914,0.017907833921563032,8.217988779405404,0.42034555487833103,2.0347930214904446,2026-02-28,791,ok,0.0019792778556959826,2.1470056939271682,0.41610866229477883,0.0011336566955473942,0.016380316528514724,0.8968382567898614
CMP032,NVIDIA Corporation,NVDA,^GSPC,USD,Nasdaq,SECONDARY_INDIRECT,Technology & Component Supplier,False,2024-06-17,130.61831665039062,5473.22998046875,-0.006824209712937179,0.007664386564552705,-0.014488596277489885,8.15508329084324,0.4312316322661627,2.020304425212955,2026-02-28,791,ok,0.0019792778556959826,2.1470056939271682,0.41610866229477883,0.018434759450249527,-0.025258969163186706,0.8715792876266747
CMP032,NVIDIA Corporation,NVDA,^GSPC,USD,Nasdaq,SECONDARY_INDIRECT,Technology & Component Supplier,False,2024-06-18,135.20562744140625,5487.02978515625,0.03511996562697939,0.0025213273947457537,0.032598638232233634,8.476609501329788,0.43484023578882214,2.0529030634451884,2026-02-28,791,ok,0.0019792778556959826,2.1470056939271682,0.41610866229477883,0.007392582128469669,0.02772738349850972,0.8993066711251844
CMP032,NVIDIA Corporation,NVDA,^GSPC,USD,Nasdaq,SECONDARY_INDIRECT,Technology & Component Supplier,False,2024-06-20,130.41885375976562,5473.169921875,-0.035403657171851455,-0.0025259318472709014,-0.03287772532458055,8.141102867393197,0.4312159271414975,2.020025338120608,2026-02-28,791,ok,0.0019792778556959826,2.1470056939271682,0.41610866229477883,-0.0034439122028666128,-0.03195974496898484,0.8673469261561996
CMP032,NVIDIA Corporation,NVDA,^GSPC,USD,Nasdaq,SECONDARY_INDIRECT,Technology & Component Supplier,False,2024-06-21,126.22049713134766,5464.6201171875,-0.03219133206117142,-0.001562130321101196,-0.030629201740070222,7.8468385895836175,0.42898018134566684,1.9893961363805377,2026-02-28,791,ok,0.0019792778556959826,2.1470056939271682,0.41610866229477883,-0.001374624838364561,-0.03081670722280686,0.8365302189333927
CMP032,NVIDIA Corporation,NVDA,^GSPC,USD,Nasdaq,SECONDARY_INDIRECT,Technology & Component Supplier,False,2024-06-24,117.78384399414062,5447.8701171875,-0.06684059506141604,-0.003065171894990004,-0.06377542316642604,7.255510633843549,0.4246001114553084,1.9256207132141117,2026-02-28,791,ok,0.0019792778556959826,2.1470056939271682,0.41610866229477883,-0.004601663655713084,-0.062238931405702955,0.7742912875276898
CMP032,NVIDIA Corporation,NVDA,^GSPC,USD,Nasdaq,SECONDARY_INDIRECT,Technology & Component Supplier,False,2024-06-25,125.74180603027344,5469.2998046875,0.06756412226220676,0.003933590015736899,0.06363053224646986,7.813286963645503,0.43020390423014665,1.9892512454605815,2026-02-28,791,ok,0.0019792778556959826,2.1470056939271682,0.41610866229477883,0.010424718017058163,0.0571394042451486,0.8314306917728385
CMP032,NVIDIA Corporation,NVDA,^GSPC,USD,Nasdaq,SECONDARY_INDIRECT,Technology & Component Supplier,False,2024-06-26,126.05096435546876,5477.89990234375,0.0024586757177711416,0.0015724312002203256,0.000886244517550816,7.834955978296767,0.43245280147183496,1.9901374899781323,2026-02-28,791,ok,0.0019792778556959826,2.1470056939271682,0.41610866229477883,0.005355296595877752,-0.002896620878106611,0.8285340708947319
CMP032,NVIDIA Corporation,NVDA,^GSPC,USD,Nasdaq,SECONDARY_INDIRECT,Technology & Component Supplier,False,2024-06-27,123.64762878417967,5482.8701171875,-0.01906637988513593,0.0009073212238914774,-0.01997370110902741,7.6665053513461086,0.43375249630083323,1.970163788869105,2026-02-28,791,ok,0.0019792778556959826,2.1470056939271682,0.41610866229477883,0.003927301689611952,-0.022993681574747883,0.805540389319984
CMP032,NVIDIA Corporation,NVDA,^GSPC,USD,Nasdaq,SECONDARY_INDIRECT,Technology & Component Supplier,False,2024-06-28,123.19886016845705,5460.47998046875,-0.0036294154617871888,-0.004083652583445674,0.00045423712165848507,7.635051002824271,0.42789754921529255,1.9706180259907635,2026-02-28,791,ok,0.0019792778556959826,2.1470056939271682,0.41610866229477883,-0.00678834749298227,0.003158932031195081,0.8086993213511791
CMP032,NVIDIA Corporation,NVDA,^GSPC,USD,Nasdaq,SECONDARY_INDIRECT,Technology & Component Supplier,False,2024-07-01,123.95675659179688,5475.08984375,0.006151813598790801,0.0026755639309195,0.0034762496678713006,7.688172227009698,0.4317179803950213,1.9740942756586348,2026-02-28,791,ok,0.0019792778556959826,2.1470056939271682,0.41610866229477883,0.007723728849846306,-0.0015719152510555055,0.8071274061001236
CMP032,NVIDIA Corporation,NVDA,^GSPC,USD,Nasdaq,SECONDARY_INDIRECT,Technology & Component Supplier,False,2024-07-02,122.33126068115234,5509.009765625,-0.01311341112286013,0.006195317856513505,-0.019308728979373635,7.574240652690705,0.44058792836445404,1.9547855466792612,2026-02-28,791,ok,0.0019792778556959826,2.1470056939271682,0.41610866229477883,0.015280660569319137,-0.028394071692179265,0.7787333344079443
CMP032,NVIDIA Corporation,NVDA,^GSPC,USD,Nasdaq,SECONDARY_INDIRECT,Technology & Component Supplier,False,2024-07-03,127.92577362060548,5537.02001953125,0.045732488231563506,0.005084444409779065,0.04064804382178444,7.966362012434475,0.44791251760362183,1.9954335905010456,2026-02-28,791,ok,0.0019792778556959826,2.1470056939271682,0.41610866229477883,0.012895608953947795,0.03283687927761571,0.81157021368556
CMP032,NVIDIA Corporation,NVDA,^GSPC,USD,Nasdaq,SECONDARY_INDIRECT,Technology & Component Supplier,False,2024-07-05,125.48252868652344,5567.18994140625,-0.019098926392488114,0.005448765178485582,-0.024547691570973695,7.795114124350587,0.4558018529110339,1.970885898930072,2026-02-28,791,ok,0.0019792778556959826,2.1470056939271682,0.41610866229477883,0.01367780771877661,-0.03277673411126472,0.7787934795742953
CMP032,NVIDIA Corporation,NVDA,^GSPC,USD,Nasdaq,SECONDARY_INDIRECT,Technology & Component Supplier,False,2024-07-08,127.84598541259766,5572.85009765625,0.018834946592274582,0.0010166989647510949,0.017818247627523487,7.96076962915569,0.4572819651477713,1.9887041465575954,2026-02-28,791,ok,0.0019792778556959826,2.1470056939271682,0.41610866229477883,0.0041621363220264405,0.014672810270248141,0.7934662898445435
CMP032,NVIDIA Corporation,NVDA,^GSPC,USD,Nasdaq,SECONDARY_INDIRECT,Technology & Component Supplier,False,2024-07-09,131.01722717285156,5576.97998046875,0.024805172802410347,0.0007410719362856977,0.02406410086612465,8.183043068249487,0.45836191591539754,2.01276824742372,2026-02-28,791,ok,0.0019792778556959826,2.1470056939271682,0.41610866229477883,0.003570363522511007,0.02123480927989934,0.8147010991244428
CMP032,NVIDIA Corporation,NVDA,^GSPC,USD,Nasdaq,SECONDARY_INDIRECT,Technology & Component Supplier,False,2024-07-10,134.5374755859375,5633.91015625,0.02686859193288882,0.010208065293514812,0.016660526639374007,8.429778505152425,0.47324896957463736,2.029428774063094,2026-02-28,791,ok,0.0019792778556959826,2.1470056939271682,0.41610866229477883,0.02389605216485259,0.002972539768036228,0.817673638892479
CMP032,NVIDIA Corporation,NVDA,^GSPC,USD,Nasdaq,SECONDARY_INDIRECT,Technology & Component Supplier,False,2024-07-11,127.04821014404295,5584.5400390625,-0.055666760575648566,-0.008763028841120457,-0.04690373173452811,7.904853282824709,0.4603388463641038,1.9825250423285659,2026-02-28,791,ok,0.0019792778556959826,2.1470056939271682,0.41610866229477883,-0.016834994962237636,-0.03883176561341093,0.7788418732790681
CMP032,NVIDIA Corporation,NVDA,^GSPC,USD,Nasdaq,SECONDARY_INDIRECT,Technology & Component Supplier,False,2024-07-12,128.8831329345703,5615.35009765625,0.014442728381981906,0.0055170270744306915,0.008925701307551215,8.033463660069946,0.46839557531733744,1.991450743636117,2026-02-28,791,ok,0.0019792778556959826,2.1470056939271682,0.41610866229477883,0.013824366398049024,0.0006183619839328827,0.7794602352630009
CMP032,NVIDIA Corporation,NVDA,^GSPC,USD,Nasdaq,SECONDARY_INDIRECT,Technology & Component Supplier,False,2024-07-15,128.08534240722656,5631.22021484375,-0.0061900305274915635,0.0028262026252154904,-0.009016233152707054,7.9775462442451275,0.4725455587471541,1.98243451048341,2026-02-28,791,ok,0.0019792778556959826,2.1470056939271682,0.41610866229477883,0.008047150984225551,-0.014237181511717115,0.7652230537512837
CMP032,NVIDIA Corporation,NVDA,^GSPC,USD,Nasdaq,SECONDARY_INDIRECT,Technology & Component Supplier,False,2024-07-16,126.01107025146484,5667.2001953125,-0.016194453766356087,0.006389375498743188,-0.022583829265099276,7.832159786657376,0.4819542052609962,1.9598506812183107,2026-02-28,791,ok,0.0019792778556959826,2.1470056939271682,0.41610866229477883,0.01569730343213635,-0.03189175719849244,0.7333312965527913
CMP032,NVIDIA Corporation,NVDA,^GSPC,USD,Nasdaq,SECONDARY_INDIRECT,Technology & Component Supplier,False,2024-07-17,117.66417694091795,5588.27001953125,-0.06623936527076568,-0.013927543241993745,-0.05231182202877194,7.2471231284192115,0.4613142239845691,1.9075388591895388,2026-02-28,791,ok,0.0019792778556959826,2.1470056939271682,0.41610866229477883,-0.02792323678728144,-0.038316128483484244,0.6950151680693071
CMP032,NVIDIA Corporation,NVDA,^GSPC,USD,Nasdaq,SECONDARY_INDIRECT,Technology & Component Supplier,False,2024-07-18,120.755615234375,5544.58984375,0.02627340260926947,-0.007816403936922511,0.03408980654619198,7.4638031147403865,0.4498920017311352,1.9416286657357307,2026-02-28,791,ok,0.0019792778556959826,2.1470056939271682,0.41610866229477883,-0.014802585902911383,0.041075988512180854,0.7360911565814879
CMP032,NVIDIA Corporation,NVDA,^GSPC,USD,Nasdaq,SECONDARY_INDIRECT,Technology & Component Supplier,False,2024-07-19,117.60436248779295,5505.0,-0.026096117687494425,-0.007140265531926926,-0.0189558521555675,7.24293071257434,0.43953938784615776,1.9226728135801632,2026-02-28,791,ok,0.0019792778556959826,2.1470056939271682,0.41610866229477883,-0.013350912897503028,-0.012745204789991397,0.7233459517914965
CMP032,NVIDIA Corporation,NVDA,^GSPC,USD,Nasdaq,SECONDARY_INDIRECT,Technology & Component Supplier,False,2024-07-22,123.19886016845705,5564.41015625,0.04757049451498685,0.01079203564940956,0.03677845886557729,7.635051002824275,0.4550749482385228,1.9594512724457405,2026-02-28,791,ok,0.0019792778556959826,2.1470056939271682,0.41610866229477883,0.025149839844043294,0.022420654670943556,0.7457666064624401
CMP032,NVIDIA Corporation,NVDA,^GSPC,USD,Nasdaq,SECONDARY_INDIRECT,Technology & Component Supplier,False,2024-07-23,122.25147247314452,5555.740234375,-0.007689906335311081,-0.001558102589770738,-0.006131803745540343,7.568648269411922,0.45280779219336176,1.9533194687002,2026-02-28,791,ok,0.0019792778556959826,2.1470056939271682,0.41610866229477883,-0.0013659772762644583,-0.0063239290590466225,0.7394426774033934
CMP032,NVIDIA Corporation,NVDA,^GSPC,USD,Nasdaq,SECONDARY_INDIRECT,Technology & Component Supplier,False,2024-07-24,113.93451690673828,5427.1298828125,-0.06803153694719921,-0.02314909375473495,-0.04488244319246426,6.98570995808387,0.41917660840426807,1.9084370255077356,2026-02-28,791,ok,0.0019792778556959826,2.1470056939271682,0.41610866229477883,-0.04772195824497381,-0.020309578702225405,0.719133098701168
CMP032,NVIDIA Corporation,NVDA,^GSPC,USD,Nasdaq,SECONDARY_INDIRECT,Technology & Component Supplier,False,2024-07-25,111.96995544433594,5399.22021484375,-0.01724289983175553,-0.005142620237842288,-0.012100279593913243,6.848013161191177,0.41187832205681585,1.8963367459138225,2026-02-28,791,ok,0.0019792778556959826,2.1470056939271682,0.41610866229477883,-0.009061957076656498,-0.008180942755099034,0.710952155946069
CMP032,NVIDIA Corporation,NVDA,^GSPC,USD,Nasdaq,SECONDARY_INDIRECT,Technology & Component Supplier,False,2024-07-26,112.74779510498048,5459.10009765625,0.006946860499835061,0.011090468702846357,-0.004143608203011295,6.902532213822841,0.4275367143998141,1.8921931377108112,2026-02-28,791,ok,0.0019792778556959826,2.1470056939271682,0.41610866229477883,0.025790577309028166,-0.018843716809193105,0.6921084391368759
CMP032,NVIDIA Corporation,NVDA,^GSPC,USD,Nasdaq,SECONDARY_INDIRECT,Technology & Component Supplier,False,2024-07-29,111.28184509277344,5463.5400390625,-0.013002028206778538,0.0008133101292933098,-0.013815338336071847,6.799783267073741,0.42869774446957365,1.8783777993747393,2026-02-28,791,ok,0.0019792778556959826,2.1470056939271682,0.41610866229477883,0.00372545933421736,-0.016727487540995897,0.6753809515958801
CMP032,NVIDIA Corporation,NVDA,^GSPC,USD,Nasdaq,SECONDARY_INDIRECT,Technology & Component Supplier,False,2024-07-30,103.4435577392578,5436.43994140625,-0.07043635327021236,-0.004960171878030217,-0.06547618139218214,6.250394977443044,0.4216111580952504,1.8129016179825572,2026-02-28,791,ok,0.0019792778556959826,2.1470056939271682,0.41610866229477883,-0.00867023940929231,-0.06176611386092005,0.6136148377349601
CMP032,NVIDIA Corporation,NVDA,^GSPC,USD,Nasdaq,SECONDARY_INDIRECT,Technology & Component Supplier,False,2024-07-31,116.69685363769533,5522.2998046875,0.1281210370958441,0.0157933986591674,0.1123276384366767,7.179323101307546,0.4440632298533693,1.925229256419234,2026-02-28,791,ok,0.0019792778556959826,2.1470056939271682,0.41610866229477883,0.0358877947033901,0.092233242392454,0.7058480801274141
CMP032,NVIDIA Corporation,NVDA,^GSPC,USD,Nasdaq,SECONDARY_INDIRECT,Technology & Component Supplier,False,2024-08-01,108.90841674804688,5446.68017578125,-0.06674076161323883,-0.013693502993456064,-0.05304725861978277,6.633428848045521,0.4242889456926324,1.8721819977994512,2026-02-28,791,ok,0.0019792778556959826,2.1470056939271682,0.41610866229477883,-0.02742075104106291,-0.03932001057217592,0.6665280695552381
CMP032,NVIDIA Corporation,NVDA,^GSPC,USD,Nasdaq,SECONDARY_INDIRECT,Technology & Component Supplier,False,2024-08-02,106.9737777709961,5346.56005859375,-0.017763906912047545,-0.018381860868696753,0.0006179539566492087,6.497829328569102,0.3981078644560876,1.8727999517561003,2026-02-28,791,ok,0.0019792778556959826,2.1470056939271682,0.41610866229477883,-0.037486682094372954,0.01972277518232541,0.6862508447375636
CMP032,NVIDIA Corporation,NVDA,^GSPC,USD,Nasdaq,SECONDARY_INDIRECT,Technology & Component Supplier,False,2024-08-05,100.17261505126952,5186.330078125,-0.06357784927710186,-0.02996879838863975,-0.03360905088846211,6.021133465611902,0.35620825174063153,1.8391909008676381,2026-02-28,791,ok,0.0019792778556959826,2.1470056939271682,0.41610866229477883,-0.06236390292486891,-0.0012139463522329516,0.6850368983853307
CMP032,NVIDIA Corporation,NVDA,^GSPC,USD,Nasdaq,SECONDARY_INDIRECT,Technology & Component Supplier,False,2024-08-06,103.96212768554688,5240.02978515625,0.037829826368592334,0.010354085880061037,0.027475740488531297,6.286741725526713,0.3702505484504015,1.8666666413561694,2026-02-28,791,ok,0.0019792778556959826,2.1470056939271682,0.41610866229477883,0.024209559195597925,0.013620267172994409,0.698657165558325
CMP032,NVIDIA Corporation,NVDA,^GSPC,USD,Nasdaq,SECONDARY_INDIRECT,Technology & Component Supplier,False,2024-08-07,98.63687896728516,5199.5,-0.05122296779428126,-0.007734647858502863,-0.0434883199357784,5.913493188794813,0.3596521429802173,1.8231783214203912,2026-02-28,791,ok,0.0019792778556959826,2.1470056939271682,0.41610866229477883,-0.014627055137031242,-0.03659591265725002,0.662061252901075
CMP032,NVIDIA Corporation,NVDA,^GSPC,USD,Nasdaq,SECONDARY_INDIRECT,Technology & Component Supplier,False,2024-08-08,104.68013763427734,5319.31005859375,0.06126774012179115,0.023042611519136447,0.0382251286026547,6.3370672928196665,0.3909820791120717,1.8614034500230459,2026-02-28,791,ok,0.0019792778556959826,2.1470056939271682,0.41610866229477883,0.051451895990233684,0.009815844131557463,0.6718770970326324
CMP032,NVIDIA Corporation,NVDA,^GSPC,USD,Nasdaq,SECONDARY_INDIRECT,Technology & Component Supplier,False,2024-08-09,104.46075439453124,5344.16015625,-0.0020957484839442264,0.004671676849538509,-0.006767425333482735,6.321690645164143,0.3974802978891825,1.854636024689563,2026-02-28,791,ok,0.0019792778556959826,2.1470056939271682,0.41610866229477883,0.012009394651842895,-0.014105143135787122,0.6577719538968453
CMP032,NVIDIA Corporation,NVDA,^GSPC,USD,Nasdaq,SECONDARY_INDIRECT,Technology & Component Supplier,False,2024-08-12,108.7189483642578,5344.39013671875,0.04076357666003494,4.303397765514916e-05,0.04072054268237979,6.620148943059352,0.39754043702509545,1.8953565673719428,2026-02-28,791,ok,0.0019792778556959826,2.1470056939271682,0.41610866229477883,0.0020716720507539224,0.038691904609281014,0.6964638585061262
CMP032,NVIDIA Corporation,NVDA,^GSPC,USD,Nasdaq,SECONDARY_INDIRECT,Technology & Component Supplier,False,2024-08-13,115.81929779052734,5434.43017578125,0.06530921732686523,0.016847579753558328,0.048461637573306904,7.117814906444698,0.4210856109966985,1.9438182049452497,2026-02-28,791,ok,0.0019792778556959826,2.1470056939271682,0.41610866229477883,0.03815112751547779,0.02715808981138744,0.7236219483175137
CMP032,NVIDIA Corporation,NVDA,^GSPC,USD,Nasdaq,SECONDARY_INDIRECT,Technology & Component Supplier,False,2024-08-14,117.75394439697266,5455.2099609375,0.016704009118966967,0.0038237284285767004,0.012880280690390267,7.253414960668037,0.4265194564469079,1.95669848563564,2026-02-28,791,ok,0.0019792778556959826,2.1470056939271682,0.41610866229477883,0.010188844563881342,0.006515164555085625,0.7301371128725993
CMP032,NVIDIA Corporation,NVDA,^GSPC,USD,Nasdaq,SECONDARY_INDIRECT,Technology & Component Supplier,False,2024-08-15,122.52073669433594,5543.22021484375,0.040480956470497986,0.016133247764330783,0.024347708706167204,7.587521092423797,0.44953384827840437,1.9810461943418072,2026-02-28,791,ok,0.0019792778556959826,2.1470056939271682,0.41610866229477883,0.03661745266725193,0.0038635038032460572,0.7340006166758454
CMP032,NVIDIA Corporation,NVDA,^GSPC,USD,Nasdaq,SECONDARY_INDIRECT,Technology & Component Supplier,False,2024-08-16,124.2359848022461,5554.25,0.013999655521084176,0.001989779357261412,0.012009876163822764,7.707743429497775,0.45241810080736045,1.99305607050563,2026-02-28,791,ok,0.0019792778556959826,2.1470056939271682,0.41610866229477883,0.006251345465394975,0.0077483100556892,0.7417489267315346
CMP032,NVIDIA Corporation,NVDA,^GSPC,USD,Nasdaq,SECONDARY_INDIRECT,Technology & Component Supplier,False,2024-08-19,129.64102172851562,5608.25,0.043506210659279176,0.009722284736913167,0.03378392592236601,8.08658434950846,0.4665389231404562,2.026839996427996,2026-02-28,791,ok,0.0019792778556959826,2.1470056939271682,0.41610866229477883,0.02285307854382975,0.020653132115449425,0.762402058846984
CMP032,NVIDIA Corporation,NVDA,^GSPC,USD,Nasdaq,SECONDARY_INDIRECT,Technology & Component Supplier,False,2024-08-20,126.89861297607422,5597.1201171875,-0.021153865619667478,-0.0019845553982971165,-0.01916931022137036,7.894367965237183,0.46362849540372486,2.007670686206626,2026-02-28,791,ok,0.0019792778556959826,2.1470056939271682,0.41610866229477883,-0.0022815738843618254,-0.018872291735305653,0.7435297671116783
CMP032,NVIDIA Corporation,NVDA,^GSPC,USD,Nasdaq,SECONDARY_INDIRECT,Technology & Component Supplier,False,2024-08-21,128.14515686035156,5620.85009765625,0.009823148220795552,0.004239676828782013,0.005583471392013539,7.981738660090004,0.46983380722163304,2.0132541575986393,2026-02-28,791,ok,0.0019792778556959826,2.1470056939271682,0.41610866229477883,0.011081888147502045,-0.0012587399267064928,0.7422710271849718
CMP032,NVIDIA Corporation,NVDA,^GSPC,USD,Nasdaq,SECONDARY_INDIRECT,Technology & Component Supplier,False,2024-08-22,123.3983154296875,5570.64013671875,-0.03704269085906242,-0.008932805548120926,-0.028109885310941496,7.649030891527401,0.456704067633668,1.9851442722876977,2026-02-28,791,ok,0.0019792778556959826,2.1470056939271682,0.41610866229477883,-0.017199506518863844,-0.019843184340198577,0.7224278428447732
CMP032,NVIDIA Corporation,NVDA,^GSPC,USD,Nasdaq,SECONDARY_INDIRECT,Technology & Component Supplier,False,2024-08-23,129.01275634765625,5634.60986328125,0.04549852158369094,0.01148337085011919,0.03401515073357175,8.04254901022357,0.47343194066118244,2.0191594230212697,2026-02-28,791,ok,0.0019792778556959826,2.1470056939271682,0.41610866229477883,0.02663414045637915,0.018864381127311793,0.741292223972085
CMP032,NVIDIA Corporation,NVDA,^GSPC,USD,Nasdaq,SECONDARY_INDIRECT,Technology & Component Supplier,False,2024-08-26,126.11080169677734,5616.83984375,-0.022493548181071965,-0.0031537266931381813,-0.019339821487933784,7.839149998382402,0.4687851390193969,1.999819601533336,2026-02-28,791,ok,0.0019792778556959826,2.1470056939271682,0.41610866229477883,-0.004791791311561792,-0.01770175686951017,0.7235904671025749
CMP032,NVIDIA Corporation,NVDA,^GSPC,USD,Nasdaq,SECONDARY_INDIRECT,Technology & Component Supplier,False,2024-08-27,127.94572448730467,5625.7998046875,0.01455008425796267,0.0015951960865450143,0.012954888171417656,7.967760375627636,0.4711281393251361,2.0127744897047535,2026-02-28,791,ok,0.0019792778556959826,2.1470056939271682,0.41610866229477883,0.005404172936438464,0.009145911321524206,0.7327363784240991
CMP032,NVIDIA Corporation,NVDA,^GSPC,USD,Nasdaq,SECONDARY_INDIRECT,Technology & Component Supplier,False,2024-08-28,125.26314544677734,5592.18017578125,-0.02096653914209934,-0.00597597320797616,-0.014990565934123179,7.779737476695072,0.46233671697902934,1.9977839237706303,2026-02-28,791,ok,0.0019792778556959826,2.1470056939271682,0.41610866229477883,-0.010851170648585038,-0.0101153684935143,0.7226210099305848
CMP032,NVIDIA Corporation,NVDA,^GSPC,USD,Nasdaq,SECONDARY_INDIRECT,Technology & Component Supplier,False,2024-08-29,117.2652816772461,5591.9599609375,-0.06384849862268094,-3.937906806072977e-05,-0.06380911955462021,7.2191644205068055,0.4622791315219237,1.93397480421601,2026-02-28,791,ok,0.0019792778556959826,2.1470056939271682,0.41610866229477883,0.0018947307723480504,-0.06574322939502898,0.6568777805355558
CMP032,NVIDIA Corporation,NVDA,^GSPC,USD,Nasdaq,SECONDARY_INDIRECT,Technology & Component Supplier,False,2024-08-30,119.04037475585938,5648.39990234375,0.01513741367627408,0.010093051774424433,0.005044361901849648,7.343581312413331,0.4770379905050348,1.9390191661178597,2026-02-28,791,ok,0.0019792778556959826,2.1470056939271682,0.41610866229477883,0.023649117484486948,-0.008511703808212867,0.6483660767273429
CMP032,NVIDIA Corporation,NVDA,^GSPC,USD,Nasdaq,SECONDARY_INDIRECT,Technology & Component Supplier,False,2024-09-03,107.70177459716795,5528.93017578125,-0.09525003749312633,-0.02115107439771169,-0.07409896309541464,6.548854879579014,0.44579705007961623,1.8649202030224452,2026-02-28,791,ok,0.0019792778556959826,2.1470056939271682,0.41610866229477883,-0.043432199308868165,-0.05181783818425816,0.5965482385430848
CMP032,NVIDIA Corporation,NVDA,^GSPC,USD,Nasdaq,SECONDARY_INDIRECT,Technology & Component Supplier,False,2024-09-04,105.91671752929688,5520.06982421875,-0.01657407293935176,-0.0016025435809103872,-0.014971529358441371,6.423739608196289,0.443480097297712,1.8499486736640038,2026-02-28,791,ok,0.0019792778556959826,2.1470056939271682,0.41610866229477883,-0.0014613923372850525,-0.015112680602066705,0.5814355579410181
CMP032,NVIDIA Corporation,NVDA,^GSPC,USD,Nasdaq,SECONDARY_INDIRECT,Technology & Component Supplier,False,2024-09-05,106.9139633178711,5503.41015625,0.009415376645319329,-0.003018017615584734,0.012433394260904063,6.493636912724233,0.4391236489363215,1.862382067924908,2026-02-28,791,ok,0.0019792778556959826,2.1470056939271682,0.41610866229477883,-0.004500423149336937,0.013915799794656266,0.5953513577356744
CMP032,NVIDIA Corporation,NVDA,^GSPC,USD,Nasdaq,SECONDARY_INDIRECT,Technology & Component Supplier,False,2024-09-06,102.54605102539062,5408.419921875,-0.04085446051133679,-0.01726024985928465,-0.02359421065205214,6.187488419387044,0.4142840151772751,1.8387878572728558,2026-02-28,791,ok,0.0019792778556959826,2.1470056939271682,0.41610866229477883,-0.035078576870793764,-0.005775883640543024,0.5895754740951313
CMP032,NVIDIA Corporation,NVDA,^GSPC,USD,Nasdaq,SECONDARY_INDIRECT,Technology & Component Supplier,False,2024-09-09,106.17598724365234,5471.0498046875,0.03539810828369139,0.0115800702824842,0.023818038001207187,6.441911912744285,0.4306615234724218,1.862605895274063,2026-02-28,791,ok,0.0019792778556959826,2.1470056939271682,0.41610866229477883,0.026841754688266356,0.008556353595425031,0.5981318276905564
CMP032,NVIDIA Corporation,NVDA,^GSPC,USD,Nasdaq,SECONDARY_INDIRECT,Technology & Component Supplier,False,2024-09-10,107.80149841308594,5495.52001953125,0.015309593172921243,0.004472672652839682,0.010836920520081561,6.5558445565571155,0.4370604041439268,1.8734428157941445,2026-02-28,791,ok,0.0019792778556959826,2.1470056939271682,0.41610866229477883,0.011582131508415113,0.0037274616645061303,0.6018592893550625
CMP032,NVIDIA Corporation,NVDA,^GSPC,USD,Nasdaq,SECONDARY_INDIRECT,Technology & Component Supplier,False,2024-09-11,116.58717346191406,5554.1298828125,0.08149863571619553,0.010665025888896507,0.07083360982729903,7.171635579600164,0.4523866905580298,1.9442764256214435,2026-02-28,791,ok,0.0019792778556959826,2.1470056939271682,0.41610866229477883,0.024877149165037443,0.05662148655115809,0.6584807759062206
CMP032,NVIDIA Corporation,NVDA,^GSPC,USD,Nasdaq,SECONDARY_INDIRECT,Technology & Component Supplier,False,2024-09-12,118.82117462158205,5595.759765625,0.019161637539808485,0.007495302358939249,0.011666335180869236,7.328217498683864,0.4632727679458615,1.9559427608023128,2026-02-28,791,ok,0.0019792778556959826,2.1470056939271682,0.41610866229477883,0.018071734698044288,0.0010899028417641968,0.6595706787479848
CMP032,NVIDIA Corporation,NVDA,^GSPC,USD,Nasdaq,SECONDARY_INDIRECT,Technology & Component Supplier,False,2024-09-13,118.7812728881836,5626.02001953125,-0.00033581332220899984,0.005407711405364557,-0.005743524727573557,7.3254207722975515,0.47118572478224174,1.9501992360747393,2026-02-28,791,ok,0.0019792778556959826,2.1470056939271682,0.41610866229477883,0.013589665034128576,-0.013925478356337576,0.6456452003916472
CMP032,NVIDIA Corporation,NVDA,^GSPC,USD,Nasdaq,SECONDARY_INDIRECT,Technology & Component Supplier,False,2024-09-16,116.46747589111328,5633.08984375,-0.019479476358604475,0.0012566297656613212,-0.020736106124265796,7.163245935188147,0.4730344605548191,1.9294631299504736,2026-02-28,791,ok,0.0019792778556959826,2.1470056939271682,0.41610866229477883,0.004677269117729203,-0.024156745476333678,0.6214884549153135
CMP032,NVIDIA Corporation,NVDA,^GSPC,USD,Nasdaq,SECONDARY_INDIRECT,Technology & Component Supplier,False,2024-09-17,115.28067779541016,5634.580078125,-0.010189952917093126,0.00026455008109871336,-0.01045450299819184,7.080062843457927,0.47342415194082,1.919008626952282,2026-02-28,791,ok,0.0019792778556959826,2.1470056939271682,0.41610866229477883,0.002547268386143814,-0.012737221303236939,0.6087512336120765
CMP032,NVIDIA Corporation,NVDA,^GSPC,USD,Nasdaq,SECONDARY_INDIRECT,Technology & Component Supplier,False,2024-09-18,113.06661224365234,5618.259765625,-0.019205868616483435,-0.002896455862498093,-0.016309412753985342,6.924878218073545,0.4691564439179847,1.9026992141982966,2026-02-28,791,ok,0.0019792778556959826,2.1470056939271682,0.41610866229477883,-0.00423942937329615,-0.014966439243187284,0.5937847943688892
CMP032,NVIDIA Corporation,NVDA,^GSPC,USD,Nasdaq,SECONDARY_INDIRECT,Technology & Component Supplier,False,2024-09-19,117.5545654296875,5713.64013671875,0.03969300129346642,0.01697685316676334,0.022716148126703084,7.239440419434102,0.49409809714538455,1.9254153623249997,2026-02-28,791,ok,0.0019792778556959826,2.1470056939271682,0.41610866229477883,0.038428678269702345,0.0012643230237640787,0.5950491173926533
CMP032,NVIDIA Corporation,NVDA,^GSPC,USD,Nasdaq,SECONDARY_INDIRECT,Technology & Component Supplier,False,2024-09-20,115.6895751953125,5702.5498046875,-0.015864889870997767,-0.0019410273951238066,-0.01392386247587396,7.108722604581132,0.49119801180782297,1.9114914998491257,2026-02-28,791,ok,0.0019792778556959826,2.1470056939271682,0.41610866229477883,-0.0021881190137034495,-0.013676770857294317,0.581372346535359
CMP032,NVIDIA Corporation,NVDA,^GSPC,USD,Nasdaq,SECONDARY_INDIRECT,Technology & Component Supplier,False,2024-09-23,115.94889068603516,5718.56982421875,0.002241476730162395,0.0028092730585327352,-0.0005677963283703402,7.126898117610642,0.49538719420733224,1.9109237035207554,2026-02-28,791,ok,0.0019792778556959826,2.1470056939271682,0.41610866229477883,0.008010803108161955,-0.0057693263779995604,0.5756030201573594
CMP032,NVIDIA Corporation,NVDA,^GSPC,USD,Nasdaq,SECONDARY_INDIRECT,Technology & Component Supplier,False,2024-09-24,120.54653930664062,5732.93017578125,0.039652372639380484,0.0025111788443470395,0.037141193795033445,7.449148910172418,0.4991423788935332,1.9480648973157888,2026-02-28,791,ok,0.0019792778556959826,2.1470056939271682,0.41610866229477883,0.007370793132978523,0.03228157950640196,0.6078845996637614
CMP032,NVIDIA Corporation,NVDA,^GSPC,USD,Nasdaq,SECONDARY_INDIRECT,Technology & Component Supplier,False,2024-09-25,123.17948150634766,5722.259765625,0.02184170706891453,-0.0018612489301417234,0.023702955999056252,7.633692745650043,0.49635210174468747,1.971767853314845,2026-02-28,791,ok,0.0019792778556959826,2.1470056939271682,0.41610866229477883,-0.002016834195134148,0.023858541264048676,0.63174314092781
CMP032,NVIDIA Corporation,NVDA,^GSPC,USD,Nasdaq,SECONDARY_INDIRECT,Technology & Component Supplier,False,2024-09-26,123.70806121826172,5745.3701171875,0.004291134411755326,0.00403867571712313,0.00025245869463219606,7.670741081691425,0.5023953826422698,1.9720203120094772,2026-02-28,791,ok,0.0019792778556959826,2.1470056939271682,0.41610866229477883,0.010650337616284733,-0.006359203204529406,0.6253839377232806
CMP032,NVIDIA Corporation,NVDA,^GSPC,USD,Nasdaq,SECONDARY_INDIRECT,Technology & Component Supplier,False,2024-09-27,121.07513427734376,5738.169921875,-0.021283390225254606,-0.0012532169669905446,-0.02003017325826406,7.4861983157076395,0.5005125552576142,1.951990138751213,2026-02-28,791,ok,0.0019792778556959826,2.1470056939271682,0.41610866229477883,-0.0007113861081588526,-0.020572004117095755,0.6048119336061848
CMP032,NVIDIA Corporation,NVDA,^GSPC,USD,Nasdaq,SECONDARY_INDIRECT,Technology & Component Supplier,False,2024-09-30,121.11502838134766,5762.47998046875,0.00032949873846521704,0.004236552581176722,-0.003907053842711505,7.48899450734703,0.5068695555966789,1.9480830849085016,2026-02-28,791,ok,0.0019792778556959826,2.1470056939271682,0.41610866229477883,0.011075180370104246,-0.01074568163163903,0.5940662519745458
CMP032,NVIDIA Corporation,NVDA,^GSPC,USD,Nasdaq,SECONDARY_INDIRECT,Technology & Component Supplier,False,2024-10-01,116.68689727783205,5708.75,-0.036561367839282655,-0.009324107094664358,-0.027237260744618297,7.178625256578265,0.49281934248260617,1.9208458241638833,2026-02-28,791,ok,0.0019792778556959826,2.1470056939271682,0.41610866229477883,-0.018039633167335097,-0.018521734671947558,0.5755445173025983
CMP032,NVIDIA Corporation,NVDA,^GSPC,USD,Nasdaq,SECONDARY_INDIRECT,Technology & Component Supplier,False,2024-10-02,118.53195190429688,5709.5400390625,0.015812012055404612,0.00013839090212397487,0.015673621153280637,7.307945777731916,0.49302593509812054,1.936519445317164,2026-02-28,791,ok,0.0019792778556959826,2.1470056939271682,0.41610866229477883,0.002276403910543874,0.013535608144860737,0.589080125447459
CMP032,NVIDIA Corporation,NVDA,^GSPC,USD,Nasdaq,SECONDARY_INDIRECT,Technology & Component Supplier,False,2024-10-03,122.52124786376952,5699.93994140625,0.03365586996064662,-0.001681413492255035,0.03533728345290166,7.587556920467366,0.4905155411465598,1.9718567287700655,2026-02-28,791,ok,0.0019792778556959826,2.1470056939271682,0.41610866229477883,-0.0016307264860215423,0.035286596446668164,0.6243667218941272
CMP032,NVIDIA Corporation,NVDA,^GSPC,USD,Nasdaq,SECONDARY_INDIRECT,Technology & Component Supplier,False,2024-10-04,124.58570861816406,5751.06982421875,0.016849818218387824,0.008970249395274354,0.00787956882311347,7.732255693517299,0.5038858372781767,1.979736297593179,2026-02-28,791,ok,0.0019792778556959826,2.1470056939271682,0.41610866229477883,0.02123845438329676,-0.004388636164908935,0.6199780857292183
CMP032,NVIDIA Corporation,NVDA,^GSPC,USD,Nasdaq,SECONDARY_INDIRECT,Technology & Component Supplier,False,2024-10-07,127.37821197509766,5695.93994140625,0.022414315316792832,-0.009586022165882668,0.0320003374826755,7.927983226058656,0.48946955430707106,2.0117366350758545,2026-02-28,791,ok,0.0019792778556959826,2.1470056939271682,0.41610866229477883,-0.018601966316566153,0.041016281633358985,0.6609943673625773
CMP032,NVIDIA Corporation,NVDA,^GSPC,USD,Nasdaq,SECONDARY_INDIRECT,Technology & Component Supplier,False,2024-10-08,132.53436279296875,5751.1298828125,0.04047906418155023,0.009689347495581924,0.030789716685968305,8.289379632078088,0.5039015424028419,2.042526351761823,2026-02-28,791,ok,0.0019792778556959826,2.1470056939271682,0.41610866229477883,0.02278236209914932,0.017696702082400907,0.6786910694449783
CMP032,NVIDIA Corporation,NVDA,^GSPC,USD,Nasdaq,SECONDARY_INDIRECT,Technology & Component Supplier,False,2024-10-09,132.29501342773438,5792.0400390625,-0.0018059419473593907,0.007113411987488272,-0.008919353934847662,8.272603551735573,0.5145994136625724,2.033606997826975,2026-02-28,791,ok,0.0019792778556959826,2.1470056939271682,0.41610866229477883,0.017251813896083077,-0.019057755843442468,0.6596333136015358
CMP032,NVIDIA Corporation,NVDA,^GSPC,USD,Nasdaq,SECONDARY_INDIRECT,Technology & Component Supplier,False,2024-10-10,134.44924926757812,5780.0498046875,0.01628357550317272,-0.002070122839989974,0.018353698343162694,8.423594691781247,0.5114640068229142,2.0519606961701378,2026-02-28,791,ok,0.0019792778556959826,2.1470056939271682,0.41610866229477883,-0.0024652876688911717,0.018748863172063892,0.6783821767735997
CMP032,NVIDIA Corporation,NVDA,^GSPC,USD,Nasdaq,SECONDARY_INDIRECT,Technology & Component Supplier,False,2024-10-11,134.4392852783203,5815.02978515625,-7.410966823606646e-05,0.006051847587953629,-0.006125957256189696,8.422896312305047,0.5206111566268841,2.045834738913948,2026-02-28,791,ok,0.0019792778556959826,2.1470056939271682,0.41610866229477883,0.014972629085811824,-0.01504673875404789,0.6633354380195517
CMP032,NVIDIA Corporation,NVDA,^GSPC,USD,Nasdaq,SECONDARY_INDIRECT,Technology & Component Supplier,False,2024-10-14,137.70053100585938,5859.85009765625,0.024258130506923825,0.0077076668832223305,0.016550463623701495,8.651478160802155,0.5323315208810755,2.0623852025376497,2026-02-28,791,ok,0.0019792778556959826,2.1470056939271682,0.41610866229477883,0.018527682540868194,0.005730447966055631,0.6690658859856073
CMP032,NVIDIA Corporation,NVDA,^GSPC,USD,Nasdaq,SECONDARY_INDIRECT,Technology & Component Supplier,False,2024-10-15,131.24783325195312,5815.259765625,-0.046860369431920956,-0.007609466332438197,-0.03925090309948276,8.199206328622848,0.520671295762797,2.023134299438167,2026-02-28,791,ok,0.0019792778556959826,2.1470056939271682,0.41610866229477883,-0.014358289687795912,-0.03250207974412504,0.6365638062414823
CMP032,NVIDIA Corporation,NVDA,^GSPC,USD,Nasdaq,SECONDARY_INDIRECT,Technology & Component Supplier,False,2024-10-16,135.35679626464844,5842.47021484375,0.031306901690387745,0.004679145956573816,0.02662775573381393,8.487204976782637,0.5277867387076434,2.049762055171981,2026-02-28,791,ok,0.0019792778556959826,2.1470056939271682,0.41610866229477883,0.012025430867176251,0.019281470823211494,0.6558452770646939
CMP032,NVIDIA Corporation,NVDA,^GSPC,USD,Nasdaq,SECONDARY_INDIRECT,Technology & Component Supplier,False,2024-10-17,136.56356811523438,5841.47021484375,0.008915487688009982,-0.00017116047891174713,0.00908664816692173,8.57178803594677,0.5275252419977712,2.058848703338903,2026-02-28,791,ok,0.0019792778556959826,2.1470056939271682,0.41610866229477883,0.0016117953328971604,0.007303692355112822,0.6631489694198067
CMP032,NVIDIA Corporation,NVDA,^GSPC,USD,Nasdaq,SECONDARY_INDIRECT,Technology & Component Supplier,False,2024-10-18,137.63072204589844,5864.669921875,0.007814338372907681,0.00397155273894878,0.0038427856339589006,8.646585226493409,0.5335918890564408,2.062691488972862,2026-02-28,791,ok,0.0019792778556959826,2.1470056939271682,0.41610866229477883,0.010506224199951054,-0.002691885827043373,0.6604570835927633
CMP032,NVIDIA Corporation,NVDA,^GSPC,USD,Nasdaq,SECONDARY_INDIRECT,Technology & Component Supplier,False,2024-10-21,143.32542419433594,5853.97998046875,0.041376678577173864,-0.0018227694906369774,0.04319944806781084,9.045728882777341,0.5307965045499805,2.1058909370406727,2026-02-28,791,ok,0.0019792778556959826,2.1470056939271682,0.41610866229477883,-0.0019342186194183323,0.043310897196592195,0.7037679807893555
CMP032,NVIDIA Corporation,NVDA,^GSPC,USD,Nasdaq,SECONDARY_INDIRECT,Technology & Component Supplier,False,2024-10-22,143.20574951171875,5851.2001953125,-0.0008349857207115008,-0.0004748538883844189,-0.0003601318323270819,9.037340842606083,0.5300695998774696,2.1055308052083457,2026-02-28,791,ok,0.0019792778556959826,2.1470056939271682,0.41610866229477883,0.0009597638535511792,-0.00179474957426268,0.7019732312150928
CMP032,NVIDIA Corporation,NVDA,^GSPC,USD,Nasdaq,SECONDARY_INDIRECT,Technology & Component Supplier,False,2024-10-23,139.18653869628906,5797.419921875,-0.02806598777726299,-0.009191323428069387,-0.018874664349193604,8.755632957201279,0.516006235317539,2.086656140859152,2026-02-28,791,ok,0.0019792778556959826,2.1470056939271682,0.41610866229477883,-0.017754545879095168,-0.010311441898167822,0.691661789316925
CMP032,NVIDIA Corporation,NVDA,^GSPC,USD,Nasdaq,SECONDARY_INDIRECT,Technology & Component Supplier,False,2024-10-24,140.0342559814453,5809.85986328125,0.006090512007098647,0.002145772011323821,0.003944739995774826,8.81504975686396,0.5192592390662758,2.090600880854927,2026-02-28,791,ok,0.0019792778556959826,2.1470056939271682,0.41610866229477883,0.0065862625818777784,-0.0004957505747791311,0.6911660387421459
CMP032,NVIDIA Corporation,NVDA,^GSPC,USD,Nasdaq,SECONDARY_INDIRECT,Technology & Component Supplier,False,2024-10-25,141.16123962402344,5808.1201171875,0.00804791395276494,-0.00029944716993013376,0.008347361122695074,8.894040432749307,0.5188043011867471,2.098948241977622,2026-02-28,791,ok,0.0019792778556959826,2.1470056939271682,0.41610866229477883,0.001336363076825609,0.006711550875939332,0.6978775896180852
CMP032,NVIDIA Corporation,NVDA,^GSPC,USD,Nasdaq,SECONDARY_INDIRECT,Technology & Component Supplier,False,2024-10-28,140.14395141601562,5823.52001953125,-0.007206568961262372,0.0026514435020339455,-0.009858012463296317,8.822738348065181,0.52283132498199,2.0890902295143254,2026-02-28,791,ok,0.0019792778556959826,2.1470056939271682,0.41610866229477883,0.007671942151689055,-0.014878511112951427,0.6829990785051337
CMP032,NVIDIA Corporation,NVDA,^GSPC,USD,Nasdaq,SECONDARY_INDIRECT,Technology & Component Supplier,False,2024-10-29,140.87200927734375,5832.919921875,0.005195071595825773,0.001614127248163344,0.003580944347662429,8.873768177050444,0.5252893685180002,2.092671173861988,2026-02-28,791,ok,0.0019792778556959826,2.1470056939271682,0.41610866229477883,0.005444818248225673,-0.00024974665239990007,0.6827493318527339
CMP032,NVIDIA Corporation,NVDA,^GSPC,USD,Nasdaq,SECONDARY_INDIRECT,Technology & Component Supplier,False,2024-10-30,138.9671173095703,5813.669921875,-0.013522146646060551,-0.003300233889343751,-0.0102219127567168,8.740253635811161,0.5202555568529614,2.082449261105271,2026-02-28,791,ok,0.0019792778556959826,2.1470056939271682,0.41610866229477883,-0.005106343096016455,-0.008415803550044097,0.6743335283026898
CMP032,NVIDIA Corporation,NVDA,^GSPC,USD,Nasdaq,SECONDARY_INDIRECT,Technology & Component Supplier,False,2024-10-31,132.40472412109375,5705.4501953125,-0.04722263306259589,-0.018614700871699585,-0.0286079321908963,8.280293212430635,0.4919564544136046,2.053841328914375,2026-02-28,791,ok,0.0019792778556959826,2.1470056939271682,0.41610866229477883,-0.03798659090659405,-0.009236042156001836,0.665097486146688
CMP032,NVIDIA Corporation,NVDA,^GSPC,USD,Nasdaq,SECONDARY_INDIRECT,Technology & Component Supplier,False,2024-11-01,135.03765869140625,5728.7998046875,0.019885503238573854,0.004092509543626166,0.015792993694947688,8.46483651316134,0.49806230044196687,2.069634322609323,2026-02-28,791,ok,0.0019792778556959826,2.1470056939271682,0.41610866229477883,0.010765919148312637,0.009119584090261217,0.6742170702369492
CMP032,NVIDIA Corporation,NVDA,^GSPC,USD,Nasdaq,SECONDARY_INDIRECT,Technology & Component Supplier,False,2024-11-04,135.6859130859375,5712.68994140625,0.0048005452761341605,-0.002812083478299976,0.0076126287544341364,8.510272889373978,0.49384962419742995,2.0772469513637573,2026-02-28,791,ok,0.0019792778556959826,2.1470056939271682,0.41610866229477883,-0.0040582813840125825,0.008858826660146743,0.6830758968970959
CMP032,NVIDIA Corporation,NVDA,^GSPC,USD,Nasdaq,SECONDARY_INDIRECT,Technology & Component Supplier,False,2024-11-05,139.5355987548828,5782.759765625,0.028372036428771175,0.012265644545291332,0.016106391883479843,8.78009869823885,0.5121726526919526,2.0933533432472373,2026-02-28,791,ok,0.0019792778556959826,2.1470056939271682,0.41610866229477883,0.028313686534123188,5.8349894647986844e-05,0.683134246791744
CMP032,NVIDIA Corporation,NVDA,^GSPC,USD,Nasdaq,SECONDARY_INDIRECT,Technology & Component Supplier,False,2024-11-06,145.2203369140625,5929.0400390625,0.040740414703532846,0.025295927786425976,0.01544448691710687,9.178543975046583,0.5504244629150563,2.1087978301643444,2026-02-28,791,ok,0.0019792778556959826,2.1470056939271682,0.41610866229477883,0.05628977884632302,-0.015549364142790172,0.6675848826489538
CMP032,NVIDIA Corporation,NVDA,^GSPC,USD,Nasdaq,SECONDARY_INDIRECT,Technology & Component Supplier,False,2024-11-07,148.4816131591797,5973.10009765625,0.02245743478096407,0.007431229727488331,0.015026205053475739,9.407127962531368,0.5619460232740958,2.12382403521782,2026-02-28,791,ok,0.0019792778556959826,2.1470056939271682,0.41610866229477883,0.01793417039349427,0.004523264387469798,0.6721081470364235
CMP032,NVIDIA Corporation,NVDA,^GSPC,USD,Nasdaq,SECONDARY_INDIRECT,Technology & Component Supplier,False,2024-11-08,147.2349090576172,5995.5400390625,-0.00839635342745082,0.0037568333092317108,-0.01215318673668253,9.319746037993248,0.5678139941215539,2.1116708484811375,2026-02-28,791,ok,0.0019792778556959826,2.1470056939271682,0.41610866229477883,0.01004522036175171,-0.018441573789202532,0.653666573247221
CMP032,NVIDIA Corporation,NVDA,^GSPC,USD,Nasdaq,SECONDARY_INDIRECT,Technology & Component Supplier,False,2024-11-11,144.87127685546875,6001.35009765625,-0.016053476836960456,0.0009690634297987444,-0.0170225402667592,9.15407823400901,0.5693333053279839,2.0946483082143783,2026-02-28,791,ok,0.0019792778556959826,2.1470056939271682,0.41610866229477883,0.0040598625572504776,-0.020113339394210936,0.6335532338530101
CMP032,NVIDIA Corporation,NVDA,^GSPC,USD,Nasdaq,SECONDARY_INDIRECT,Technology & Component Supplier,False,2024-11-12,147.8931427001953,5983.990234375,0.020858971566470874,-0.00289265965137242,0.023751631217843294,9.365881863175924,0.5647937581961067,2.1183999394322215,2026-02-28,791,ok,0.0019792778556959826,2.1470056939271682,0.41610866229477883,-0.0042312788863939806,0.025090250452864855,0.6586434843058749
CMP032,NVIDIA Corporation,NVDA,^GSPC,USD,Nasdaq,SECONDARY_INDIRECT,Technology & Component Supplier,False,2024-11-13,145.87857055664062,5985.3798828125,-0.01362180900867438,0.00023222772482434095,-0.01385403673349872,9.224679800229259,0.565157146690392,2.1045459026987228,2026-02-28,791,ok,0.0019792778556959826,2.1470056939271682,0.41610866229477883,0.0024778721031815942,-0.016099681111855974,0.6425438031940189
CMP032,NVIDIA Corporation,NVDA,^GSPC,USD,Nasdaq,SECONDARY_INDIRECT,Technology & Component Supplier,False,2024-11-14,146.3672332763672,5949.169921875,0.0033497909793187564,-0.006049734794859041,0.009399525774177797,9.25893034039049,0.5556883610406369,2.1139454284729005,2026-02-28,791,ok,0.0019792778556959826,2.1470056939271682,0.41610866229477883,-0.011009537195615687,0.014359328174934443,0.6569031313689534
CMP032,NVIDIA Corporation,NVDA,^GSPC,USD,Nasdaq,SECONDARY_INDIRECT,Technology & Component Supplier,False,2024-11-15,141.60003662109375,5870.6201171875,-0.032570108408568,-0.013203489851361216,-0.019366618557206783,8.924795867048024,0.5351478455537562,2.094578809915694,2026-02-28,791,ok,0.0019792778556959826,2.1470056939271682,0.41610866229477883,-0.02636869003488613,-0.00620141837368187,0.6507017129952716
CMP032,NVIDIA Corporation,NVDA,^GSPC,USD,Nasdaq,SECONDARY_INDIRECT,Technology & Component Supplier,False,2024-11-18,139.77493286132812,5893.6201171875,-0.012889147512365473,0.003917814394541086,-0.01680696190690656,8.796873709087526,0.5411622698808154,2.0777718480087874,2026-02-28,791,ok,0.0019792778556959826,2.1470056939271682,0.41610866229477883,0.010390847668525514,-0.023279995180890987,0.6274217178143806
CMP032,NVIDIA Corporation,NVDA,^GSPC,USD,Nasdaq,SECONDARY_INDIRECT,Technology & Component Supplier,False,2024-11-19,146.6165771484375,5916.97998046875,0.04894757698719143,0.003963584828470035,0.0449839921587214,9.27640693919688,0.5472707972719255,2.1227558401675086,2026-02-28,791,ok,0.0019792778556959826,2.1470056939271682,0.41610866229477883,0.010489117050784485,0.038458459936406945,0.6658801777507876
CMP032,NVIDIA Corporation,NVDA,^GSPC,USD,Nasdaq,SECONDARY_INDIRECT,Technology & Component Supplier,False,2024-11-20,145.49960327148438,5917.10986328125,-0.007618332787992177,2.195086225209586e-05,-0.007640283650244273,9.198117851269245,0.5473047612000632,2.1151155565172646,2026-02-28,791,ok,0.0019792778556959826,2.1470056939271682,0.41610866229477883,0.0020264064819378435,-0.00964473926993002,0.6562354384808575
CMP032,NVIDIA Corporation,NVDA,^GSPC,USD,Nasdaq,SECONDARY_INDIRECT,Technology & Component Supplier,False,2024-11-21,146.2775115966797,5948.7099609375,0.005346463548383973,0.0053404615405816536,6.002007802319298e-06,9.252641716623181,0.555568082768811,2.115121558525067,2026-02-28,791,ok,0.0019792778556959826,2.1470056939271682,0.41610866229477883,0.01344527919152385,-0.008098815643139877,0.6481366228377177
CMP032,NVIDIA Corporation,NVDA,^GSPC,USD,Nasdaq,SECONDARY_INDIRECT,Technology & Component Supplier,False,2024-11-22,141.57012939453125,5969.33984375,-0.03218117501976492,0.003467959094991535,-0.03564913411475645,8.922699659125588,0.5609627292493276,2.0794724244103104,2026-02-28,791,ok,0.0019792778556959826,2.1470056939271682,0.41610866229477883,0.009425005778949318,-0.04160618079871424,0.6065304420390034
CMP032,NVIDIA Corporation,NVDA,^GSPC,USD,Nasdaq,SECONDARY_INDIRECT,Technology & Component Supplier,False,2024-11-25,135.65602111816406,5987.3701171875,-0.041775113872260405,0.003020480305938378,-0.04479559417819878,8.508177750945377,0.565677586431329,2.0346768302321117,2026-02-28,791,ok,0.0019792778556959826,2.1470056939271682,0.41610866229477883,0.008464266270940555,-0.05023938014320096,0.5562910618958025
CMP032,NVIDIA Corporation,NVDA,^GSPC,USD,Nasdaq,SECONDARY_INDIRECT,Technology & Component Supplier,False,2024-11-26,136.55360412597656,6021.6298828125,0.006616610161598757,0.005722005647630368,0.0008946045139683889,8.57108965647057,0.5746364024232573,2.03557143474608,2026-02-28,791,ok,0.0019792778556959826,2.1470056939271682,0.41610866229477883,0.014264456561841797,-0.00764784640024304,0.5486432154955594
CMP032,NVIDIA Corporation,NVDA,^GSPC,USD,Nasdaq,SECONDARY_INDIRECT,Technology & Component Supplier,False,2024-11-27,134.97781372070312,5998.740234375,-0.011539720356408156,-0.003801238017440034,-0.007738482338968122,8.460641958328788,0.568650834666721,2.027832952407112,2026-02-28,791,ok,0.0019792778556959826,2.1470056939271682,0.41610866229477883,-0.0061820018117201905,-0.005357718544687966,0.5432854969508715
CMP032,NVIDIA Corporation,NVDA,^GSPC,USD,Nasdaq,SECONDARY_INDIRECT,Technology & Component Supplier,False,2024-11-29,137.8800506591797,6032.3798828125,0.021501585027017045,0.005607785488815242,0.015893799538201803,8.66406075580596,0.5774474920543828,2.0437267519453135,2026-02-28,791,ok,0.0019792778556959826,2.1470056939271682,0.41610866229477883,0.014019225230504456,0.0074823597965125895,0.550767856747384
CMP032,NVIDIA Corporation,NVDA,^GSPC,USD,Nasdaq,SECONDARY_INDIRECT,Technology & Component Supplier,False,2024-12-02,138.259033203125,6047.14990234375,0.0027486394306752704,0.0024484564662998753,0.00030018296437539504,8.690623774259809,0.5813098035665518,2.044026934909689,2026-02-28,791,ok,0.0019792778556959826,2.1470056939271682,0.41610866229477883,0.007236127830174609,-0.0044874883994993385,0.5462803683478847
CMP032,NVIDIA Corporation,NVDA,^GSPC,USD,Nasdaq,SECONDARY_INDIRECT,Technology & Component Supplier,False,2024-12-03,139.88465881347656,6049.8798828125,0.01175782567467576,0.0004514491145146682,0.011306376560161091,8.804564439276424,0.5820236844771454,2.05533331146985,2026-02-28,791,ok,0.0019792778556959826,2.1470056939271682,0.41610866229477883,0.0029485416750773532,0.008809283999598405,0.5550896523474831
CMP032,NVIDIA Corporation,NVDA,^GSPC,USD,Nasdaq,SECONDARY_INDIRECT,Technology & Component Supplier,False,2024-12-04,144.7515869140625,6086.490234375,0.034792436439192054,0.006051417924264779,0.028741018514927275,9.145689124343912,0.5915971709580017,2.0840743299847775,2026-02-28,791,ok,0.0019792778556959826,2.1470056939271682,0.41610866229477883,0.014971706595425389,0.019820729843766663,0.5749103821912498
CMP032,NVIDIA Corporation,NVDA,^GSPC,USD,Nasdaq,SECONDARY_INDIRECT,Technology & Component Supplier,False,2024-12-05,144.68177795410156,6075.10986328125,-0.00048226732051226406,-0.0018697756269248078,0.0013875083064125437,9.140796190035164,0.5886212413598619,2.08546183829119,2026-02-28,791,ok,0.0019792778556959826,2.1470056939271682,0.41610866229477883,-0.0020351410616778207,0.0015528737411655566,0.5764632559324153
CMP032,NVIDIA Corporation,NVDA,^GSPC,USD,Nasdaq,SECONDARY_INDIRECT,Technology & Component Supplier,False,2024-12-06,142.06861877441406,6090.27001953125,-0.0180614256794418,0.0024954538421815275,-0.020556879521623328,8.957638953318478,0.5925855723403846,2.0649049587695663,2026-02-28,791,ok,0.0019792778556959826,2.1470056939271682,0.41610866229477883,0.007337031463792151,-0.025398457143233952,0.5510647987891814
CMP032,NVIDIA Corporation,NVDA,^GSPC,USD,Nasdaq,SECONDARY_INDIRECT,Technology & Component Supplier,False,2024-12-09,138.4480743408203,6052.85009765625,-0.025484476901564634,-0.006144213927296471,-0.019340262974268163,8.703873733418513,0.5828003858863993,2.045564695795298,2026-02-28,791,ok,0.0019792778556959826,2.1470056939271682,0.41610866229477883,-0.011212384430916149,-0.014272092470648486,0.5367927063185328
CMP032,NVIDIA Corporation,NVDA,^GSPC,USD,Nasdaq,SECONDARY_INDIRECT,Technology & Component Supplier,False,2024-12-10,134.7178192138672,6034.91015625,-0.026943351467426546,-0.002963883313944371,-0.023979468153482175,8.44241885282349,0.578109150233366,2.0215852276418156,2026-02-28,791,ok,0.0019792778556959826,2.1470056939271682,0.41610866229477883,-0.004384196495478307,-0.02255915497194824,0.5142335513465845
CMP032,NVIDIA Corporation,NVDA,^GSPC,USD,Nasdaq,SECONDARY_INDIRECT,Technology & Component Supplier,False,2024-12-11,138.94676208496094,6084.18994140625,0.03139111734268951,0.008165786048233592,0.02322533129445592,8.738826931031296,0.5909956519149313,2.0448105589362715,2026-02-28,791,ok,0.0019792778556959826,2.1470056939271682,0.41610866229477883,0.019511266996644537,0.011879850346044975,0.5261134016926295
CMP032,NVIDIA Corporation,NVDA,^GSPC,USD,Nasdaq,SECONDARY_INDIRECT,Technology & Component Supplier,False,2024-12-12,136.9818878173828,6051.25,-0.014141202271245934,-0.005414022527810203,-0.008727179743435731,8.601108209514924,0.5823819656138158,2.036083379192836,2026-02-28,791,ok,0.0019792778556959826,2.1470056939271682,0.41610866229477883,-0.009644659338562483,-0.0044965429326834505,0.5216168587599461
CMP032,NVIDIA Corporation,NVDA,^GSPC,USD,Nasdaq,SECONDARY_INDIRECT,Technology & Component Supplier,False,2024-12-13,133.89996337890625,6051.08984375,-0.022498773287350393,-2.6466639124200775e-05,-0.022472306648226192,8.385095052601729,0.5823400852813754,2.0136110725446095,2026-02-28,791,ok,0.0019792778556959826,2.1470056939271682,0.41610866229477883,0.001922453830797208,-0.0244212271181476,0.49719563164179853
CMP032,NVIDIA Corporation,NVDA,^GSPC,USD,Nasdaq,SECONDARY_INDIRECT,Technology & Component Supplier,False,2024-12-16,131.6558380126953,6074.080078125,-0.016759716056535257,0.0037993543260221863,-0.020559070382557443,8.22780352435653,0.5883519559296275,1.993052002162052,2026-02-28,791,ok,0.0019792778556959826,2.1470056939271682,0.41610866229477883,0.010136513226912435,-0.02689622928344769,0.4702994023583508
CMP032,NVIDIA Corporation,NVDA,^GSPC,USD,Nasdaq,SECONDARY_INDIRECT,Technology & Component Supplier,False,2024-12-17,130.05003356933594,6050.60986328125,-0.012196986230147533,-0.003863994965801476,-0.008332991264346057,8.115252131835446,0.5822145719679945,1.984719010897706,2026-02-28,791,ok,0.0019792778556959826,2.1470056939271682,0.41610866229477883,-0.0063167413371857,-0.005880244892961833,0.464419157465389
CMP032,NVIDIA Corporation,NVDA,^GSPC,USD,Nasdaq,SECONDARY_INDIRECT,Technology & Component Supplier,False,2024-12-18,128.57388305664062,5872.16015625,-0.011350635383790997,-0.02949284635160343,0.018142210967812433,8.011788228455657,0.5355505607016744,2.002861221865518,2026-02-28,791,ok,0.0019792778556959826,2.1470056939271682,0.41610866229477883,-0.0613420311913157,0.0499913958075247,0.5144105532729136
CMP032,NVIDIA Corporation,NVDA,^GSPC,USD,Nasdaq,SECONDARY_INDIRECT,Technology & Component Supplier,False,2024-12-19,130.3392333984375,5867.080078125,0.013730240542079386,-0.0008651123249070469,0.014595352866986433,8.135522248546632,0.5342221369860936,2.0174565747325044,2026-02-28,791,ok,0.0019792778556959826,2.1470056939271682,0.41610866229477883,0.00012187676823398243,0.013608363773845403,0.5280189170467591
CMP032,NVIDIA Corporation,NVDA,^GSPC,USD,Nasdaq,SECONDARY_INDIRECT,Technology & Component Supplier,False,2024-12-20,134.34878540039062,5930.85009765625,0.030762433516055898,0.010869123768910471,0.019893309747145427,8.416553144351997,0.5508977872819978,2.03734988447965,2026-02-28,791,ok,0.0019792778556959826,2.1470056939271682,0.41610866229477883,0.02531534847554589,0.005447085040510009,0.5334660020872691
CMP032,NVIDIA Corporation,NVDA,^GSPC,USD,Nasdaq,SECONDARY_INDIRECT,Technology & Component Supplier,False,2024-12-23,139.3058319091797,5974.06982421875,0.03689684647327418,0.007287273468533639,0.02960957300474054,8.76399426002658,0.5621996035796655,2.0669594574843906,2026-02-28,791,ok,0.0019792778556959826,2.1470056939271682,0.41610866229477883,0.01762509548584209,0.01927175098743209,0.5527377530747012
CMP032,NVIDIA Corporation,NVDA,^GSPC,USD,Nasdaq,SECONDARY_INDIRECT,Technology & Component Supplier,False,2024-12-24,139.85443115234375,6040.0400390625,0.003938092437664187,0.01104275925539211,-0.007104666817727923,8.802445771983388,0.5794505977108646,2.0598547906666624,2026-02-28,791,ok,0.0019792778556959826,2.1470056939271682,0.41610866229477883,0.025688144853689775,-0.021750052416025588,0.5309877006586756
CMP032,NVIDIA Corporation,NVDA,^GSPC,USD,Nasdaq,SECONDARY_INDIRECT,Technology & Component Supplier,False,2024-12-26,139.56517028808594,6037.58984375,-0.002068299601767465,-0.00040565878647391695,-0.001662640815293548,8.782171377296848,0.5788098796981016,2.0581921498513687,2026-02-28,791,ok,0.0019792778556959826,2.1470056939271682,0.41610866229477883,0.0011083261313448976,-0.0031766257331123622,0.5278110749255632
CMP032,NVIDIA Corporation,NVDA,^GSPC,USD,Nasdaq,SECONDARY_INDIRECT,Technology & Component Supplier,False,2024-12-27,136.65274047851562,5970.83984375,-0.020867884183128016,-0.011055736101235558,-0.009812148081892458,8.578038157935907,0.561354974314136,2.048380001769476,2026-02-28,791,ok,0.0019792778556959826,2.1470056939271682,0.41610866229477883,-0.021757450504212912,0.0008895663210848961,0.5287006412466482
CMP032,NVIDIA Corporation,NVDA,^GSPC,USD,Nasdaq,SECONDARY_INDIRECT,Technology & Component Supplier,False,2024-12-30,137.1315155029297,5906.93994140625,0.0035035888979433327,-0.010701995701766776,0.014205584599710108,8.611595666090128,0.5446453600900938,2.062585586369186,2026-02-28,791,ok,0.0019792778556959826,2.1470056939271682,0.41610866229477883,-0.020997967852381366,0.0245015567503247,0.5532021979969729
CMP032,NVIDIA Corporation,NVDA,^GSPC,USD,Nasdaq,SECONDARY_INDIRECT,Technology & Component Supplier,False,2024-12-31,133.93984985351562,5881.6298828125,-0.023274486814417794,-0.004284800394927402,-0.018989686419490392,8.387890709494199,0.5380268630411569,2.0435958999496955,2026-02-28,791,ok,0.0019792778556959826,2.1470056939271682,0.41610866229477883,-0.007220212989554527,-0.01605427382486327,0.5371479241721097
CMP032,NVIDIA Corporation,NVDA,^GSPC,USD,Nasdaq,SECONDARY_INDIRECT,Technology & Component Supplier,False,2025-01-02,137.94937133789062,5868.5498046875,0.029935239503105615,-0.0022238866412221947,0.03215912614432781,8.668919466311888,0.5346064656465987,2.0757550260940234,2026-02-28,791,ok,0.0019792778556959826,2.1470056939271682,0.41610866229477883,-0.0027954194256566353,0.03273065892876225,0.5698785831008719
CMP032,NVIDIA Corporation,NVDA,^GSPC,USD,Nasdaq,SECONDARY_INDIRECT,Technology & Component Supplier,False,2025-01-03,144.09332275390625,5942.47021484375,0.0445377268227396,0.01259602672149196,0.03194170010124764,9.099551160173556,0.5539364096948576,2.107696726195271,2026-02-28,791,ok,0.0019792778556959826,2.1470056939271682,0.41610866229477883,0.029023018947597984,0.015514707875141615,0.5853932909760136
CMP032,NVIDIA Corporation,NVDA,^GSPC,USD,Nasdaq,SECONDARY_INDIRECT,Technology & Component Supplier,False,2025-01-06,149.04039001464844,5975.3798828125,0.03433238380650838,0.005538045085450305,0.028794338721058077,9.446292826878102,0.5625421795916705,2.1364910649163287,2026-02-28,791,ok,0.0019792778556959826,2.1470056939271682,0.41610866229477883,0.013869492187383158,0.020462891619125224,0.6058561825951387
CMP032,NVIDIA Corporation,NVDA,^GSPC,USD,Nasdaq,SECONDARY_INDIRECT,Technology & Component Supplier,False,2025-01-07,139.77459716796875,5909.02978515625,-0.062169676594170165,-0.01110391288210788,-0.051065763712062284,8.79685018022309,0.5451918473548656,2.0854253012042663,2026-02-28,791,ok,0.0019792778556959826,2.1470056939271682,0.41610866229477883,-0.021860886327060867,-0.0403087902671093,0.5655473923280294
CMP032,NVIDIA Corporation,NVDA,^GSPC,USD,Nasdaq,SECONDARY_INDIRECT,Technology & Component Supplier,False,2025-01-08,139.74468994140625,5918.25,-0.00021396753894098453,0.001560360190925314,-0.0017743277298662985,8.794753972300654,0.5476029032008205,2.0836509734744,2026-02-28,791,ok,0.0019792778556959826,2.1470056939271682,0.41610866229477883,0.0053293800701899145,-0.005543347609130899,0.5600040447188985
CMP032,NVIDIA Corporation,NVDA,^GSPC,USD,Nasdaq,SECONDARY_INDIRECT,Technology & Component Supplier,False,2025-01-10,135.55563354492188,5827.0400390625,-0.02997649784217782,-0.01541164380306681,-0.014564854039111008,8.501141550985322,0.5237517985080973,2.069086119435289,2026-02-28,791,ok,0.0019792778556959826,2.1470056939271682,0.41610866229477883,-0.03110960914226582,0.0011331113000880022,0.5611371560189865
CMP032,NVIDIA Corporation,NVDA,^GSPC,USD,Nasdaq,SECONDARY_INDIRECT,Technology & Component Supplier,False,2025-01-13,132.8826141357422,5836.22021484375,-0.019718984296538844,0.0015754440882007614,-0.021294428384739605,8.31378868994225,0.5261523842709421,2.0477916910505494,2026-02-28,791,ok,0.0019792778556959826,2.1470056939271682,0.41610866229477883,0.005361765283526913,-0.02508074958006576,0.5360564064389207
CMP032,NVIDIA Corporation,NVDA,^GSPC,USD,Nasdaq,SECONDARY_INDIRECT,Technology & Component Supplier,False,2025-01-14,131.4164581298828,5842.91015625,-0.011033467511119777,0.0011462798112440442,-0.01217974732236382,8.211025305026338,0.5279017819379139,2.0356119437281857,2026-02-28,791,ok,0.0019792778556959826,2.1470056939271682,0.41610866229477883,0.004440347137270705,-0.015473814648390483,0.5205825917905302
CMP032,NVIDIA Corporation,NVDA,^GSPC,USD,Nasdaq,SECONDARY_INDIRECT,Technology & Component Supplier,False,2025-01-15,135.88478088378906,5949.91015625,0.0340012416823019,0.018312792279639112,0.015688449402662785,8.524211602564337,0.5558819298942335,2.051300393130848,2026-02-28,791,ok,0.0019792778556959826,2.1470056939271682,0.41610866229477883,0.04129694715178664,-0.007295705469484742,0.5132868863210455
CMP032,NVIDIA Corporation,NVDA,^GSPC,USD,Nasdaq,SECONDARY_INDIRECT,Technology & Component Supplier,False,2025-01-16,133.22174072265625,5937.33984375,-0.01959778088327857,-0.0021126894641922966,-0.017485091419086274,8.337558190491302,0.5525948345334188,2.033815301711762,2026-02-28,791,ok,0.0019792778556959826,2.1470056939271682,0.41610866229477883,-0.0025566784534248165,-0.017041102429853752,0.4962457838911917
CMP032,NVIDIA Corporation,NVDA,^GSPC,USD,Nasdaq,SECONDARY_INDIRECT,Technology & Component Supplier,False,2025-01-17,137.3509521484375,5996.66015625,0.03099502681305988,0.009991058969353706,0.021003967843706173,8.626976056974087,0.5681069010807562,2.054819269555468,2026-02-28,791,ok,0.0019792778556959826,2.1470056939271682,0.41610866229477883,0.023430138351260496,0.007564888461799382,0.5038106723529912
CMP032,NVIDIA Corporation,NVDA,^GSPC,USD,Nasdaq,SECONDARY_INDIRECT,Technology & Component Supplier,False,2025-01-21,140.46279907226562,6049.240234375,0.02265617292892963,0.008768227105582893,0.013887945823346737,8.845086491303556,0.5818564185152642,2.0687072153788146,2026-02-28,791,ok,0.0019792778556959826,2.1470056939271682,0.41610866229477883,0.020804711377028988,0.001851461551900642,0.5056621339048918
CMP032,NVIDIA Corporation,NVDA,^GSPC,USD,Nasdaq,SECONDARY_INDIRECT,Technology & Component Supplier,False,2025-01-22,146.68655395507812,6086.3701171875,0.04430891968492312,0.006137941522227575,0.038170978162695546,9.281311637937847,0.5915657607086713,2.10687819354151,2026-02-28,791,ok,0.0019792778556959826,2.1470056939271682,0.41610866229477883,0.015157473252910576,0.029151446432012545,0.5348135803369043
CMP032,NVIDIA Corporation,NVDA,^GSPC,USD,Nasdaq,SECONDARY_INDIRECT,Technology & Component Supplier,False,2025-01-23,146.83616638183594,6118.7099609375,0.0010199464281070991,0.00531348622041139,-0.004293539792304291,9.291798025019217,0.6000225234470753,2.1025846537492057,2026-02-28,791,ok,0.0019792778556959826,2.1470056939271682,0.41610866229477883,0.013387363025522785,-0.012367416597415685,0.5224461637394886
CMP032,NVIDIA Corporation,NVDA,^GSPC,USD,Nasdaq,SECONDARY_INDIRECT,Technology & Component Supplier,False,2025-01-24,142.24813842773438,6101.240234375,-0.031245898521831128,-0.002855132319398823,-0.028390766202432305,8.970221548322284,0.5954542474286155,2.074193887546773,2026-02-28,791,ok,0.0019792778556959826,2.1470056939271682,0.41610866229477883,-0.0041507074909687735,-0.027095191030862355,0.49535097270862627
CMP032,NVIDIA Corporation,NVDA,^GSPC,USD,Nasdaq,SECONDARY_INDIRECT,Technology & Component Supplier,False,2025-01-27,118.1112289428711,6012.27978515625,-0.16968172484819855,-0.014580715690809543,-0.155101009157389,7.278457158884283,0.5721913826491645,1.9190928783893841,2026-02-28,791,ok,0.0019792778556959826,2.1470056939271682,0.41610866229477883,-0.02932560175400531,-0.14035612309419324,0.35499484961443306
CMP032,NVIDIA Corporation,NVDA,^GSPC,USD,Nasdaq,SECONDARY_INDIRECT,Technology & Component Supplier,False,2025-01-28,128.6536865234375,6067.7001953125,0.08925872395812307,0.009217869449967608,0.08004085450815546,8.017381681228283,0.5866836375647886,1.9991337328975396,2026-02-28,791,ok,0.0019792778556959826,2.1470056939271682,0.41610866229477883,0.021770096050653734,0.06748862790746933,0.4224834775219024
CMP032,NVIDIA Corporation,NVDA,^GSPC,USD,Nasdaq,SECONDARY_INDIRECT,Technology & Component Supplier,False,2025-01-29,123.37747192382812,6039.31005859375,-0.04101098648773027,-0.004678895760321544,-0.03633209072740873,7.647569962944724,0.5792597102200152,1.9628016421701309,2026-02-28,791,ok,0.0019792778556959826,2.1470056939271682,0.41610866229477883,-0.00806633798300606,-0.032944648504724214,0.3895388290171782
CMP032,NVIDIA Corporation,NVDA,^GSPC,USD,Nasdaq,SECONDARY_INDIRECT,Technology & Component Supplier,False,2025-01-30,124.32500457763672,6071.169921875,0.007679948689446325,0.005275414405311762,0.002404534284134563,7.713982856548537,0.5875909596450384,1.9652061764542654,2026-02-28,791,ok,0.0019792778556959826,2.1470056939271682,0.41610866229477883,0.013305622621725743,-0.005625673932279418,0.38391315508489876
CMP032,NVIDIA Corporation,NVDA,^GSPC,USD,Nasdaq,SECONDARY_INDIRECT,Technology & Component Supplier,False,2025-01-31,119.7569351196289,6040.52978515625,-0.036742966336713145,-0.005046825754019935,-0.03169614058269321,7.393805277791678,0.5795786647030525,1.9335100358715722,2026-02-28,791,ok,0.0019792778556959826,2.1470056939271682,0.41610866229477883,-0.008856285774443091,-0.027886680562270054,0.3560264745226287
CMP032,NVIDIA Corporation,NVDA,^GSPC,USD,Nasdaq,SECONDARY_INDIRECT,Technology & Component Supplier,False,2025-02-03,116.3558349609375,5994.56982421875,-0.028400026731595474,-0.007608597684666707,-0.020791429046928767,7.155420983522587,0.5675602861320439,1.9127186068246433,2026-02-28,791,ok,0.0019792778556959826,2.1470056939271682,0.41610866229477883,-0.014356424696084507,-0.014043602035510966,0.34198287248711773
CMP032,NVIDIA Corporation,NVDA,^GSPC,USD,Nasdaq,SECONDARY_INDIRECT,Technology & Component Supplier,False,2025-02-04,118.34063720703124,6037.8798828125,0.017058037929598147,0.007224881828679752,0.009833156100918394,7.294536463991356,0.5788857239586793,1.9225517629255617,2026-02-28,791,ok,0.0019792778556959826,2.1470056939271682,0.41610866229477883,0.01749114027982234,-0.0004331023502241946,0.3415497701368935
CMP032,NVIDIA Corporation,NVDA,^GSPC,USD,Nasdaq,SECONDARY_INDIRECT,Technology & Component Supplier,False,2025-02-05,124.50452423095705,6061.47998046875,0.052085971221723204,0.003908672930614365,0.04817729829110884,7.726565451552345,0.58505707184845,1.9707290612166706,2026-02-28,791,ok,0.0019792778556959826,2.1470056939271682,0.41610866229477883,0.010371220893424016,0.04171475032829919,0.3832645204651927
CMP032,NVIDIA Corporation,NVDA,^GSPC,USD,Nasdaq,SECONDARY_INDIRECT,Technology & Component Supplier,False,2025-02-06,128.344482421875,6083.56982421875,0.03084191690733107,0.003644298722618622,0.027197618184712447,7.995709458095508,0.5908334933106649,1.997926679401383,2026-02-28,791,ok,0.0019792778556959826,2.1470056939271682,0.41610866229477883,0.00980360796352967,0.021038308943801397,0.4043028294089941
CMP032,NVIDIA Corporation,NVDA,^GSPC,USD,Nasdaq,SECONDARY_INDIRECT,Technology & Component Supplier,False,2025-02-07,129.50143432617188,6025.990234375,0.009014426506422923,-0.009464770111542897,0.01847919661796582,8.076800619878643,0.5757766200107368,2.016405876019349,2026-02-28,791,ok,0.0019792778556959826,2.1470056939271682,0.41610866229477883,-0.018341637465498294,0.027356063971921217,0.4316588933809153
CMP032,NVIDIA Corporation,NVDA,^GSPC,USD,Nasdaq,SECONDARY_INDIRECT,Technology & Component Supplier,False,2025-02-10,133.22174072265625,6066.43994140625,0.028727916534994735,0.006712541085862833,0.022015375449131902,8.337558190491306,0.5863540853147009,2.0384212514684807,2026-02-28,791,ok,0.0019792778556959826,2.1470056939271682,0.41610866229477883,0.01639114178776354,0.012336774747231195,0.4439956681281465
CMP032,NVIDIA Corporation,NVDA,^GSPC,USD,Nasdaq,SECONDARY_INDIRECT,Technology & Component Supplier,False,2025-02-11,132.45376586914062,6068.5,-0.005764636082292385,0.00033958278885926063,-0.006104218871151645,8.283730565625895,0.5868927838591103,2.032317032597329,2026-02-28,791,ok,0.0019792778556959826,2.1470056939271682,0.41610866229477883,0.0027083640369364825,-0.008473000119228868,0.43552266800891765
CMP032,NVIDIA Corporation,NVDA,^GSPC,USD,Nasdaq,SECONDARY_INDIRECT,Technology & Component Supplier,False,2025-02-12,130.79808044433594,6051.97021484375,-0.012500100800761249,-0.0027238667143857365,-0.009776234086375513,8.167682997748463,0.5825702994258575,2.0225407985109536,2026-02-28,791,ok,0.0019792778556959826,2.1470056939271682,0.41610866229477883,-0.003868879489588881,-0.008631221311172367,0.42689144669774526
CMP032,NVIDIA Corporation,NVDA,^GSPC,USD,Nasdaq,SECONDARY_INDIRECT,Technology & Component Supplier,False,2025-02-13,134.937255859375,6115.06982421875,0.03164553639455425,0.010426292122230674,0.02121924427232358,8.457799243707449,0.5990706396716374,2.043760042783277,2026-02-28,791,ok,0.0019792778556959826,2.1470056939271682,0.41610866229477883,0.02436458640867322,0.007280949985881031,0.4341723966836263
CMP032,NVIDIA Corporation,NVDA,^GSPC,USD,Nasdaq,SECONDARY_INDIRECT,Technology & Component Supplier,False,2025-02-14,138.4879913330078,6114.6298828125,0.02631397423209214,-7.194380749464546e-05,0.026385918039586786,8.706671529298667,0.5989555964413666,2.070145960822864,2026-02-28,791,ok,0.0019792778556959826,2.1470056939271682,0.41610866229477883,0.0018248140913621788,0.024489160140729962,0.4586615568243562
CMP032,NVIDIA Corporation,NVDA,^GSPC,USD,Nasdaq,SECONDARY_INDIRECT,Technology & Component Supplier,False,2025-02-18,139.03656005859375,6129.580078125,0.003961128472625752,0.0024449877750611915,0.0015161406975645608,8.745120902267798,0.6028650233275314,2.0716621015204284,2026-02-28,791,ok,0.0019792778556959826,2.1470056939271682,0.41610866229477883,0.007228680530334679,-0.003267552057708927,0.4553940047666473
CMP032,NVIDIA Corporation,NVDA,^GSPC,USD,Nasdaq,SECONDARY_INDIRECT,Technology & Component Supplier,False,2025-02-19,138.86695861816406,6144.14990234375,-0.00121983340466858,0.0023769693899173827,-0.0035968027945859626,8.733233478258677,0.6066749844241501,2.0680652987258425,2026-02-28,791,ok,0.0019792778556959826,2.1470056939271682,0.41610866229477883,0.007082644670139191,-0.00830247807480777,0.44709152669183955
CMP032,NVIDIA Corporation,NVDA,^GSPC,USD,Nasdaq,SECONDARY_INDIRECT,Technology & Component Supplier,False,2025-02-20,139.74468994140625,6117.52001953125,0.006320663547155547,-0.0043341850761716705,0.010654848623327218,8.794753972300661,0.5997113576844006,2.07872014734917,2026-02-28,791,ok,0.0019792778556959826,2.1470056939271682,0.41610866229477883,-0.007326242181378751,0.013646905728534298,0.4607384324203738
CMP032,NVIDIA Corporation,NVDA,^GSPC,USD,Nasdaq,SECONDARY_INDIRECT,Technology & Component Supplier,False,2025-02-21,134.07948303222656,6013.1298828125,-0.04053969357658638,-0.01706412670256352,-0.023475566874022857,8.39767764760554,0.572413680389344,2.055244580475147,2026-02-28,791,ok,0.0019792778556959826,2.1470056939271682,0.41610866229477883,-0.03465749933660253,-0.005882194239983846,0.45485623818039
CMP032,NVIDIA Corporation,NVDA,^GSPC,USD,Nasdaq,SECONDARY_INDIRECT,Technology & Component Supplier,False,2025-02-24,129.94032287597656,5983.25,-0.030870943582435584,-0.00496910650440241,-0.025901837078033174,8.107562471140394,0.5646001893425101,2.029342743397114,2026-02-28,791,ok,0.0019792778556959826,2.1470056939271682,0.41610866229477883,-0.008689422102986517,-0.022181521479449066,0.43267471670094093
CMP032,NVIDIA Corporation,NVDA,^GSPC,USD,Nasdaq,SECONDARY_INDIRECT,Technology & Component Supplier,False,2025-02-25,126.2998275756836,5955.25,-0.028016671189648235,-0.004679730915472358,-0.023336940274175877,7.852398888047274,0.5572782814660902,2.006005803122938,2026-02-28,791,ok,0.0019792778556959826,2.1470056939271682,0.41610866229477883,-0.00806813106587017,-0.019948540123778065,0.4127261765771629
CMP032,NVIDIA Corporation,NVDA,^GSPC,USD,Nasdaq,SECONDARY_INDIRECT,Technology & Component Supplier,False,2025-02-26,130.93771362304688,5956.06005859375,0.03672123815516759,0.00013602428004699796,0.03658521387512059,8.177469935859799,0.5574901091231594,2.042591016998059,2026-02-28,791,ok,0.0019792778556959826,2.1470056939271682,0.41610866229477883,0.002271322759469231,0.03444991539569836,0.44717609197286123
CMP032,NVIDIA Corporation,NVDA,^GSPC,USD,Nasdaq,SECONDARY_INDIRECT,Technology & Component Supplier,False,2025-02-27,119.83673858642578,5861.56982421875,-0.08478057795158545,-0.015864553655509872,-0.06891602429607557,7.399398730564306,0.5327812237190492,1.9736749927019832,2026-02-28,791,ok,0.0019792778556959826,2.1470056939271682,0.41610866229477883,-0.03208200917429679,-0.05269856877728866,0.39447752319557255
CMP032,NVIDIA Corporation,NVDA,^GSPC,USD,Nasdaq,SECONDARY_INDIRECT,Technology & Component Supplier,False,2025-02-28,124.5942840576172,5954.5,0.039700224883542745,0.01585414463498891,0.023846080248553836,7.7328567490542515,0.5570821589336863,1.997521072950537,2026-02-28,791,ok,0.0019792778556959826,2.1470056939271682,0.41610866229477883,0.036018216659362036,0.0036820082241807092,0.39815953141975324
CMP032,NVIDIA Corporation,NVDA,^GSPC,USD,Nasdaq,SECONDARY_INDIRECT,Technology & Component Supplier,False,2025-03-03,113.76260375976562,5849.72021484375,-0.08693561169180597,-0.0175967394669998,-0.06933887222480617,6.973660505758304,0.5296825898542166,1.9281822007257308,2026-02-28,791,ok,0.0019792778556959826,2.1470056939271682,0.41610866229477883,-0.03580102197450551,-0.051134589717300456,0.3470249417024528
CMP032,NVIDIA Corporation,NVDA,^GSPC,USD,Nasdaq,SECONDARY_INDIRECT,Technology & Component Supplier,False,2025-03-04,115.68757629394533,5778.14990234375,0.01692096058424175,-0.012234826602200433,0.029155787186442184,7.108582500888366,0.5109671886109453,1.9573379879121728,2026-02-28,791,ok,0.0019792778556959826,2.1470056939271682,0.41610866229477883,-0.024288964523439933,0.041209925107681684,0.38823486681013447
CMP032,NVIDIA Corporation,NVDA,^GSPC,USD,Nasdaq,SECONDARY_INDIRECT,Technology & Component Supplier,False,2025-03-05,116.99415588378906,5842.6298828125,0.011294035467766195,0.011159277893187936,0.0001347575745782592,7.200161119246706,0.5278284913561437,1.957472745486751,2026-02-28,791,ok,0.0019792778556959826,2.1470056939271682,0.41610866229477883,0.025938311032486054,-0.01464427556471986,0.3735905912454146
CMP032,NVIDIA Corporation,NVDA,^GSPC,USD,Nasdaq,SECONDARY_INDIRECT,Technology & Component Supplier,False,2025-03-06,110.2817153930664,5738.52001953125,-0.05737415206781915,-0.017819007085749905,-0.039555144982069246,6.729683828210428,0.500604104642858,1.9179176005046819,2026-02-28,791,ok,0.0019792778556959826,2.1470056939271682,0.41610866229477883,-0.03627823181753762,-0.02109592025028153,0.3524946709951331
CMP032,NVIDIA Corporation,NVDA,^GSPC,USD,Nasdaq,SECONDARY_INDIRECT,Technology & Component Supplier,False,2025-03-07,112.39617919921876,5770.2001953125,0.01917329449053251,0.00552061780274804,0.01365267668778447,6.877887332567413,0.5088883663778261,1.9315702771924663,2026-02-28,791,ok,0.0019792778556959826,2.1470056939271682,0.41610866229477883,0.013832075712191718,0.005341218778340793,0.3578358897734739
CMP032,NVIDIA Corporation,NVDA,^GSPC,USD,Nasdaq,SECONDARY_INDIRECT,Technology & Component Supplier,False,2025-03-10,106.70105743408205,5614.56005859375,-0.05067006552813769,-0.0269730913054258,-0.023696974222711886,6.478714265202936,0.4681889827018222,1.9078733029697545,2026-02-28,791,ok,0.0019792778556959826,2.1470056939271682,0.41610866229477883,-0.05593210275987061,0.005262037231732922,0.3630979270052068
CMP032,NVIDIA Corporation,NVDA,^GSPC,USD,Nasdaq,SECONDARY_INDIRECT,Technology & Component Supplier,False,2025-03-11,108.47642517089844,5572.06982421875,0.016638707989498513,-0.007567865323653167,0.02420657331315168,6.603150407998545,0.45707792621106336,1.9320798762829061,2026-02-28,791,ok,0.0019792778556959826,2.1470056939271682,0.41610866229477883,-0.01426897208506134,0.03090768007455985,0.3940056070797667
CMP032,NVIDIA Corporation,NVDA,^GSPC,USD,Nasdaq,SECONDARY_INDIRECT,Technology & Component Supplier,False,2025-03-12,115.4488525390625,5599.2998046875,0.06427596924566226,0.004886869929446425,0.05938909931621583,7.091850269793204,0.4641984765135243,1.991468975599122,2026-02-28,791,ok,0.0019792778556959826,2.1470056939271682,0.41610866229477883,0.012471415419698916,0.05180455382596334,0.44581016090573
CMP032,NVIDIA Corporation,NVDA,^GSPC,USD,Nasdaq,SECONDARY_INDIRECT,Technology & Component Supplier,False,2025-03-13,115.28924560546876,5521.52001953125,-0.0013824904283022965,-0.013890984206835322,0.012508493778533025,7.080663364247959,0.44385931860060257,2.003977469377655,2026-02-28,791,ok,0.0019792778556959826,2.1470056939271682,0.41610866229477883,-0.027844744330631825,0.02646225390232953,0.47227241480805954
CMP032,NVIDIA Corporation,NVDA,^GSPC,USD,Nasdaq,SECONDARY_INDIRECT,Technology & Component Supplier,False,2025-03-14,121.36392211914062,5638.93994140625,0.05269074736129342,0.021265869083087807,0.031424878278205615,7.506439556085208,0.4745642418443594,2.0354023476558605,2026-02-28,791,ok,0.0019792778556959826,2.1470056939271682,0.41610866229477883,0.04763721986339523,0.00505352749789819,0.4773259423059577
CMP032,NVIDIA Corporation,NVDA,^GSPC,USD,Nasdaq,SECONDARY_INDIRECT,Technology & Component Supplier,False,2025-03-17,119.22930908203124,5675.1201171875,-0.017588530428456983,0.006416130719105961,-0.024004661147562945,7.356823785115173,0.48402523877375225,2.0113976865082974,2026-02-28,791,ok,0.0019792778556959826,2.1470056939271682,0.41610866229477883,0.015754747042597498,-0.03334327747105448,0.44398266483490323
CMP032,NVIDIA Corporation,NVDA,^GSPC,USD,Nasdaq,SECONDARY_INDIRECT,Technology & Component Supplier,False,2025-03-18,115.13961791992188,5614.66015625,-0.034301055617923626,-0.010653512117636543,-0.023647543500287083,7.07017590767275,0.46821515790959767,1.9877501430080105,2026-02-28,791,ok,0.0019792778556959826,2.1470056939271682,0.41610866229477883,-0.02089387332119176,-0.013407182296731865,0.43057548253817135
CMP032,NVIDIA Corporation,NVDA,^GSPC,USD,Nasdaq,SECONDARY_INDIRECT,Technology & Component Supplier,False,2025-03-19,117.22435760498048,5675.2900390625,0.018106189014006624,0.010798495567894584,0.00730769344611204,7.216296038033356,0.484069672785,1.9950578364541225,2026-02-28,791,ok,0.0019792778556959826,2.1470056939271682,0.41610866229477883,0.025163709325812945,-0.0070575203118063215,0.423517962226365
CMP032,NVIDIA Corporation,NVDA,^GSPC,USD,Nasdaq,SECONDARY_INDIRECT,Technology & Component Supplier,False,2025-03-20,118.23181915283205,5662.89013671875,0.008594302143642096,-0.0021848931523151816,0.010779195295957278,7.286909368685825,0.48082713911937347,2.0058370317500795,2026-02-28,791,ok,0.0019792778556959826,2.1470056939271682,0.41610866229477883,-0.002711700182947192,0.01130600232658929,0.4348239645529543
CMP032,NVIDIA Corporation,NVDA,^GSPC,USD,Nasdaq,SECONDARY_INDIRECT,Technology & Component Supplier,False,2025-03-21,117.4039077758789,5667.56005859375,-0.007002441329968412,0.0008246534476661349,-0.007827094777634547,7.228880772024837,0.48204830832504575,1.998009936972445,2026-02-28,791,ok,0.0019792778556959826,2.1470056939271682,0.41610866229477883,0.003749813503351844,-0.010752254833320256,0.42407170971963404
CMP032,NVIDIA Corporation,NVDA,^GSPC,USD,Nasdaq,SECONDARY_INDIRECT,Technology & Component Supplier,False,2025-03-24,121.10458374023438,5767.56982421875,0.0315208925704582,0.017646000146633645,0.013874892423824559,7.488262438814941,0.5082005329910677,2.0118848293962697,2026-02-28,791,ok,0.0019792778556959826,2.1470056939271682,0.41610866229477883,0.039865340645558064,-0.008344448075099861,0.41572726164453416
CMP032,NVIDIA Corporation,NVDA,^GSPC,USD,Nasdaq,SECONDARY_INDIRECT,Technology & Component Supplier,False,2025-03-25,120.38640594482422,5776.64990234375,-0.005930228016394756,0.0015743334544251475,-0.007504561470819904,7.437925107089768,0.5105749435461373,2.0043802679254497,2026-02-28,791,ok,0.0019792778556959826,2.1470056939271682,0.41610866229477883,0.0053593807464868025,-0.01128960876288156,0.4044376528816526
CMP032,NVIDIA Corporation,NVDA,^GSPC,USD,Nasdaq,SECONDARY_INDIRECT,Technology & Component Supplier,False,2025-03-26,113.4738311767578,5712.2001953125,-0.057419894827947626,-0.011156934922627149,-0.04626295990532048,6.953420334874575,0.4937215572052418,1.958117308020129,2026-02-28,791,ok,0.0019792778556959826,2.1470056939271682,0.41610866229477883,-0.021974724949959376,-0.03544516987798825,0.3689924830036644
CMP032,NVIDIA Corporation,NVDA,^GSPC,USD,Nasdaq,SECONDARY_INDIRECT,Technology & Component Supplier,False,2025-03-27,111.14968872070312,5693.31005859375,-0.02048174836394101,-0.003306980860763864,-0.017174767503177146,6.790520380943022,0.48878184860425367,1.9409425405169518,2026-02-28,791,ok,0.0019792778556959826,2.1470056939271682,0.41610866229477883,-0.005120828882072201,-0.01536091948186881,0.3536315635217956
CMP032,NVIDIA Corporation,NVDA,^GSPC,USD,Nasdaq,SECONDARY_INDIRECT,Technology & Component Supplier,False,2025-03-28,109.39411926269533,5580.93994140625,-0.01579464124653729,-0.01973722070834405,0.003942579461806761,6.66747190640219,0.45939743267177513,1.9448851199787587,2026-02-28,791,ok,0.0019792778556959826,2.1470056939271682,0.41610866229477883,-0.04039664738741591,0.024602006140878624,0.3782335696626742
CMP032,NVIDIA Corporation,NVDA,^GSPC,USD,Nasdaq,SECONDARY_INDIRECT,Technology & Component Supplier,False,2025-03-31,108.10736083984376,5611.85009765625,-0.01176259228123211,0.005538521570653376,-0.017301113851885486,6.57728256053938,0.467480336832784,1.9275840061268732,2026-02-28,791,ok,0.0019792778556959826,2.1470056939271682,0.41610866229477883,0.013870515203827224,-0.025633107485059335,0.35260046217761487
CMP032,NVIDIA Corporation,NVDA,^GSPC,USD,Nasdaq,SECONDARY_INDIRECT,Technology & Component Supplier,False,2025-04-01,109.87291717529295,5633.06982421875,0.016331508990075072,0.0037812354559083605,0.012550273534166712,6.701031018797168,0.47302922551326443,1.94013427966104,2026-02-28,791,ok,0.0019792778556959826,2.1470056939271682,0.41610866229477883,0.010097611909610525,0.006233897080464547,0.35883435925807944
CMP032,NVIDIA Corporation,NVDA,^GSPC,USD,Nasdaq,SECONDARY_INDIRECT,Technology & Component Supplier,False,2025-04-02,110.14222717285156,5670.97021484375,0.0024511044621573497,0.006728194715792668,-0.004277090253635318,6.719907050290554,0.4829400529645709,1.9358571894074046,2026-02-28,791,ok,0.0019792778556959826,2.1470056939271682,0.41610866229477883,0.016424750220353525,-0.013973645758196176,0.3448607134998833
CMP032,NVIDIA Corporation,NVDA,^GSPC,USD,Nasdaq,SECONDARY_INDIRECT,Technology & Component Supplier,False,2025-04-03,101.5439224243164,5396.52001953125,-0.0780654701583382,-0.04839563335990149,-0.02966983679843671,6.117248876830952,0.4111722298665845,1.9061873526089679,2026-02-28,791,ok,0.0019792778556959826,2.1470056939271682,0.41610866229477883,-0.10192642252922413,0.023860952370885924,0.3687216658707692
CMP032,NVIDIA Corporation,NVDA,^GSPC,USD,Nasdaq,SECONDARY_INDIRECT,Technology & Component Supplier,False,2025-04-04,94.07275390625,5074.080078125,-0.07357573294093378,-0.05974960534553109,-0.013826127595402693,5.593592074195077,0.32685524605748295,1.8923612250135653,2026-02-28,791,ok,0.0019792778556959826,2.1470056939271682,0.41610866229477883,-0.12630346503106044,0.052727732090126656,0.42144939796089587
CMP032,NVIDIA Corporation,NVDA,^GSPC,USD,Nasdaq,SECONDARY_INDIRECT,Technology & Component Supplier,False,2025-04-07,97.39436340332033,5062.25,0.03530894291008568,-0.0023314724921273955,0.03764041540221308,5.826404840315225,0.3237617195502649,1.9300016404157785,2026-02-28,791,ok,0.0019792778556959826,2.1470056939271682,0.41610866229477883,-0.0030264068601361,0.03833534977022178,0.45978474773111766
CMP032,NVIDIA Corporation,NVDA,^GSPC,USD,Nasdaq,SECONDARY_INDIRECT,Technology & Component Supplier,False,2025-04-08,96.05775451660156,4982.77001953125,-0.013723678044731624,-0.015700524562941354,0.0019768465182097295,5.732721458083741,0.30297796615698447,1.9319784869339882,2026-02-28,791,ok,0.0019792778556959826,2.1470056939271682,0.41610866229477883,-0.03172983777858247,0.01800615973385085,0.4777909074649685
CMP032,NVIDIA Corporation,NVDA,^GSPC,USD,Nasdaq,SECONDARY_INDIRECT,Technology & Component Supplier,False,2025-04-09,114.04238891601562,5456.89990234375,0.18722730392688702,0.09515387644904849,0.09207342747783853,6.9932707447714595,0.42696137056451855,2.0240519144118267,2026-02-28,791,ok,0.0019792778556959826,2.1470056939271682,0.41610866229477883,0.2062751923910454,-0.019047888464158363,0.45874301900081016
CMP032,NVIDIA Corporation,NVDA,^GSPC,USD,Nasdaq,SECONDARY_INDIRECT,Technology & Component Supplier,False,2025-04-10,107.29939270019533,5268.0498046875,-0.059127104227762683,-0.03460757958472693,-0.02451952464303575,6.520651792324631,0.37757769136837593,1.9995323897687909,2026-02-28,791,ok,0.0019792778556959826,2.1470056939271682,0.41610866229477883,-0.07232339256575036,0.01319628833798768,0.47193930733879785
CMP032,NVIDIA Corporation,NVDA,^GSPC,USD,Nasdaq,SECONDARY_INDIRECT,Technology & Component Supplier,False,2025-04-11,110.65094757080078,5363.35986328125,0.031235543708714397,0.018092095201708958,0.01314344850700544,6.755563440101808,0.40250095810836295,2.012675838275796,2026-02-28,791,ok,0.0019792778556959826,2.1470056939271682,0.41610866229477883,0.04082310926883751,-0.009587565560123114,0.4623517417786747
CMP032,NVIDIA Corporation,NVDA,^GSPC,USD,Nasdaq,SECONDARY_INDIRECT,Technology & Component Supplier,False,2025-04-14,110.4314956665039,5405.97021484375,-0.0019832808404687263,0.007944712390868913,-0.00992799323133764,6.740181979724015,0.41364342484845196,2.0027478450444587,2026-02-28,791,ok,0.0019792778556959826,2.1470056939271682,0.41610866229477883,0.019036620595505267,-0.021019901435973994,0.44133184034270073
CMP032,NVIDIA Corporation,NVDA,^GSPC,USD,Nasdaq,SECONDARY_INDIRECT,Technology & Component Supplier,False,2025-04-15,111.9177474975586,5396.6298828125,0.013458586448408472,-0.0017277808903947145,0.015186367338803186,6.844353888024544,0.41120095875316665,2.017934212383262,2026-02-28,791,ok,0.0019792778556959826,2.1470056939271682,0.41610866229477883,-0.0017302775538400221,0.015188864002248493,0.45652070434494924
CMP032,NVIDIA Corporation,NVDA,^GSPC,USD,Nasdaq,SECONDARY_INDIRECT,Technology & Component Supplier,False,2025-04-16,104.22714233398438,5275.7001953125,-0.06871658280776227,-0.0224083715440897,-0.04630821126367257,6.305316694504713,0.37957824334605017,1.9716260011195894,2026-02-28,791,ok,0.0019792778556959826,2.1470056939271682,0.41610866229477883,-0.04613162344110014,-0.022584959366662133,0.43393574497828713
CMP032,NVIDIA Corporation,NVDA,^GSPC,USD,Nasdaq,SECONDARY_INDIRECT,Technology & Component Supplier,False,2025-04-17,101.23468780517578,5282.7001953125,-0.028710894895492833,0.0013268380955802073,-0.03003773299107304,6.095574514710499,0.38140872031515527,1.9415882681285164,2026-02-28,791,ok,0.0019792778556959826,2.1470056939271682,0.41610866229477883,0.004828006801826167,-0.033538901697319004,0.40039684328096814
CMP032,NVIDIA Corporation,NVDA,^GSPC,USD,Nasdaq,SECONDARY_INDIRECT,Technology & Component Supplier,False,2025-04-21,96.66622924804688,5158.2001953125,-0.045127403029293855,-0.023567493023827546,-0.02155991000546631,5.775369663860772,0.3488523799360732,1.9200283581230502,2026-02-28,791,ok,0.0019792778556959826,2.1470056939271682,0.41610866229477883,-0.04862026385805058,0.0034928608287567234,0.40388970410972486
CMP032,NVIDIA Corporation,NVDA,^GSPC,USD,Nasdaq,SECONDARY_INDIRECT,Technology & Component Supplier,False,2025-04-22,98.64122772216795,5287.759765625,0.020431111148994985,0.025117204723895226,-0.004686093574900241,5.9137979945386405,0.3827317813052409,1.91534226454815,2026-02-28,791,ok,0.0019792778556959826,2.1470056939271682,0.41610866229477883,0.0559060594134334,-0.035474948264438415,0.36841475584528643
CMP032,NVIDIA Corporation,NVDA,^GSPC,USD,Nasdaq,SECONDARY_INDIRECT,Technology & Component Supplier,False,2025-04-23,102.4516143798828,5375.85986328125,0.03862874323145227,0.01666113847096007,0.0219676047604922,6.180869322023804,0.40576966698176475,1.9373098693086421,2026-02-28,791,ok,0.0019792778556959826,2.1470056939271682,0.41610866229477883,0.03775083702015624,0.000877906211296027,0.36929266205658245
CMP032,NVIDIA Corporation,NVDA,^GSPC,USD,Nasdaq,SECONDARY_INDIRECT,Technology & Component Supplier,False,2025-04-24,106.1622543334961,5484.77001953125,0.036218462501279136,0.020259113708281262,0.015959348792997874,6.4409493682901084,0.434249314512801,1.95326921810164,2026-02-28,791,ok,0.0019792778556959826,2.1470056939271682,0.41610866229477883,0.0454757103412938,-0.009257247840014665,0.3600354142165678
CMP032,NVIDIA Corporation,NVDA,^GSPC,USD,Nasdaq,SECONDARY_INDIRECT,Technology & Component Supplier,False,2025-04-25,110.7307586669922,5525.2099609375,0.043033226471856034,0.007373133469998461,0.03566009300185757,6.761157427621351,0.4448242261379578,1.9889293111034976,2026-02-28,791,ok,0.0019792778556959826,2.1470056939271682,0.41610866229477883,0.01780943739786766,0.025223789073988374,0.3852592032905562
CMP032,NVIDIA Corporation,NVDA,^GSPC,USD,Nasdaq,SECONDARY_INDIRECT,Technology & Component Supplier,False,2025-04-28,108.45647430419922,5528.75,-0.02053886734066901,0.0006407067039131409,-0.02117957404458215,6.601752044805388,0.4457499347056204,1.9677497370589154,2026-02-28,791,ok,0.0019792778556959826,2.1470056939271682,0.41610866229477883,0.0033548787971348043,-0.023893746137803814,0.36136545715275237
CMP032,NVIDIA Corporation,NVDA,^GSPC,USD,Nasdaq,SECONDARY_INDIRECT,Technology & Component Supplier,False,2025-04-29,108.74574279785156,5560.830078125,0.0026671390113697235,0.005802410694099036,-0.0031352716827293126,6.622026974238848,0.45413876958774924,1.9646144653761861,2026-02-28,791,ok,0.0019792778556959826,2.1470056939271682,0.41610866229477883,0.014437086654430505,-0.011769947643060781,0.3495955095096916
CMP032,NVIDIA Corporation,NVDA,^GSPC,USD,Nasdaq,SECONDARY_INDIRECT,Technology & Component Supplier,False,2025-04-30,108.64599609375,5569.06005859375,-0.0009172469793781168,0.00147999135976562,-0.002397238339143737,6.615035693019989,0.45629088240263926,1.9622172270370424,2026-02-28,791,ok,0.0019792778556959826,2.1470056939271682,0.41610866229477883,0.005156827732075781,-0.006074074711453898,0.3435214347982377
CMP032,NVIDIA Corporation,NVDA,^GSPC,USD,Nasdaq,SECONDARY_INDIRECT,Technology & Component Supplier,False,2025-05-01,111.32923126220705,5604.14013671875,0.024697046047989613,0.006299102138585644,0.01839794390940397,6.803104580187588,0.46546420741438443,1.9806151709464463,2026-02-28,791,ok,0.0019792778556959826,2.1470056939271682,0.41610866229477883,0.015503486013868162,0.00919356003412145,0.3527149948323592
CMP032,NVIDIA Corporation,NVDA,^GSPC,USD,Nasdaq,SECONDARY_INDIRECT,Technology & Component Supplier,False,2025-05-02,114.21196746826172,5686.669921875,0.025893794229703504,0.01472657412963474,0.011167220100068764,7.005156564539822,0.4870454746991988,1.991782391046515,2026-02-28,791,ok,0.0019792778556959826,2.1470056939271682,0.41610866229477883,0.033597316364062296,-0.007703522134358792,0.34501147269800037
CMP032,NVIDIA Corporation,NVDA,^GSPC,USD,Nasdaq,SECONDARY_INDIRECT,Technology & Component Supplier,False,2025-05-05,113.53368377685548,5650.3798828125,-0.005938814525673242,-0.006381597588933863,0.0004427830632606211,6.957615424454045,0.4775557488832234,1.9922251741097758,2026-02-28,791,ok,0.0019792778556959826,2.1470056939271682,0.41610866229477883,-0.011722048504096909,0.005783233978423667,0.35079470667642404
CMP032,NVIDIA Corporation,NVDA,^GSPC,USD,Nasdaq,SECONDARY_INDIRECT,Technology & Component Supplier,False,2025-05-06,113.25439453125,5606.91015625,-0.0024599681461442424,-0.007693239651855532,0.00523327150571129,6.9380399439906215,0.4661885584080878,1.9974584456154871,2026-02-28,791,ok,0.0019792778556959826,2.1470056939271682,0.41610866229477883,-0.01453815148158411,0.012078183335439868,0.3628728900118639
CMP032,NVIDIA Corporation,NVDA,^GSPC,USD,Nasdaq,SECONDARY_INDIRECT,Technology & Component Supplier,False,2025-05-07,116.7655258178711,5631.27978515625,0.031002163767272384,0.00434635623313584,0.026655807534136544,7.184136358325368,0.4725611361878772,2.024114253149624,2026-02-28,791,ok,0.0019792778556959826,2.1470056939271682,0.41610866229477883,0.011310929436074469,0.019691234331197915,0.3825641243430618
CMP032,NVIDIA Corporation,NVDA,^GSPC,USD,Nasdaq,SECONDARY_INDIRECT,Technology & Component Supplier,False,2025-05-08,117.07474517822266,5663.93994140625,0.002648207663911606,0.005799775094835535,-0.0031515674309239294,7.2058096509519824,0.48110165959116236,2.0209626857187,2026-02-28,791,ok,0.0019792778556959826,2.1470056939271682,0.41610866229477883,0.014431428007804859,-0.011783220343893253,0.3707809039991686
CMP032,NVIDIA Corporation,NVDA,^GSPC,USD,Nasdaq,SECONDARY_INDIRECT,Technology & Component Supplier,False,2025-05-09,116.35655975341795,5659.91015625,-0.00613441800544956,-0.0007114809122162891,-0.005422937093233271,7.155471784479891,0.4800478840313114,2.015539748625467,2026-02-28,791,ok,0.0019792778556959826,2.1470056939271682,0.41610866229477883,0.0004517242860471143,-0.006586142291496675,0.3641947617076719
CMP032,NVIDIA Corporation,NVDA,^GSPC,USD,Nasdaq,SECONDARY_INDIRECT,Technology & Component Supplier,False,2025-05-12,122.69058227539062,5844.18994140625,0.054436316572058274,0.032558782749008364,0.02187753382304991,7.599425628334327,0.5282364415456164,2.0374172824485166,2026-02-28,791,ok,0.0019792778556959826,2.1470056939271682,0.41610866229477883,0.0718831698051546,-0.017446853233096332,0.3467479084745756
CMP032,NVIDIA Corporation,NVDA,^GSPC,USD,Nasdaq,SECONDARY_INDIRECT,Technology & Component Supplier,False,2025-05-13,129.60311889648438,5886.5498046875,0.056341216195208155,0.0072482009835321826,0.04909301521167597,8.083927726814926,0.539313406424297,2.0865102976601926,2026-02-28,791,ok,0.0019792778556959826,2.1470056939271682,0.41610866229477883,0.01754120663806808,0.038800009557140074,0.3855479180317157
CMP032,NVIDIA Corporation,NVDA,^GSPC,USD,Nasdaq,SECONDARY_INDIRECT,Technology & Component Supplier,False,2025-05-14,134.99954223632812,5892.580078125,0.04163806693690719,0.001024415597859818,0.040613651339047374,8.462164917554073,0.5408903030878329,2.12712394899924,2026-02-28,791,ok,0.0019792778556959826,2.1470056939271682,0.41610866229477883,0.0041787039772488155,0.03745936295965838,0.4230072809913741
CMP032,NVIDIA Corporation,NVDA,^GSPC,USD,Nasdaq,SECONDARY_INDIRECT,Technology & Component Supplier,False,2025-05-15,134.49081420898438,5916.93017578125,-0.003768368536044231,0.004132332074135769,-0.00790070061018,8.426507992995901,0.5472577735100075,2.1192232483890603,2026-02-28,791,ok,0.0019792778556959826,2.1470056939271682,0.41610866229477883,0.010851418348063345,-0.014619786884107576,0.4083874941072665
CMP032,NVIDIA Corporation,NVDA,^GSPC,USD,Nasdaq,SECONDARY_INDIRECT,Technology & Component Supplier,False,2025-05-16,135.0593719482422,5958.3798828125,0.004227483806993115,0.007005272294898557,-0.0027777884879054415,8.466358402892784,0.5580967355238435,2.116445459901155,2026-02-28,791,ok,0.0019792778556959826,2.1470056939271682,0.41610866229477883,0.017019637360353425,-0.01279215355336031,0.39559534055390616
CMP032,NVIDIA Corporation,NVDA,^GSPC,USD,Nasdaq,SECONDARY_INDIRECT,Technology & Component Supplier,False,2025-05-19,135.22897338867188,5963.60009765625,0.0012557546950142662,0.0008761131291423752,0.000379641565871891,8.478245826901905,0.5594618045303099,2.116825101467027,2026-02-28,791,ok,0.0019792778556959826,2.1470056939271682,0.41610866229477883,0.003860297732489011,-0.0026045430374747446,0.3929907975164314
CMP032,NVIDIA Corporation,NVDA,^GSPC,USD,Nasdaq,SECONDARY_INDIRECT,Technology & Component Supplier,False,2025-05-20,134.0419464111328,5940.4599609375,-0.008777904230089395,-0.0038802294486252054,-0.00489767478146419,8.395046692764115,0.5534107349123651,2.111927426685563,2026-02-28,791,ok,0.0019792778556959826,2.1470056939271682,0.41610866229477883,-0.00635159686424621,-0.0024263073658431847,0.3905644901505882
CMP032,NVIDIA Corporation,NVDA,^GSPC,USD,Nasdaq,SECONDARY_INDIRECT,Technology & Component Supplier,False,2025-05-21,131.4684600830078,5844.60986328125,-0.019199111897641452,-0.01613513066101424,-0.0030639812366272112,8.21467014002617,0.5283462497343321,2.108863445448936,2026-02-28,791,ok,0.0019792778556959826,2.1470056939271682,0.41610866229477883,-0.032662939545760425,0.013463827648118973,0.4040283177987072
CMP032,NVIDIA Corporation,NVDA,^GSPC,USD,Nasdaq,SECONDARY_INDIRECT,Technology & Component Supplier,False,2025-05-22,132.49586486816406,5842.009765625,0.007814838513416467,-0.00044487103794299543,0.008259709551359462,8.286681299124876,0.5276663327518765,2.1171231550002956,2026-02-28,791,ok,0.0019792778556959826,2.1470056939271682,0.41610866229477883,0.001024137204169082,0.006790701309247384,0.41081901910795454
CMP032,NVIDIA Corporation,NVDA,^GSPC,USD,Nasdaq,SECONDARY_INDIRECT,Technology & Component Supplier,False,2025-05-23,130.959716796875,5802.81982421875,-0.011593932179072564,-0.006708297825321674,-0.0048856343537508895,8.179012145974161,0.51741829201406,2.112237520646545,2026-02-28,791,ok,0.0019792778556959826,2.1470056939271682,0.41610866229477883,-0.012423475771828892,0.0008295435927563287,0.4116485627007109
CMP032,NVIDIA Corporation,NVDA,^GSPC,USD,Nasdaq,SECONDARY_INDIRECT,Technology & Component Supplier,False,2025-05-27,135.1591339111328,5921.5400390625,0.032066479807461024,0.0204590558452733,0.011607423962187724,8.47335075360548,0.5484632375910148,2.1238449446087326,2026-02-28,791,ok,0.0019792778556959826,2.1470056939271682,0.41610866229477883,0.04590498724787167,-0.013838507440410645,0.3978100552603002
CMP032,NVIDIA Corporation,NVDA,^GSPC,USD,Nasdaq,SECONDARY_INDIRECT,Technology & Component Supplier,False,2025-05-28,134.47085571289062,5888.5498046875,-0.005092354310991198,-0.005571225417268844,0.0004788711062776452,8.425109095055825,0.5398363998440414,2.12432381571501,2026-02-28,791,ok,0.0019792778556959826,2.1470056939271682,0.41610866229477883,-0.009982174837331988,0.00488982052634079,0.402699875786641
CMP032,NVIDIA Corporation,NVDA,^GSPC,USD,Nasdaq,SECONDARY_INDIRECT,Technology & Component Supplier,False,2025-05-29,138.83984375,5912.169921875,0.03249022261327483,0.004011194261904327,0.028479028351370506,8.73133298770859,0.5460129827753673,2.1528028440663807,2026-02-28,791,ok,0.0019792778556959826,2.1470056939271682,0.41610866229477883,0.010591334775452559,0.021898887837822276,0.4245987636244633
CMP032,NVIDIA Corporation,NVDA,^GSPC,USD,Nasdaq,SECONDARY_INDIRECT,Technology & Component Supplier,False,2025-05-30,134.79006958007812,5911.68994140625,-0.029168674211518475,-8.118516130162234e-05,-0.029087489050216853,8.447482906146316,0.5458874694619862,2.123715355016164,2026-02-28,791,ok,0.0019792778556959826,2.1470056939271682,0.41610866229477883,0.0018049728521190038,-0.030973647063637477,0.3936251165608258
CMP032,NVIDIA Corporation,NVDA,^GSPC,USD,Nasdaq,SECONDARY_INDIRECT,Technology & Component Supplier,False,2025-06-02,137.03440856933594,5935.93994140625,0.016650625645121986,0.0041020419271569075,0.012548583717965078,8.604789407305248,0.5522287646763857,2.136263938734129,2026-02-28,791,ok,0.0019792778556959826,2.1470056939271682,0.41610866229477883,0.010786385230029838,0.005864240415092148,0.399489356975918
CMP032,NVIDIA Corporation,NVDA,^GSPC,USD,Nasdaq,SECONDARY_INDIRECT,Technology & Component Supplier,False,2025-06-03,140.86474609375,5970.3701171875,0.027951647797100687,0.005800290454605506,0.02215135734249518,8.873259097983567,0.5612321423635023,2.1584152960766243,2026-02-28,791,ok,0.0019792778556959826,2.1470056939271682,0.41610866229477883,0.014432534488165406,0.013519113308935281,0.41300847028485327
CMP032,NVIDIA Corporation,NVDA,^GSPC,USD,Nasdaq,SECONDARY_INDIRECT,Technology & Component Supplier,False,2025-06-04,141.56297302246094,5970.81005859375,0.004956718753791334,7.36874595066439e-05,0.00488303129428469,8.922198066515582,0.5613471855937731,2.163298327370909,2026-02-28,791,ok,0.0019792778556959826,2.1470056939271682,0.41610866229477883,0.0021374852508277745,0.0028192335029635592,0.4158277037878168
CMP032,NVIDIA Corporation,NVDA,^GSPC,USD,Nasdaq,SECONDARY_INDIRECT,Technology & Component Supplier,False,2025-06-05,139.63784790039062,5939.2998046875,-0.0135990724196281,-0.005277383403094138,-0.008321689016533962,8.787265376447143,0.5531073578700527,2.154976638354375,2026-02-28,791,ok,0.0019792778556959826,2.1470056939271682,0.41610866229477883,-0.009351294359783867,-0.004247778059844233,0.4115799257279726
CMP032,NVIDIA Corporation,NVDA,^GSPC,USD,Nasdaq,SECONDARY_INDIRECT,Technology & Component Supplier,False,2025-06-06,141.3634796142578,6000.35986328125,0.012357908259214678,0.010280683010067904,0.0020772252491467746,8.908215504077866,0.5690743622969188,2.157053863603522,2026-02-28,791,ok,0.0019792778556959826,2.1470056939271682,0.41610866229477883,0.02405196281577207,-0.011694054556557393,0.39988587117141516
CMP032,NVIDIA Corporation,NVDA,^GSPC,USD,Nasdaq,SECONDARY_INDIRECT,Technology & Component Supplier,False,2025-06-09,142.27120971679688,6005.8798828125,0.0064212490030381986,0.0009199480792858594,0.005501300923752339,8.971838623005313,0.5705178292427706,2.1625551645272743,2026-02-28,791,ok,0.0019792778556959826,2.1470056939271682,0.41610866229477883,0.003954411620040085,0.0024668373829981136,0.4023527085544133
CMP032,NVIDIA Corporation,NVDA,^GSPC,USD,Nasdaq,SECONDARY_INDIRECT,Technology & Component Supplier,False,2025-06-10,143.5978546142578,6038.81005859375,0.009324760083939232,0.00548298940767844,0.0038417706762607917,9.064823625760596,0.5791289618650788,2.166396935203535,2026-02-28,791,ok,0.0019792778556959826,2.1470056939271682,0.41610866229477883,0.013751287333723945,-0.004426527249784713,0.3979261813046286
CMP032,NVIDIA Corporation,NVDA,^GSPC,USD,Nasdaq,SECONDARY_INDIRECT,Technology & Component Supplier,False,2025-06-11,142.4805908203125,6022.240234375,-0.007780504778059361,-0.002743888954607865,-0.005036615823451496,8.986514217450042,0.5747960073487157,2.1613603193800834,2026-02-28,791,ok,0.0019792778556959826,2.1470056939271682,0.41610866229477883,-0.003911867353350969,-0.003868637424708392,0.3940575438799202
CMP032,NVIDIA Corporation,NVDA,^GSPC,USD,Nasdaq,SECONDARY_INDIRECT,Technology & Component Supplier,False,2025-06-12,144.64527893066406,6045.259765625,0.015192863097272857,0.0038224199557175265,0.011370443141555331,9.13823796077473,0.5808155390333898,2.1727307625216388,2026-02-28,791,ok,0.0019792778556959826,2.1470056939271682,0.41610866229477883,0.010186035265202346,0.005006827832070512,0.3990643717119907
CMP032,NVIDIA Corporation,NVDA,^GSPC,USD,Nasdaq,SECONDARY_INDIRECT,Technology & Component Supplier,False,2025-06-13,141.6226806640625,5976.97021484375,-0.020896625793438095,-0.011296379879250695,-0.0096002459141874,8.926382995903591,0.5629580461854462,2.1631305166074513,2026-02-28,791,ok,0.0019792778556959826,2.1470056939271682,0.41610866229477883,-0.022274114065819556,0.0013774882723814608,0.4004418599843722
CMP032,NVIDIA Corporation,NVDA,^GSPC,USD,Nasdaq,SECONDARY_INDIRECT,Technology & Component Supplier,False,2025-06-16,144.33604431152344,6033.10986328125,0.01915910385778674,0.009392659896159117,0.009766443961627624,9.116563598654276,0.5776383795452316,2.172896960569079,2026-02-28,791,ok,0.0019792778556959826,2.1470056939271682,0.41610866229477883,0.022145372133870973,-0.002986268276084232,0.397455591708288
CMP032,NVIDIA Corporation,NVDA,^GSPC,USD,Nasdaq,SECONDARY_INDIRECT,Technology & Component Supplier,False,2025-06-17,143.76742553710938,5982.72021484375,-0.003939547998050963,-0.008352184790166306,0.004412636792115343,9.076708910782042,0.5644616522672112,2.1773095973611944,2026-02-28,791,ok,0.0019792778556959826,2.1470056939271682,0.41610866229477883,-0.015952910445522966,0.012013362447472004,0.40946895415576
CMP032,NVIDIA Corporation,NVDA,^GSPC,USD,Nasdaq,SECONDARY_INDIRECT,Technology & Component Supplier,False,2025-06-18,145.12408447265625,5980.8701171875,0.009436483476548574,-0.0003092402101070313,0.009745723686655605,9.171797607916627,0.5639778578171597,2.18705532104785,2026-02-28,791,ok,0.0019792778556959826,2.1470056939271682,0.41610866229477883,0.0013153373638049525,0.008121146112743621,0.41759010026850363
CMP032,NVIDIA Corporation,NVDA,^GSPC,USD,Nasdaq,SECONDARY_INDIRECT,Technology & Component Supplier,False,2025-06-20,143.4980926513672,5967.83984375,-0.011204148692462002,-0.002178658486505891,-0.00902549020595611,9.0578312750479,0.5605704841845189,2.178029830841894,2026-02-28,791,ok,0.0019792778556959826,2.1470056939271682,0.41610866229477883,-0.002698314319954912,-0.00850583437250709,0.40908426589599656
CMP032,NVIDIA Corporation,NVDA,^GSPC,USD,Nasdaq,SECONDARY_INDIRECT,Technology & Component Supplier,False,2025-06-23,143.8173065185547,6025.169921875,0.0022245164468006617,0.009606504133156335,-0.007381987686355673,9.08020508613839,0.5755621109909193,2.170647843155538,2026-02-28,791,ok,0.0019792778556959826,2.1470056939271682,0.41610866229477883,0.022604496928317508,-0.020379980481516846,0.3887042854144797
CMP032,NVIDIA Corporation,NVDA,^GSPC,USD,Nasdaq,SECONDARY_INDIRECT,Technology & Component Supplier,False,2025-06-24,147.53817749023438,6092.18017578125,0.025872205937883086,0.01112172017970181,0.014750485758181275,9.34100222802306,0.5930850719151006,2.1853983289137195,2026-02-28,791,ok,0.0019792778556959826,2.1470056939271682,0.41610866229477883,0.02585767440778046,1.4531530102626644e-05,0.3887188169445823
CMP032,NVIDIA Corporation,NVDA,^GSPC,USD,Nasdaq,SECONDARY_INDIRECT,Technology & Component Supplier,False,2025-06-25,153.9324951171875,6092.16015625,0.04334008821124535,-3.2861029504172024e-06,0.04334337431419577,9.789182176778263,0.5930798368735455,2.2287417032279153,2026-02-28,791,ok,0.0019792778556959826,2.1470056939271682,0.41610866229477883,0.001972222573950606,0.04136786563729475,0.4300866825818771
CMP032,NVIDIA Corporation,NVDA,^GSPC,USD,Nasdaq,SECONDARY_INDIRECT,Technology & Component Supplier,False,2025-06-26,154.64077758789062,6141.02001953125,0.004601253751937984,0.008020121275230219,-0.003418867523292235,9.838825941749507,0.6058565303663952,2.225322835704623,2026-02-28,791,ok,0.0019792778556959826,2.1470056939271682,0.41610866229477883,0.019198523899601687,-0.014597270147663703,0.4154894124342134
CMP032,NVIDIA Corporation,NVDA,^GSPC,USD,Nasdaq,SECONDARY_INDIRECT,Technology & Component Supplier,False,2025-06-27,157.3640899658203,6173.06982421875,0.01761057090120932,0.005218970885222163,0.012391600015987159,10.029703854482554,0.6142374488442213,2.2377144357206102,2026-02-28,791,ok,0.0019792778556959826,2.1470056939271682,0.41610866229477883,0.01318443806270808,0.004426132838501242,0.41991554527271463
CMP032,NVIDIA Corporation,NVDA,^GSPC,USD,Nasdaq,SECONDARY_INDIRECT,Technology & Component Supplier,False,2025-06-30,157.603515625,6204.9501953125,0.0015214758286448138,0.005164427424532603,-0.003642951595887789,10.04648528229426,0.6225740609947399,2.2340714841247227,2026-02-28,791,ok,0.0019792778556959826,2.1470056939271682,0.41610866229477883,0.013067332942041102,-0.011545857113396289,0.40836968815931834
CMP032,NVIDIA Corporation,NVDA,^GSPC,USD,Nasdaq,SECONDARY_INDIRECT,Technology & Component Supplier,False,2025-07-01,152.9249725341797,6198.009765625,-0.02968552492161647,-0.001118531087121899,-0.02856699383449457,9.718564568150445,0.6207591614663597,2.2055044902902283,2026-02-28,791,ok,0.0019792778556959826,2.1470056939271682,0.41610866229477883,-0.0004222147571892798,-0.029263310164427188,0.37910637799489116
CMP032,NVIDIA Corporation,NVDA,^GSPC,USD,Nasdaq,SECONDARY_INDIRECT,Technology & Component Supplier,False,2025-07-02,156.86532592773438,6227.419921875,0.025766579050220173,0.004745096791088033,0.02102148225913214,9.994745309400582,0.6284498205625602,2.2265259725493607,2026-02-28,791,ok,0.0019792778556959826,2.1470056939271682,0.41610866229477883,0.012167027684397523,0.01359955136582265,0.3927059293607138
CMP032,NVIDIA Corporation,NVDA,^GSPC,USD,Nasdaq,SECONDARY_INDIRECT,Technology & Component Supplier,False,2025-07-03,158.9501953125,6279.35009765625,0.013290823656759487,0.008338955206607324,0.004951868450152164,10.140874530458808,0.642029390672439,2.2314778409995126,2026-02-28,791,ok,0.0019792778556959826,2.1470056939271682,0.41610866229477883,0.019883062165685514,-0.006592238508926027,0.38611369085178776
CMP032,NVIDIA Corporation,NVDA,^GSPC,USD,Nasdaq,SECONDARY_INDIRECT,Technology & Component Supplier,False,2025-07-07,157.8529052734375,6229.97998046875,-0.006903357601449889,-0.007862297279128794,0.000958939677678905,10.063965089582165,0.6291192674619055,2.2324367806771916,2026-02-28,791,ok,0.0019792778556959826,2.1470056939271682,0.41610866229477883,-0.014901119169941619,0.00799776156849173,0.3941114524202795
CMP032,NVIDIA Corporation,NVDA,^GSPC,USD,Nasdaq,SECONDARY_INDIRECT,Technology & Component Supplier,False,2025-07-08,159.60858154296875,6225.52001953125,0.011122229689026097,-0.0007158868810946961,0.011838116570120794,10.187021050579864,0.6279530023505908,2.2442748972473123,2026-02-28,791,ok,0.0019792778556959826,2.1470056939271682,0.41610866229477883,0.0004422646457779083,0.01067996504324819,0.4047914174635277
CMP032,NVIDIA Corporation,NVDA,^GSPC,USD,Nasdaq,SECONDARY_INDIRECT,Technology & Component Supplier,False,2025-07-09,162.48153686523438,6263.259765625,0.0180000053536733,0.0060621034026635545,0.011937901951009744,10.388387489381957,0.6378218217855167,2.2562127991983223,2026-02-28,791,ok,0.0019792778556959826,2.1470056939271682,0.41610866229477883,0.014994648378389895,0.0030053569752834033,0.4077967744388111
CMP032,NVIDIA Corporation,NVDA,^GSPC,USD,Nasdaq,SECONDARY_INDIRECT,Technology & Component Supplier,False,2025-07-10,163.6985626220703,6280.4599609375,0.0074902403086287705,0.0027462050044453346,0.004744035304183436,10.47368924840521,0.6423196162688938,2.2609568345025055,2026-02-28,791,ok,0.0019792778556959826,2.1470056939271682,0.41610866229477883,0.0078753956369314,-0.00038515532830262975,0.4074116191105085
CMP032,NVIDIA Corporation,NVDA,^GSPC,USD,Nasdaq,SECONDARY_INDIRECT,Technology & Component Supplier,False,2025-07-11,164.51654052734375,6259.75,0.004996854536602813,-0.0032975229626984737,0.008294377499301286,10.531021604577674,0.6369040296221569,2.269251212001807,2026-02-28,791,ok,0.0019792778556959826,2.1470056939271682,0.41610866229477883,-0.005100522721073225,0.010097377257676038,0.4175089963681845
CMP032,NVIDIA Corporation,NVDA,^GSPC,USD,Nasdaq,SECONDARY_INDIRECT,Technology & Component Supplier,False,2025-07-14,163.6686248779297,6268.56005859375,-0.005153984193298378,0.001407413809457303,-0.006561398002755681,10.471590901495098,0.6392078309582034,2.2626898139990512,2026-02-28,791,ok,0.0019792778556959826,2.1470056939271682,0.41610866229477883,0.005001003318312538,-0.010154987511610916,0.4073540088565736
CMP032,NVIDIA Corporation,NVDA,^GSPC,USD,Nasdaq,SECONDARY_INDIRECT,Technology & Component Supplier,False,2025-07-15,170.28240966796875,6243.759765625,0.04040960688080486,-0.003956298214731202,0.04436590509553606,10.935153380121934,0.63272263594301,2.3070557190945875,2026-02-28,791,ok,0.0019792778556959826,2.1470056939271682,0.41610866229477883,-0.006514916938205799,0.04692452381901066,0.45427853267558427
CMP032,NVIDIA Corporation,NVDA,^GSPC,USD,Nasdaq,SECONDARY_INDIRECT,Technology & Component Supplier,False,2025-07-16,170.9507598876953,6263.7001953125,0.003924951620251083,0.003193657417327689,0.0007312942029233938,10.981998279719189,0.6379369926997283,2.307787013297511,2026-02-28,791,ok,0.0019792778556959826,2.1470056939271682,0.41610866229477883,0.008836078515151266,-0.0049111268949001835,0.44936740578068407
CMP032,NVIDIA Corporation,NVDA,^GSPC,USD,Nasdaq,SECONDARY_INDIRECT,Technology & Component Supplier,False,2025-07-17,172.57676696777344,6297.35986328125,0.009511552222092101,0.00537376740890938,0.004137784813182721,11.095965682081756,0.6467388851289451,2.3119247981106934,2026-02-28,791,ok,0.0019792778556959826,2.1470056939271682,0.41610866229477883,0.013516787080464667,-0.004005234858372566,0.4453621709223115
CMP032,NVIDIA Corporation,NVDA,^GSPC,USD,Nasdaq,SECONDARY_INDIRECT,Technology & Component Supplier,False,2025-07-18,171.98822021484375,6296.7900390625,-0.0034103475413905793,-9.048620868445933e-05,-0.00331986133270612,11.054714235257123,0.6465898779705366,2.3086049367779875,2026-02-28,791,ok,0.0019792778556959826,2.1470056939271682,0.41610866229477883,0.0017850034504285665,-0.0051953509918191455,0.44016681993049234
CMP032,NVIDIA Corporation,NVDA,^GSPC,USD,Nasdaq,SECONDARY_INDIRECT,Technology & Component Supplier,False,2025-07-21,170.9607391357422,6305.60009765625,-0.005974136355490267,0.001399134882868358,-0.007373271238358625,10.982697728689228,0.6488936793065831,2.3012316655396288,2026-02-28,791,ok,0.0019792778556959826,2.1470056939271682,0.41610866229477883,0.004983228415786469,-0.010957364771276736,0.4292094551592156
CMP032,NVIDIA Corporation,NVDA,^GSPC,USD,Nasdaq,SECONDARY_INDIRECT,Technology & Component Supplier,False,2025-07-22,166.62139892578125,6309.6201171875,-0.025382086155555927,0.0006375316336257875,-0.026019617789181715,10.678551862563653,0.6499449011876266,2.275212047750447,2026-02-28,791,ok,0.0019792778556959826,2.1470056939271682,0.41610866229477883,0.0033480619031492375,-0.028730148058705166,0.40047930710051044
CMP032,NVIDIA Corporation,NVDA,^GSPC,USD,Nasdaq,SECONDARY_INDIRECT,Technology & Component Supplier,False,2025-07-23,170.36219787597656,6358.91015625,0.022450891508008386,0.007811886951519131,0.014639004556489255,10.940745763400718,0.6628340842319398,2.289851052306936,2026-02-28,791,ok,0.0019792778556959826,2.1470056939271682,0.41610866229477883,0.018751443620922903,0.003699447887085483,0.4041787549875959
CMP032,NVIDIA Corporation,NVDA,^GSPC,USD,Nasdaq,SECONDARY_INDIRECT,Technology & Component Supplier,False,2025-07-24,173.31500244140625,6363.35009765625,0.017332510393997858,0.0006982236416543941,0.016634286752343463,11.147708863456947,0.6639951143016993,2.3064853390592797,2026-02-28,791,ok,0.0019792778556959826,2.1470056939271682,0.41610866229477883,0.0034783679899625295,0.013854142404035328,0.41803289739163124
CMP032,NVIDIA Corporation,NVDA,^GSPC,USD,Nasdaq,SECONDARY_INDIRECT,Technology & Component Supplier,False,2025-07-25,173.07557678222656,6388.64013671875,-0.0013814479751147468,0.00397432777929585,-0.005355775754410597,11.13092743564524,0.6706083763090811,2.301129563304869,2026-02-28,791,ok,0.0019792778556959826,2.1470056939271682,0.41610866229477883,0.01051218222737709,-0.011893630202491836,0.4061392671891394
CMP032,NVIDIA Corporation,NVDA,^GSPC,USD,Nasdaq,SECONDARY_INDIRECT,Technology & Component Supplier,False,2025-07-28,176.317626953125,6389.77001953125,0.018731991140366278,0.00017685810881817865,0.0185551330315481,11.358163860894173,0.670903836947091,2.319684696336417,2026-02-28,791,ok,0.0019792778556959826,2.1470056939271682,0.41610866229477883,0.002358993222345803,0.016372997918020476,0.4225122651071599
CMP032,NVIDIA Corporation,NVDA,^GSPC,USD,Nasdaq,SECONDARY_INDIRECT,Technology & Component Supplier,False,2025-07-29,175.08062744140625,6370.85986328125,-0.007015745011402674,-0.002959442388724254,-0.0040563026226784205,11.271462134437009,0.6659588933045477,2.3156283937137387,2026-02-28,791,ok,0.0019792778556959826,2.1470056939271682,0.41610866229477883,-0.004374661803744411,-0.0026410832076582636,0.4198711818995016
CMP032,NVIDIA Corporation,NVDA,^GSPC,USD,Nasdaq,SECONDARY_INDIRECT,Technology & Component Supplier,False,2025-07-30,178.83145141601562,6362.89990234375,0.021423409485236578,-0.0012494327466496813,0.02267284223188626,11.534358692725627,0.6638773897086807,2.3383012359456252,2026-02-28,791,ok,0.0019792778556959826,2.1470056939271682,0.41610866229477883,-0.000703261365539944,0.02212667085077652,0.44199785275027814
CMP032,NVIDIA Corporation,NVDA,^GSPC,USD,Nasdaq,SECONDARY_INDIRECT,Technology & Component Supplier,False,2025-07-31,177.4348907470703,6339.39013671875,-0.007809368306789022,-0.0036948193411530106,-0.004114548965636011,11.43647326920473,0.657729663347878,2.334186686979989,2026-02-28,791,ok,0.0019792778556959826,2.1470056939271682,0.41610866229477883,-0.005953520307791759,-0.0018558479989972624,0.4401420047512809
CMP032,NVIDIA Corporation,NVDA,^GSPC,USD,Nasdaq,SECONDARY_INDIRECT,Technology & Component Supplier,False,2025-08-01,173.29502868652344,6238.009765625,-0.023331724911129004,-0.015992133140148468,-0.007339591770980536,11.146308896023037,0.6312190298612452,2.3268470952090086,2026-02-28,791,ok,0.0019792778556959826,2.1470056939271682,0.41610866229477883,-0.032355923054244146,0.009024198143115142,0.449166202894396
CMP032,NVIDIA Corporation,NVDA,^GSPC,USD,Nasdaq,SECONDARY_INDIRECT,Technology & Component Supplier,False,2025-08-04,179.55967712402344,6329.93994140625,0.0361501912950557,0.01473710033091602,0.02141309096413968,11.585400286143106,0.6552584683660099,2.3482601861731482,2026-02-28,791,ok,0.0019792778556959826,2.1470056939271682,0.41610866229477883,0.03361991617814863,0.002530275116907073,0.4516964780113031
CMP032,NVIDIA Corporation,NVDA,^GSPC,USD,Nasdaq,SECONDARY_INDIRECT,Technology & Component Supplier,False,2025-08-05,177.82391357421875,6299.18994140625,-0.009666778074042703,-0.004857865996303334,-0.004808912077739369,11.463740014603967,0.6472174445374415,2.343451274095409,2026-02-28,791,ok,0.0019792778556959826,2.1470056939271682,0.41610866229477883,-0.008450588098702453,-0.0012161899753402507,0.45048028803596285
CMP032,NVIDIA Corporation,NVDA,^GSPC,USD,Nasdaq,SECONDARY_INDIRECT,Technology & Component Supplier,False,2025-08-06,178.9810791015625,6345.06005859375,0.006507367339324555,0.007281907295092482,-0.0007745399557679278,11.544846149300835,0.6592123292634222,2.342676734139641,2026-02-28,791,ok,0.0019792778556959826,2.1470056939271682,0.41610866229477883,0.017613574280909323,-0.011106206941584769,0.4393740810943781
CMP032,NVIDIA Corporation,NVDA,^GSPC,USD,Nasdaq,SECONDARY_INDIRECT,Technology & Component Supplier,False,2025-08-07,180.3277740478516,6340.0,0.007524230790478814,-0.0007974800154801898,0.008321710805959004,11.639236466959224,0.6578891405893963,2.3509984449456,2026-02-28,791,ok,0.0019792778556959826,2.1470056939271682,0.41610866229477883,0.000267083721666889,0.007257147068811925,0.44663122816319
CMP032,NVIDIA Corporation,NVDA,^GSPC,USD,Nasdaq,SECONDARY_INDIRECT,Technology & Component Supplier,False,2025-08-08,182.2530517578125,6389.4501953125,0.010676545640994961,0.007799715348974834,0.002876830292020127,11.774179851966041,0.6708202039661502,2.35387527523762,2026-02-28,791,ok,0.0019792778556959826,2.1470056939271682,0.41610866229477883,0.01872531112095608,-0.008048765479961119,0.43858246268322887
CMP032,NVIDIA Corporation,NVDA,^GSPC,USD,Nasdaq,SECONDARY_INDIRECT,Technology & Component Supplier,False,2025-08-11,181.61460876464844,6373.4501953125,-0.0035030579022208297,-0.0025041278217863283,-0.0009989300804345014,11.729431160291222,0.6666362566081958,2.3528763451571857,2026-02-28,791,ok,0.0019792778556959826,2.1470056939271682,0.41610866229477883,-0.0033970988360007013,-0.00010595906622012843,0.43847650361700874
CMP032,NVIDIA Corporation,NVDA,^GSPC,USD,Nasdaq,SECONDARY_INDIRECT,Technology & Component Supplier,False,2025-08-12,182.71192932128903,6445.759765625,0.006042028029048074,0.01134543584661274,-0.005303407817564665,11.80634274015554,0.6855449713371828,2.347572937339621,2026-02-28,791,ok,0.0019792778556959826,2.1470056939271682,0.41610866229477883,0.026337993218458935,-0.02029596518941086,0.4181805384275979
CMP032,NVIDIA Corporation,NVDA,^GSPC,USD,Nasdaq,SECONDARY_INDIRECT,Technology & Component Supplier,False,2025-08-13,181.1457672119141,6466.580078125,-0.008571756180303591,0.0032300788824048965,-0.011801835062708488,11.696569892625526,0.6909894145544428,2.3357711022769125,2026-02-28,791,ok,0.0019792778556959826,2.1470056939271682,0.41610866229477883,0.008914275608053199,-0.01748603178835679,0.4006945066392411
CMP032,NVIDIA Corporation,NVDA,^GSPC,USD,Nasdaq,SECONDARY_INDIRECT,Technology & Component Supplier,False,2025-08-14,181.57470703125,6468.5400390625,0.0023679262614737517,0.00030309080129242716,0.0020648354601813246,11.726634433904911,0.6915019378910772,2.337835937737094,2026-02-28,791,ok,0.0019792778556959826,2.1470056939271682,0.41610866229477883,0.002630015531847772,-0.0002620892703740201,0.4004324173688671
CMP032,NVIDIA Corporation,NVDA,^GSPC,USD,Nasdaq,SECONDARY_INDIRECT,Technology & Component Supplier,False,2025-08-15,180.00856018066406,6449.7998046875,-0.008625357992819938,-0.0028971350972291088,-0.005728222895590829,11.616862655868731,0.6866014282597819,2.332107714841503,2026-02-28,791,ok,0.0019792778556959826,2.1470056939271682,0.41610866229477883,-0.004240887694131154,-0.0043844702986887835,0.3960479470701783
CMP032,NVIDIA Corporation,NVDA,^GSPC,USD,Nasdaq,SECONDARY_INDIRECT,Technology & Component Supplier,False,2025-08-18,181.5647430419922,6449.14990234375,0.008645049211916778,-0.00010076318078544588,0.008745812392702224,11.725936054428711,0.686431480935153,2.3408535272342053,2026-02-28,791,ok,0.0019792778556959826,2.1470056939271682,0.41610866229477883,0.0017629387328114176,0.00688211047910536,0.4029300575492837
CMP032,NVIDIA Corporation,NVDA,^GSPC,USD,Nasdaq,SECONDARY_INDIRECT,Technology & Component Supplier,False,2025-08-19,175.21034240722656,6411.3701171875,-0.034997987650586926,-0.005858103118756786,-0.02913988453183014,11.280553901553656,0.6765521914171173,2.311713642702375,2026-02-28,791,ok,0.0019792778556959826,2.1470056939271682,0.41610866229477883,-0.010598102895887338,-0.024399884754699588,0.3785301727945841
CMP032,NVIDIA Corporation,NVDA,^GSPC,USD,Nasdaq,SECONDARY_INDIRECT,Technology & Component Supplier,False,2025-08-20,174.97091674804688,6395.77978515625,-0.0013665041451903503,-0.0024316693228262354,0.001065165177635885,11.26377247374195,0.6724753708851312,2.3127788078800107,2026-02-28,791,ok,0.0019792778556959826,2.1470056939271682,0.41610866229477883,-0.003241530026159966,0.0018750258809696156,0.3804051986755537
CMP032,NVIDIA Corporation,NVDA,^GSPC,USD,Nasdaq,SECONDARY_INDIRECT,Technology & Component Supplier,False,2025-08-21,174.5519256591797,6370.169921875,-0.0023946327575714577,-0.004004181529308926,0.001609548771737468,11.234405242444925,0.6657784758968088,2.3143883566517482,2026-02-28,791,ok,0.0019792778556959826,2.1470056939271682,0.41610866229477883,-0.006617722687248277,0.004223089929676819,0.3846282886052305
CMP032,NVIDIA Corporation,NVDA,^GSPC,USD,Nasdaq,SECONDARY_INDIRECT,Technology & Component Supplier,False,2025-08-22,177.55458068847656,6466.91015625,0.017202073354147362,0.015186444876893468,0.0020156284772538946,11.444862378869828,0.6910757288981313,2.316403985129002,2026-02-28,791,ok,0.0019792778556959826,2.1470056939271682,0.41610866229477883,0.03458466147689733,-0.017382588122749967,0.36724570048248056
CMP032,NVIDIA Corporation,NVDA,^GSPC,USD,Nasdaq,SECONDARY_INDIRECT,Technology & Component Supplier,False,2025-08-25,179.37013244628906,6439.31982421875,0.010225316354963043,-0.004266385548063467,0.01449170190302651,11.57211503368775,0.6838609478476794,2.3308956870320285,2026-02-28,791,ok,0.0019792778556959826,2.1470056939271682,0.41610866229477883,-0.0071806762084848635,0.01740599256344791,0.3846516930459285
CMP032,NVIDIA Corporation,NVDA,^GSPC,USD,Nasdaq,SECONDARY_INDIRECT,Technology & Component Supplier,False,2025-08-26,181.3253173828125,6465.93994140625,0.010900281500928921,0.004133995191134998,0.006766286309793923,11.709154626617007,0.6908220209086218,2.3376619733418225,2026-02-28,791,ok,0.0019792778556959826,2.1470056939271682,0.41610866229477883,0.010854989069730356,4.52924311985653e-05,0.38469698547712705
CMP032,NVIDIA Corporation,NVDA,^GSPC,USD,Nasdaq,SECONDARY_INDIRECT,Technology & Component Supplier,False,2025-08-27,181.15576171875,6481.39990234375,-0.0009350909542572561,0.0023909843081744153,-0.0033260752624316714,11.6972704110894,0.6948647498285301,2.3343358980793907,2026-02-28,791,ok,0.0019792778556959826,2.1470056939271682,0.41610866229477883,0.007112734779436964,-0.00804782573369422,0.3766491597434328
CMP032,NVIDIA Corporation,NVDA,^GSPC,USD,Nasdaq,SECONDARY_INDIRECT,Technology & Component Supplier,False,2025-08-28,179.72923278808594,6501.85986328125,-0.007874598727247717,0.0031567194195349924,-0.01103131814678271,11.597284501670716,0.7002149622977991,2.323304579932608,2026-02-28,791,ok,0.0019792778556959826,2.1470056939271682,0.41610866229477883,0.008756772423568076,-0.016631371150815793,0.360017788592617
CMP032,NVIDIA Corporation,NVDA,^GSPC,USD,Nasdaq,SECONDARY_INDIRECT,Technology & Component Supplier,False,2025-08-29,173.75389099121094,6460.259765625,-0.03324635455335401,-0.00639818429357164,-0.026848170259782367,11.1784707147187,0.6893366736303299,2.2964564096728255,2026-02-28,791,ok,0.0019792778556959826,2.1470056939271682,0.41610866229477883,-0.011757660253397705,-0.021488694299956302,0.3385290942926607
CMP032,NVIDIA Corporation,NVDA,^GSPC,USD,Nasdaq,SECONDARY_INDIRECT,Technology & Component Supplier,False,2025-09-02,170.36219787597656,6415.5400390625,-0.01952009877813865,-0.006922279936861564,-0.012597818841277086,10.940745763400722,0.6776426122678543,2.2838585908315485,2026-02-28,791,ok,0.0019792778556959826,2.1470056939271682,0.41610866229477883,-0.012882896583703594,-0.006637202194435057,0.33189189209822567
CMP032,NVIDIA Corporation,NVDA,^GSPC,USD,Nasdaq,SECONDARY_INDIRECT,Technology & Component Supplier,False,2025-09-03,170.20260620117188,6448.259765625,-0.000936778679744843,0.0051000736279842585,-0.006036852307729101,10.929559927349315,0.6861987131118641,2.2778217385238193,2026-02-28,791,ok,0.0019792778556959826,2.1470056939271682,0.41610866229477883,0.012929164974425976,-0.013865943654170819,0.31802594844405485
CMP032,NVIDIA Corporation,NVDA,^GSPC,USD,Nasdaq,SECONDARY_INDIRECT,Technology & Component Supplier,False,2025-09-04,171.24005126953125,6502.080078125,0.006095353599539832,0.008346486409699372,-0.0022511328101595396,11.00227481339341,0.7002725477549048,2.2755706057136598,2026-02-28,791,ok,0.0019792778556959826,2.1470056939271682,0.41610866229477883,0.019899231701606263,-0.01380387810206643,0.30422207034198845
CMP032,NVIDIA Corporation,NVDA,^GSPC,USD,Nasdaq,SECONDARY_INDIRECT,Technology & Component Supplier,False,2025-09-05,166.61141967773438,6481.5,-0.027030075951749333,-0.003165152978388819,-0.023864922973360514,10.677852413593618,0.6948909250363056,2.2517056827402993,2026-02-28,791,ok,0.0019792778556959826,2.1470056939271682,0.41610866229477883,-0.004816323611055347,-0.022213752340693987,0.28200831800129444
CMP032,NVIDIA Corporation,NVDA,^GSPC,USD,Nasdaq,SECONDARY_INDIRECT,Technology & Component Supplier,False,2025-09-08,167.89825439453125,6495.14990234375,0.007723568524209856,0.0021059789159529885,0.005617589608256868,10.768047106925618,0.6984603295892722,2.257323272348556,2026-02-28,791,ok,0.0019792778556959826,2.1470056939271682,0.41610866229477883,0.006500826579537614,0.0012227419446722418,0.2832310599459667
CMP032,NVIDIA Corporation,NVDA,^GSPC,USD,Nasdaq,SECONDARY_INDIRECT,Technology & Component Supplier,False,2025-09-09,170.34225463867188,6512.60986328125,0.014556436295029451,0.0026881536531127015,0.01186828264191675,10.939347934954487,0.7030260519289246,2.269191554990473,2026-02-28,791,ok,0.0019792778556959826,2.1470056939271682,0.41610866229477883,0.00775075905508007,0.006805677239949381,0.2900367371859161
CMP032,NVIDIA Corporation,NVDA,^GSPC,USD,Nasdaq,SECONDARY_INDIRECT,Technology & Component Supplier,False,2025-09-10,176.89620971679688,6532.0400390625,0.038475216217063624,0.002983469943562689,0.035491746273500935,11.398716928242612,0.7081069789679588,2.3046833012639736,2026-02-28,791,ok,0.0019792778556959826,2.1470056939271682,0.41610866229477883,0.008384804812185643,0.030090411404877983,0.3201271485907941
CMP032,NVIDIA Corporation,NVDA,^GSPC,USD,Nasdaq,SECONDARY_INDIRECT,Technology & Component Supplier,False,2025-09-11,176.74655151367188,6587.47021484375,-0.0008460226669898541,0.008485890387959882,-0.009331913054949736,11.388227332679728,0.7226017875623902,2.2953513882090237,2026-02-28,791,ok,0.0019792778556959826,2.1470056939271682,0.41610866229477883,0.020198532836687676,-0.02104455550367753,0.2990825930871166
CMP032,NVIDIA Corporation,NVDA,^GSPC,USD,Nasdaq,SECONDARY_INDIRECT,Technology & Component Supplier,False,2025-09-12,177.39500427246094,6584.2900390625,0.0036688283490435847,-0.00048276131466740146,0.004151589663710986,11.433677612312259,0.7217701820587783,2.2995029778727347,2026-02-28,791,ok,0.0019792778556959826,2.1470056939271682,0.41610866229477883,0.0009427865642973063,0.0027260417847462786,0.3018086348718629
CMP032,NVIDIA Corporation,NVDA,^GSPC,USD,Nasdaq,SECONDARY_INDIRECT,Technology & Component Supplier,False,2025-09-15,177.32518005371094,6615.27978515625,-0.0003936087097625718,0.004706619226962694,-0.005100227936725266,11.428783608509672,0.7298738987020672,2.2944027499360096,2026-02-28,791,ok,0.0019792778556959826,2.1470056939271682,0.41610866229477883,0.012084416135131974,-0.012478024844894546,0.28933061002696836
CMP032,NVIDIA Corporation,NVDA,^GSPC,USD,Nasdaq,SECONDARY_INDIRECT,Technology & Component Supplier,False,2025-09-16,174.4620361328125,6606.759765625,-0.01614629078640273,-0.0012879303382402618,-0.014858360448162466,11.2281048542454,0.7276459416265988,2.279544389487847,2026-02-28,791,ok,0.0019792778556959826,2.1470056939271682,0.41610866229477883,-0.0007859159138874031,-0.015360374872515325,0.273970235154453
CMP032,NVIDIA Corporation,NVDA,^GSPC,USD,Nasdaq,SECONDARY_INDIRECT,Technology & Component Supplier,False,2025-09-17,169.8829803466797,6600.35009765625,-0.026246717553192633,-0.0009701681605103207,-0.025276549392682313,10.907157239925198,0.7259698345413979,2.2542678400951646,2026-02-28,791,ok,0.0019792778556959826,2.1470056939271682,0.41610866229477883,-0.00010367870898652298,-0.02614303884420611,0.2478271963102469
CMP032,NVIDIA Corporation,NVDA,^GSPC,USD,Nasdaq,SECONDARY_INDIRECT,Technology & Component Supplier,False,2025-09-18,175.81878662109375,6631.9599609375,0.034940558861758175,0.004789119185128365,0.03015143967662981,11.323199968343014,0.7342357097889529,2.2844192797717944,2026-02-28,791,ok,0.0019792778556959826,2.1470056939271682,0.41610866229477883,0.012261544015062423,0.022679014846695753,0.2705062111569427
CMP032,NVIDIA Corporation,NVDA,^GSPC,USD,Nasdaq,SECONDARY_INDIRECT,Technology & Component Supplier,False,2025-09-19,176.24774169921875,6664.35986328125,0.002439756788046976,0.004885418870829605,-0.002445662082782629,11.353265579116238,0.7427081776520223,2.2819736176890117,2026-02-28,791,ok,0.0019792778556959826,2.1470056939271682,0.41610866229477883,0.012468299988586382,-0.010028543200539405,0.26047766795640326
CMP032,NVIDIA Corporation,NVDA,^GSPC,USD,Nasdaq,SECONDARY_INDIRECT,Technology & Component Supplier,False,2025-09-22,183.17117309570312,6693.75,0.0392823835910463,0.004410046474333074,0.034872337116713226,11.83853129619715,0.7503936017066681,2.316845954805725,2026-02-28,791,ok,0.0019792778556959826,2.1470056939271682,0.41610866229477883,0.011447672746572525,0.027834710844473774,0.288312378800877
CMP032,NVIDIA Corporation,NVDA,^GSPC,USD,Nasdaq,SECONDARY_INDIRECT,Technology & Component Supplier,False,2025-09-23,178.0035400390625,6656.919921875,-0.02821204324514892,-0.005502159197012135,-0.022709884048136786,11.476330096064638,0.7407626574526467,2.294136070757588,2026-02-28,791,ok,0.0019792778556959826,2.1470056939271682,0.41610866229477883,-0.009833889269182808,-0.018378153975966115,0.2699342248249109
CMP032,NVIDIA Corporation,NVDA,^GSPC,USD,Nasdaq,SECONDARY_INDIRECT,Technology & Component Supplier,False,2025-09-24,176.54702758789062,6637.97021484375,-0.008182491487822352,-0.002846617843333288,-0.005335873644489064,11.374242631254328,0.7358073714109337,2.2888001971130993,2026-02-28,791,ok,0.0019792778556959826,2.1470056939271682,0.41610866229477883,-0.004132426862375262,-0.00405006462544709,0.2658841601994638
CMP032,NVIDIA Corporation,NVDA,^GSPC,USD,Nasdaq,SECONDARY_INDIRECT,Technology & Component Supplier,False,2025-09-25,177.2653045654297,6604.72021484375,0.004068473920816773,-0.0050090613431266195,0.009077535263943393,11.424586914689446,0.7271126058076849,2.2978777323770427,2026-02-28,791,ok,0.0019792778556959826,2.1470056939271682,0.41610866229477883,-0.00877520536922734,0.012843679290044112,0.2787278394895079
CMP032,NVIDIA Corporation,NVDA,^GSPC,USD,Nasdaq,SECONDARY_INDIRECT,Technology & Component Supplier,False,2025-09-26,177.76409912109375,6643.7001953125,0.002813830697929731,0.005901836747171263,-0.0030880060492415318,11.459547598759094,0.7373057424511433,2.294789726327801,2026-02-28,791,ok,0.0019792778556959826,2.1470056939271682,0.41610866229477883,0.01465055495650128,-0.01183672425857155,0.26689111523093634
CMP032,NVIDIA Corporation,NVDA,^GSPC,USD,Nasdaq,SECONDARY_INDIRECT,Technology & Component Supplier,False,2025-09-29,181.41537475585935,6661.2099609375,0.020540005843802778,0.00263554421636214,0.017904461627440638,11.715466779248745,0.7418844885527132,2.312694187955242,2026-02-28,791,ok,0.0019792778556959826,2.1470056939271682,0.41610866229477883,0.007637806294822314,0.012902199548980465,0.2797933147799168
CMP032,NVIDIA Corporation,NVDA,^GSPC,USD,Nasdaq,SECONDARY_INDIRECT,Technology & Component Supplier,False,2025-09-30,186.13406372070312,6688.4599609375,0.026010413787662667,0.0040908483833717035,0.021919565404290964,12.046201331680283,0.7490102738967293,2.334613753359533,2026-02-28,791,ok,0.0019792778556959826,2.1470056939271682,0.41610866229477883,0.010762352627787781,0.015248061159874886,0.2950413759397917
CMP032,NVIDIA Corporation,NVDA,^GSPC,USD,Nasdaq,SECONDARY_INDIRECT,Technology & Component Supplier,False,2025-10-01,186.79248046875,6711.2001953125,0.003537325381961498,0.003399920834961989,0.00013740454699950888,12.092349990789016,0.7549567703675133,2.3347511579065325,2026-02-28,791,ok,0.0019792778556959826,2.1470056939271682,0.41610866229477883,0.009278927247260985,-0.005741601865299487,0.2892997740744922
CMP032,NVIDIA Corporation,NVDA,^GSPC,USD,Nasdaq,SECONDARY_INDIRECT,Technology & Component Supplier,False,2025-10-02,188.43853759765625,6715.35009765625,0.008812223729646407,0.0006183547238911569,0.00819386900575525,12.207722708054682,0.7560419561766949,2.342945026912288,2026-02-28,791,ok,0.0019792778556959826,2.1470056939271682,0.41610866229477883,0.003306888968757058,0.005505334760889349,0.2948051088353815
CMP032,NVIDIA Corporation,NVDA,^GSPC,USD,Nasdaq,SECONDARY_INDIRECT,Technology & Component Supplier,False,2025-10-03,187.1715850830078,6715.7900390625,-0.0067234257429527045,6.551280273581206e-05,-0.0067889385456885165,12.118921565193567,0.7561569994069657,2.3361560883665993,2026-02-28,791,ok,0.0019792778556959826,2.1470056939271682,0.41610866229477883,0.0021199342161948983,-0.008843359959147604,0.28596174887623393
CMP032,NVIDIA Corporation,NVDA,^GSPC,USD,Nasdaq,SECONDARY_INDIRECT,Technology & Component Supplier,False,2025-10-06,185.09654235839844,6740.27978515625,-0.011086312720433145,0.0036465919796933033,-0.014732904700126448,11.973481098166996,0.7625609874360855,2.321423183666473,2026-02-28,791,ok,0.0019792778556959826,2.1470056939271682,0.41610866229477883,0.00980853159952665,-0.020894844319959794,0.26506690455627413
CMP032,NVIDIA Corporation,NVDA,^GSPC,USD,Nasdaq,SECONDARY_INDIRECT,Technology & Component Supplier,False,2025-10-07,184.5977325439453,6714.58984375,-0.0026948629515038958,-0.0038114057910215715,0.0011165428395176757,11.93851934460351,0.755843152281543,2.3225397265059904,2026-02-28,791,ok,0.0019792778556959826,2.1470056939271682,0.41610866229477883,-0.006203832079494313,0.0035089691279904175,0.26857587368426455
CMP032,NVIDIA Corporation,NVDA,^GSPC,USD,Nasdaq,SECONDARY_INDIRECT,Technology & Component Supplier,False,2025-10-08,188.65802001953125,6753.72021484375,0.021995326917785052,0.0058276636405680815,0.01616766327721697,12.22310630742015,0.7660756155786346,2.3387073897832074,2026-02-28,791,ok,0.0019792778556959826,2.1470056939271682,0.41610866229477883,0.014491304874287984,0.007504022043497068,0.27607989572776165
CMP032,NVIDIA Corporation,NVDA,^GSPC,USD,Nasdaq,SECONDARY_INDIRECT,Technology & Component Supplier,False,2025-10-09,192.1097412109375,6735.10986328125,0.01829618052309101,-0.002755570407195318,0.021051750930286328,12.465038647496732,0.7612090698754768,2.3597591407134937,2026-02-28,791,ok,0.0019792778556959826,2.1470056939271682,0.41610866229477883,-0.003936947498569571,0.02223312802166058,0.29831302374942226
CMP032,NVIDIA Corporation,NVDA,^GSPC,USD,Nasdaq,SECONDARY_INDIRECT,Technology & Component Supplier,False,2025-10-10,182.72222900390625,6552.509765625,-0.048865362827820946,-0.02711167321141361,-0.021753689616407335,11.807064648496173,0.7134597451160352,2.3380054510970862,2026-02-28,791,ok,0.0019792778556959826,2.1470056939271682,0.41610866229477883,-0.05622963890110172,0.007364276073280773,0.30567729982270303
CMP032,NVIDIA Corporation,NVDA,^GSPC,USD,Nasdaq,SECONDARY_INDIRECT,Technology & Component Supplier,False,2025-10-13,187.86990356445312,6654.72021484375,0.02817213093671711,0.015598671787557583,0.012573459149159527,12.167866950688607,0.7401874413012923,2.350578910246246,2026-02-28,791,ok,0.0019792778556959826,2.1470056939271682,0.41610866229477883,0.03546971500128319,-0.0072975840645660775,0.29837971575813693
CMP032,NVIDIA Corporation,NVDA,^GSPC,USD,Nasdaq,SECONDARY_INDIRECT,Technology & Component Supplier,False,2025-10-14,179.59971618652344,6644.31005859375,-0.044020820903292845,-0.0015643266604626893,-0.042456494242830156,11.588206637973954,0.7374652196926623,2.3081224160034157,2026-02-28,791,ok,0.0019792778556959826,2.1470056939271682,0.41610866229477883,-0.0013793403914794835,-0.042641480511813365,0.25573823524632355
CMP032,NVIDIA Corporation,NVDA,^GSPC,USD,Nasdaq,SECONDARY_INDIRECT,Technology & Component Supplier,False,2025-10-15,179.40017700195312,6671.06005859375,-0.0011110217143276424,0.004026001159503689,-0.005137022873831332,11.574220867054722,0.7444602566817422,2.3029853931295845,2026-02-28,791,ok,0.0019792778556959826,2.1470056939271682,0.41610866229477883,0.010623125268907786,-0.011734146983235428,0.24400408826308811
CMP032,NVIDIA Corporation,NVDA,^GSPC,USD,Nasdaq,SECONDARY_INDIRECT,Technology & Component Supplier,False,2025-10-16,181.37545776367188,6629.06982421875,0.01101047275832534,-0.006294387099829435,0.017304859858154775,11.712668983368594,0.7334799485459196,2.320290252987739,2026-02-28,791,ok,0.0019792778556959826,2.1470056939271682,0.41610866229477883,-0.01153480708741953,0.02254527984574487,0.266549368108833
CMP032,NVIDIA Corporation,NVDA,^GSPC,USD,Nasdaq,SECONDARY_INDIRECT,Technology & Component Supplier,False,2025-10-17,182.78207397460935,6664.009765625,0.007755273112916239,0.0052707155502571545,0.0024845575626590843,11.811259203328717,0.7426166282667794,2.3227748105503983,2026-02-28,791,ok,0.0019792778556959826,2.1470056939271682,0.41610866229477883,0.01329553415316856,-0.005540261040252322,0.26100910706858066
CMP032,NVIDIA Corporation,NVDA,^GSPC,USD,Nasdaq,SECONDARY_INDIRECT,Technology & Component Supplier,False,2025-10-20,182.20347595214844,6735.1298828125,-0.0031655074804616268,0.010672270853256949,-0.013837778333718576,11.770705066486448,0.7612143049170319,2.30893703221668,2026-02-28,791,ok,0.0019792778556959826,2.1470056939271682,0.41610866229477883,0.024892704144771613,-0.02805821162523324,0.2329508954433474
CMP032,NVIDIA Corporation,NVDA,^GSPC,USD,Nasdaq,SECONDARY_INDIRECT,Technology & Component Supplier,False,2025-10-21,180.72702026367188,6735.35009765625,-0.008103334367036585,3.2696450934288634e-05,-0.008136030817970874,11.6672197732299,0.7612718903741373,2.300801001398709,2026-02-28,791,ok,0.0019792778556959826,2.1470056939271682,0.41610866229477883,0.0020494773220231105,-0.010152811689059696,0.22279808375428772
CMP032,NVIDIA Corporation,NVDA,^GSPC,USD,Nasdaq,SECONDARY_INDIRECT,Technology & Component Supplier,False,2025-10-22,179.84913635253906,6699.39990234375,-0.0048575133361465905,-0.005337539220865439,0.00048002588471884877,11.605688584249537,0.7518710325806575,2.301281027283428,2026-02-28,791,ok,0.0019792778556959826,2.1470056939271682,0.41610866229477883,-0.009480449243061696,0.004622935906915105,0.22742101966120282
CMP032,NVIDIA Corporation,NVDA,^GSPC,USD,Nasdaq,SECONDARY_INDIRECT,Technology & Component Supplier,False,2025-10-23,181.72462463378903,6738.43994140625,0.010428119474389153,0.0058273934429324825,0.00460072603145667,11.737142210863034,0.7620798743487813,2.3058817533148845,2026-02-28,791,ok,0.0019792778556959826,2.1470056939271682,0.41610866229477883,0.014490724758425867,-0.004062605284036715,0.2233584143771661
CMP032,NVIDIA Corporation,NVDA,^GSPC,USD,Nasdaq,SECONDARY_INDIRECT,Technology & Component Supplier,False,2025-10-24,185.81480407714844,6791.68994140625,0.02250756853454461,0.00790242258787388,0.014605145946670728,12.023824312108275,0.7760045741494732,2.3204868992615553,2026-02-28,791,ok,0.0019792778556959826,2.1470056939271682,0.41610866229477883,0.018945824147679875,0.0035617443868647333,0.22692015876403085
CMP032,NVIDIA Corporation,NVDA,^GSPC,USD,Nasdaq,SECONDARY_INDIRECT,Technology & Component Supplier,False,2025-10-27,191.0323181152344,6875.16015625,0.028079108465005387,0.012290050865671143,0.015789057599334244,12.389521687597137,0.7978317607034349,2.3362759568608897,2026-02-28,791,ok,0.0019792778556959826,2.1470056939271682,0.41610866229477883,0.02836608704294645,-0.0002869785779410633,0.2266331801860898
CMP032,NVIDIA Corporation,NVDA,^GSPC,USD,Nasdaq,SECONDARY_INDIRECT,Technology & Component Supplier,False,2025-10-28,200.5495147705078,6890.89013671875,0.04981982498653692,0.0022879438603986557,0.047531881126138265,13.056585314726666,0.801945098842366,2.383807837987028,2026-02-28,791,ok,0.0019792778556959826,2.1470056939271682,0.41610866229477883,0.006891506351357602,0.04292831863517932,0.2695614988212691
CMP032,NVIDIA Corporation,NVDA,^GSPC,USD,Nasdaq,SECONDARY_INDIRECT,Technology & Component Supplier,False,2025-10-29,206.54515075683597,6890.58984375,0.02989603835835286,-4.3578255173426506e-05,0.029939616613526288,13.476821528483194,0.8018665732190402,2.4137474546005544,2026-02-28,791,ok,0.0019792778556959826,2.1470056939271682,0.41610866229477883,0.0018857150937072248,0.028010323264645635,0.29757182208591476
CMP032,NVIDIA Corporation,NVDA,^GSPC,USD,Nasdaq,SECONDARY_INDIRECT,Technology & Component Supplier,False,2025-10-30,202.40505981445312,6822.33984375,-0.020044483868115304,-0.00990481243951924,-0.010139671428596064,13.186641112893929,0.7840194227702664,2.4036077831719584,2026-02-28,791,ok,0.0019792778556959826,2.1470056939271682,0.41610866229477883,-0.019286410849232473,-0.0007580730188828308,0.29681374906703195
CMP032,NVIDIA Corporation,NVDA,^GSPC,USD,Nasdaq,SECONDARY_INDIRECT,Technology & Component Supplier,False,2025-10-31,202.00604248046875,6840.2001953125,-0.0019713802330344476,0.0026179217059763005,-0.004589301939010748,13.158673849030816,0.7886898459410199,2.3990184812329476,2026-02-28,791,ok,0.0019792778556959826,2.1470056939271682,0.41610866229477883,0.007599970664682626,-0.009571350897717074,0.28724239816931485
CMP032,NVIDIA Corporation,NVDA,^GSPC,USD,Nasdaq,SECONDARY_INDIRECT,Technology & Component Supplier,False,2025-11-03,206.3855438232422,6851.97021484375,0.021680051195482886,0.0017207127269924793,0.019959338468490406,13.465634622937948,0.7917676673235727,2.418977819701438,2026-02-28,791,ok,0.0019792778556959826,2.1470056939271682,0.41610866229477883,0.005673657878161781,0.016006393317321104,0.30324879148663597
CMP032,NVIDIA Corporation,NVDA,^GSPC,USD,Nasdaq,SECONDARY_INDIRECT,Technology & Component Supplier,False,2025-11-04,198.21511840820312,6771.5498046875,-0.03958816719273994,-0.011736830084583816,-0.027851337108156127,12.892966660935993,0.7707379946611448,2.391126482593282,2026-02-28,791,ok,0.0019792778556959826,2.1470056939271682,0.41610866229477883,-0.02321976316456116,-0.016368404028178782,0.2868803874584572
CMP032,NVIDIA Corporation,NVDA,^GSPC,USD,Nasdaq,SECONDARY_INDIRECT,Technology & Component Supplier,False,2025-11-05,194.74343872070312,6796.2900390625,-0.01751470682650169,0.0036535556982648654,-0.021168262524766557,12.649635422919337,0.7772074845516732,2.3699582200685154,2026-02-28,791,ok,0.0019792778556959826,2.1470056939271682,0.41610866229477883,0.009823482742950699,-0.02733818956945239,0.2595421978890048
CMP032,NVIDIA Corporation,NVDA,^GSPC,USD,Nasdaq,SECONDARY_INDIRECT,Technology & Component Supplier,False,2025-11-06,187.63047790527344,6720.31982421875,-0.03652477773914087,-0.011178189042419073,-0.025346588696721795,12.151085522876905,0.7573415233217526,2.3446116313717935,2026-02-28,791,ok,0.0019792778556959826,2.1470056939271682,0.41610866229477883,-0.022020357666172045,-0.014504420072968822,0.24503777781603597
CMP032,NVIDIA Corporation,NVDA,^GSPC,USD,Nasdaq,SECONDARY_INDIRECT,Technology & Component Supplier,False,2025-11-07,187.70030212402344,6728.7998046875,0.00037213686992387807,0.0012618418007710464,-0.0008897049308471683,12.15597952667949,0.7595590103141108,2.3437219264409466,2026-02-28,791,ok,0.0019792778556959826,2.1470056939271682,0.41610866229477883,0.00468845938678673,-0.004316322516862852,0.24072145529917313
CMP032,NVIDIA Corporation,NVDA,^GSPC,USD,Nasdaq,SECONDARY_INDIRECT,Technology & Component Supplier,False,2025-11-10,198.57424926757807,6832.43017578125,0.05793249675415879,0.01540101862170995,0.04253147813244884,12.91813826790663,0.786658011397956,2.386253404573395,2026-02-28,791,ok,0.0019792778556959826,2.1470056939271682,0.41610866229477883,0.035045352528785594,0.022887144225373197,0.26360859952454635
CMP032,NVIDIA Corporation,NVDA,^GSPC,USD,Nasdaq,SECONDARY_INDIRECT,Technology & Component Supplier,False,2025-11-11,192.6983337402344,6846.60986328125,-0.02959052117289329,0.002075350517340535,-0.03166587169023383,12.50629330280288,0.7903659530262213,2.354587532883161,2026-02-28,791,ok,0.0019792778556959826,2.1470056939271682,0.41610866229477883,0.006435067233320805,-0.036025588406214094,0.22758301111833226
CMP032,NVIDIA Corporation,NVDA,^GSPC,USD,Nasdaq,SECONDARY_INDIRECT,Technology & Component Supplier,False,2025-11-12,193.33680725097656,6850.919921875,0.0033133317675846374,0.0006295171887717999,0.0026838145788128376,12.551044133465373,0.7914930191678431,2.3572713474619738,2026-02-28,791,ok,0.0019792778556959826,2.1470056939271682,0.41610866229477883,0.0033308548444140607,-1.7523076829423223e-05,0.22756548804150284
CMP032,NVIDIA Corporation,NVDA,^GSPC,USD,Nasdaq,SECONDARY_INDIRECT,Technology & Component Supplier,False,2025-11-13,186.41339111328125,6737.490234375,-0.03581012967027952,-0.01655685496159698,-0.019253274708682544,12.065779485878297,0.7618315290847677,2.3380180727532913,2026-02-28,791,ok,0.0019792778556959826,2.1470056939271682,0.41610866229477883,-0.03356838402037902,-0.002241745649900505,0.22532374239160233
CMP032,NVIDIA Corporation,NVDA,^GSPC,USD,Nasdaq,SECONDARY_INDIRECT,Technology & Component Supplier,False,2025-11-14,189.7154693603516,6734.10986328125,0.017713739487007718,-0.0005017255648851471,0.018215465051892865,12.297223299885834,0.7609475731656052,2.356233537805184,2026-02-28,791,ok,0.0019792778556959826,2.1470056939271682,0.41610866229477883,0.0009020702110987468,0.01681166927590897,0.2421354116675113
CMP032,NVIDIA Corporation,NVDA,^GSPC,USD,Nasdaq,SECONDARY_INDIRECT,Technology & Component Supplier,False,2025-11-17,186.15402221679688,6672.41015625,-0.01877257113277353,-0.00916226617680782,-0.00961030495596571,12.047600229620354,0.7448133027768582,2.3466232328492183,2026-02-28,791,ok,0.0019792778556959826,2.1470056939271682,0.41610866229477883,-0.017692159795186714,-0.001080411337586816,0.24105500032992447
CMP032,NVIDIA Corporation,NVDA,^GSPC,USD,Nasdaq,SECONDARY_INDIRECT,Technology & Component Supplier,False,2025-11-18,180.92654418945312,6617.31982421875,-0.028081466976070946,-0.008256436690967983,-0.019825030285102963,11.681204474655294,0.7304073622049223,2.3267982025641154,2026-02-28,791,ok,0.0019792778556959826,2.1470056939271682,0.41610866229477883,-0.015747338731361464,-0.012334128244709482,0.228720872085215
CMP032,NVIDIA Corporation,NVDA,^GSPC,USD,Nasdaq,SECONDARY_INDIRECT,Technology & Component Supplier,False,2025-11-19,186.0742034912109,6642.16015625,0.028451653265247456,0.0037538357962292324,0.024697817469018224,12.04200570735389,0.7369030273032258,2.3514960200331334,2026-02-28,791,ok,0.0019792778556959826,2.1470056939271682,0.41610866229477883,0.01003878468426777,0.018412868580979687,0.24713374066619467
CMP032,NVIDIA Corporation,NVDA,^GSPC,USD,Nasdaq,SECONDARY_INDIRECT,Technology & Component Supplier,False,2025-11-20,180.20823669433597,6538.759765625,-0.031524879251475735,-0.015567283563270418,-0.015957595688205317,11.630858052232503,0.7098641653552937,2.335538424344928,2026-02-28,791,ok,0.0019792778556959826,2.1470056939271682,0.41610866229477883,-0.031443768593624424,-8.111065785131044e-05,0.24705263000834338
CMP032,NVIDIA Corporation,NVDA,^GSPC,USD,Nasdaq,SECONDARY_INDIRECT,Technology & Component Supplier,False,2025-11-21,178.4524688720703,6602.990234375,-0.00974299429633585,0.009823035415319481,-0.01956602971165533,11.507795674271774,0.7266602216069644,2.315972394633273,2026-02-28,791,ok,0.0019792778556959826,2.1470056939271682,0.41610866229477883,0.023069390824035134,-0.032812385120370983,0.2142402448879724
CMP032,NVIDIA Corporation,NVDA,^GSPC,USD,Nasdaq,SECONDARY_INDIRECT,Technology & Component Supplier,False,2025-11-24,182.11370849609372,6705.1201171875,0.020516609532861718,0.015467217001293498,0.00504939253156822,11.764413234237624,0.7533668499420609,2.3210217871648413,2026-02-28,791,ok,0.0019792778556959826,2.1470056939271682,0.41610866229477883,0.035187480826680224,-0.014670871293818506,0.1995693735941539
CMP032,NVIDIA Corporation,NVDA,^GSPC,USD,Nasdaq,SECONDARY_INDIRECT,Technology & Component Supplier,False,2025-11-25,177.39500427246094,6765.8798828125,-0.025910757968744536,0.009061696817220577,-0.03497245478596511,11.433677612312254,0.769255328745601,2.286049332378876,2026-02-28,791,ok,0.0019792778556959826,2.1470056939271682,0.41610866229477883,0.021434792518910256,-0.04734555048765479,0.1522238231064991
CMP032,NVIDIA Corporation,NVDA,^GSPC,USD,Nasdaq,SECONDARY_INDIRECT,Technology & Component Supplier,False,2025-11-26,179.82916259765625,6812.60986328125,0.013721684751937469,0.006906711511012631,0.006814973240924838,11.604288616815625,0.7814750648905686,2.2928643056198013,2026-02-28,791,ok,0.0019792778556959826,2.1470056939271682,0.41610866229477883,0.01680802679615242,-0.00308634204421495,0.14913748106228414
CMP032,NVIDIA Corporation,NVDA,^GSPC,USD,Nasdaq,SECONDARY_INDIRECT,Technology & Component Supplier,False,2025-11-28,176.57696533203125,6849.08984375,-0.01808492693090802,0.005354773163420257,-0.023439700094328275,11.37634097816444,0.7910144597593469,2.269424605525473,2026-02-28,791,ok,0.0019792778556959826,2.1470056939271682,0.41610866229477883,0.013476006327247669,-0.03156093325815569,0.11757654780412845
CMP032,NVIDIA Corporation,NVDA,^GSPC,USD,Nasdaq,SECONDARY_INDIRECT,Technology & Component Supplier,False,2025-12-01,179.48997497558594,6812.6298828125,0.01649711013028865,-0.005323329342915684,0.021820439473204334,11.580514838291222,0.7814802999321238,2.2912450449986776,2026-02-28,791,ok,0.0019792778556959826,2.1470056939271682,0.41610866229477883,-0.009449940554193561,0.025947050684482213,0.14352359848861065
CMP032,NVIDIA Corporation,NVDA,^GSPC,USD,Nasdaq,SECONDARY_INDIRECT,Technology & Component Supplier,False,2025-12-02,181.02630615234372,6829.3701171875,0.008559426101467427,0.002457235261999813,0.006102190839467614,11.68819682536799,0.7858578161436749,2.2973472358381453,2026-02-28,791,ok,0.0019792778556959826,2.1470056939271682,0.41610866229477883,0.007254975954528197,0.0013044501469392294,0.14482804863554988
CMP032,NVIDIA Corporation,NVDA,^GSPC,USD,Nasdaq,SECONDARY_INDIRECT,Technology & Component Supplier,False,2025-12-03,179.16075134277344,6849.72021484375,-0.010305434879725794,0.0029797912994984355,-0.01328522617922423,11.557439439243018,0.7911792997263611,2.2840620096589213,2026-02-28,791,ok,0.0019792778556959826,2.1470056939271682,0.41610866229477883,0.00837690674243376,-0.018682341622159555,0.1261457070133903
CMP032,NVIDIA Corporation,NVDA,^GSPC,USD,Nasdaq,SECONDARY_INDIRECT,Technology & Component Supplier,False,2025-12-04,182.951904296875,6857.1201171875,0.02116062209880032,0.0010803218396737702,0.02008030025912655,11.82316266974541,0.7931143498426272,2.304142309918048,2026-02-28,791,ok,0.0019792778556959826,2.1470056939271682,0.41610866229477883,0.00429873499674944,0.01686188710205088,0.1430075941154412
CMP032,NVIDIA Corporation,NVDA,^GSPC,USD,Nasdaq,SECONDARY_INDIRECT,Technology & Component Supplier,False,2025-12-05,181.98416137695312,6870.39990234375,-0.00528960288028224,0.001936641757662061,-0.007226244637944301,11.755333231553196,0.7965869699687955,2.2969160652801035,2026-02-28,791,ok,0.0019792778556959826,2.1470056939271682,0.41610866229477883,0.006137258736493546,-0.011426861616775787,0.13158073249866542
CMP032,NVIDIA Corporation,NVDA,^GSPC,USD,Nasdaq,SECONDARY_INDIRECT,Technology & Component Supplier,False,2025-12-08,185.1168365478516,6846.509765625,0.017213998994173974,-0.003477255626794018,0.02069125462096799,11.974903524971507,0.7903397778184467,2.3176073199010716,2026-02-28,791,ok,0.0019792778556959826,2.1470056939271682,0.41610866229477883,-0.005486409774271058,0.02270040876844503,0.15428114126711046
CMP032,NVIDIA Corporation,NVDA,^GSPC,USD,Nasdaq,SECONDARY_INDIRECT,Technology & Component Supplier,False,2025-12-09,184.5381774902344,6840.509765625,-0.0031259126312241925,-0.0008763589340257116,-0.002249553697198481,11.934345110153883,0.7887707975592138,2.3153577662038733,2026-02-28,791,ok,0.0019792778556959826,2.1470056939271682,0.41610866229477883,9.77302344188362e-05,-0.0032236428656430287,0.15105749840146743
CMP032,NVIDIA Corporation,NVDA,^GSPC,USD,Nasdaq,SECONDARY_INDIRECT,Technology & Component Supplier,False,2025-12-10,183.35096740722656,6886.68017578125,-0.006433411769608877,0.00674955693920154,-0.013182968708810416,11.851133142090037,0.8008442079085205,2.302174797495063,2026-02-28,791,ok,0.0019792778556959826,2.1470056939271682,0.41610866229477883,0.01647061503564732,-0.022904026805256196,0.12815347159621124
CMP032,NVIDIA Corporation,NVDA,^GSPC,USD,Nasdaq,SECONDARY_INDIRECT,Technology & Component Supplier,False,2025-12-11,180.50759887695312,6901.0,-0.01550779126219859,0.002079350841514227,-0.017587142103712816,11.651840451839782,0.8045887948276711,2.2845876553913502,2026-02-28,791,ok,0.0019792778556959826,2.1470056939271682,0.41610866229477883,0.0064436559520992765,-0.021951447214297867,0.10620202438191337
CMP032,NVIDIA Corporation,NVDA,^GSPC,USD,Nasdaq,SECONDARY_INDIRECT,Technology & Component Supplier,False,2025-12-12,174.6114044189453,6827.41015625,-0.03266452212921567,-0.010663649289958,-0.022000872839257668,11.238574129425356,0.7853452928070408,2.2625867825520927,2026-02-28,791,ok,0.0019792778556959826,2.1470056939271682,0.41610866229477883,-0.020915637887886245,-0.011748884241329423,0.09445314014058395
CMP032,NVIDIA Corporation,NVDA,^GSPC,USD,Nasdaq,SECONDARY_INDIRECT,Technology & Component Supplier,False,2025-12-15,175.87843322753906,6816.509765625,0.0072562775198450336,-0.0015965630269072495,0.008852840546752283,11.327380619755662,0.7824948765222821,2.271439623098845,2026-02-28,791,ok,0.0019792778556959826,2.1470056939271682,0.41610866229477883,-0.0014485520537874767,0.00870482957363251,0.10315796971421647
CMP032,NVIDIA Corporation,NVDA,^GSPC,USD,Nasdaq,SECONDARY_INDIRECT,Technology & Component Supplier,False,2025-12-16,177.30511474609375,6800.259765625,0.008111747940743541,-0.0023839179519623555,0.010495665892705897,11.427377224112726,0.7782455549868597,2.281935288991551,2026-02-28,791,ok,0.0019792778556959826,2.1470056939271682,0.41610866229477883,-0.0031390075610223883,0.011250755501765929,0.11440872521598239
CMP032,NVIDIA Corporation,NVDA,^GSPC,USD,Nasdaq,SECONDARY_INDIRECT,Technology & Component Supplier,False,2025-12-17,170.5409393310547,6721.43017578125,-0.038149917021432556,-0.011592143912241393,-0.026557773109191163,10.953273814218786,0.7576318766021484,2.2553775158823597,2026-02-28,791,ok,0.0019792778556959826,2.1470056939271682,0.41610866229477883,-0.02290912112870945,-0.015240795892723105,0.09916792932325928
CMP032,NVIDIA Corporation,NVDA,^GSPC,USD,Nasdaq,SECONDARY_INDIRECT,Technology & Component Supplier,False,2025-12-18,173.73345947265625,6774.759765625,0.018719963394855155,0.007934262269941872,0.010785701124913283,11.177038662469643,0.7715773888851198,2.266163217007273,2026-02-28,791,ok,0.0019792778556959826,2.1470056939271682,0.41610866229477883,0.01901418412637268,-0.0002942207315175249,0.09887370859174176
CMP032,NVIDIA Corporation,NVDA,^GSPC,USD,Nasdaq,SECONDARY_INDIRECT,Technology & Component Supplier,False,2025-12-19,180.5674743652344,6834.5,0.039336204513061857,0.008818059450332205,0.03051814506272965,11.65603714566001,0.7871992636211731,2.296681362070003,2026-02-28,791,ok,0.0019792778556959826,2.1470056939271682,0.41610866229477883,0.0209117017049475,0.018424502808114356,0.1172982113998561
CMP032,NVIDIA Corporation,NVDA,^GSPC,USD,Nasdaq,SECONDARY_INDIRECT,Technology & Component Supplier,False,2025-12-22,183.26116943359372,6878.490234375,0.014917941771233734,0.006436496360377575,0.008481445410856159,11.844839170853538,0.7987025651767403,2.305162807480859,2026-02-28,791,ok,0.0019792778556959826,2.1470056939271682,0.41610866229477883,0.015798472190368132,-0.0008805304191343982,0.11641768098072171
CMP032,NVIDIA Corporation,NVDA,^GSPC,USD,Nasdaq,SECONDARY_INDIRECT,Technology & Component Supplier,False,2025-12-23,188.76828002929688,6909.7900390625,0.03005061362821171,0.004550388765703239,0.02550022486250847,12.230834469893377,0.8068873611221621,2.3306630323433675,2026-02-28,791,ok,0.0019792778556959826,2.1470056939271682,0.41610866229477883,0.011748988445243056,0.018301625182968653,0.13471930616369035
CMP032,NVIDIA Corporation,NVDA,^GSPC,USD,Nasdaq,SECONDARY_INDIRECT,Technology & Component Supplier,False,2025-12-24,188.169677734375,6932.0498046875,-0.0031710957732357103,0.0032214822012188726,-0.006392577974454583,12.188878226629518,0.8127082165956245,2.324270454368913,2026-02-28,791,ok,0.0019792778556959826,2.1470056939271682,0.41610866229477883,0.00889581848459793,-0.01206691425783364,0.12265239190585671
CMP032,NVIDIA Corporation,NVDA,^GSPC,USD,Nasdaq,SECONDARY_INDIRECT,Technology & Component Supplier,False,2025-12-26,190.085205078125,6929.93994140625,0.010179787555644415,-0.00030436354912266594,0.010484151104767081,12.323138205073871,0.8121564942892976,2.3347546054736803,2026-02-28,791,ok,0.0019792778556959826,2.1470056939271682,0.41610866229477883,0.0013258075827057374,0.008853979972938677,0.13150637187879538
CMP032,NVIDIA Corporation,NVDA,^GSPC,USD,Nasdaq,SECONDARY_INDIRECT,Technology & Component Supplier,False,2025-12-29,187.7805938720703,6905.740234375,-0.012124095639676424,-0.00349205148036813,-0.008632044159308294,12.161607203254928,0.805828350520756,2.326122561314372,2026-02-28,791,ok,0.0019792778556959826,2.1470056939271682,0.41610866229477883,-0.00551817655614119,-0.006605919083535234,0.12490045279526014
CMP032,NVIDIA Corporation,NVDA,^GSPC,USD,Nasdaq,SECONDARY_INDIRECT,Technology & Component Supplier,False,2025-12-30,187.1021728515625,6896.240234375,-0.0036128388270515455,-0.0013756671519022934,-0.002237171675149252,12.114056437724606,0.8033441317769707,2.323885389639223,2026-02-28,791,ok,0.0019792778556959826,2.1470056939271682,0.41610866229477883,-0.0009742873523868119,-0.0026385514746647336,0.12226190132059542
CMP032,NVIDIA Corporation,NVDA,^GSPC,USD,Nasdaq,SECONDARY_INDIRECT,Technology & Component Supplier,False,2025-12-31,186.0646209716797,6845.5,-0.005545375898472038,-0.007357666300846111,0.0018122904023740727,12.041334065223646,0.7900757274297667,2.325697680041597,2026-02-28,791,ok,0.0019792778556959826,2.1470056939271682,0.41610866229477883,-0.01381767358623666,0.008272297687764623,0.13053419900836005
CMP032,NVIDIA Corporation,NVDA,^GSPC,USD,Nasdaq,SECONDARY_INDIRECT,Technology & Component Supplier,False,2026-01-02,188.4091339111328,6858.47021484375,0.012600530542611788,0.0018947067188299638,0.010705823823781824,12.2056617934289,0.7934673959377423,2.336403503865379,2026-02-28,791,ok,0.0019792778556959826,2.1470056939271682,0.41610866229477883,0.006047223969345977,0.006553306573265811,0.13708750558162586
CMP032,NVIDIA Corporation,NVDA,^GSPC,USD,Nasdaq,SECONDARY_INDIRECT,Technology & Component Supplier,False,2026-01-05,187.6808319091797,6902.0498046875,-0.00386553447189375,0.006354126864826393,-0.010219661336720143,12.154614852542231,0.8048633152994604,2.3261838425286587,2026-02-28,791,ok,0.0019792778556959826,2.1470056939271682,0.41610866229477883,0.015621624414413834,-0.019487158886307584,0.11760034669531827
CMP032,NVIDIA Corporation,NVDA,^GSPC,USD,Nasdaq,SECONDARY_INDIRECT,Technology & Component Supplier,False,2026-01-06,186.80288696289065,6944.81982421875,-0.004677861544826745,0.006196712678341321,-0.010874574223168065,12.093079385586517,0.8160475346880498,2.3153092683054908,2026-02-28,791,ok,0.0019792778556959826,2.1470056939271682,0.41610866229477883,0.01528365525972547,-0.019961516804552215,0.09763882989076605
CMP032,NVIDIA Corporation,NVDA,^GSPC,USD,Nasdaq,SECONDARY_INDIRECT,Technology & Component Supplier,False,2026-01-07,188.66851806640625,6920.93017578125,0.00998716419134471,-0.003439923431013958,0.013427087622358669,12.22384211918068,0.8098004702216413,2.3287363559278496,2026-02-28,791,ok,0.0019792778556959826,2.1470056939271682,0.41610866229477883,-0.005406257337364466,0.015393421528709176,0.11303225141947523
CMP032,NVIDIA Corporation,NVDA,^GSPC,USD,Nasdaq,SECONDARY_INDIRECT,Technology & Component Supplier,False,2026-01-08,184.60801696777344,6921.4599609375,-0.021521879433025637,7.65482590914246e-05,-0.02159842769211706,11.939240183450307,0.8099390072969395,2.3071379282357327,2026-02-28,791,ok,0.0019792778556959826,2.1470056939271682,0.41610866229477883,0.0021436274038254834,-0.02366550683685112,0.08936674458262411
CMP032,NVIDIA Corporation,NVDA,^GSPC,USD,Nasdaq,SECONDARY_INDIRECT,Technology & Component Supplier,False,2026-01-09,184.42843627929688,6966.27978515625,-0.0009727675505442068,0.006475487031883276,-0.007448254582427483,11.92665331047115,0.8216592438671906,2.2996896736533055,2026-02-28,791,ok,0.0019792778556959826,2.1470056939271682,0.41610866229477883,0.015882185384100914,-0.01685495293464512,0.072511791647979
CMP032,NVIDIA Corporation,NVDA,^GSPC,USD,Nasdaq,SECONDARY_INDIRECT,Technology & Component Supplier,False,2026-01-12,184.5082550048828,6977.27001953125,0.00043278968903170956,0.001577633215136931,-0.0011448435261052214,11.932247832737609,0.8245331539969767,2.2985448301272005,2026-02-28,791,ok,0.0019792778556959826,2.1470056939271682,0.41610866229477883,0.005366465351523599,-0.00493367566249189,0.0675781159854871
CMP032,NVIDIA Corporation,NVDA,^GSPC,USD,Nasdaq,SECONDARY_INDIRECT,Technology & Component Supplier,False,2026-01-13,185.376220703125,6963.740234375,0.004704210650191332,-0.0019391230550597216,0.006643333705251053,11.993083850723288,0.8209951596933402,2.3051881638324514,2026-02-28,791,ok,0.0019792778556959826,2.1470056939271682,0.41610866229477883,-0.0021840303847426856,0.006888241034934017,0.07446635702042112
CMP032,NVIDIA Corporation,NVDA,^GSPC,USD,Nasdaq,SECONDARY_INDIRECT,Technology & Component Supplier,False,2026-01-14,182.71243286132807,6926.60009765625,-0.014369630752495088,-0.005333360445499591,-0.009036270306995497,11.806378033452187,0.8112831361371855,2.296151893525456,2026-02-28,791,ok,0.0019792778556959826,2.1470056939271682,0.41610866229477883,-0.009471477388557577,-0.004898153363937511,0.06956820365648361
CMP032,NVIDIA Corporation,NVDA,^GSPC,USD,Nasdaq,SECONDARY_INDIRECT,Technology & Component Supplier,False,2026-01-15,186.6133270263672,6944.47021484375,0.021349910917117132,0.0025799262171273263,0.018769984699989806,12.079793063637316,0.8159561129867465,2.3149218782254457,2026-02-28,791,ok,0.0019792778556959826,2.1470056939271682,0.41610866229477883,0.007518394133780332,0.0138315167833368,0.08339972043982041
CMP032,NVIDIA Corporation,NVDA,^GSPC,USD,Nasdaq,SECONDARY_INDIRECT,Technology & Component Supplier,False,2026-01-16,185.79522705078125,6940.009765625,-0.0043839311405146075,-0.0006423023039563436,-0.003741628836558264,12.02245215151415,0.8147897201914915,2.3111802493888876,2026-02-28,791,ok,0.0019792778556959826,2.1470056939271682,0.41610866229477883,0.0006002511518791742,-0.004984182292393781,0.07841553814742663
CMP032,NVIDIA Corporation,NVDA,^GSPC,USD,Nasdaq,SECONDARY_INDIRECT,Technology & Component Supplier,False,2026-01-20,177.65428161621094,6796.85986328125,-0.04381676302343995,-0.02062675805627745,-0.023190004967162503,11.451850451607168,0.7773564917100821,2.2879902444217253,2026-02-28,791,ok,0.0019792778556959826,2.1470056939271682,0.41610866229477883,-0.042306489138389795,-0.0015102738850501576,0.07690526426237648
CMP032,NVIDIA Corporation,NVDA,^GSPC,USD,Nasdaq,SECONDARY_INDIRECT,Technology & Component Supplier,False,2026-01-21,182.8920440673828,6875.6201171875,0.029482894549578642,0.011587741323274559,0.017895153226304084,11.818967045419026,0.7979520389752615,2.305885397648029,2026-02-28,791,ok,0.0019792778556959826,2.1470056939271682,0.41610866229477883,0.0268582244565216,0.002624670093057044,0.07952993435543353
CMP032,NVIDIA Corporation,NVDA,^GSPC,USD,Nasdaq,SECONDARY_INDIRECT,Technology & Component Supplier,False,2026-01-22,184.40847778320312,6913.35009765625,0.008291414334357983,0.005487502192628835,0.002803912141729148,11.925254412531075,0.8078183047313796,2.3086893097897585,2026-02-28,791,ok,0.0019792778556959826,2.1470056939271682,0.41610866229477883,0.013760976308707911,-0.005469561974349928,0.0740603723810836
CMP032,NVIDIA Corporation,NVDA,^GSPC,USD,Nasdaq,SECONDARY_INDIRECT,Technology & Component Supplier,False,2026-01-23,187.23187255859372,6915.60986328125,0.015310547591580237,0.0003268698377891788,0.014983677753791058,12.123147135347415,0.8084092260073994,2.3236729875435493,2026-02-28,791,ok,0.0019792778556959826,2.1470056939271682,0.41610866229477883,0.0026810692586023994,0.012629478332977838,0.08668985071406143
CMP032,NVIDIA Corporation,NVDA,^GSPC,USD,Nasdaq,SECONDARY_INDIRECT,Technology & Component Supplier,False,2026-01-26,186.03468322753903,6950.22998046875,-0.00639415348837058,0.005006083031276365,-0.011400236519646945,12.039235718313533,0.8174622727473186,2.3122727510239023,2026-02-28,791,ok,0.0019792778556959826,2.1470056939271682,0.41610866229477883,0.012727366628118516,-0.019121520116489096,0.06756833059757233
CMP032,NVIDIA Corporation,NVDA,^GSPC,USD,Nasdaq,SECONDARY_INDIRECT,Technology & Component Supplier,False,2026-01-27,188.07989501953125,6978.60009765625,0.010993712336375028,0.004081896177137168,0.00691181615923786,12.182585324886858,0.8248809650505369,2.3191845671831404,2026-02-28,791,ok,0.0019792778556959826,2.1470056939271682,0.41610866229477883,0.010743132190029023,0.000250580146346005,0.06781891074391834
CMP032,NVIDIA Corporation,NVDA,^GSPC,USD,Nasdaq,SECONDARY_INDIRECT,Technology & Component Supplier,False,2026-01-28,191.0728912353516,6978.02978515625,0.015913429851231786,-8.172305219089626e-05,0.015995152903422682,12.392365471712322,0.8247318302081879,2.335179720086563,2026-02-28,791,ok,0.0019792778556959826,2.1470056939271682,0.41610866229477883,0.0018038179973170212,0.014109611853914765,0.0819285225978331
CMP032,NVIDIA Corporation,NVDA,^GSPC,USD,Nasdaq,SECONDARY_INDIRECT,Technology & Component Supplier,False,2026-01-29,192.06057739257807,6969.009765625,0.005169159009636326,-0.001292631274007694,0.00646179028364402,12.461592738350767,0.8223731247777835,2.341641510370207,2026-02-28,791,ok,0.0019792778556959826,2.1470056939271682,0.41610866229477883,-0.0007960088497468657,0.005965167859383192,0.0878936904572163
CMP032,NVIDIA Corporation,NVDA,^GSPC,USD,Nasdaq,SECONDARY_INDIRECT,Technology & Component Supplier,False,2026-01-30,190.68380737304688,6939.02978515625,-0.007168415497976088,-0.004301899620894223,-0.0028665158770818655,12.36509444833773,0.814533458523174,2.338774994493125,2026-02-28,791,ok,0.0019792778556959826,2.1470056939271682,0.41610866229477883,-0.007256925125067041,8.850962709095259e-05,0.08798220008430725
CMP032,NVIDIA Corporation,NVDA,^GSPC,USD,Nasdaq,SECONDARY_INDIRECT,Technology & Component Supplier,False,2026-02-02,185.17669677734372,6976.43994140625,-0.02888085082614933,0.00539126612916796,-0.03427211695531729,11.979099149297891,0.824316091298352,2.304502877537808,2026-02-28,791,ok,0.0019792778556959826,2.1470056939271682,0.41610866229477883,0.013554356932496276,-0.04243520775864561,0.045546992325661645
CMP032,NVIDIA Corporation,NVDA,^GSPC,USD,Nasdaq,SECONDARY_INDIRECT,Technology & Component Supplier,False,2026-02-03,179.91897583007812,6917.81005859375,-0.02839299457635036,-0.008403983020698336,-0.019989011555652025,11.610583657545963,0.8089845698426938,2.284513865982156,2026-02-28,791,ok,0.0019792778556959826,2.1470056939271682,0.41610866229477883,-0.016064121541410584,-0.012328873034939777,0.03321811929072187
CMP032,NVIDIA Corporation,NVDA,^GSPC,USD,Nasdaq,SECONDARY_INDIRECT,Technology & Component Supplier,False,2026-02-04,173.78334045410156,6882.72021484375,-0.03410221377522338,-0.005072391906223106,-0.029029821869000272,11.180534837825991,0.7998086911521414,2.2554840441131554,2026-02-28,791,ok,0.0019792778556959826,2.1470056939271682,0.41610866229477883,-0.008911176448795109,-0.02519103732642827,0.008027081964293598
CMP032,NVIDIA Corporation,NVDA,^GSPC,USD,Nasdaq,SECONDARY_INDIRECT,Technology & Component Supplier,False,2026-02-05,171.47872924804688,6798.39990234375,-0.013261404689498213,-0.012251015567674717,-0.0010103891218234962,11.01900383600705,0.7777592068580002,2.254473654991332,2026-02-28,791,ok,0.0019792778556959826,2.1470056939271682,0.41610866229477883,-0.024323722324492016,0.011062317634993803,0.0190893995992874
CMP032,NVIDIA Corporation,NVDA,^GSPC,USD,Nasdaq,SECONDARY_INDIRECT,Technology & Component Supplier,False,2026-02-06,184.9771423339844,6932.2998046875,0.07871771120027282,0.0196957966973359,0.05902191450293692,11.965112308884825,0.8127735907730924,2.3134955694942687,2026-02-28,791,ok,0.0019792778556959826,2.1470056939271682,0.41610866229477883,0.04426626551130807,0.03445144568896475,0.05354084528825215
CMP032,NVIDIA Corporation,NVDA,^GSPC,USD,Nasdaq,SECONDARY_INDIRECT,Technology & Component Supplier,False,2026-02-09,189.59634399414065,6964.81982421875,0.024971743004960523,0.004691086716887227,0.020280656288073295,12.288873761492747,0.821277468885492,2.333776225782342,2026-02-28,791,ok,0.0019792778556959826,2.1470056939271682,0.41610866229477883,0.012051067747558965,0.012920675257401558,0.06646152054565371
CMP032,NVIDIA Corporation,NVDA,^GSPC,USD,Nasdaq,SECONDARY_INDIRECT,Technology & Component Supplier,False,2026-02-10,188.09983825683597,6941.81005859375,-0.007893114950312197,-0.003303712975458173,-0.004589401974854024,12.183983153333097,0.8152604908796255,2.329186823807488,2026-02-28,791,ok,0.0019792778556959826,2.1470056939271682,0.41610866229477883,-0.005113812713713781,-0.0027793022365984153,0.0636822183090553
CMP032,NVIDIA Corporation,NVDA,^GSPC,USD,Nasdaq,SECONDARY_INDIRECT,Technology & Component Supplier,False,2026-02-11,189.6063232421875,6941.47021484375,0.008008964809924635,-4.895607156218951e-05,0.008057920881486824,12.28957321046278,0.81517162285713,2.3372447446889746,2026-02-28,791,ok,0.0019792778556959826,2.1470056939271682,0.41610866229477883,0.0018741688912996559,0.006134795918624978,0.06981701422768027
CMP032,NVIDIA Corporation,NVDA,^GSPC,USD,Nasdaq,SECONDARY_INDIRECT,Technology & Component Supplier,False,2026-02-12,186.5035858154297,6832.759765625,-0.016364103125372176,-0.01566101212770199,-0.000703090997670186,12.072101263954584,0.7867441980577039,2.336541653691304,2026-02-28,791,ok,0.0019792778556959826,2.1470056939271682,0.41610866229477883,-0.03164500435514263,0.015280901229770452,0.08509791545745073
CMP032,NVIDIA Corporation,NVDA,^GSPC,USD,Nasdaq,SECONDARY_INDIRECT,Technology & Component Supplier,False,2026-02-13,182.3832244873047,6836.169921875,-0.02209266545793198,0.0004990891480125548,-0.022591754605944536,11.783303703897825,0.7876359426972288,2.3139498990853595,2026-02-28,791,ok,0.0019792778556959826,2.1470056939271682,0.41610866229477883,0.0030508250982561966,-0.025143490556188176,0.05995442490126255
CMP032,NVIDIA Corporation,NVDA,^GSPC,USD,Nasdaq,SECONDARY_INDIRECT,Technology & Component Supplier,False,2026-02-17,184.5381774902344,6843.22021484375,0.011815522008602919,0.0010313220779065713,0.010784199930696348,11.934345110153885,0.7894795711121918,2.324734099016056,2026-02-28,791,ok,0.0019792778556959826,2.1470056939271682,0.41610866229477883,0.00419353222923419,0.007621989779368729,0.06757641468063127
CMP032,NVIDIA Corporation,NVDA,^GSPC,USD,Nasdaq,SECONDARY_INDIRECT,Technology & Component Supplier,False,2026-02-18,187.5411376953125,6881.31005859375,0.016272839831405594,0.005566070147410729,0.010706769683994866,12.144823636455543,0.7994399399323606,2.3354408687000507,2026-02-28,791,ok,0.0019792778556959826,2.1470056939271682,0.41610866229477883,0.01392966215498485,0.002343177676420744,0.06991959235705202
CMP032,NVIDIA Corporation,NVDA,^GSPC,USD,Nasdaq,SECONDARY_INDIRECT,Technology & Component Supplier,False,2026-02-19,187.4613342285156,6861.89013671875,-0.00042552512892690686,-0.0028221256867719813,0.0023966005578450744,12.139230183682919,0.7943616942560741,2.337837469257896,2026-02-28,791,ok,0.0019792778556959826,2.1470056939271682,0.41610866229477883,-0.004079842062781581,0.0036543169338546745,0.0735739092909067
CMP032,NVIDIA Corporation,NVDA,^GSPC,USD,Nasdaq,SECONDARY_INDIRECT,Technology & Component Supplier,False,2026-02-20,189.3768768310547,6909.509765625,0.010218334412386287,0.006939724763506794,0.0032786096488794936,12.273491231621112,0.806814070540391,2.3411160789067758,2026-02-28,791,ok,0.0019792778556959826,2.1470056939271682,0.41610866229477883,0.01687890643723244,-0.006660572024846153,0.06691333726606054
CMP032,NVIDIA Corporation,NVDA,^GSPC,USD,Nasdaq,SECONDARY_INDIRECT,Technology & Component Supplier,False,2026-02-23,191.1028289794922,6837.75,0.0091138484133797,-0.010385652247284827,0.019499500660664526,12.39446381862243,0.7880491279282573,2.3606155795674404,2026-02-28,791,ok,0.0019792778556959826,2.1470056939271682,0.41610866229477883,-0.020318776654372032,0.029432625067751732,0.09634596233381226
CMP032,NVIDIA Corporation,NVDA,^GSPC,USD,Nasdaq,SECONDARY_INDIRECT,Technology & Component Supplier,False,2026-02-24,192.39979553222656,6890.06982421875,0.006786747007672789,0.0076516140863223114,-0.0008648670786495227,12.485368655862848,0.8017305898225495,2.3597507124887906,2026-02-28,791,ok,0.0019792778556959826,2.1470056939271682,0.41610866229477883,0.01840733686676331,-0.011620589859090522,0.08472537247472174
CMP032,NVIDIA Corporation,NVDA,^GSPC,USD,Nasdaq,SECONDARY_INDIRECT,Technology & Component Supplier,False,2026-02-25,195.10345458984372,6946.1298828125,0.014052296937936637,0.008136355657339944,0.005915941280596693,12.674869060532576,0.8163901107000546,2.365666653769387,2026-02-28,791,ok,0.0019792778556959826,2.1470056939271682,0.41610866229477883,0.019448079779821367,-0.00539578284188473,0.07932958963283701
CMP032,NVIDIA Corporation,NVDA,^GSPC,USD,Nasdaq,SECONDARY_INDIRECT,Technology & Component Supplier,False,2026-02-26,184.45835876464844,6908.85986328125,-0.054561288253833995,-0.005365580569328343,-0.04919570768450565,11.928750587887421,0.8066441232157622,2.3164709460848814,2026-02-28,791,ok,0.0019792778556959826,2.1470056939271682,0.41610866229477883,-0.009540654177876947,-0.04502063407595705,0.03430895555687996
CMP032,NVIDIA Corporation,NVDA,^GSPC,USD,Nasdaq,SECONDARY_INDIRECT,Technology & Component Supplier,False,2026-02-27,176.77635192871094,6878.8798828125,-0.04164629289442512,-0.00433935281103115,-0.03730694008339397,11.390316054145291,0.798804456961153,2.2791640060014875,2026-02-28,791,ok,0.0019792778556959826,2.1470056939271682,0.41610866229477883,-0.007337337337546759,-0.03430895555687836,1.6028844918025698e-15
CMP032,NVIDIA Corporation,NVDA,^GSPC,USD,Nasdaq,SECONDARY_INDIRECT,Technology & Component Supplier,False,2026-03-02,182.0540008544922,6881.6201171875,0.02985494874285899,0.0003983547353176853,0.029456594007541304,11.760228304849623,0.7995210192344939,2.3086206000090286,2026-02-28,791,ok,0.0019792778556959826,2.1470056939271682,0.41610866229477883,0.002834547740625903,0.027020401002233085,0.027020401002234688
CMP032,NVIDIA Corporation,NVDA,^GSPC,USD,Nasdaq,SECONDARY_INDIRECT,Technology & Component Supplier,False,2026-03-03,179.62965393066406,6816.6298828125,-0.01331663634113589,-0.009444031095625416,-0.0038726052455104742,11.590304984884071,0.7825262867716118,2.304747994763518,2026-02-28,791,ok,0.0019792778556959826,2.1470056939271682,0.41610866229477883,-0.018297110680237018,0.004980474339101128,0.03200087534133582
CMP032,NVIDIA Corporation,NVDA,^GSPC,USD,Nasdaq,SECONDARY_INDIRECT,Technology & Component Supplier,False,2026-03-04,182.61268615722656,6869.5,0.01660656891157819,0.007756049264286302,0.008850519647291888,11.799386752233335,0.7963516484666977,2.3135985144108098,2026-02-28,791,ok,0.0019792778556959826,2.1470056939271682,0.41610866229477883,0.0186315597884983,-0.0020249908769201103,0.02997588446441571
CMP032,NVIDIA Corporation,NVDA,^GSPC,USD,Nasdaq,SECONDARY_INDIRECT,Technology & Component Supplier,False,2026-03-05,182.9119873046875,6830.7099609375,0.00163899427668035,-0.005646704863891072,0.007285699140571422,11.820364873865264,0.7862081808760422,2.3208842135513814,2026-02-28,791,ok,0.0019792778556959826,2.1470056939271682,0.41610866229477883,-0.010144229639004385,0.011783223915684735,0.04175910838010044
CMP032,NVIDIA Corporation,NVDA,^GSPC,USD,Nasdaq,SECONDARY_INDIRECT,Technology & Component Supplier,False,2026-03-06,177.40487670898438,6740.02001953125,-0.030107980766343134,-0.013276795812569242,-0.016831184953773892,11.434369574825428,0.7624930595798103,2.3040530285976075,2026-02-28,791,ok,0.0019792778556959826,2.1470056939271682,0.41610866229477883,-0.026526078350998565,-0.003581902415344569,0.03817720596475587
CMP032,NVIDIA Corporation,NVDA,^GSPC,USD,Nasdaq,SECONDARY_INDIRECT,Technology & Component Supplier,False,2026-03-09,182.2235870361328,6795.990234375,0.027162220208033272,0.008304161513105202,0.01885805869492807,11.772114659364906,0.777129086612288,2.3229110872925354,2026-02-28,791,ok,0.0019792778556959826,2.1470056939271682,0.41610866229477883,0.019808359907623696,0.007353860300409576,0.04553106626516545
CMP032,NVIDIA Corporation,NVDA,^GSPC,USD,Nasdaq,SECONDARY_INDIRECT,Technology & Component Supplier,False,2026-03-10,184.33865356445312,6781.47998046875,0.011606985477137677,-0.0021351198877325173,0.013742105364870194,11.920360408728492,0.7733347029563942,2.3366531926574057,2026-02-28,791,ok,0.0019792778556959826,2.1470056939271682,0.41610866229477883,-0.002604836700482868,0.014211822177620546,0.059742888442785996
CMP032,NVIDIA Corporation,NVDA,^GSPC,USD,Nasdaq,SECONDARY_INDIRECT,Technology & Component Supplier,False,2026-03-11,185.60574340820312,6775.7998046875,0.006873706730786022,-0.0008376012017449197,0.007711307932530942,12.00917117703415,0.7718493556781019,2.3443645005899367,2026-02-28,791,ok,0.0019792778556959826,2.1470056939271682,0.41610866229477883,0.00018094330630940127,0.006692763424476621,0.06643565186726262
CMP032,NVIDIA Corporation,NVDA,^GSPC,USD,Nasdaq,SECONDARY_INDIRECT,Technology & Component Supplier,False,2026-03-12,182.72235107421875,6672.6201171875,-0.015535038307747384,-0.015227676506708532,-0.00030736180103885236,11.807073204446882,0.7448682068712158,2.344057138788898,2026-02-28,791,ok,0.0019792778556959826,2.1470056939271682,0.41610866229477883,-0.030714630309488206,0.015179592001740821,0.08161524386900344
CMP032,NVIDIA Corporation,NVDA,^GSPC,USD,Nasdaq,SECONDARY_INDIRECT,Technology & Component Supplier,False,2026-03-13,179.83892822265625,6632.18994140625,-0.015780351087926303,-0.006059115470564369,-0.009721235617361934,11.604973092871937,0.7342958489248665,2.334335903171536,2026-02-28,791,ok,0.0019792778556959826,2.1470056939271682,0.41610866229477883,-0.01102967755976791,-0.004750673528158392,0.07686457034084505
CMP032,NVIDIA Corporation,NVDA,^GSPC,USD,Nasdaq,SECONDARY_INDIRECT,Technology & Component Supplier,False,2026-03-16,182.8021697998047,6699.3798828125,0.01647719771483347,0.010130883162251969,0.0063463145525815,11.812667726713343,0.751865797539103,2.3406822177241176,2026-02-28,791,ok,0.0019792778556959826,2.1470056939271682,0.41610866229477883,0.023730341689561833,-0.007253143974728364,0.0696114263661167
CMP032,NVIDIA Corporation,NVDA,^GSPC,USD,Nasdaq,SECONDARY_INDIRECT,Technology & Component Supplier,False,2026-03-17,181.5150909423828,6716.08984375,-0.007040829213523114,0.0024942548757938,-0.009535084089316914,11.722455921479934,0.7562353973463514,2.3311471336348006,2026-02-28,791,ok,0.0019792778556959826,2.1470056939271682,0.41610866229477883,0.0073344572761308725,-0.014375286489653987,0.05523613987646271
CMP032,NVIDIA Corporation,NVDA,^GSPC,USD,Nasdaq,SECONDARY_INDIRECT,Technology & Component Supplier,False,2026-03-18,179.98858642578125,6624.7001953125,-0.008409793966310586,-0.013607567880073446,0.00519777391376286,11.61546268843482,0.7323373049635731,2.3363449075485634,2026-02-28,791,ok,0.0019792778556959826,2.1470056939271682,0.41610866229477883,-0.027236247863322148,0.018826453897011562,0.07406259377347427
CMP032,NVIDIA Corporation,NVDA,^GSPC,USD,Nasdaq,SECONDARY_INDIRECT,Technology & Component Supplier,False,2026-03-19,178.1527862548828,6606.490234375,-0.01019953657814543,-0.002748797741878972,-0.007450738836266457,11.4867908152939,0.7275754600915165,2.328894168712297,2026-02-28,791,ok,0.0019792778556959826,2.1470056939271682,0.41610866229477883,-0.003922406547572313,-0.006277130030573117,0.06778546374290115
CMP032,NVIDIA Corporation,NVDA,^GSPC,USD,Nasdaq,SECONDARY_INDIRECT,Technology & Component Supplier,False,2026-03-20,172.30613708496094,6506.47998046875,-0.03281817417975763,-0.015138182356779217,-0.017679991822978414,11.076997139371386,0.7014231077415545,2.311214176889319,2026-02-28,791,ok,0.0019792778556959826,2.1470056939271682,0.41610866229477883,-0.030522485860016796,-0.002295688319740835,0.06548977542316031
CMP032,NVIDIA Corporation,NVDA,^GSPC,USD,Nasdaq,SECONDARY_INDIRECT,Technology & Component Supplier,False,2026-03-23,175.23944091796875,6581.0,0.017023791970691482,0.011453200463990454,0.005570591506701028,11.28259342630268,0.7209098476685842,2.31678476839602,2026-02-28,791,ok,0.0019792778556959826,2.1470056939271682,0.41610866229477883,0.026569364465572773,-0.009545572494881291,0.05594420292827902
CMP032,NVIDIA Corporation,NVDA,^GSPC,USD,Nasdaq,SECONDARY_INDIRECT,Technology & Component Supplier,False,2026-03-24,174.80044555664062,6556.3701171875,-0.0025051173356209766,-0.0037425745042546366,0.00123745716863366,11.251824088584065,0.7144692143485791,2.3180222255646536,2026-02-28,791,ok,0.0019792778556959826,2.1470056939271682,0.41610866229477883,-0.006056050914885371,0.0035509335792643943,0.059495136507543414
CMP032,NVIDIA Corporation,NVDA,^GSPC,USD,Nasdaq,SECONDARY_INDIRECT,Technology & Component Supplier,False,2026-03-25,178.2725067138672,6591.89990234375,0.019862999468737152,0.005419124381509377,0.014443875087227775,11.495182063946672,0.7237601362694028,2.3324661006518816,2026-02-28,791,ok,0.0019792778556959826,2.1470056939271682,0.41610866229477883,0.013614168758896159,0.006248830709840994,0.0657439672173844
CMP032,NVIDIA Corporation,NVDA,^GSPC,USD,Nasdaq,SECONDARY_INDIRECT,Technology & Component Supplier,False,2026-03-26,170.8494873046875,6477.16015625,-0.04163861015929882,-0.017406172392416708,-0.02423243776688211,10.974900049116533,0.693756070174322,2.3082336628849998,2026-02-28,791,ok,0.0019792778556959826,2.1470056939271682,0.41610866229477883,-0.03539187338030057,-0.006246736778998244,0.05949723043838616
CMP032,NVIDIA Corporation,NVDA,^GSPC,USD,Nasdaq,SECONDARY_INDIRECT,Technology & Component Supplier,False,2026-03-27,167.13795471191406,6368.85009765625,-0.021723990228629808,-0.01672184352107431,-0.005002146707555499,10.714757437460706,0.6654333462059971,2.303231516177444,2026-02-28,791,ok,0.0019792778556959826,2.1470056939271682,0.41610866229477883,-0.033922615397009685,0.012198625168379877,0.07169585560676603
CMP032,NVIDIA Corporation,NVDA,^GSPC,USD,Nasdaq,SECONDARY_INDIRECT,Technology & Component Supplier,False,2026-03-30,164.79331970214844,6343.72021484375,-0.014028142284060685,-0.003945748828622642,-0.010082393455438043,10.55042115330475,0.6588619645310558,2.293149122722006,2026-02-28,791,ok,0.0019792778556959826,2.1470056939271682,0.41610866229477883,-0.006492267346163283,-0.007535874937897402,0.06415998066886863
CMP032,NVIDIA Corporation,NVDA,^GSPC,USD,Nasdaq,SECONDARY_INDIRECT,Technology & Component Supplier,False,2026-03-31,174.0022735595703,6528.52001953125,0.055881839591958915,0.02913114047102594,0.026750699120932975,11.195879935413295,0.707186505441852,2.319899821842939,2026-02-28,791,ok,0.0019792778556959826,2.1470056939271682,0.41610866229477883,0.06452400231758085,-0.008642162725621932,0.0555178179432467
CMP032,NVIDIA Corporation,NVDA,^GSPC,USD,Nasdaq,SECONDARY_INDIRECT,Technology & Component Supplier,False,2026-04-01,175.3491973876953,6575.31982421875,0.007740840395765725,0.007168516684867399,0.0005723237108983259,11.29028629547925,0.7194245003902924,2.320472145553837,2026-02-28,791,ok,0.0019792778556959826,2.1470056939271682,0.41610866229477883,0.017370123995118197,-0.009629283599352473,0.04588853434389423
CMP032,NVIDIA Corporation,NVDA,^GSPC,USD,Nasdaq,SECONDARY_INDIRECT,Technology & Component Supplier,False,2026-04-02,176.98544311523438,6582.68994140625,0.009331355671513775,0.0011208758485563575,0.008210479822957417,11.404971328207099,0.721351761786196,2.3286826253767945,2026-02-28,791,ok,0.0019792778556959826,2.1470056939271682,0.41610866229477883,0.004385804684731928,0.004945550986781846,0.05083408533067607
CMP032,NVIDIA Corporation,NVDA,^GSPC,USD,Nasdaq,SECONDARY_INDIRECT,Technology & Component Supplier,False,2026-04-06,177.23487854003906,6611.830078125,0.0014093555967893412,0.0044267825126402816,-0.0030174269158509404,11.422454343976518,0.7289718116633737,2.3256651984609436,2026-02-28,791,ok,0.0019792778556959826,2.1470056939271682,0.41610866229477883,0.011483605116111883,-0.010074249519322542,0.04075983581135353
CMP032,NVIDIA Corporation,NVDA,^GSPC,USD,Nasdaq,SECONDARY_INDIRECT,Technology & Component Supplier,False,2026-04-07,177.69383239746094,6616.85009765625,0.0025895233556876285,0.0007592481161695641,0.0018302752395180644,11.45462257963521,0.7302845302542893,2.327495473700462,2026-02-28,791,ok,0.0019792778556959826,2.1470056939271682,0.41610866229477883,0.003609387884215513,-0.0010198645285278843,0.039739971282825644
CMP032,NVIDIA Corporation,NVDA,^GSPC,USD,Nasdaq,SECONDARY_INDIRECT,Technology & Component Supplier,False,2026-04-08,181.66476440429688,6782.81005859375,0.02234704465123949,0.025081414644149813,-0.002734369992910324,11.732946586536654,0.773682514009955,2.3247611037075515,2026-02-28,791,ok,0.0019792778556959826,2.1470056939271682,0.41610866229477883,0.05582921790843389,-0.0334821732571944,0.006257798025631242
CMP032,NVIDIA Corporation,NVDA,^GSPC,USD,Nasdaq,SECONDARY_INDIRECT,Technology & Component Supplier,False,2026-04-09,183.49058532714844,6824.66015625,0.010050495641456214,0.006170023529293189,0.003880472112163025,11.860919010707535,0.7846261768548923,2.3286415758197148,2026-02-28,791,ok,0.0019792778556959826,2.1470056939271682,0.41610866229477883,0.015226353504753062,-0.005175857863296848,0.0010819401623343942
CMP032,NVIDIA Corporation,NVDA,^GSPC,USD,Nasdaq,SECONDARY_INDIRECT,Technology & Component Supplier,False,2026-04-10,188.1998291015625,6816.89013671875,0.025664770571296014,-0.0011385210916523558,0.02680329166294837,12.190991546453363,0.7825943423118282,2.355444867482663,2026-02-28,791,ok,0.0019792778556959826,2.1470056939271682,0.41610866229477883,-0.0004651334107378005,0.026129903982033815,0.02721184414436821
CMP032,NVIDIA Corporation,NVDA,^GSPC,USD,Nasdaq,SECONDARY_INDIRECT,Technology & Component Supplier,False,2026-04-13,188.87826538085935,6886.240234375,0.0036048719201053903,0.010173274948748201,-0.006568403028642811,12.23854338147752,0.8007291646782495,2.34887646445402,2026-02-28,791,ok,0.0019792778556959826,2.1470056939271682,0.41610866229477883,0.02382135709654499,-0.0202164851764396,0.006995358967928612
CMP032,NVIDIA Corporation,NVDA,^GSPC,USD,Nasdaq,SECONDARY_INDIRECT,Technology & Component Supplier,False,2026-04-14,196.0618438720703,6967.3798828125,0.03803284870668322,0.011782866364792755,0.026249982341890465,12.742042899002117,0.8219469157848383,2.3751264467959103,2026-02-28,791,ok,0.0019792778556959826,2.1470056939271682,0.41610866229477883,0.02727715903168894,0.010755689674994282,0.017751048642922894
CMP032,NVIDIA Corporation,NVDA,^GSPC,USD,Nasdaq,SECONDARY_INDIRECT,Technology & Component Supplier,False,2026-04-15,198.41647338867188,7022.9501953125,0.012009626504063453,0.007975783355387733,0.00403384314867572,12.90707970162195,0.836478369670155,2.3791602899445863,2026-02-28,791,ok,0.0019792778556959826,2.1470056939271682,0.41610866229477883,0.01910333013324298,-0.007093703629179528,0.010657345013743366
CMP032,NVIDIA Corporation,NVDA,^GSPC,USD,Nasdaq,SECONDARY_INDIRECT,Technology & Component Supplier,False,2026-04-16,197.8976593017578,7041.27978515625,-0.0026147732496876186,0.0026099558353673835,-0.005224729085055002,12.870715841636875,0.8412714971076016,2.373935560859531,2026-02-28,791,ok,0.0019792778556959826,2.1470056939271682,0.41610866229477883,0.007582867895128194,-0.010197641144815812,0.0004597038689275537
CMP032,NVIDIA Corporation,NVDA,^GSPC,USD,Nasdaq,SECONDARY_INDIRECT,Technology & Component Supplier,False,2026-04-17,201.2200469970703,7126.06005859375,0.01678841329925218,0.012040463669150903,0.004747949630101278,13.10358315194276,0.8634412596735688,2.3786835104896324,2026-02-28,791,ok,0.0019792778556959826,2.1470056939271682,0.41610866229477883,0.027830221910886174,-0.011041808611633994,-0.01058210474270644
CMP032,NVIDIA Corporation,NVDA,^GSPC,USD,Nasdaq,SECONDARY_INDIRECT,Technology & Component Supplier,False,2026-04-20,201.59918212890625,7109.14013671875,0.00188418170800575,-0.002374372617670484,0.004258554325676234,13.130156865334987,0.8590167557719623,2.3829420648153086,2026-02-28,791,ok,0.0019792778556959826,2.1470056939271682,0.41610866229477883,-0.0031185136739473015,0.005002695381953051,-0.0055794093607533886
CMP032,NVIDIA Corporation,NVDA,^GSPC,USD,Nasdaq,SECONDARY_INDIRECT,Technology & Component Supplier,False,2026-04-21,199.42417907714844,7064.009765625,-0.010788749382758311,-0.006348217959672997,-0.004440531423085314,12.977710144175827,0.8472153122156378,2.3785015333922233,2026-02-28,791,ok,0.0019792778556959826,2.1470056939271682,0.41610866229477883,-0.011650382250012652,0.0008616328672543406,-0.004717776493499048
CMP032,NVIDIA Corporation,NVDA,^GSPC,USD,Nasdaq,SECONDARY_INDIRECT,Technology & Component Supplier,False,2026-04-22,202.03819274902344,7137.89990234375,0.013107807107300529,0.010460084168953943,0.002647722938346586,13.160927272547442,0.8665373398595939,2.38114925633057,2026-02-28,791,ok,0.0019792778556959826,2.1470056939271682,0.41610866229477883,0.02443713812539753,-0.011329331018097001,-0.016047107511596048
CMP032,NVIDIA Corporation,NVDA,^GSPC,USD,Nasdaq,SECONDARY_INDIRECT,Technology & Component Supplier,False,2026-04-23,199.1847076416016,7108.39990234375,-0.014123493526625008,-0.004132868267081369,-0.00999062525954364,12.96092550788261,0.8588231869183658,2.371158631071026,2026-02-28,791,ok,0.0019792778556959826,2.1470056939271682,0.41610866229477883,-0.006894013845978625,-0.0072294796806463835,-0.02327658719224243
CMP032,NVIDIA Corporation,NVDA,^GSPC,USD,Nasdaq,SECONDARY_INDIRECT,Technology & Component Supplier,False,2026-04-24,207.79502868652344,7165.080078125,0.04322782178848095,0.007973689797975636,0.03525413199050531,13.564425907739617,0.8736448664001373,2.4064127630615313,2026-02-28,791,ok,0.0019792778556959826,2.1470056939271682,0.41610866229477883,0.019098835253558648,0.0241289865349223,0.0008523993426798673
CMP032,NVIDIA Corporation,NVDA,^GSPC,USD,Nasdaq,SECONDARY_INDIRECT,Technology & Component Supplier,False,2026-04-27,216.1160125732422,7173.91015625,0.040044191332756496,0.0012323767534654362,0.03881181457929106,14.147646565440898,0.8759539027777388,2.4452245776408223,2026-02-28,791,ok,0.0019792778556959826,2.1470056939271682,0.41610866229477883,0.004625197762449752,0.03541899357030674,0.03627139291298661
CMP032,NVIDIA Corporation,NVDA,^GSPC,USD,Nasdaq,SECONDARY_INDIRECT,Technology & Component Supplier,False,2026-04-28,212.6838531494141,7138.7998046875,-0.015881097300298075,-0.004894172187521972,-0.010986925112776103,13.907085316464604,0.8667726613616906,2.4342376525280462,2026-02-28,791,ok,0.0019792778556959826,2.1470056939271682,0.41610866229477883,-0.008528537697973676,-0.0073525596023243985,0.02891883331066221
CMP032,NVIDIA Corporation,NVDA,^GSPC,USD,Nasdaq,SECONDARY_INDIRECT,Technology & Component Supplier,False,2026-04-29,208.77279663085935,7135.9501953125,-0.018389061795900274,-0.0003991720531409948,-0.01798988974275928,13.63295800338338,0.8660274978857074,2.4162477627852867,2026-02-28,791,ok,0.0019792778556959826,2.1470056939271682,0.41610866229477883,0.0011222531847456686,-0.01951131498064594,0.009407518330016268
CMP032,NVIDIA Corporation,NVDA,^GSPC,USD,Nasdaq,SECONDARY_INDIRECT,Technology & Component Supplier,False,2026-04-30,199.1148834228516,7209.009765625,-0.04626040060709802,0.010238239941821936,-0.056498640548919954,12.956031504080023,0.885132335147099,2.3597491222363667,2026-02-28,791,ok,0.0019792778556959826,2.1470056939271682,0.41610866229477883,0.02396083730658024,-0.07022123791367826,-0.060813719583661996
CMP032,NVIDIA Corporation,NVDA,^GSPC,USD,Nasdaq,SECONDARY_INDIRECT,Technology & Component Supplier,False,2026-05-01,197.99742126464844,7230.1201171875,-0.005612147816344004,0.002928328889657106,-0.00854047670600111,12.877708192349573,0.8906526226249369,2.351208645530366,2026-02-28,791,ok,0.0019792778556959826,2.1470056939271682,0.41610866229477883,0.008266416655481211,-0.013878564471825216,-0.07469228405548721
CMP032,NVIDIA Corporation,NVDA,^GSPC,USD,Nasdaq,SECONDARY_INDIRECT,Technology & Component Supplier,False,2026-05-04,198.02734375,7200.75,0.00015112563163932613,-0.004062189384334225,0.004213315015973551,12.879805469765849,0.8829724336118463,2.355421960546339,2026-02-28,791,ok,0.0019792778556959826,2.1470056939271682,0.41610866229477883,-0.006742265882280097,0.006893391513919423,-0.06779889254156779
CMP032,NVIDIA Corporation,NVDA,^GSPC,USD,Nasdaq,SECONDARY_INDIRECT,Technology & Component Supplier,False,2026-05-05,196.05186462402344,7259.22021484375,-0.009975789648880573,0.008120017337603702,-0.018095806986484275,12.741343450032083,0.8982622024190043,2.3373261535598546,2026-02-28,791,ok,0.0019792778556959826,2.1470056939271682,0.41610866229477883,0.01941300131431846,-0.029388790963199032,-0.09718768350476682
CMP032,NVIDIA Corporation,NVDA,^GSPC,USD,Nasdaq,SECONDARY_INDIRECT,Technology & Component Supplier,False,2026-05-06,207.3560333251953,7365.1201171875,0.05765907262779835,0.014588330317794274,0.04307074231000407,13.533656570021003,0.9259546784576764,2.3803968958698585,2026-02-28,791,ok,0.0019792778556959826,2.1470056939271682,0.41610866229477883,0.03330050611289062,0.024358566514907726,-0.0728291169898591
CMP032,NVIDIA Corporation,NVDA,^GSPC,USD,Nasdaq,SECONDARY_INDIRECT,Technology & Component Supplier,False,2026-05-07,211.0176696777344,7337.10986328125,0.017658692123978748,-0.003803095327784889,0.021461787451763636,13.790301936826646,0.9186300892185086,2.4018586833216222,2026-02-28,791,ok,0.0019792778556959826,2.1470056939271682,0.41610866229477883,-0.0061859894676059846,0.023844681591584732,-0.048984435398274365
CMP032,NVIDIA Corporation,NVDA,^GSPC,USD,Nasdaq,SECONDARY_INDIRECT,Technology & Component Supplier,False,2026-05-08,214.709228515625,7398.93017578125,0.017494074517685254,0.008425703533400997,0.009068370984284257,14.049044581048555,0.9347958975405264,2.4109270543059065,2026-02-28,791,ok,0.0019792778556959826,2.1470056939271682,0.41610866229477883,0.020069311317250184,-0.0025752367995649297,-0.051559672197839294
CMP032,NVIDIA Corporation,NVDA,^GSPC,USD,Nasdaq,SECONDARY_INDIRECT,Technology & Component Supplier,False,2026-05-11,218.93955993652344,7412.83984375,0.019702606404692125,0.0018799566475542484,0.017822649757137876,14.34554998319562,0.9384332299497684,2.428749704063044,2026-02-28,791,ok,0.0019792778556959826,2.1470056939271682,0.41610866229477883,0.006015555482331184,0.01368705092236094,-0.03787262127547836
CMP032,NVIDIA Corporation,NVDA,^GSPC,USD,Nasdaq,SECONDARY_INDIRECT,Technology & Component Supplier,False,2026-05-12,220.2765045166016,7400.9599609375,0.00610645504387497,-0.0016026088601545085,0.007709063904029478,14.439256894291539,0.935326679680633,2.4364587679670735,2026-02-28,791,ok,0.0019792778556959826,2.1470056939271682,0.41610866229477883,-0.0014615324921938761,0.0075679875360688455,-0.03030463373940951
CMP032,NVIDIA Corporation,NVDA,^GSPC,USD,Nasdaq,SECONDARY_INDIRECT,Technology & Component Supplier,False,2026-05-13,225.3149871826172,7444.25,0.02287344570440042,0.005849246488426552,0.017024199215973868,14.792405898579407,0.946646882465713,2.4534829671830476,2026-02-28,791,ok,0.0019792778556959826,2.1470056939271682,0.41610866229477883,0.014537643371531283,0.008335802332869137,-0.021968831406540372
CMP032,NVIDIA Corporation,NVDA,^GSPC,USD,Nasdaq,SECONDARY_INDIRECT,Technology & Component Supplier,False,2026-05-14,235.202392578125,7501.240234375,0.043882590852662995,0.007655604577358366,0.03622698627530463,15.485417585205948,0.9615496412496181,2.489709953458352,2026-02-28,791,ok,0.0019792778556959826,2.1470056939271682,0.41610866229477883,0.018415904473739288,0.025466686378923707,0.003497854972383335
CMP032,NVIDIA Corporation,NVDA,^GSPC,USD,Nasdaq,SECONDARY_INDIRECT,Technology & Component Supplier,False,2026-05-15,224.80616760253903,7408.5,-0.04420118716323329,-0.012363320128051747,-0.031837867035181544,14.756742557058201,0.9372983750877839,2.457872086423171,2026-02-28,791,ok,0.0019792778556959826,2.1470056939271682,0.41610866229477883,-0.024564840855075487,-0.019636346308157804,-0.01613849133577447
CMP032,NVIDIA Corporation,NVDA,^GSPC,USD,Nasdaq,SECONDARY_INDIRECT,Technology & Component Supplier,False,2026-05-18,221.81300354003903,7403.0498046875,-0.013314421461033787,-0.0007356678561787344,-0.012578753604855053,14.546950645800521,0.9358731669454046,2.445293332818316,2026-02-28,791,ok,0.0019792778556959826,2.1470056939271682,0.41610866229477883,0.0003997947796410468,-0.013714216240674834,-0.029852707576449304
CMP032,NVIDIA Corporation,NVDA,^GSPC,USD,Nasdaq,SECONDARY_INDIRECT,Technology & Component Supplier,False,2026-05-19,220.1068878173828,7353.60986328125,-0.007691684867105919,-0.006678320788135905,-0.0010133640789700138,14.427368400788575,0.9229447849313985,2.444279968739346,2026-02-28,791,ok,0.0019792778556959826,2.1470056939271682,0.41610866229477883,-0.012359114902303979,0.00466743003519806,-0.025185277541251244
CMP032,NVIDIA Corporation,NVDA,^GSPC,USD,Nasdaq,SECONDARY_INDIRECT,Technology & Component Supplier,False,2026-05-20,222.9603729248047,7432.97021484375,0.012964088201498525,0.010792026370445518,0.002172061831053007,14.62737016545341,0.9436972557592889,2.446452030570399,2026-02-28,791,ok,0.0019792778556959826,2.1470056939271682,0.41610866229477883,0.02514981992205466,-0.012185731720556134,-0.03737100926180738
CMP032,NVIDIA Corporation,NVDA,^GSPC,USD,Nasdaq,SECONDARY_INDIRECT,Technology & Component Supplier,False,2026-05-21,219.0093994140625,7445.72021484375,-0.017720518937572316,0.0017153304306989359,-0.019435849368271252,14.35044505649204,0.9470313388101588,2.4270161812021276,2026-02-28,791,ok,0.0019792778556959826,2.1470056939271682,0.41610866229477883,0.00566210205737314,-0.023382620994945456,-0.06075363025675283
CMP032,NVIDIA Corporation,NVDA,^GSPC,USD,Nasdaq,SECONDARY_INDIRECT,Technology & Component Supplier,False,2026-05-22,214.83892822265625,7473.47021484375,-0.019042430153974776,0.0037269732409066503,-0.022769403394881427,14.058135278671363,0.9542878725091108,2.4042467778072463,2026-02-28,791,ok,0.0019792778556959826,2.1470056939271682,0.41610866229477883,0.009981110625036753,-0.02902354077901153,-0.08977717103576435
CMP032,NVIDIA Corporation,NVDA,^GSPC,USD,Nasdaq,SECONDARY_INDIRECT,Technology & Component Supplier,False,2026-05-26,214.37001037597656,7519.1201171875,-0.0021826484173934624,0.006108260424063872,-0.008290908841457334,14.025268663536474,0.9662251717779862,2.395955868965789,2026-02-28,791,ok,0.0019792778556959826,2.1470056939271682,0.41610866229477883,0.015093747766151093,-0.017276396183544554,-0.1070535672193089
CMP032,NVIDIA Corporation,NVDA,^GSPC,USD,Nasdaq,SECONDARY_INDIRECT,Technology & Component Supplier,False,2026-05-27,212.1151580810547,7520.35986328125,-0.010518506254522997,0.00016487914469087706,-0.010683385399213874,13.867225281123178,0.9665493613025786,2.385272483566575,2026-02-28,791,ok,0.0019792778556959826,2.1470056939271682,0.41610866229477883,0.002333274318157137,-0.012851780572680134,-0.11990534779198904
CMP032,NVIDIA Corporation,NVDA,^GSPC,USD,Nasdaq,SECONDARY_INDIRECT,Technology & Component Supplier,False,2026-05-28,213.76138305664065,7563.6298828125,0.007760996387428776,0.005753716619668614,0.0020072797677601617,13.982609762821065,0.977864329046104,2.387279763334335,2026-02-28,791,ok,0.0019792778556959826,2.1470056939271682,0.41610866229477883,0.014332540199367876,-0.0065715438119391,-0.12647689160392814
CMP032,NVIDIA Corporation,NVDA,^GSPC,USD,Nasdaq,SECONDARY_INDIRECT,Technology & Component Supplier,False,2026-05-29,210.6584930419922,7580.06005859375,-0.014515671494445215,0.002172260678511728,-0.016687932172956943,13.765127121374487,0.9821607659555218,2.370591831161378,2026-02-28,791,ok,0.0019792778556959826,2.1470056939271682,0.41610866229477883,0.006643133901154757,-0.021158805395599972,-0.1476356969995281
CMP032,NVIDIA Corporation,NVDA,^GSPC,USD,Nasdaq,SECONDARY_INDIRECT,Technology & Component Supplier,False,2026-06-01,223.8483428955078,7599.9599609375,0.06261247606516585,0.0026252961308912415,0.059987179934274604,14.689608289860677,0.9873645249451892,2.4305790110956527,2026-02-28,791,ok,0.0019792778556959826,2.1470056939271682,0.41610866229477883,0.007615803596964442,0.054996672468201405,-0.0926390245313267
CMP032,NVIDIA Corporation,NVDA,^GSPC,USD,Nasdaq,SECONDARY_INDIRECT,Technology & Component Supplier,False,2026-06-02,222.3118438720703,7609.77978515625,-0.006864017859425142,0.0012920889411551784,-0.00815610680058032,14.58191453835169,0.9899323766699151,2.4224229042950722,2026-02-28,791,ok,0.0019792778556959826,2.1470056939271682,0.41610866229477883,0.004753400169416476,-0.011617418028841617,-0.10425644256016832
CMP032,NVIDIA Corporation,NVDA,^GSPC,USD,Nasdaq,SECONDARY_INDIRECT,Technology & Component Supplier,False,2026-06-03,214.26025390625,7553.68017578125,-0.0362175484022057,-0.007372041104846239,-0.028845507297359463,14.017575794359905,0.97526251339324,2.3935773969977125,2026-02-28,791,ok,0.0019792778556959826,2.1470056939271682,0.41610866229477883,-0.013848536372274024,-0.022369012029931676,-0.1266254545901
CMP032,NVIDIA Corporation,NVDA,^GSPC,USD,Nasdaq,SECONDARY_INDIRECT,Technology & Component Supplier,False,2026-06-04,218.4156036376953,7584.31005859375,0.019393936372648524,0.004054961568363158,0.015338974804285366,14.308825703787148,0.983272126972478,2.4089163718019977,2026-02-28,791,ok,0.0019792778556959826,2.1470056939271682,0.41610866229477883,0.010685303431627522,0.008708632941021002,-0.11791682164907899
CMP032,NVIDIA Corporation,NVDA,^GSPC,USD,Nasdaq,SECONDARY_INDIRECT,Technology & Component Supplier,False,2026-06-05,204.87075805664065,7383.740234375,-0.06201409311178452,-0.026445361894386843,-0.035568731217397676,13.359462761160412,0.9308237778396404,2.3733476405846,2026-02-28,791,ok,0.0019792778556959826,2.1470056939271682,0.41610866229477883,-0.054799064709517134,-0.007215028402267384,-0.12513185005134636
CMP032,NVIDIA Corporation,NVDA,^GSPC,USD,Nasdaq,SECONDARY_INDIRECT,Technology & Component Supplier,False,2026-06-08,208.40679931640625,7405.72998046875,0.017259863209897475,0.0029781310549599205,0.014281732154937554,13.607305124185658,0.9365740240940796,2.3876293727395375,2026-02-28,791,ok,0.0019792778556959826,2.1470056939271682,0.41610866229477883,0.008373342187956257,0.008886521021941218,-0.11624532902940514
CMP032,NVIDIA Corporation,NVDA,^GSPC,USD,Nasdaq,SECONDARY_INDIRECT,Technology & Component Supplier,False,2026-06-09,207.95730590820312,7386.64990234375,-0.0021568077897530236,-0.0025763939780845124,0.00041958618833148886,13.575799974706515,0.9315846464402888,2.388048958927869,2026-02-28,791,ok,0.0019792778556959826,2.1470056939271682,0.41610866229477883,-0.0035522546850511334,0.0013954468952981098,-0.11484988213410703
CMP032,NVIDIA Corporation,NVDA,^GSPC,USD,Nasdaq,SECONDARY_INDIRECT,Technology & Component Supplier,False,2026-06-10,200.19598388671875,7266.990234375,-0.03732170883628583,-0.016199450298948426,-0.0211222585373374,13.031806211994576,0.9002940369620676,2.3669267003905317,2026-02-28,791,ok,0.0019792778556959826,2.1470056939271682,0.41610866229477883,-0.03280103417463646,-0.0045206746616493695,-0.1193705567957564
CMP032,NVIDIA Corporation,NVDA,^GSPC,USD,Nasdaq,SECONDARY_INDIRECT,Technology & Component Supplier,False,2026-06-11,204.64100646972656,7394.2998046875,0.022203355415576276,0.017518885564244746,0.00468446985133153,13.343359392441982,0.9335850707340227,2.371611170241863,2026-02-28,791,ok,0.0019792778556959826,2.1470056939271682,0.41610866229477883,0.03959242491338792,-0.017389069497811646,-0.13675962629356803
CMP032,NVIDIA Corporation,NVDA,^GSPC,USD,Nasdaq,SECONDARY_INDIRECT,Technology & Component Supplier,False,2026-06-12,204.96066284179688,7431.4599609375,0.001562034792462752,0.0050255138730570525,-0.0034634790805943005,13.365764218853775,0.9433023293317326,2.3681476911612687,2026-02-28,791,ok,0.0019792778556959826,2.1470056939271682,0.41610866229477883,0.012769084756059451,-0.0112070499635967,-0.14796667625716473
CMP032,NVIDIA Corporation,NVDA,^GSPC,USD,Nasdaq,SECONDARY_INDIRECT,Technology & Component Supplier,False,2026-06-15,212.2125396728516,7554.2900390625,0.035381798294886524,0.016528391294663436,0.018853407000223088,13.874050790797156,0.9754219906347583,2.387001098161492,2026-02-28,791,ok,0.0019792778556959826,2.1470056939271682,0.41610866229477883,0.03746582807679462,-0.002084029781908095,-0.15005070603907283
CMP032,NVIDIA Corporation,NVDA,^GSPC,USD,Nasdaq,SECONDARY_INDIRECT,Technology & Component Supplier,False,2026-06-16,207.1781768798828,7511.35009765625,-0.02372321070531358,-0.005684179609759754,-0.018039031095553826,13.521190549845539,0.9641933372349212,2.3689620670659384,2026-02-28,791,ok,0.0019792778556959826,2.1470056939271682,0.41610866229477883,-0.01022468813176292,-0.01349852257355066,-0.1635492286126235
CMP032,NVIDIA Corporation,NVDA,^GSPC,USD,Nasdaq,SECONDARY_INDIRECT,Technology & Component Supplier,False,2026-06-17,204.42124938964844,7420.10009765625,-0.013307036154839746,-0.012148282108228825,-0.0011587540466109214,13.327956542187426,0.9403317624590879,2.3678033130193272,2026-02-28,791,ok,0.0019792778556959826,2.1470056939271682,0.41610866229477883,-0.024103153002104846,0.0107961168472651,-0.15275311176535838
CMP032,NVIDIA Corporation,NVDA,^GSPC,USD,Nasdaq,SECONDARY_INDIRECT,Technology & Component Supplier,False,2026-06-18,210.4545135498047,7500.580078125,0.02951387968799768,0.010846212235623431,0.018667667452374248,13.750830127748404,0.9613770125622405,2.3864709804717013,2026-02-28,791,ok,0.0019792778556959826,2.1470056939271682,0.41610866229477883,0.02526615728312201,0.00424772240487567,-0.14850538936048271
CMP032,NVIDIA Corporation,NVDA,^GSPC,USD,Nasdaq,SECONDARY_INDIRECT,Technology & Component Supplier,False,2026-06-22,208.41677856445312,7472.7900390625,-0.009682543514892727,-0.003705051979052687,-0.0059774915358400404,13.60800457315569,0.9541100087801784,2.380493488935861,2026-02-28,791,ok,0.0019792778556959826,2.1470056939271682,0.41610866229477883,-0.00597548983962626,-0.003707053675266468,-0.15221244303574918
CMP032,NVIDIA Corporation,NVDA,^GSPC,USD,Nasdaq,SECONDARY_INDIRECT,Technology & Component Supplier,False,2026-06-23,199.81640625,7365.4599609375,-0.041265258841880814,-0.014362785193208105,-0.02690247364867271,13.005201483281041,0.9260435464801706,2.353591015287188,2026-02-28,791,ok,0.0019792778556959826,2.1470056939271682,0.41610866229477883,-0.028857703734774642,-0.012407555107106172,-0.16461999814285536
CMP032,NVIDIA Corporation,NVDA,^GSPC,USD,Nasdaq,SECONDARY_INDIRECT,Technology & Component Supplier,False,2026-06-24,198.77757263183597,7358.22021484375,-0.0051989405557835155,-0.0009829319733113406,-0.004216008582472175,12.932389273297693,0.9241503766963453,2.349375006704716,2026-02-28,791,ok,0.0019792778556959826,2.1470056939271682,0.41610866229477883,-0.00013108268774653315,-0.005067857868036983,-0.16968785601089234
CMP032,NVIDIA Corporation,NVDA,^GSPC,USD,Nasdaq,SECONDARY_INDIRECT,Technology & Component Supplier,False,2026-06-25,195.52122497558597,7357.490234375,-0.016381866490950747,-9.92061187945481e-05,-0.0162826603721562,12.704150732322576,0.9239594892054961,2.3330923463325597,2026-02-28,791,ok,0.0019792778556959826,2.1470056939271682,0.41610866229477883,0.0017662817537716729,-0.01814814824472242,-0.18783600425561475
CMP032,NVIDIA Corporation,NVDA,^GSPC,USD,Nasdaq,SECONDARY_INDIRECT,Technology & Component Supplier,False,2026-06-26,192.31480407714844,7354.02001953125,-0.01639934947644639,-0.00047165741757115853,-0.01592769205887523,12.479411575185319,0.923052039441306,2.3171646542736846,2026-02-28,791,ok,0.0019792778556959826,2.1470056939271682,0.41610866229477883,0.0009666266945877213,-0.017365976171034112,-0.20520198042664886
CMP032,NVIDIA Corporation,NVDA,^GSPC,USD,Nasdaq,SECONDARY_INDIRECT,Technology & Component Supplier,False,2026-06-29,194.7520751953125,7440.43017578125,0.012673341139074923,0.011750057250389023,0.0009232838886858996,12.650240756431637,0.9456480110002188,2.3180879381623702,2026-02-28,791,ok,0.0019792778556959826,2.1470056939271682,0.41610866229477883,0.02720671767625142,-0.014533376537176498,-0.21973535696382535
CMP032,NVIDIA Corporation,NVDA,^GSPC,USD,Nasdaq,SECONDARY_INDIRECT,Technology & Component Supplier,False,2026-06-30,199.8663482666016,7499.35986328125,0.02626042914387483,0.007920198981480553,0.018340230162394278,13.008701936612743,0.9610579303952624,2.3364281683247645,2026-02-28,791,ok,0.0019792778556959826,2.1470056939271682,0.41610866229477883,0.01898399016597089,0.0072764389779039415,-0.2124589179859214
CMP032,NVIDIA Corporation,NVDA,^GSPC,USD,Nasdaq,SECONDARY_INDIRECT,Technology & Component Supplier,False,2026-07-01,197.35916137695312,7483.22998046875,-0.012544317296997565,-0.0021508346187620875,-0.010393482678235477,12.832972334600809,0.9568400191091704,2.326034685646529,2026-02-28,791,ok,0.0019792778556959826,2.1470056939271682,0.41610866229477883,-0.002638576317481889,-0.009905740979515677,-0.22236465896543708
CMP032,NVIDIA Corporation,NVDA,^GSPC,USD,Nasdaq,SECONDARY_INDIRECT,Technology & Component Supplier,False,2026-07-02,194.61224365234372,7483.240234375,-0.01391836946126268,1.3702513856905796e-06,-0.013919739712648371,12.64043991490041,0.9568427004719182,2.3121149459338803,2026-02-28,791,ok,0.0019792778556959826,2.1470056939271682,0.41610866229477883,0.001982219793223172,-0.015900589254485852,-0.23826524821992293
CMP032,NVIDIA Corporation,NVDA,^GSPC,USD,Nasdaq,SECONDARY_INDIRECT,Technology & Component Supplier,False,2026-07-06,195.33143615722656,7537.43017578125,0.003695515201847188,0.00724150765029874,-0.0035459924484515515,12.690848367965808,0.9710131918578169,2.3085689534854286,2026-02-28,791,ok,0.0019792778556959826,2.1470056939271682,0.41610866229477883,0.017526836013504528,-0.01383132081165734,-0.2520965690315803
CMP032,NVIDIA Corporation,NVDA,^GSPC,USD,Nasdaq,SECONDARY_INDIRECT,Technology & Component Supplier,False,2026-07-07,196.7098846435547,7503.85009765625,0.007056972054506172,-0.0044551096782159405,0.011512081732722113,12.787464302301023,0.9622321119108799,2.3200810352181507,2026-02-28,791,ok,0.0019792778556959826,2.1470056939271682,0.41610866229477883,-0.007585867990503675,0.014642840045009847,-0.23745372898657044
CMP032,NVIDIA Corporation,NVDA,^GSPC,USD,Nasdaq,SECONDARY_INDIRECT,Technology & Component Supplier,False,2026-07-08,203.891845703125,7482.7099609375,0.03651042281166639,-0.002817238676629863,0.03932766148829625,13.290850453478791,0.9567040357126795,2.359408696706447,2026-02-28,791,ok,0.0019792778556959826,2.1470056939271682,0.41610866229477883,-0.004069349624180174,0.04057977243584656,-0.19687395655072387
CMP032,NVIDIA Corporation,NVDA,^GSPC,USD,Nasdaq,SECONDARY_INDIRECT,Technology & Component Supplier,False,2026-07-09,202.5533447265625,7543.64013671875,-0.006564759723208469,0.008142795337428232,-0.014707555060636701,13.197034454011398,0.9726370762114076,2.3447011416458103,2026-02-28,791,ok,0.0019792778556959826,2.1470056939271682,0.41610866229477883,0.019461905809637997,-0.026026665532846466,-0.22290062208357034
CMP032,NVIDIA Corporation,NVDA,^GSPC,USD,Nasdaq,SECONDARY_INDIRECT,Technology & Component Supplier,False,2026-07-10,210.7242126464844,7575.39013671875,0.040339338414540515,0.004208843399813977,0.03613049501472654,13.769733431334656,0.9809395967498484,2.380831636660537,2026-02-28,791,ok,0.0019792778556959826,2.1470056939271682,0.41610866229477883,0.011015688599944373,0.02932364981459614,-0.1935769722689742
CMP032,NVIDIA Corporation,NVDA,^GSPC,USD,Nasdaq,SECONDARY_INDIRECT,Technology & Component Supplier,False,2026-07-13,203.3025054931641,7515.33984375,-0.035220001821865354,-0.007927023147980106,-0.02729297867388525,13.249543392974584,0.9652366427116621,2.3535386579866517,2026-02-28,791,ok,0.0019792778556959826,2.1470056939271682,0.41610866229477883,-0.015040085978909769,-0.020179915842955587,-0.21375688811192978
CMP032,NVIDIA Corporation,NVDA,^GSPC,USD,Nasdaq,SECONDARY_INDIRECT,Technology & Component Supplier,False,2026-07-14,211.5632781982422,7543.58984375,0.040632911458909016,0.0037589783811964317,0.036873933077712584,13.828543827991203,0.9726239247655504,2.390412591064364,2026-02-28,791,ok,0.0019792778556959826,2.1470056939271682,0.41610866229477883,0.010049825843473852,0.030583085615435164,-0.18317380249649462
CMP032,NVIDIA Corporation,NVDA,^GSPC,USD,Nasdaq,SECONDARY_INDIRECT,Technology & Component Supplier,False,2026-07-15,212.26248168945312,7572.39990234375,0.00330493787563535,0.003819144358387927,-0.0005142064827525772,13.877551244128849,0.9801576602990398,2.3898983845816115,2026-02-28,791,ok,0.0019792778556959826,2.1470056939271682,0.41610866229477883,0.010179002539084683,-0.006874064663449333,-0.19004786715994396
CMP032,NVIDIA Corporation,NVDA,^GSPC,USD,Nasdaq,SECONDARY_INDIRECT,Technology & Component Supplier,False,2026-07-16,207.16818237304688,7533.77001953125,-0.023999998849817294,-0.005101405539945647,-0.018898593309871647,13.520490031381659,0.9700560730408245,2.37099979127174,2026-02-28,791,ok,0.0019792778556959826,2.1470056939271682,0.41610866229477883,-0.008973468885598922,-0.015026529964218372,-0.20507439712416234
CMP032,NVIDIA Corporation,NVDA,^GSPC,USD,Nasdaq,SECONDARY_INDIRECT,Technology & Component Supplier,False,2026-07-17,202.58331298828125,7457.68994140625,-0.0221311464542836,-0.010098540030789804,-0.012032606423493797,13.199134939909186,0.9501613829243212,2.3589671848482463,2026-02-28,791,ok,0.0019792778556959826,2.1470056939271682,0.41610866229477883,-0.019702345090761166,-0.0024288013635224356,-0.20750319848768478
CMP032,NVIDIA Corporation,NVDA,^GSPC,USD,Nasdaq,SECONDARY_INDIRECT,Technology & Component Supplier,False,2026-07-20,203.05279541015625,7443.27978515625,0.002317478251045113,-0.0019322546744660052,0.004249732925511118,13.23204112631608,0.9463931744762026,2.3632169177737574,2026-02-28,791,ok,0.0019792778556959826,2.1470056939271682,0.41610866229477883,-0.0021692839324999177,0.004486762183545031,-0.20301643630413976
CMP032,NVIDIA Corporation,NVDA,^GSPC,USD,Nasdaq,SECONDARY_INDIRECT,Technology & Component Supplier,False,2026-07-21,207.0583038330078,7509.2001953125,0.019726438214064723,0.008856366018608064,0.01087007219545666,13.512788606254382,0.9636311448454844,2.3740869899692143,2026-02-28,791,ok,0.0019792778556959826,2.1470056939271682,0.41610866229477883,0.020993946125150584,-0.0012675079110858606,-0.2042839442152256
CMP032,NVIDIA Corporation,NVDA,^GSPC,USD,Nasdaq,SECONDARY_INDIRECT,Technology & Component Supplier,False,2026-07-22,211.82298278808597,7498.9599609375,0.023011291345846452,-0.0013636917526039793,0.02437498309845043,13.846746613113583,0.9609533572481024,2.398461973067665,2026-02-28,791,ok,0.0019792778556959826,2.1470056939271682,0.41610866229477883,-0.0009485761019062803,0.023959867447752733,-0.18032407676747286
CMP032,NVIDIA Corporation,NVDA,^GSPC,USD,Nasdaq,SECONDARY_INDIRECT,Technology & Component Supplier,False,2026-07-23,208.5266571044922,7408.2998046875,-0.015561699869421242,-0.012089697334330851,-0.0034720025350903905,13.615705998282962,0.937246024672233,2.3949899705325746,2026-02-28,791,ok,0.0019792778556959826,2.1470056939271682,0.41610866229477883,-0.02397737115896846,0.008415671289547219,-0.17190840547792563
CMP032,NVIDIA Corporation,NVDA,^GSPC,USD,Nasdaq,SECONDARY_INDIRECT,Technology & Component Supplier,False,2026-07-24,206.6088104248047,7411.97998046875,-0.009197129548412897,0.0004967638835191579,-0.009693893431932055,13.481283456775238,0.9382083785307811,2.3852960771006426,2026-02-28,791,ok,0.0019792778556959826,2.1470056939271682,0.41610866229477883,0.0030458327421489873,-0.012242962290561883,-0.1841513677684875
CMP032,NVIDIA Corporation,NVDA,^GSPC,USD,Nasdaq,SECONDARY_INDIRECT,Technology & Component Supplier,False,2026-07-27,196.2903594970703,7413.18017578125,-0.049941969592287916,0.0001619264104413265,-0.05010389600272924,12.758059638719667,0.9385222256562038,2.3351921810979133,2026-02-28,791,ok,0.0019792778556959826,2.1470056939271682,0.41610866229477883,0.002326934780910698,-0.052268904373198616,-0.23642027214168612
CMP032,NVIDIA Corporation,NVDA,^GSPC,USD,Nasdaq,SECONDARY_INDIRECT,Technology & Component Supplier,False,2026-07-28,196.789794921875,7428.77978515625,0.002544370625660486,0.002104307328987254,0.0004400632966732321,12.79306524153051,0.9426014721830569,2.3356322443945867,2026-02-28,791,ok,0.0019792778556959826,2.1470056939271682,0.41610866229477883,0.0064972376728042874,-0.0039528670471438015,-0.2403731391888299
CMP032,NVIDIA Corporation,NVDA,^GSPC,USD,Nasdaq,SECONDARY_INDIRECT,Technology & Component Supplier,False,2026-07-29,189.7976226806641,7316.14990234375,-0.03553117296548214,-0.015161289750108109,-0.02036988321537403,12.30298145470951,0.913149128394303,2.3152623611792125,2026-02-28,791,ok,0.0019792778556959826,2.1470056939271682,0.41610866229477883,-0.030572097565065744,-0.004959075400416395,-0.2453322145892463
CMP032,NVIDIA Corporation,NVDA,^GSPC,USD,Nasdaq,SECONDARY_INDIRECT,Technology & Component Supplier,False,2026-07-30,194.82199096679688,7437.6298828125,0.02647224035353868,0.016604359135647728,0.00986788121789095,12.655141177197248,0.9449157436022133,2.3251302423971034,2026-02-28,791,ok,0.0019792778556959826,2.1470056939271682,0.41610866229477883,0.03762893146394325,-0.01115669111040457,-0.2564889056996509
CMP032,NVIDIA Corporation,NVDA,^GSPC,USD,Nasdaq,SECONDARY_INDIRECT,Technology & Component Supplier,False,2026-07-31,200.52561950683597,7489.72021484375,0.029276102311320384,0.00700361981598796,0.022272482495332424,13.054910487376398,0.9585371940445326,2.3474027248924356,2026-02-28,791,ok,0.0019792778556959826,2.1470056939271682,0.41610866229477883,0.01701608947872328,0.012260012832597103,-0.2442288928670538
CMP032,NVIDIA Corporation,NVDA,^GSPC,USD,Nasdaq,SECONDARY_INDIRECT,Technology & Component Supplier,False,2026-08-03,206.40904235839844,7600.5,0.029340005860756913,0.01479091100582064,0.014549094854936273,13.467281643448436,0.987505743383235,2.3619518197473717,2026-02-28,791,ok,0.0019792778556959826,2.1470056939271682,0.41610866229477883,0.033735448003562915,-0.0043954421428060025,-0.2486243350098598
CMP032,NVIDIA Corporation,NVDA,^GSPC,USD,Nasdaq,SECONDARY_INDIRECT,Technology & Component Supplier,False,2026-08-04,211.7031097412109,7736.52001953125,0.02564842761888375,0.01789619360979544,0.00775223400908831,13.838344669522428,1.0230745309674019,2.36970405375646,2026-02-28,791,ok,0.0019792778556959826,2.1470056939271682,0.41610866229477883,0.040402507435549795,-0.014754079816666044,-0.26337841482652585
CMP032,NVIDIA Corporation,NVDA,^GSPC,USD,Nasdaq,SECONDARY_INDIRECT,Technology & Component Supplier,False,2026-08-05,218.9749755859375,7723.5498046875,0.034349357709557715,-0.0016764921193257454,0.03602584982888346,14.348032278393562,1.0196828624594265,2.4057299035853434,2026-02-28,791,ok,0.0019792778556959826,2.1470056939271682,0.41610866229477883,-0.0016201602703204182,0.035969517979878136,-0.22740889684664772
CMP032,NVIDIA Corporation,NVDA,^GSPC,USD,Nasdaq,SECONDARY_INDIRECT,Technology & Component Supplier,False,2026-08-06,218.7452392578125,7709.9599609375,-0.00104914421161717,-0.0017595333873230423,0.0007103891757058722,14.331929979168972,1.0161291630311249,2.406440292761049,2026-02-28,791,ok,0.0019792778556959826,2.1470056939271682,0.41610866229477883,-0.0017984503455415468,0.0007493061339243767,-0.22665959071272335
CMP032,NVIDIA Corporation,NVDA,^GSPC,USD,Nasdaq,SECONDARY_INDIRECT,Technology & Component Supplier,False,2026-08-07,223.70968627929688,7757.64013671875,0.022695108877927694,0.006184231308959065,0.01651087756896863,14.679889799354976,1.0285973721240476,2.422951170330018,2026-02-28,791,ok,0.0019792778556959826,2.1470056939271682,0.41610866229477883,0.01525685768859376,0.007438251189333934,-0.2192213395233894
CMP032,NVIDIA Corporation,NVDA,^GSPC,USD,Nasdaq,SECONDARY_INDIRECT,Technology & Component Supplier,False,2026-08-10,217.3068389892578,7753.10986328125,-0.028621234049048927,-0.0005839757139619595,-0.028037258335086968,14.231112003544343,1.0274127205253198,2.394913911994931,2026-02-28,791,ok,0.0019792778556959826,2.1470056939271682,0.41610866229477883,0.0007254786727044723,-0.0293467127217534,-0.2485680522451428
CMP032,NVIDIA Corporation,NVDA,^GSPC,USD,Nasdaq,SECONDARY_INDIRECT,Technology & Component Supplier,False,2026-08-11,217.25689697265625,7728.2001953125,-0.00022982257177850407,-0.003212861472107087,0.002983038900328583,14.227611550212641,1.0208989243074842,2.3978969508952597,2026-02-28,791,ok,0.0019792778556959826,2.1470056939271682,0.41610866229477883,-0.004918754018717157,0.004688931446938653,-0.24387912079820415
CMP032,NVIDIA Corporation,NVDA,^GSPC,USD,Nasdaq,SECONDARY_INDIRECT,Technology & Component Supplier,False,2026-08-12,223.8395233154297,7748.5,0.030298814143524755,0.0026267182752088836,0.02767209586831587,14.688990122422325,1.0262072564443128,2.4255690467635755,2026-02-28,791,ok,0.0019792778556959826,2.1470056939271682,0.41610866229477883,0.0076188569489120065,0.02267995719461275,-0.2211991636035914
CMP032,NVIDIA Corporation,NVDA,^GSPC,USD,Nasdaq,SECONDARY_INDIRECT,Technology & Component Supplier,False,2026-08-13,225.04818725585935,7798.990234375,0.0053996895745995754,0.0065161301380911585,-0.001116440563491583,14.773705798822364,1.0394102866140487,2.424452606200084,2026-02-28,791,ok,0.0019792778556959826,2.1470056939271682,0.41610866229477883,0.015969446364548126,-0.01056975678994855,-0.23176892039353997
CMP032,NVIDIA Corporation,NVDA,^GSPC,USD,Nasdaq,SECONDARY_INDIRECT,Technology & Component Supplier,False,2026-08-14,224.9083404541016,7785.759765625,-0.0006214082568848367,-0.0016964335577297485,0.0010750253008449118,14.763903887797303,1.0359505625658572,2.4255276315009286,2026-02-28,791,ok,0.0019792778556959826,2.1470056939271682,0.41610866229477883,-0.0016629746521189107,0.001041566395234074,-0.2307273539983059
CMP032,NVIDIA Corporation,NVDA,^GSPC,USD,Nasdaq,SECONDARY_INDIRECT,Technology & Component Supplier,False,2026-08-17,224.7584991455078,7745.06005859375,-0.0006662327786121081,-0.005227454770816764,0.004561221992204656,14.753401458308362,1.0253077230844254,2.4300888534931335,2026-02-28,791,ok,0.0019792778556959826,2.1470056939271682,0.41610866229477883,-0.00924409730199435,0.008577864523382241,-0.22214948947492366
CMP032,NVIDIA Corporation,NVDA,^GSPC,USD,Nasdaq,SECONDARY_INDIRECT,Technology & Component Supplier,False,2026-08-18,219.4944000244141,7691.759765625,-0.023421134867455007,-0.006881843725615733,-0.016539291141839274,14.38443891813216,1.0113698718378759,2.413549562351294,2026-02-28,791,ok,0.0019792778556959826,2.1470056939271682,0.41610866229477883,-0.012796079807917953,-0.010625055059537054,-0.23277454453446073
CMP032,NVIDIA Corporation,NVDA,^GSPC,USD,Nasdaq,SECONDARY_INDIRECT,Technology & Component Supplier,False,2026-08-19,217.31683349609372,7707.97998046875,-0.00992082954315987,0.002108778138942835,-0.012029607682102705,14.231812522008216,1.0156114046529359,2.401519954669191,2026-02-28,791,ok,0.0019792778556959826,2.1470056939271682,0.41610866229477883,0.006506836527235387,-0.016427666070395256,-0.24920221060485598
CMP032,NVIDIA Corporation,NVDA,^GSPC,USD,Nasdaq,SECONDARY_INDIRECT,Technology & Component Supplier,False,2026-08-20,216.60763549804688,7641.16015625,-0.0032634287304742493,-0.008668915122777232,0.005405486392302983,14.182104587406696,0.9981382404654977,2.406925441061494,2026-02-28,791,ok,0.0019792778556959826,2.1470056939271682,0.41610866229477883,-0.01663293227307807,0.01336950354260382,-0.23583270706225215
CMP032,NVIDIA Corporation,NVDA,^GSPC,USD,Nasdaq,SECONDARY_INDIRECT,Technology & Component Supplier,False,2026-08-21,214.48001098632807,7674.3701171875,-0.009822481589011112,0.004346193543703691,-0.014168675132714803,14.032978644614452,1.0068225359856364,2.3927567659287794,2026-02-28,791,ok,0.0019792778556959826,2.1470056939271682,0.41610866229477883,0.011310580140937304,-0.021133061729948416,-0.25696576879220057
CMP032,NVIDIA Corporation,NVDA,^GSPC,USD,Nasdaq,SECONDARY_INDIRECT,Technology & Component Supplier,False,2026-08-24,208.2469787597656,7652.85986328125,-0.029061133472991996,-0.0028028689752760405,-0.026258264497715955,13.596103245726674,1.0011976753606375,2.3664985014310633,2026-02-28,791,ok,0.0019792778556959826,2.1470056939271682,0.41610866229477883,-0.004038497793553484,-0.025022635679438514,-0.2819884044716391
CMP032,NVIDIA Corporation,NVDA,^GSPC,USD,Nasdaq,SECONDARY_INDIRECT,Technology & Component Supplier,False,2026-08-25,212.81187438964844,7677.27978515625,0.021920585148795357,0.003190953749482306,0.01872963139931305,13.916058369765233,1.0075834045862848,2.3852281328303766,2026-02-28,791,ok,0.0019792778556959826,2.1470056939271682,0.41610866229477883,0.00883027372489274,0.013090311423902618,-0.2688980930477365
CMP032,NVIDIA Corporation,NVDA,^GSPC,USD,Nasdaq,SECONDARY_INDIRECT,Technology & Component Supplier,False,2026-08-26,209.4256591796875,7675.7001953125,-0.01591177757196449,-0.00020574863596922732,-0.015706028935995264,13.67871736673509,1.0071703470391968,2.3695221038943814,2026-02-28,791,ok,0.0019792778556959826,2.1470056939271682,0.41610866229477883,0.0015375343627523034,-0.017449311934716796,-0.28634740498245326
CMP032,NVIDIA Corporation,NVDA,^GSPC,USD,Nasdaq,SECONDARY_INDIRECT,Technology & Component Supplier,False,2026-08-27,227.7251739501953,7730.990234375,0.08737952570943941,0.0072032567265023495,0.08017626898293706,14.961336728263312,1.021628510342743,2.4496983728773185,2026-02-28,791,ok,0.0019792778556959826,2.1470056939271682,0.41610866229477883,0.017444711062315703,0.0699348146471237,-0.21641259033532956
CMP032,NVIDIA Corporation,NVDA,^GSPC,USD,Nasdaq,SECONDARY_INDIRECT,Technology & Component Supplier,False,2026-08-28,217.3068389892578,7711.759765625,-0.04574959711400217,-0.0024874522107780628,-0.04326214490322411,14.23111200354434,1.0165998060353187,2.4064362279740945,2026-02-28,791,ok,0.0019792778556959826,2.1470056939271682,0.41610866229477883,-0.003361296204216241,-0.04238830090978593,-0.2588008912451155
CMP032,NVIDIA Corporation,NVDA,^GSPC,USD,Nasdaq,SECONDARY_INDIRECT,Technology & Component Supplier,False,2026-08-31,220.53323364257807,7686.14013671875,0.014847184139840763,-0.0033221508040809367,0.0181693349439217,14.457251128115502,1.0099003573681888,2.4246055629180163,2026-02-28,791,ok,0.0019792778556959826,2.1470056939271682,0.41610866229477883,-0.005153398836750508,0.020000582976591273,-0.23880030826852425
CMP032,NVIDIA Corporation,NVDA,^GSPC,USD,Nasdaq,SECONDARY_INDIRECT,Technology & Component Supplier,False,2026-09-01,217.1969757080078,7631.47021484375,-0.015128141366563264,-0.007112792754561781,-0.008015348612001483,14.2234116479109,0.9956043526689093,2.416590214306015,2026-02-28,791,ok,0.0019792778556959826,2.1470056939271682,0.41610866229477883,-0.013291928688072068,-0.0018362126784911958,-0.24063652094701543
CMP032,NVIDIA Corporation,NVDA,^GSPC,USD,Nasdaq,SECONDARY_INDIRECT,Technology & Component Supplier,False,2026-09-02,224.1591796875,7666.60009765625,0.03205479246106968,0.004603291610071336,0.027451500850998345,14.711394948834116,1.0047907014425719,2.444041715157013,2026-02-28,791,ok,0.0019792778556959826,2.1470056939271682,0.41610866229477883,0.011862571153326304,0.020192221307743376,-0.22044429963927206
