company_id,company_name,market_data_ticker,benchmark_ticker,trade_currency,primary_listing_exchange,analysis_tier,role_category,is_confirmatory,Date,company_price,benchmark_price,company_return,benchmark_return,abnormal_return,company_cumulative_return,benchmark_cumulative_return,cumulative_abnormal_return,ols_event_date,ols_estimation_window_observations,ols_status,ols_alpha,ols_beta,ols_r_squared,market_model_expected_return,market_model_abnormal_return,market_model_cumulative_abnormal_return
CMP044,Thales S.A.,HO.PA,^FCHI,EUR,Euronext Paris,PRIMARY_DIRECT,Defence Contractor,False,2023-01-02,111.58312225341795,6594.56982421875,0.0,0.0,0.0,0.0,0.0,0.0,2026-02-28,807,ok,0.0009632997775444204,0.5466694848547928,0.07298295624966644,0.0009632997775444204,-0.0009632997775444204,-0.0009632997775444204
CMP044,Thales S.A.,HO.PA,^FCHI,EUR,Euronext Paris,PRIMARY_DIRECT,Defence Contractor,False,2023-01-03,107.9101791381836,6623.89013671875,-0.032916654786668276,0.004446129661455744,-0.03736278444812402,-0.032916654786668276,0.004446129661455744,-0.03736278444812402,2026-02-28,807,ok,0.0009632997775444204,0.5466694848547928,0.07298295624966644,0.0033938631891700464,-0.03631051797583832,-0.03727381775338274
CMP044,Thales S.A.,HO.PA,^FCHI,EUR,Euronext Paris,PRIMARY_DIRECT,Defence Contractor,False,2023-01-04,105.95746612548828,6776.43017578125,-0.018095725799831874,0.023028769486515444,-0.04112449528634732,-0.05041672982723289,0.02757728804305204,-0.07848727973447134,2026-02-28,807,ok,0.0009632997775444204,0.5466694848547928,0.07298295624966644,0.013552425329577589,-0.03164815112940946,-0.0689219688827922
CMP044,Thales S.A.,HO.PA,^FCHI,EUR,Euronext Paris,PRIMARY_DIRECT,Defence Contractor,False,2023-01-05,105.53902435302734,6761.5,-0.003949148538200831,-0.002203250884899588,-0.0017458976533012427,-0.05416677521053559,0.025313277473868467,-0.08023317738777258,2026-02-28,807,ok,0.0009632997775444204,0.5466694848547928,0.07298295624966644,-0.00024115024870950393,-0.003707998289491327,-0.07262996717228352
CMP044,Thales S.A.,HO.PA,^FCHI,EUR,Euronext Paris,PRIMARY_DIRECT,Defence Contractor,False,2023-01-06,107.8171844482422,6860.9501953125,0.02158594992876206,0.014708303677068768,0.006877646251693292,-0.03375006657927071,0.04039389652308478,-0.07335553113607929,2026-02-28,807,ok,0.0009632997775444204,0.5466694848547928,0.07298295624966644,0.00900388057177546,0.012582069356986601,-0.06004789781529692
CMP044,Thales S.A.,HO.PA,^FCHI,EUR,Euronext Paris,PRIMARY_DIRECT,Defence Contractor,False,2023-01-09,106.56188201904295,6907.35986328125,-0.011642878967979886,0.006764320778841704,-0.01840719974682159,-0.04499999760690687,0.0474314545755159,-0.09176273088290088,2026-02-28,807,ok,0.0009632997775444204,0.5466694848547928,0.07298295624966644,0.0046611475331063855,-0.016304026501086272,-0.0763519243163832
CMP044,Thales S.A.,HO.PA,^FCHI,EUR,Euronext Paris,PRIMARY_DIRECT,Defence Contractor,False,2023-01-10,107.49173736572266,6869.14013671875,0.008725965880684639,-0.005533188847691495,0.014259154728376133,-0.03666670016997098,0.04163581853233733,-0.07750357615452474,2026-02-28,807,ok,0.0009632997775444204,0.5466694848547928,0.07298295624966644,-0.002061525719427374,0.010787491600112012,-0.06556443271627119
CMP044,Thales S.A.,HO.PA,^FCHI,EUR,Euronext Paris,PRIMARY_DIRECT,Defence Contractor,False,2023-01-11,105.53902435302734,6924.18994140625,-0.018166168493970236,0.008014075064975534,-0.02618024355894577,-0.05416677521053559,0.04998356617242261,-0.10368381971347052,2026-02-28,807,ok,0.0009632997775444204,0.5466694848547928,0.07298295624966644,0.005344350064902236,-0.02351051855887247,-0.08907495127514366
CMP044,Thales S.A.,HO.PA,^FCHI,EUR,Euronext Paris,PRIMARY_DIRECT,Defence Contractor,False,2023-01-12,105.86447143554688,6975.68017578125,0.003083665824225479,0.00743628277252939,-0.004352616948303911,-0.05125014161983532,0.05779154087698957,-0.10803643666177443,2026-02-28,807,ok,0.0009632997775444204,0.5466694848547928,0.07298295624966644,0.0050284886500376325,-0.0019448228258121536,-0.09101977410095581
CMP044,Thales S.A.,HO.PA,^FCHI,EUR,Euronext Paris,PRIMARY_DIRECT,Defence Contractor,False,2023-01-13,104.93462371826172,7023.5,-0.00878337845243271,0.006855220281568375,-0.015638598734001086,-0.05958337068268027,0.065042934901681,-0.12367503539577551,2026-02-28,807,ok,0.0009632997775444204,0.5466694848547928,0.07298295624966644,0.004710839517435532,-0.013494217969868242,-0.10451399207082405
CMP044,Thales S.A.,HO.PA,^FCHI,EUR,Euronext Paris,PRIMARY_DIRECT,Defence Contractor,False,2023-01-16,107.53822326660156,7043.31005859375,0.024811634673892025,0.0028205394167792885,0.021991095257112736,-0.036250096834805956,0.06804693048013344,-0.10168394013866278,2026-02-28,807,ok,0.0009632997775444204,0.5466694848547928,0.07298295624966644,0.0025052026075277917,0.022306432066364235,-0.08220756000445982
CMP044,Thales S.A.,HO.PA,^FCHI,EUR,Euronext Paris,PRIMARY_DIRECT,Defence Contractor,False,2023-01-17,108.74703979492188,7077.16015625,0.011240808073641917,0.004805992832155548,0.006434815241486369,-0.02541676914233504,0.07317995637242669,-0.09524912489717641,2026-02-28,807,ok,0.0009632997775444204,0.5466694848547928,0.07298295624966644,0.0035905894033147205,0.007650218670327197,-0.07455734133413262
CMP044,Thales S.A.,HO.PA,^FCHI,EUR,Euronext Paris,PRIMARY_DIRECT,Defence Contractor,False,2023-01-18,108.00316619873048,7083.39013671875,-0.00684040317413892,0.0008802938369634195,-0.00772069701110234,-0.03208331136815634,0.07412467007397394,-0.10296982190827875,2026-02-28,807,ok,0.0009632997775444204,0.5466694848547928,0.07298295624966644,0.001444529555918062,-0.008284932730056982,-0.0828422740641896
CMP044,Thales S.A.,HO.PA,^FCHI,EUR,Euronext Paris,PRIMARY_DIRECT,Defence Contractor,False,2023-01-19,109.72339630126952,6951.8701171875,0.015927589561344213,-0.01856738327167362,0.034494972833017834,-0.0166667316220529,0.05418098564315055,-0.06847484907526091,2026-02-28,807,ok,0.0009632997775444204,0.5466694848547928,0.07298295624966644,-0.009186922070682895,0.02511451163202711,-0.057727762432162495
CMP044,Thales S.A.,HO.PA,^FCHI,EUR,Euronext Paris,PRIMARY_DIRECT,Defence Contractor,False,2023-01-20,111.8155746459961,6995.990234375,0.0190677505003769,0.006346510571079156,0.012721239929297745,0.002083221798097945,0.06087135641236552,-0.05575360914596317,2026-02-28,807,ok,0.0009632997775444204,0.5466694848547928,0.07298295624966644,0.00443274344206176,0.014635007058315141,-0.04309275537384735
CMP044,Thales S.A.,HO.PA,^FCHI,EUR,Euronext Paris,PRIMARY_DIRECT,Defence Contractor,False,2023-01-23,112.97789764404295,7032.02001953125,0.010395000890768058,0.005150062242685438,0.00524493864808262,0.012499877781313007,0.0663349099293713,-0.05050867049788055,2026-02-28,807,ok,0.0009632997775444204,0.5466694848547928,0.07298295624966644,0.003778681650723388,0.006616319240044671,-0.03647643613380268
CMP044,Thales S.A.,HO.PA,^FCHI,EUR,Euronext Paris,PRIMARY_DIRECT,Defence Contractor,False,2023-01-24,114.27970886230467,7050.47998046875,0.011522707055173775,0.0026251291785615027,0.008897577876612273,0.02416661726638636,0.06913417681554557,-0.041611092621268275,2026-02-28,807,ok,0.0009632997775444204,0.5466694848547928,0.07298295624966644,0.0023983777932659227,0.009124329261907854,-0.027352106871894825
CMP044,Thales S.A.,HO.PA,^FCHI,EUR,Euronext Paris,PRIMARY_DIRECT,Defence Contractor,False,2023-01-25,112.69894409179688,7043.8798828125,-0.013832418600334906,-0.0009361203314574018,-0.012896298268877504,0.009999915899868705,0.06813333857557247,-0.05450739089014578,2026-02-28,807,ok,0.0009632997775444204,0.5466694848547928,0.07298295624966644,0.00045155135818450464,-0.01428396995851941,-0.04163607683041423
CMP044,Thales S.A.,HO.PA,^FCHI,EUR,Euronext Paris,PRIMARY_DIRECT,Defence Contractor,False,2023-01-26,114.51217651367188,7095.990234375,0.01608916957019635,0.007397961411814036,0.008691208158382313,0.02624997581266575,0.07603534779702659,-0.045816182731763466,2026-02-28,807,ok,0.0009632997775444204,0.5466694848547928,0.07298295624966644,0.005007539531516435,0.011081630038679914,-0.030554446791734316
CMP044,Thales S.A.,HO.PA,^FCHI,EUR,Euronext Paris,PRIMARY_DIRECT,Defence Contractor,False,2023-01-27,112.79193878173828,7097.2099609375,-0.015022312773246504,0.00017188954919800103,-0.015194202322444506,0.01083332769247125,0.07622030702788063,-0.06101038505420797,2026-02-28,807,ok,0.0009632997775444204,0.5466694848547928,0.07298295624966644,0.0010572665488564142,-0.016079579322102917,-0.04663402611383723
CMP044,Thales S.A.,HO.PA,^FCHI,EUR,Euronext Paris,PRIMARY_DIRECT,Defence Contractor,False,2023-01-30,114.55867767333984,7082.009765625,0.01566369822776381,-0.002141714194191957,0.01780541242195577,0.026666715896012327,0.07391535072024147,-0.0432049726322522,2026-02-28,807,ok,0.0009632997775444204,0.5466694848547928,0.07298295624966644,-0.00020751001770069448,0.015871208245464508,-0.030762817868372726
CMP044,Thales S.A.,HO.PA,^FCHI,EUR,Euronext Paris,PRIMARY_DIRECT,Defence Contractor,False,2023-01-31,112.88492584228516,7082.419921875,-0.014610432531591666,5.791523360931805e-05,-0.014668347765200984,0.01166667111098274,0.07397754677865498,-0.05787332039745319,2026-02-28,807,ok,0.0009632997775444204,0.5466694848547928,0.07298295624966644,0.0009949602684668712,-0.015605392800058538,-0.04636821066843126
CMP044,Thales S.A.,HO.PA,^FCHI,EUR,Euronext Paris,PRIMARY_DIRECT,Defence Contractor,False,2023-02-01,113.67530059814452,7077.10986328125,0.007001596979951286,-0.0007497520130582691,0.007751348993009555,0.018749953420150733,0.07317232995097833,-0.05012197140444363,2026-02-28,807,ok,0.0009632997775444204,0.5466694848547928,0.07298295624966644,0.0005534332307970125,0.006448163749154273,-0.03992004691927699
CMP044,Thales S.A.,HO.PA,^FCHI,EUR,Euronext Paris,PRIMARY_DIRECT,Defence Contractor,False,2023-02-02,109.90935516357422,7166.27001953125,-0.033128968340126574,0.012598385212669427,-0.045727353552796,-0.01500018153321081,0.08669256836327865,-0.09584932495723963,2026-02-28,807,ok,0.0009632997775444204,0.5466694848547928,0.07298295624966644,0.007850452531756657,-0.040979420871883235,-0.08089946779116022
CMP044,Thales S.A.,HO.PA,^FCHI,EUR,Euronext Paris,PRIMARY_DIRECT,Defence Contractor,False,2023-02-03,110.60675811767578,7233.93994140625,0.006345255625088919,0.009442837304562746,-0.0030975816794738265,-0.008750105894372862,0.09695402948641063,-0.09894690663671346,2026-02-28,807,ok,0.0009632997775444204,0.5466694848547928,0.07298295624966644,0.0061254107823973565,0.00021984484269156265,-0.08067962294846866
CMP044,Thales S.A.,HO.PA,^FCHI,EUR,Euronext Paris,PRIMARY_DIRECT,Defence Contractor,False,2023-02-06,110.65325927734376,7137.10009765625,0.00042041879229937074,-0.013386874170146168,0.013807292962445539,-0.008333365811026061,0.08226924392324131,-0.08513961367426792,2026-02-28,807,ok,0.0009632997775444204,0.5466694848547928,0.07298295624966644,-0.006354895828865318,0.006775314621164688,-0.07390430832730396
CMP044,Thales S.A.,HO.PA,^FCHI,EUR,Euronext Paris,PRIMARY_DIRECT,Defence Contractor,False,2023-02-07,108.74703979492188,7132.35009765625,-0.01722696190668993,-0.0006655364132499564,-0.016561425493439974,-0.025416769142334927,0.08154895433246989,-0.1017010391677079,2026-02-28,807,ok,0.0009632997775444204,0.5466694848547928,0.07298295624966644,0.0005994713293609602,-0.01782643323605089,-0.09173074156335485
CMP044,Thales S.A.,HO.PA,^FCHI,EUR,Euronext Paris,PRIMARY_DIRECT,Defence Contractor,False,2023-02-08,110.46729278564452,7119.830078125,0.0158188488989377,-0.0017553848815363704,0.01757423378047407,-0.009999984273958984,0.07965041964939323,-0.08412680538723383,2026-02-28,807,ok,0.0009632997775444204,0.5466694848547928,0.07298295624966644,3.684428633041279e-06,0.015815164470304656,-0.07591557709305019
CMP044,Thales S.A.,HO.PA,^FCHI,EUR,Euronext Paris,PRIMARY_DIRECT,Defence Contractor,False,2023-02-09,110.65325927734376,7188.35986328125,0.001683452966120047,0.009625199534859963,-0.007941746568739916,-0.008333365811026061,0.09004227036641388,-0.09206855195597374,2026-02-28,807,ok,0.0009632997775444204,0.5466694848547928,0.07298295624966644,0.006225102648890908,-0.004541649682770861,-0.08045722677582105
CMP044,Thales S.A.,HO.PA,^FCHI,EUR,Euronext Paris,PRIMARY_DIRECT,Defence Contractor,False,2023-02-10,113.44283294677734,7129.72998046875,0.025210045213776677,-0.008156225332010214,0.03336627054578689,0.016666594873871787,0.08115163998788932,-0.05870228141018685,2026-02-28,807,ok,0.0009632997775444204,0.5466694848547928,0.07298295624966644,-0.0034954597230652147,0.028705504936841892,-0.051751721838979164
CMP044,Thales S.A.,HO.PA,^FCHI,EUR,Euronext Paris,PRIMARY_DIRECT,Defence Contractor,False,2023-02-13,116.232421875,7208.58984375,0.024590261506704625,0.011060708259257979,0.013529553247446646,0.0416666923069513,0.09310994286181362,-0.045172728162740206,2026-02-28,807,ok,0.0009632997775444204,0.5466694848547928,0.07298295624966644,0.007009851463762132,0.017580410042942494,-0.03417131179603667
CMP044,Thales S.A.,HO.PA,^FCHI,EUR,Euronext Paris,PRIMARY_DIRECT,Defence Contractor,False,2023-02-14,118.51056671142578,7213.81005859375,0.01959990852531468,0.0007241658849928001,0.01887574264032188,0.062083264190034626,0.09390153579098048,-0.026296985522418326,2026-02-28,807,ok,0.0009632997775444204,0.5466694848547928,0.07298295624966644,0.0013591791688428495,0.018240729356471832,-0.015930582439564838
CMP044,Thales S.A.,HO.PA,^FCHI,EUR,Euronext Paris,PRIMARY_DIRECT,Defence Contractor,False,2023-02-15,119.48693084716795,7300.85986328125,0.008238625152469536,0.012067105174719428,-0.0038284800222498916,0.07083337008440749,0.10710176067415733,-0.030125465544668217,2026-02-28,807,ok,0.0009632997775444204,0.5466694848547928,0.07298295624966644,0.0075600179470968944,0.000678607205372642,-0.015251975234192196
CMP044,Thales S.A.,HO.PA,^FCHI,EUR,Euronext Paris,PRIMARY_DIRECT,Defence Contractor,False,2023-02-16,119.76587677001952,7366.16015625,0.0023345308216875527,0.008944192080328817,-0.006609661258641264,0.07333326359176118,0.11700389147409718,-0.03673512680330948,2026-02-28,807,ok,0.0009632997775444204,0.5466694848547928,0.07298295624966644,0.0058528166545400925,-0.00351828583285254,-0.018770261067044734
CMP044,Thales S.A.,HO.PA,^FCHI,EUR,Euronext Paris,PRIMARY_DIRECT,Defence Contractor,False,2023-02-17,120.60275268554688,7347.72021484375,0.006987598956373686,-0.0025033315886573426,0.009490930545031029,0.08083328598427619,0.11420766034791696,-0.027244196258278452,2026-02-28,807,ok,0.0009632997775444204,0.5466694848547928,0.07298295624966644,-0.0004051952124476192,0.007392794168821305,-0.011377466898223429
CMP044,Thales S.A.,HO.PA,^FCHI,EUR,Euronext Paris,PRIMARY_DIRECT,Defence Contractor,False,2023-02-20,120.04483795166016,7335.60986328125,-0.004626053066478453,-0.0016481781026493891,-0.0029778749638290636,0.07583329384729676,0.11237124768032736,-0.030222071222107516,2026-02-28,807,ok,0.0009632997775444204,0.5466694848547928,0.07298295624966644,6.229110322012897e-05,-0.004688344169698582,-0.01606581106792201
CMP044,Thales S.A.,HO.PA,^FCHI,EUR,Euronext Paris,PRIMARY_DIRECT,Defence Contractor,False,2023-02-21,122.74142456054688,7308.64990234375,0.02246316172272711,-0.003675217390233576,0.026138379112960686,0.09999991111368267,0.10828304152645685,-0.00408369210914683,2026-02-28,807,ok,0.0009632997775444204,0.5466694848547928,0.07298295624966644,-0.0010458294199039448,0.023508991142631053,0.007443180074709042
CMP044,Thales S.A.,HO.PA,^FCHI,EUR,Euronext Paris,PRIMARY_DIRECT,Defence Contractor,False,2023-02-22,122.9273910522461,7299.259765625,0.0015151078160045017,-0.0012847977183499948,0.0027999055343544965,0.10166652957661526,0.10685912200341763,-0.0012837865747923338,2026-02-28,807,ok,0.0009632997775444204,0.5466694848547928,0.07298295624966644,0.00026094007071141554,0.0012541677452930862,0.008697347820002128
CMP044,Thales S.A.,HO.PA,^FCHI,EUR,Euronext Paris,PRIMARY_DIRECT,Defence Contractor,False,2023-02-23,122.13702392578124,7317.43017578125,-0.006429544462787318,0.002489349706640276,-0.008918894169427594,0.09458331564153788,0.10961448143406893,-0.010202680744219927,2026-02-28,807,ok,0.0009632997775444204,0.5466694848547928,0.07298295624966644,0.00232415129929689,-0.008753695762084207,-5.634794208207901e-05
CMP044,Thales S.A.,HO.PA,^FCHI,EUR,Euronext Paris,PRIMARY_DIRECT,Defence Contractor,False,2023-02-24,124.18270111083984,7187.27001953125,0.016749034152835574,-0.017787686813985015,0.03453672096682059,0.11291652897834203,0.08987700655405728,0.02433404022260066,2026-02-28,807,ok,0.0009632997775444204,0.5466694848547928,0.07298295624966644,-0.008760685809815158,0.02550971996265073,0.025453372020568653
CMP044,Thales S.A.,HO.PA,^FCHI,EUR,Euronext Paris,PRIMARY_DIRECT,Defence Contractor,False,2023-02-27,124.3686752319336,7295.5498046875,0.0014975847636600204,0.015065495641878313,-0.013567910878218292,0.11458321581536546,0.1062965438464809,0.010766129344382369,2026-02-28,807,ok,0.0009632997775444204,0.5466694848547928,0.07298295624966644,0.009199146519172164,-0.007701561755512143,0.01775181026505651
CMP044,Thales S.A.,HO.PA,^FCHI,EUR,Euronext Paris,PRIMARY_DIRECT,Defence Contractor,False,2023-02-28,122.9273910522461,7267.93017578125,-0.011588803828614158,-0.0037858187039589986,-0.00780298512465516,0.10166652957661526,0.1021083056986618,0.0029631442197272095,2026-02-28,807,ok,0.0009632997775444204,0.5466694848547928,0.07298295624966644,-0.001106291783102485,-0.010482512045511674,0.007269298219544838
CMP044,Thales S.A.,HO.PA,^FCHI,EUR,Euronext Paris,PRIMARY_DIRECT,Defence Contractor,False,2023-03-01,124.32218933105467,7234.25,0.011346521445458446,-0.0046340808134730516,0.015980602258931498,0.1141666124802001,0.09700104674485432,0.018943746478658707,2026-02-28,807,ok,0.0009632997775444204,0.5466694848547928,0.07298295624966644,-0.0015700107935323723,0.012916532238990818,0.020185830458535656
CMP044,Thales S.A.,HO.PA,^FCHI,EUR,Euronext Paris,PRIMARY_DIRECT,Defence Contractor,False,2023-03-02,123.95026397705078,7284.22021484375,-0.0029916248740882168,0.00690744926478204,-0.009899074138870256,0.11083344392842576,0.10457852581865712,0.009044672339788451,2026-02-28,807,ok,0.0009632997775444204,0.5466694848547928,0.07298295624966644,0.0047393915087834354,-0.007731016382871652,0.012454814075664004
CMP044,Thales S.A.,HO.PA,^FCHI,EUR,Euronext Paris,PRIMARY_DIRECT,Defence Contractor,False,2023-03-03,123.48531341552734,7348.1201171875,-0.0037511058597625713,0.008772373769471598,-0.012523479629234169,0.10666659008768553,0.11426830150487022,-0.003478807289445718,2026-02-28,807,ok,0.0009632997775444204,0.5466694848547928,0.07298295624966644,0.0057588888270551555,-0.009509994686817727,0.0029448193888462777
CMP044,Thales S.A.,HO.PA,^FCHI,EUR,Euronext Paris,PRIMARY_DIRECT,Defence Contractor,False,2023-03-06,122.322998046875,7373.2099609375,-0.009412579816201805,0.0034144574870671462,-0.012827037303268951,0.0962500024785613,0.11807292324954521,-0.01630584459271467,2026-02-28,807,ok,0.0009632997775444204,0.5466694848547928,0.07298295624966644,0.0028298794930580076,-0.012242459309259813,-0.009297639920413535
CMP044,Thales S.A.,HO.PA,^FCHI,EUR,Euronext Paris,PRIMARY_DIRECT,Defence Contractor,False,2023-03-07,123.34583282470705,7339.27001953125,0.008361753669903438,-0.0046031432152428,0.012964896885146238,0.10541657495991807,0.1129262734587424,-0.0033409477075684313,2026-02-28,807,ok,0.0009632997775444204,0.5466694848547928,0.07298295624966644,-0.0015530981526451957,0.009914851822548634,0.0006172119021350987
CMP044,Thales S.A.,HO.PA,^FCHI,EUR,Euronext Paris,PRIMARY_DIRECT,Defence Contractor,False,2023-03-08,118.88251495361328,7324.759765625,-0.036185396530070135,-0.001977070453551333,-0.0342083260765188,0.06541663786408147,0.11072593980650614,-0.037549273784087234,2026-02-28,807,ok,0.0009632997775444204,0.5466694848547928,0.07298295624966644,-0.00011750430882011829,-0.036067892221250016,-0.03545068031911491
CMP044,Thales S.A.,HO.PA,^FCHI,EUR,Euronext Paris,PRIMARY_DIRECT,Defence Contractor,False,2023-03-09,122.27649688720705,7315.8798828125,0.028549042177632877,-0.0012123104506680527,0.02976135262830093,0.09583326239521495,0.10937939514185069,-0.007787921155786304,2026-02-28,807,ok,0.0009632997775444204,0.5466694848547928,0.07298295624966644,0.0003005666479936343,0.028248475529639244,-0.007202204789475669
CMP044,Thales S.A.,HO.PA,^FCHI,EUR,Euronext Paris,PRIMARY_DIRECT,Defence Contractor,False,2023-03-10,122.9273910522461,7220.669921875,0.00532313389415684,-0.013014150377342992,0.018337284271499832,0.10166652957661548,0.09494176486794892,0.010549363115713528,2026-02-28,807,ok,0.0009632997775444204,0.5466694848547928,0.07298295624966644,-0.006151139105060481,0.01147427299921732,0.0042720682097416515
CMP044,Thales S.A.,HO.PA,^FCHI,EUR,Euronext Paris,PRIMARY_DIRECT,Defence Contractor,False,2023-03-13,118.6035614013672,7011.5,-0.035173850301933096,-0.028968215434044486,-0.00620563486788861,0.0629166759826374,0.06322325593552125,0.004343728247824918,2026-02-28,807,ok,0.0009632997775444204,0.5466694848547928,0.07298295624966644,-0.014872739630947337,-0.020301110670985757,-0.016029042461244106
CMP044,Thales S.A.,HO.PA,^FCHI,EUR,Euronext Paris,PRIMARY_DIRECT,Defence Contractor,False,2023-03-14,123.1133804321289,7141.56982421875,0.03802431375142268,0.018550926936996337,0.01947338681442634,0.10333335316182057,0.08294703287409644,0.02381711506225126,2026-02-28,807,ok,0.0009632997775444204,0.5466694848547928,0.07298295624966644,0.011104525449771108,0.026919788301651572,0.010890745840407466
CMP044,Thales S.A.,HO.PA,^FCHI,EUR,Euronext Paris,PRIMARY_DIRECT,Defence Contractor,False,2023-03-15,118.78953552246094,6885.7099609375,-0.03512083653694864,-0.03582683773721129,0.0007060012002626515,0.06458336281966082,0.04414846524932181,0.02452311626251391,2026-02-28,807,ok,0.0009632997775444204,0.5466694848547928,0.07298295624966644,-0.018622139152233128,-0.016498697384715513,-0.0056079515443080465
CMP044,Thales S.A.,HO.PA,^FCHI,EUR,Euronext Paris,PRIMARY_DIRECT,Defence Contractor,False,2023-03-16,120.09132385253906,7025.72021484375,0.010958779528454254,0.020333452135004926,-0.009374672606550671,0.07624989718246189,0.06537960808930765,0.01514844365596324,2026-02-28,807,ok,0.0009632997775444204,0.5466694848547928,0.07298295624966644,0.012078977581507151,-0.0011201980530528965,-0.006728149597360943
CMP044,Thales S.A.,HO.PA,^FCHI,EUR,Euronext Paris,PRIMARY_DIRECT,Defence Contractor,False,2023-03-17,118.55706024169922,6925.39990234375,-0.01277580729082295,-0.014279007622314044,0.0015032003314910947,0.062499935899290815,0.05016704454474241,0.016651643987454334,2026-02-28,807,ok,0.0009632997775444204,0.5466694848547928,0.07298295624966644,-0.006842597963583658,-0.005933209327239291,-0.012661358924600234
CMP044,Thales S.A.,HO.PA,^FCHI,EUR,Euronext Paris,PRIMARY_DIRECT,Defence Contractor,False,2023-03-20,122.97388458251952,7013.14013671875,0.03725484025848669,0.012669338321575685,0.024585501936911003,0.10208320128587123,0.06347196612624906,0.04123714592436534,2026-02-28,807,ok,0.0009632997775444204,0.5466694848547928,0.07298295624966644,0.007889240431251285,0.029365599827235404,0.01670424090263517
CMP044,Thales S.A.,HO.PA,^FCHI,EUR,Euronext Paris,PRIMARY_DIRECT,Defence Contractor,False,2023-03-21,124.50817108154295,7112.91015625,0.012476522996993644,0.014226155129694718,-0.0017496321327010733,0.1158333676913148,0.07860108329244242,0.039487513791664264,2026-02-28,807,ok,0.0009632997775444204,0.5466694848547928,0.07298295624966644,0.008740304673759,0.0037362183232346434,0.020440459225869814
CMP044,Thales S.A.,HO.PA,^FCHI,EUR,Euronext Paris,PRIMARY_DIRECT,Defence Contractor,False,2023-03-22,125.71697998046876,7131.1201171875,0.009708671233586319,0.0025601280681859517,0.007148543165400367,0.12666662700969522,0.08136244020015515,0.04663605695706463,2026-02-28,807,ok,0.0009632997775444204,0.5466694848547928,0.07298295624966644,0.0023628436697419306,0.007345827563844389,0.027786286789714204
CMP044,Thales S.A.,HO.PA,^FCHI,EUR,Euronext Paris,PRIMARY_DIRECT,Defence Contractor,False,2023-03-23,126.7863311767578,7139.25,0.008506020399592584,0.0011400569165711527,0.0073659634830214316,0.1362500763225798,0.08259525492942554,0.05400202044008606,2026-02-28,807,ok,0.0009632997775444204,0.5466694848547928,0.07298295624966644,0.001586534104831516,0.006919486294761069,0.03470577308447527
CMP044,Thales S.A.,HO.PA,^FCHI,EUR,Euronext Paris,PRIMARY_DIRECT,Defence Contractor,False,2023-03-24,125.6240005493164,7015.10009765625,-0.009167633582053414,-0.017389768161046315,0.008222134578992901,0.12583335196527412,0.06376917443395391,0.062224155019078964,2026-02-28,807,ok,0.0009632997775444204,0.5466694848547928,0.07298295624966644,-0.008543155824799047,-0.0006244777572543669,0.0340812953272209
CMP044,Thales S.A.,HO.PA,^FCHI,EUR,Euronext Paris,PRIMARY_DIRECT,Defence Contractor,False,2023-03-27,126.97229766845705,7078.27001953125,0.010732798774477192,0.009004849680777305,0.0017279490936998876,0.1379166947855126,0.07334825594477623,0.06395210411277885,2026-02-28,807,ok,0.0009632997775444204,0.5466694848547928,0.07298295624966644,0.005885976313729795,0.0048468224607473975,0.0389281177879683
CMP044,Thales S.A.,HO.PA,^FCHI,EUR,Euronext Paris,PRIMARY_DIRECT,Defence Contractor,False,2023-03-28,127.15824127197266,7088.33984375,0.0014644422990686135,0.001422639174680329,4.1803124388284374e-05,0.13958310812617292,0.07487524322175809,0.06399390723716714,2026-02-28,807,ok,0.0009632997775444204,0.5466694848547928,0.07298295624966644,0.0017410132023011635,-0.00027657090323255,0.03865154688473575
CMP044,Thales S.A.,HO.PA,^FCHI,EUR,Euronext Paris,PRIMARY_DIRECT,Defence Contractor,False,2023-03-29,127.71617126464844,7186.990234375,0.004387682521358904,0.013917277218583601,-0.009529594697224697,0.14458323701133402,0.08983457995706767,0.05446431253994244,2026-02-28,807,ok,0.0009632997775444204,0.5466694848547928,0.07298295624966644,0.008571450545208862,-0.004183768023849958,0.0344677788608858
CMP044,Thales S.A.,HO.PA,^FCHI,EUR,Euronext Paris,PRIMARY_DIRECT,Defence Contractor,False,2023-03-30,126.9258041381836,7263.3701171875,-0.006188465553254585,0.010627520049655725,-0.01681598560291031,0.13750002307625686,0.10141681880636955,0.03764832693703213,2026-02-28,807,ok,0.0009632997775444204,0.5466694848547928,0.07298295624966644,0.006773040688373698,-0.012961506241628283,0.021506272619257513
CMP044,Thales S.A.,HO.PA,^FCHI,EUR,Euronext Paris,PRIMARY_DIRECT,Defence Contractor,False,2023-03-31,126.7863311767578,7322.39013671875,-0.0010988542666544587,0.00812570729276052,-0.009224561559414979,0.13625007632258002,0.11036660948331356,0.02842376537761715,2026-02-28,807,ok,0.0009632997775444204,0.5466694848547928,0.07298295624966644,0.005405375997358647,-0.006504230264013105,0.015002042355244407
CMP044,Thales S.A.,HO.PA,^FCHI,EUR,Euronext Paris,PRIMARY_DIRECT,Defence Contractor,False,2023-04-03,126.87931823730467,7345.9599609375,0.0007334155005813692,0.003218870311287647,-0.002485454810706278,0.13708341974109173,0.11394073559722462,0.02593831056691087,2026-02-28,807,ok,0.0009632997775444204,0.5466694848547928,0.07298295624966644,0.002722957952430425,-0.001989542451849056,0.013012499903395352
CMP044,Thales S.A.,HO.PA,^FCHI,EUR,Euronext Paris,PRIMARY_DIRECT,Defence Contractor,False,2023-04-04,127.01879119873048,7344.9599609375,0.001099256863635878,-0.00013612924727568476,0.0012353861109115627,0.13833336649476857,0.11378909568337803,0.027173696677822434,2026-02-28,807,ok,0.0009632997775444204,0.5466694848547928,0.07298295624966644,0.000888882072062551,0.0002103747915733269,0.013222874694968679
CMP044,Thales S.A.,HO.PA,^FCHI,EUR,Euronext Paris,PRIMARY_DIRECT,Defence Contractor,False,2023-04-05,127.0652847290039,7316.2998046875,0.0003660366299713669,-0.003902016675709996,0.004268053305681363,0.13875003820402432,0.10944307205879755,0.0314417499835038,2026-02-28,807,ok,0.0009632997775444204,0.5466694848547928,0.07298295624966644,-0.0011698136684607746,0.0015358502984321415,0.01475872499340082
CMP044,Thales S.A.,HO.PA,^FCHI,EUR,Euronext Paris,PRIMARY_DIRECT,Defence Contractor,False,2023-04-06,130.45925903320312,7324.75,0.026710476519512527,0.0011549820999798843,0.025555494419532643,0.16916659436106696,0.11072445894797212,0.05699724440303644,2026-02-28,807,ok,0.0009632997775444204,0.5466694848547928,0.07298295624966644,0.0015946932471569307,0.025115783272355596,0.03987450826575642
CMP044,Thales S.A.,HO.PA,^FCHI,EUR,Euronext Paris,PRIMARY_DIRECT,Defence Contractor,False,2023-04-11,130.45925903320312,7390.27978515625,0.0,0.008946351091334126,-0.008946351091334126,0.16916659436106696,0.12066138992345277,0.048050893311702314,2026-02-28,807,ok,0.0009632997775444204,0.5466694848547928,0.07298295624966644,0.00585399691997416,-0.00585399691997416,0.03402051134578226
CMP044,Thales S.A.,HO.PA,^FCHI,EUR,Euronext Paris,PRIMARY_DIRECT,Defence Contractor,False,2023-04-12,130.97068786621094,7396.93994140625,0.003920218747200277,0.0009012048858254573,0.0030190138613748196,0.17374998316288148,0.1216713354434078,0.051069907173077134,2026-02-28,807,ok,0.0009632997775444204,0.5466694848547928,0.07298295624966644,0.0014559609882272455,0.002464257758973031,0.03648476910475529
CMP044,Thales S.A.,HO.PA,^FCHI,EUR,Euronext Paris,PRIMARY_DIRECT,Defence Contractor,False,2023-04-13,131.11016845703125,7480.830078125,0.0010649756299883073,0.011341194789098452,-0.010276219159110145,0.17499999829064916,0.13439242854801958,0.04079368801396699,2026-02-28,807,ok,0.0009632997775444204,0.5466694848547928,0.07298295624966644,0.007163184890538732,-0.006098209260550424,0.030386559844204863
CMP044,Thales S.A.,HO.PA,^FCHI,EUR,Euronext Paris,PRIMARY_DIRECT,Defence Contractor,False,2023-04-14,131.01718139648438,7519.60986328125,-0.0007092284423183548,0.005183887984522961,-0.005893116426841316,0.17416665487213745,0.14027299182810338,0.03490057158712567,2026-02-28,807,ok,0.0009632997775444204,0.5466694848547928,0.07298295624966644,0.0037971731515885378,-0.004506401593906893,0.02588015825029797
CMP044,Thales S.A.,HO.PA,^FCHI,EUR,Euronext Paris,PRIMARY_DIRECT,Defence Contractor,False,2023-04-17,131.5286102294922,7498.18017578125,0.003903524923652091,-0.002849840336084819,0.00675336525973691,0.17875004367395197,0.13702339586184342,0.04165393684686258,2026-02-28,807,ok,0.0009632997775444204,0.5466694848547928,0.07298295624966644,-0.0005946209709014773,0.004498145894553568,0.03037830414485154
CMP044,Thales S.A.,HO.PA,^FCHI,EUR,Euronext Paris,PRIMARY_DIRECT,Defence Contractor,False,2023-04-18,131.4821014404297,7533.6298828125,-0.00035360207168122493,0.004727774766702941,-0.005081376838384166,0.17833323521651456,0.14239898638194992,0.036572560008478416,2026-02-28,807,ok,0.0009632997775444204,0.5466694848547928,0.07298295624966644,0.0035478299737674054,-0.0039014320454486304,0.026476872099402908
CMP044,Thales S.A.,HO.PA,^FCHI,EUR,Euronext Paris,PRIMARY_DIRECT,Defence Contractor,False,2023-04-19,131.80758666992188,7549.43994140625,0.0024755097912674273,0.0020985977330556516,0.00037691205821177576,0.18125021067766878,0.14479642230501621,0.03694947206669019,2026-02-28,807,ok,0.0009632997775444204,0.5466694848547928,0.07298295624966644,0.0021105391191913896,0.00036497067207603767,0.026841842771478944
CMP044,Thales S.A.,HO.PA,^FCHI,EUR,Euronext Paris,PRIMARY_DIRECT,Defence Contractor,False,2023-04-20,132.59796142578125,7538.7099609375,0.005996428398606923,-0.0014212948976386475,0.007417723296245571,0.18833349298683677,0.14316932899115908,0.04436719536293576,2026-02-28,807,ok,0.0009632997775444204,0.5466694848547928,0.07298295624966644,0.0001863212280255555,0.005810107170581368,0.03265194994206031
CMP044,Thales S.A.,HO.PA,^FCHI,EUR,Euronext Paris,PRIMARY_DIRECT,Defence Contractor,False,2023-04-21,132.0865020751953,7577.0,-0.0038572188070343794,0.0050791235185998485,-0.008936342325634228,0.18374983068865913,0.14897562721578006,0.035430853037301535,2026-02-28,807,ok,0.0009632997775444204,0.5466694848547928,0.07298295624966644,0.003739901614971262,-0.007597120422005641,0.02505482952005467
CMP044,Thales S.A.,HO.PA,^FCHI,EUR,Euronext Paris,PRIMARY_DIRECT,Defence Contractor,False,2023-04-24,131.2496337890625,7573.85986328125,-0.006335759316696832,-0.00041443008034180995,-0.005921329236355022,0.17624987667023517,0.14849945715428214,0.029509523800946513,2026-02-28,807,ok,0.0009632997775444204,0.5466694848547928,0.07298295624966644,0.0007367434990156327,-0.007072502815712464,0.017982326704342206
CMP044,Thales S.A.,HO.PA,^FCHI,EUR,Euronext Paris,PRIMARY_DIRECT,Defence Contractor,False,2023-04-25,130.64523315429688,7531.60986328125,-0.004604970065950731,-0.005578397377647759,0.0009734273116970282,0.1708332811980906,0.1420926707942629,0.03048295111264354,2026-02-28,807,ok,0.0009632997775444204,0.5466694848547928,0.07298295624966644,-0.0020862398432096073,-0.0025187302227411236,0.015463596481601082
CMP044,Thales S.A.,HO.PA,^FCHI,EUR,Euronext Paris,PRIMARY_DIRECT,Defence Contractor,False,2023-04-26,127.57672119140624,7466.66015625,-0.0234873625987303,-0.008623615430201514,-0.014863747168528785,0.1433334953799299,0.13224370281568154,0.015619203944114757,2026-02-28,807,ok,0.0009632997775444204,0.5466694848547928,0.07298295624966644,-0.003750967627269684,-0.019736394971460614,-0.004272798489859533
CMP044,Thales S.A.,HO.PA,^FCHI,EUR,Euronext Paris,PRIMARY_DIRECT,Defence Contractor,False,2023-04-27,128.739013671875,7483.83984375,0.009110537326985746,0.0023008530106489733,0.006809684316336773,0.15374987786678185,0.13484882914809337,0.02242888826045153,2026-02-28,807,ok,0.0009632997775444204,0.5466694848547928,0.07298295624966644,0.0022211059076024937,0.006889431419383252,0.002616632929523719
CMP044,Thales S.A.,HO.PA,^FCHI,EUR,Euronext Paris,PRIMARY_DIRECT,Defence Contractor,False,2023-04-28,128.69253540039062,7491.5,-0.00036102709006946565,0.0010235596177805562,-0.0013845867078500218,0.15333334290570755,0.136010414581895,0.021044301552601508,2026-02-28,807,ok,0.0009632997775444204,0.5466694848547928,0.07298295624966644,0.0015228485865146856,-0.0018838756765841513,0.0007327572529395678
CMP044,Thales S.A.,HO.PA,^FCHI,EUR,Euronext Paris,PRIMARY_DIRECT,Defence Contractor,False,2023-05-02,128.7855224609375,7383.2001953125,0.0007225520909783789,-0.014456357830541333,0.015178909921519712,0.15416668632421926,0.11958784152947755,0.03622321147412122,2026-02-28,807,ok,0.0009632997775444204,0.5466694848547928,0.07298295624966644,-0.006939549910554161,0.00766210200153254,0.008394859254472108
CMP044,Thales S.A.,HO.PA,^FCHI,EUR,Euronext Paris,PRIMARY_DIRECT,Defence Contractor,False,2023-05-03,129.99432373046875,7403.830078125,0.009386158059015548,0.002794165438666729,0.006591992620348819,0.16499987726850862,0.12271615518183077,0.04281520409447004,2026-02-28,807,ok,0.0009632997775444204,0.5466694848547928,0.07298295624966644,0.0024907847584994276,0.0068953733005161204,0.015290232554988228
CMP044,Thales S.A.,HO.PA,^FCHI,EUR,Euronext Paris,PRIMARY_DIRECT,Defence Contractor,False,2023-05-04,127.15824127197266,7340.77001953125,-0.02181697151928297,-0.008517221212310688,-0.01329975030697228,0.13958310812617336,0.11315373332951228,0.02951545378749776,2026-02-28,807,ok,0.0009632997775444204,0.5466694848547928,0.07298295624966644,-0.003692805154983778,-0.018124166364299192,-0.002833933809310964
CMP044,Thales S.A.,HO.PA,^FCHI,EUR,Euronext Paris,PRIMARY_DIRECT,Defence Contractor,False,2023-05-05,126.7863311767578,7432.93017578125,-0.002924781685360034,0.012554562532921532,-0.015479344218281565,0.13625007632258024,0.1271288914833526,0.014036109569216193,2026-02-28,807,ok,0.0009632997775444204,0.5466694848547928,0.07298295624966644,0.007826496009993918,-0.010751277695353952,-0.013585211504664916
CMP044,Thales S.A.,HO.PA,^FCHI,EUR,Euronext Paris,PRIMARY_DIRECT,Defence Contractor,False,2023-05-08,127.0652847290039,7440.91015625,0.0022001863265308508,0.0010735982015210865,0.0011265881250097642,0.13875003820402476,0.1283389750341315,0.015162697694225957,2026-02-28,807,ok,0.0009632997775444204,0.5466694848547928,0.07298295624966644,0.0015502031533109848,0.000649983173219866,-0.01293522833144505
CMP044,Thales S.A.,HO.PA,^FCHI,EUR,Euronext Paris,PRIMARY_DIRECT,Defence Contractor,False,2023-05-09,128.5065460205078,7397.169921875,0.011342683366095896,-0.005878344645548594,0.01722102801164449,0.15166651932050268,0.12170620966187573,0.03238372570587045,2026-02-28,807,ok,0.0009632997775444204,0.5466694848547928,0.07298295624966644,-0.0022502118616365596,0.013592895227732455,0.0006576668962874049
CMP044,Thales S.A.,HO.PA,^FCHI,EUR,Euronext Paris,PRIMARY_DIRECT,Defence Contractor,False,2023-05-10,127.9951400756836,7361.2001953125,-0.003979610071712658,-0.004862633539906902,0.0008830234681942439,0.14708333564096066,0.1162517634248521,0.03326674917406469,2026-02-28,807,ok,0.0009632997775444204,0.5466694848547928,0.07298295624966644,-0.0016949535947541235,-0.0022846564769585347,-0.0016269895806711298
CMP044,Thales S.A.,HO.PA,^FCHI,EUR,Euronext Paris,PRIMARY_DIRECT,Defence Contractor,False,2023-05-11,126.55384063720705,7381.77978515625,-0.01126057940656422,0.0027956840321847753,-0.014056263438748995,0.134166512654029,0.11937245065575697,0.019210485735315697,2026-02-28,807,ok,0.0009632997775444204,0.5466694848547928,0.07298295624966644,0.0024916149272356416,-0.013752194333799862,-0.015379183914470991
CMP044,Thales S.A.,HO.PA,^FCHI,EUR,Euronext Paris,PRIMARY_DIRECT,Defence Contractor,False,2023-05-12,128.7855224609375,7414.85009765625,0.017634248099415828,0.00447999174487701,0.013154256354538818,0.15416668632421948,0.12438722999413754,0.032364742089854515,2026-02-28,807,ok,0.0009632997775444204,0.5466694848547928,0.07298295624966644,0.0034123745568700597,0.014221873542545768,-0.0011573103719252232
CMP044,Thales S.A.,HO.PA,^FCHI,EUR,Euronext Paris,PRIMARY_DIRECT,Defence Contractor,False,2023-05-15,129.38990783691406,7418.2099609375,0.0046929605473307046,0.00045312625838689335,0.004239834288943811,0.15958314504818238,0.12489671937264268,0.036604576378798326,2026-02-28,807,ok,0.0009632997775444204,0.5466694848547928,0.07298295624966644,0.0012110100757909631,0.0034819504715397414,0.0023246400996145182
CMP044,Thales S.A.,HO.PA,^FCHI,EUR,Euronext Paris,PRIMARY_DIRECT,Defence Contractor,False,2023-05-16,129.6688995361328,7406.009765625,0.0021562091192646182,-0.0016446279327146929,0.003800837051979311,0.16208344880008085,0.1230466828065433,0.04040541343077764,2026-02-28,807,ok,0.0009632997775444204,0.5466694848547928,0.07298295624966644,6.423187278947631e-05,0.002091977246475142,0.00441661734608966
CMP044,Thales S.A.,HO.PA,^FCHI,EUR,Euronext Paris,PRIMARY_DIRECT,Defence Contractor,False,2023-05-17,130.2733154296875,7399.43994140625,0.004661224825049715,-0.0008870936478161395,0.005548318472865854,0.1675001810204071,0.12205043522802472,0.04595373190364349,2026-02-28,807,ok,0.0009632997775444204,0.5466694848547928,0.07298295624966644,0.00047835275007481235,0.004182872074974902,0.008599489421064562
CMP044,Thales S.A.,HO.PA,^FCHI,EUR,Euronext Paris,PRIMARY_DIRECT,Defence Contractor,False,2023-05-18,130.45925903320312,7446.89013671875,0.0014273345458533093,0.006412673889948817,-0.004985339344095507,0.1691665943610674,0.1292457787572172,0.040968392559547984,2026-02-28,807,ok,0.0009632997775444204,0.5466694848547928,0.07298295624966644,0.0044689129095045205,-0.0030415783636512112,0.0055579110574133506
CMP044,Thales S.A.,HO.PA,^FCHI,EUR,Euronext Paris,PRIMARY_DIRECT,Defence Contractor,False,2023-05-19,129.38990783691406,7491.9599609375,-0.008196821016873135,0.006052167198831393,-0.014248988215704528,0.1595831450481826,0.1360801630188304,0.026719404343843456,2026-02-28,807,ok,0.0009632997775444204,0.5466694848547928,0.07298295624966644,0.004271834902384653,-0.012468655919257787,-0.006910744861844436
CMP044,Thales S.A.,HO.PA,^FCHI,EUR,Euronext Paris,PRIMARY_DIRECT,Defence Contractor,False,2023-05-22,130.13381958007812,7478.16015625,0.005749379960156675,-0.0018419485367582311,0.007591328496914906,0.1662500291444582,0.13398756182491778,0.03431073284075836,2026-02-28,807,ok,0.0009632997775444204,0.5466694848547928,0.07298295624966644,-4.3637280174241354e-05,0.005793017240330917,-0.0011177276215135193
CMP044,Thales S.A.,HO.PA,^FCHI,EUR,Euronext Paris,PRIMARY_DIRECT,Defence Contractor,False,2023-05-23,126.86417388916016,7378.7099609375,-0.02512525722728043,-0.013298751729646119,-0.01182650549763431,0.1369476971708803,0.11890694277570146,0.022484227343124052,2026-02-28,807,ok,0.0009632997775444204,0.5466694848547928,0.07298295624966644,-0.006306721979713009,-0.01881853524756742,-0.01993626286908094
CMP044,Thales S.A.,HO.PA,^FCHI,EUR,Euronext Paris,PRIMARY_DIRECT,Defence Contractor,False,2023-05-24,126.34442138671876,7253.4599609375,-0.004096921033793888,-0.01697451189477117,0.012877590860977284,0.13228971223601738,0.0999140435664132,0.035361818204101336,2026-02-28,807,ok,0.0009632997775444204,0.5466694848547928,0.07298295624966644,-0.00831614789563169,0.004219226861837802,-0.015717036007243137
CMP044,Thales S.A.,HO.PA,^FCHI,EUR,Euronext Paris,PRIMARY_DIRECT,Defence Contractor,False,2023-05-25,125.5884246826172,7229.27001953125,-0.005983617604987779,-0.003334952083077769,-0.0026486655219100097,0.1255145235799353,0.09624588293561498,0.03271315268219133,2026-02-28,807,ok,0.0009632997775444204,0.5466694848547928,0.07298295624966644,-0.0008598167597271218,-0.005123800845260657,-0.020840836852503795
CMP044,Thales S.A.,HO.PA,^FCHI,EUR,Euronext Paris,PRIMARY_DIRECT,Defence Contractor,False,2023-05-26,126.67516326904295,7319.18017578125,0.008653174758518789,0.012436961962561943,-0.003783787204043154,0.13525379744572352,0.10987985128330036,0.028929365478148172,2026-02-28,807,ok,0.0009632997775444204,0.5466694848547928,0.07298295624966644,0.007762207366776811,0.0008909673917419777,-0.019949869460761816
CMP044,Thales S.A.,HO.PA,^FCHI,EUR,Euronext Paris,PRIMARY_DIRECT,Defence Contractor,False,2023-05-29,126.76964569091795,7303.81005859375,0.0007458638255262162,-0.0020999779781838424,0.0028458418037100586,0.13610054218602952,0.10754912803717542,0.03177520728185823,2026-02-28,807,ok,0.0009632997775444204,0.5466694848547928,0.07298295624966644,-0.00018469410199575007,0.0009305579275219663,-0.01901931153323985
CMP044,Thales S.A.,HO.PA,^FCHI,EUR,Euronext Paris,PRIMARY_DIRECT,Defence Contractor,False,2023-05-30,125.02144622802734,7209.75,-0.013790363247941584,-0.012878218058679947,-0.0009121451892616372,0.12043330302310085,0.09328586885561174,0.030863062092596594,2026-02-28,807,ok,0.0009632997775444204,0.5466694848547928,0.07298295624966644,-0.006076829054441836,-0.007713534193499748,-0.026732845726739597
CMP044,Thales S.A.,HO.PA,^FCHI,EUR,Euronext Paris,PRIMARY_DIRECT,Defence Contractor,False,2023-05-31,123.13147735595705,7098.7001953125,-0.015117157328536801,-0.015402726126079291,0.0002855687975424903,0.1034955365051684,0.07644628604011605,0.031148630890139084,2026-02-28,807,ok,0.0009632997775444204,0.5466694848547928,0.07298295624966644,-0.007456900579158805,-0.007660256749377996,-0.03439310247611759
CMP044,Thales S.A.,HO.PA,^FCHI,EUR,Euronext Paris,PRIMARY_DIRECT,Defence Contractor,False,2023-06-01,125.68292999267578,7137.43017578125,0.020721367854158235,0.005455925648800486,0.015265442205357749,0.1263614734425138,0.08231929694167839,0.04641407309549683,2026-02-28,807,ok,0.0009632997775444204,0.5466694848547928,0.07298295624966644,0.003945887841380233,0.016775480012778003,-0.01761762246333959
CMP044,Thales S.A.,HO.PA,^FCHI,EUR,Euronext Paris,PRIMARY_DIRECT,Defence Contractor,False,2023-06-02,125.68292999267578,7270.68994140625,0.0,0.01867055261390549,-0.01867055261390549,0.1263614734425138,0.10252679632027317,0.027743520481591344,2026-02-28,807,ok,0.0009632997775444204,0.5466694848547928,0.07298295624966644,0.01116992115694244,-0.01116992115694244,-0.028787543620282026
CMP044,Thales S.A.,HO.PA,^FCHI,EUR,Euronext Paris,PRIMARY_DIRECT,Defence Contractor,False,2023-06-05,124.7852020263672,7200.91015625,-0.007142799474526007,-0.00959740901050632,0.002454609535980312,0.11831609930188236,0.0919453957109444,0.030198130017571656,2026-02-28,807,ok,0.0009632997775444204,0.5466694848547928,0.07298295624966644,-0.004283310862169817,-0.0028594886123561904,-0.03164703223263822
CMP044,Thales S.A.,HO.PA,^FCHI,EUR,Euronext Paris,PRIMARY_DIRECT,Defence Contractor,False,2023-06-06,124.02921295166016,7209.0,-0.006058323121897913,0.0011234473940739953,-0.007181770515971908,0.11154097901989113,0.09317213892022691,0.023016359501599748,2026-02-28,807,ok,0.0009632997775444204,0.5466694848547928,0.07298295624966644,0.0015774541857243108,-0.0076357773076222235,-0.03928280954026044
CMP044,Thales S.A.,HO.PA,^FCHI,EUR,Euronext Paris,PRIMARY_DIRECT,Defence Contractor,False,2023-06-07,121.6195068359375,7202.7900390625,-0.019428536700154875,-0.0008614178023997887,-0.018567118897755086,0.089945364315277,0.09223046097867349,0.004449240603844662,2026-02-28,807,ok,0.0009632997775444204,0.5466694848547928,0.07298295624966644,0.0004923889512617801,-0.019920925651416656,-0.0592037351916771
CMP044,Thales S.A.,HO.PA,^FCHI,EUR,Euronext Paris,PRIMARY_DIRECT,Defence Contractor,False,2023-06-08,122.37548065185548,7222.14990234375,0.006215892792081235,0.002687828352104793,0.0035280644399764416,0.09672034784908679,0.09516618897872453,0.007977305043821104,2026-02-28,807,ok,0.0009632997775444204,0.5466694848547928,0.07298295624966644,0.002432653518167654,0.0037832392739135805,-0.05542049591776352
CMP044,Thales S.A.,HO.PA,^FCHI,EUR,Euronext Paris,PRIMARY_DIRECT,Defence Contractor,False,2023-06-09,123.27320861816406,7213.14013671875,0.0073358483376462225,-0.0012475185016689316,0.008583366839315154,0.10476572198971823,0.09379994889557142,0.016560671883136258,2026-02-28,807,ok,0.0009632997775444204,0.5466694848547928,0.07298295624966644,0.0002813194808902425,0.0070545288567559795,-0.04836596706100754
CMP044,Thales S.A.,HO.PA,^FCHI,EUR,Euronext Paris,PRIMARY_DIRECT,Defence Contractor,False,2023-06-12,124.17095947265624,7250.35009765625,0.007282611238528913,0.0051586355224240155,0.0021239757161048978,0.11281130125262195,0.09944246416636959,0.018684647599241155,2026-02-28,807,ok,0.0009632997775444204,0.5466694848547928,0.07298295624966644,0.003783368401141592,0.0034992428373873214,-0.04486672422362022
CMP044,Thales S.A.,HO.PA,^FCHI,EUR,Euronext Paris,PRIMARY_DIRECT,Defence Contractor,False,2023-06-13,126.01368713378906,7290.7998046875,0.014840246616106834,0.005579000529136735,0.009261246086970099,0.12932569540040162,0.10557625425570927,0.027945893686211254,2026-02-28,807,ok,0.0009632997775444204,0.5466694848547928,0.07298295624966644,0.004013169122812216,0.010827077493294618,-0.034039646730325605
CMP044,Thales S.A.,HO.PA,^FCHI,EUR,Euronext Paris,PRIMARY_DIRECT,Defence Contractor,False,2023-06-14,124.59619903564452,7328.52978515625,-0.011248683618308775,0.0051750125472505015,-0.016423696165559276,0.11662226795081598,0.11129762524342479,0.011522197520651978,2026-02-28,807,ok,0.0009632997775444204,0.5466694848547928,0.07298295624966644,0.003792321220866941,-0.015041004839175715,-0.049080651569501324
CMP044,Thales S.A.,HO.PA,^FCHI,EUR,Euronext Paris,PRIMARY_DIRECT,Defence Contractor,False,2023-06-15,125.0687026977539,7290.91015625,0.003792279907143925,-0.0051333118659689925,0.008925591773112918,0.12085681214143529,0.10559298795713956,0.020447789293764895,2026-02-28,807,ok,0.0009632997775444204,0.5466694848547928,0.07298295624966644,-0.0018429251758238442,0.005635205082967769,-0.043445446486533555
CMP044,Thales S.A.,HO.PA,^FCHI,EUR,Euronext Paris,PRIMARY_DIRECT,Defence Contractor,False,2023-06-16,127.85641479492188,7388.64990234375,0.022289446016761527,0.013405698876972849,0.008883747139788678,0.14584008954818128,0.12041423463418566,0.029331536433553573,2026-02-28,807,ok,0.0009632997775444204,0.5466694848547928,0.07298295624966644,0.008291786276737642,0.013997659740023885,-0.02944778674650967
CMP044,Thales S.A.,HO.PA,^FCHI,EUR,Euronext Paris,PRIMARY_DIRECT,Defence Contractor,False,2023-06-19,126.76964569091795,7314.0498046875,-0.008499918488619196,-0.010096580382376263,0.0015966618937570676,0.13610054218602952,0.10910188225264306,0.03092819832731064,2026-02-28,807,ok,0.0009632997775444204,0.5466694848547928,0.07298295624966644,-0.004556192618884219,-0.003943725869734977,-0.03339151261624465
CMP044,Thales S.A.,HO.PA,^FCHI,EUR,Euronext Paris,PRIMARY_DIRECT,Defence Contractor,False,2023-06-20,128.28164672851562,7294.169921875,0.011927153612814712,-0.002718040393949628,0.01464519400676434,0.14965098787228448,0.10608729853567489,0.04557339233407498,2026-02-28,807,ok,0.0009632997775444204,0.5466694848547928,0.07298295624966644,-0.0005225699644305408,0.012449723577245253,-0.020941789038999396
CMP044,Thales S.A.,HO.PA,^FCHI,EUR,Euronext Paris,PRIMARY_DIRECT,Defence Contractor,False,2023-06-21,128.80137634277344,7260.97021484375,0.00405147289196961,-0.004551540118593267,0.008603013010562877,0.15430876768487511,0.10105289782172333,0.05417640534463786,2026-02-28,807,ok,0.0009632997775444204,0.5466694848547928,0.07298295624966644,-0.0015248883143828837,0.005576361206352493,-0.015365427832646904
CMP044,Thales S.A.,HO.PA,^FCHI,EUR,Euronext Paris,PRIMARY_DIRECT,Defence Contractor,False,2023-06-22,127.57290649414062,7203.27978515625,-0.009537707464891798,-0.007945278382985532,-0.0015924290819062659,0.14329930833453708,0.09230472603413675,0.05258397626273159,2026-02-28,807,ok,0.0009632997775444204,0.5466694848547928,0.07298295624966644,-0.003380141463110202,-0.006157566001781596,-0.0215229938344285
CMP044,Thales S.A.,HO.PA,^FCHI,EUR,Euronext Paris,PRIMARY_DIRECT,Defence Contractor,False,2023-06-23,127.24215698242188,7163.419921875,-0.002592631310269211,-0.005533571438303575,0.002940940128034364,0.14033515475073988,0.08626037980023016,0.055524916390765955,2026-02-28,807,ok,0.0009632997775444204,0.5466694848547928,0.07298295624966644,-0.00206173487004019,-0.0005308964402290211,-0.02205389027465752
CMP044,Thales S.A.,HO.PA,^FCHI,EUR,Euronext Paris,PRIMARY_DIRECT,Defence Contractor,False,2023-06-26,123.93470764160156,7184.35009765625,-0.025993345438785842,0.002921813325131861,-0.028915158763917703,0.11069402915731263,0.08943422985249327,0.02660975762684825,2026-02-28,807,ok,0.0009632997775444204,0.5466694848547928,0.07298295624966644,0.002560565962836124,-0.028553911401621966,-0.050607801676279485
CMP044,Thales S.A.,HO.PA,^FCHI,EUR,Euronext Paris,PRIMARY_DIRECT,Defence Contractor,False,2023-06-27,124.54896545410156,7215.580078125,0.004956301783325623,0.00434694579805317,0.0006093559852724528,0.11619896395475404,0.09416994140020596,0.027219113612120704,2026-02-28,807,ok,0.0009632997775444204,0.5466694848547928,0.07298295624966644,0.003339642397657853,0.0016166593856677697,-0.04899114229061172
CMP044,Thales S.A.,HO.PA,^FCHI,EUR,Euronext Paris,PRIMARY_DIRECT,Defence Contractor,False,2023-06-28,126.5334243774414,7286.31982421875,0.015933162640930476,0.009803750402300526,0.00612941223862995,0.1339835435870833,0.10489691040339344,0.033348525850750654,2026-02-28,807,ok,0.0009632997775444204,0.5466694848547928,0.07298295624966644,0.006322710959615017,0.009610451681315458,-0.03938069060929626
CMP044,Thales S.A.,HO.PA,^FCHI,EUR,Euronext Paris,PRIMARY_DIRECT,Defence Contractor,False,2023-06-29,127.90364837646484,7312.72998046875,0.010828948997192667,0.0036246221531774925,0.007204326844015174,0.14626339354424367,0.10890174422181897,0.04055285269476583,2026-02-28,807,ok,0.0009632997775444204,0.5466694848547928,0.07298295624966644,0.00294477010281523,0.007884178894377437,-0.03149651171491882
CMP044,Thales S.A.,HO.PA,^FCHI,EUR,Euronext Paris,PRIMARY_DIRECT,Defence Contractor,False,2023-06-30,129.65188598632812,7400.06005859375,0.013668395171321457,0.011942199200332348,0.0017261959709891084,0.16193097457762629,0.12214446974491189,0.04227904866575494,2026-02-28,807,ok,0.0009632997775444204,0.5466694848547928,0.07298295624966644,0.0074917356624234245,0.006176659508898032,-0.02531985220602079
CMP044,Thales S.A.,HO.PA,^FCHI,EUR,Euronext Paris,PRIMARY_DIRECT,Defence Contractor,False,2023-07-03,128.89585876464844,7386.7001953125,-0.005831208824524259,-0.0018053722774499237,-0.004025836547074335,0.1551555124251811,0.12011858122794061,0.0382532121186806,2026-02-28,807,ok,0.0009632997775444204,0.5466694848547928,0.07298295624966644,-2.3642155340253507e-05,-0.005807566669184005,-0.031127418875204795
CMP044,Thales S.A.,HO.PA,^FCHI,EUR,Euronext Paris,PRIMARY_DIRECT,Defence Contractor,False,2023-07-04,127.14767456054688,7369.93017578125,-0.013562764706766761,-0.002270299198266046,-0.011292465508500715,0.13948841001043388,0.11757557691101583,0.026960746610179886,2026-02-28,807,ok,0.0009632997775444204,0.5466694848547928,0.07298295624966644,-0.00027780351563792816,-0.013284961191128833,-0.04441238006633363
CMP044,Thales S.A.,HO.PA,^FCHI,EUR,Euronext Paris,PRIMARY_DIRECT,Defence Contractor,False,2023-07-05,128.0926513671875,7310.81005859375,0.007432120248417329,-0.008021801533721229,0.015453921782138558,0.14795722489530938,0.10861060743410156,0.042414668392318444,2026-02-28,807,ok,0.0009632997775444204,0.5466694848547928,0.07298295624966644,-0.0034219743345023507,0.01085409458291968,-0.03355828548341395
CMP044,Thales S.A.,HO.PA,^FCHI,EUR,Euronext Paris,PRIMARY_DIRECT,Defence Contractor,False,2023-07-06,124.40719604492188,7082.2900390625,-0.028771793564495662,-0.03125782474168204,0.0024860311771863763,0.11492843659975027,0.07395785136015665,0.04490069956950482,2026-02-28,807,ok,0.0009632997775444204,0.5466694848547928,0.07298295624966644,-0.016124399171672295,-0.012647394392823367,-0.04620567987623732
CMP044,Thales S.A.,HO.PA,^FCHI,EUR,Euronext Paris,PRIMARY_DIRECT,Defence Contractor,False,2023-07-07,124.6434326171875,7111.8798828125,0.0018988979719494203,0.0041780050784134826,-0.0022791071064640622,0.11704557194687837,0.07844485271714152,0.04262159246304076,2026-02-28,807,ok,0.0009632997775444204,0.5466694848547928,0.07298295624966644,0.003247287661481427,-0.0013483896895320068,-0.047554069565769325
CMP044,Thales S.A.,HO.PA,^FCHI,EUR,Euronext Paris,PRIMARY_DIRECT,Defence Contractor,False,2023-07-10,124.31270599365234,7143.68994140625,-0.0026533818636951256,0.004472805941313274,-0.007126187805008399,0.11408162348535367,0.08326852726175349,0.03549540465803236,2026-02-28,807,ok,0.0009632997775444204,0.5466694848547928,0.07298295624966644,0.0034084462973376045,-0.0060618281610327306,-0.05361589772680206
CMP044,Thales S.A.,HO.PA,^FCHI,EUR,Euronext Paris,PRIMARY_DIRECT,Defence Contractor,False,2023-07-11,125.7774429321289,7220.009765625,0.01178268083514622,0.010683529778691137,0.0010991510564550833,0.12720849167918313,0.09484165883107343,0.03659455571448744,2026-02-28,807,ok,0.0009632997775444204,0.5466694848547928,0.07298295624966644,0.006803659498092343,0.004979021337053877,-0.04863687638974818
CMP044,Thales S.A.,HO.PA,^FCHI,EUR,Euronext Paris,PRIMARY_DIRECT,Defence Contractor,False,2023-07-12,129.55738830566406,7333.009765625,0.030052649230393857,0.01565094835993186,0.014401700870461998,0.16108409308913885,0.11197696909574062,0.05099625658494944,2026-02-28,807,ok,0.0009632997775444204,0.5466694848547928,0.07298295624966644,0.009519195654957334,0.020533453575436525,-0.028103422814311656
CMP044,Thales S.A.,HO.PA,^FCHI,EUR,Euronext Paris,PRIMARY_DIRECT,Defence Contractor,False,2023-07-13,131.02207946777344,7369.7998046875,0.011305346466646382,0.005017044874938037,0.006288301591708345,0.17421055103842353,0.11755580744959149,0.057284558176657785,2026-02-28,807,ok,0.0009632997775444204,0.5466694848547928,0.07298295624966644,0.0037059651148201754,0.007599381351826207,-0.02050404146248545
CMP044,Thales S.A.,HO.PA,^FCHI,EUR,Euronext Paris,PRIMARY_DIRECT,Defence Contractor,False,2023-07-14,129.8881072998047,7374.5400390625,-0.008654817360364553,0.0006431971696143624,-0.009298014529978915,0.16404797317657294,0.1182746161818291,0.04798654364667887,2026-02-28,807,ok,0.0009632997775444204,0.5466694848547928,0.07298295624966644,0.0013149160429175646,-0.009969733403282117,-0.030473774865767567
CMP044,Thales S.A.,HO.PA,^FCHI,EUR,Euronext Paris,PRIMARY_DIRECT,Defence Contractor,False,2023-07-17,130.50233459472656,7291.66015625,0.004728895567814639,-0.01123865113939182,0.01596754670720646,0.16955263447765123,0.10570671789252417,0.06395409035388533,2026-02-28,807,ok,0.0009632997775444204,0.5466694848547928,0.07298295624966644,-0.005180527851289637,0.009909423419104276,-0.02056435144666329
CMP044,Thales S.A.,HO.PA,^FCHI,EUR,Euronext Paris,PRIMARY_DIRECT,Defence Contractor,False,2023-07-18,131.06935119628906,7319.18017578125,0.004344877073068076,0.003774177476944196,0.0005706995961238803,0.17463419690493964,0.10987985128330013,0.06452478995000921,2026-02-28,807,ok,0.0009632997775444204,0.5466694848547928,0.07298295624966644,0.0030265274346160656,0.0013183496384520108,-0.01924600180821128
CMP044,Thales S.A.,HO.PA,^FCHI,EUR,Euronext Paris,PRIMARY_DIRECT,Defence Contractor,False,2023-07-19,130.92759704589844,7326.93994140625,-0.0010815201959635257,0.0010601960108422848,-0.0021417162068058104,0.17336380629811754,0.1110565414741449,0.0623830737432034,2026-02-28,807,ok,0.0009632997775444204,0.5466694848547928,0.07298295624966644,0.0015428765846366786,-0.0026243967806002045,-0.021870398588811485
CMP044,Thales S.A.,HO.PA,^FCHI,EUR,Euronext Paris,PRIMARY_DIRECT,Defence Contractor,False,2023-07-20,132.48683166503906,7384.91015625,0.011909136456495162,0.007911927122009832,0.00399720933448533,0.18733755598043444,0.11984713985872064,0.06638028307768873,2026-02-28,807,ok,0.0009632997775444204,0.5466694848547928,0.07298295624966644,0.0052885089015421985,0.006620627554952963,-0.015249771033858522
CMP044,Thales S.A.,HO.PA,^FCHI,EUR,Euronext Paris,PRIMARY_DIRECT,Defence Contractor,False,2023-07-21,126.15542602539062,7432.77001953125,-0.04778894294684222,0.006480764460044863,-0.05426970740688708,0.13059594925904228,0.12710460540339996,0.012110575670801649,2026-02-28,807,ok,0.0009632997775444204,0.5466694848547928,0.07298295624966644,0.004506135946382396,-0.052295078893224614,-0.06754484992708314
CMP044,Thales S.A.,HO.PA,^FCHI,EUR,Euronext Paris,PRIMARY_DIRECT,Defence Contractor,False,2023-07-24,125.02144622802734,7427.31005859375,-0.0089887516779108,-0.0007345795609379202,-0.00825417211697288,0.12043330302310085,0.1262766573972316,0.003856403553828769,2026-02-28,807,ok,0.0009632997775444204,0.5466694848547928,0.07298295624966644,0.0005617275473816276,-0.009550479225292428,-0.07709532915237556
CMP044,Thales S.A.,HO.PA,^FCHI,EUR,Euronext Paris,PRIMARY_DIRECT,Defence Contractor,False,2023-07-25,124.83245849609376,7415.4501953125,-0.001511642503230104,-0.0015967911919239075,8.514868869380354e-05,0.11873960842021658,0.1244782287510302,0.003941552242522572,2026-02-28,807,ok,0.0009632997775444204,0.5466694848547928,0.07298295624966644,9.038275923470718e-05,-0.0016020252624648111,-0.07869735441484037
CMP044,Thales S.A.,HO.PA,^FCHI,EUR,Euronext Paris,PRIMARY_DIRECT,Defence Contractor,False,2023-07-26,124.02921295166016,7315.06982421875,-0.006434588841000344,-0.01353665232047585,0.007102063479475507,0.11154097901989068,0.10925655792648303,0.011043615721998079,2026-02-28,807,ok,0.0009632997775444204,0.5466694848547928,0.07298295624966644,-0.006436774973148549,2.1861321482050805e-06,-0.07869516828269216
CMP044,Thales S.A.,HO.PA,^FCHI,EUR,Euronext Paris,PRIMARY_DIRECT,Defence Contractor,False,2023-07-27,126.2971649169922,7465.240234375,0.01828562732407213,0.020528910012460155,-0.0022432826883880264,0.1318662031176827,0.1320283859848872,0.008800333033610053,2026-02-28,807,ok,0.0009632997775444204,0.5466694848547928,0.07298295624966644,0.012185828438686413,0.006099798885385716,-0.07259536939730644
CMP044,Thales S.A.,HO.PA,^FCHI,EUR,Euronext Paris,PRIMARY_DIRECT,Defence Contractor,False,2023-07-28,126.86417388916016,7476.47021484375,0.004489482978819126,0.0015043026233823031,0.002985180355436823,0.1369476971708803,0.1337312992556674,0.011785513389046876,2026-02-28,807,ok,0.0009632997775444204,0.5466694848547928,0.07298295624966644,0.0017856561177345374,0.0027038268610845885,-0.06989154253622186
CMP044,Thales S.A.,HO.PA,^FCHI,EUR,Euronext Paris,PRIMARY_DIRECT,Defence Contractor,False,2023-07-31,128.47064208984375,7497.77978515625,0.012662898842404013,0.0028502180440967972,0.009812680798307216,0.15134475084925936,0.13696268066196327,0.02159819418735409,2026-02-28,807,ok,0.0009632997775444204,0.5466694848547928,0.07298295624966644,0.0025214270074346515,0.010141471834969362,-0.059750070701252496
CMP044,Thales S.A.,HO.PA,^FCHI,EUR,Euronext Paris,PRIMARY_DIRECT,Defence Contractor,False,2023-08-01,128.75413513183594,7406.080078125,0.0022066756838805546,-0.012230248107952257,0.014436923791832812,0.1538853953147219,0.12305734498798504,0.036035117979186904,2026-02-28,807,ok,0.0009632997775444204,0.5466694848547928,0.07298295624966644,-0.005722603655276145,0.0079292793391567,-0.051820791362095796
CMP044,Thales S.A.,HO.PA,^FCHI,EUR,Euronext Paris,PRIMARY_DIRECT,Defence Contractor,False,2023-08-02,127.85641479492188,7312.83984375,-0.006972361206068145,-0.012589687579857456,0.005617326373789311,0.14584008954818084,0.10891840388032215,0.041652444352976215,2026-02-28,807,ok,0.0009632997775444204,0.5466694848547928,0.07298295624966644,-0.0059190982462190385,-0.0010532629598491066,-0.052874054321944905
CMP044,Thales S.A.,HO.PA,^FCHI,EUR,Euronext Paris,PRIMARY_DIRECT,Defence Contractor,False,2023-08-03,126.10816955566406,7260.52978515625,-0.013673504313897356,-0.0071531798468768,-0.006520324467020555,0.13017244014070717,0.10098611110185463,0.03513211988595566,2026-02-28,807,ok,0.0009632997775444204,0.5466694848547928,0.07298295624966644,-0.0029471253644214063,-0.01072637894947595,-0.06360043327142086
CMP044,Thales S.A.,HO.PA,^FCHI,EUR,Euronext Paris,PRIMARY_DIRECT,Defence Contractor,False,2023-08-04,127.19491577148438,7315.06982421875,0.008617571880151775,0.007511853910991961,0.001105717969159814,0.1399117823805862,0.10925655792648281,0.03623783785511547,2026-02-28,807,ok,0.0009632997775444204,0.5466694848547928,0.07298295624966644,0.005069801085370857,0.0035477707947809186,-0.060052662476639936
CMP044,Thales S.A.,HO.PA,^FCHI,EUR,Euronext Paris,PRIMARY_DIRECT,Defence Contractor,False,2023-08-07,128.7068634033203,7319.759765625,0.01188685587521654,0.0006411341954279948,0.011245721679788545,0.15346174944820534,0.1099677402372723,0.04748355953490402,2026-02-28,807,ok,0.0009632997775444204,0.5466694848547928,0.07298295624966644,0.0013137882778818343,0.010573067597334706,-0.04947959487930523
CMP044,Thales S.A.,HO.PA,^FCHI,EUR,Euronext Paris,PRIMARY_DIRECT,Defence Contractor,False,2023-08-08,129.84088134765625,7269.47021484375,0.008810858367221064,-0.006870382688981103,0.015681241056202166,0.1636247375546005,0.10234183708941869,0.06316480059110618,2026-02-28,807,ok,0.0009632997775444204,0.5466694848547928,0.07298295624966644,-0.0027925287877961654,0.01160338715501723,-0.037876207724288
CMP044,Thales S.A.,HO.PA,^FCHI,EUR,Euronext Paris,PRIMARY_DIRECT,Defence Contractor,False,2023-08-09,130.21885681152344,7322.0400390625,0.0029110666836520416,0.007231589464581134,-0.0043205227809290925,0.16701212676036903,0.11031352070488154,0.05884427781017709,2026-02-28,807,ok,0.0009632997775444204,0.5466694848547928,0.07298295624966644,0.004916589064828336,-0.0020055223811762946,-0.039881730105464294
CMP044,Thales S.A.,HO.PA,^FCHI,EUR,Euronext Paris,PRIMARY_DIRECT,Defence Contractor,False,2023-08-10,129.0376434326172,7433.6201171875,-0.009070985630106665,0.015238933074625205,-0.02430991870473187,0.15642617652836543,0.1272335141387546,0.03453435910544522,2026-02-28,807,ok,0.0009632997775444204,0.5466694848547928,0.07298295624966644,0.009293959471186445,-0.01836494510129311,-0.0582466752067574
CMP044,Thales S.A.,HO.PA,^FCHI,EUR,Euronext Paris,PRIMARY_DIRECT,Defence Contractor,False,2023-08-11,128.1871337890625,7340.18994140625,-0.006591174644310804,-0.012568597037293738,0.005977422392982934,0.14880396963561449,0.11306577033261211,0.04051178149842816,2026-02-28,807,ok,0.0009632997775444204,0.5466694848547928,0.07298295624966644,-0.005907568690180423,-0.0006836059541303809,-0.05893028116088778
CMP044,Thales S.A.,HO.PA,^FCHI,EUR,Euronext Paris,PRIMARY_DIRECT,Defence Contractor,False,2023-08-14,125.96644592285156,7348.83984375,-0.017323796862992347,0.0011784303148554276,-0.018502227177847774,0.12890232303024796,0.11437744077880008,0.022009554320580382,2026-02-28,807,ok,0.0009632997775444204,0.5466694848547928,0.07298295624966644,0.0016075116707037083,-0.018931308533696053,-0.07786158969458384
CMP044,Thales S.A.,HO.PA,^FCHI,EUR,Euronext Paris,PRIMARY_DIRECT,Defence Contractor,False,2023-08-15,124.6434326171875,7267.7001953125,-0.010502902546558723,-0.011041150734358074,0.0005382481877993506,0.11704557194687748,0.10207343148019321,0.022547802508379733,2026-02-28,807,ok,0.0009632997775444204,0.5466694848547928,0.07298295624966644,-0.005072560406611226,-0.0054303421399474975,-0.08329193183453135
CMP044,Thales S.A.,HO.PA,^FCHI,EUR,Euronext Paris,PRIMARY_DIRECT,Defence Contractor,False,2023-08-16,123.79295349121094,7260.25,-0.0068232967282648715,-0.0010251104355274432,-0.005798186292737428,0.10942363855048964,0.10094368450486524,0.016749616215642305,2026-02-28,807,ok,0.0009632997775444204,0.5466694848547928,0.07298295624966644,0.0004029031838353607,-0.007226199912100232,-0.09051813174663158
CMP044,Thales S.A.,HO.PA,^FCHI,EUR,Euronext Paris,PRIMARY_DIRECT,Defence Contractor,False,2023-08-17,121.80848693847656,7191.740234375,-0.016030529176083275,-0.009436281894562915,-0.00659424728152036,0.09163899054406954,0.09055486954783865,0.010155368934121944,2026-02-28,807,ok,0.0009632997775444204,0.5466694848547928,0.07298295624966644,-0.004195227584700896,-0.011835301591382378,-0.10235343333801396
CMP044,Thales S.A.,HO.PA,^FCHI,EUR,Euronext Paris,PRIMARY_DIRECT,Defence Contractor,False,2023-08-18,122.32823944091795,7164.10986328125,0.004266964605708523,-0.0038419589964724388,0.008108923602180962,0.09629697547893246,0.08636500245563239,0.018264292536302906,2026-02-28,807,ok,0.0009632997775444204,0.5466694848547928,0.07298295624966644,-0.0011369819678904046,0.005403946573598928,-0.09694948676441503
CMP044,Thales S.A.,HO.PA,^FCHI,EUR,Euronext Paris,PRIMARY_DIRECT,Defence Contractor,False,2023-08-21,123.60397338867188,7198.06005859375,0.010428777145689905,0.004738927230374834,0.0056898499153150706,0.10773001232169621,0.09151320714789568,0.023954142451617977,2026-02-28,807,ok,0.0009632997775444204,0.5466694848547928,0.07298295624966644,0.003553926685337781,0.006874850460352124,-0.09007463630406291
CMP044,Thales S.A.,HO.PA,^FCHI,EUR,Euronext Paris,PRIMARY_DIRECT,Defence Contractor,False,2023-08-22,123.88746643066406,7240.8798828125,0.002293559294414882,0.005948800631029316,-0.0036552413366144343,0.11027065678715897,0.09800640160335394,0.020298901115003543,2026-02-28,807,ok,0.0009632997775444204,0.5466694848547928,0.07298295624966644,0.004215327554013083,-0.0019217682595982014,-0.09199640456366112
CMP044,Thales S.A.,HO.PA,^FCHI,EUR,Euronext Paris,PRIMARY_DIRECT,Defence Contractor,False,2023-08-23,125.21044921875,7246.6201171875,0.010678907448852915,0.0007927537078229463,0.009886153741029968,0.12212713437416611,0.09887685024943837,0.03018505485603351,2026-02-28,807,ok,0.0009632997775444204,0.5466694848547928,0.07298295624966644,0.0013966740386167173,0.009282233410236197,-0.08271417115342493
CMP044,Thales S.A.,HO.PA,^FCHI,EUR,Euronext Paris,PRIMARY_DIRECT,Defence Contractor,False,2023-08-24,125.0687026977539,7214.4599609375,-0.0011320662283421656,-0.004437952553042357,0.0033058863247001913,0.12085681214143484,0.09400008692639483,0.0334909411807337,2026-02-28,807,ok,0.0009632997775444204,0.5466694848547928,0.07298295624966644,-0.0014627934584372578,0.00033072723009509213,-0.08238344392332983
CMP044,Thales S.A.,HO.PA,^FCHI,EUR,Euronext Paris,PRIMARY_DIRECT,Defence Contractor,False,2023-08-25,125.39942932128906,7229.60009765625,0.0026443595911793683,0.002098582125443338,0.0005457774657360304,0.12382076060295977,0.09629593595405206,0.03403671864646973,2026-02-28,807,ok,0.0009632997775444204,0.5466694848547928,0.07298295624966644,0.002110530586986006,0.0005338290041933622,-0.08184961491913646
CMP044,Thales S.A.,HO.PA,^FCHI,EUR,Euronext Paris,PRIMARY_DIRECT,Defence Contractor,False,2023-08-28,126.91141510009766,7324.7099609375,0.012057357732742968,0.013155618844268302,-0.0010982611115253338,0.13737106954103284,0.11071838742798401,0.0329384575349444,2026-02-28,807,ok,0.0009632997775444204,0.5466694848547928,0.07298295624966644,0.008155075154086578,0.00390228257865639,-0.07794733234048007
CMP044,Thales S.A.,HO.PA,^FCHI,EUR,Euronext Paris,PRIMARY_DIRECT,Defence Contractor,False,2023-08-29,126.43893432617188,7373.43017578125,-0.0037229178600926005,0.00665148724025566,-0.01037440510034826,0.13313673047268582,0.11810631660947868,0.022564052434596138,2026-02-28,807,ok,0.0009632997775444204,0.5466694848547928,0.07298295624966644,0.0045994648806932095,-0.00832238274078581,-0.08626971508126588
CMP044,Thales S.A.,HO.PA,^FCHI,EUR,Euronext Paris,PRIMARY_DIRECT,Defence Contractor,False,2023-08-30,126.67516326904295,7364.39990234375,0.0018683243743709,-0.0012247045435055393,0.003093028917876439,0.13525379744572286,0.11673696672340483,0.025657081352472577,2026-02-28,807,ok,0.0009632997775444204,0.5466694848547928,0.07298295624966644,0.00029379117564692307,0.0015745331987239769,-0.08469518188254191
CMP044,Thales S.A.,HO.PA,^FCHI,EUR,Euronext Paris,PRIMARY_DIRECT,Defence Contractor,False,2023-08-31,127.38390350341795,7316.7001953125,0.0055949423397996245,-0.006477066382023833,0.012072008721823457,0.14160547698347026,0.10950378725867749,0.037729090074296034,2026-02-28,807,ok,0.0009632997775444204,0.5466694848547928,0.07298295624966644,-0.002577514764886845,0.008172457104686469,-0.07652272477785543
CMP044,Thales S.A.,HO.PA,^FCHI,EUR,Euronext Paris,PRIMARY_DIRECT,Defence Contractor,False,2023-09-01,127.80913543701172,7296.77001953125,0.003338192047022348,-0.0027239295378015393,0.006062121584823887,0.14541637530757368,0.10648157712026096,0.04379121165911992,2026-02-28,807,ok,0.0009632997775444204,0.5466694848547928,0.07298295624966644,-0.0005257893796663011,0.003863981426688649,-0.07265874335116679
CMP044,Thales S.A.,HO.PA,^FCHI,EUR,Euronext Paris,PRIMARY_DIRECT,Defence Contractor,False,2023-09-04,129.17938232421875,7279.509765625,0.010721040264624282,-0.0023654649742350653,0.013086505238859347,0.1576964303870061,0.10386423370494668,0.05687771689797927,2026-02-28,807,ok,0.0009632997775444204,0.5466694848547928,0.07298295624966644,-0.0003298277413627185,0.011050868005987001,-0.06160787534517979
CMP044,Thales S.A.,HO.PA,^FCHI,EUR,Euronext Paris,PRIMARY_DIRECT,Defence Contractor,False,2023-09-05,129.60459899902344,7254.72021484375,0.0032916760179071414,-0.003405387392748649,0.00669706341065579,0.16150719196292762,0.1001051483601818,0.06357478030863506,2026-02-28,807,ok,0.0009632997775444204,0.5466694848547928,0.07298295624966644,-0.0008983215941804895,0.004189997612087631,-0.057417877733092156
CMP044,Thales S.A.,HO.PA,^FCHI,EUR,Euronext Paris,PRIMARY_DIRECT,Defence Contractor,False,2023-09-06,129.17938232421875,7194.08984375,-0.0032808764356262454,-0.008357368623216566,0.00507649218759032,0.1576964303870061,0.09091116411103739,0.06865127249622538,2026-02-28,807,ok,0.0009632997775444204,0.5466694848547928,0.07298295624966644,-0.003605418622450989,0.00032454218682474376,-0.057093335546267415
CMP044,Thales S.A.,HO.PA,^FCHI,EUR,Euronext Paris,PRIMARY_DIRECT,Defence Contractor,False,2023-09-07,129.7463836669922,7196.10009765625,0.004389255720006036,0.0002794313040164198,0.004109824415989616,0.16277785606611284,0.09121599884019105,0.072761096912215,2026-02-28,807,ok,0.0009632997775444204,0.5466694848547928,0.07298295624966644,0.0011160563445633796,0.003273199375442656,-0.05382013617082476
CMP044,Thales S.A.,HO.PA,^FCHI,EUR,Euronext Paris,PRIMARY_DIRECT,Defence Contractor,False,2023-09-08,131.06935119628906,7240.77001953125,0.0101965657300509,0.006207518137435253,0.0039890475926156466,0.17463419690493853,0.097989741944851,0.07675014450483064,2026-02-28,807,ok,0.0009632997775444204,0.5466694848547928,0.07298295624966644,0.004356760519962933,0.005839805210087966,-0.0479803309607368
CMP044,Thales S.A.,HO.PA,^FCHI,EUR,Euronext Paris,PRIMARY_DIRECT,Defence Contractor,False,2023-09-11,131.68360900878906,7278.27001953125,0.004686509904058944,0.005179007191064899,-0.0004924972870059552,0.18013913170237994,0.10367623871409881,0.07625764721782469,2026-02-28,807,ok,0.0009632997775444204,0.5466694848547928,0.07298295624966644,0.0037945049707431362,0.0008920049333158079,-0.04708832602742099
CMP044,Thales S.A.,HO.PA,^FCHI,EUR,Euronext Paris,PRIMARY_DIRECT,Defence Contractor,False,2023-09-12,132.15609741210938,7252.8798828125,0.003588057821902302,-0.0034884851277316997,0.0070765429496340015,0.18437353914481758,0.09982608056951392,0.08333419016745869,2026-02-28,807,ok,0.0009632997775444204,0.5466694848547928,0.07298295624966644,-0.0009437485901562741,0.004531806412058576,-0.042556519615362415
CMP044,Thales S.A.,HO.PA,^FCHI,EUR,Euronext Paris,PRIMARY_DIRECT,Defence Contractor,False,2023-09-13,132.15609741210938,7222.56982421875,0.0,-0.0041790377179108384,0.0041790377179108384,0.18437353914481758,0.09522986589567184,0.08751322788536953,2026-02-28,807,ok,0.0009632997775444204,0.5466694848547928,0.07298295624966644,-0.0013212526188946467,0.0013212526188946467,-0.04123526699646777
CMP044,Thales S.A.,HO.PA,^FCHI,EUR,Euronext Paris,PRIMARY_DIRECT,Defence Contractor,False,2023-09-14,130.4551239013672,7308.669921875,-0.012870942348107817,0.011920978232365265,-0.02479192058047308,0.16912953560386024,0.10828607728645046,0.06272130730489645,2026-02-28,807,ok,0.0009632997775444204,0.5466694848547928,0.07298295624966644,0.007480134806796738,-0.020351077154904557,-0.061586344151372326
CMP044,Thales S.A.,HO.PA,^FCHI,EUR,Euronext Paris,PRIMARY_DIRECT,Defence Contractor,False,2023-09-15,131.82530212402344,7378.81982421875,0.01050306175549065,0.009598176288381888,0.0009048854671087625,0.1814089753164756,0.11892360243420508,0.06362619277200521,2026-02-28,807,ok,0.0009632997775444204,0.5466694848547928,0.07298295624966644,0.006210329864659634,0.004292731890831016,-0.05729361226054131
CMP044,Thales S.A.,HO.PA,^FCHI,EUR,Euronext Paris,PRIMARY_DIRECT,Defence Contractor,False,2023-09-18,131.3055877685547,7276.14013671875,-0.0039424476719939205,-0.01391546208554717,0.00997301441355325,0.1767513322520664,0.10335326346790796,0.07359920718555846,2026-02-28,807,ok,0.0009632997775444204,0.5466694848547928,0.07298295624966644,-0.006643858712278052,0.002701411040284132,-0.05459220122025718
CMP044,Thales S.A.,HO.PA,^FCHI,EUR,Euronext Paris,PRIMARY_DIRECT,Defence Contractor,False,2023-09-19,131.87257385253906,7282.1201171875,0.004318065160972218,0.0008218616404283008,0.003496203520543917,0.1818326211829917,0.10426006719099368,0.07709541070610237,2026-02-28,807,ok,0.0009632997775444204,0.5466694848547928,0.07298295624966644,0.0014125864571392745,0.002905478703832943,-0.05168672251642424
CMP044,Thales S.A.,HO.PA,^FCHI,EUR,Euronext Paris,PRIMARY_DIRECT,Defence Contractor,False,2023-09-20,129.7463836669922,7330.7900390625,-0.016123065800811576,0.006683482432558119,-0.022806548233369695,0.16277785606611261,0.11164036995104021,0.05428886247273268,2026-02-28,807,ok,0.0009632997775444204,0.5466694848547928,0.07298295624966644,0.004616955675987025,-0.0207400214767986,-0.07242674399322284
CMP044,Thales S.A.,HO.PA,^FCHI,EUR,Euronext Paris,PRIMARY_DIRECT,Defence Contractor,False,2023-09-21,127.10040283203124,7213.89990234375,-0.02039348427430654,-0.015945094061607934,-0.004448390212698605,0.13906476414391644,0.09391515968949027,0.049840472260034074,2026-02-28,807,ok,0.0009632997775444204,0.5466694848547928,0.07298295624966644,-0.007753396579076005,-0.012640087695230534,-0.08506683168845337
CMP044,Thales S.A.,HO.PA,^FCHI,EUR,Euronext Paris,PRIMARY_DIRECT,Defence Contractor,False,2023-09-22,125.39942932128906,7184.81982421875,-0.013382912035220573,-0.004031117497978021,-0.009351794537242553,0.1238207606029591,0.08950545914796249,0.04048867772279152,2026-02-28,807,ok,0.0009632997775444204,0.5466694848547928,0.07298295624966644,-0.0012403891484643655,-0.012142522886756208,-0.09720935457520959
CMP044,Thales S.A.,HO.PA,^FCHI,EUR,Euronext Paris,PRIMARY_DIRECT,Defence Contractor,False,2023-09-25,125.4466781616211,7123.8798828125,0.0003767867253285928,-0.008481763342322424,0.008858550067651016,0.12424420134720293,0.08026453168330105,0.04934722779044254,2026-02-28,807,ok,0.0009632997775444204,0.5466694848547928,0.07298295624966644,-0.003673421419463245,0.004050208144791838,-0.09315914643041776
CMP044,Thales S.A.,HO.PA,^FCHI,EUR,Euronext Paris,PRIMARY_DIRECT,Defence Contractor,False,2023-09-26,125.35218048095705,7074.02001953125,-0.0007532896211273066,-0.006998975853248823,0.006245686232121517,0.12339731985871549,0.07270378631092855,0.055592914022564055,2026-02-28,807,ok,0.0009632997775444204,0.5466694848547928,0.07298295624966644,-0.0028628267466622483,0.0021095371255349417,-0.09104960930488282
CMP044,Thales S.A.,HO.PA,^FCHI,EUR,Euronext Paris,PRIMARY_DIRECT,Defence Contractor,False,2023-09-27,125.8719253540039,7071.7900390625,0.004146277081520822,-0.0003152352499135036,0.004461512331434325,0.12805523641948757,0.07236563226476767,0.06005442635399838,2026-02-28,807,ok,0.0009632997775444204,0.5466694848547928,0.07298295624966644,0.0007909702858661335,0.003355306795654688,-0.08769430250922813
CMP044,Thales S.A.,HO.PA,^FCHI,EUR,Euronext Paris,PRIMARY_DIRECT,Defence Contractor,False,2023-09-28,126.24991607666016,7116.240234375,0.003002978794462541,0.006285564908880215,-0.003282586114417674,0.13144276237343777,0.07910605605242016,0.056771840239580706,2026-02-28,807,ok,0.0009632997775444204,0.5466694848547928,0.07298295624966644,0.0043994263083033305,-0.0013964475138407897,-0.08909075002306892
CMP044,Thales S.A.,HO.PA,^FCHI,EUR,Euronext Paris,PRIMARY_DIRECT,Defence Contractor,False,2023-09-29,125.7774429321289,7135.06005859375,-0.0037423640285381143,0.0026446302540266142,-0.0063869942825647286,0.12720849167918158,0.0819598925755598,0.05038484595701598,2026-02-28,807,ok,0.0009632997775444204,0.5466694848547928,0.07298295624966644,0.0024090384361445494,-0.006151402464682664,-0.09524215248775159
CMP044,Thales S.A.,HO.PA,^FCHI,EUR,Euronext Paris,PRIMARY_DIRECT,Defence Contractor,False,2023-10-02,124.59619903564452,7068.16015625,-0.009391540080217697,-0.009376221334419288,-1.5318745798409417e-05,0.11662226795081487,0.07181519714780693,0.05036952721121757,2026-02-28,807,ok,0.0009632997775444204,0.5466694848547928,0.07298295624966644,-0.00416239430922709,-0.0052291457709906074,-0.1004712982587422
CMP044,Thales S.A.,HO.PA,^FCHI,EUR,Euronext Paris,PRIMARY_DIRECT,Defence Contractor,False,2023-10-03,123.88746643066406,6997.0498046875,-0.005688236161824678,-0.010060659349890533,0.004372423188065855,0.1102706567871583,0.06103202956326714,0.05474195039928342,2026-02-28,807,ok,0.0009632997775444204,0.5466694848547928,0.07298295624966644,-0.004536555686559792,-0.001151680475264886,-0.10162297873400708
CMP044,Thales S.A.,HO.PA,^FCHI,EUR,Euronext Paris,PRIMARY_DIRECT,Defence Contractor,False,2023-10-04,121.52500915527344,6996.72998046875,-0.01906938081353704,-4.5708438224267844e-05,-0.019023672375312772,0.089098482826788,0.060983531446289874,0.03571827802397065,2026-02-28,807,ok,0.0009632997775444204,0.5466694848547928,0.07298295624966644,0.0009383123691668428,-0.020007693182703883,-0.12163067191671097
CMP044,Thales S.A.,HO.PA,^FCHI,EUR,Euronext Paris,PRIMARY_DIRECT,Defence Contractor,False,2023-10-05,121.05252075195312,6998.25,-0.0038879931514064214,0.00021724713337412105,-0.0041052402847805425,0.08486407538435037,0.06121402707705381,0.03161303773919011,2026-02-28,807,ok,0.0009632997775444204,0.5466694848547928,0.07298295624966644,0.0010820621560322316,-0.004970055307438653,-0.1266007272241496
CMP044,Thales S.A.,HO.PA,^FCHI,EUR,Euronext Paris,PRIMARY_DIRECT,Defence Contractor,False,2023-10-06,120.9580078125,7060.14990234375,-0.0007807597798544785,0.00884505445557826,-0.00962581423543274,0.08401705714768126,0.07060052293557395,0.02198722350375737,2026-02-28,807,ok,0.0009632997775444204,0.5466694848547928,0.07298295624966644,0.005798621140287978,-0.006579380920142456,-0.13318010814429207
CMP044,Thales S.A.,HO.PA,^FCHI,EUR,Euronext Paris,PRIMARY_DIRECT,Defence Contractor,False,2023-10-09,126.62793731689452,7021.39990234375,0.04687518922421097,-0.005488552018865223,0.05236374124307619,0.13483056182375108,0.06472447627401778,0.07435096474683356,2026-02-28,807,ok,0.0009632997775444204,0.5466694848547928,0.07298295624966644,-0.002037124127207364,0.04891231335141833,-0.08426779479287375
CMP044,Thales S.A.,HO.PA,^FCHI,EUR,Euronext Paris,PRIMARY_DIRECT,Defence Contractor,False,2023-10-10,127.9508819580078,7162.43017578125,0.01044749420345159,0.020085777109835945,-0.009638282906384354,0.1466866975403045,0.08611029478784449,0.0647126818404492,2026-02-28,807,ok,0.0009632997775444204,0.5466694848547928,0.07298295624966644,0.011943581203086626,-0.0014960869996350351,-0.08576388179250878
CMP044,Thales S.A.,HO.PA,^FCHI,EUR,Euronext Paris,PRIMARY_DIRECT,Defence Contractor,False,2023-10-11,131.35284423828125,7131.2099609375,0.026588033065609862,-0.004358885752117625,0.030946918817727487,0.17717484137040107,0.08137606409866538,0.09565960065817669,2026-02-28,807,ok,0.0009632997775444204,0.5466694848547928,0.07298295624966644,-0.0014195700511066178,0.02800760311671648,-0.057756278675792305
CMP044,Thales S.A.,HO.PA,^FCHI,EUR,Euronext Paris,PRIMARY_DIRECT,Defence Contractor,False,2023-10-12,134.94378662109375,7104.52978515625,0.027338139525158178,-0.0037413252347632264,0.031079464759921405,0.20935661142929107,0.07733028454178403,0.1267390654180981,2026-02-28,807,ok,0.0009632997775444204,0.5466694848547928,0.07298295624966644,-0.0010819685612178296,0.028420108086376007,-0.0293361705894163
CMP044,Thales S.A.,HO.PA,^FCHI,EUR,Euronext Paris,PRIMARY_DIRECT,Defence Contractor,False,2023-10-13,136.4557342529297,7003.52978515625,0.011204277497276038,-0.014216282154383086,0.025420559651659125,0.2229065784969102,0.06201465324327615,0.15215962506975722,2026-02-28,807,ok,0.0009632997775444204,0.5466694848547928,0.07298295624966644,-0.006808307864342566,0.018012585361618604,-0.011323585227797694
CMP044,Thales S.A.,HO.PA,^FCHI,EUR,Euronext Paris,PRIMARY_DIRECT,Defence Contractor,False,2023-10-16,135.32176208496094,7022.18994140625,-0.008310183329246268,0.00266439307355415,-0.010974576402800418,0.2127440006350596,0.0648442777293905,0.1411850486669568,2026-02-28,807,ok,0.0009632997775444204,0.5466694848547928,0.07298295624966644,0.0024198421665149457,-0.010730025495761214,-0.02205361072355891
CMP044,Thales S.A.,HO.PA,^FCHI,EUR,Euronext Paris,PRIMARY_DIRECT,Defence Contractor,False,2023-10-17,134.42401123046875,7029.7001953125,-0.0066341942394197995,0.0010695030993059795,-0.007703697338725779,0.20469842137215566,0.0659831319847004,0.13348135132823102,2026-02-28,807,ok,0.0009632997775444204,0.5466694848547928,0.07298295624966644,0.0015479644858926245,-0.008182158725312423,-0.03023576944887133
CMP044,Thales S.A.,HO.PA,^FCHI,EUR,Euronext Paris,PRIMARY_DIRECT,Defence Contractor,False,2023-10-18,133.76255798339844,6965.990234375,-0.004920648037620712,-0.009062969851827085,0.004142321814206373,0.19877052444910603,0.05632215899696691,0.1376236731424374,2026-02-28,807,ok,0.0009632997775444204,0.5466694848547928,0.07298295624966644,-0.003991149282608411,-0.0009294987550123009,-0.03116526820388363
CMP044,Thales S.A.,HO.PA,^FCHI,EUR,Euronext Paris,PRIMARY_DIRECT,Defence Contractor,False,2023-10-19,130.69134521484375,6921.3701171875,-0.022960182691301845,-0.0064054234482433525,-0.016554759243058492,0.1712465342028069,0.04955596827082864,0.1210689138993789,2026-02-28,807,ok,0.0009632997775444204,0.5466694848547928,0.07298295624966644,-0.002538349759183584,-0.020421832932118262,-0.051587101136001894
CMP044,Thales S.A.,HO.PA,^FCHI,EUR,Euronext Paris,PRIMARY_DIRECT,Defence Contractor,False,2023-10-20,130.26611328125,6816.22021484375,-0.0032537115054919186,-0.015192064658215099,0.01193835315272318,0.1674356358787037,0.03361104613844268,0.13300726705210209,2026-02-28,807,ok,0.0009632997775444204,0.5466694848547928,0.07298295624966644,-0.007341738383042732,0.004088026877550813,-0.04749907425845108
CMP044,Thales S.A.,HO.PA,^FCHI,EUR,Euronext Paris,PRIMARY_DIRECT,Defence Contractor,False,2023-10-23,131.63633728027344,6850.47021484375,0.010518652660381989,0.005024778971403077,0.005493873688978912,0.17971548583586405,0.038804713187688966,0.138501140741081,2026-02-28,807,ok,0.0009632997775444204,0.5466694848547928,0.07298295624966644,0.003710193109350536,0.0068084595510314525,-0.04069061470741963
CMP044,Thales S.A.,HO.PA,^FCHI,EUR,Euronext Paris,PRIMARY_DIRECT,Defence Contractor,False,2023-10-24,133.80979919433594,6893.64990234375,0.016511109006587477,0.006303171336536462,0.010207937670051015,0.19919389681925925,0.0453524772801126,0.148709078411132,2026-02-28,807,ok,0.0009632997775444204,0.5466694848547928,0.07298295624966644,0.004409051205040304,0.012102057801547172,-0.028588556905872458
CMP044,Thales S.A.,HO.PA,^FCHI,EUR,Euronext Paris,PRIMARY_DIRECT,Defence Contractor,False,2023-10-25,134.2350311279297,6915.06982421875,0.003177883354986477,0.003107196068619311,7.068728636716592e-05,0.20300479514336245,0.04860059238783876,0.14877976569749918,2026-02-28,807,ok,0.0009632997775444204,0.5466694848547928,0.07298295624966644,0.0026619090517193767,0.0005159743032671004,-0.028072582602605357
CMP044,Thales S.A.,HO.PA,^FCHI,EUR,Euronext Paris,PRIMARY_DIRECT,Defence Contractor,False,2023-10-26,134.1877899169922,6888.9599609375,-0.00035192907947012575,-0.0037757917049232592,0.0034238626254531335,0.20258142277320945,0.04464129496932312,0.1522036283229523,2026-02-28,807,ok,0.0009632997775444204,0.5466694848547928,0.07298295624966644,-0.001100810328704978,0.0007488812492348522,-0.027323701353370505
CMP044,Thales S.A.,HO.PA,^FCHI,EUR,Euronext Paris,PRIMARY_DIRECT,Defence Contractor,False,2023-10-27,133.29005432128906,6795.3798828125,-0.0066901436878754605,-0.013584064743535684,0.006893921055660224,0.19453598025848695,0.030450819984688904,0.15909754937861253,2026-02-28,807,ok,0.0009632997775444204,0.5466694848547928,0.07298295624966644,-0.006462693898038386,-0.00022744978983707444,-0.02755115114320758
CMP044,Thales S.A.,HO.PA,^FCHI,EUR,Euronext Paris,PRIMARY_DIRECT,Defence Contractor,False,2023-10-30,133.33731079101562,6825.06982421875,0.0003545386035528342,0.0043691363718081355,-0.004014597768255301,0.1949594893768214,0.0349530001416436,0.15508295161035723,2026-02-28,807,ok,0.0009632997775444204,0.5466694848547928,0.07298295624966644,0.0033517733071811123,-0.002997234703628278,-0.03054838584683586
CMP044,Thales S.A.,HO.PA,^FCHI,EUR,Euronext Paris,PRIMARY_DIRECT,Defence Contractor,False,2023-10-31,131.4945831298828,6885.64990234375,-0.013820045193659203,0.008876111114648477,-0.02269615630830768,0.17844509522904173,0.044139357969339654,0.13238679530204955,2026-02-28,807,ok,0.0009632997775444204,0.5466694848547928,0.07298295624966644,0.005815598868103205,-0.01963564406176241,-0.05018402990859827
CMP044,Thales S.A.,HO.PA,^FCHI,EUR,Euronext Paris,PRIMARY_DIRECT,Defence Contractor,False,2023-11-01,130.73861694335938,6932.6298828125,-0.005749029112299908,0.0068228825361509315,-0.01257191164845084,0.171670180069323,0.051263398160136475,0.11981488365359871,2026-02-28,807,ok,0.0009632997775444204,0.5466694848547928,0.07298295624966644,0.004693161458806812,-0.010442190571106721,-0.06062622047970499
CMP044,Thales S.A.,HO.PA,^FCHI,EUR,Euronext Paris,PRIMARY_DIRECT,Defence Contractor,False,2023-11-02,129.8881072998047,7060.68994140625,-0.0065054202303758135,0.018472074920837578,-0.02497749515121339,0.16404797317657205,0.0706824144124849,0.09483738850238532,2026-02-28,807,ok,0.0009632997775444204,0.5466694848547928,0.07298295624966644,0.011061419458717837,-0.01756683968909365,-0.07819306016879865
CMP044,Thales S.A.,HO.PA,^FCHI,EUR,Euronext Paris,PRIMARY_DIRECT,Defence Contractor,False,2023-11-03,127.66740417480467,7047.5,-0.017097047383054398,-0.0018680810962821148,-0.015228966286772283,0.14414618982302385,0.06868229283399918,0.07960842221561304,2026-02-28,807,ok,0.0009632997775444204,0.5466694848547928,0.07298295624966644,-5.792315302710009e-05,-0.0170391242300273,-0.09523218439882594
CMP044,Thales S.A.,HO.PA,^FCHI,EUR,Euronext Paris,PRIMARY_DIRECT,Defence Contractor,False,2023-11-06,129.2266082763672,7013.72998046875,0.012213016404936328,-0.004791772902625002,0.01700478930756133,0.15811966600897787,0.06356140998168214,0.09661321152317437,2026-02-28,807,ok,0.0009632997775444204,0.5466694848547928,0.07298295624966644,-0.0016562162466747452,0.013869232651611073,-0.08136295174721486
CMP044,Thales S.A.,HO.PA,^FCHI,EUR,Euronext Paris,PRIMARY_DIRECT,Defence Contractor,False,2023-11-07,128.5178985595703,6986.22998046875,-0.005484239865533036,-0.003920880911666091,-0.0015633589538669446,0.15176825996759358,0.05939131235090023,0.09504985256930742,2026-02-28,807,ok,0.0009632997775444204,0.5466694848547928,0.07298295624966644,-0.0011801261706130724,-0.004304113694919964,-0.08566706544213483
CMP044,Thales S.A.,HO.PA,^FCHI,EUR,Euronext Paris,PRIMARY_DIRECT,Defence Contractor,False,2023-11-08,129.84088134765625,7034.16015625,0.010294152043520244,0.0068606638938666364,0.0034334881496536074,0.16362473755460072,0.06665944007702196,0.09848334071896103,2026-02-28,807,ok,0.0009632997775444204,0.5466694848547928,0.07298295624966644,0.004713815374166372,0.005580336669353872,-0.08008672877278096
CMP044,Thales S.A.,HO.PA,^FCHI,EUR,Euronext Paris,PRIMARY_DIRECT,Defence Contractor,False,2023-11-09,129.55738830566406,7113.66015625,-0.0021833881520960663,0.011301988899039106,-0.013485377051135172,0.16108409308913818,0.0787148132278277,0.08499796366782586,2026-02-28,807,ok,0.0009632997775444204,0.5466694848547928,0.07298295624966644,0.007141752226816716,-0.009325140378912782,-0.08941186915169375
CMP044,Thales S.A.,HO.PA,^FCHI,EUR,Euronext Paris,PRIMARY_DIRECT,Defence Contractor,False,2023-11-10,130.974853515625,7045.0400390625,0.010940828836536243,-0.009646246191169383,0.020587075027705626,0.17378731541645132,0.06830926456937081,0.10558503869553149,2026-02-28,807,ok,0.0009632997775444204,0.5466694848547928,0.07298295624966644,-0.004310008658564654,0.015250837495100898,-0.07416103165659285
CMP044,Thales S.A.,HO.PA,^FCHI,EUR,Euronext Paris,PRIMARY_DIRECT,Defence Contractor,False,2023-11-13,133.33731079101562,7087.06005859375,0.018037487441119993,0.005964482713832986,0.012073004727287007,0.19495948937682162,0.07468117671092256,0.11765804342281849,2026-02-28,807,ok,0.0009632997775444204,0.5466694848547928,0.07298295624966644,0.004223900470140815,0.013813586970979178,-0.06034744468561368
CMP044,Thales S.A.,HO.PA,^FCHI,EUR,Euronext Paris,PRIMARY_DIRECT,Defence Contractor,False,2023-11-14,130.4551239013672,7185.68017578125,-0.02161575685417705,0.013915518758432555,-0.0355312756126096,0.16912953560386068,0.08963592278477783,0.08212676781020889,2026-02-28,807,ok,0.0009632997775444204,0.5466694848547928,0.07298295624966644,0.008570489248703952,-0.030186246102881002,-0.09053369078849469
CMP044,Thales S.A.,HO.PA,^FCHI,EUR,Euronext Paris,PRIMARY_DIRECT,Defence Contractor,False,2023-11-15,129.65188598632812,7209.60986328125,-0.006157197134290859,0.0033301910069214458,-0.009487388141212305,0.16193097457762584,0.09326461853565426,0.07263937966899658,2026-02-28,807,ok,0.0009632997775444204,0.5466694848547928,0.07298295624966644,0.002783813579766231,-0.00894101071405709,-0.09947470150255178
CMP044,Thales S.A.,HO.PA,^FCHI,EUR,Euronext Paris,PRIMARY_DIRECT,Defence Contractor,False,2023-11-16,129.32113647460938,7168.39990234375,-0.0025510582372371138,-0.0057159765533754125,0.0031649183161382988,0.15896682099382864,0.0870155436094695,0.07580429798513488,2026-02-28,807,ok,0.0009632997775444204,0.5466694848547928,0.07298295624966644,-0.0021614501803313905,-0.00038960805690572324,-0.0998643095594575
CMP044,Thales S.A.,HO.PA,^FCHI,EUR,Euronext Paris,PRIMARY_DIRECT,Defence Contractor,False,2023-11-17,130.5496063232422,7233.91015625,0.009499374055330856,0.009138755482214433,0.0003606185731164224,0.16997628034416667,0.09694951286788278,0.0761649165582513,2026-02-28,807,ok,0.0009632997775444204,0.5466694848547928,0.07298295624966644,0.005959178529220498,0.003540195526110358,-0.09632411403334715
CMP044,Thales S.A.,HO.PA,^FCHI,EUR,Euronext Paris,PRIMARY_DIRECT,Defence Contractor,False,2023-11-20,130.73861694335938,7246.93017578125,0.0014478068945622535,0.0017998591702166333,-0.0003520522756543798,0.17167018006932322,0.09892386750788273,0.07581286428259693,2026-02-28,807,ok,0.0009632997775444204,0.5466694848547928,0.07298295624966644,0.0019472278629379222,-0.0004994209683756687,-0.09682353500172282
CMP044,Thales S.A.,HO.PA,^FCHI,EUR,Euronext Paris,PRIMARY_DIRECT,Defence Contractor,False,2023-11-21,132.392333984375,7229.4501953125,0.012649032701119056,-0.0024120531100420006,0.015061085811161057,0.18649067449194612,0.096273204775561,0.09087395009375798,2026-02-28,807,ok,0.0009632997775444204,0.5466694848547928,0.07298295624966644,-0.00035529605356464107,0.013004328754683697,-0.08381920624703912
CMP044,Thales S.A.,HO.PA,^FCHI,EUR,Euronext Paris,PRIMARY_DIRECT,Defence Contractor,False,2023-11-22,132.9120635986328,7260.72998046875,0.003925677557124585,0.004326717013215076,-0.00040103945609049063,0.19114845430453675,0.10101646870179515,0.09047291063766749,2026-02-28,807,ok,0.0009632997775444204,0.5466694848547928,0.07298295624966644,0.0033285839382711734,0.0005970936188534116,-0.08322211262818571
CMP044,Thales S.A.,HO.PA,^FCHI,EUR,Euronext Paris,PRIMARY_DIRECT,Defence Contractor,False,2023-11-23,132.7703094482422,7277.93017578125,-0.0010665258408649736,0.0023689347157611618,-0.0034354605566261354,0.18987806369771465,0.10362470483712749,0.08703745008104136,2026-02-28,807,ok,0.0009632997775444204,0.5466694848547928,0.07298295624966644,0.0022583240982642096,-0.0033248499391291832,-0.0865469625673149
CMP044,Thales S.A.,HO.PA,^FCHI,EUR,Euronext Paris,PRIMARY_DIRECT,Defence Contractor,False,2023-11-24,132.81756591796875,7292.7998046875,0.0003559264862975642,0.002043112333741659,-0.0016871858474440948,0.1903015728160491,0.10587953408340223,0.08535026423359726,2026-02-28,807,ok,0.0009632997775444204,0.5466694848547928,0.07298295624966644,0.002080206944531447,-0.0017242804582338826,-0.08827124302554877
CMP044,Thales S.A.,HO.PA,^FCHI,EUR,Euronext Paris,PRIMARY_DIRECT,Defence Contractor,False,2023-11-27,129.8881072998047,7265.490234375,-0.022056258883507707,-0.003744730562183607,-0.0183115283213241,0.16404797317657183,0.10173831319402682,0.06703873591227316,2026-02-28,807,ok,0.0009632997775444204,0.5466694848547928,0.07298295624966644,-0.001083830149804491,-0.020972428733703218,-0.10924367175925198
CMP044,Thales S.A.,HO.PA,^FCHI,EUR,Euronext Paris,PRIMARY_DIRECT,Defence Contractor,False,2023-11-28,130.73861694335938,7250.1298828125,0.00654801783808856,-0.0021141521173376754,0.008662169955426235,0.17167018006932278,0.09940907080643568,0.0757009058676994,2026-02-28,807,ok,0.0009632997775444204,0.5466694848547928,0.07298295624966644,-0.00019244267134523616,0.0067404605094337966,-0.10250321124981819
CMP044,Thales S.A.,HO.PA,^FCHI,EUR,Euronext Paris,PRIMARY_DIRECT,Defence Contractor,False,2023-11-29,131.02207946777344,7267.64013671875,0.0021681621776439286,0.002415164167991035,-0.00024700199034710657,0.17421055103842242,0.10206432420021172,0.07545390387735229,2026-02-28,807,ok,0.0009632997775444204,0.5466694848547928,0.07298295624966644,0.002283596329099834,-0.0001154341514559053,-0.10261864540127409
CMP044,Thales S.A.,HO.PA,^FCHI,EUR,Euronext Paris,PRIMARY_DIRECT,Defence Contractor,False,2023-11-30,129.4156036376953,7310.77001953125,-0.01226110772019351,0.005934509964877321,-0.01819561768507083,0.15981342898595252,0.10860453591411368,0.05725828619228146,2026-02-28,807,ok,0.0009632997775444204,0.5466694848547928,0.07298295624966644,0.004207515282909541,-0.01646862300310305,-0.11908726840437714
CMP044,Thales S.A.,HO.PA,^FCHI,EUR,Euronext Paris,PRIMARY_DIRECT,Defence Contractor,False,2023-12-01,131.4945831298828,7346.14990234375,0.01606436498961661,0.004839419475374029,0.01122494551424258,0.17844509522904173,0.11396953829570444,0.06848323170652404,2026-02-28,807,ok,0.0009632997775444204,0.5466694848547928,0.07298295624966644,0.003608862729143393,0.012455502260473216,-0.10663176614390392
CMP044,Thales S.A.,HO.PA,^FCHI,EUR,Euronext Paris,PRIMARY_DIRECT,Defence Contractor,False,2023-12-04,129.0848846435547,7332.58984375,-0.01832545819737652,-0.0018458728414217918,-0.01647958535595473,0.15684954889851843,0.11191329217879331,0.05200364635056931,2026-02-28,807,ok,0.0009632997775444204,0.5466694848547928,0.07298295624966644,-4.5782577783083276e-05,-0.018279675619593438,-0.12491144176349736
CMP044,Thales S.A.,HO.PA,^FCHI,EUR,Euronext Paris,PRIMARY_DIRECT,Defence Contractor,False,2023-12-05,128.7046356201172,7386.990234375,-0.0029457284986347254,0.007418987258829057,-0.010364715757463783,0.15344178421369525,0.12016256272639048,0.04163893059310553,2026-02-28,807,ok,0.0009632997775444204,0.5466694848547928,0.07298295624966644,0.005019033720472773,-0.007964762219107498,-0.13287620398260486
CMP044,Thales S.A.,HO.PA,^FCHI,EUR,Euronext Paris,PRIMARY_DIRECT,Defence Contractor,False,2023-12-06,129.465087890625,7435.990234375,0.005908507233199911,0.006633283440931281,-0.0007247762077313702,0.16025690333879683,0.12759291850487453,0.04091415438537416,2026-02-28,807,ok,0.0009632997775444204,0.5466694848547928,0.07298295624966644,0.004589513419094152,0.0013189938141057594,-0.13155721016849908
CMP044,Thales S.A.,HO.PA,^FCHI,EUR,Euronext Paris,PRIMARY_DIRECT,Defence Contractor,False,2023-12-07,128.79969787597656,7428.52001953125,-0.005139532405914471,-0.0010046025624423915,-0.004134929843472079,0.15429372538490105,0.12646013576955273,0.03677922454190208,2026-02-28,807,ok,0.0009632997775444204,0.5466694848547928,0.07298295624966644,0.0004141142122502334,-0.005553646618164704,-0.1371108567866638
CMP044,Thales S.A.,HO.PA,^FCHI,EUR,Euronext Paris,PRIMARY_DIRECT,Defence Contractor,False,2023-12-08,132.0791015625,7526.5498046875,0.025461268470374998,0.013196408557627493,0.012264859912747506,0.1836835078205954,0.14132536394504824,0.049044084454649584,2026-02-28,807,ok,0.0009632997775444204,0.5466694848547928,0.07298295624966644,0.008177373645676021,0.017283894824698977,-0.11982696196196482
CMP044,Thales S.A.,HO.PA,^FCHI,EUR,Euronext Paris,PRIMARY_DIRECT,Defence Contractor,False,2023-12-11,130.60577392578125,7551.52978515625,-0.011154888391041728,0.0033189151891603874,-0.014473803580202116,0.17047965040053992,0.1451133260312194,0.03457028087444747,2026-02-28,807,ok,0.0009632997775444204,0.5466694848547928,0.07298295624966644,0.0027776494342794766,-0.013932537825321206,-0.13375949978728602
CMP044,Thales S.A.,HO.PA,^FCHI,EUR,Euronext Paris,PRIMARY_DIRECT,Defence Contractor,False,2023-12-12,130.6532745361328,7543.5498046875,0.0003636945666625202,-0.001056736938843339,0.0014204315055058592,0.1709053474897797,0.1439032424804405,0.03599071237995333,2026-02-28,807,ok,0.0009632997775444204,0.5466694848547928,0.07298295624966644,0.0003856139395599016,-2.1919372897381394e-05,-0.1337814191601834
CMP044,Thales S.A.,HO.PA,^FCHI,EUR,Euronext Paris,PRIMARY_DIRECT,Defence Contractor,False,2023-12-13,131.8414764404297,7531.22021484375,0.009094314004110648,-0.0016344546218928224,0.010728768626003471,0.18155392838894402,0.14203358453877013,0.0467194810059568,2026-02-28,807,ok,0.0009632997775444204,0.5466694848547928,0.07298295624966644,6.979331137573592e-05,0.009024520692734912,-0.1247568984674485
CMP044,Thales S.A.,HO.PA,^FCHI,EUR,Euronext Paris,PRIMARY_DIRECT,Defence Contractor,False,2023-12-14,127.89669036865234,7575.85009765625,-0.029920675786422435,0.005925982980093503,-0.03584665876651594,0.14620103637344473,0.14880125612344197,0.01087282223944086,2026-02-28,807,ok,0.0009632997775444204,0.5466694848547928,0.07298295624966644,0.004202853840530406,-0.034123529626952843,-0.15888042809440134
CMP044,Thales S.A.,HO.PA,^FCHI,EUR,Euronext Paris,PRIMARY_DIRECT,Defence Contractor,False,2023-12-15,128.2293701171875,7596.91015625,0.0026011599485196157,0.0027798937838363624,-0.0001787338353167467,0.14918248860221106,0.15199480159420298,0.010694088404124114,2026-02-28,807,ok,0.0009632997775444204,0.5466694848547928,0.07298295624966644,0.0024829828803052856,0.00011817706821433014,-0.15876225102618702
CMP044,Thales S.A.,HO.PA,^FCHI,EUR,Euronext Paris,PRIMARY_DIRECT,Defence Contractor,False,2023-12-18,128.609619140625,7568.85986328125,0.0029653816679438005,-0.0036923291695997174,0.006657710837543518,0.15259025328703402,0.1477412575850494,0.01735179924166763,2026-02-28,807,ok,0.0009632997775444204,0.5466694848547928,0.07298295624966644,-0.0010551839075149823,0.004020565575458783,-0.15474168545072822
CMP044,Thales S.A.,HO.PA,^FCHI,EUR,Euronext Paris,PRIMARY_DIRECT,Defence Contractor,False,2023-12-19,128.1343231201172,7574.669921875,-0.0036956490788462304,0.0007676266569469625,-0.004463275735793193,0.1483306841791867,0.14862229436964958,0.012888523505874439,2026-02-28,807,ok,0.0009632997775444204,0.5466694848547928,0.07298295624966644,0.0013829378466584232,-0.005078586925504653,-0.15982027237623286
CMP044,Thales S.A.,HO.PA,^FCHI,EUR,Euronext Paris,PRIMARY_DIRECT,Defence Contractor,False,2023-12-20,127.23130798339844,7583.43017578125,-0.007047410207741356,0.0011565195574991805,-0.008203929765240536,0.14023792679363978,0.1499506985172676,0.004684593740633902,2026-02-28,807,ok,0.0009632997775444204,0.5466694848547928,0.07298295624966644,0.0015955337282669902,-0.008642943936008346,-0.1684632163122412
CMP044,Thales S.A.,HO.PA,^FCHI,EUR,Euronext Paris,PRIMARY_DIRECT,Defence Contractor,False,2023-12-21,128.2769012451172,7571.39990234375,0.008218050087602569,-0.0015863894251865185,0.009804439512789087,0.14960845918781396,0.148126428889654,0.01448903325342299,2026-02-28,807,ok,0.0009632997775444204,0.5466694848547928,0.07298295624966644,9.606908769861536e-05,0.008121980999903954,-0.16034123531233724
CMP044,Thales S.A.,HO.PA,^FCHI,EUR,Euronext Paris,PRIMARY_DIRECT,Defence Contractor,False,2023-12-22,127.75408935546876,7568.81982421875,-0.004075651068694008,-0.0003407663256832505,-0.003734884743010758,0.14492305624254542,0.14773518606506153,0.010754148510412231,2026-02-28,807,ok,0.0009632997775444204,0.5466694848547928,0.07298295624966644,0.0007770132258272973,-0.004852664294521305,-0.16519389960685854
CMP044,Thales S.A.,HO.PA,^FCHI,EUR,Euronext Paris,PRIMARY_DIRECT,Defence Contractor,False,2023-12-27,127.65906524658205,7571.81982421875,-0.000743804831345285,0.00039636298256184865,-0.0011401678139071336,0.14407145694179357,0.14819010580660152,0.009613980696505098,2026-02-28,807,ok,0.0009632997775444204,0.5466694848547928,0.07298295624966644,0.0011799793250370154,-0.0019237841563823003,-0.16711768376324085
CMP044,Thales S.A.,HO.PA,^FCHI,EUR,Euronext Paris,PRIMARY_DIRECT,Defence Contractor,False,2023-12-28,127.46894073486328,7535.16015625,-0.0014893146158599935,-0.004841592750463031,0.0033522781346030373,0.14236757459938199,0.142631036914175,0.012966258831108135,2026-02-28,807,ok,0.0009632997775444204,0.5466694848547928,0.07298295624966644,-0.0016834512372279043,0.00019413662136791082,-0.16692354714187294
CMP044,Thales S.A.,HO.PA,^FCHI,EUR,Euronext Paris,PRIMARY_DIRECT,Defence Contractor,False,2023-12-29,127.32635498046876,7543.18017578125,-0.0011185921336798188,0.0010643462600590237,-0.0021829383937388425,0.14108973121666413,0.143847191984942,0.010783320437369293,2026-02-28,807,ok,0.0009632997775444204,0.5466694848547928,0.07298295624966644,0.0015451453992380122,-0.0026637375329178307,-0.16958728467479076
CMP044,Thales S.A.,HO.PA,^FCHI,EUR,Euronext Paris,PRIMARY_DIRECT,Defence Contractor,False,2024-01-02,126.85108184814452,7530.85986328125,-0.003732716077493592,-0.0016333048147990636,-0.0020994112626945283,0.13683036723108888,0.14197894085887852,0.008683909174674764,2026-02-28,807,ok,0.0009632997775444204,0.5466694848547928,0.07298295624966644,7.042187582736341e-05,-0.0038031379533209554,-0.17339042262811172
CMP044,Thales S.A.,HO.PA,^FCHI,EUR,Euronext Paris,PRIMARY_DIRECT,Defence Contractor,False,2024-01-03,127.6115264892578,7411.85986328125,0.0059947824648718395,-0.015801648438608873,0.021796430903480712,0.14364541798209962,0.12393379111113156,0.030480340078155477,2026-02-28,807,ok,0.0009632997775444204,0.5466694848547928,0.07298295624966644,-0.007674979234246433,0.013669761699118273,-0.15972066092899345
CMP044,Thales S.A.,HO.PA,^FCHI,EUR,Euronext Paris,PRIMARY_DIRECT,Defence Contractor,False,2024-01-04,130.32058715820312,7450.6298828125,0.02122896530959828,0.005230808494278039,0.01599815681532024,0.16792382688692253,0.12981287353268178,0.04647849689347572,2026-02-28,807,ok,0.0009632997775444204,0.5466694848547928,0.07298295624966644,0.0038228231624854703,0.01740614214711281,-0.14231451878188064
CMP044,Thales S.A.,HO.PA,^FCHI,EUR,Euronext Paris,PRIMARY_DIRECT,Defence Contractor,False,2024-01-05,129.94036865234375,7420.68994140625,-0.0029175628667004183,-0.0040184443298300065,0.0011008814631295882,0.1645163356984627,0.12527278339726533,0.047579378356605306,2026-02-28,807,ok,0.0009632997775444204,0.5466694848547928,0.07298295624966644,-0.0012334611141614125,-0.0016841017525390059,-0.14399862053441964
CMP044,Thales S.A.,HO.PA,^FCHI,EUR,Euronext Paris,PRIMARY_DIRECT,Defence Contractor,False,2024-01-08,130.32058715820312,7450.240234375,0.002926099947250904,0.003982148991815926,-0.0010560490445650217,0.16792382688692276,0.12975378727718856,0.046523329312040285,2026-02-28,807,ok,0.0009632997775444204,0.5466694848547928,0.07298295624966644,0.003140219115515465,-0.00021411916826456073,-0.1442127397026842
CMP044,Thales S.A.,HO.PA,^FCHI,EUR,Euronext Paris,PRIMARY_DIRECT,Defence Contractor,False,2024-01-09,130.4156494140625,7426.6201171875,0.000729449259954329,-0.0031703832956309075,0.0038998325555852364,0.16877576805812855,0.12617203474182914,0.05042316186762552,2026-02-28,807,ok,0.0009632997775444204,0.5466694848547928,0.07298295624966644,-0.0007698520254703682,0.001499301285424697,-0.1427134384172595
CMP044,Thales S.A.,HO.PA,^FCHI,EUR,Euronext Paris,PRIMARY_DIRECT,Defence Contractor,False,2024-01-10,131.55630493164062,7426.080078125,0.008746308611757181,-7.271666706776259e-05,0.008819025278824943,0.17899824162350852,0.12609014326491774,0.059242187146450465,2026-02-28,807,ok,0.0009632997775444204,0.5466694848547928,0.07298295624966644,0.0009235477946181291,0.007822760817139052,-0.13489067760012044
CMP044,Thales S.A.,HO.PA,^FCHI,EUR,Euronext Paris,PRIMARY_DIRECT,Defence Contractor,False,2024-01-11,131.88900756835938,7387.6201171875,0.002528975231492092,-0.005179039349547443,0.007708014581039535,0.18197989897454714,0.12025807810181122,0.06695020172749,2026-02-28,807,ok,0.0009632997775444204,0.5466694848547928,0.07298295624966644,-0.0018679229957153818,0.004396898227207474,-0.13049377937291295
CMP044,Thales S.A.,HO.PA,^FCHI,EUR,Euronext Paris,PRIMARY_DIRECT,Defence Contractor,False,2024-01-12,134.83572387695312,7465.14013671875,0.02234239504051505,0.010493233044143402,0.011849161996371649,0.20838816080738454,0.13201320718491782,0.07879936372386165,2026-02-28,807,ok,0.0009632997775444204,0.5466694848547928,0.07298295624966644,0.006699630080247584,0.015642764960267466,-0.11485101441264549
CMP044,Thales S.A.,HO.PA,^FCHI,EUR,Euronext Paris,PRIMARY_DIRECT,Defence Contractor,False,2024-01-15,131.88900756835938,7411.68017578125,-0.02185412162197331,-0.007161280291919314,-0.014692841330053996,0.18197989897454736,0.123906543314112,0.06410652239380765,2026-02-28,807,ok,0.0009632997775444204,0.5466694848547928,0.07298295624966644,-0.002951553630539892,-0.018902567991433417,-0.13375358240407892
CMP044,Thales S.A.,HO.PA,^FCHI,EUR,Euronext Paris,PRIMARY_DIRECT,Defence Contractor,False,2024-01-16,131.9365234375,7398.0,0.00036027164065211004,-0.0018457590528463408,0.002206030693498451,0.1824057328119688,0.12183208263723677,0.0663125530873061,2026-02-28,807,ok,0.0009632997775444204,0.5466694848547928,0.07298295624966644,-4.5720373041159014e-05,0.00040599201369326905,-0.13334759039038566
CMP044,Thales S.A.,HO.PA,^FCHI,EUR,Euronext Paris,PRIMARY_DIRECT,Defence Contractor,False,2024-01-17,131.46124267578125,7318.68994140625,-0.0036023441374358756,-0.010720472910752954,0.007118128773317078,0.17814630045230295,0.10980551218491064,0.07343068186062318,2026-02-28,807,ok,0.0009632997775444204,0.5466694848547928,0.07298295624966644,-0.004897255625976658,0.0012949114885407826,-0.13205267890184488
CMP044,Thales S.A.,HO.PA,^FCHI,EUR,Euronext Paris,PRIMARY_DIRECT,Defence Contractor,False,2024-01-18,129.70274353027344,7401.35009765625,-0.013376559582999992,0.01129439242703012,-0.02467095201003011,0.16238675626681176,0.12234009115720812,0.04875972985059307,2026-02-28,807,ok,0.0009632997775444204,0.5466694848547928,0.07298295624966644,0.00713759946737685,-0.020514159050376842,-0.15256683795222173
CMP044,Thales S.A.,HO.PA,^FCHI,EUR,Euronext Paris,PRIMARY_DIRECT,Defence Contractor,False,2024-01-19,126.42333221435548,7371.64013671875,-0.02528405511447429,-0.004014127226181108,-0.021269927888293183,0.1329969054570268,0.11783487524025937,0.027489801962299887,2026-02-28,807,ok,0.0009632997775444204,0.5466694848547928,0.07298295624966644,-0.0012311010853336044,-0.024052954029140688,-0.1766197919813624
CMP044,Thales S.A.,HO.PA,^FCHI,EUR,Euronext Paris,PRIMARY_DIRECT,Defence Contractor,False,2024-01-22,127.89669036865234,7413.25,0.011654163266308526,0.005644586891048631,0.006009576375259895,0.1462010363734454,0.12414459132339761,0.03349937833755978,2026-02-28,807,ok,0.0009632997775444204,0.5466694848547928,0.07298295624966644,0.004049023185492092,0.007605140080816434,-0.16901465190054596
CMP044,Thales S.A.,HO.PA,^FCHI,EUR,Euronext Paris,PRIMARY_DIRECT,Defence Contractor,False,2024-01-23,127.51644897460938,7388.0400390625,-0.0029730354471796394,-0.003400662454051906,0.0004276270068722665,0.14279334006271305,0.12032175501875852,0.03392700534443205,2026-02-28,807,ok,0.0009632997775444204,0.5466694848547928,0.07298295624966644,-0.0008957386143771706,-0.0020772968328024687,-0.17109194873334843
CMP044,Thales S.A.,HO.PA,^FCHI,EUR,Euronext Paris,PRIMARY_DIRECT,Defence Contractor,False,2024-01-24,127.84915161132812,7455.64013671875,0.0026090958413138576,0.009149936559470495,-0.0065408407181566375,0.14577499741375188,0.13057262800337477,0.02738616462627541,2026-02-28,807,ok,0.0009632997775444204,0.5466694848547928,0.07298295624966644,0.005965290882964191,-0.0033561950416503335,-0.17444814377499876
CMP044,Thales S.A.,HO.PA,^FCHI,EUR,Euronext Paris,PRIMARY_DIRECT,Defence Contractor,False,2024-01-25,128.51455688476562,7464.2001953125,0.005204612350188986,0.0011481319426338565,0.00405648040755513,0.15173831211582933,0.13187067455105295,0.03144264503383054,2026-02-28,807,ok,0.0009632997775444204,0.5466694848547928,0.07298295624966644,0.0015909484751694034,0.003613663875019583,-0.17083447989997919
CMP044,Thales S.A.,HO.PA,^FCHI,EUR,Euronext Paris,PRIMARY_DIRECT,Defence Contractor,False,2024-01-26,128.32444763183594,7634.14013671875,-0.0014792818614326464,0.022767334337170153,-0.0242466161986028,0.1500345665215994,0.15764035262499498,0.007196028835227741,2026-02-28,807,ok,0.0009632997775444204,0.5466694848547928,0.07298295624966644,0.013409506711162065,-0.014888788572594711,-0.1857232684725739
CMP044,Thales S.A.,HO.PA,^FCHI,EUR,Euronext Paris,PRIMARY_DIRECT,Defence Contractor,False,2024-01-29,130.4156494140625,7640.81005859375,0.01629620715942015,0.0008736965467688318,0.015422510612651319,0.16877576805812944,0.1586517790034836,0.02261853944787906,2026-02-28,807,ok,0.0009632997775444204,0.5466694848547928,0.07298295624966644,0.001440923018685949,0.014855284140734202,-0.1708679843318397
CMP044,Thales S.A.,HO.PA,^FCHI,EUR,Euronext Paris,PRIMARY_DIRECT,Defence Contractor,False,2024-01-30,130.13047790527344,7677.47021484375,-0.002186635653545377,0.004797941051913446,-0.006984576705458823,0.16622008129269372,0.16421092193883702,0.015633962742420238,2026-02-28,807,ok,0.0009632997775444204,0.5466694848547928,0.07298295624966644,0.0035861877407576065,-0.005772823394302983,-0.17664080772614268
CMP044,Thales S.A.,HO.PA,^FCHI,EUR,Euronext Paris,PRIMARY_DIRECT,Defence Contractor,False,2024-01-31,128.65713500976562,7656.75,-0.011322043223266354,-0.0026988336345075137,-0.00862320958875884,0.15301608712445658,0.16106891034504756,0.007010753153661398,2026-02-28,807,ok,0.0009632997775444204,0.5466694848547928,0.07298295624966644,-0.0005120702151405905,-0.010809973008125763,-0.18745078073426844
CMP044,Thales S.A.,HO.PA,^FCHI,EUR,Euronext Paris,PRIMARY_DIRECT,Defence Contractor,False,2024-02-01,128.46702575683594,7588.75,-0.001477642517962674,-0.008881052665948297,0.007403410147985623,0.15131234153022644,0.15075739620347806,0.01441416330164702,2026-02-28,807,ok,0.0009632997775444204,0.5466694848547928,0.07298295624966644,-0.00389170070831782,0.002414058190355146,-0.1850367225439133
CMP044,Thales S.A.,HO.PA,^FCHI,EUR,Euronext Paris,PRIMARY_DIRECT,Defence Contractor,False,2024-02-02,128.94229125976562,7592.259765625,0.003699513553223177,0.0004624958820622638,0.0032370176711609133,0.15557163714171063,0.15128961676047492,0.017651180972807934,2026-02-28,807,ok,0.0009632997775444204,0.5466694848547928,0.07298295624966644,0.0012161321631388611,0.002483381390084316,-0.18255334115382899
CMP044,Thales S.A.,HO.PA,^FCHI,EUR,Euronext Paris,PRIMARY_DIRECT,Defence Contractor,False,2024-02-05,128.2769012451172,7589.9599609375,-0.005160370644476497,-0.00030291438366114587,-0.0048574562608153515,0.14960845918781485,0.15094087457579852,0.012793724711992582,2026-02-28,807,ok,0.0009632997775444204,0.5466694848547928,0.07298295624966644,0.0007977057274732747,-0.005958076371949772,-0.18851141752577877
CMP044,Thales S.A.,HO.PA,^FCHI,EUR,Euronext Paris,PRIMARY_DIRECT,Defence Contractor,False,2024-02-06,130.08297729492188,7638.97021484375,0.014079511059855943,0.006457248016917827,0.0076222630429381155,0.16579438420345372,0.15837278525574283,0.020415987754930698,2026-02-28,807,ok,0.0009632997775444204,0.5466694848547928,0.07298295624966644,0.004493280224532522,0.009586230835323421,-0.17892518669045535
CMP044,Thales S.A.,HO.PA,^FCHI,EUR,Euronext Paris,PRIMARY_DIRECT,Defence Contractor,False,2024-02-07,129.41754150390625,7611.259765625,-0.005115471715464781,-0.0036275110963129853,-0.0014879606191517958,0.15983079600501338,0.1541707751235606,0.018928027135778902,2026-02-28,807,ok,0.0009632997775444204,0.5466694848547928,0.07298295624966644,-0.0010197498447820441,-0.004095721870682737,-0.1830209085611381
CMP044,Thales S.A.,HO.PA,^FCHI,EUR,Euronext Paris,PRIMARY_DIRECT,Defence Contractor,False,2024-02-08,127.27882385253906,7665.6298828125,-0.016525716889024933,0.007143379527401406,-0.02366909641642634,0.14066376063106212,0.16241545500970322,-0.004741069280647436,2026-02-28,807,ok,0.0009632997775444204,0.5466694848547928,0.07298295624966644,0.004868367383911221,-0.021394084272936154,-0.20441499283407424
CMP044,Thales S.A.,HO.PA,^FCHI,EUR,Euronext Paris,PRIMARY_DIRECT,Defence Contractor,False,2024-02-09,127.08871459960938,7647.52001953125,-0.0014936440106481097,-0.0023624755640569983,0.0008688315534088886,0.1389600150368322,0.15966927690196053,-0.0038722377272385478,2026-02-28,807,ok,0.0009632997775444204,0.5466694848547928,0.07298295624966644,-0.000328193522040655,-0.0011654504886074546,-0.2055804433226817
CMP044,Thales S.A.,HO.PA,^FCHI,EUR,Euronext Paris,PRIMARY_DIRECT,Defence Contractor,False,2024-02-12,127.32635498046876,7689.7998046875,0.0018698779164465495,0.005528561553061584,-0.0036586836366150344,0.14108973121666524,0.1660805798805074,-0.007530921363853582,2026-02-28,807,ok,0.0009632997775444204,0.5466694848547928,0.07298295624966644,0.00398559567374461,-0.0021157177572980607,-0.20769616107997974
CMP044,Thales S.A.,HO.PA,^FCHI,EUR,Euronext Paris,PRIMARY_DIRECT,Defence Contractor,False,2024-02-13,125.9005355834961,7625.31005859375,-0.01119814823248011,-0.008386401171905478,-0.002811747060574632,0.12831163925994016,0.15630136033886122,-0.010342668424428214,2026-02-28,807,ok,0.0009632997775444204,0.5466694848547928,0.07298295624966644,-0.0036212898308867784,-0.007576858401593331,-0.21527301948157307
CMP044,Thales S.A.,HO.PA,^FCHI,EUR,Euronext Paris,PRIMARY_DIRECT,Defence Contractor,False,2024-02-14,131.03350830078125,7677.35009765625,0.04077006260137006,0.006824645642291127,0.03394541695907893,0.17431297542642232,0.16419270737887315,0.02360274853465072,2026-02-28,807,ok,0.0009632997775444204,0.5466694848547928,0.07298295624966644,0.004694125295132218,0.03607593730623784,-0.17919708217533523
CMP044,Thales S.A.,HO.PA,^FCHI,EUR,Euronext Paris,PRIMARY_DIRECT,Defence Contractor,False,2024-02-15,132.69696044921875,7743.419921875,0.012694860803231567,0.0086058110387488,0.004089049764482766,0.1892207151888894,0.1742115298312652,0.027691798299133485,2026-02-28,807,ok,0.0009632997775444204,0.5466694848547928,0.07298295624966644,0.005667834064854917,0.00702702673837665,-0.17217005543695857
CMP044,Thales S.A.,HO.PA,^FCHI,EUR,Euronext Paris,PRIMARY_DIRECT,Defence Contractor,False,2024-02-16,133.69505310058594,7768.18017578125,0.007521593923390135,0.0031975863579738473,0.004324007565416288,0.19816555049382378,0.17796617260042935,0.03201580586454977,2026-02-28,807,ok,0.0009632997775444204,0.5466694848547928,0.07298295624966644,0.0027113226646366968,0.0048102712587534385,-0.16735978417820513
CMP044,Thales S.A.,HO.PA,^FCHI,EUR,Euronext Paris,PRIMARY_DIRECT,Defence Contractor,False,2024-02-19,127.3739013671875,7768.5498046875,-0.04728037116409012,4.7582432163739696e-05,-0.04732795359625386,0.14151583855044936,0.1780222230959283,-0.015312147731704084,2026-02-28,807,ok,0.0009632997775444204,0.5466694848547928,0.07298295624966644,0.0009893116412235101,-0.04826968280531363,-0.21562946698351876
CMP044,Thales S.A.,HO.PA,^FCHI,EUR,Euronext Paris,PRIMARY_DIRECT,Defence Contractor,False,2024-02-20,128.46702575683594,7795.22021484375,0.00858201231111888,0.003433125979337426,0.005148886331781455,0.15131234153022644,0.18206652179427585,-0.01016326139992263,2026-02-28,807,ok,0.0009632997775444204,0.5466694848547928,0.07298295624966644,0.002840084988110417,0.005741927323008464,-0.2098875396605103
CMP044,Thales S.A.,HO.PA,^FCHI,EUR,Euronext Paris,PRIMARY_DIRECT,Defence Contractor,False,2024-02-21,128.18185424804688,7812.08984375,-0.002219803152669231,0.002164099081399584,-0.004383902234068815,0.14875665476479072,0.184624630868244,-0.014547163633991445,2026-02-28,807,ok,0.0009632997775444204,0.5466694848547928,0.07298295624966644,0.0021463467075478614,-0.004366149860217092,-0.21425368952072738
CMP044,Thales S.A.,HO.PA,^FCHI,EUR,Euronext Paris,PRIMARY_DIRECT,Defence Contractor,False,2024-02-22,127.6115264892578,7911.60009765625,-0.004449364242191667,0.012737981244015373,-0.01718734548620704,0.1436454179821005,0.19971435719744224,-0.031734509120198484,2026-02-28,807,ok,0.0009632997775444204,0.5466694848547928,0.07298295624966644,0.007926765422300319,-0.012376129664491985,-0.22662981918521935
CMP044,Thales S.A.,HO.PA,^FCHI,EUR,Euronext Paris,PRIMARY_DIRECT,Defence Contractor,False,2024-02-23,128.89476013183594,7966.68017578125,0.01005578162005727,0.006961939107781312,0.003093842512275957,0.15514566655610773,0.20806669549898182,-0.028640666607922527,2026-02-28,807,ok,0.0009632997775444204,0.5466694848547928,0.07298295624966644,0.004769179443185666,0.005286602176871603,-0.22134321700834775
CMP044,Thales S.A.,HO.PA,^FCHI,EUR,Euronext Paris,PRIMARY_DIRECT,Defence Contractor,False,2024-02-26,131.88900756835938,7929.81982421875,0.023230171912813624,-0.004626814526150547,0.02785698643896417,0.1819798989745478,0.20247719496368854,-0.0007836801689583561,2026-02-28,807,ok,0.0009632997775444204,0.5466694848547928,0.07298295624966644,-0.0015660385359849713,0.024796210448798595,-0.19654700655954915
CMP044,Thales S.A.,HO.PA,^FCHI,EUR,Euronext Paris,PRIMARY_DIRECT,Defence Contractor,False,2024-02-27,130.08297729492188,7948.39990234375,-0.013693561781495833,0.0023430643491109127,-0.016036626130606746,0.16579438420345372,0.2052946764098269,-0.016820306299565102,2026-02-28,807,ok,0.0009632997775444204,0.5466694848547928,0.07298295624966644,0.0022441815582545134,-0.015937743339750347,-0.2124847498992995
CMP044,Thales S.A.,HO.PA,^FCHI,EUR,Euronext Paris,PRIMARY_DIRECT,Defence Contractor,False,2024-02-28,129.84532165527344,7954.39013671875,-0.0018269541840946202,0.000753640285918955,-0.0025805944700135752,0.16366453127543923,0.2062030350343731,-0.019400900769578677,2026-02-28,807,ok,0.0009632997775444204,0.5466694848547928,0.07298295624966644,0.0013752919244135542,-0.0032022461085081744,-0.21568699600780766
CMP044,Thales S.A.,HO.PA,^FCHI,EUR,Euronext Paris,PRIMARY_DIRECT,Defence Contractor,False,2024-02-29,130.2730712890625,7927.43017578125,0.003294301468363292,-0.003389318410854436,0.006683619879217728,0.1674979930495022,0.20211482888050258,-0.012717280890360949,2026-02-28,807,ok,0.0009632997775444204,0.5466694848547928,0.07298295624966644,-0.0008895371721262393,0.004183838640489532,-0.21150315736731812
CMP044,Thales S.A.,HO.PA,^FCHI,EUR,Euronext Paris,PRIMARY_DIRECT,Defence Contractor,False,2024-03-01,128.7046356201172,7934.169921875,-0.012039599998875605,0.0008501804423759474,-0.012889780441251553,0.15344178421369614,0.20313684339750693,-0.025607061331612502,2026-02-28,807,ok,0.0009632997775444204,0.5466694848547928,0.07298295624966644,0.0014280674820116995,-0.013467667480887305,-0.2249708248482054
CMP044,Thales S.A.,HO.PA,^FCHI,EUR,Euronext Paris,PRIMARY_DIRECT,Defence Contractor,False,2024-03-04,131.50880432128906,7956.41015625,0.02178762783221444,0.0028030952946549448,0.018984532537559495,0.17857254453426963,0.20650935062206055,-0.006622528794053006,2026-02-28,807,ok,0.0009632997775444204,0.5466694848547928,0.07298295624966644,0.0024956664382723326,0.019291961393942108,-0.2056788634542633
CMP044,Thales S.A.,HO.PA,^FCHI,EUR,Euronext Paris,PRIMARY_DIRECT,Defence Contractor,False,2024-03-05,143.4381866455078,7932.81982421875,0.09071166288664667,-0.0029649466993251217,0.09367660958597179,0.2854828198815196,0.20293211470522876,0.08705408079191879,2026-02-28,807,ok,0.0009632997775444204,0.5466694848547928,0.07298295624966644,-0.0006575461071975623,0.09136920899384424,-0.11430965446041907
CMP044,Thales S.A.,HO.PA,^FCHI,EUR,Euronext Paris,PRIMARY_DIRECT,Defence Contractor,False,2024-03-06,139.73104858398438,7954.740234375,-0.025844847513899705,0.002763255770580786,-0.02860810328448049,0.25225971241994394,0.2062561238128049,0.058445977507438296,2026-02-28,807,ok,0.0009632997775444204,0.5466694848547928,0.07298295624966644,0.0024738873861698523,-0.02831873490006956,-0.14262838936048863
CMP044,Thales S.A.,HO.PA,^FCHI,EUR,Euronext Paris,PRIMARY_DIRECT,Defence Contractor,False,2024-03-07,138.68544006347656,8016.22021484375,-0.00748300775743016,0.0077287225801636605,-0.01521173033759382,0.2428890432775883,0.2155789427543775,0.043234247169844475,2026-02-28,807,ok,0.0009632997775444204,0.5466694848547928,0.07298295624966644,0.005188356569028094,-0.012671364326458254,-0.15529975368694687
CMP044,Thales S.A.,HO.PA,^FCHI,EUR,Euronext Paris,PRIMARY_DIRECT,Defence Contractor,False,2024-03-08,136.16648864746094,8028.009765625,-0.018163056012676537,0.0014707119397019408,-0.019633767952378478,0.22031437996699554,0.2173667092191367,0.023600479217465997,2026-02-28,807,ok,0.0009632997775444204,0.5466694848547928,0.07298295624966644,0.0017672931159910736,-0.01993034912866761,-0.1752301028156145
CMP044,Thales S.A.,HO.PA,^FCHI,EUR,Euronext Paris,PRIMARY_DIRECT,Defence Contractor,False,2024-03-11,133.74256896972656,8019.72998046875,-0.017801146976845206,-0.0010313621181308186,-0.016769784858714387,0.19859138433124524,0.2161111633113746,0.00683069435875161,2026-02-28,807,ok,0.0009632997775444204,0.5466694848547928,0.07298295624966644,0.0003994855797270978,-0.018200632556572303,-0.1934307353721868
CMP044,Thales S.A.,HO.PA,^FCHI,EUR,Euronext Paris,PRIMARY_DIRECT,Defence Contractor,False,2024-03-12,135.3109893798828,8087.47998046875,0.0117271592899586,0.008447915349394375,0.003279243940564225,0.21264745641886984,0.22638476747448255,0.010109938299315835,2026-02-28,807,ok,0.0009632997775444204,0.5466694848547928,0.07298295624966644,0.005581517309694741,0.006145641980263859,-0.18728509339192295
CMP044,Thales S.A.,HO.PA,^FCHI,EUR,Euronext Paris,PRIMARY_DIRECT,Defence Contractor,False,2024-03-13,136.64173889160156,8137.580078125,0.009834748218289224,0.006194772386113101,0.0036399758321761233,0.2245735388302983,0.23398194196678324,0.013749914131491958,2026-02-28,807,ok,0.0009632997775444204,0.5466694848547928,0.07298295624966644,0.004349792806653565,0.005484955411635659,-0.1818001379802873
CMP044,Thales S.A.,HO.PA,^FCHI,EUR,Euronext Paris,PRIMARY_DIRECT,Defence Contractor,False,2024-03-14,138.8280487060547,8161.419921875,0.01600030731596247,0.002929598667063882,0.013070708648898588,0.24416709178257867,0.2375970138191501,0.026820622780390546,2026-02-28,807,ok,0.0009632997775444204,0.5466694848547928,0.07298295624966644,0.0025648219716995204,0.013435485344262948,-0.16836465263602435
CMP044,Thales S.A.,HO.PA,^FCHI,EUR,Euronext Paris,PRIMARY_DIRECT,Defence Contractor,False,2024-03-15,139.3983612060547,8164.35009765625,0.004108049528287694,0.000359027694849523,0.003749021833438171,0.2492781918170872,0.23804134542217414,0.030569644613828717,2026-02-28,807,ok,0.0009632997775444204,0.5466694848547928,0.07298295624966644,0.0011595692625364128,0.002948480265751281,-0.16541617237027306
CMP044,Thales S.A.,HO.PA,^FCHI,EUR,Euronext Paris,PRIMARY_DIRECT,Defence Contractor,False,2024-03-18,141.25193786621094,8148.14013671875,0.013296975976757386,-0.0019854563735762776,0.015282432350333663,0.26588981392196587,0.23558326834215482,0.04585207696416238,2026-02-28,807,ok,0.0009632997775444204,0.5466694848547928,0.07298295624966644,-0.00012208863540018832,0.013419064612157574,-0.15199710775811548
CMP044,Thales S.A.,HO.PA,^FCHI,EUR,Euronext Paris,PRIMARY_DIRECT,Defence Contractor,False,2024-03-19,143.67584228515625,8201.0498046875,0.017160149839793082,0.0064934656352211295,0.010666684204571952,0.2876126728095345,0.24360648583458877,0.05651876116873433,2026-02-28,807,ok,0.0009632997775444204,0.5466694848547928,0.07298295624966644,0.004513079291273056,0.012647070548520026,-0.13935003720959546
CMP044,Thales S.A.,HO.PA,^FCHI,EUR,Euronext Paris,PRIMARY_DIRECT,Defence Contractor,False,2024-03-20,145.3393096923828,8161.41015625,0.011577919995242159,-0.004833484661298293,0.01641140465654045,0.30252054932018324,0.2375955329606163,0.07293016582527478,2026-02-28,807,ok,0.0009632997775444204,0.5466694848547928,0.07298295624966644,-0.0016790187923010603,0.01325693878754322,-0.12609309842205224
CMP044,Thales S.A.,HO.PA,^FCHI,EUR,Euronext Paris,PRIMARY_DIRECT,Defence Contractor,False,2024-03-21,147.3829803466797,8179.72021484375,0.014061375815134891,0.002243492024442295,0.011817883790692596,0.32083578027111037,0.24037206866829885,0.08474804961596738,2026-02-28,807,ok,0.0009632997775444204,0.5466694848547928,0.07298295624966644,0.002189748406822126,0.011871627408312765,-0.11422147101373947
CMP044,Thales S.A.,HO.PA,^FCHI,EUR,Euronext Paris,PRIMARY_DIRECT,Defence Contractor,False,2024-03-22,149.42666625976562,8151.919921875,0.013866498752289402,-0.0033986850697289572,0.01726518382201836,0.33915114797021895,0.23615643463760705,0.10201323343798574,2026-02-28,807,ok,0.0009632997775444204,0.5466694848547928,0.07298295624966644,-0.0008946576387079843,0.014761156390997386,-0.09946031462274209
CMP044,Thales S.A.,HO.PA,^FCHI,EUR,Euronext Paris,PRIMARY_DIRECT,Defence Contractor,False,2024-03-25,152.3258514404297,8151.60009765625,0.01940206024287572,-3.923299318631113e-05,0.01944129323606203,0.3651334392174532,0.23610793652062978,0.12145452667404777,2026-02-28,807,ok,0.0009632997775444204,0.5466694848547928,0.07298295624966644,0.0009418522973699481,0.01846020794550577,-0.08100010667723631
CMP044,Thales S.A.,HO.PA,^FCHI,EUR,Euronext Paris,PRIMARY_DIRECT,Defence Contractor,False,2024-03-26,152.99124145507812,8184.75,0.004368201512457315,0.004066674265986281,0.0003015272464710339,0.371096617171349,0.24113478485605966,0.1217560539205188,2026-02-28,807,ok,0.0009632997775444204,0.5466694848547928,0.07298295624966644,0.0031864265036033834,0.0011817750088539314,-0.07981833166838238
CMP044,Thales S.A.,HO.PA,^FCHI,EUR,Euronext Paris,PRIMARY_DIRECT,Defence Contractor,False,2024-03-27,150.7574462890625,8204.8095703125,-0.014600804234087605,0.0024508470402273552,-0.01705165127431496,0.3510775038780103,0.2441766163700474,0.10470440264620384,2026-02-28,807,ok,0.0009632997775444204,0.5466694848547928,0.07298295624966644,0.0023031030664834025,-0.01690390730057101,-0.09672223896895339
CMP044,Thales S.A.,HO.PA,^FCHI,EUR,Euronext Paris,PRIMARY_DIRECT,Defence Contractor,False,2024-03-28,150.23464965820312,8205.8095703125,-0.003467799725507148,0.00012187973303090516,-0.003589679458538053,0.3463922376809232,0.24432825628389376,0.10111472318766579,2026-02-28,807,ok,0.0009632997775444204,0.5466694848547928,0.07298295624966644,0.001029927708414665,-0.004497727433921813,-0.1012199664028752
CMP044,Thales S.A.,HO.PA,^FCHI,EUR,Euronext Paris,PRIMARY_DIRECT,Defence Contractor,False,2024-04-02,149.52171325683594,8130.0498046875,-0.004745485831591956,-0.009232454759745878,0.004486968928153923,0.3400029523932431,0.23284005195147928,0.10560169211581971,2026-02-28,807,ok,0.0009632997775444204,0.5466694848547928,0.07298295624966644,-0.004083801509911039,-0.0006616843216809163,-0.10188165072455611
CMP044,Thales S.A.,HO.PA,^FCHI,EUR,Euronext Paris,PRIMARY_DIRECT,Defence Contractor,False,2024-04-03,151.61293029785156,8153.22998046875,0.013986042531652254,0.0028511726666033965,0.011134869865048858,0.35874429067795455,0.23635509180989733,0.11673656198086857,2026-02-28,807,ok,0.0009632997775444204,0.5466694848547928,0.07298295624966644,0.002521948870428565,0.011464093661223689,-0.09041755706333243
CMP044,Thales S.A.,HO.PA,^FCHI,EUR,Euronext Paris,PRIMARY_DIRECT,Defence Contractor,False,2024-04-04,150.09207153320312,8151.5498046875,-0.01003119431608257,-0.0002060748666816714,-0.009825119449400899,0.3451144626722962,0.23610031009918142,0.10691144253146767,2026-02-28,807,ok,0.0009632997775444204,0.5466694848547928,0.07298295624966644,0.0008506449363340309,-0.0108818392524166,-0.10129939631574904
CMP044,Thales S.A.,HO.PA,^FCHI,EUR,Euronext Paris,PRIMARY_DIRECT,Defence Contractor,False,2024-04-05,151.13766479492188,8061.31005859375,0.006966345730576862,-0.011070256363011843,0.018036602093588705,0.3544849950664706,0.22241636277598498,0.12494804462505638,2026-02-28,807,ok,0.0009632997775444204,0.5466694848547928,0.07298295624966644,-0.005088471565633757,0.012054817296210617,-0.08924457901953842
CMP044,Thales S.A.,HO.PA,^FCHI,EUR,Euronext Paris,PRIMARY_DIRECT,Defence Contractor,False,2024-04-08,154.5121307373047,8119.2998046875,0.02232710123556303,0.007193588346342095,0.015133512889220935,0.3847267186733707,0.2312099228776281,0.1400815575142773,2026-02-28,807,ok,0.0009632997775444204,0.5466694848547928,0.07298295624966644,0.004895815013096694,0.017431286222466334,-0.07181329279707208
CMP044,Thales S.A.,HO.PA,^FCHI,EUR,Euronext Paris,PRIMARY_DIRECT,Defence Contractor,False,2024-04-09,146.9552459716797,8049.169921875,-0.04890803543750821,-0.008637429889214343,-0.04027060554829387,0.3170024552452291,0.22057543348986752,0.09981095196598344,2026-02-28,807,ok,0.0009632997775444204,0.5466694848547928,0.07298295624966644,-0.003758519570461775,-0.045149515867046436,-0.11696280866411851
CMP044,Thales S.A.,HO.PA,^FCHI,EUR,Euronext Paris,PRIMARY_DIRECT,Defence Contractor,False,2024-04-10,147.28794860839844,8045.3798828125,0.0022639725075406236,-0.0004708608588569474,0.002734833366397571,0.3199841125962677,0.22000071229295481,0.10254578533238101,2026-02-28,807,ok,0.0009632997775444204,0.5466694848547928,0.07298295624966644,0.0007058945143948077,0.001558077993145816,-0.11540473067097269
CMP044,Thales S.A.,HO.PA,^FCHI,EUR,Euronext Paris,PRIMARY_DIRECT,Defence Contractor,False,2024-04-11,148.57119750976562,8023.740234375,0.008712517985969281,-0.0026896987777704773,0.011402216763739759,0.33148449791845636,0.21671927786822143,0.11394800209612077,2026-02-28,807,ok,0.0009632997775444204,0.5466694848547928,0.07298295624966644,-0.0005070764677139323,0.009219594453683214,-0.10618513621728948
CMP044,Thales S.A.,HO.PA,^FCHI,EUR,Euronext Paris,PRIMARY_DIRECT,Defence Contractor,False,2024-04-12,150.9475555419922,8010.830078125,0.01599474239998888,-0.0016089947920659986,0.01760373719205488,0.35278124947224065,0.2147615828867251,0.13155173928817565,2026-02-28,807,ok,0.0009632997775444204,0.5466694848547928,0.07298295624966644,8.371142343165637e-05,0.015911030976557224,-0.09027410524073226
CMP044,Thales S.A.,HO.PA,^FCHI,EUR,Euronext Paris,PRIMARY_DIRECT,Defence Contractor,False,2024-04-15,152.13575744628906,8045.10986328125,0.007871620709792415,0.004279180162597207,0.003592440547195208,0.3634298303714052,0.21995976655449923,0.13514417983537086,2026-02-28,807,ok,0.0009632997775444204,0.5466694848547928,0.07298295624966644,0.003302596992632284,0.004569023717160131,-0.08570508152357213
CMP044,Thales S.A.,HO.PA,^FCHI,EUR,Euronext Paris,PRIMARY_DIRECT,Defence Contractor,False,2024-04-16,150.42474365234375,7932.60986328125,-0.011246624874164612,-0.013983649932919118,0.0027370250587545053,0.3480958465269721,0.20290027624675533,0.13788120489412536,2026-02-28,807,ok,0.0009632997775444204,0.5466694848547928,0.07298295624966644,-0.006681134927674232,-0.004565489946490381,-0.09027057147006251
CMP044,Thales S.A.,HO.PA,^FCHI,EUR,Euronext Paris,PRIMARY_DIRECT,Defence Contractor,False,2024-04-17,149.33163452148438,7981.509765625,-0.007266817308897888,0.006164415392480027,-0.013431232701377915,0.3382994802953765,0.21031545322526934,0.12444997219274745,2026-02-28,807,ok,0.0009632997775444204,0.5466694848547928,0.07298295624966644,0.0043331975645824325,-0.011600014873480322,-0.10187058634354283
CMP044,Thales S.A.,HO.PA,^FCHI,EUR,Euronext Paris,PRIMARY_DIRECT,Defence Contractor,False,2024-04-18,147.57308959960938,8023.259765625,-0.011776104423620981,0.00523083993204021,-0.01700694435566119,0.3225395258653405,0.2166464196283655,0.10744302783708626,2026-02-28,807,ok,0.0009632997775444204,0.5466694848547928,0.07298295624966644,0.0038228403485507214,-0.015598944772171702,-0.11746953111571454
CMP044,Thales S.A.,HO.PA,^FCHI,EUR,Euronext Paris,PRIMARY_DIRECT,Defence Contractor,False,2024-04-19,147.57308959960938,8022.41015625,0.0,-0.00010589329023602545,0.00010589329023602545,0.3225395258653405,0.2165175849359371,0.10754892112732228,2026-02-28,807,ok,0.0009632997775444204,0.5466694848547928,0.07298295624966644,0.0009054111471215133,-0.0009054111471215133,-0.11837494226283606
CMP044,Thales S.A.,HO.PA,^FCHI,EUR,Euronext Paris,PRIMARY_DIRECT,Defence Contractor,False,2024-04-22,149.80690002441406,8040.35986328125,0.015136976740579122,0.002237445690465689,0.012899531050113433,0.3425587759068607,0.2192394769637278,0.12044845217743572,2026-02-28,807,ok,0.0009632997775444204,0.5466694848547928,0.07298295624966644,0.002186443060541875,0.012950533680037247,-0.1054244085827988
CMP044,Thales S.A.,HO.PA,^FCHI,EUR,Euronext Paris,PRIMARY_DIRECT,Defence Contractor,False,2024-04-23,150.90003967285156,8105.77978515625,0.00729699131521544,0.008136442023417345,-0.0008394507082019054,0.3523554156348194,0.22915974828070484,0.11960900146923381,2026-02-28,807,ok,0.0009632997775444204,0.5466694848547928,0.07298295624966644,0.005411244347036869,0.001885746968178571,-0.10353866161462023
CMP044,Thales S.A.,HO.PA,^FCHI,EUR,Euronext Paris,PRIMARY_DIRECT,Defence Contractor,False,2024-04-24,152.0882110595703,8091.85986328125,0.007873897112914419,-0.0017172834994223507,0.00959118061233677,0.36300372303762063,0.22704893252682834,0.12920018208157058,2026-02-28,807,ok,0.0009632997775444204,0.5466694848547928,0.07298295624966644,2.451329156556801e-05,0.007849383821348851,-0.09568927779327138
CMP044,Thales S.A.,HO.PA,^FCHI,EUR,Euronext Paris,PRIMARY_DIRECT,Defence Contractor,False,2024-04-25,148.9038543701172,8016.64990234375,-0.020937564241622075,-0.009294520939343354,-0.011643043302278722,0.3344657450249504,0.21564410052985883,0.11755713877929186,2026-02-28,807,ok,0.0009632997775444204,0.5466694848547928,0.07298295624966644,-0.004117731196338496,-0.01681983304528358,-0.11250911083855496
CMP044,Thales S.A.,HO.PA,^FCHI,EUR,Euronext Paris,PRIMARY_DIRECT,Defence Contractor,False,2024-04-26,150.85250854492188,8088.240234375,0.013086660402766181,0.008930205622465825,0.004156454780300356,0.3519294450492163,0.22650005231132808,0.12171359355959221,2026-02-28,807,ok,0.0009632997775444204,0.5466694848547928,0.07298295624966644,0.005845170684825187,0.007241489717940994,-0.10526762112061397
CMP044,Thales S.A.,HO.PA,^FCHI,EUR,Euronext Paris,PRIMARY_DIRECT,Defence Contractor,False,2024-04-29,150.56732177734375,8065.14990234375,-0.0018905006640522748,-0.0028548029437993616,0.0009643022797470868,0.3493736215355989,0.2229986363514196,0.1226778958393393,2026-02-28,807,ok,0.0009632997775444204,0.5466694848547928,0.07298295624966644,-0.0005973338771043227,-0.0012931667869479522,-0.10656078790756192
CMP044,Thales S.A.,HO.PA,^FCHI,EUR,Euronext Paris,PRIMARY_DIRECT,Defence Contractor,False,2024-04-30,150.13958740234375,7984.93017578125,-0.0028408181134583765,-0.009946464422091905,0.007105646308633529,0.3455402965097176,0.21083412392668333,0.12978354214797283,2026-02-28,807,ok,0.0009632997775444204,0.5466694848547928,0.07298295624966644,-0.004474128804207086,0.0016333106907487098,-0.10492747721681321
CMP044,Thales S.A.,HO.PA,^FCHI,EUR,Euronext Paris,PRIMARY_DIRECT,Defence Contractor,False,2024-05-02,150.85250854492188,7914.64990234375,0.004748388848756058,-0.008801614026715532,0.01355000287547159,0.3519294450492163,0.20017682931750436,0.14333354502344442,2026-02-28,807,ok,0.0009632997775444204,0.5466694848547928,0.07298295624966644,-0.003848274028330878,0.008596662877086936,-0.09633081433972628
CMP044,Thales S.A.,HO.PA,^FCHI,EUR,Euronext Paris,PRIMARY_DIRECT,Defence Contractor,False,2024-05-03,153.0863037109375,7957.56982421875,0.014807809214193002,0.005422845281165323,0.009384963933027679,0.371948558342555,0.20668520257293266,0.1527185089564721,2026-02-28,807,ok,0.0009632997775444204,0.5466694848547928,0.07298295624966644,0.003927803813846312,0.01088000540034669,-0.08545080893937959
CMP044,Thales S.A.,HO.PA,^FCHI,EUR,Euronext Paris,PRIMARY_DIRECT,Defence Contractor,False,2024-05-06,155.08245849609375,7996.64013671875,0.01303940807745585,0.004909829679544897,0.008129578397910953,0.3898379554560609,0.212609821394393,0.16084808735438305,2026-02-28,807,ok,0.0009632997775444204,0.5466694848547928,0.07298295624966644,0.003647353839186002,0.009392054238269849,-0.07605875470110975
CMP044,Thales S.A.,HO.PA,^FCHI,EUR,Euronext Paris,PRIMARY_DIRECT,Defence Contractor,False,2024-05-07,154.98741149902344,8075.68017578125,-0.0006128803862927024,0.009884156059438709,-0.010497036445731411,0.3889861510330368,0.22459544610826332,0.15035105090865164,2026-02-28,807,ok,0.0009632997775444204,0.5466694848547928,0.07298295624966644,0.006366666278782159,-0.006979546665074861,-0.0830383013661846
CMP044,Thales S.A.,HO.PA,^FCHI,EUR,Euronext Paris,PRIMARY_DIRECT,Defence Contractor,False,2024-05-08,157.41131591796875,8131.41015625,0.015639363194091427,0.006900964284826783,0.008738398909264644,0.41070900992060566,0.23304633554521792,0.15908944981791628,2026-02-28,807,ok,0.0009632997775444204,0.5466694848547928,0.07298295624966644,0.004735846368132002,0.010903516825959424,-0.07213478454022518
CMP044,Thales S.A.,HO.PA,^FCHI,EUR,Euronext Paris,PRIMARY_DIRECT,Defence Contractor,False,2024-05-09,159.6450958251953,8187.64990234375,0.014190719988584899,0.006916358296171099,0.0072743616924138,0.4307279864657627,0.2415745257976294,0.16636381151033008,2026-02-28,807,ok,0.0009632997775444204,0.5466694848547928,0.07298295624966644,0.0047442618043834475,0.00944645818420145,-0.06268832635602373
CMP044,Thales S.A.,HO.PA,^FCHI,EUR,Euronext Paris,PRIMARY_DIRECT,Defence Contractor,False,2024-05-10,158.83712768554688,8219.1396484375,-0.005061026995361817,0.003846005443483458,-0.008907032438845275,0.4234870335032399,0.2463496281823374,0.1574567790714848,2026-02-28,807,ok,0.0009632997775444204,0.5466694848547928,0.07298295624966644,0.003065793592082251,-0.008126820587444069,-0.0708151469434678
CMP044,Thales S.A.,HO.PA,^FCHI,EUR,Euronext Paris,PRIMARY_DIRECT,Defence Contractor,False,2024-05-13,157.60140991210938,8209.2802734375,-0.007779779145111965,-0.0011995629009509123,-0.006580216244161052,0.41241261876665414,0.24485455340675588,0.15087656282732376,2026-02-28,807,ok,0.0009632997775444204,0.5466694848547928,0.07298295624966644,0.0003075353444306643,-0.008087314489542629,-0.07890246143301043
CMP044,Thales S.A.,HO.PA,^FCHI,EUR,Euronext Paris,PRIMARY_DIRECT,Defence Contractor,False,2024-05-14,156.36572265625,8225.7998046875,-0.007840585033779157,0.0020122995804456867,-0.009852884614224844,0.4013384775264315,0.24735957370229222,0.1410236782130989,2026-02-28,807,ok,0.0009632997775444204,0.5466694848547928,0.07298295624966644,0.0020633625525601795,-0.009903947586339336,-0.08880640901934976
CMP044,Thales S.A.,HO.PA,^FCHI,EUR,Euronext Paris,PRIMARY_DIRECT,Defence Contractor,False,2024-05-15,157.5538787841797,8239.990234375,0.0075985715267130605,0.0017251124540391682,0.005873459072673892,0.41198664818105124,0.249511409237551,0.1468971372857728,2026-02-28,807,ok,0.0009632997775444204,0.5466694848547928,0.07298295624966644,0.0019063661141106,0.0056922054126024605,-0.0831142036067473
CMP044,Thales S.A.,HO.PA,^FCHI,EUR,Euronext Paris,PRIMARY_DIRECT,Defence Contractor,False,2024-05-16,159.02725219726562,8188.490234375,0.009351552779631511,-0.006250007407187952,0.015601560186819463,0.4251909158456513,0.24170195367445046,0.16249869747259227,2026-02-28,807,ok,0.0009632997775444204,0.5466694848547928,0.07298295624966644,-0.002453388552081657,0.011804941331713168,-0.07130926227503413
CMP044,Thales S.A.,HO.PA,^FCHI,EUR,Euronext Paris,PRIMARY_DIRECT,Defence Contractor,False,2024-05-17,158.74208068847656,8167.5,-0.0017932241477411903,-0.0025633827206490434,0.0007701585729078531,0.42263522908021556,0.2385189963422052,0.16326885604550012,2026-02-28,807,ok,0.0009632997775444204,0.5466694848547928,0.07298295624966644,-0.0004380233338384694,-0.0013552008139027208,-0.07266446308893686
CMP044,Thales S.A.,HO.PA,^FCHI,EUR,Euronext Paris,PRIMARY_DIRECT,Defence Contractor,False,2024-05-20,160.64317321777344,8195.9697265625,0.011975983438365478,0.0034857332797673113,0.008490250158598167,0.43967268502251544,0.24283614322537916,0.1717591062040983,2026-02-28,807,ok,0.0009632997775444204,0.5466694848547928,0.07298295624966644,0.002868843793936024,0.009107139644429454,-0.0635573234445074
CMP044,Thales S.A.,HO.PA,^FCHI,EUR,Euronext Paris,PRIMARY_DIRECT,Defence Contractor,False,2024-05-21,161.8499298095703,8141.4599609375,0.007512031589172796,-0.0066508012405582795,0.014162832829731076,0.45048755171047383,0.23457028706220506,0.18592193903382936,2026-02-28,807,ok,0.0009632997775444204,0.5466694848547928,0.07298295624966644,-0.0026724903105031913,0.010184521899675988,-0.053372801544831414
CMP044,Thales S.A.,HO.PA,^FCHI,EUR,Euronext Paris,PRIMARY_DIRECT,Defence Contractor,False,2024-05-22,160.54666137695312,8092.10986328125,-0.008052326214479044,-0.00606157837697785,-0.0019907478375011944,0.43880775277406014,0.22708684250528943,0.18393119119632817,2026-02-28,807,ok,0.0009632997775444204,0.5466694848547928,0.07298295624966644,-0.002350380151205012,-0.005701946063274032,-0.059074747608105445
CMP044,Thales S.A.,HO.PA,^FCHI,EUR,Euronext Paris,PRIMARY_DIRECT,Defence Contractor,False,2024-05-23,162.0430145263672,8102.330078125,0.009320362918670222,0.0012629851814203175,0.008057377737249904,0.45221796320011065,0.22863663500368947,0.19198856893357807,2026-02-28,807,ok,0.0009632997775444204,0.5466694848547928,0.07298295624966644,0.0016537352360507023,0.00766662768261952,-0.051408119925485926
CMP044,Thales S.A.,HO.PA,^FCHI,EUR,Euronext Paris,PRIMARY_DIRECT,Defence Contractor,False,2024-05-24,160.45010375976562,8094.97021484375,-0.009830172385137725,-0.0009083637929193644,-0.008921808592218361,0.43794241028106007,0.22752058596979774,0.1830667603413597,2026-02-28,807,ok,0.0009632997775444204,0.5466694848547928,0.07298295624966644,0.0004667250108084457,-0.010296897395946171,-0.0617050173214321
CMP044,Thales S.A.,HO.PA,^FCHI,EUR,Euronext Paris,PRIMARY_DIRECT,Defence Contractor,False,2024-05-27,161.22242736816406,8132.490234375,0.004813481514195805,0.00463497931869461,0.00017850219550119562,0.4448639194914261,0.2332101184990396,0.1832452625368609,2026-02-28,807,ok,0.0009632997775444204,0.5466694848547928,0.07298295624966644,0.0034971015340078213,0.001316379980187984,-0.06038863734124411
CMP044,Thales S.A.,HO.PA,^FCHI,EUR,Euronext Paris,PRIMARY_DIRECT,Defence Contractor,False,2024-05-28,158.3262176513672,8057.7998046875,-0.017964062221834443,-0.009184201583396057,-0.008779860638438386,0.4189082941395985,0.22188406817606077,0.17446540189842252,2026-02-28,807,ok,0.0009632997775444204,0.5466694848547928,0.07298295624966644,-0.004057422970853274,-0.013906639250981168,-0.07429527659222528
CMP044,Thales S.A.,HO.PA,^FCHI,EUR,Euronext Paris,PRIMARY_DIRECT,Defence Contractor,False,2024-05-29,158.37448120117188,7935.02978515625,0.00030483611950460343,-0.015236171474479976,0.01554100759398458,0.419340828637917,0.20326723299139515,0.1900064094924071,2026-02-28,807,ok,0.0009632997775444204,0.5466694848547928,0.07298295624966644,-0.007365850233568838,0.0076706863530734415,-0.06662459023915183
CMP044,Thales S.A.,HO.PA,^FCHI,EUR,Euronext Paris,PRIMARY_DIRECT,Defence Contractor,False,2024-05-30,158.6158447265625,7978.509765625,0.0015240051525979847,0.005479498079526524,-0.003955492926928539,0.42150391137405396,0.20986053348372868,0.18605091656547856,2026-02-28,807,ok,0.0009632997775444204,0.5466694848547928,0.07298295624966644,0.003958774169942012,-0.002434769017344027,-0.06905935925649587
CMP044,Thales S.A.,HO.PA,^FCHI,EUR,Euronext Paris,PRIMARY_DIRECT,Defence Contractor,False,2024-05-31,160.88450622558594,7992.8701171875,0.014302868057944451,0.001799878922799758,0.012502989135144693,0.4418354942622891,0.21203813595747323,0.19855390570062326,2026-02-28,807,ok,0.0009632997775444204,0.5466694848547928,0.07298295624966644,0.0019472386610723635,0.012355629396872087,-0.05670372985962378
CMP044,Thales S.A.,HO.PA,^FCHI,EUR,Euronext Paris,PRIMARY_DIRECT,Defence Contractor,False,2024-06-03,161.70510864257812,7998.02001953125,0.005100568328447741,0.0006443120266244051,0.004456256301823336,0.44918967471915505,0.21281906670519812,0.2030101620024466,2026-02-28,807,ok,0.0009632997775444204,0.5466694848547928,0.07298295624966644,0.0013155255012249315,0.0037850428272228095,-0.05291868703240098
CMP044,Thales S.A.,HO.PA,^FCHI,EUR,Euronext Paris,PRIMARY_DIRECT,Defence Contractor,False,2024-06-04,161.12586975097656,7937.89990234375,-0.0035820692151530276,-0.00751687505666232,0.003934805841509292,0.44399857699842604,0.20370245731443726,0.20694496784395588,2026-02-28,807,ok,0.0009632997775444204,0.5466694848547928,0.07298295624966644,-0.003145946437399012,-0.00043612277775401543,-0.053354809810154995
CMP044,Thales S.A.,HO.PA,^FCHI,EUR,Euronext Paris,PRIMARY_DIRECT,Defence Contractor,False,2024-06-05,162.62225341796875,8006.56982421875,0.009287047879430466,0.008650892896082452,0.000636154983348014,0.4574090609208399,0.2141155583514156,0.2075811228273039,2026-02-28,807,ok,0.0009632997775444204,0.5466694848547928,0.07298295624966644,0.005692478940579801,0.003594568938850665,-0.04976024087130433
CMP044,Thales S.A.,HO.PA,^FCHI,EUR,Euronext Paris,PRIMARY_DIRECT,Defence Contractor,False,2024-06-06,165.56674194335938,8040.1201171875,0.018106307491772,0.0041903453920135725,0.013915962099758428,0.4837973575191672,0.21920312188672542,0.22149708492706233,2026-02-28,807,ok,0.0009632997775444204,0.5466694848547928,0.07298295624966644,0.0032540337343601347,0.014852273757411865,-0.03490796711389246
CMP044,Thales S.A.,HO.PA,^FCHI,EUR,Euronext Paris,PRIMARY_DIRECT,Defence Contractor,False,2024-06-07,166.8700408935547,8001.7998046875,0.007871743653934837,-0.004766136816548583,0.01263788047048342,0.495477429951944,0.21339223300065013,0.23413496539754575,2026-02-28,807,ok,0.0009632997775444204,0.5466694848547928,0.07298295624966644,-0.0016422017807056558,0.009513945434640493,-0.02539402167925197
CMP044,Thales S.A.,HO.PA,^FCHI,EUR,Euronext Paris,PRIMARY_DIRECT,Defence Contractor,False,2024-06-10,163.73248291015625,7893.97998046875,-0.018802404353696178,-0.01347444660582342,-0.005327957747872758,0.4673588586121611,0.19704244414516192,0.228807007649673,2026-02-28,807,ok,0.0009632997775444204,0.5466694848547928,0.07298295624966644,-0.006402769007164481,-0.012399635346531698,-0.03779365702578367
CMP044,Thales S.A.,HO.PA,^FCHI,EUR,Euronext Paris,PRIMARY_DIRECT,Defence Contractor,False,2024-06-11,159.38816833496094,7789.2099609375,-0.026533003702015168,-0.013272141529427683,-0.013260862172587484,0.4284254205844198,0.18115512740973538,0.2155461454770855,2026-02-28,807,ok,0.0009632997775444204,0.5466694848547928,0.07298295624966644,-0.006292174995267714,-0.020240828706747455,-0.05803448573253112
CMP044,Thales S.A.,HO.PA,^FCHI,EUR,Euronext Paris,PRIMARY_DIRECT,Defence Contractor,False,2024-06-12,157.7469482421875,7864.7001953125,-0.010297000774388332,0.009691641996246059,-0.01998864277063439,0.41371692292250595,0.19260246004662096,0.19555750270645111,2026-02-28,807,ok,0.0009632997775444204,0.5466694848547928,0.07298295624966644,0.006261424715029329,-0.01655842548941766,-0.07459291122194878
CMP044,Thales S.A.,HO.PA,^FCHI,EUR,Euronext Paris,PRIMARY_DIRECT,Defence Contractor,False,2024-06-13,155.5265655517578,7708.02001953125,-0.014075598388253785,-0.019921951490869838,0.005846353102616053,0.39381801128077076,0.16884349168968016,0.20140385580906717,2026-02-28,807,ok,0.0009632997775444204,0.5466694848547928,0.07298295624966644,-0.009927423181271567,-0.004148175206982218,-0.07874108642893099
CMP044,Thales S.A.,HO.PA,^FCHI,EUR,Euronext Paris,PRIMARY_DIRECT,Defence Contractor,False,2024-06-14,145.10018920898438,7503.27001953125,-0.06703919877471765,-0.026563241854741793,-0.04047595691997585,0.3003775685667376,0.13779521932958638,0.16092789888909131,2026-02-28,807,ok,0.0009632997775444204,0.5466694848547928,0.07298295624966644,-0.013558013963260547,-0.0534811848114571,-0.1322222712403881
CMP044,Thales S.A.,HO.PA,^FCHI,EUR,Euronext Paris,PRIMARY_DIRECT,Defence Contractor,False,2024-06-17,146.78965759277344,7571.56982421875,0.011643460928612237,0.009102671836374476,0.0025407890922377607,0.31551846397878824,0.14815219582813932,0.16346868798132907,2026-02-28,807,ok,0.0009632997775444204,0.5466694848547928,0.07298295624966644,0.005939452701137486,0.005704008227474751,-0.12651826301291336
CMP044,Thales S.A.,HO.PA,^FCHI,EUR,Euronext Paris,PRIMARY_DIRECT,Defence Contractor,False,2024-06-18,147.75502014160156,7628.7998046875,0.006576502491110414,0.0075585356534244585,-0.0009820331623140444,0.32416997443424656,0.1568305451358638,0.16248665481901503,2026-02-28,807,ok,0.0009632997775444204,0.5466694848547928,0.07298295624966644,0.005095320569458554,0.0014811819216518606,-0.1250370810912615
CMP044,Thales S.A.,HO.PA,^FCHI,EUR,Euronext Paris,PRIMARY_DIRECT,Defence Contractor,False,2024-06-19,149.0100860595703,7570.2001953125,0.008494235368557757,-0.007681366777903098,0.016175602146460855,0.3354177858650682,0.14794450541879356,0.17866225696547589,2026-02-28,807,ok,0.0009632997775444204,0.5466694848547928,0.07298295624966644,-0.003235869041912586,0.011730104410470343,-0.11330697668079115
CMP044,Thales S.A.,HO.PA,^FCHI,EUR,Euronext Paris,PRIMARY_DIRECT,Defence Contractor,False,2024-06-20,152.1958770751953,7671.33984375,0.021379700528133316,0.013360234317201458,0.008019466210931858,0.36396861820680626,0.16328131299433268,0.18668172317640774,2026-02-28,807,ok,0.0009632997775444204,0.5466694848547928,0.07298295624966644,0.008266932189268267,0.01311276833886505,-0.1001942083419261
CMP044,Thales S.A.,HO.PA,^FCHI,EUR,Euronext Paris,PRIMARY_DIRECT,Defence Contractor,False,2024-06-21,151.18222045898438,7628.56982421875,-0.006660210747431172,-0.005575299804517986,-0.0010849109429131865,0.35488429975666635,0.15679567091739588,0.18559681223349456,2026-02-28,807,ok,0.0009632997775444204,0.5466694848547928,0.07298295624966644,-0.0020845464945024542,-0.004575664252928718,-0.10476987259485482
CMP044,Thales S.A.,HO.PA,^FCHI,EUR,Euronext Paris,PRIMARY_DIRECT,Defence Contractor,False,2024-06-24,152.63034057617188,7706.89013671875,0.009578640350638157,0.010266709790261563,-0.0006880694396234066,0.3678622491807617,0.16867215635733568,0.18490874279387115,2026-02-28,807,ok,0.0009632997775444204,0.5466694848547928,0.07298295624966644,0.006575796729740367,0.0030028436208977896,-0.10176702897395704
CMP044,Thales S.A.,HO.PA,^FCHI,EUR,Euronext Paris,PRIMARY_DIRECT,Defence Contractor,False,2024-06-25,149.6858367919922,7662.2998046875,-0.01929173303986831,-0.005785774967623225,-0.013505958072245083,0.34147381583425274,0.16191048224972504,0.17140278472162607,2026-02-28,807,ok,0.0009632997775444204,0.5466694848547928,0.07298295624966644,-0.0021996068434919237,-0.017092126196376387,-0.11885915517033342
CMP044,Thales S.A.,HO.PA,^FCHI,EUR,Euronext Paris,PRIMARY_DIRECT,Defence Contractor,False,2024-06-26,146.69308471679688,7609.14990234375,-0.01999355543139414,-0.006936546950464528,-0.01305700848092961,0.3146529847376067,0.1538508356373629,0.15834577624069646,2026-02-28,807,ok,0.0009632997775444204,0.5466694848547928,0.07298295624966644,-0.002828698770537108,-0.01716485666085703,-0.13602401183119045
CMP044,Thales S.A.,HO.PA,^FCHI,EUR,Euronext Paris,PRIMARY_DIRECT,Defence Contractor,False,2024-06-27,145.2932586669922,7530.72021484375,-0.00954254968805901,-0.010307286425759954,0.000764736737700944,0.30210784330819296,0.14195776458184617,0.1591105129783974,2026-02-28,807,ok,0.0009632997775444204,0.5466694848547928,0.07298295624966644,-0.004671379183076573,-0.004871170504982437,-0.14089518233617288
CMP044,Thales S.A.,HO.PA,^FCHI,EUR,Euronext Paris,PRIMARY_DIRECT,Defence Contractor,False,2024-06-28,144.32786560058594,7479.39990234375,-0.006644445002220611,-0.00681479473886748,0.0001703497366468687,0.29345605935637153,0.13417555681576498,0.15928086271504427,2026-02-28,807,ok,0.0009632997775444204,0.5466694848547928,0.07298295624966644,-0.0027621405517434176,-0.003882304450477194,-0.14477748678665006
CMP044,Thales S.A.,HO.PA,^FCHI,EUR,Euronext Paris,PRIMARY_DIRECT,Defence Contractor,False,2024-07-01,146.74136352539062,7561.1298828125,0.016722328115651663,0.010927344644740655,0.005794983470911008,0.31508565598410665,0.1465690840127314,0.16507584618595528,2026-02-28,807,ok,0.0009632997775444204,0.5466694848547928,0.07298295624966644,0.0069369456453155735,0.00978538247033609,-0.13499210431631398
CMP044,Thales S.A.,HO.PA,^FCHI,EUR,Euronext Paris,PRIMARY_DIRECT,Defence Contractor,False,2024-07-02,146.2586669921875,7538.2900390625,-0.003289437426548081,-0.003020691894463856,-0.0002687455320842247,0.31075976400819605,0.14310565207421133,0.16480710065387105,2026-02-28,807,ok,0.0009632997775444204,0.5466694848547928,0.07298295624966644,-0.0006880203043071841,-0.0026014171222408966,-0.13759352143855488
CMP044,Thales S.A.,HO.PA,^FCHI,EUR,Euronext Paris,PRIMARY_DIRECT,Defence Contractor,False,2024-07-03,149.734130859375,7632.080078125,0.02376244730422128,0.012441818844391994,0.011320628459829285,0.34190662382893433,0.1573279655173192,0.17612772911370034,2026-02-28,807,ok,0.0009632997775444204,0.5466694848547928,0.07298295624966644,0.007764862475864846,0.015997584828356434,-0.12159593661019845
CMP044,Thales S.A.,HO.PA,^FCHI,EUR,Euronext Paris,PRIMARY_DIRECT,Defence Contractor,False,2024-07-04,151.0373992919922,7695.77978515625,0.008703883510975619,0.008346310098845233,0.0003575734121303853,0.353586422765348,0.16698738360359244,0.17648530252583072,2026-02-28,807,ok,0.0009632997775444204,0.5466694848547928,0.07298295624966644,0.005525972819718499,0.003177910691257119,-0.11841802591894134
CMP044,Thales S.A.,HO.PA,^FCHI,EUR,Euronext Paris,PRIMARY_DIRECT,Defence Contractor,False,2024-07-05,149.54104614257812,7675.6201171875,-0.009907169723713527,-0.0026195744332022652,-0.007287595290511262,0.3401762123392975,0.1639303732896349,0.16919770723531946,2026-02-28,807,ok,0.0009632997775444204,0.5466694848547928,0.07298295624966644,-0.00046874162839304794,-0.00943842809532048,-0.12785645401426182
CMP044,Thales S.A.,HO.PA,^FCHI,EUR,Euronext Paris,PRIMARY_DIRECT,Defence Contractor,False,2024-07-08,148.52734375,7627.4501953125,-0.006778756861254176,-0.006275704260967352,-0.0005030526002868241,0.3310914836446128,0.15662589048651188,0.16869465463503264,2026-02-28,807,ok,0.0009632997775444204,0.5466694848547928,0.07298295624966644,-0.0024674362378996305,-0.0043113206233545455,-0.13216777463761636
CMP044,Thales S.A.,HO.PA,^FCHI,EUR,Euronext Paris,PRIMARY_DIRECT,Defence Contractor,False,2024-07-09,146.69308471679688,7508.66015625,-0.012349638705520305,-0.015574017007086272,0.0032243783015659666,0.31465298473760694,0.13861257919723857,0.1719190329365986,2026-02-28,807,ok,0.0009632997775444204,0.5466694848547928,0.07298295624966644,-0.0075505400768392135,-0.0047990986286810915,-0.13696687326629745
CMP044,Thales S.A.,HO.PA,^FCHI,EUR,Euronext Paris,PRIMARY_DIRECT,Defence Contractor,False,2024-07-10,147.9963836669922,7573.5498046875,0.008884528897264987,0.00864197434524816,0.00024255455201682707,0.32633305717038397,0.148452439895838,0.17216158748861543,2026-02-28,807,ok,0.0009632997775444204,0.5466694848547928,0.07298295624966644,0.005687603440989567,0.00319692545627542,-0.13376994781002202
CMP044,Thales S.A.,HO.PA,^FCHI,EUR,Euronext Paris,PRIMARY_DIRECT,Defence Contractor,False,2024-07-11,148.86524963378906,7627.1298828125,0.005870859444457199,0.007074632042670004,-0.0012037725982128045,0.3341197721255684,0.1565773183266077,0.17095781489040263,2026-02-28,807,ok,0.0009632997775444204,0.5466694848547928,0.07298295624966644,0.004830785231848042,0.001040074212609157,-0.13272987359741287
CMP044,Thales S.A.,HO.PA,^FCHI,EUR,Euronext Paris,PRIMARY_DIRECT,Defence Contractor,False,2024-07-12,148.86524963378906,7724.31982421875,0.0,0.01274266242997446,-0.01274266242997446,0.3341197721255684,0.17131519266820883,0.15821515246042817,2026-02-28,807,ok,0.0009632997775444204,0.5466694848547928,0.07298295624966644,0.007929324483817082,-0.007929324483817082,-0.14065919808122995
CMP044,Thales S.A.,HO.PA,^FCHI,EUR,Euronext Paris,PRIMARY_DIRECT,Defence Contractor,False,2024-07-15,147.9481201171875,7632.7099609375,-0.006160803269115611,-0.011859926228587447,0.005699122959471836,0.3259005226720655,0.15742348089274016,0.1639142754199,2026-02-28,807,ok,0.0009632997775444204,0.5466694848547928,0.07298295624966644,-0.005520159984253326,-0.0006406432848622854,-0.14129984136609225
CMP044,Thales S.A.,HO.PA,^FCHI,EUR,Euronext Paris,PRIMARY_DIRECT,Defence Contractor,False,2024-07-16,147.32061767578125,7580.02978515625,-0.004241368128971246,-0.006901896711764888,0.002660528582793642,0.32027689045301777,0.14943506357584702,0.16657480400269364,2026-02-28,807,ok,0.0009632997775444204,0.5466694848547928,0.07298295624966644,-0.0028097565423970796,-0.0014316115865741661,-0.14273145295266643
CMP044,Thales S.A.,HO.PA,^FCHI,EUR,Euronext Paris,PRIMARY_DIRECT,Defence Contractor,False,2024-07-17,145.67941284179688,7570.81005859375,-0.011140360798624238,-0.0012163179860525952,-0.009924042812571643,0.30556852953928537,0.14803698503422025,0.156650761190122,2026-02-28,807,ok,0.0009632997775444204,0.5466694848547928,0.07298295624966644,0.0002983758506894291,-0.011438736649313667,-0.1541701896019801
CMP044,Thales S.A.,HO.PA,^FCHI,EUR,Euronext Paris,PRIMARY_DIRECT,Defence Contractor,False,2024-07-18,148.04466247558594,7586.5498046875,0.01623599098630124,0.002079004224374126,0.014156986761927115,0.32676572841688367,0.15042375877584413,0.17080774795204912,2026-02-28,807,ok,0.0009632997775444204,0.5466694848547928,0.07298295624966644,0.002099827945893962,0.014136163040407278,-0.14003402656157282
CMP044,Thales S.A.,HO.PA,^FCHI,EUR,Euronext Paris,PRIMARY_DIRECT,Defence Contractor,False,2024-07-19,147.22406005859375,7534.52001953125,-0.005542938213848214,-0.006858161680307173,0.001315223466458959,0.3194115479600175,0.14253396663729268,0.17212297141850808,2026-02-28,807,ok,0.0009632997775444204,0.5466694848547928,0.07298295624966644,-0.0027858479352799825,-0.0027570902785682317,-0.14279111684014106
CMP044,Thales S.A.,HO.PA,^FCHI,EUR,Euronext Paris,PRIMARY_DIRECT,Defence Contractor,False,2024-07-22,149.10659790039062,7622.02001953125,0.012786889867373974,0.011613214879405698,0.0011736749879682762,0.3362827181135237,0.15580245909887136,0.17329664640647635,2026-02-28,807,ok,0.0009632997775444204,0.5466694848547928,0.07298295624966644,0.0073118899731771485,0.0054749998941968255,-0.13731611694594423
CMP044,Thales S.A.,HO.PA,^FCHI,EUR,Euronext Paris,PRIMARY_DIRECT,Defence Contractor,False,2024-07-23,139.11468505859375,7598.6298828125,-0.06701187594979452,-0.003068758237162017,-0.0639431177126325,0.246735906373446,0.15225558078197965,0.10935352869384385,2026-02-28,807,ok,0.0009632997775444204,0.5466694848547928,0.07298295624966644,-0.0007142967071088415,-0.06629757924268567,-0.2036136961886299
CMP044,Thales S.A.,HO.PA,^FCHI,EUR,Euronext Paris,PRIMARY_DIRECT,Defence Contractor,False,2024-07-24,140.17662048339844,7513.72998046875,0.007633524989525187,-0.011173054044359643,0.01880657903388483,0.25625289607008606,0.13938136690498748,0.12816010772772868,2026-02-28,807,ok,0.0009632997775444204,0.5466694848547928,0.07298295624966644,-0.0051446679211404256,0.012778192910665613,-0.19083550327796428
CMP044,Thales S.A.,HO.PA,^FCHI,EUR,Euronext Paris,PRIMARY_DIRECT,Defence Contractor,False,2024-07-25,138.00445556640625,7427.02001953125,-0.015495914436383762,-0.011540201892122126,-0.003955712544261636,0.2367861086821248,0.12623267589878195,0.12420439518346704,2026-02-28,807,ok,0.0009632997775444204,0.5466694848547928,0.07298295624966644,-0.005345376445942288,-0.010150537990441473,-0.20098604126840575
CMP044,Thales S.A.,HO.PA,^FCHI,EUR,Euronext Paris,PRIMARY_DIRECT,Defence Contractor,False,2024-07-26,139.11468505859375,7517.68017578125,0.008044881504954526,0.012206801114253985,-0.004161919609299458,0.24673590637344622,0.13998037418185239,0.12004247557416758,2026-02-28,807,ok,0.0009632997775444204,0.5466694848547928,0.07298295624966644,0.007636385454398557,0.0004084960505559695,-0.2005775452178498
CMP044,Thales S.A.,HO.PA,^FCHI,EUR,Euronext Paris,PRIMARY_DIRECT,Defence Contractor,False,2024-07-29,139.88699340820312,7443.83984375,0.005551594709674923,-0.009822223119990148,0.01537381782966507,0.25365727883563083,0.12878323259422841,0.13541629340383265,2026-02-28,807,ok,0.0009632997775444204,0.5466694848547928,0.07298295624966644,-0.004406209875589429,0.009957804585264352,-0.19061974063258544
CMP044,Thales S.A.,HO.PA,^FCHI,EUR,Euronext Paris,PRIMARY_DIRECT,Defence Contractor,False,2024-07-30,141.96263122558594,7474.93994140625,0.01483796146312133,0.0041779643717565484,0.010659997091364781,0.27225899722695557,0.1334992487234432,0.14607629049519744,2026-02-28,807,ok,0.0009632997775444204,0.5466694848547928,0.07298295624966644,0.0032472654083942508,0.011590696054727078,-0.17902904457785837
CMP044,Thales S.A.,HO.PA,^FCHI,EUR,Euronext Paris,PRIMARY_DIRECT,Defence Contractor,False,2024-07-31,141.8660888671875,7531.490234375,-0.000680054726831747,0.00756531736870536,-0.008245372095537107,0.27139379148213716,0.14207453027722505,0.13783091839966033,2026-02-28,807,ok,0.0009632997775444204,0.5466694848547928,0.07298295624966644,0.0050990279262575966,-0.0057790826530893435,-0.18480812723094772
CMP044,Thales S.A.,HO.PA,^FCHI,EUR,Euronext Paris,PRIMARY_DIRECT,Defence Contractor,False,2024-08-01,140.17662048339844,7370.4501953125,-0.011908895193203706,-0.021382227693463096,0.00947333250025939,0.2562528960700865,0.11765443262793251,0.14730425089991972,2026-02-28,807,ok,0.0009632997775444204,0.5466694848547928,0.07298295624966644,-0.010725711620688935,-0.0011831835725147708,-0.18599131080346248
CMP044,Thales S.A.,HO.PA,^FCHI,EUR,Euronext Paris,PRIMARY_DIRECT,Defence Contractor,False,2024-08-02,139.5008544921875,7251.7998046875,-0.004820818114180225,-0.016098119854396353,0.011277301740216128,0.2501967293527205,0.09966229761569068,0.15858155264013585,2026-02-28,807,ok,0.0009632997775444204,0.5466694848547928,0.07298295624966644,-0.007837051110389147,0.0030162329962089215,-0.18297507780725356
CMP044,Thales S.A.,HO.PA,^FCHI,EUR,Euronext Paris,PRIMARY_DIRECT,Defence Contractor,False,2024-08-05,140.755859375,7148.990234375,0.008996395666399204,-0.014177110935418402,0.023173506601817606,0.26144399379081573,0.0840722632308959,0.18175505924195345,2026-02-28,807,ok,0.0009632997775444204,0.5466694848547928,0.07298295624966644,-0.006786894154250008,0.01578328982064921,-0.16719178798660433
CMP044,Thales S.A.,HO.PA,^FCHI,EUR,Euronext Paris,PRIMARY_DIRECT,Defence Contractor,False,2024-08-06,140.27317810058594,7130.0400390625,-0.003429209104028219,-0.002650751321687461,-0.0007784577823407579,0.2571182385630866,0.0811986572463319,0.1809766014596127,2026-02-28,807,ok,0.0009632997775444204,0.5466694848547928,0.07298295624966644,-0.0004857850819606253,-0.002943424022067594,-0.17013521200867193
CMP044,Thales S.A.,HO.PA,^FCHI,EUR,Euronext Paris,PRIMARY_DIRECT,Defence Contractor,False,2024-08-07,141.3833770751953,7266.009765625,0.007914549236299973,0.01906998078798705,-0.011155431551687078,0.2670677627580449,0.10181709486801682,0.16982116990792562,2026-02-28,807,ok,0.0009632997775444204,0.5466694848547928,0.07298295624966644,0.011388276351104098,-0.0034737271148041256,-0.17360893912347605
CMP044,Thales S.A.,HO.PA,^FCHI,EUR,Euronext Paris,PRIMARY_DIRECT,Defence Contractor,False,2024-08-08,141.04550170898438,7247.4501953125,-0.0023897814099548276,-0.0025543002158219252,0.00016451880586709766,0.2640397477734526,0.0990027232247992,0.16998568871379272,2026-02-28,807,ok,0.0009632997775444204,0.5466694848547928,0.07298295624966644,-0.00043305820560343765,-0.00195672320435139,-0.17556566232782744
CMP044,Thales S.A.,HO.PA,^FCHI,EUR,Euronext Paris,PRIMARY_DIRECT,Defence Contractor,False,2024-08-09,142.2522430419922,7269.7099609375,0.00855568818846586,0.003071392700207509,0.0054842954882583506,0.27485447771322935,0.10237819216641997,0.17546998420205107,2026-02-28,807,ok,0.0009632997775444204,0.5466694848547928,0.07298295624966644,0.0026423364427536305,0.005913351745712229,-0.16965231058211522
CMP044,Thales S.A.,HO.PA,^FCHI,EUR,Euronext Paris,PRIMARY_DIRECT,Defence Contractor,False,2024-08-12,141.96263122558594,7250.669921875,-0.002035903337712308,-0.002619091980946786,0.0005831886432344779,0.27225899722695557,0.0994909622833462,0.17605317284528554,2026-02-28,807,ok,0.0009632997775444204,0.5466694848547928,0.07298295624966644,-0.00046847788646707815,-0.0015674254512452299,-0.17121973603336044
CMP044,Thales S.A.,HO.PA,^FCHI,EUR,Euronext Paris,PRIMARY_DIRECT,Defence Contractor,False,2024-08-13,142.87974548339844,7275.8701171875,0.006460251193535216,0.0034755678556641634,0.0029846833378710524,0.28047810993227684,0.10331231772945149,0.1790378561831566,2026-02-28,807,ok,0.0009632997775444204,0.5466694848547928,0.07298295624966644,0.0028632866667782256,0.0035969645267569903,-0.16762277150660346
CMP044,Thales S.A.,HO.PA,^FCHI,EUR,Euronext Paris,PRIMARY_DIRECT,Defence Contractor,False,2024-08-14,143.7003631591797,7333.35986328125,0.00574341501662734,0.007901425557053976,-0.002158010540426636,0.2878324271373245,0.11203005787417153,0.17687984564272996,2026-02-28,807,ok,0.0009632997775444204,0.5466694848547928,0.07298295624966644,0.005282768016437612,0.00046064700018972823,-0.16716212450641374
CMP044,Thales S.A.,HO.PA,^FCHI,EUR,Euronext Paris,PRIMARY_DIRECT,Defence Contractor,False,2024-08-15,145.19671630859375,7423.3701171875,0.01041300882278584,0.012274081128479608,-0.0018610723056937672,0.3012426375633752,0.12567920502182695,0.1750187733370362,2026-02-28,807,ok,0.0009632997775444204,0.5466694848547928,0.07298295624966644,0.007673165385116302,0.002739843437669539,-0.1644222810687442
CMP044,Thales S.A.,HO.PA,^FCHI,EUR,Euronext Paris,PRIMARY_DIRECT,Defence Contractor,False,2024-08-16,144.61746215820312,7449.7001953125,-0.003989443873920084,0.003546917061839183,-0.007536360935759268,0.2960514030944643,0.1296718958002765,0.16748241240127693,2026-02-28,807,ok,0.0009632997775444204,0.5466694848547928,0.07298295624966644,0.002902291100562722,-0.006891734974482807,-0.17131401604322702
CMP044,Thales S.A.,HO.PA,^FCHI,EUR,Euronext Paris,PRIMARY_DIRECT,Defence Contractor,False,2024-08-19,143.5072784423828,7484.169921875,-0.007676692006984842,0.004626995135212253,-0.012303687142197095,0.28610201564768745,0.13489888216653045,0.15517872525907983,2026-02-28,807,ok,0.0009632997775444204,0.5466694848547928,0.07298295624966644,0.003492736824536535,-0.011169428831521378,-0.1824834448747484
CMP044,Thales S.A.,HO.PA,^FCHI,EUR,Euronext Paris,PRIMARY_DIRECT,Defence Contractor,False,2024-08-20,142.5901336669922,7485.72998046875,-0.006390928636827664,0.00020844777844897244,-0.0065993764152766365,0.27788262944600284,0.13513544931728227,0.1485793488438032,2026-02-28,807,ok,0.0009632997775444204,0.5466694848547928,0.07298295624966644,0.0010772518172082462,-0.00746818045403591,-0.18995162532878432
CMP044,Thales S.A.,HO.PA,^FCHI,EUR,Euronext Paris,PRIMARY_DIRECT,Defence Contractor,False,2024-08-21,143.07281494140625,7524.72021484375,0.0033850958828702815,0.005208608175385709,-0.001823512292515428,0.282208384673732,0.1410479250987664,0.14675583655128777,2026-02-28,807,ok,0.0009632997775444204,0.5466694848547928,0.07298295624966644,0.0038106869255929883,-0.0004255910427227068,-0.19037721637150704
CMP044,Thales S.A.,HO.PA,^FCHI,EUR,Euronext Paris,PRIMARY_DIRECT,Defence Contractor,False,2024-08-22,143.1693878173828,7524.10986328125,0.0006749910946821647,-8.111285802969714e-05,0.0007561039527118618,0.2830738639149135,0.1409553714404128,0.14751194050399963,2026-02-28,807,ok,0.0009632997775444204,0.5466694848547928,0.07298295624966644,0.0009189578532302259,-0.00024396675854806125,-0.1906211831300551
CMP044,Thales S.A.,HO.PA,^FCHI,EUR,Euronext Paris,PRIMARY_DIRECT,Defence Contractor,False,2024-08-23,143.1693878173828,7577.0400390625,0.0,0.007034742546697448,-0.007034742546697448,0.2830738639149135,0.14898169873576772,0.14047719795730218,2026-02-28,807,ok,0.0009632997775444204,0.5466694848547928,0.07298295624966644,0.0048089788616336076,-0.0048089788616336076,-0.19543016199168872
CMP044,Thales S.A.,HO.PA,^FCHI,EUR,Euronext Paris,PRIMARY_DIRECT,Defence Contractor,False,2024-08-26,143.5072784423828,7590.3701171875,0.0023600759223123546,0.001759272493780939,0.0006008034285314157,0.28610201564768745,0.15100307063421115,0.1410780013858336,2026-02-28,807,ok,0.0009632997775444204,0.5466694848547928,0.07298295624966644,0.001925040365438853,0.0004350355568735016,-0.19499512643481523
CMP044,Thales S.A.,HO.PA,^FCHI,EUR,Euronext Paris,PRIMARY_DIRECT,Defence Contractor,False,2024-08-27,143.8451385498047,7565.77978515625,0.002354306423262953,-0.003239674963354977,0.00559398138661793,0.28912989388409827,0.14727419480353277,0.14667198277245153,2026-02-28,807,ok,0.0009632997775444204,0.5466694848547928,0.07298295624966644,-0.0008077316657698147,0.0031620380890327675,-0.19183308834578247
CMP044,Thales S.A.,HO.PA,^FCHI,EUR,Euronext Paris,PRIMARY_DIRECT,Defence Contractor,False,2024-08-28,144.71401977539062,7577.669921875,0.006040393400470023,0.0015715679092429546,0.004468825491227069,0.2969167455874644,0.14907721411118846,0.1511408082636786,2026-02-28,807,ok,0.0009632997775444204,0.5466694848547928,0.07298295624966644,0.0018224279969045903,0.004217965403565433,-0.18761512294221705
CMP044,Thales S.A.,HO.PA,^FCHI,EUR,Euronext Paris,PRIMARY_DIRECT,Defence Contractor,False,2024-08-29,146.017333984375,7640.9501953125,0.00900613645455528,0.008350888081681163,0.0006552483728741176,0.30859695476842286,0.15867302932344107,0.1517960566365527,2026-02-28,807,ok,0.0009632997775444204,0.5466694848547928,0.07298295624966644,0.005528475463237091,0.0034776609913181895,-0.18413746195089886
CMP044,Thales S.A.,HO.PA,^FCHI,EUR,Euronext Paris,PRIMARY_DIRECT,Defence Contractor,False,2024-08-30,146.74136352539062,7630.9501953125,0.004958517740730084,-0.0013087377543874457,0.00626725549511753,0.31508565598410754,0.15715663018497494,0.15806331213167024,2026-02-28,807,ok,0.0009632997775444204,0.5466694848547928,0.07298295624966644,0.0002478527835434171,0.0047106649571866666,-0.1794267969937122
CMP044,Thales S.A.,HO.PA,^FCHI,EUR,Euronext Paris,PRIMARY_DIRECT,Defence Contractor,False,2024-09-02,143.26589965820312,7646.419921875,-0.023684282220712394,0.00202723463874821,-0.025711516859460604,0.28393879616336926,0.15950245818814301,0.13235179527220964,2026-02-28,807,ok,0.0009632997775444204,0.5466694848547928,0.07298295624966644,0.0020715270931886964,-0.02575580931390109,-0.20518260630761329
CMP044,Thales S.A.,HO.PA,^FCHI,EUR,Euronext Paris,PRIMARY_DIRECT,Defence Contractor,False,2024-09-03,141.9143524169922,7575.10009765625,-0.009433837671318779,-0.009327217828400625,-0.00010661984291815418,0.27182632598045564,0.14868752618805625,0.13224517542929148,2026-02-28,807,ok,0.0009632997775444204,0.5466694848547928,0.07298295624966644,-0.004135605587835788,-0.00529823208348299,-0.21048083839109627
CMP044,Thales S.A.,HO.PA,^FCHI,EUR,Euronext Paris,PRIMARY_DIRECT,Defence Contractor,False,2024-09-04,141.8660888671875,7500.97021484375,-0.00034008927908057984,-0.009785993829366846,0.009445904550286266,0.27139379148213716,0.13744647714490932,0.14169107997957775,2026-02-28,807,ok,0.0009632997775444204,0.5466694848547928,0.07298295624966644,-0.0043864044279477345,0.004046315148867155,-0.2064345232422291
CMP044,Thales S.A.,HO.PA,^FCHI,EUR,Euronext Paris,PRIMARY_DIRECT,Defence Contractor,False,2024-09-05,140.8041534423828,7431.9599609375,-0.007485477560453924,-0.009200177034390133,0.0017146994739362098,0.2618768017854971,0.12698176818803275,0.14340577945351396,2026-02-28,807,ok,0.0009632997775444204,0.5466694848547928,0.07298295624966644,-0.004066156262418529,-0.0034193212980353944,-0.2098538445402645
CMP044,Thales S.A.,HO.PA,^FCHI,EUR,Euronext Paris,PRIMARY_DIRECT,Defence Contractor,False,2024-09-06,139.88699340820312,7352.2998046875,-0.006513728549598419,-0.010718593300918622,0.004204864751320203,0.25365727883563105,0.11490210895727504,0.14761064420483416,2026-02-28,807,ok,0.0009632997775444204,0.5466694848547928,0.07298295624966644,-0.0048962281006367965,-0.0016175004489616222,-0.21147134498922612
CMP044,Thales S.A.,HO.PA,^FCHI,EUR,Euronext Paris,PRIMARY_DIRECT,Defence Contractor,False,2024-09-09,140.08009338378906,7425.259765625,0.0013803997847208205,0.009923420273338701,-0.00854302048861788,0.25538782707344954,0.12596575114808983,0.13906762371621628,2026-02-28,807,ok,0.0009632997775444204,0.5466694848547928,0.07298295624966644,0.006388130826368095,-0.005007731041647275,-0.2164790760308734
CMP044,Thales S.A.,HO.PA,^FCHI,EUR,Euronext Paris,PRIMARY_DIRECT,Defence Contractor,False,2024-09-10,141.09376525878906,7407.5498046875,0.00723637349543127,-0.0023850964809996045,0.009621469976430874,0.2644722822717709,0.1232802141973004,0.14868909369264716,2026-02-28,807,ok,0.0009632997775444204,0.5466694848547928,0.07298295624966644,-0.00034055968705261265,0.007576933182483882,-0.20890214284838954
CMP044,Thales S.A.,HO.PA,^FCHI,EUR,Euronext Paris,PRIMARY_DIRECT,Defence Contractor,False,2024-09-11,140.8041534423828,7396.830078125,-0.0020526195177728024,-0.0014471352667404513,-0.000605484251032351,0.2618768017854971,0.12165467578490374,0.1480836094416148,2026-02-28,807,ok,0.0009632997775444204,0.5466694848547928,0.07298295624966644,0.00017219508676021467,-0.002224814604533017,-0.21112695745292256
CMP044,Thales S.A.,HO.PA,^FCHI,EUR,Euronext Paris,PRIMARY_DIRECT,Defence Contractor,False,2024-09-12,141.33509826660156,7435.06982421875,0.0037708037102470726,0.005169747809516068,-0.001398944099268995,0.2666350915115445,0.12745334758807614,0.1466846653423458,2026-02-28,807,ok,0.0009632997775444204,0.5466694848547928,0.07298295624966644,0.0037894431494017626,-1.8639439154690025e-05,-0.21114559689207726
CMP044,Thales S.A.,HO.PA,^FCHI,EUR,Euronext Paris,PRIMARY_DIRECT,Defence Contractor,False,2024-09-13,142.87974548339844,7465.25,0.01092897118791547,0.004059165077769933,0.006869806110145538,0.28047810993227684,0.13202986684342055,0.15355447145249135,2026-02-28,807,ok,0.0009632997775444204,0.5466694848547928,0.07298295624966644,0.0031823214595494745,0.0077466497283659955,-0.20339894716371126
CMP044,Thales S.A.,HO.PA,^FCHI,EUR,Euronext Paris,PRIMARY_DIRECT,Defence Contractor,False,2024-09-16,142.54185485839844,7449.43994140625,-0.002364860210639641,-0.00211782038026187,-0.000247039830377771,0.2774499581995029,0.12963243092035448,0.15330743162211358,2026-02-28,807,ok,0.0009632997775444204,0.5466694848547928,0.07298295624966644,-0.0001944479987483176,-0.0021704122118913235,-0.20556935937560258
CMP044,Thales S.A.,HO.PA,^FCHI,EUR,Euronext Paris,PRIMARY_DIRECT,Defence Contractor,False,2024-09-17,137.08731079101562,7487.419921875,-0.03826626272543865,0.005098367228608014,-0.04336462995404666,0.2285667224804402,0.13539171188653154,0.10994280166806691,2026-02-28,807,ok,0.0009632997775444204,0.5466694848547928,0.07298295624966644,0.003750421564008121,-0.04201668428944677,-0.24758604366504935
CMP044,Thales S.A.,HO.PA,^FCHI,EUR,Euronext Paris,PRIMARY_DIRECT,Defence Contractor,False,2024-09-18,139.88699340820312,7444.89990234375,0.02042262410016571,-0.005678861340075891,0.0261014854402416,0.25365727883563083,0.1289439797880565,0.13604428710830851,2026-02-28,807,ok,0.0009632997775444204,0.5466694848547928,0.07298295624966644,-0.0021411604257966657,0.022563784525962374,-0.22502225913908697
CMP044,Thales S.A.,HO.PA,^FCHI,EUR,Euronext Paris,PRIMARY_DIRECT,Defence Contractor,False,2024-09-19,143.12110900878906,7615.41015625,0.023119487536260808,0.022902961240965913,0.0002165262952948943,0.2826411926684138,0.15480014000036424,0.1362608134036034,2026-02-28,807,ok,0.0009632997775444204,0.5466694848547928,0.07298295624966644,0.013483649800792544,0.009635837735468264,-0.2153864214036187
CMP044,Thales S.A.,HO.PA,^FCHI,EUR,Euronext Paris,PRIMARY_DIRECT,Defence Contractor,False,2024-09-20,142.68667602539062,7500.259765625,-0.003035422142877331,-0.015120707652298337,0.012085285509421007,0.27874783519082147,0.13733874468658547,0.14834609891302442,2026-02-28,807,ok,0.0009632997775444204,0.5466694848547928,0.07298295624966644,-0.007302729685377436,0.004267307542500105,-0.2111191138611186
CMP044,Thales S.A.,HO.PA,^FCHI,EUR,Euronext Paris,PRIMARY_DIRECT,Defence Contractor,False,2024-09-23,140.5627899169922,7508.080078125,-0.014884964507971943,0.0010426722199465832,-0.015927636727918526,0.25971371904936014,0.13852461620033907,0.1324184621851059,2026-02-28,807,ok,0.0009632997775444204,0.5466694848547928,0.07298295624966644,0.0015332968628950223,-0.016418261370866966,-0.22753737523198556
CMP044,Thales S.A.,HO.PA,^FCHI,EUR,Euronext Paris,PRIMARY_DIRECT,Defence Contractor,False,2024-09-24,143.12110900878906,7604.009765625,0.0182005429268135,0.012776859929809925,0.005423682997003576,0.2826411926684138,0.15307138574817136,0.13784214518210947,2026-02-28,807,ok,0.0009632997775444204,0.5466694848547928,0.07298295624966644,0.007948019213435457,0.010252523713378044,-0.21728485151860752
CMP044,Thales S.A.,HO.PA,^FCHI,EUR,Euronext Paris,PRIMARY_DIRECT,Defence Contractor,False,2024-09-25,143.2176513671875,7565.6201171875,0.000674550100031146,-0.005048605883049451,0.005723155983080597,0.28350639841323244,0.14724998276650725,0.14356530116519006,2026-02-28,807,ok,0.0009632997775444204,0.5466694848547928,0.07298295624966644,-0.0017966189997770995,0.0024711690998082455,-0.21481368241879928
CMP044,Thales S.A.,HO.PA,^FCHI,EUR,Euronext Paris,PRIMARY_DIRECT,Defence Contractor,False,2024-09-26,139.64564514160156,7742.08984375,-0.024941103219378147,0.023325216417038774,-0.04826631963641692,0.25149433284767575,0.17400983689897997,0.09529898152877314,2026-02-28,807,ok,0.0009632997775444204,0.5466694848547928,0.07298295624966644,0.013714483820373564,-0.03865558703975171,-0.25346926945855097
CMP044,Thales S.A.,HO.PA,^FCHI,EUR,Euronext Paris,PRIMARY_DIRECT,Defence Contractor,False,2024-09-27,139.64564514160156,7791.7900390625,0.0,0.006419480568624625,-0.006419480568624625,0.25149433284767575,0.18154637023432718,0.08887950096014852,2026-02-28,807,ok,0.0009632997775444204,0.5466694848547928,0.07298295624966644,0.004472633913029797,-0.004472633913029797,-0.2579419033715808
CMP044,Thales S.A.,HO.PA,^FCHI,EUR,Euronext Paris,PRIMARY_DIRECT,Defence Contractor,False,2024-09-30,137.61830139160156,7635.75,-0.01451777280948685,-0.020026211984694897,0.005508439175208046,0.23332542245103283,0.15788447215426782,0.09438794013535656,2026-02-28,807,ok,0.0009632997775444204,0.5466694848547928,0.07298295624966644,-0.009984419211721617,-0.0045333535977652335,-0.26247525696934604
CMP044,Thales S.A.,HO.PA,^FCHI,EUR,Euronext Paris,PRIMARY_DIRECT,Defence Contractor,False,2024-10-01,141.09376525878906,7574.06982421875,0.02525437265279029,-0.008077814986248932,0.033332187639039224,0.26447228227177133,0.14853129561275513,0.1277201277743958,2026-02-28,807,ok,0.0009632997775444204,0.5466694848547928,0.07298295624966644,-0.003452595179740609,0.0287069678325309,-0.23376828913681513
CMP044,Thales S.A.,HO.PA,^FCHI,EUR,Euronext Paris,PRIMARY_DIRECT,Defence Contractor,False,2024-10-02,142.39706420898438,7577.58984375,0.009237112269311565,0.0004647461157532007,0.008772366153558364,0.27615235470454835,0.14906507107121225,0.13649249392795415,2026-02-28,807,ok,0.0009632997775444204,0.5466694848547928,0.07298295624966644,0.0012173622972314886,0.008019749972080076,-0.22574853916473506
CMP044,Thales S.A.,HO.PA,^FCHI,EUR,Euronext Paris,PRIMARY_DIRECT,Defence Contractor,False,2024-10-03,141.62472534179688,7477.77978515625,-0.005423839820559828,-0.013171742025081201,0.007747902204521373,0.26923070874600064,0.13392988238503056,0.14424039613247552,2026-02-28,807,ok,0.0009632997775444204,0.5466694848547928,0.07298295624966644,-0.006237289649946946,0.000813449829387118,-0.22493508933534795
CMP044,Thales S.A.,HO.PA,^FCHI,EUR,Euronext Paris,PRIMARY_DIRECT,Defence Contractor,False,2024-10-04,141.96263122558594,7541.35986328125,0.0023859243714228207,0.008502534168124187,-0.006116609796701367,0.272258997226956,0.1435711599542664,0.13812378633577416,2026-02-28,807,ok,0.0009632997775444204,0.5466694848547928,0.07298295624966644,0.005611375751193144,-0.0032254513797703235,-0.22816054071511827
CMP044,Thales S.A.,HO.PA,^FCHI,EUR,Euronext Paris,PRIMARY_DIRECT,Defence Contractor,False,2024-10-07,142.2039794921875,7576.02001953125,0.0017000830748061802,0.004596008793952278,-0.0028959257191460974,0.27442194321491153,0.1488270230619264,0.13522786061662806,2026-02-28,807,ok,0.0009632997775444204,0.5466694848547928,0.07298295624966644,0.0034757975373224097,-0.0017757144625162296,-0.2299362551776345
CMP044,Thales S.A.,HO.PA,^FCHI,EUR,Euronext Paris,PRIMARY_DIRECT,Defence Contractor,False,2024-10-08,144.9071044921875,7521.31982421875,0.01900878589792554,-0.007220175655750727,0.026228961553676267,0.2986471570771021,0.14053229015734603,0.16145682217030433,2026-02-28,807,ok,0.0009632997775444204,0.5466694848547928,0.07298295624966644,-0.0029837499287459456,0.021992535826671485,-0.207943719350963
CMP044,Thales S.A.,HO.PA,^FCHI,EUR,Euronext Paris,PRIMARY_DIRECT,Defence Contractor,False,2024-10-09,145.2932586669922,7560.08984375,0.0026648394925696817,0.0051546830127353616,-0.00248984352016568,0.3021078433081945,0.14641137257889625,0.15896697865013865,2026-02-28,807,ok,0.0009632997775444204,0.5466694848547928,0.07298295624966644,0.003781207684706212,-0.0011163681921365302,-0.20906008754309954
CMP044,Thales S.A.,HO.PA,^FCHI,EUR,Euronext Paris,PRIMARY_DIRECT,Defence Contractor,False,2024-10-10,144.23130798339844,7541.58984375,-0.007309015527194651,-0.0024470608659887816,-0.0048619546612058695,0.292590716863373,0.14360603417273388,0.15410502398893278,2026-02-28,807,ok,0.0009632997775444204,0.5466694848547928,0.07298295624966644,-0.00037443372547399,-0.006934581801720661,-0.2159946693448202
CMP044,Thales S.A.,HO.PA,^FCHI,EUR,Euronext Paris,PRIMARY_DIRECT,Defence Contractor,False,2024-10-11,142.107421875,7577.89013671875,-0.01472555534643638,0.0048133475461853426,-0.019538902892621723,0.27355660072191146,0.14911060747112193,0.13456612109631105,2026-02-28,807,ok,0.0009632997775444204,0.5466694848547928,0.07298295624966644,0.0035946100010446425,-0.018320165347481022,-0.23431483469230122
CMP044,Thales S.A.,HO.PA,^FCHI,EUR,Euronext Paris,PRIMARY_DIRECT,Defence Contractor,False,2024-10-14,144.81056213378906,7602.06005859375,0.019021809157629965,0.003189531840516402,0.015832277317113563,0.2977819513322837,0.15277573234192632,0.15039839841342462,2026-02-28,807,ok,0.0009632997775444204,0.5466694848547928,0.07298295624966644,0.002706919505727481,0.016314889651902482,-0.21799994504039874
CMP044,Thales S.A.,HO.PA,^FCHI,EUR,Euronext Paris,PRIMARY_DIRECT,Defence Contractor,False,2024-10-15,144.8588409423828,7521.97021484375,0.00033339286777400723,-0.010535281638489824,0.010868674506263831,0.2982146225787836,0.14063091533568772,0.16126707291968845,2026-02-28,807,ok,0.0009632997775444204,0.5466694848547928,0.07298295624966644,-0.00479601720856897,0.005129410076342977,-0.21287053496405575
CMP044,Thales S.A.,HO.PA,^FCHI,EUR,Euronext Paris,PRIMARY_DIRECT,Defence Contractor,False,2024-10-16,146.8861846923828,7492.0,0.013995305614838971,-0.003984357021862062,0.017979662636701033,0.31638353297542654,0.13608623453881696,0.17924673555638948,2026-02-28,807,ok,0.0009632997775444204,0.5466694848547928,0.07298295624966644,-0.0012148266230744896,0.015210132237913461,-0.1976604027261423
CMP044,Thales S.A.,HO.PA,^FCHI,EUR,Euronext Paris,PRIMARY_DIRECT,Defence Contractor,False,2024-10-17,148.6239013671875,7583.72998046875,0.011830361571742776,0.012243724034803893,-0.0004133624630611177,0.331956826137614,0.14999616087424972,0.17883337309332836,2026-02-28,807,ok,0.0009632997775444204,0.5466694848547928,0.07298295624966644,0.00765657008835491,0.004173791483387866,-0.19348661124275443
CMP044,Thales S.A.,HO.PA,^FCHI,EUR,Euronext Paris,PRIMARY_DIRECT,Defence Contractor,False,2024-10-18,148.18948364257812,7613.0498046875,-0.0029229331259184033,0.0038661482270940795,-0.006789081353012483,0.32806360540820334,0.15444221649277878,0.17204429174031588,2026-02-28,807,ok,0.0009632997775444204,0.5466694848547928,0.07298295624966644,0.003076805037222211,-0.005999738163140615,-0.19948634940589505
CMP044,Thales S.A.,HO.PA,^FCHI,EUR,Euronext Paris,PRIMARY_DIRECT,Defence Contractor,False,2024-10-21,147.85157775878906,7536.22998046875,-0.0022802284985624643,-0.01009054533853837,0.007810316839975906,0.32503531692724796,0.14279326496653577,0.17985460858029179,2026-02-28,807,ok,0.0009632997775444204,0.5466694848547928,0.07298295624966644,-0.004552893444578282,0.0022726649460158175,-0.19721368445987922
CMP044,Thales S.A.,HO.PA,^FCHI,EUR,Euronext Paris,PRIMARY_DIRECT,Defence Contractor,False,2024-10-22,148.6721649169922,7535.10009765625,0.005550073733686212,-0.00014992679568270884,0.00570000052936892,0.3323893606359325,0.1426219296341915,0.1855546091096607,2026-02-28,807,ok,0.0009632997775444204,0.5466694848547928,0.07298295624966644,0.0008813393733826242,0.004668734360303587,-0.19254495009957562
CMP044,Thales S.A.,HO.PA,^FCHI,EUR,Euronext Paris,PRIMARY_DIRECT,Defence Contractor,False,2024-10-23,146.78965759277344,7497.47998046875,-0.012662137026590026,-0.004992649958187267,-0.007669487068402758,0.3155184639787896,0.1369172183049796,0.17788512204125795,2026-02-28,807,ok,0.0009632997775444204,0.5466694848547928,0.07298295624966644,-0.001766029603158116,-0.01089610742343191,-0.20344105752300753
CMP044,Thales S.A.,HO.PA,^FCHI,EUR,Euronext Paris,PRIMARY_DIRECT,Defence Contractor,False,2024-10-24,147.85157775878906,7503.27978515625,0.007234298270261119,0.0007735672122644033,0.006460731057996716,0.32503531692724796,0.1377967001881193,0.18434585309925466,2026-02-28,807,ok,0.0009632997775444204,0.5466694848547928,0.07298295624966644,0.00138618536697356,0.005848112903287559,-0.19759294461971996
CMP044,Thales S.A.,HO.PA,^FCHI,EUR,Euronext Paris,PRIMARY_DIRECT,Defence Contractor,False,2024-10-25,146.78965759277344,7497.5400390625,-0.007182339087027367,-0.0007649649564054339,-0.006417374130621933,0.3155184639787898,0.13692632558496154,0.17792847896863273,2026-02-28,807,ok,0.0009632997775444204,0.5466694848547928,0.07298295624966644,0.0005451167788942928,-0.00772745586592166,-0.20532040048564162
CMP044,Thales S.A.,HO.PA,^FCHI,EUR,Euronext Paris,PRIMARY_DIRECT,Defence Contractor,False,2024-10-28,146.69308471679688,7556.93994140625,-0.0006578997291789568,0.007922585545962368,-0.008580485275141325,0.3146529847376083,0.14593372165886498,0.1693479936934914,2026-02-28,807,ok,0.0009632997775444204,0.5466694848547928,0.07298295624966644,0.005294335536673696,-0.0059522352658526526,-0.21127263575149427
CMP044,Thales S.A.,HO.PA,^FCHI,EUR,Euronext Paris,PRIMARY_DIRECT,Defence Contractor,False,2024-10-29,145.5828857421875,7511.10986328125,-0.007568175260290633,-0.006064634426149906,-0.0015035408341407264,0.30470346054264996,0.13898405256040647,0.16784445285935068,2026-02-28,807,ok,0.0009632997775444204,0.5466694848547928,0.07298295624966644,-0.002352050800031591,-0.005216124460259042,-0.2164887602117533
CMP044,Thales S.A.,HO.PA,^FCHI,EUR,Euronext Paris,PRIMARY_DIRECT,Defence Contractor,False,2024-10-30,145.82424926757812,7428.35986328125,0.0016579113963852699,-0.011017013664589181,0.012674925060974451,0.30686654327878693,0.1264358496895992,0.18051937792032513,2026-02-28,807,ok,0.0009632997775444204,0.5466694848547928,0.07298295624966644,-0.005059365407114761,0.006717276803500031,-0.20977148340825327
CMP044,Thales S.A.,HO.PA,^FCHI,EUR,Euronext Paris,PRIMARY_DIRECT,Defence Contractor,False,2024-10-31,143.02455139160156,7350.3701171875,-0.019199124220000585,-0.0104989186750708,-0.008700205544929784,0.2817758501754146,0.11460949131102383,0.17181917237539535,2026-02-28,807,ok,0.0009632997775444204,0.5466694848547928,0.07298295624966644,-0.0047761386860888985,-0.014422985533911687,-0.22419446894216497
CMP044,Thales S.A.,HO.PA,^FCHI,EUR,Euronext Paris,PRIMARY_DIRECT,Defence Contractor,False,2024-11-01,144.27960205078125,7409.10986328125,0.008775071461285977,0.00799139977406016,0.0007836716872258176,0.2930235248580544,0.123516781348052,0.17260284406262116,2026-02-28,807,ok,0.0009632997775444204,0.5466694848547928,0.07298295624966644,0.005331954175298596,0.0034431172859873812,-0.2207513516561776
CMP044,Thales S.A.,HO.PA,^FCHI,EUR,Euronext Paris,PRIMARY_DIRECT,Defence Contractor,False,2024-11-04,141.431640625,7371.7099609375,-0.019739182707052882,-0.005047826666614852,-0.01469135604043803,0.2675002972563638,0.117845463378774,0.15791148802218313,2026-02-28,807,ok,0.0009632997775444204,0.5466694848547928,0.07298295624966644,-0.001796193025930207,-0.017942989681122675,-0.23869434133730028
CMP044,Thales S.A.,HO.PA,^FCHI,EUR,Euronext Paris,PRIMARY_DIRECT,Defence Contractor,False,2024-11-05,144.7622833251953,7407.14990234375,0.023549487833676164,0.004807560470236227,0.018741927363439936,0.29734928008578354,0.1232195730403467,0.17665341538562307,2026-02-28,807,ok,0.0009632997775444204,0.5466694848547928,0.07298295624966644,0.0035914463832167243,0.01995804145045944,-0.21873629988684085
CMP044,Thales S.A.,HO.PA,^FCHI,EUR,Euronext Paris,PRIMARY_DIRECT,Defence Contractor,False,2024-11-06,148.91351318359375,7369.60986328125,0.028676183899870367,-0.005068081456083617,0.033744265355953984,0.3345523066238878,0.11752700475111078,0.21039768074157705,2026-02-28,807,ok,0.0009632997775444204,0.5466694848547928,0.07298295624966644,-0.0018072657012549393,0.030483449601125305,-0.18825285028571553
CMP044,Thales S.A.,HO.PA,^FCHI,EUR,Euronext Paris,PRIMARY_DIRECT,Defence Contractor,False,2024-11-07,154.89901733398438,7425.60009765625,0.04019449962886279,0.0075974489034988935,0.032597050725363896,0.3881939688171796,0.1260173590679876,0.24299473146694095,2026-02-28,807,ok,0.0009632997775444204,0.5466694848547928,0.07298295624966644,0.005116593255830771,0.03507790637303202,-0.15317494391268352
CMP044,Thales S.A.,HO.PA,^FCHI,EUR,Euronext Paris,PRIMARY_DIRECT,Defence Contractor,False,2024-11-08,155.5265655517578,7338.669921875,0.0040513376299886605,-0.011706821622226582,0.015758159252215242,0.3938180112807719,0.11283527470184795,0.2587528907191562,2026-02-28,807,ok,0.0009632997775444204,0.5466694848547928,0.07298295624966644,-0.005436462367965135,0.009487799997953796,-0.14368714391472973
CMP044,Thales S.A.,HO.PA,^FCHI,EUR,Euronext Paris,PRIMARY_DIRECT,Defence Contractor,False,2024-11-11,156.829833984375,7426.8798828125,0.008379715889652806,0.012019883967606226,-0.0036401680779534207,0.40549781021718556,0.12621142557882337,0.25511272264120277,2026-02-28,807,ok,0.0009632997775444204,0.5466694848547928,0.07298295624966644,0.007534203554130099,0.0008455123355227065,-0.142841631579207
CMP044,Thales S.A.,HO.PA,^FCHI,EUR,Euronext Paris,PRIMARY_DIRECT,Defence Contractor,False,2024-11-12,155.28518676757812,7226.97998046875,-0.009849192449893018,-0.026915731168126733,0.017066538718233715,0.39165479179645324,0.09589862160947105,0.2721792613594365,2026-02-28,807,ok,0.0009632997775444204,0.5466694848547928,0.07298295624966644,-0.013750709114625512,0.0039015166647324937,-0.13894011491447453
CMP044,Thales S.A.,HO.PA,^FCHI,EUR,Euronext Paris,PRIMARY_DIRECT,Defence Contractor,False,2024-11-13,151.085693359375,7216.830078125,-0.027043747672395035,-0.0014044458918083258,-0.02563930178058671,0.3540192307600305,0.0943594912925132,0.24653995957884978,2026-02-28,807,ok,0.0009632997775444204,0.5466694848547928,0.07298295624966644,0.00019553206536313276,-0.02723927973775817,-0.1661793946522327
CMP044,Thales S.A.,HO.PA,^FCHI,EUR,Euronext Paris,PRIMARY_DIRECT,Defence Contractor,False,2024-11-14,148.2860107421875,7311.7998046875,-0.018530428361129614,0.013159479374519778,-0.03168990773564939,0.32892867440483986,0.108760692446487,0.21485005184320038,2026-02-28,807,ok,0.0009632997775444204,0.5466694848547928,0.07298295624966644,0.00815718558817042,-0.026687613949300033,-0.19286700860153272
CMP044,Thales S.A.,HO.PA,^FCHI,EUR,Euronext Paris,PRIMARY_DIRECT,Defence Contractor,False,2024-11-15,146.0655975341797,7269.6298828125,-0.01497385489632097,-0.005767379168117426,-0.009206475728203545,0.30902948926674156,0.10236604912644376,0.20564357611499684,2026-02-28,807,ok,0.0009632997775444204,0.5466694848547928,0.07298295624966644,-0.0021895504212525964,-0.012784304475068373,-0.2056513130766011
CMP044,Thales S.A.,HO.PA,^FCHI,EUR,Euronext Paris,PRIMARY_DIRECT,Defence Contractor,False,2024-11-18,146.162109375,7278.22998046875,0.00066074313493103,0.0011830172642741665,-0.0005222741293431366,0.30989442151519686,0.10367016719411004,0.2051213019856537,2026-02-28,807,ok,0.0009632997775444204,0.5466694848547928,0.07298295624966644,0.0016100192159795054,-0.0009492760810484754,-0.20660058915764956
CMP044,Thales S.A.,HO.PA,^FCHI,EUR,Euronext Paris,PRIMARY_DIRECT,Defence Contractor,False,2024-11-19,148.6239013671875,7229.64013671875,0.01684288768624298,-0.006676052265508492,0.023518939951751472,0.33195682613761357,0.09630200747403972,0.22864024193740518,2026-02-28,807,ok,0.0009632997775444204,0.5466694848547928,0.07298295624966644,-0.0026862942753047795,0.019529181961547758,-0.1870714071961018
CMP044,Thales S.A.,HO.PA,^FCHI,EUR,Euronext Paris,PRIMARY_DIRECT,Defence Contractor,False,2024-11-20,146.64483642578125,7198.4501953125,-0.013315926464053773,-0.004314176199149755,-0.009001750264904018,0.3142205869874706,0.09157236744631514,0.21963849167250116,2026-02-28,807,ok,0.0009632997775444204,0.5466694848547928,0.07298295624966644,-0.0013951287028175843,-0.011920797761236189,-0.198992204957338
CMP044,Thales S.A.,HO.PA,^FCHI,EUR,Euronext Paris,PRIMARY_DIRECT,Defence Contractor,False,2024-11-21,147.22406005859375,7213.31982421875,0.0039498399461590505,0.002065670873979686,0.0018841690721793647,0.31941154796001836,0.0938271966925901,0.22152266074468052,2026-02-28,807,ok,0.0009632997775444204,0.5466694848547928,0.07298295624966644,0.002092539010102445,0.0018573009360566056,-0.1971349040212814
CMP044,Thales S.A.,HO.PA,^FCHI,EUR,Euronext Paris,PRIMARY_DIRECT,Defence Contractor,False,2024-11-22,143.02455139160156,7255.009765625,-0.02852460844593485,0.0057795775623694645,-0.034304186008304316,0.28177585017541396,0.1001490558157041,0.1872184747363762,2026-02-28,807,ok,0.0009632997775444204,0.5466694848547928,0.07298295624966644,0.004122818466243255,-0.032647426912178104,-0.2297823309334595
CMP044,Thales S.A.,HO.PA,^FCHI,EUR,Euronext Paris,PRIMARY_DIRECT,Defence Contractor,False,2024-11-25,136.9425506591797,7257.47021484375,-0.0425241727608664,0.00033913796097251314,-0.04286331072183891,0.2272693924818483,0.10052215812325938,0.1443551640145373,2026-02-28,807,ok,0.0009632997775444204,0.5466694848547928,0.07298295624966644,0.001148696151963969,-0.043672868912830363,-0.27345519984628985
CMP044,Thales S.A.,HO.PA,^FCHI,EUR,Euronext Paris,PRIMARY_DIRECT,Defence Contractor,False,2024-11-26,137.2803955078125,7194.509765625,0.002467055323612577,-0.008675261124734157,0.011142316448346734,0.23029713397007745,0.09097484102798403,0.15549748046288403,2026-02-28,807,ok,0.0009632997775444204,0.5466694848547928,0.07298295624966644,-0.003779200752494812,0.006246256076107389,-0.26720894377018245
CMP044,Thales S.A.,HO.PA,^FCHI,EUR,Euronext Paris,PRIMARY_DIRECT,Defence Contractor,False,2024-11-27,135.15650939941406,7143.02978515625,-0.015471153769203494,-0.007155453553585933,-0.00831570021561756,0.21126301782861612,0.08316842122487755,0.14718178024726647,2026-02-28,807,ok,0.0009632997775444204,0.5466694848547928,0.07298295624966644,-0.002948368330496798,-0.012522785438706696,-0.27973172920888917
CMP044,Thales S.A.,HO.PA,^FCHI,EUR,Euronext Paris,PRIMARY_DIRECT,Defence Contractor,False,2024-11-28,138.10101318359375,7179.25,0.02178588213963195,0.005070707519520434,0.016715174620111517,0.23765145117512532,0.08866085148328962,0.163896954867378,2026-02-28,807,ok,0.0009632997775444204,0.5466694848547928,0.07298295624966644,0.0037353008450899806,0.01805058129454197,-0.2616811479143472
CMP044,Thales S.A.,HO.PA,^FCHI,EUR,Euronext Paris,PRIMARY_DIRECT,Defence Contractor,False,2024-11-29,136.60462951660156,7235.10986328125,-0.010835428593147789,0.007780737999268705,-0.018616166592416494,0.22424096725271148,0.09713143633874188,0.1452807882749615,2026-02-28,807,ok,0.0009632997775444204,0.5466694848547928,0.07298295624966644,0.0052167918113947545,-0.016052220404542544,-0.27773336831888973
CMP044,Thales S.A.,HO.PA,^FCHI,EUR,Euronext Paris,PRIMARY_DIRECT,Defence Contractor,False,2024-12-02,136.9425506591797,7236.89013671875,0.002473716621273603,0.00024606031852192345,0.0022276563027516794,0.22726939248184852,0.09740139684942783,0.14750844457771317,2026-02-28,807,ok,0.0009632997775444204,0.5466694848547928,0.07298295624966644,0.0010978134451140064,0.0013759031761595964,-0.27635746514273013
CMP044,Thales S.A.,HO.PA,^FCHI,EUR,Euronext Paris,PRIMARY_DIRECT,Defence Contractor,False,2024-12-03,138.88494873046875,7255.419921875,0.014184036020500779,0.0025604624094308637,0.011623573611069915,0.24467702575166927,0.10021125187411761,0.1591320181887831,2026-02-28,807,ok,0.0009632997775444204,0.5466694848547928,0.07298295624966644,0.0023630264438980523,0.011821009576602726,-0.2645364555661274
CMP044,Thales S.A.,HO.PA,^FCHI,EUR,Euronext Paris,PRIMARY_DIRECT,Defence Contractor,False,2024-12-04,137.8651885986328,7303.27978515625,-0.007342481249101862,0.0065964291242404105,-0.013938910373342273,0.2355380080288998,0.10746871741879716,0.14519310781544081,2026-02-28,807,ok,0.0009632997775444204,0.5466694848547928,0.07298295624966644,0.004569366288774078,-0.01191184753787594,-0.27644830310400337
CMP044,Thales S.A.,HO.PA,^FCHI,EUR,Euronext Paris,PRIMARY_DIRECT,Defence Contractor,False,2024-12-05,138.05941772460938,7330.5400390625,0.0014088337161168862,0.0037326043514935847,-0.0023237706353766985,0.23727867563215477,0.11160245997257756,0.14286933718006412,2026-02-28,807,ok,0.0009632997775444204,0.5466694848547928,0.07298295624966644,0.0030038006755421765,-0.0015949669594252903,-0.27804327006342866
CMP044,Thales S.A.,HO.PA,^FCHI,EUR,Euronext Paris,PRIMARY_DIRECT,Defence Contractor,False,2024-12-06,137.71949768066406,7426.8798828125,-0.002462128622209292,0.013142257355751585,-0.015604385977960877,0.23423233639123153,0.1262114255788238,0.12726495120210324,2026-02-28,807,ok,0.0009632997775444204,0.5466694848547928,0.07298295624966644,0.008147770836042251,-0.010609899458251543,-0.2886531695216802
CMP044,Thales S.A.,HO.PA,^FCHI,EUR,Euronext Paris,PRIMARY_DIRECT,Defence Contractor,False,2024-12-09,135.7770538330078,7480.14013671875,-0.014104348914779519,0.00717128252329835,-0.02127563143807787,0.216824292876866,0.13428780589261624,0.10598931976402537,2026-02-28,807,ok,0.0009632997775444204,0.5466694848547928,0.07298295624966644,0.004883621100304108,-0.01898797001508363,-0.3076411395367638
CMP044,Thales S.A.,HO.PA,^FCHI,EUR,Euronext Paris,PRIMARY_DIRECT,Defence Contractor,False,2024-12-10,133.54324340820312,7394.77978515625,-0.016452046658429142,-0.011411597911579308,-0.005040448746849835,0.19680504283534583,0.1213437695357622,0.10094887101717553,2026-02-28,807,ok,0.0009632997775444204,0.5466694848547928,0.07298295624966644,-0.005275072574148669,-0.011176974084280474,-0.3188181136210443
CMP044,Thales S.A.,HO.PA,^FCHI,EUR,Euronext Paris,PRIMARY_DIRECT,Defence Contractor,False,2024-12-11,134.7086944580078,7423.39990234375,0.008727143508430846,0.003870313656256563,0.0048568298521742825,0.20724973219578358,0.12568372164035457,0.10580570086934982,2026-02-28,807,ok,0.0009632997775444204,0.5466694848547928,0.07298295624966644,0.0030790821502366655,0.00564806135819418,-0.3131700522628501
CMP044,Thales S.A.,HO.PA,^FCHI,EUR,Euronext Paris,PRIMARY_DIRECT,Defence Contractor,False,2024-12-12,135.29144287109375,7420.93994140625,0.004325989613592318,-0.0003313792830591522,0.00465736889665147,0.21247228199827473,0.12531069337572598,0.11046306976600129,2026-02-28,807,ok,0.0009632997775444204,0.5466694848547928,0.07298295624966644,0.0007821448355829231,0.003543844778009395,-0.3096262074848407
CMP044,Thales S.A.,HO.PA,^FCHI,EUR,Euronext Paris,PRIMARY_DIRECT,Defence Contractor,False,2024-12-13,134.0288543701172,7409.56982421875,-0.009332360378324633,-0.0015321667170568043,-0.007800193661267829,0.2011570537139371,0.12358652978498763,0.10266287610473346,2026-02-28,807,ok,0.0009632997775444204,0.5466694848547928,0.07298295624966644,0.00012571098761931805,-0.00945807136594395,-0.31908427885078466
CMP044,Thales S.A.,HO.PA,^FCHI,EUR,Euronext Paris,PRIMARY_DIRECT,Defence Contractor,False,2024-12-16,133.78604125976562,7357.080078125,-0.0018116480327514672,-0.007084047703037166,0.005272399670285699,0.19898097990055064,0.11562698920950076,0.10793527577501916,2026-02-28,807,ok,0.0009632997775444204,0.5466694848547928,0.07298295624966644,-0.002909332930961686,0.0010976848982102187,-0.31798659395257445
CMP044,Thales S.A.,HO.PA,^FCHI,EUR,Euronext Paris,PRIMARY_DIRECT,Defence Contractor,False,2024-12-17,132.572021484375,7365.7001953125,-0.00907433812944225,0.0011716764118323564,-0.010246014541274606,0.18810102107816307,0.1169341430371611,0.09768926123374455,2026-02-28,807,ok,0.0009632997775444204,0.5466694848547928,0.07298295624966644,0.0016038195180173268,-0.010678157647459576,-0.328664751600034
CMP044,Thales S.A.,HO.PA,^FCHI,EUR,Euronext Paris,PRIMARY_DIRECT,Defence Contractor,False,2024-12-18,133.4461212158203,7384.6201171875,0.00659339521007718,0.002568652181504927,0.004024743028572253,0.19593464065962762,0.11980315836027078,0.1017140042623168,2026-02-28,807,ok,0.0009632997775444204,0.5466694848547928,0.07298295624966644,0.0023675035423788584,0.004225891667698321,-0.3244388599323357
CMP044,Thales S.A.,HO.PA,^FCHI,EUR,Euronext Paris,PRIMARY_DIRECT,Defence Contractor,False,2024-12-19,135.43711853027344,7294.3701171875,0.014919859013609926,-0.012221346334382988,0.027141205347992914,0.21377781688776154,0.10611765613561408,0.12885520961030972,2026-02-28,807,ok,0.0009632997775444204,0.5466694848547928,0.07298295624966644,-0.0057177373273047385,0.020637596340914666,-0.303801263591421
CMP044,Thales S.A.,HO.PA,^FCHI,EUR,Euronext Paris,PRIMARY_DIRECT,Defence Contractor,False,2024-12-20,133.4946746826172,7274.47998046875,-0.014342034655898783,-0.0027267792008365266,-0.011615255455062257,0.196369773373396,0.10310151751718544,0.11723995415524746,2026-02-28,807,ok,0.0009632997775444204,0.5466694848547928,0.07298295624966644,-0.0005273472034896474,-0.013814687452409135,-0.31761595104383017
CMP044,Thales S.A.,HO.PA,^FCHI,EUR,Euronext Paris,PRIMARY_DIRECT,Defence Contractor,False,2024-12-23,133.10618591308594,7272.31982421875,-0.002910144321898067,-0.00029694992024165145,-0.0026131944016564157,0.19288816467052294,0.10277395160954028,0.11462675975359105,2026-02-28,807,ok,0.0009632997775444204,0.5466694848547928,0.07298295624966644,0.0008009663176182449,-0.003711110639516312,-0.32132706168334646
CMP044,Thales S.A.,HO.PA,^FCHI,EUR,Euronext Paris,PRIMARY_DIRECT,Defence Contractor,False,2024-12-24,133.78604125976562,7282.68994140625,0.005107616464373965,0.0014259710021229388,0.0036816454622510264,0.19898097990055086,0.10434647528643204,0.11830840521584207,2026-02-28,807,ok,0.0009632997775444204,0.5466694848547928,0.07298295624966644,0.00174283461069284,0.003364781853681125,-0.31796227982966535
CMP044,Thales S.A.,HO.PA,^FCHI,EUR,Euronext Paris,PRIMARY_DIRECT,Defence Contractor,False,2024-12-27,134.07740783691406,7355.3701171875,0.002177854837506654,0.009979853099061797,-0.007801998261555143,0.2015921864277057,0.11536769088025722,0.11050640695428693,2026-02-28,807,ok,0.0009632997775444204,0.5466694848547928,0.07298295624966644,0.0064189809301350405,-0.004241126092628386,-0.32220340592229374
CMP044,Thales S.A.,HO.PA,^FCHI,EUR,Euronext Paris,PRIMARY_DIRECT,Defence Contractor,False,2024-12-30,133.54324340820312,7313.56005859375,-0.003984000267671317,-0.005684290243403445,0.0017002899757321277,0.19680504283534606,0.10902761719717913,0.11220669693001906,2026-02-28,807,ok,0.0009632997775444204,0.5466694848547928,0.07298295624966644,-0.002144128241582066,-0.0018398720260892512,-0.324043277948383
CMP044,Thales S.A.,HO.PA,^FCHI,EUR,Euronext Paris,PRIMARY_DIRECT,Defence Contractor,False,2024-12-31,134.66012573242188,7380.740234375,0.00836345063751942,0.009185700977776268,-0.0008222503402568471,0.20681446273383375,0.11921481326484806,0.11138444658976221,2026-02-28,807,ok,0.0009632997775444204,0.5466694848547928,0.07298295624966644,0.005984842199095539,0.0023786084384238813,-0.32166466950995914
CMP044,Thales S.A.,HO.PA,^FCHI,EUR,Euronext Paris,PRIMARY_DIRECT,Defence Contractor,False,2025-01-02,133.64036560058594,7393.759765625,-0.007572844049338445,0.001763987193230676,-0.009336831242569121,0.19767544501106427,0.12118909386192134,0.10204761534719309,2026-02-28,807,ok,0.0009632997775444204,0.5466694848547928,0.07298295624966644,0.001927617747758286,-0.00950046179709673,-0.3311651313070559
CMP044,Thales S.A.,HO.PA,^FCHI,EUR,Euronext Paris,PRIMARY_DIRECT,Defence Contractor,False,2025-01-03,132.76625061035156,7282.22021484375,-0.006540800650357892,-0.015085633604139947,0.008544832953782056,0.18984168868141826,0.10427524599096283,0.11059244830097514,2026-02-28,807,ok,0.0009632997775444204,0.5466694848547928,0.07298295624966644,-0.007283555773538916,0.0007427551231810239,-0.3304223761838749
CMP044,Thales S.A.,HO.PA,^FCHI,EUR,Euronext Paris,PRIMARY_DIRECT,Defence Contractor,False,2025-01-06,133.78604125976562,7445.68994140625,0.007681098507533957,0.022447786765537714,-0.014766688258003757,0.19898097990055086,0.12906378124342965,0.09582576004297139,2026-02-28,807,ok,0.0009632997775444204,0.5466694848547928,0.07298295624966644,0.01323481980479116,-0.0055537212972572025,-0.3359760974811321
CMP044,Thales S.A.,HO.PA,^FCHI,EUR,Euronext Paris,PRIMARY_DIRECT,Defence Contractor,False,2025-01-07,135.53424072265625,7489.35009765625,0.013067129025039481,0.005863816059167526,0.007203312965871955,0.21464821906347953,0.1356844035757092,0.10302907300884334,2026-02-28,807,ok,0.0009632997775444204,0.5466694848547928,0.07298295624966644,0.004168869081892793,0.008898259943146688,-0.3270778375379854
CMP044,Thales S.A.,HO.PA,^FCHI,EUR,Euronext Paris,PRIMARY_DIRECT,Defence Contractor,False,2025-01-08,141.2644500732422,7452.419921875,0.042278684117260656,-0.004931025429403713,0.04720970954666437,0.2660019474308577,0.1300843149019002,0.1502387825555077,2026-02-28,807,ok,0.0009632997775444204,0.5466694848547928,0.07298295624966644,-0.0017323413537535907,0.04401102547101425,-0.28306681206697115
CMP044,Thales S.A.,HO.PA,^FCHI,EUR,Euronext Paris,PRIMARY_DIRECT,Defence Contractor,False,2025-01-09,139.6619415283203,7490.27978515625,-0.011344032727915732,0.0050802106803080616,-0.016424243408223793,0.25164037990559707,0.1358253813081134,0.13381453914728392,2026-02-28,807,ok,0.0009632997775444204,0.5466694848547928,0.07298295624966644,0.0037404959331022447,-0.015084528661017976,-0.2981513407279891
CMP044,Thales S.A.,HO.PA,^FCHI,EUR,Euronext Paris,PRIMARY_DIRECT,Defence Contractor,False,2025-01-10,140.00186157226562,7431.0400390625,0.002433877405867202,-0.007908882951361496,0.010342760357228697,0.2546867191465203,0.12684227131416193,0.14415729950451261,2026-02-28,807,ok,0.0009632997775444204,0.5466694848547928,0.07298295624966644,-0.003360245191253222,0.005794122597120424,-0.2923572181308687
CMP044,Thales S.A.,HO.PA,^FCHI,EUR,Euronext Paris,PRIMARY_DIRECT,Defence Contractor,False,2025-01-13,139.9533233642578,7408.64013671875,-0.0003466968757608324,-0.0030143697552430515,0.002667672879482219,0.2542517231809336,0.12344555205258323,0.14682497238399483,2026-02-28,807,ok,0.0009632997775444204,0.5466694848547928,0.07298295624966644,-0.0006845641837161664,0.000337867307955334,-0.29201935082291336
CMP044,Thales S.A.,HO.PA,^FCHI,EUR,Euronext Paris,PRIMARY_DIRECT,Defence Contractor,False,2025-01-14,141.07022094726562,7423.669921875,0.007980500613771424,0.0020286833857348086,0.0059518172280366155,0.26426127982760295,0.12572466737880994,0.15277678961203145,2026-02-28,807,ok,0.0009632997775444204,0.5466694848547928,0.07298295624966644,0.0020723190789575453,0.005908181534813879,-0.2861111692880995
CMP044,Thales S.A.,HO.PA,^FCHI,EUR,Euronext Paris,PRIMARY_DIRECT,Defence Contractor,False,2025-01-15,141.1673583984375,7474.58984375,0.000688575168590555,0.006859130647088207,-0.006170555478497652,0.2651318187515028,0.1334461599450112,0.1466062341335338,2026-02-28,807,ok,0.0009632997775444204,0.5466694848547928,0.07298295624966644,0.004712977194939853,-0.004024402026349298,-0.2901355713144488
CMP044,Thales S.A.,HO.PA,^FCHI,EUR,Euronext Paris,PRIMARY_DIRECT,Defence Contractor,False,2025-01-16,142.91552734375,7634.740234375,0.012383662662145856,0.0214259770733658,-0.009042314411219943,0.2807987844180684,0.15773135138188743,0.13756391972231385,2026-02-28,807,ok,0.0009632997775444204,0.5466694848547928,0.07298295624966644,0.012676227626751904,-0.0002925649646060482,-0.29042813627905484
CMP044,Thales S.A.,HO.PA,^FCHI,EUR,Euronext Paris,PRIMARY_DIRECT,Defence Contractor,False,2025-01-17,144.22669982910156,7709.75,0.009174457875370301,0.009824796040508676,-0.0006503381651383755,0.2925494189125375,0.16910582577891686,0.13691358155717548,2026-02-28,807,ok,0.0009632997775444204,0.5466694848547928,0.07298295624966644,0.0063342159678127065,0.0028402419075575945,-0.28758789437149723
CMP044,Thales S.A.,HO.PA,^FCHI,EUR,Euronext Paris,PRIMARY_DIRECT,Defence Contractor,False,2025-01-20,145.2950439453125,7733.5,0.007407394868473416,0.003080514932390699,0.004326879936082717,0.3021238428454385,0.17270727373277373,0.1412404614932582,2026-02-28,807,ok,0.0009632997775444204,0.5466694848547928,0.07298295624966644,0.0026473232887219405,0.004760071579751475,-0.28282782279174573
CMP044,Thales S.A.,HO.PA,^FCHI,EUR,Euronext Paris,PRIMARY_DIRECT,Defence Contractor,False,2025-01-21,146.80043029785156,7770.9501953125,0.010360892647554243,0.004842593303484799,0.005518299344069444,0.3156150081949809,0.17838621812349986,0.14675876083732764,2026-02-28,807,ok,0.0009632997775444204,0.5466694848547928,0.07298295624966644,0.0036105977641217248,0.0067502948834325185,-0.2760775279083132
CMP044,Thales S.A.,HO.PA,^FCHI,EUR,Euronext Paris,PRIMARY_DIRECT,Defence Contractor,False,2025-01-22,147.77166748046875,7837.39990234375,0.0066160377094712786,0.008551040138094379,-0.0019350024286231005,0.32431916670034533,0.18846264597285112,0.14482375840870454,2026-02-28,807,ok,0.0009632997775444204,0.5466694848547928,0.07298295624966644,0.005637892484809131,0.000978145224662148,-0.27509938268365103
CMP044,Thales S.A.,HO.PA,^FCHI,EUR,Euronext Paris,PRIMARY_DIRECT,Defence Contractor,False,2025-01-23,148.45152282714844,7892.60986328125,0.004600715132144995,0.0070444231027422255,-0.002443707970597231,0.33041198193037324,0.19683467969288837,0.1423800504381073,2026-02-28,807,ok,0.0009632997775444204,0.5466694848547928,0.07298295624966644,0.0048142709262197145,-0.00021355579407471986,-0.27531293847772575
CMP044,Thales S.A.,HO.PA,^FCHI,EUR,Euronext Paris,PRIMARY_DIRECT,Defence Contractor,False,2025-01-24,147.91734313964844,7927.6201171875,-0.0035983442764813134,0.004435827250137914,-0.008034171526619227,0.3256247015898319,0.2021436315789802,0.13434587891148808,2026-02-28,807,ok,0.0009632997775444204,0.5466694848547928,0.07298295624966644,0.0033882311752821657,-0.006986575451763479,-0.2822995139294892
CMP044,Thales S.A.,HO.PA,^FCHI,EUR,Euronext Paris,PRIMARY_DIRECT,Defence Contractor,False,2025-01-27,148.01446533203125,7906.580078125,0.0006565977343921947,-0.0026540170633156945,0.0033106147977078892,0.32649510376555013,0.19895312186821323,0.13765649370919597,2026-02-28,807,ok,0.0009632997775444204,0.5466694848547928,0.07298295624966644,-0.00048757036325420037,0.001144168097646395,-0.2811553458318428
CMP044,Thales S.A.,HO.PA,^FCHI,EUR,Euronext Paris,PRIMARY_DIRECT,Defence Contractor,False,2025-01-28,149.76266479492188,7897.3701171875,0.011811004140500847,-0.0011648476138224062,0.012975851754323253,0.34216234292847925,0.19755652418512004,0.15063234546351922,2026-02-28,807,ok,0.0009632997775444204,0.5466694848547928,0.07298295624966644,0.0003265131325617909,0.011484491007939057,-0.26967085482390374
CMP044,Thales S.A.,HO.PA,^FCHI,EUR,Euronext Paris,PRIMARY_DIRECT,Defence Contractor,False,2025-01-29,147.8687744140625,7872.47998046875,-0.0126459447249605,-0.0031516994074496374,-0.009494245317510863,0.3251894321278823,0.19378218599745844,0.14113810014600836,2026-02-28,807,ok,0.0009632997775444204,0.5466694848547928,0.07298295624966644,-0.0007596381139432286,-0.011886306611017272,-0.281557161434921
CMP044,Thales S.A.,HO.PA,^FCHI,EUR,Euronext Paris,PRIMARY_DIRECT,Defence Contractor,False,2025-01-30,150.1026153564453,7941.64013671875,0.015106914568234764,0.008785053302337031,0.0063218612658977325,0.3452089556657658,0.2042696261328265,0.1474599614119061,2026-02-28,807,ok,0.0009632997775444204,0.5466694848547928,0.07298295624966644,0.005765820340754902,0.009341094227479863,-0.2722160672074411
CMP044,Thales S.A.,HO.PA,^FCHI,EUR,Euronext Paris,PRIMARY_DIRECT,Defence Contractor,False,2025-01-31,151.60800170898438,7950.169921875,0.010029048121275252,0.0010740583820729732,0.00895498973920228,0.35870012101530824,0.20556308201905038,0.15641495115110837,2026-02-28,807,ok,0.0009632997775444204,0.5466694848547928,0.07298295624966644,0.001550454719976225,0.008478593401299028,-0.2637374738061421
CMP044,Thales S.A.,HO.PA,^FCHI,EUR,Euronext Paris,PRIMARY_DIRECT,Defence Contractor,False,2025-02-03,152.822021484375,7854.919921875,0.008007623355665405,-0.011980875998375606,0.01998849935404101,0.3695800798376958,0.1911193802251605,0.17640345050514938,2026-02-28,807,ok,0.0009632997775444204,0.5466694848547928,0.07298295624966644,-0.005586279532596724,0.013593902888262129,-0.25014357091788
CMP044,Thales S.A.,HO.PA,^FCHI,EUR,Euronext Paris,PRIMARY_DIRECT,Defence Contractor,False,2025-02-04,155.29864501953125,7906.39990234375,0.01620593361546052,0.006553851723603676,0.009652081891856845,0.39177540369260266,0.19892580002826699,0.18605553239700623,2026-02-28,807,ok,0.0009632997775444204,0.5466694848547928,0.07298295624966644,0.004546090523101539,0.011659843092358983,-0.238483727825521
CMP044,Thales S.A.,HO.PA,^FCHI,EUR,Euronext Paris,PRIMARY_DIRECT,Defence Contractor,False,2025-02-05,154.66734313964844,7891.68017578125,-0.004065082987706803,-0.0018617482981270195,-0.0022033346895797834,0.38611772117634313,0.19669370196048375,0.18385219770742645,2026-02-28,807,ok,0.0009632997775444204,0.5466694848547928,0.07298295624966644,-5.446120552196458e-05,-0.004010621782184838,-0.24249434960770583
CMP044,Thales S.A.,HO.PA,^FCHI,EUR,Euronext Paris,PRIMARY_DIRECT,Defence Contractor,False,2025-02-06,151.0252685546875,8007.6201171875,-0.02354779303134813,0.014691414099884392,-0.03823920713123252,0.35347770796099875,0.21427482468670878,0.14561299057619392,2026-02-28,807,ok,0.0009632997775444204,0.5466694848547928,0.07298295624966644,0.00899464755531666,-0.03254244058666479,-0.2750367901943706
CMP044,Thales S.A.,HO.PA,^FCHI,EUR,Euronext Paris,PRIMARY_DIRECT,Defence Contractor,False,2025-02-07,153.06483459472656,7973.02978515625,0.013504799955383007,-0.004319676948336459,0.017824476903719466,0.3717561536510823,0.20902954971756427,0.1634374674799134,2026-02-28,807,ok,0.0009632997775444204,0.5466694848547928,0.07298295624966644,-0.0013981357945417956,0.014902935749924802,-0.2601338544444458
CMP044,Thales S.A.,HO.PA,^FCHI,EUR,Euronext Paris,PRIMARY_DIRECT,Defence Contractor,False,2025-02-10,154.52166748046875,8006.22021484375,0.00951775036767577,0.00416283778963078,0.00535491257804499,0.3848121862868563,0.21406254361590893,0.16879238005795838,2026-02-28,807,ok,0.0009632997775444204,0.5466694848547928,0.07298295624966644,0.003238996167535943,0.0062787542001398276,-0.25385510024430596
CMP044,Thales S.A.,HO.PA,^FCHI,EUR,Euronext Paris,PRIMARY_DIRECT,Defence Contractor,False,2025-02-11,156.60980224609375,8028.89990234375,0.013513540202308105,0.002832758391775325,0.01068078181053278,0.4035259014388899,0.217501689474477,0.17947316186849116,2026-02-28,807,ok,0.0009632997775444204,0.5466694848547928,0.07298295624966644,0.0025118823482943287,0.011001657854013776,-0.2428534423902922
CMP044,Thales S.A.,HO.PA,^FCHI,EUR,Euronext Paris,PRIMARY_DIRECT,Defence Contractor,False,2025-02-12,155.5900115966797,8042.18994140625,-0.006511665520218091,0.0016552752212817268,-0.008166940741499817,0.3943866102197573,0.21951698985293278,0.17130622112699134,2026-02-28,807,ok,0.0009632997775444204,0.5466694848547928,0.07298295624966644,0.001868188230055405,-0.008379853750273496,-0.25123329614056567
CMP044,Thales S.A.,HO.PA,^FCHI,EUR,Euronext Paris,PRIMARY_DIRECT,Defence Contractor,False,2025-02-13,158.26087951660156,8164.10986328125,0.017166062862989495,0.015160040084017279,0.0020060227789722163,0.41832273842610057,0.2380049163022433,0.17331224390596356,2026-02-28,807,ok,0.0009632997775444204,0.5466694848547928,0.07298295624966644,0.009250831080652156,0.007915231782337339,-0.24331806435822834
CMP044,Thales S.A.,HO.PA,^FCHI,EUR,Euronext Paris,PRIMARY_DIRECT,Defence Contractor,False,2025-02-14,160.59182739257812,8178.5400390625,0.014728515872629355,0.001767513669328702,0.012961002203300653,0.4392125273915206,0.24019310691450357,0.1862732461092642,2026-02-28,807,ok,0.0009632997775444204,0.5466694848547928,0.07298295624966644,0.0019295455646301464,0.01279897030799921,-0.23051909405022913
CMP044,Thales S.A.,HO.PA,^FCHI,EUR,Euronext Paris,PRIMARY_DIRECT,Defence Contractor,False,2025-02-17,173.16917419433594,8189.1298828125,0.07831872272685203,0.0012948330263617969,0.07702388970049023,0.551929814269309,0.24179894990840278,0.26329713580975445,2026-02-28,807,ok,0.0009632997775444204,0.5466694848547928,0.07298295624966644,0.0016711454810385963,0.07664757724581343,-0.1538715168044157
CMP044,Thales S.A.,HO.PA,^FCHI,EUR,Euronext Paris,PRIMARY_DIRECT,Defence Contractor,False,2025-02-18,177.19972229003906,8206.5595703125,0.023275205384879483,0.0021283930954107966,0.021146812289468686,0.588051299439345,0.24444198621927615,0.28444394809922313,2026-02-28,807,ok,0.0009632997775444204,0.5466694848547928,0.07298295624966644,0.0021268273345811384,0.021148378050298344,-0.13272313875411734
CMP044,Thales S.A.,HO.PA,^FCHI,EUR,Euronext Paris,PRIMARY_DIRECT,Defence Contractor,False,2025-02-19,179.04507446289062,8110.5400390625,0.010413967634955501,-0.011700339274615668,0.02211430690957117,0.6045892142743554,0.22988159277293407,0.3065582550087943,2026-02-28,807,ok,0.0009632997775444204,0.5466694848547928,0.07298295624966644,-0.005432918666336027,0.015846886301291527,-0.11687625245282582
CMP044,Thales S.A.,HO.PA,^FCHI,EUR,Euronext Paris,PRIMARY_DIRECT,Defence Contractor,False,2025-02-20,177.782470703125,8122.580078125,-0.0070518765375325865,0.0014844928949875325,-0.008536369432520119,0.5932738492418363,0.2317073432590815,0.2980218855762742,2026-02-28,807,ok,0.0009632997775444204,0.5466694848547928,0.07298295624966644,0.0017748267437178548,-0.008826703281250441,-0.12570295573407625
CMP044,Thales S.A.,HO.PA,^FCHI,EUR,Euronext Paris,PRIMARY_DIRECT,Defence Contractor,False,2025-02-21,177.0054931640625,8154.509765625,-0.004370383289137414,0.003930978481331282,-0.008301361770468696,0.5863106318360902,0.23654915832073065,0.2897205238058055,2026-02-28,807,ok,0.0009632997775444204,0.5466694848547928,0.07298295624966644,0.003112245758909068,-0.007482629048046482,-0.13318558478212272
CMP044,Thales S.A.,HO.PA,^FCHI,EUR,Euronext Paris,PRIMARY_DIRECT,Defence Contractor,False,2025-02-24,180.356201171875,8090.990234375,0.018929966228261597,-0.007789497232287834,0.02671946346054943,0.6163394385242797,0.22691706207440343,0.3164399872663549,2026-02-28,807,ok,0.0009632997775444204,0.5466694848547928,0.07298295624966644,-0.003294980661708204,0.0222249468899698,-0.11096063789215292
CMP044,Thales S.A.,HO.PA,^FCHI,EUR,Euronext Paris,PRIMARY_DIRECT,Defence Contractor,False,2025-02-25,183.90118408203125,8051.06982421875,0.019655453414534785,-0.004933933795476131,0.024589387210010916,0.648109323060269,0.22086353451758822,0.34102937447636583,2026-02-28,807,ok,0.0009632997775444204,0.5466694848547928,0.07298295624966644,-0.001733931268736169,0.021389384683270955,-0.08957125320888197
CMP044,Thales S.A.,HO.PA,^FCHI,EUR,Euronext Paris,PRIMARY_DIRECT,Defence Contractor,False,2025-02-26,184.72671508789065,8143.919921875,0.004488992335640152,0.011532640963682006,-0.007043648628041854,0.6555076731797838,0.23494331532683144,0.333985725848324,2026-02-28,807,ok,0.0009632997775444204,0.5466694848547928,0.07298295624966644,0.007267842672175744,-0.002778850336535592,-0.09235010354541756
CMP044,Thales S.A.,HO.PA,^FCHI,EUR,Euronext Paris,PRIMARY_DIRECT,Defence Contractor,False,2025-02-27,187.6889495849609,8102.52001953125,0.016035766649457717,-0.0050835350471150065,0.021119301696572723,0.6820550079132814,0.22866543770216707,0.3551050275448967,2026-02-28,807,ok,0.0009632997775444204,0.5466694848547928,0.07298295624966644,-0.0018157137079032252,0.017851480357360942,-0.07449862318805661
CMP044,Thales S.A.,HO.PA,^FCHI,EUR,Euronext Paris,PRIMARY_DIRECT,Defence Contractor,False,2025-02-28,186.13497924804688,8111.6298828125,-0.00827949828879293,0.001124324686553102,-0.009403822975346032,0.6681284363536077,0.23004685658529023,0.34570120456955067,2026-02-28,807,ok,0.0009632997775444204,0.5466694848547928,0.07298295624966644,0.0015779337747519311,-0.009857432063544861,-0.08435605525160147
CMP044,Thales S.A.,HO.PA,^FCHI,EUR,Euronext Paris,PRIMARY_DIRECT,Defence Contractor,False,2025-03-03,216.00010681152344,8199.7099609375,0.1604487651065185,0.010858493224848775,0.14959027188166973,0.9357775840056117,0.2434033120437682,0.4952914764512204,2026-02-28,807,ok,0.0009632997775444204,0.5466694848547928,0.07298295624966644,0.006899306675071758,0.15354945843144674,0.06919340317984526
CMP044,Thales S.A.,HO.PA,^FCHI,EUR,Euronext Paris,PRIMARY_DIRECT,Defence Contractor,False,2025-03-04,221.43896484375,8047.919921875,0.025179885845947103,-0.018511635141439275,0.04369152098738638,0.9845202425940163,0.22038588359755673,0.5389829974386068,2026-02-28,807,ok,0.0009632997775444204,0.5466694848547928,0.07298295624966644,-0.009156446269046069,0.03433633211499317,0.10352973529483844
CMP044,Thales S.A.,HO.PA,^FCHI,EUR,Euronext Paris,PRIMARY_DIRECT,Defence Contractor,False,2025-03-05,238.3382568359375,8173.75,0.07631580107914537,0.01563510563555459,0.06068069544359078,1.1359704946653584,0.23946674580374405,0.5996636928821976,2026-02-28,807,ok,0.0009632997775444204,0.5466694848547928,0.07298295624966644,0.009510534920983317,0.06680526615816205,0.1703350014530005
CMP044,Thales S.A.,HO.PA,^FCHI,EUR,Euronext Paris,PRIMARY_DIRECT,Defence Contractor,False,2025-03-06,240.08645629882807,8197.669921875,0.007334951115690824,0.0029264317938522133,0.004408519321838611,1.1516377338282866,0.24309396069608669,0.6040722122040362,2026-02-28,807,ok,0.0009632997775444204,0.5466694848547928,0.07298295624966644,0.0025630907387522973,0.0047718603769385266,0.17510686182993904
CMP044,Thales S.A.,HO.PA,^FCHI,EUR,Euronext Paris,PRIMARY_DIRECT,Defence Contractor,False,2025-03-07,229.88861083984372,8120.7998046875,-0.04247572152213119,-0.009377069084274381,-0.03309865243785681,1.0602453686296869,0.23143738274839531,0.5709735597661794,2026-02-28,807,ok,0.0009632997775444204,0.5466694848547928,0.07298295624966644,-0.0041628577482036595,-0.038312863773927536,0.1367939980560115
CMP044,Thales S.A.,HO.PA,^FCHI,EUR,Euronext Paris,PRIMARY_DIRECT,Defence Contractor,False,2025-03-10,229.40298461914065,8047.60009765625,-0.0021124414077275944,-0.009013854397567744,0.00690141298984015,1.0558932210029144,0.22033738548057946,0.5778749727560195,2026-02-28,807,ok,0.0009632997775444204,0.5466694848547928,0.07298295624966644,-0.003964299362530048,0.0018518579548024534,0.13864585601081394
CMP044,Thales S.A.,HO.PA,^FCHI,EUR,Euronext Paris,PRIMARY_DIRECT,Defence Contractor,False,2025-03-11,227.94615173339844,7941.91015625,-0.0063505402432356695,-0.013133100567090938,0.006782560323855269,1.0428371883671401,0.2043105718712821,0.5846575330798748,2026-02-28,807,ok,0.0009632997775444204,0.5466694848547928,0.07298295624966644,-0.006216165544013371,-0.0001343746992222986,0.13851148131159163
CMP044,Thales S.A.,HO.PA,^FCHI,EUR,Euronext Paris,PRIMARY_DIRECT,Defence Contractor,False,2025-03-12,231.9281768798828,7988.9599609375,0.01746914837650637,0.00592424287883353,0.011544905497672842,1.0785238143197708,0.21144520020059443,0.5962024385775476,2026-02-28,807,ok,0.0009632997775444204,0.5466694848547928,0.07298295624966644,0.004201902580271021,0.01326724579623535,0.15177872710782697
CMP044,Thales S.A.,HO.PA,^FCHI,EUR,Euronext Paris,PRIMARY_DIRECT,Defence Contractor,False,2025-03-13,230.08285522460935,7938.2099609375,-0.007956435824652552,-0.006352516503793426,-0.0016039193208591263,1.0619861729811237,0.20374947457287873,0.5945985192566885,2026-02-28,807,ok,0.0009632997775444204,0.5466694848547928,0.07298295624966644,-0.0025094271471159018,-0.005447008677536651,0.14633171843029033
CMP044,Thales S.A.,HO.PA,^FCHI,EUR,Euronext Paris,PRIMARY_DIRECT,Defence Contractor,False,2025-03-14,242.90301513671875,8028.27978515625,0.055719753214963585,0.011346364566062972,0.044373388648900614,1.1768795336722992,0.2174076549575894,0.6389719079055891,2026-02-28,807,ok,0.0009632997775444204,0.5466694848547928,0.07298295624966644,0.0071660110498487405,0.04855374216511484,0.19488546059540518
CMP044,Thales S.A.,HO.PA,^FCHI,EUR,Euronext Paris,PRIMARY_DIRECT,Defence Contractor,False,2025-03-17,241.25192260742188,8073.97998046875,-0.006797332377152854,0.005692401926125745,-0.012489734303278599,1.1620825599369073,0.22433762863755025,0.6264821736023105,2026-02-28,807,ok,0.0009632997775444204,0.5466694848547928,0.07298295624966644,0.004075162206086012,-0.010872494583238867,0.18401296601216632
CMP044,Thales S.A.,HO.PA,^FCHI,EUR,Euronext Paris,PRIMARY_DIRECT,Defence Contractor,False,2025-03-18,245.1368103027344,8114.56982421875,0.016103033100524744,0.005027241069235799,0.011075792031288945,1.1968986469656389,0.23049266904684762,0.6375579656335995,2026-02-28,807,ok,0.0009632997775444204,0.5466694848547928,0.07298295624966644,0.0037115390631044126,0.012391494037420332,0.19640446004958664
CMP044,Thales S.A.,HO.PA,^FCHI,EUR,Euronext Paris,PRIMARY_DIRECT,Defence Contractor,False,2025-03-19,239.9893341064453,8171.47021484375,-0.020998381230187935,0.007012126564636345,-0.02801050779482428,1.1507673316525704,0.23912103937906126,0.6095474578387752,2026-02-28,807,ok,0.0009632997775444204,0.5466694848547928,0.07298295624966644,0.00479661539437078,-0.025794996624558714,0.17060946342502792
CMP044,Thales S.A.,HO.PA,^FCHI,EUR,Euronext Paris,PRIMARY_DIRECT,Defence Contractor,False,2025-03-20,236.1044464111328,8094.2001953125,-0.016187751467277245,-0.009456073081057892,-0.006731678386219353,1.1159512446238393,0.2274038202744164,0.6028157794525558,2026-02-28,807,ok,0.0009632997775444204,0.5466694848547928,0.07298295624966644,-0.004206046822426771,-0.011981704644850474,0.15862775878017743
CMP044,Thales S.A.,HO.PA,^FCHI,EUR,Euronext Paris,PRIMARY_DIRECT,Defence Contractor,False,2025-03-21,233.0936584472656,8042.9501953125,-0.012751932501196883,-0.006331694146838651,-0.006420238354358232,1.0889687771765728,0.21963227468977742,0.5963955410981976,2026-02-28,807,ok,0.0009632997775444204,0.5466694848547928,0.07298295624966644,-0.002498044199965972,-0.010253888301230911,0.1483738704789465
CMP044,Thales S.A.,HO.PA,^FCHI,EUR,Euronext Paris,PRIMARY_DIRECT,Defence Contractor,False,2025-03-24,237.65838623046875,8022.330078125,0.0195832345401874,-0.0025637504506141884,0.022146984990801588,1.12987754268715,0.216505441895958,0.6185425260889992,2026-02-28,807,ok,0.0009632997775444204,0.5466694848547928,0.07298295624966644,-0.0004382243605890809,0.02002145890077648,0.16839532937972299
CMP044,Thales S.A.,HO.PA,^FCHI,EUR,Euronext Paris,PRIMARY_DIRECT,Defence Contractor,False,2025-03-25,241.05767822265625,8108.58984375,0.014303269689339038,0.010752457800285553,0.0035508118890534845,1.160341755585471,0.2295858653237619,0.6220933379780527,2026-02-28,807,ok,0.0009632997775444204,0.5466694848547928,0.07298295624966644,0.006841340344149422,0.0074619293451896156,0.1758572587249126
CMP044,Thales S.A.,HO.PA,^FCHI,EUR,Euronext Paris,PRIMARY_DIRECT,Defence Contractor,False,2025-03-26,243.777099609375,8030.68017578125,0.011281206252251819,-0.009608288182044622,0.02088949443429644,1.1847130165055826,0.21777164998516252,0.6429828324123491,2026-02-28,807,ok,0.0009632997775444204,0.5466694848547928,0.07298295624966644,-0.004289258173270307,0.015570464425522125,0.19142772315043471
CMP044,Thales S.A.,HO.PA,^FCHI,EUR,Euronext Paris,PRIMARY_DIRECT,Defence Contractor,False,2025-03-27,242.80587768554688,7990.10986328125,-0.003984057261262053,-0.005051914858015483,0.0010678575967534298,1.1760089947483996,0.21161957129293252,0.6440506900091025,2026-02-28,807,ok,0.0009632997775444204,0.5466694848547928,0.07298295624966644,-0.0017984279154171774,-0.0021856293458448754,0.18924209380458984
CMP044,Thales S.A.,HO.PA,^FCHI,EUR,Euronext Paris,PRIMARY_DIRECT,Defence Contractor,False,2025-03-28,239.5037384033203,7916.080078125,-0.013599914934938728,-0.009265177378405709,-0.004334737556533019,1.14641545752216,0.20039370104975562,0.6397159524525695,2026-02-28,807,ok,0.0009632997775444204,0.5466694848547928,0.07298295624966644,-0.004101689966996908,-0.00949822496794182,0.17974386883664803
CMP044,Thales S.A.,HO.PA,^FCHI,EUR,Euronext Paris,PRIMARY_DIRECT,Defence Contractor,False,2025-03-31,238.53250122070312,7790.7099609375,-0.00405520677502591,-0.015837398807263647,0.011782192032237737,1.1377112990167957,0.1813825872805035,0.6514981444848073,2026-02-28,807,ok,0.0009632997775444204,0.5466694848547928,0.07298295624966644,-0.007694522869862308,0.0036393160948363975,0.18338318493148442
CMP044,Thales S.A.,HO.PA,^FCHI,EUR,Euronext Paris,PRIMARY_DIRECT,Defence Contractor,False,2025-04-01,242.90301513671875,7876.35986328125,0.018322509065428427,0.010993850723900245,0.0073286583415281825,1.1768795336722997,0.1943705310928805,0.6588268028263354,2026-02-28,807,ok,0.0009632997775444204,0.5466694848547928,0.07298295624966644,0.006973302489349458,0.01134920657607897,0.19473239150756338
CMP044,Thales S.A.,HO.PA,^FCHI,EUR,Euronext Paris,PRIMARY_DIRECT,Defence Contractor,False,2025-04-02,239.2123565673828,7858.830078125,-0.015193959479089414,-0.0022256201418592303,-0.012968339337230184,1.1438041142468238,0.19171231598203708,0.6458584634891053,2026-02-28,807,ok,0.0009632997775444204,0.5466694848547928,0.07298295624966644,-0.000253378838888216,-0.014940580640201198,0.17979181086736218
CMP044,Thales S.A.,HO.PA,^FCHI,EUR,Euronext Paris,PRIMARY_DIRECT,Defence Contractor,False,2025-04-03,245.1368103027344,7598.97998046875,0.024766503789208638,-0.033064730382648344,0.05783123417185698,1.1968986469656389,0.15230866956040967,0.7036896976609622,2026-02-28,807,ok,0.0009632997775444204,0.5466694848547928,0.07298295624966644,-0.017112179347600565,0.0418786831368092,0.22167049400417138
CMP044,Thales S.A.,HO.PA,^FCHI,EUR,Euronext Paris,PRIMARY_DIRECT,Defence Contractor,False,2025-04-04,231.0540771484375,7274.9501953125,-0.057448463724828924,-0.0426412210571796,-0.014807242667649323,1.0706901947383076,0.10317282085557977,0.6888824549933129,2026-02-28,807,ok,0.0009632997775444204,0.5466694848547928,0.07298295624966644,-0.022347354571363297,-0.03510110915346563,0.18656938485070576
CMP044,Thales S.A.,HO.PA,^FCHI,EUR,Euronext Paris,PRIMARY_DIRECT,Defence Contractor,False,2025-04-07,221.2447204589844,6927.1201171875,-0.04245480889372577,-0.047812021908977265,0.005357213015251494,0.982779438242581,0.05042789777544443,0.6942396680085644,2026-02-28,807,ok,0.0009632997775444204,0.5466694848547928,0.07298295624966644,-0.02517407360930225,-0.01728073528442352,0.16928864956628223
CMP044,Thales S.A.,HO.PA,^FCHI,EUR,Euronext Paris,PRIMARY_DIRECT,Defence Contractor,False,2025-04-08,233.2878875732422,7100.419921875,0.05443369265161935,0.025017583318283965,0.029416109333335383,1.090709444779828,0.07670706522789139,0.7236557773418998,2026-02-28,807,ok,0.0009632997775444204,0.5466694848547928,0.07298295624966644,0.014639649162462574,0.03979404348915677,0.209082693055439
CMP044,Thales S.A.,HO.PA,^FCHI,EUR,Euronext Paris,PRIMARY_DIRECT,Defence Contractor,False,2025-04-09,228.91737365722656,6863.02001953125,-0.01873442278328097,-0.03343462850871226,0.014700205725431292,1.051541210124324,0.04070776448929103,0.7383559830673311,2026-02-28,807,ok,0.0009632997775444204,0.5466694848547928,0.07298295624966644,-0.017314391365624678,-0.0014200314176562902,0.20766266163778271
CMP044,Thales S.A.,HO.PA,^FCHI,EUR,Euronext Paris,PRIMARY_DIRECT,Defence Contractor,False,2025-04-10,238.53250122070312,7126.02001953125,0.04200261172781916,0.03832132199112581,0.0036812897366933495,1.1377112990167961,0.08058906183094994,0.7420372728040244,2026-02-28,807,ok,0.0009632997775444204,0.5466694848547928,0.07298295624966644,0.021912397129387813,0.020090214598431348,0.22775287623621407
CMP044,Thales S.A.,HO.PA,^FCHI,EUR,Euronext Paris,PRIMARY_DIRECT,Defence Contractor,False,2025-04-11,238.04690551757807,7104.7998046875,-0.0020357632634546707,-0.0029778494567218594,0.0009420861932671887,1.1333594248863856,0.07737123028023696,0.7429793589972916,2026-02-28,807,ok,0.0009632997775444204,0.5466694848547928,0.07298295624966644,-0.0006645996509368433,-0.0013711636125178276,0.22638171262369625
CMP044,Thales S.A.,HO.PA,^FCHI,EUR,Euronext Paris,PRIMARY_DIRECT,Defence Contractor,False,2025-04-14,245.2339324951172,7273.1201171875,0.030191642113190253,0.023691070421005822,0.006500571692184431,1.1977690491413568,0.1028953079663717,0.749479930689476,2026-02-28,807,ok,0.0009632997775444204,0.5466694848547928,0.07298295624966644,0.013914485040254294,0.01627715707293596,0.2426588696966322
CMP044,Thales S.A.,HO.PA,^FCHI,EUR,Euronext Paris,PRIMARY_DIRECT,Defence Contractor,False,2025-04-15,252.2267608642578,7335.39990234375,0.028514929797816002,0.008563007918578558,0.019951921879237444,1.2604382792894353,0.11233940922185082,0.7694318525687135,2026-02-28,807,ok,0.0009632997775444204,0.5466694848547928,0.07298295624966644,0.005644434905201273,0.02287049489261473,0.2655293645892469
CMP044,Thales S.A.,HO.PA,^FCHI,EUR,Euronext Paris,PRIMARY_DIRECT,Defence Contractor,False,2025-04-16,249.8957977294922,7329.97021484375,-0.009241537760618868,-0.0007402033389161122,-0.008501334421702755,1.2395483535758336,0.11151605187713676,0.7609305181470107,2026-02-28,807,ok,0.0009632997775444204,0.5466694848547928,0.07298295624966644,0.0005586531995713517,-0.00980019096019022,0.25572917362905667
CMP044,Thales S.A.,HO.PA,^FCHI,EUR,Euronext Paris,PRIMARY_DIRECT,Defence Contractor,False,2025-04-17,245.7195587158203,7285.85986328125,-0.016711921735445,-0.006017807749501225,-0.010694113985943776,1.2021211967681293,0.10482716196645558,0.750236404161067,2026-02-28,807,ok,0.0009632997775444204,0.5466694848547928,0.07298295624966644,-0.0023264520848305945,-0.014385469650614408,0.24134370397844226
CMP044,Thales S.A.,HO.PA,^FCHI,EUR,Euronext Paris,PRIMARY_DIRECT,Defence Contractor,False,2025-04-22,245.6224365234375,7326.47021484375,-0.00039525625428593614,0.00557385844973024,-0.005969114704016176,1.201250794592411,0.11098531217867369,0.7442672894570508,2026-02-28,807,ok,0.0009632997775444204,0.5466694848547928,0.07298295624966644,0.004010358104911985,-0.004405614359197921,0.23693808961924434
CMP044,Thales S.A.,HO.PA,^FCHI,EUR,Euronext Paris,PRIMARY_DIRECT,Defence Contractor,False,2025-04-23,243.58287048339844,7482.35986328125,-0.008303663414903295,0.021277592601367745,-0.02958125601627104,1.182972348902327,0.13462440503731488,0.7146860334407797,2026-02-28,807,ok,0.0009632997775444204,0.5466694848547928,0.07298295624966644,0.012595110363884277,-0.02089877377878757,0.21603931584045677
CMP044,Thales S.A.,HO.PA,^FCHI,EUR,Euronext Paris,PRIMARY_DIRECT,Defence Contractor,False,2025-04-24,234.35623168945312,7502.77978515625,-0.037878849098192835,0.0027290750843471656,-0.04060792418254,1.100283868712728,0.13772088023119444,0.6740781092582397,2026-02-28,807,ok,0.0009632997775444204,0.5466694848547928,0.07298295624966644,0.0024552018480345356,-0.04033405094622737,0.17570526489422938
CMP044,Thales S.A.,HO.PA,^FCHI,EUR,Euronext Paris,PRIMARY_DIRECT,Defence Contractor,False,2025-04-25,227.0720672607422,7536.259765625,-0.031081590517990754,0.004462343481677067,-0.03554393399966782,1.0350037055338577,0.14279778158506207,0.6385341752585719,2026-02-28,807,ok,0.0009632997775444204,0.5466694848547928,0.07298295624966644,0.0034027267899179653,-0.03448431730790872,0.14122094758632067
CMP044,Thales S.A.,HO.PA,^FCHI,EUR,Euronext Paris,PRIMARY_DIRECT,Defence Contractor,False,2025-04-28,227.2663116455078,7573.759765625,0.0008554305560735109,0.0049759431291167555,-0.004120512573043245,1.036744509885294,0.1484842783543101,0.6344136626855287,2026-02-28,807,ok,0.0009632997775444204,0.5466694848547928,0.07298295624966644,0.0036834960446054227,-0.002828065488531912,0.13839288209778877
CMP044,Thales S.A.,HO.PA,^FCHI,EUR,Euronext Paris,PRIMARY_DIRECT,Defence Contractor,False,2025-04-29,232.80227661132807,7555.8701171875,0.024358933472090172,-0.002362056493882436,0.026720989965972608,1.086357433901235,0.14577149360650132,0.6611346526515013,2026-02-28,807,ok,0.0009632997775444204,0.5466694848547928,0.07298295624966644,-0.0003279644291642091,0.02468689790125438,0.16307977999904316
CMP044,Thales S.A.,HO.PA,^FCHI,EUR,Euronext Paris,PRIMARY_DIRECT,Defence Contractor,False,2025-04-30,237.8526306152344,7593.8701171875,0.021693748349111308,0.005029202383132647,0.01666454596597866,1.1316183470385859,0.15153381033267266,0.67779919861748,2026-02-28,807,ok,0.0009632997775444204,0.5466694848547928,0.07298295624966644,0.003712611253562041,0.017981137095549268,0.18106091709459243
CMP044,Thales S.A.,HO.PA,^FCHI,EUR,Euronext Paris,PRIMARY_DIRECT,Defence Contractor,False,2025-05-02,245.6224365234375,7770.47998046875,0.03266647036068315,0.02325689807118536,0.009409572289497792,1.2012507945924105,0.1783149147851033,0.6872087709069777,2026-02-28,807,ok,0.0009632997775444204,0.5466694848547928,0.07298295624966644,0.013677136265439746,0.018989334095243407,0.20005025118983583
CMP044,Thales S.A.,HO.PA,^FCHI,EUR,Euronext Paris,PRIMARY_DIRECT,Defence Contractor,False,2025-05-05,244.26271057128903,7727.93017578125,-0.005535837732880355,-0.005475827078179174,-6.001065470118139e-05,1.189065027384173,0.17186266606810063,0.6871487602522766,2026-02-28,807,ok,0.0009632997775444204,0.5466694848547928,0.07298295624966644,-0.0020301677904377142,-0.003505669942442641,0.19654458124739319
CMP044,Thales S.A.,HO.PA,^FCHI,EUR,Euronext Paris,PRIMARY_DIRECT,Defence Contractor,False,2025-05-06,242.41741943359372,7696.919921875,-0.007554534760461307,-0.004012750270885435,-0.003541784489575872,1.1725276595418892,0.1671602738373954,0.6836069757627007,2026-02-28,807,ok,0.0009632997775444204,0.5466694848547928,0.07298295624966644,-0.0012303483458914505,-0.006324186414569857,0.19022039483282333
CMP044,Thales S.A.,HO.PA,^FCHI,EUR,Euronext Paris,PRIMARY_DIRECT,Defence Contractor,False,2025-05-07,241.54330444335935,7626.83984375,-0.0036058258200947213,-0.0091049509201504,0.0054991251000556796,1.164693903212243,0.1565333368281565,0.6891061008627564,2026-02-28,807,ok,0.0009632997775444204,0.5466694848547928,0.07298295624966644,-0.004014099051602371,0.00040827323150764965,0.19062866806433099
CMP044,Thales S.A.,HO.PA,^FCHI,EUR,Euronext Paris,PRIMARY_DIRECT,Defence Contractor,False,2025-05-08,246.2051696777344,7694.43994140625,0.019300328962205793,0.008863447907805133,0.01043688105440066,1.2064732076467206,0.16678420981277298,0.699542981917157,2026-02-28,807,ok,0.0009632997775444204,0.5466694848547928,0.07298295624966644,0.005808676279341543,0.01349165268286425,0.20412032074719524
CMP044,Thales S.A.,HO.PA,^FCHI,EUR,Euronext Paris,PRIMARY_DIRECT,Defence Contractor,False,2025-05-09,239.2123565673828,7743.75,-0.028402381312726654,0.006408531221147928,-0.03481091253387458,1.1438041142468234,0.1742615828497005,0.6647320693832824,2026-02-28,807,ok,0.0009632997775444204,0.5466694848547928,0.07298295624966644,0.004466648238885215,-0.03286902955161187,0.17125129119558338
CMP044,Thales S.A.,HO.PA,^FCHI,EUR,Euronext Paris,PRIMARY_DIRECT,Defence Contractor,False,2025-05-12,232.12242126464844,7850.10009765625,-0.029638666682911263,0.013733668785310682,-0.043372335468221945,1.0802646186712082,0.1903885024958729,0.6213597339150605,2026-02-28,807,ok,0.0009632997775444204,0.5466694848547928,0.07298295624966644,0.008471077417576559,-0.03810974410048782,0.13314154709509557
CMP044,Thales S.A.,HO.PA,^FCHI,EUR,Euronext Paris,PRIMARY_DIRECT,Defence Contractor,False,2025-05-13,232.41378784179688,7873.830078125,0.0012552280626791923,0.0030228889025039063,-0.001767660839824714,1.082875825198363,0.19398691468973595,0.6195920730752358,2026-02-28,807,ok,0.0009632997775444204,0.5466694848547928,0.07298295624966644,0.0026158208966495008,-0.0013605928339703085,0.13178095426112527
CMP044,Thales S.A.,HO.PA,^FCHI,EUR,Euronext Paris,PRIMARY_DIRECT,Defence Contractor,False,2025-05-14,233.3850250244141,7836.7900390625,0.004178913788360772,-0.004704195886244045,0.008883109674604817,1.0915799837037277,0.18837016635742332,0.6284751827498406,2026-02-28,807,ok,0.0009632997775444204,0.5466694848547928,0.07298295624966644,-0.0016083405642446473,0.005787254352605419,0.13756820861373067
CMP044,Thales S.A.,HO.PA,^FCHI,EUR,Euronext Paris,PRIMARY_DIRECT,Defence Contractor,False,2025-05-15,239.7950897216797,7853.47021484375,0.0274656212265334,0.0021284448987541893,0.02533717632777921,1.149026527301133,0.19089954677583854,0.6538123590776198,2026-02-28,807,ok,0.0009632997775444204,0.5466694848547928,0.07298295624966644,0.002126855653888185,0.025338765572645215,0.1629069741863759
CMP044,Thales S.A.,HO.PA,^FCHI,EUR,Euronext Paris,PRIMARY_DIRECT,Defence Contractor,False,2025-05-16,243.58287048339844,7886.68994140625,0.015795906271955262,0.004229942388997987,0.011565963882957275,1.1829723489023274,0.19593698324978415,0.6653783229605771,2026-02-28,807,ok,0.0009632997775444204,0.5466694848547928,0.07298295624966644,0.0032756802043034015,0.01252022606765186,0.17542720025402775
CMP044,Thales S.A.,HO.PA,^FCHI,EUR,Euronext Paris,PRIMARY_DIRECT,Defence Contractor,False,2025-05-19,245.8166656494141,7883.6298828125,0.009170575753469912,-0.00038800290318052877,0.00955857865665044,1.2029914621956665,0.19547295622826222,0.6749369016172275,2026-02-28,807,ok,0.0009632997775444204,0.5466694848547928,0.07298295624966644,0.0007511904303405567,0.008419385323129355,0.1838465855771571
CMP044,Thales S.A.,HO.PA,^FCHI,EUR,Euronext Paris,PRIMARY_DIRECT,Defence Contractor,False,2025-05-20,249.99139404296875,7942.419921875,0.016983097474394526,0.0074572297198618465,0.00952586775453268,1.2404050809333946,0.20438787268673875,0.6844627693717602,2026-02-28,807,ok,0.0009632997775444204,0.5466694848547928,0.07298295624966644,0.005039939706945147,0.01194315776744938,0.1957897433446065
CMP044,Thales S.A.,HO.PA,^FCHI,EUR,Euronext Paris,PRIMARY_DIRECT,Defence Contractor,False,2025-05-21,250.7772216796875,7910.490234375,0.0031434187553820436,-0.004020145977431833,0.007163564732813876,1.247447612284454,0.19954605762508937,0.6916263341045741,2026-02-28,807,ok,0.0009632997775444204,0.5466694848547928,0.07298295624966644,-0.0012343913529793073,0.0043778101083613505,0.20016755345296786
CMP044,Thales S.A.,HO.PA,^FCHI,EUR,Euronext Paris,PRIMARY_DIRECT,Defence Contractor,False,2025-05-22,254.9028167724609,7864.43994140625,0.016451235344025594,-0.005821420873340921,0.022272656217366515,1.284420901877514,0.19256299516669695,0.7138989903219406,2026-02-28,807,ok,0.0009632997775444204,0.5466694848547928,0.07298295624966644,-0.002219093372407799,0.01867032871643339,0.21883788216940125
CMP044,Thales S.A.,HO.PA,^FCHI,EUR,Euronext Paris,PRIMARY_DIRECT,Defence Contractor,False,2025-05-23,252.4470977783203,7734.39990234375,-0.009633942163662645,-0.01653519386394442,0.006901251700281774,1.2624129230313637,0.1728437348466494,0.7208002420222224,2026-02-28,807,ok,0.0009632997775444204,0.5466694848547928,0.07298295624966644,-0.008075986134032207,-0.001557956029630438,0.21727992613977082
CMP044,Thales S.A.,HO.PA,^FCHI,EUR,Euronext Paris,PRIMARY_DIRECT,Defence Contractor,False,2025-05-26,257.3585205078125,7828.1298828125,0.019455255270175442,0.01211858471920313,0.007336670550972313,1.3064287439754825,0.1870569410097751,0.7281369125731947,2026-02-28,807,ok,0.0009632997775444204,0.5466694848547928,0.07298295624966644,0.007588160243160359,0.011867095027015082,0.2291470211667859
CMP044,Thales S.A.,HO.PA,^FCHI,EUR,Euronext Paris,PRIMARY_DIRECT,Defence Contractor,False,2025-05-27,262.1717224121094,7826.7900390625,0.018702321939058297,-0.00017115757787078412,0.01887347951692908,1.34956431687481,0.1868537672189572,0.7470103920901238,2026-02-28,807,ok,0.0009632997775444204,0.5466694848547928,0.07298295624966644,0.0008697331526208047,0.01783258878643749,0.24697960995322338
CMP044,Thales S.A.,HO.PA,^FCHI,EUR,Euronext Paris,PRIMARY_DIRECT,Defence Contractor,False,2025-05-28,267.57427978515625,7788.10009765625,0.02060694160049259,-0.00494327064009048,0.02555021224058307,1.3979816515392502,0.18098682783738296,0.7725606043307068,2026-02-28,807,ok,0.0009632997775444204,0.5466694848547928,0.07298295624966644,-0.0017390354367716647,0.022345977037264254,0.26932558699048764
CMP044,Thales S.A.,HO.PA,^FCHI,EUR,Euronext Paris,PRIMARY_DIRECT,Defence Contractor,False,2025-05-29,262.1717224121094,7779.72021484375,-0.020190869531199973,-0.0010759855044777389,-0.019114884026722234,1.34956431687481,0.1797161031296508,0.7534457203039846,2026-02-28,807,ok,0.0009632997775444204,0.5466694848547928,0.07298295624966644,0.0003750913361003505,-0.020565960867300323,0.2487596261231873
CMP044,Thales S.A.,HO.PA,^FCHI,EUR,Euronext Paris,PRIMARY_DIRECT,Defence Contractor,False,2025-05-30,262.662841796875,7751.89013671875,0.0018732736705815434,-0.003577259510168518,0.005450533180750061,1.3539656938469493,0.17549595248043137,0.7588962534847347,2026-02-28,807,ok,0.0009632997775444204,0.5466694848547928,0.07298295624966644,-0.000992278836071312,0.0028655525066528555,0.2516251786298402
CMP044,Thales S.A.,HO.PA,^FCHI,EUR,Euronext Paris,PRIMARY_DIRECT,Defence Contractor,False,2025-06-02,265.41326904296875,7737.2001953125,0.010471322198747579,-0.0018950141381219865,0.012366336336869566,1.378614827072019,0.17326837103117576,0.7712625898216042,2026-02-28,807,ok,0.0009632997775444204,0.5466694848547928,0.07298295624966644,-7.264662513527525e-05,0.010543968823882855,0.26216914745372305
CMP044,Thales S.A.,HO.PA,^FCHI,EUR,Euronext Paris,PRIMARY_DIRECT,Defence Contractor,False,2025-06-03,267.2796325683594,7763.83984375,0.007031914915634818,0.0034430605083268784,0.00358885440730794,1.395341044153057,0.1773080050251421,0.7748514442289122,2026-02-28,807,ok,0.0009632997775444204,0.5466694848547928,0.07298295624966644,0.002845515891955356,0.0041863990236794615,0.2663555464774025
CMP044,Thales S.A.,HO.PA,^FCHI,EUR,Euronext Paris,PRIMARY_DIRECT,Defence Contractor,False,2025-06-04,263.0557556152344,7804.669921875,-0.015803212959164425,0.005259005717108911,-0.021062218676273337,1.357486959522479,0.18349947455436744,0.7537892255526388,2026-02-28,807,ok,0.0009632997775444204,0.5466694848547928,0.07298295624966644,0.003838237723764759,-0.019641450682929183,0.24671409579447331
CMP044,Thales S.A.,HO.PA,^FCHI,EUR,Euronext Paris,PRIMARY_DIRECT,Defence Contractor,False,2025-06-05,267.770751953125,7790.27001953125,0.017923942879954025,-0.001845036688020607,0.01976897956797463,1.3997424211251963,0.18131587460356147,0.7735582051206135,2026-02-28,807,ok,0.0009632997775444204,0.5466694848547928,0.07298295624966644,-4.5325478233998007e-05,0.01796926835818802,0.26468336415266136
CMP044,Thales S.A.,HO.PA,^FCHI,EUR,Euronext Paris,PRIMARY_DIRECT,Defence Contractor,False,2025-06-06,256.8674011230469,7804.8701171875,-0.04071897602911767,0.001874145263212501,-0.04259312129233017,1.3020273670033427,0.18352983215430752,0.7309650838282833,2026-02-28,807,ok,0.0009632997775444204,0.5466694848547928,0.07298295624966644,0.0019878378031278486,-0.04270681383224552,0.22197655032041586
CMP044,Thales S.A.,HO.PA,^FCHI,EUR,Euronext Paris,PRIMARY_DIRECT,Defence Contractor,False,2025-06-09,254.5099029541016,7791.47021484375,-0.009177879943652267,-0.0017168642325311456,-0.007461015711121122,1.2808996362019842,0.18149787211734814,0.7235040681171622,2026-02-28,807,ok,0.0009632997775444204,0.5466694848547928,0.07298295624966644,2.474249198099979e-05,-0.009202622435633268,0.21277392788478258
CMP044,Thales S.A.,HO.PA,^FCHI,EUR,Euronext Paris,PRIMARY_DIRECT,Defence Contractor,False,2025-06-10,245.2764129638672,7804.330078125,-0.03627949200821301,0.0016505053509350276,-0.03792999735914804,1.1981497560788585,0.18344794067739612,0.6855740707580141,2026-02-28,807,ok,0.0009632997775444204,0.5466694848547928,0.07298295624966644,0.0018655806874901511,-0.038145072695703164,0.17462885518907942
CMP044,Thales S.A.,HO.PA,^FCHI,EUR,Euronext Paris,PRIMARY_DIRECT,Defence Contractor,False,2025-06-11,244.7852783203125,7775.89990234375,-0.0020023720895944175,-0.0036428720334289455,0.001640499943834528,1.1937482423585375,0.17913679127128335,0.6872145707018487,2026-02-28,807,ok,0.0009632997775444204,0.5466694848547928,0.07298295624966644,-0.0010281472003621128,-0.0009742248892323046,0.17365463029984712
CMP044,Thales S.A.,HO.PA,^FCHI,EUR,Euronext Paris,PRIMARY_DIRECT,Defence Contractor,False,2025-06-12,245.1782073974609,7765.10986328125,0.0016051989721139748,-0.0013876257665363934,0.002992824738650368,1.1972696447822484,0.17750059067744428,0.690207395440499,2026-02-28,807,ok,0.0009632997775444204,0.5466694848547928,0.07298295624966644,0.00020472711458073317,0.0014004718575332416,0.17505510215738038
CMP044,Thales S.A.,HO.PA,^FCHI,EUR,Euronext Paris,PRIMARY_DIRECT,Defence Contractor,False,2025-06-13,246.1604766845703,7684.68017578125,0.004006348270248372,-0.010357829949106945,0.014364178219355317,1.206072672222891,0.16530423979423436,0.7045715736598543,2026-02-28,807,ok,0.0009632997775444204,0.5466694848547928,0.07298295624966644,-0.004699009784947418,0.00870535805519579,0.18376046021257617
CMP044,Thales S.A.,HO.PA,^FCHI,EUR,Euronext Paris,PRIMARY_DIRECT,Defence Contractor,False,2025-06-16,246.2586975097656,7742.240234375,0.0003990113543741458,0.00749023476281474,-0.0070912234084405945,1.2069529202676823,0.1740326421203966,0.6974803502514137,2026-02-28,807,ok,0.0009632997775444204,0.5466694848547928,0.07298295624966644,0.005057982556773815,-0.0046589712023996695,0.1791014890101765
CMP044,Thales S.A.,HO.PA,^FCHI,EUR,Euronext Paris,PRIMARY_DIRECT,Defence Contractor,False,2025-06-17,243.8029937744141,7683.72998046875,-0.009972048744609774,-0.007557276981211225,-0.002414771763398549,1.1849450781697142,0.16516015225890945,0.6950655784880152,2026-02-28,807,ok,0.0009632997775444204,0.5466694848547928,0.07298295624966644,-0.003168032936679304,-0.00680401580793047,0.17229747320224603
CMP044,Thales S.A.,HO.PA,^FCHI,EUR,Euronext Paris,PRIMARY_DIRECT,Defence Contractor,False,2025-06-18,243.90122985839844,7656.1201171875,0.0004029322300909133,-0.0035932891123753308,0.003996221342466244,1.1858254629626872,0.16097339496962393,0.6990617998304814,2026-02-28,807,ok,0.0009632997775444204,0.5466694848547928,0.07298295624966644,-0.0010010417304521374,0.0014039739605430507,0.17370144716278907
CMP044,Thales S.A.,HO.PA,^FCHI,EUR,Euronext Paris,PRIMARY_DIRECT,Defence Contractor,False,2025-06-19,241.5437469482422,7553.4501953125,-0.009665727850265204,-0.013410176473657054,0.0037444486233918495,1.16469786890951,0.1454045368618606,0.7028062484538733,2026-02-28,807,ok,0.0009632997775444204,0.5466694848547928,0.07298295624966644,-0.006367634487121544,-0.0032980933631436603,0.1704033537996454
CMP044,Thales S.A.,HO.PA,^FCHI,EUR,Euronext Paris,PRIMARY_DIRECT,Defence Contractor,False,2025-06-20,244.9817352294922,7589.66015625,0.014233397985610852,0.004793830633843532,0.00943956735176732,1.1955088751963028,0.15089541221881242,0.7122458158056406,2026-02-28,807,ok,0.0009632997775444204,0.5466694848547928,0.07298295624966644,0.003583940700628789,0.010649457284982063,0.18105281108462748
CMP044,Thales S.A.,HO.PA,^FCHI,EUR,Euronext Paris,PRIMARY_DIRECT,Defence Contractor,False,2025-06-23,242.2313537597656,7537.56982421875,-0.011226883780336094,-0.0068633286548877015,-0.004363555125448393,1.1708601522157775,0.14299643875735235,0.7078822606801922,2026-02-28,807,ok,0.0009632997775444204,0.5466694848547928,0.07298295624966644,-0.0027886725626121776,-0.008438211217723916,0.17261459986690356
CMP044,Thales S.A.,HO.PA,^FCHI,EUR,Euronext Paris,PRIMARY_DIRECT,Defence Contractor,False,2025-06-24,233.5872344970703,7615.990234375,-0.035685385597391095,0.010403938137233615,-0.04608932373462471,1.0933921706059464,0.1548881029972622,0.6617929369455675,2026-02-28,807,ok,0.0009632997775444204,0.5466694848547928,0.07298295624966644,0.006650815279487053,-0.04233620087687815,0.1302783989900254
CMP044,Thales S.A.,HO.PA,^FCHI,EUR,Euronext Paris,PRIMARY_DIRECT,Defence Contractor,False,2025-06-25,238.10574340820312,7558.16015625,0.019343989070556455,-0.00759324478437251,0.026937233854928966,1.1338867258745364,0.14611875493264437,0.6887301708004965,2026-02-28,807,ok,0.0009632997775444204,0.5466694848547928,0.07298295624966644,-0.0031876954371048427,0.022531684507661298,0.1528100834976867
CMP044,Thales S.A.,HO.PA,^FCHI,EUR,Euronext Paris,PRIMARY_DIRECT,Defence Contractor,False,2025-06-26,245.1782073974609,7557.31005859375,0.029703038188091613,-0.00011247415226400825,0.02981551234035562,1.1972696447822497,0.1459898461972895,0.7185456831408521,2026-02-28,807,ok,0.0009632997775444204,0.5466694848547928,0.07298295624966644,0.0009018135906667755,0.02880122459742484,0.18161130809511156
CMP044,Thales S.A.,HO.PA,^FCHI,EUR,Euronext Paris,PRIMARY_DIRECT,Defence Contractor,False,2025-06-27,241.44552612304688,7691.5498046875,-0.015224359921854447,0.017762900430570605,-0.03298726035242505,1.1638176208647195,0.16634594972973682,0.685558422788427,2026-02-28,807,ok,0.0009632997775444204,0.5466694848547928,0.07298295624966644,0.010673735405451431,-0.02589809532730588,0.15571321276780567
CMP044,Thales S.A.,HO.PA,^FCHI,EUR,Euronext Paris,PRIMARY_DIRECT,Defence Contractor,False,2025-06-30,245.1782073974609,7665.91015625,0.015459724329337066,-0.00333348272956302,0.018793207058900085,1.1972696447822502,0.16245795564961707,0.7043516298473271,2026-02-28,807,ok,0.0009632997775444204,0.5466694848547928,0.07298295624966644,-0.0008590135089981444,0.01631873783833521,0.17203195060614088
CMP044,Thales S.A.,HO.PA,^FCHI,EUR,Euronext Paris,PRIMARY_DIRECT,Defence Contractor,False,2025-07-01,232.1138153076172,7662.58984375,-0.053285290844242494,-0.0004331269780526448,-0.05285216386618985,1.0801874926968025,0.16195446374817335,0.6514994659811373,2026-02-28,807,ok,0.0009632997775444204,0.5466694848547928,0.07298295624966644,0.0007265224755756679,-0.054011813319818164,0.11802013728632271
CMP044,Thales S.A.,HO.PA,^FCHI,EUR,Euronext Paris,PRIMARY_DIRECT,Defence Contractor,False,2025-07-02,234.0783843994141,7738.419921875,0.008463818016145597,0.009896142123129614,-0.0014323241069840176,1.0977938210744504,0.17345333026203003,0.6500671418741533,2026-02-28,807,ok,0.0009632997775444204,0.5466694848547928,0.07298295624966644,0.006373218694045502,0.0020905993221000943,0.12011073660842281
CMP044,Thales S.A.,HO.PA,^FCHI,EUR,Euronext Paris,PRIMARY_DIRECT,Defence Contractor,False,2025-07-03,239.0880279541016,7754.5498046875,0.021401564127935035,0.0020843897042732706,0.019317174423661765,1.142689890063361,0.17589926430207337,0.669384316297815,2026-02-28,807,ok,0.0009632997775444204,0.5466694848547928,0.07298295624966644,0.0021027720234161234,0.019298792104518913,0.1394095287129417
CMP044,Thales S.A.,HO.PA,^FCHI,EUR,Euronext Paris,PRIMARY_DIRECT,Defence Contractor,False,2025-07-04,240.2667694091797,7696.27001953125,0.004930156750903469,-0.007515560106535202,0.012445716857438671,1.1532536870899497,0.1670617227019806,0.6818300331552537,2026-02-28,807,ok,0.0009632997775444204,0.5466694848547928,0.07298295624966644,-0.0031452275942904107,0.00807538434519388,0.1474849130581356
CMP044,Thales S.A.,HO.PA,^FCHI,EUR,Euronext Paris,PRIMARY_DIRECT,Defence Contractor,False,2025-07-07,243.99945068359372,7723.47021484375,0.01553557024799046,0.0035342049127009556,0.012001365335289504,1.18670571100748,0.17118635797577908,0.6938313984905432,2026-02-28,807,ok,0.0009632997775444204,0.5466694848547928,0.07298295624966644,0.00289534175654193,0.012640228491448531,0.16012514154958413
CMP044,Thales S.A.,HO.PA,^FCHI,EUR,Euronext Paris,PRIMARY_DIRECT,Defence Contractor,False,2025-07-08,241.83843994140625,7766.7099609375,-0.008856621341290505,0.005598486805924008,-0.014455108147214513,1.1673388865402492,0.17774322934818465,0.6793762903433287,2026-02-28,807,ok,0.0009632997775444204,0.5466694848547928,0.07298295624966644,0.0040238216757052525,-0.012880443016995757,0.14724469853258837
CMP044,Thales S.A.,HO.PA,^FCHI,EUR,Euronext Paris,PRIMARY_DIRECT,Defence Contractor,False,2025-07-09,243.50831604003903,7878.4599609375,0.0069049242090601926,0.014388331811287403,-0.00748340760222721,1.1823041972871584,0.1946889897205435,0.6718928827411015,2026-02-28,807,ok,0.0009632997775444204,0.5466694848547928,0.07298295624966644,0.008828961716740732,-0.00192403750768054,0.14532066102490782
CMP044,Thales S.A.,HO.PA,^FCHI,EUR,Euronext Paris,PRIMARY_DIRECT,Defence Contractor,False,2025-07-10,241.9366607666016,7902.25,-0.006454216016092973,0.003019630635994197,-0.00947384665208717,1.1682191345850406,0.19829650919438868,0.6624190360890143,2026-02-28,807,ok,0.0009632997775444204,0.5466694848547928,0.07298295624966644,0.0026140397017751188,-0.009068255717868092,0.13625240530703972
CMP044,Thales S.A.,HO.PA,^FCHI,EUR,Euronext Paris,PRIMARY_DIRECT,Defence Contractor,False,2025-07-11,246.5533905029297,7829.2900390625,0.01908239008383239,-0.009232808495997946,0.028315198579830336,1.209593937898422,0.1872328670035741,0.6907342346688446,2026-02-28,807,ok,0.0009632997775444204,0.5466694848547928,0.07298295624966644,-0.0040839948867257315,0.02316638497055812,0.15941879027759784
CMP044,Thales S.A.,HO.PA,^FCHI,EUR,Euronext Paris,PRIMARY_DIRECT,Defence Contractor,False,2025-07-14,250.08963012695312,7808.169921875,0.014342693145732444,-0.0026975775686078896,0.017040270714340333,1.2412854657263694,0.18403021425283117,0.707774505383185,2026-02-28,807,ok,0.0009632997775444204,0.5466694848547928,0.07298295624966644,-0.0005113835622422991,0.014854076707974742,0.1742728669855726
CMP044,Thales S.A.,HO.PA,^FCHI,EUR,Euronext Paris,PRIMARY_DIRECT,Defence Contractor,False,2025-07-15,243.6065368652344,7766.2099609375,-0.025923079091395018,-0.005373853458279232,-0.020549225633115786,1.1831844453319507,0.17766740939126158,0.6872252797500692,2026-02-28,807,ok,0.0009632997775444204,0.5466694848547928,0.07298295624966644,-0.0019744219241782344,-0.023948657167216784,0.15032420981835581
CMP044,Thales S.A.,HO.PA,^FCHI,EUR,Euronext Paris,PRIMARY_DIRECT,Defence Contractor,False,2025-07-16,242.13311767578125,7722.08984375,-0.0060483565359671365,-0.005681035847526106,-0.0003673206884410307,1.1699797674228054,0.1709770386220466,0.6868579590616282,2026-02-28,807,ok,0.0009632997775444204,0.5466694848547928,0.07298295624966644,-0.0021423491626642874,-0.003906007373302849,0.14641820244505296
CMP044,Thales S.A.,HO.PA,^FCHI,EUR,Euronext Paris,PRIMARY_DIRECT,Defence Contractor,False,2025-07-17,244.39236450195312,7822.0,0.009330598176152893,0.01293822763935637,-0.0036076294632034767,1.1902269766830091,0.1861274061081981,0.6832503295984247,2026-02-28,807,ok,0.0009632997775444204,0.5466694848547928,0.07298295624966644,0.00803623401608541,0.0012943641600674828,0.14771256660512044
CMP044,Thales S.A.,HO.PA,^FCHI,EUR,Euronext Paris,PRIMARY_DIRECT,Defence Contractor,False,2025-07-18,246.06224060058597,7822.669921875,0.0068327670630621284,8.564585464077012e-05,0.006747121208421358,1.2051922874299188,0.18622899300360718,0.689997450806846,2026-02-28,807,ok,0.0009632997775444204,0.5466694848547928,0.07298295624966644,0.0010101197527808386,0.00582264731028129,0.15353521391540173
CMP044,Thales S.A.,HO.PA,^FCHI,EUR,Euronext Paris,PRIMARY_DIRECT,Defence Contractor,False,2025-07-21,242.13311767578125,7798.22021484375,-0.015968004335872754,-0.0031254938883308325,-0.012842510447541922,1.1699797674228045,0.18252144153581362,0.6771549403593041,2026-02-28,807,ok,0.0009632997775444204,0.5466694848547928,0.07298295624966644,-0.0007453123563061992,-0.015222691979566555,0.13831252193583518
CMP044,Thales S.A.,HO.PA,^FCHI,EUR,Euronext Paris,PRIMARY_DIRECT,Defence Contractor,False,2025-07-22,239.4809417724609,7744.41015625,-0.010953379400465257,-0.00690029995451058,-0.004053079445954677,1.146211155738889,0.17436168888657622,0.6731018609133494,2026-02-28,807,ok,0.0009632997775444204,0.5466694848547928,0.07298295624966644,-0.002808883643931429,-0.008144495756533828,0.13016802617930134
CMP044,Thales S.A.,HO.PA,^FCHI,EUR,Euronext Paris,PRIMARY_DIRECT,Defence Contractor,False,2025-07-23,233.78369140625,7850.43017578125,-0.023789994828164907,0.013689876619678909,-0.037479871447843816,1.0951528034437108,0.1904385555143111,0.6356219894655056,2026-02-28,807,ok,0.0009632997775444204,0.5466694848547928,0.07298295624966644,0.008447137576949962,-0.03223713240511487,0.09793089377418648
CMP044,Thales S.A.,HO.PA,^FCHI,EUR,Euronext Paris,PRIMARY_DIRECT,Defence Contractor,False,2025-07-24,233.9801483154297,7818.27978515625,0.0008403362441493645,-0.004095366738524064,0.004935702982673429,1.0969134362814756,0.18556327304980114,0.6405576924481791,2026-02-28,807,ok,0.0009632997775444204,0.5466694848547928,0.07298295624966644,-0.001275512247695983,0.0021158484918453475,0.10004674226603183
CMP044,Thales S.A.,HO.PA,^FCHI,EUR,Euronext Paris,PRIMARY_DIRECT,Defence Contractor,False,2025-07-25,235.8465118408203,7834.580078125,0.007976589205655804,0.0020848950685670165,0.005891694137088788,1.113639653362513,0.18803504807125693,0.6464493865852678,2026-02-28,807,ok,0.0009632997775444204,0.5466694848547928,0.07298295624966644,0.002103048290654249,0.0058735409150015554,0.10592028318103339
CMP044,Thales S.A.,HO.PA,^FCHI,EUR,Euronext Paris,PRIMARY_DIRECT,Defence Contractor,False,2025-07-28,225.6307373046875,7800.8798828125,-0.04331535139696163,-0.0043014679761324,-0.03901388342082923,1.0220866090505636,0.1829247533574554,0.6074355031644386,2026-02-28,807,ok,0.0009632997775444204,0.5466694848547928,0.07298295624966644,-0.0013881815050872672,-0.041927169891874366,0.06399311328915902
CMP044,Thales S.A.,HO.PA,^FCHI,EUR,Euronext Paris,PRIMARY_DIRECT,Defence Contractor,False,2025-07-29,231.7209014892578,7857.35986328125,0.02699173107937969,0.007240206401997185,0.019751524677382504,1.076666227021271,0.19148937272979505,0.6271870278418211,2026-02-28,807,ok,0.0009632997775444204,0.5466694848547928,0.07298295624966644,0.0049212996815665945,0.022070431397813093,0.08606354468697211
CMP044,Thales S.A.,HO.PA,^FCHI,EUR,Euronext Paris,PRIMARY_DIRECT,Defence Contractor,False,2025-07-30,230.93508911132807,7861.9599609375,-0.0033912019713343566,0.0005854508048876994,-0.003976652776222056,1.0696238324183929,0.19218693114207475,0.6232103750655991,2026-02-28,807,ok,0.0009632997775444204,0.5466694848547928,0.07298295624966644,0.0012833478674602028,-0.00467454983879456,0.08138899484817755
CMP044,Thales S.A.,HO.PA,^FCHI,EUR,Euronext Paris,PRIMARY_DIRECT,Defence Contractor,False,2025-07-31,231.6226806640625,7771.97021484375,0.0029774234629322827,-0.01144622289363828,0.014423646356570563,1.0757859789764792,0.17854089379734006,0.6376340214221696,2026-02-28,807,ok,0.0009632997775444204,0.5466694848547928,0.07298295624966644,-0.005294000995253955,0.008271424458186238,0.08966041930636379
CMP044,Thales S.A.,HO.PA,^FCHI,EUR,Euronext Paris,PRIMARY_DIRECT,Defence Contractor,False,2025-08-01,231.32798767089844,7546.16015625,-0.0012722976537494768,-0.02905441636439543,0.027782118710645953,1.0731449613457413,0.1442990759664855,0.6654161401328156,2026-02-28,807,ok,0.0009632997775444204,0.5466694848547928,0.07298295624966644,-0.014919863049136292,0.013647565395386816,0.10330798470175061
CMP044,Thales S.A.,HO.PA,^FCHI,EUR,Euronext Paris,PRIMARY_DIRECT,Defence Contractor,False,2025-08-04,232.31027221679688,7632.009765625,0.004246284921199939,0.011376595195093486,-0.0071303102738935475,1.0819481255345655,0.15731730333587568,0.658285829858922,2026-02-28,807,ok,0.0009632997775444204,0.5466694848547928,0.07298295624966644,0.007182537212247687,-0.0029362522910477487,0.10037173241070285
CMP044,Thales S.A.,HO.PA,^FCHI,EUR,Euronext Paris,PRIMARY_DIRECT,Defence Contractor,False,2025-08-05,232.70318603515625,7621.0400390625,0.0016913320905271867,-0.0014373313058256842,0.003128663396352871,1.0854693912100952,0.15565385494501727,0.6614144932552749,2026-02-28,807,ok,0.0009632997775444204,0.5466694848547928,0.07298295624966644,0.0001775546130230269,0.00151377747750416,0.10188550988820701
CMP044,Thales S.A.,HO.PA,^FCHI,EUR,Euronext Paris,PRIMARY_DIRECT,Defence Contractor,False,2025-08-06,234.27484130859372,7635.02978515625,0.006753905265396876,0.0018356741366065688,0.004918231128790307,1.099554453912213,0.1577752588374095,0.6663327243840652,2026-02-28,807,ok,0.0009632997775444204,0.5466694848547928,0.07298295624966644,0.0019668068121643997,0.004787098453232476,0.10667260834143949
CMP044,Thales S.A.,HO.PA,^FCHI,EUR,Euronext Paris,PRIMARY_DIRECT,Defence Contractor,False,2025-08-07,227.10415649414065,7709.31982421875,-0.030608002013360114,0.009730157072462609,-0.04033815908582272,1.0352912869597088,0.16904059396050863,0.6259945652982425,2026-02-28,807,ok,0.0009632997775444204,0.5466694848547928,0.07298295624966644,0.006282479731903773,-0.03689048174526389,0.06978212659617561
CMP044,Thales S.A.,HO.PA,^FCHI,EUR,Euronext Paris,PRIMARY_DIRECT,Defence Contractor,False,2025-08-08,224.94314575195312,7743.0,-0.009515505024423776,0.004368760999568844,-0.01388426602399262,1.0159244624924777,0.17414785291431611,0.6121102992742499,2026-02-28,807,ok,0.0009632997775444204,0.5466694848547928,0.07298295624966644,0.00335156810263243,-0.012867073127056206,0.0569150534691194
CMP044,Thales S.A.,HO.PA,^FCHI,EUR,Euronext Paris,PRIMARY_DIRECT,Defence Contractor,False,2025-08-11,224.25555419921875,7698.52001953125,-0.0030567348493142354,-0.005744540936168163,0.0026878060868539277,1.0097623159343918,0.16740291250813577,0.6147981053611038,2026-02-28,807,ok,0.0009632997775444204,0.5466694848547928,0.07298295624966644,-0.002177065456757899,-0.0008796693925563364,0.05603538407656307
CMP044,Thales S.A.,HO.PA,^FCHI,EUR,Euronext Paris,PRIMARY_DIRECT,Defence Contractor,False,2025-08-12,226.7112579345703,7753.419921875,0.010950470074734486,0.007131228106761922,0.003819241967972564,1.0317701580323604,0.17572792896972955,0.6186173473290764,2026-02-28,807,ok,0.0009632997775444204,0.5466694848547928,0.07298295624966644,0.00486172457304998,0.006088745501684506,0.062124129578247575
CMP044,Thales S.A.,HO.PA,^FCHI,EUR,Euronext Paris,PRIMARY_DIRECT,Defence Contractor,False,2025-08-13,227.49708557128903,7804.97021484375,0.003466204739358547,0.006648716758305584,-0.003182512018947037,1.0388126893834193,0.18354501095427844,0.6154348353101293,2026-02-28,807,ok,0.0009632997775444204,0.5466694848547928,0.07298295624966644,0.004597950342752762,-0.0011317456033942148,0.06099238397485336
CMP044,Thales S.A.,HO.PA,^FCHI,EUR,Euronext Paris,PRIMARY_DIRECT,Defence Contractor,False,2025-08-14,233.2925567626953,7870.33984375,0.0254749249945454,0.00837538480056299,0.01709954019398241,1.0907512897233893,0.19345765584980712,0.6325343755041117,2026-02-28,807,ok,0.0009632997775444204,0.5466694848547928,0.07298295624966644,0.005541867071928852,0.01993305792261655,0.08092544189746992
CMP044,Thales S.A.,HO.PA,^FCHI,EUR,Euronext Paris,PRIMARY_DIRECT,Defence Contractor,False,2025-08-15,231.2297515869141,7923.4501953125,-0.008842138833771274,0.006748164960713288,-0.015590303794484561,1.0722645765527687,0.20151130498510783,0.6169440717096272,2026-02-28,807,ok,0.0009632997775444204,0.5466694848547928,0.07298295624966644,0.004652315640332717,-0.013494454474103992,0.06743098742336592
CMP044,Thales S.A.,HO.PA,^FCHI,EUR,Euronext Paris,PRIMARY_DIRECT,Defence Contractor,False,2025-08-18,234.37307739257807,7884.0498046875,0.013593950536604948,-0.004972630565445946,0.018566581102050894,1.1004348387051857,0.19553663314520997,0.6355106528116781,2026-02-28,807,ok,0.0009632997775444204,0.5466694848547928,0.07298295624966644,-0.0017550856120411122,0.01534903614864606,0.08278002357201199
CMP044,Thales S.A.,HO.PA,^FCHI,EUR,Euronext Paris,PRIMARY_DIRECT,Defence Contractor,False,2025-08-19,224.74668884277344,7979.080078125,-0.0410729280721962,0.01205348466735967,-0.05312641273955587,1.0141638296547124,0.20994701562209261,0.5823842400721222,2026-02-28,807,ok,0.0009632997775444204,0.5466694848547928,0.07298295624966644,0.007552572031355075,-0.04862550010355128,0.03415452346846071
CMP044,Thales S.A.,HO.PA,^FCHI,EUR,Euronext Paris,PRIMARY_DIRECT,Defence Contractor,False,2025-08-20,225.33604431152344,7973.02978515625,0.002622309907142961,-0.0007582694884009644,0.0033805793955439256,1.0194455914198248,0.2090295497175645,0.5857648194676661,2026-02-28,807,ok,0.0009632997775444204,0.5466694848547928,0.07298295624966644,0.0005487769869391578,0.0020735329202038032,0.03622805638866451
CMP044,Thales S.A.,HO.PA,^FCHI,EUR,Euronext Paris,PRIMARY_DIRECT,Defence Contractor,False,2025-08-21,227.202392578125,7938.2900390625,0.00828251100397126,-0.004357157445771365,0.012639668449742625,1.036171671752681,0.20376161761285494,0.5984044879174087,2026-02-28,807,ok,0.0009632997775444204,0.5466694848547928,0.07298295624966644,-0.0014186252387666364,0.009701136242737897,0.04592919263140241
CMP044,Thales S.A.,HO.PA,^FCHI,EUR,Euronext Paris,PRIMARY_DIRECT,Defence Contractor,False,2025-08-22,228.18467712402344,7969.68994140625,0.0043233899729320235,0.003955499507984461,0.0003678904649475623,1.0449748359415048,0.20852309609905317,0.5987723783823563,2026-02-28,807,ok,0.0009632997775444204,0.5466694848547928,0.07298295624966644,0.0031256506559176724,0.0011977393170143511,0.04712693194841676
CMP044,Thales S.A.,HO.PA,^FCHI,EUR,Euronext Paris,PRIMARY_DIRECT,Defence Contractor,False,2025-08-25,228.28289794921875,7843.0400390625,0.00043044443839646007,-0.0158914466277722,0.01632189106616866,1.0458550839862966,0.18931791581896507,0.615094269448525,2026-02-28,807,ok,0.0009632997775444204,0.5466694848547928,0.07298295624966644,-0.007724069164057242,0.008154513602453702,0.05528144555087046
CMP044,Thales S.A.,HO.PA,^FCHI,EUR,Euronext Paris,PRIMARY_DIRECT,Defence Contractor,False,2025-08-26,221.21044921875,7709.81005859375,-0.030981071267292215,-0.016987033064372214,-0.01399403820292,0.9824723018267649,0.16911493305889813,0.601100231245605,2026-02-28,807,ok,0.0009632997775444204,0.5466694848547928,0.07298295624966644,-0.008322992836967271,-0.022658078430324944,0.03262336712054552
CMP044,Thales S.A.,HO.PA,^FCHI,EUR,Euronext Paris,PRIMARY_DIRECT,Defence Contractor,False,2025-08-27,223.17501831054688,7743.93017578125,0.008880995896600519,0.0044255457564053025,0.004455450140195216,1.0000786302044125,0.17428890468964697,0.6055556813858002,2026-02-28,807,ok,0.0009632997775444204,0.5466694848547928,0.07298295624966644,0.0033826105963998213,0.005498385300200697,0.03812175242074622
CMP044,Thales S.A.,HO.PA,^FCHI,EUR,Euronext Paris,PRIMARY_DIRECT,Defence Contractor,False,2025-08-28,221.99627685546875,7762.60009765625,-0.00528169086307817,0.002410910409986533,-0.007692601273064703,0.9895148331778238,0.1771200100342949,0.5978630801127355,2026-02-28,807,ok,0.0009632997775444204,0.5466694848547928,0.07298295624966644,0.0022812709294028157,-0.007562961792480985,0.030558790628265234
CMP044,Thales S.A.,HO.PA,^FCHI,EUR,Euronext Paris,PRIMARY_DIRECT,Defence Contractor,False,2025-08-29,221.21044921875,7703.89990234375,-0.003539823495465,-0.0075619244291900145,0.004022100933725015,0.9824723018267649,0.16821871747432815,0.6018851810464605,2026-02-28,807,ok,0.0009632997775444204,0.5466694848547928,0.07298295624966644,-0.0031705735546717585,-0.00036924994079324137,0.030189540687471993
CMP044,Thales S.A.,HO.PA,^FCHI,EUR,Euronext Paris,PRIMARY_DIRECT,Defence Contractor,False,2025-09-01,220.22817993164065,7707.89990234375,-0.0044404289696912125,0.000519217545750239,-0.0049596465154414515,0.9736692743861228,0.16882527712971473,0.596925534531019,2026-02-28,807,ok,0.0009632997775444204,0.5466694848547928,0.07298295624966644,0.0012471401658072734,-0.005687569135498486,0.024501971551973506
CMP044,Thales S.A.,HO.PA,^FCHI,EUR,Euronext Paris,PRIMARY_DIRECT,Defence Contractor,False,2025-09-02,216.2990264892578,7654.25,-0.017841283724918666,-0.006960378705415771,-0.010880905019502896,0.9384564808826457,0.1606898105604293,0.5860446295115161,2026-02-28,807,ok,0.0009632997775444204,0.5466694848547928,0.07298295624966644,-0.002841726863739489,-0.014999556861179177,0.009502414690794329
CMP044,Thales S.A.,HO.PA,^FCHI,EUR,Euronext Paris,PRIMARY_DIRECT,Defence Contractor,False,2025-09-03,219.83526611328125,7719.7099609375,0.01634884669348735,0.008552106468628473,0.007796740224858878,0.9701480087105929,0.17061615339739422,0.593841369736375,2026-02-28,807,ok,0.0009632997775444204,0.5466694848547928,0.07298295624966644,0.0056384754151728896,0.010710371278314462,0.02021278596910879
CMP044,Thales S.A.,HO.PA,^FCHI,EUR,Euronext Paris,PRIMARY_DIRECT,Defence Contractor,False,2025-09-04,218.16537475585935,7698.919921875,-0.007596103150080635,-0.0026931114209859386,-0.004902991729094697,0.9551825612155014,0.16746355366508903,0.5889383780072803,2026-02-28,807,ok,0.0009632997775444204,0.5466694848547928,0.07298295624966644,-0.0005089420556225217,-0.007087161094458114,0.013125624874650677
CMP044,Thales S.A.,HO.PA,^FCHI,EUR,Euronext Paris,PRIMARY_DIRECT,Defence Contractor,False,2025-09-05,218.2635955810547,7674.77978515625,0.00045021271274259256,-0.0031355225101329376,0.00358573522287553,0.9560628092602932,0.16380294541281226,0.5925241132301559,2026-02-28,807,ok,0.0009632997775444204,0.5466694848547928,0.07298295624966644,-0.0007507946978205596,0.001201007410563152,0.014326632285213829
CMP044,Thales S.A.,HO.PA,^FCHI,EUR,Euronext Paris,PRIMARY_DIRECT,Defence Contractor,False,2025-09-08,220.62109375,7734.83984375,0.010801151528129438,0.007825639337549761,0.0029755121905796766,0.9771905400616521,0.17291044752359097,0.5954996254207355,2026-02-28,807,ok,0.0009632997775444204,0.5466694848547928,0.07298295624966644,0.0052413380028621505,0.005559813525267287,0.019886445810481115
CMP044,Thales S.A.,HO.PA,^FCHI,EUR,Euronext Paris,PRIMARY_DIRECT,Defence Contractor,False,2025-09-09,224.1573181152344,7749.39013671875,0.016028496210981125,0.0018811369417697232,0.014147359269211401,1.0088819311414179,0.17511685269581534,0.6096469846899469,2026-02-28,807,ok,0.0009632997775444204,0.5466694848547928,0.07298295624966644,0.0019916599404429954,0.014036836270538129,0.033923282081019246
CMP044,Thales S.A.,HO.PA,^FCHI,EUR,Euronext Paris,PRIMARY_DIRECT,Defence Contractor,False,2025-09-10,230.93508911132807,7761.31982421875,0.03023667062526747,0.0015394356574556234,0.028697234967811847,1.069623832418392,0.17692586948053224,0.6383442196577588,2026-02-28,807,ok,0.0009632997775444204,0.5466694848547928,0.07298295624966644,0.0018048622753727853,0.028431808349894686,0.06235509043091393
CMP044,Thales S.A.,HO.PA,^FCHI,EUR,Euronext Paris,PRIMARY_DIRECT,Defence Contractor,False,2025-09-11,239.3827209472656,7823.52001953125,0.036580113781951695,0.00801412604057461,0.028565987741377086,1.1453309076940958,0.18635790173896205,0.6669102073991359,2026-02-28,807,ok,0.0009632997775444204,0.5466694848547928,0.07298295624966644,0.005344377931706723,0.031235735850244972,0.0935908262811589
CMP044,Thales S.A.,HO.PA,^FCHI,EUR,Euronext Paris,PRIMARY_DIRECT,Defence Contractor,False,2025-09-12,246.06224060058597,7825.240234375,0.02790309854816897,0.00021987734925654756,0.027683221198912422,1.205192287429917,0.18661875496966607,0.6945934285980483,2026-02-28,807,ok,0.0009632997775444204,0.5466694848547928,0.07298295624966644,0.0010835000147937346,0.026819598533375236,0.12041042481453414
CMP044,Thales S.A.,HO.PA,^FCHI,EUR,Euronext Paris,PRIMARY_DIRECT,Defence Contractor,False,2025-09-15,257.55499267578125,7896.93017578125,0.046706687085120935,0.009161372591646177,0.03754531449347476,1.308189513561428,0.19748981150817846,0.732138743091523,2026-02-28,807,ok,0.0009632997775444204,0.5466694848547928,0.07298295624966644,0.005971542612782455,0.04073514447233848,0.16114556928687263
CMP044,Thales S.A.,HO.PA,^FCHI,EUR,Euronext Paris,PRIMARY_DIRECT,Defence Contractor,False,2025-09-16,253.1347198486328,7818.22021484375,-0.017162442790277455,-0.009967159286641825,-0.00719528350363563,1.2685753430858115,0.18555423981274566,0.7249434595878874,2026-02-28,807,ok,0.0009632997775444204,0.5466694848547928,0.07298295624966644,-0.00448544205514973,-0.012677000735127723,0.1484685685517449
CMP044,Thales S.A.,HO.PA,^FCHI,EUR,Euronext Paris,PRIMARY_DIRECT,Defence Contractor,False,2025-09-17,248.81265258789065,7786.97998046875,-0.01707417798446076,-0.0039958243073899835,-0.013078353677070775,1.2298412839068051,0.18081697336357272,0.7118651059108166,2026-02-28,807,ok,0.0009632997775444204,0.5466694848547928,0.07298295624966644,-0.0012210954381467213,-0.015853082546314037,0.13261548600543085
CMP044,Thales S.A.,HO.PA,^FCHI,EUR,Euronext Paris,PRIMARY_DIRECT,Defence Contractor,False,2025-09-18,248.32151794433597,7854.60986328125,-0.00197391345836484,0.008684995079238478,-0.010658908537603318,1.225439770186484,0.1910723629667166,0.7012061973732133,2026-02-28,807,ok,0.0009632997775444204,0.5466694848547928,0.07298295624966644,0.005711121563478129,-0.007685035021842969,0.12493045098358789
CMP044,Thales S.A.,HO.PA,^FCHI,EUR,Euronext Paris,PRIMARY_DIRECT,Defence Contractor,False,2025-09-19,242.8207092285156,7853.58984375,-0.02215196154307275,-0.00012986253283164828,-0.022022099010241103,1.1761419139808886,0.19091768729287595,0.6791840983629722,2026-02-28,807,ok,0.0009632997775444204,0.5466694848547928,0.07298295624966644,0.0008923078936194046,-0.023044269436692157,0.10188618154689573
CMP044,Thales S.A.,HO.PA,^FCHI,EUR,Euronext Paris,PRIMARY_DIRECT,Defence Contractor,False,2025-09-22,246.35693359375,7830.10986328125,0.0145631086264002,-0.002989713103929925,0.017552821730330126,1.207833305060655,0.18735718507747445,0.6967369200933023,2026-02-28,807,ok,0.0009632997775444204,0.5466694848547928,0.07298295624966644,-0.0006710851448445755,0.015234193771244776,0.11712037531814051
CMP044,Thales S.A.,HO.PA,^FCHI,EUR,Euronext Paris,PRIMARY_DIRECT,Defence Contractor,False,2025-09-23,245.96401977539065,7872.02001953125,-0.0015948965293068884,0.005352435276359868,-0.0069473318056667566,1.2043120393851257,0.1937124375605226,0.6897895882876356,2026-02-28,807,ok,0.0009632997775444204,0.5466694848547928,0.07298295624966644,0.00388931281279069,-0.005484209342097578,0.11163616597604294
CMP044,Thales S.A.,HO.PA,^FCHI,EUR,Euronext Paris,PRIMARY_DIRECT,Defence Contractor,False,2025-09-24,251.75949096679688,7827.4501953125,0.023562272224606273,-0.0056618027022502515,0.029224074926856525,1.2562506397250952,0.18695387325583268,0.7190136632144921,2026-02-28,807,ok,0.0009632997775444204,0.5466694848547928,0.07298295624966644,-0.0021318349890441985,0.025694107213650473,0.1373302731896934
CMP044,Thales S.A.,HO.PA,^FCHI,EUR,Euronext Paris,PRIMARY_DIRECT,Defence Contractor,False,2025-09-25,251.85772705078125,7795.419921875,0.0003901981355582951,-0.004092044361608482,0.004482242497166777,1.2571310245180682,0.1820968053512868,0.7234959057116589,2026-02-28,807,ok,0.0009632997775444204,0.5466694848547928,0.07298295624966644,-0.0012736960056190481,0.0016638941411773432,0.13899416733087075
CMP044,Thales S.A.,HO.PA,^FCHI,EUR,Euronext Paris,PRIMARY_DIRECT,Defence Contractor,False,2025-09-26,254.7063446044922,7870.68017578125,0.01131042349610567,0.009654419474576237,0.0016560040215294336,1.2826601322915665,0.19350926376970468,0.7251519097331883,2026-02-28,807,ok,0.0009632997775444204,0.5466694848547928,0.07298295624966644,0.006241076298283092,0.005069347197822579,0.14406351452869331
CMP044,Thales S.A.,HO.PA,^FCHI,EUR,Euronext Paris,PRIMARY_DIRECT,Defence Contractor,False,2025-09-29,258.8319702148437,7880.8701171875,0.016197576926314072,0.0012946710041155107,0.014902905922198562,1.3196336953809893,0.19505446560665063,0.7400548156553869,2026-02-28,807,ok,0.0009632997775444204,0.5466694848547928,0.07298295624966644,0.001671056908420684,0.01452652001789339,0.1585900345465867
CMP044,Thales S.A.,HO.PA,^FCHI,EUR,Euronext Paris,PRIMARY_DIRECT,Defence Contractor,False,2025-09-30,261.8770446777344,7895.93994140625,0.011764676752887615,0.0019122030936513656,0.00985247365923625,1.3469234359922528,0.19733965245286544,0.7499072893146231,2026-02-28,807,ok,0.0009632997775444204,0.5466694848547928,0.07298295624966644,0.0020086428576885536,0.009756033895199061,0.16834606844178576
CMP044,Thales S.A.,HO.PA,^FCHI,EUR,Euronext Paris,PRIMARY_DIRECT,Defence Contractor,False,2025-10-01,259.3230895996094,7966.9501953125,-0.009752496944769984,0.008993261655128926,-0.01874575859989891,1.3240350723531291,0.2081076412374352,0.7311615307147242,2026-02-28,807,ok,0.0009632997775444204,0.5466694848547928,0.07298295624966644,0.005879641493718111,-0.015632138438488097,0.15271393000329767
CMP044,Thales S.A.,HO.PA,^FCHI,EUR,Euronext Paris,PRIMARY_DIRECT,Defence Contractor,False,2025-10-02,268.1636657714844,8056.6298828125,0.03409097194362709,0.011256463929291805,0.022834508014335286,1.403263686800725,0.22170666132372618,0.7539960387290595,2026-02-28,807,ok,0.0009632997775444204,0.5466694848547928,0.07298295624966644,0.007116865115056928,0.02697410682857016,0.17968803683186782
CMP044,Thales S.A.,HO.PA,^FCHI,EUR,Euronext Paris,PRIMARY_DIRECT,Defence Contractor,False,2025-10-03,266.1990661621094,8081.5400390625,-0.007326121544926734,0.0030918829103894208,-0.010418004455316154,1.3856570849267142,0.22548403527138183,0.7435780342737434,2026-02-28,807,ok,0.0009632997775444204,0.5466694848547928,0.07298295624966644,0.0026535378153983427,-0.009979659360325077,0.16970837747154274
CMP044,Thales S.A.,HO.PA,^FCHI,EUR,Euronext Paris,PRIMARY_DIRECT,Defence Contractor,False,2025-10-06,257.6531982421875,7971.77978515625,-0.03210329789330524,-0.013581601201716365,-0.018521696691588874,1.3090696248580378,0.20883999982525592,0.7250563375821545,2026-02-28,807,ok,0.0009632997775444204,0.5466694848547928,0.07298295624966644,-0.0064613471549011,-0.02564195073840414,0.1440664267331386
CMP044,Thales S.A.,HO.PA,^FCHI,EUR,Euronext Paris,PRIMARY_DIRECT,Defence Contractor,False,2025-10-07,255.6886138916016,7974.85009765625,-0.007624917385031793,0.0003851476812890553,-0.008010065066320848,1.291463159732209,0.2093055817482381,0.7170462725158336,2026-02-28,807,ok,0.0009632997775444204,0.5466694848547928,0.07298295624966644,0.0011738482620677261,-0.00879876564709952,0.13526766108603908
CMP044,Thales S.A.,HO.PA,^FCHI,EUR,Euronext Paris,PRIMARY_DIRECT,Defence Contractor,False,2025-10-08,260.1089172363281,8060.1298828125,0.017287838036466052,0.010693590990671131,0.006594247045794921,1.331077603704188,0.22223740102218947,0.7236405195616286,2026-02-28,807,ok,0.0009632997775444204,0.5466694848547928,0.07298295624966644,0.006809159655662461,0.010478678380803592,0.14574633946684268
CMP044,Thales S.A.,HO.PA,^FCHI,EUR,Euronext Paris,PRIMARY_DIRECT,Defence Contractor,False,2025-10-09,258.14434814453125,8041.35986328125,-0.007552870976783588,-0.0023287490157293256,-0.005224121961054262,1.3134712753265405,0.2193911168775715,0.7184163976005743,2026-02-28,807,ok,0.0009632997775444204,0.5466694848547928,0.07298295624966644,-0.0003097562472404359,-0.007243114729543152,0.13850322473729954
CMP044,Thales S.A.,HO.PA,^FCHI,EUR,Euronext Paris,PRIMARY_DIRECT,Defence Contractor,False,2025-10-10,252.9382476806641,7918.0,-0.02016740053108712,-0.015340671898610103,-0.0048267286324770176,1.266814573499865,0.20068483783747304,0.7135896689680973,2026-02-28,807,ok,0.0009632997775444204,0.5466694848547928,0.07298295624966644,-0.007422977426595161,-0.01274442310449196,0.1257588016328076
CMP044,Thales S.A.,HO.PA,^FCHI,EUR,Euronext Paris,PRIMARY_DIRECT,Defence Contractor,False,2025-10-13,250.48252868652344,7934.259765625,-0.009708768905685727,0.0020535192757009657,-0.011762288181386693,1.2448065946537143,0.20315046729601427,0.7018273807867106,2026-02-28,807,ok,0.0009632997775444204,0.5466694848547928,0.07298295624966644,0.0020858961021312547,-0.011794665007816982,0.11396413662499061
CMP044,Thales S.A.,HO.PA,^FCHI,EUR,Euronext Paris,PRIMARY_DIRECT,Defence Contractor,False,2025-10-14,253.03648376464844,7919.6201171875,0.010196140591191671,-0.0018451183689405237,0.012041258960132195,1.2676949582928376,0.20093051226820702,0.7138686397468428,2026-02-28,807,ok,0.0009632997775444204,0.5466694848547928,0.07298295624966644,-4.537013070041141e-05,0.010241510721892083,0.12420564734688269
CMP044,Thales S.A.,HO.PA,^FCHI,EUR,Euronext Paris,PRIMARY_DIRECT,Defence Contractor,False,2025-10-15,244.9817352294922,8077.0,-0.031832360358943546,0.01987215049254032,-0.051704510851483865,1.1955088751963006,0.2247955841390843,0.6621641288953589,2026-02-28,807,ok,0.0009632997775444204,0.5466694848547928,0.07298295624966644,0.011826798050258354,-0.0436591584092019,0.0805464889376808
CMP044,Thales S.A.,HO.PA,^FCHI,EUR,Euronext Paris,PRIMARY_DIRECT,Defence Contractor,False,2025-10-16,249.3038024902344,8188.58984375,0.017642406103024033,0.013815753838058775,0.003826652264965258,1.2342429343753074,0.24171705843149138,0.6659907811603242,2026-02-28,807,ok,0.0009632997775444204,0.5466694848547928,0.07298295624966644,0.008515950811076638,0.009126455291947395,0.08967294422962818
CMP044,Thales S.A.,HO.PA,^FCHI,EUR,Euronext Paris,PRIMARY_DIRECT,Defence Contractor,False,2025-10-17,241.05259704589844,8174.2001953125,-0.03309698994526644,-0.0017572804001757536,-0.03133970954509069,1.160296218441005,0.2395350133821459,0.6346510716152335,2026-02-28,807,ok,0.0009632997775444204,0.5466694848547928,0.07298295624966644,2.6482064349169637e-06,-0.03309963815170136,0.05657330607792682
CMP044,Thales S.A.,HO.PA,^FCHI,EUR,Euronext Paris,PRIMARY_DIRECT,Defence Contractor,False,2025-10-20,249.99139404296875,8206.0703125,0.037082350933428376,0.0038988667302002344,0.03318348420322814,1.2404050809333929,0.2443677952067398,0.6678345558184616,2026-02-28,807,ok,0.0009632997775444204,0.5466694848547928,0.07298295624966644,0.003094691244460473,0.0339876596889679,0.09056096576689472
CMP044,Thales S.A.,HO.PA,^FCHI,EUR,Euronext Paris,PRIMARY_DIRECT,Defence Contractor,False,2025-10-21,251.1701202392578,8258.8603515625,0.004715067095815595,0.006433047372514711,-0.001717980276699116,1.2509687412117998,0.25237287218213633,0.6661165755417625,2026-02-28,807,ok,0.0009632997775444204,0.5466694848547928,0.07298295624966644,0.004480050470723516,0.000235016625092079,0.0907959823919868
CMP044,Thales S.A.,HO.PA,^FCHI,EUR,Euronext Paris,PRIMARY_DIRECT,Defence Contractor,False,2025-10-22,254.60813903808597,8206.8701171875,0.013688008731107093,-0.006295085782043075,0.019983094513150168,1.281780020994956,0.24448907752064608,0.6860996700549127,2026-02-28,807,ok,0.0009632997775444204,0.5466694848547928,0.07298295624966644,-0.002478031524041798,0.01616604025514889,0.1069620226471357
CMP044,Thales S.A.,HO.PA,^FCHI,EUR,Euronext Paris,PRIMARY_DIRECT,Defence Contractor,False,2025-10-23,256.0815734863281,8225.7802734375,0.005787067349098951,0.00230418612454919,0.003482881224549761,1.294984835652282,0.24735661198522219,0.6895825512794624,2026-02-28,807,ok,0.0009632997775444204,0.5466694848547928,0.07298295624966644,0.0022229280192612878,0.0035641393298376633,0.11052616197697336
CMP044,Thales S.A.,HO.PA,^FCHI,EUR,Euronext Paris,PRIMARY_DIRECT,Defence Contractor,False,2025-10-24,248.91087341308597,8225.6298828125,-0.028001624543380066,-1.8282840046901505e-05,-0.027983341703333164,1.230721531951596,0.2473338067638038,0.6615992095761293,2026-02-28,807,ok,0.0009632997775444204,0.5466694848547928,0.07298295624966644,0.0009533051067942981,-0.028954929650174363,0.081571232326799
CMP044,Thales S.A.,HO.PA,^FCHI,EUR,Euronext Paris,PRIMARY_DIRECT,Defence Contractor,False,2025-10-27,247.1427764892578,8239.1796875,-0.007103333412413315,0.0016472665170375045,-0.00875059992945082,1.2148759731598946,0.24938849797925466,0.6528486096466785,2026-02-28,807,ok,0.0009632997775444204,0.5466694848547928,0.07298295624966644,0.001863810115831862,-0.008967143528245177,0.07260408879855382
CMP044,Thales S.A.,HO.PA,^FCHI,EUR,Euronext Paris,PRIMARY_DIRECT,Defence Contractor,False,2025-10-28,248.2232818603516,8216.580078125,0.0043719884774409135,-0.0027429441075653704,0.007114932585006284,1.2245593853935102,0.24596149516066257,0.6599635422316847,2026-02-28,807,ok,0.0009632997775444204,0.5466694848547928,0.07298295624966644,-0.0005361840647238302,0.004908172542164743,0.07751226134071856
CMP044,Thales S.A.,HO.PA,^FCHI,EUR,Euronext Paris,PRIMARY_DIRECT,Defence Contractor,False,2025-10-29,242.2313537597656,8200.8798828125,-0.024139267097262107,-0.001910794413639172,-0.022228472683622935,1.1708601522157749,0.2435807188961001,0.6377350695480618,2026-02-28,807,ok,0.0009632997775444204,0.5466694848547928,0.07298295624966644,-8.127322022312173e-05,-0.024057993877038986,0.05345426746367958
CMP044,Thales S.A.,HO.PA,^FCHI,EUR,Euronext Paris,PRIMARY_DIRECT,Defence Contractor,False,2025-10-30,241.44552612304688,8157.2900390625,-0.003244120236796766,-0.00531526426101625,0.0020711440242194845,1.163817620864716,0.23697075874526274,0.6398062135722813,2026-02-28,807,ok,0.0009632997775444204,0.5466694848547928,0.07298295624966644,-0.0019423929978924243,-0.0013017272389043415,0.05215254022477524
CMP044,Thales S.A.,HO.PA,^FCHI,EUR,Euronext Paris,PRIMARY_DIRECT,Defence Contractor,False,2025-10-31,242.52603149414065,8121.06982421875,0.00447515175966906,-0.004440226431854599,0.00891537819152366,1.1735010330983315,0.23147832848685068,0.648721591763805,2026-02-28,807,ok,0.0009632997775444204,0.5466694848547928,0.07298295624966644,-0.0014640365185961683,0.005939188278265228,0.058091728503040466
CMP044,Thales S.A.,HO.PA,^FCHI,EUR,Euronext Paris,PRIMARY_DIRECT,Defence Contractor,False,2025-11-03,245.07997131347656,8109.7900390625,0.010530580175669213,-0.0013889531059825266,0.01191953328165174,1.1963892599892736,0.2297678628375488,0.6606411250454567,2026-02-28,807,ok,0.0009632997775444204,0.5466694848547928,0.07298295624966644,0.0002040014986094881,0.010326578677059725,0.0684183071801002
CMP044,Thales S.A.,HO.PA,^FCHI,EUR,Euronext Paris,PRIMARY_DIRECT,Defence Contractor,False,2025-11-04,242.624267578125,8067.52978515625,-0.010020009885714054,-0.005211017018035613,-0.004808992867678441,1.174381417891305,0.2233595215760691,0.6558321321777782,2026-02-28,807,ok,0.0009632997775444204,0.5466694848547928,0.07298295624966644,-0.0018854042112746668,-0.008134605674439388,0.06028370150566081
CMP044,Thales S.A.,HO.PA,^FCHI,EUR,Euronext Paris,PRIMARY_DIRECT,Defence Contractor,False,2025-11-05,235.8465118408203,8074.22998046875,-0.027935192983621238,0.000830513861235227,-0.028765706844856465,1.1136396533625113,0.224375538616012,0.6270664253329218,2026-02-28,807,ok,0.0009632997775444204,0.5466694848547928,0.07298295624966644,0.0014173163622306468,-0.029352509345851884,0.030931192159808923
CMP044,Thales S.A.,HO.PA,^FCHI,EUR,Euronext Paris,PRIMARY_DIRECT,Defence Contractor,False,2025-11-06,234.27484130859372,7964.77001953125,-0.006663954959348128,-0.01355670586573321,0.006892750906385081,1.0995544539122113,0.20777703956979598,0.6339591762393069,2026-02-28,807,ok,0.0009632997775444204,0.5466694848547928,0.07298295624966644,-0.006447737634403902,-0.00021621732494422636,0.030714974834864697
CMP044,Thales S.A.,HO.PA,^FCHI,EUR,Euronext Paris,PRIMARY_DIRECT,Defence Contractor,False,2025-11-07,236.7305603027344,7950.18017578125,0.010482213883589608,-0.0018317972413796069,0.012314011124969215,1.1215624327583624,0.2055646369205104,0.6462731873642761,2026-02-28,807,ok,0.0009632997775444204,0.5466694848547928,0.07298295624966644,-3.8087876758999945e-05,0.010520301760348608,0.041235276595213304
CMP044,Thales S.A.,HO.PA,^FCHI,EUR,Euronext Paris,PRIMARY_DIRECT,Defence Contractor,False,2025-11-10,237.02523803710935,8055.509765625,0.0012447811300666523,0.013248704748178852,-0.0120039236181122,1.1242033136409182,0.22153680684991572,0.6342692637461639,2026-02-28,807,ok,0.0009632997775444204,0.5466694848547928,0.07298295624966644,0.008205962377224601,-0.006961181247157949,0.03427409534805535
CMP044,Thales S.A.,HO.PA,^FCHI,EUR,Euronext Paris,PRIMARY_DIRECT,Defence Contractor,False,2025-11-11,236.337646484375,8156.22998046875,-0.002900921262345424,0.012503270155980628,-0.015404191418326052,1.1180411670828327,0.23681001155143422,0.6188650723278378,2026-02-28,807,ok,0.0009632997775444204,0.5466694848547928,0.07298295624966644,0.007798456032714655,-0.01069937729506008,0.023574718052995273
CMP044,Thales S.A.,HO.PA,^FCHI,EUR,Euronext Paris,PRIMARY_DIRECT,Defence Contractor,False,2025-11-12,236.7305603027344,8241.240234375,0.0016625104980276806,0.010422738705237578,-0.008760228207209897,1.1215624327583629,0.24970095912985668,0.6101048441206279,2026-02-28,807,ok,0.0009632997775444204,0.5466694848547928,0.07298295624966644,0.006661092976312758,-0.004998582478285077,0.018576135574710197
CMP044,Thales S.A.,HO.PA,^FCHI,EUR,Euronext Paris,PRIMARY_DIRECT,Defence Contractor,False,2025-11-13,239.3827209472656,8232.490234375,0.011203287996021993,-0.0010617333982697597,0.012265021394291753,1.1453309076940958,0.24837410988369868,0.6223698655149197,2026-02-28,807,ok,0.0009632997775444204,0.5466694848547928,0.07298295624966644,0.0003828825276591623,0.010820405468362831,0.02939654104307303
CMP044,Thales S.A.,HO.PA,^FCHI,EUR,Euronext Paris,PRIMARY_DIRECT,Defence Contractor,False,2025-11-14,235.1588897705078,8170.08984375,-0.01764467861357577,-0.00757977098648055,-0.010064907627095221,1.107477233308063,0.2389117200253288,0.6123049578878245,2026-02-28,807,ok,0.0009632997775444204,0.5466694848547928,0.07298295624966644,-0.0031803297229522067,-0.014464348890623563,0.014932192152449467
CMP044,Thales S.A.,HO.PA,^FCHI,EUR,Euronext Paris,PRIMARY_DIRECT,Defence Contractor,False,2025-11-17,238.4004364013672,8119.02001953125,0.013784495385323448,-0.006250827738181863,0.02003532312350531,1.136527743505272,0.23116749628063582,0.6323402810113298,2026-02-28,807,ok,0.0009632997775444204,0.5466694848547928,0.07298295624966644,-0.002453837002003509,0.016238332387326956,0.031170524539776423
CMP044,Thales S.A.,HO.PA,^FCHI,EUR,Euronext Paris,PRIMARY_DIRECT,Defence Contractor,False,2025-11-18,234.56951904296875,7967.93017578125,-0.016069254806013733,-0.018609369528161723,0.0025401147221479903,1.1021953347947684,0.20825624539128773,0.6348803957334778,2026-02-28,807,ok,0.0009632997775444204,0.5466694848547928,0.07298295624966644,-0.009209874675888229,-0.006859380130125504,0.024311144409650917
CMP044,Thales S.A.,HO.PA,^FCHI,EUR,Euronext Paris,PRIMARY_DIRECT,Defence Contractor,False,2025-11-19,228.77403259277344,7953.77001953125,-0.024706903411153336,-0.0017771436166748034,-0.022929759794478533,1.0502565977066167,0.20610900051748304,0.6119506359389992,2026-02-28,807,ok,0.0009632997775444204,0.5466694848547928,0.07298295624966644,-8.210407896177803e-06,-0.02469869300325716,-0.000387548593606242
CMP044,Thales S.A.,HO.PA,^FCHI,EUR,Euronext Paris,PRIMARY_DIRECT,Defence Contractor,False,2025-11-20,231.6226806640625,7981.06982421875,0.012451798130252767,0.003432310039196862,0.009019488091055905,1.0757859789764783,0.21024874054832488,0.6209701240300551,2026-02-28,807,ok,0.0009632997775444204,0.5466694848547928,0.07298295624966644,0.0028396389385341027,0.009612159191718664,0.009224610598112422
CMP044,Thales S.A.,HO.PA,^FCHI,EUR,Euronext Paris,PRIMARY_DIRECT,Defence Contractor,False,2025-11-21,222.8803253173828,7982.64990234375,-0.037743952024108074,0.00019797823597600406,-0.03794193026008408,0.9974376125736739,0.21048834345907075,0.5830281937699711,2026-02-28,807,ok,0.0009632997775444204,0.5466694848547928,0.07298295624966644,0.001071528437817883,-0.038815480461925955,-0.029590869863813533
CMP044,Thales S.A.,HO.PA,^FCHI,EUR,Euronext Paris,PRIMARY_DIRECT,Defence Contractor,False,2025-11-24,219.5405731201172,7959.669921875,-0.014984508805386043,-0.0028787408629812328,-0.01210576794240481,0.9675069910798544,0.20700366120059277,0.5709224258275662,2026-02-28,807,ok,0.0009632997775444204,0.5466694848547928,0.07298295624966644,-0.0006104200070519719,-0.014374088798334071,-0.043964958662147606
CMP044,Thales S.A.,HO.PA,^FCHI,EUR,Euronext Paris,PRIMARY_DIRECT,Defence Contractor,False,2025-11-25,222.2909698486328,8025.7998046875,0.01252796551191837,0.008308118736275683,0.004219846775642688,0.9921558508085611,0.21703159093296676,0.5751422726032089,2026-02-28,807,ok,0.0009632997775444204,0.5466694848547928,0.07298295624966644,0.0055050947672167,0.007022870744701671,-0.03694208791744594
CMP044,Thales S.A.,HO.PA,^FCHI,EUR,Euronext Paris,PRIMARY_DIRECT,Defence Contractor,False,2025-11-26,221.60337829589844,8096.43017578125,-0.0030932050600281924,0.008800415262351535,-0.011893620322379728,0.9859937042504752,0.2277419743205773,0.5632486522808292,2026-02-28,807,ok,0.0009632997775444204,0.5466694848547928,0.07298295624966644,0.005774218255522391,-0.008867423315550583,-0.04580951123299652
CMP044,Thales S.A.,HO.PA,^FCHI,EUR,Euronext Paris,PRIMARY_DIRECT,Defence Contractor,False,2025-11-27,222.4874267578125,8099.47021484375,0.003989327548669541,0.00037547894522615977,0.0036138486034433814,0.9939164836463259,0.22820296558210518,0.5668625008842726,2026-02-28,807,ok,0.0009632997775444204,0.5466694848547928,0.07298295624966644,0.0011685626591050261,0.002820764889564515,-0.042988746343432006
CMP044,Thales S.A.,HO.PA,^FCHI,EUR,Euronext Paris,PRIMARY_DIRECT,Defence Contractor,False,2025-11-28,221.4069061279297,8122.7099609375,-0.004856546932240802,0.002869292123719225,-0.0077258390559600265,0.9842329346645289,0.2317270386775785,0.5591366618283126,2026-02-28,807,ok,0.0009632997775444204,0.5466694848547928,0.07298295624966644,0.0025318542247159234,-0.007388401156956725,-0.05037714750038873
CMP044,Thales S.A.,HO.PA,^FCHI,EUR,Euronext Paris,PRIMARY_DIRECT,Defence Contractor,False,2025-12-01,215.61143493652344,8097.0,-0.026175656815590087,-0.0031651949978689364,-0.02301046181772115,0.9322943343245589,0.22782838241601633,0.5361262000105914,2026-02-28,807,ok,0.0009632997775444204,0.5466694848547928,0.07298295624966644,-0.0007670157414055582,-0.02540864107418453,-0.07578578857457326
CMP044,Thales S.A.,HO.PA,^FCHI,EUR,Euronext Paris,PRIMARY_DIRECT,Defence Contractor,False,2025-12-02,218.4231109619141,8074.60986328125,0.013040477311504484,-0.002765238572156381,0.015805715883660865,0.9574923747504669,0.2244331440129712,0.5519319158942523,2026-02-28,807,ok,0.0009632997775444204,0.5466694848547928,0.07298295624966644,-0.0005483717681969113,0.013588849079701395,-0.06219693949487186
CMP044,Thales S.A.,HO.PA,^FCHI,EUR,Euronext Paris,PRIMARY_DIRECT,Defence Contractor,False,2025-12-03,221.4814300537109,8087.419921875,0.014001810881313137,0.001586461613706236,0.012415349267606901,0.9849008127833354,0.2263756601944975,0.5643472651618592,2026-02-28,807,ok,0.0009632997775444204,0.5466694848547928,0.07298295624966644,0.0018305699306511117,0.012171240950662025,-0.05002569854420984
CMP044,Thales S.A.,HO.PA,^FCHI,EUR,Euronext Paris,PRIMARY_DIRECT,Defence Contractor,False,2025-12-04,221.67874145507807,8122.02978515625,0.0008908710825974442,0.004279469053861895,-0.003388597971264451,0.9866691035192683,0.2316238968807094,0.5609586671905947,2026-02-28,807,ok,0.0009632997775444204,0.5466694848547928,0.07298295624966644,0.0033027549206711302,-0.002411883838073686,-0.05243758238228352
CMP044,Thales S.A.,HO.PA,^FCHI,EUR,Euronext Paris,PRIMARY_DIRECT,Defence Contractor,False,2025-12-05,221.1854705810547,8114.740234375,-0.0022251609278616247,-0.0008975035765779182,-0.0013276573512837064,0.9822484450535274,0.23051851002826007,0.559631009839311,2026-02-28,807,ok,0.0009632997775444204,0.5466694848547928,0.07298295624966644,0.0004726619596812357,-0.0026978228875428603,-0.05513540526982638
CMP044,Thales S.A.,HO.PA,^FCHI,EUR,Euronext Paris,PRIMARY_DIRECT,Defence Contractor,False,2025-12-08,223.94781494140625,8108.43017578125,0.012488814717779073,-0.000777604508770291,0.013266419226549364,1.0070043786084066,0.22956165328673683,0.5728974290658604,2026-02-28,807,ok,0.0009632997775444204,0.5466694848547928,0.07298295624966644,0.0005382071213142012,0.011950607596464873,-0.04318479767336151
CMP044,Thales S.A.,HO.PA,^FCHI,EUR,Euronext Paris,PRIMARY_DIRECT,Defence Contractor,False,2025-12-09,229.7684783935547,8052.509765625,0.02599115983190714,-0.006896576642329122,0.03288773647423626,1.059168750196155,0.22108188710837595,0.6057851655400966,2026-02-28,807,ok,0.0009632997775444204,0.5466694848547928,0.07298295624966644,-0.0028068482227792376,0.028798008054686377,-0.014386789618675132
CMP044,Thales S.A.,HO.PA,^FCHI,EUR,Euronext Paris,PRIMARY_DIRECT,Defence Contractor,False,2025-12-10,224.9343719482422,8022.68994140625,-0.021039032329893792,-0.0037031714442677943,-0.017335860885625998,1.015845832288071,0.2165600115329236,0.5884493046544707,2026-02-28,807,ok,0.0009632997775444204,0.5466694848547928,0.07298295624966644,-0.0010611110482224339,-0.01997792128167136,-0.03436471090034649
CMP044,Thales S.A.,HO.PA,^FCHI,EUR,Euronext Paris,PRIMARY_DIRECT,Defence Contractor,False,2025-12-11,225.32899475097656,8085.759765625,0.0017543908443888867,0.00786143110096238,-0.006107040256573493,1.0193824137599368,0.22612391424377565,0.5823422643978972,2026-02-28,807,ok,0.0009632997775444204,0.5466694848547928,0.07298295624966644,0.005260904267728971,-0.0035065134233400845,-0.03787122432368657
CMP044,Thales S.A.,HO.PA,^FCHI,EUR,Euronext Paris,PRIMARY_DIRECT,Defence Contractor,False,2025-12-12,227.99269104003903,8068.6201171875,0.011821364986810856,-0.0021197325834939607,0.013941097570304817,1.04325427032094,0.22352485943135192,0.596283361968202,2026-02-28,807,ok,0.0009632997775444204,0.5466694848547928,0.07298295624966644,-0.00019549334190414218,0.012016858328714998,-0.025854365994971575
CMP044,Thales S.A.,HO.PA,^FCHI,EUR,Euronext Paris,PRIMARY_DIRECT,Defence Contractor,False,2025-12-15,228.19000244140625,8124.8798828125,0.0008654286260982857,0.006972662587640954,-0.0061072339615426685,1.0450225610568733,0.23205608544375766,0.5901761280066593,2026-02-28,807,ok,0.0009632997775444204,0.5466694848547928,0.07298295624966644,0.004775041642396388,-0.003909613016298102,-0.029763979011269676
CMP044,Thales S.A.,HO.PA,^FCHI,EUR,Euronext Paris,PRIMARY_DIRECT,Defence Contractor,False,2025-12-16,224.44110107421875,8106.16015625,-0.01642885896436297,-0.0023040004076982923,-0.014124858556664677,1.0114251738223294,0.22921742772058806,0.5760512694499946,2026-02-28,807,ok,0.0009632997775444204,0.5466694848547928,0.07298295624966644,-0.00029622693843723766,-0.01613263202592573,-0.0458966110371954
CMP044,Thales S.A.,HO.PA,^FCHI,EUR,Euronext Paris,PRIMARY_DIRECT,Defence Contractor,False,2025-12-17,224.44110107421875,8086.0498046875,0.0,-0.0024808727159176813,0.0024808727159176813,1.0114251738223294,0.2261678957422255,0.5785321421659123,2026-02-28,807,ok,0.0009632997775444204,0.5466694848547928,0.07298295624966644,-0.0003929176320566092,0.0003929176320566092,-0.045503693405138795
CMP044,Thales S.A.,HO.PA,^FCHI,EUR,Euronext Paris,PRIMARY_DIRECT,Defence Contractor,False,2025-12-18,228.09133911132807,8150.64013671875,0.016263679066082615,0.007987872149118669,0.008275806916963946,1.0441383473148154,0.23596236812676818,0.5868079490828763,2026-02-28,807,ok,0.0009632997775444204,0.5466694848547928,0.07298295624966644,0.00533002573038907,0.010933653335693544,-0.03457004006944525
CMP044,Thales S.A.,HO.PA,^FCHI,EUR,Euronext Paris,PRIMARY_DIRECT,Defence Contractor,False,2025-12-19,226.71017456054688,8151.3798828125,-0.006055313437863918,9.075926324086936e-05,-0.006146072701104788,1.031760448911467,0.23607454316069276,0.5806618763817715,2026-02-28,807,ok,0.0009632997775444204,0.5466694848547928,0.07298295624966644,0.001012915097226107,-0.007068228535090025,-0.041638268604535275
CMP044,Thales S.A.,HO.PA,^FCHI,EUR,Euronext Paris,PRIMARY_DIRECT,Defence Contractor,False,2025-12-22,227.4007568359375,8121.06982421875,0.0030461018202170287,-0.0037183960298132757,0.006764497850030304,1.037949398113141,0.23147832848685068,0.5874263742318018,2026-02-28,807,ok,0.0009632997775444204,0.5466694848547928,0.07298295624966644,-0.0010694338645597101,0.004115535684776739,-0.037522732919758536
CMP044,Thales S.A.,HO.PA,^FCHI,EUR,Euronext Paris,PRIMARY_DIRECT,Defence Contractor,False,2025-12-23,225.92092895507807,8103.85009765625,-0.006507576762055711,-0.002120376617271158,-0.004387200144784553,1.0246872859677345,0.22886713063445097,0.5830391740870172,2026-02-28,807,ok,0.0009632997775444204,0.5466694848547928,0.07298295624966644,-0.0001958454155173518,-0.00631173134653836,-0.0438344642662969
CMP044,Thales S.A.,HO.PA,^FCHI,EUR,Euronext Paris,PRIMARY_DIRECT,Defence Contractor,False,2025-12-24,225.52630615234372,8103.580078125,-0.001746729727783669,-3.331990695731868e-05,-0.0017134098208263504,1.0211507044958692,0.22882618489599538,0.5813257642661909,2026-02-28,807,ok,0.0009632997775444204,0.5466694848547928,0.07298295624966644,0.0009450848011726533,-0.002691814528956322,-0.04652627879525322
CMP044,Thales S.A.,HO.PA,^FCHI,EUR,Euronext Paris,PRIMARY_DIRECT,Defence Contractor,False,2025-12-29,224.0464782714844,8112.02001953125,-0.00656166416284798,0.0010415077440937281,-0.007603171906941708,1.0078885923504637,0.23010601688370969,0.5737225923592492,2026-02-28,807,ok,0.0009632997775444204,0.5466694848547928,0.07298295624966644,0.0015326602794804162,-0.008094324442328396,-0.05462060323758162
CMP044,Thales S.A.,HO.PA,^FCHI,EUR,Euronext Paris,PRIMARY_DIRECT,Defence Contractor,False,2025-12-30,226.61151123046875,8168.14990234375,0.011448664485929516,0.006919347175839974,0.004529317310089542,1.0308762351694094,0.23861754747761776,0.5782519096693387,2026-02-28,807,ok,0.0009632997775444204,0.5466694848547928,0.07298295624966644,0.004745895733692325,0.006702768752237191,-0.047917834485344424
CMP044,Thales S.A.,HO.PA,^FCHI,EUR,Euronext Paris,PRIMARY_DIRECT,Defence Contractor,False,2025-12-31,226.71017456054688,8149.5,0.0004353853409404529,-0.0022832468266037464,0.0027186321675441993,1.0317604489114665,0.23578947789296367,0.5809705418368829,2026-02-28,807,ok,0.0009632997775444204,0.5466694848547928,0.07298295624966644,-0.0002848815889513902,0.0007202669298918431,-0.04719756755545258
CMP044,Thales S.A.,HO.PA,^FCHI,EUR,Euronext Paris,PRIMARY_DIRECT,Defence Contractor,False,2026-01-02,231.8402557373047,8195.2099609375,0.022628367635911806,0.005608928270139257,0.01701943936577255,1.0777358712975404,0.2427209324314581,0.5979899812026555,2026-02-28,807,ok,0.0009632997775444204,0.5466694848547928,0.07298295624966644,0.004029529705568933,0.018598837930342872,-0.02859872962510971
CMP044,Thales S.A.,HO.PA,^FCHI,EUR,Euronext Paris,PRIMARY_DIRECT,Defence Contractor,False,2026-01-05,242.791015625,8211.5,0.04723407439691352,0.0019877512766781624,0.045246323120235354,1.1758758020195446,0.2451911525514534,0.6432363043228908,2026-02-28,807,ok,0.0009632997775444204,0.5466694848547928,0.07298295624966644,0.002049942743985528,0.04518413165292799,0.01658540202781828
CMP044,Thales S.A.,HO.PA,^FCHI,EUR,Euronext Paris,PRIMARY_DIRECT,Defence Contractor,False,2026-01-06,244.5668029785156,8237.4296875,0.007314057107691285,0.0031577284905315306,0.004156328617159755,1.1917902818947592,0.24912312813002302,0.6473926329400506,2026-02-28,807,ok,0.0009632997775444204,0.5466694848547928,0.07298295624966644,0.0026895335847745947,0.004624523522916691,0.021209925550734973
CMP044,Thales S.A.,HO.PA,^FCHI,EUR,Euronext Paris,PRIMARY_DIRECT,Defence Contractor,False,2026-01-07,264.88983154296875,8233.919921875,0.08309806693690347,-0.0004260753363790615,0.08352414227328253,1.3739238174513044,0.24859090757302615,0.7309167752133331,2026-02-28,807,ok,0.0009632997775444204,0.5466694848547928,0.07298295624966644,0.0007303773928967463,0.08236768954400672,0.1035776150947417
CMP044,Thales S.A.,HO.PA,^FCHI,EUR,Euronext Paris,PRIMARY_DIRECT,Defence Contractor,False,2026-01-08,262.2261047363281,8243.4697265625,-0.01005597984310902,0.0011598126746568127,-0.011215792517765832,1.3500516873939379,0.25003903913309067,0.7197009826955673,2026-02-28,807,ok,0.0009632997775444204,0.5466694848547928,0.07298295624966644,0.0015973339749271198,-0.011653313818036139,0.09192430127670556
CMP044,Thales S.A.,HO.PA,^FCHI,EUR,Euronext Paris,PRIMARY_DIRECT,Defence Contractor,False,2026-01-09,262.4234313964844,8362.08984375,0.0007525057825752413,0.014389586075057359,-0.013637080292482118,1.3518201148780524,0.2680265834838782,0.7060639024030851,2026-02-28,807,ok,0.0009632997775444204,0.5466694848547928,0.07298295624966644,0.008829647384469726,-0.008077141601894485,0.08384715967481107
CMP044,Thales S.A.,HO.PA,^FCHI,EUR,Euronext Paris,PRIMARY_DIRECT,Defence Contractor,False,2026-01-12,266.5669860839844,8358.759765625,0.01578957589819674,-0.0003982351526022887,0.016187811050799028,1.3889543570808254,0.2675216107239007,0.7222517134538842,2026-02-28,807,ok,0.0009632997775444204,0.5466694848547928,0.07298295624966644,0.0007455967718202574,0.015043979126376481,0.09889113880118755
CMP044,Thales S.A.,HO.PA,^FCHI,EUR,Euronext Paris,PRIMARY_DIRECT,Defence Contractor,False,2026-01-13,260.64764404296875,8347.2001953125,-0.02220583324279579,-0.001382928883784662,-0.02082290435901113,1.3359056350028382,0.2657687184776094,0.701428809094873,2026-02-28,807,ok,0.0009632997775444204,0.5466694848547928,0.07298295624966644,0.0002072947570550455,-0.022413127999850836,0.07647801080133672
CMP044,Thales S.A.,HO.PA,^FCHI,EUR,Euronext Paris,PRIMARY_DIRECT,Defence Contractor,False,2026-01-14,259.5624389648437,8330.9697265625,-0.004163494675387014,-0.0019444206884021709,-0.002219073986984843,1.3261801043292976,0.26330753159466935,0.6992097351078882,2026-02-28,807,ok,0.0009632997775444204,0.5466694848547928,0.07298295624966644,-9.965567852539606e-05,-0.004063838996861618,0.0724141718044751
CMP044,Thales S.A.,HO.PA,^FCHI,EUR,Euronext Paris,PRIMARY_DIRECT,Defence Contractor,False,2026-01-15,251.6699981689453,8313.1201171875,-0.03040671380410076,-0.002142560825552864,-0.028264152978547896,1.2554486116401633,0.2606008183668487,0.6709455821293403,2026-02-28,807,ok,0.0009632997775444204,0.5466694848547928,0.07298295624966644,-0.0002079728452306233,-0.030198740958870138,0.04221543084560496
CMP044,Thales S.A.,HO.PA,^FCHI,EUR,Euronext Paris,PRIMARY_DIRECT,Defence Contractor,False,2026-01-16,258.0826110839844,8258.9404296875,0.025480243818074344,-0.006517370943309508,0.03199761476138385,1.312917992183892,0.2523850152221123,0.7029431968907242,2026-02-28,807,ok,0.0009632997775444204,0.5466694848547928,0.07298295624966644,-0.0025995480386421838,0.028079791856716527,0.07029522270232148
CMP044,Thales S.A.,HO.PA,^FCHI,EUR,Euronext Paris,PRIMARY_DIRECT,Defence Contractor,False,2026-01-19,260.8449401855469,8112.02001953125,0.01070327477686428,-0.017789256552587673,0.028492531329451953,1.3376737889905894,0.23010601688370969,0.7314357282201761,2026-02-28,807,ok,0.0009632997775444204,0.5466694848547928,0.07298295624966644,-0.008761543938008431,0.01946481871487271,0.0897600414171942
CMP044,Thales S.A.,HO.PA,^FCHI,EUR,Euronext Paris,PRIMARY_DIRECT,Defence Contractor,False,2026-01-20,260.74627685546875,8062.580078125,-0.00037824513677719995,-0.006094652292180425,0.005716407155403225,1.3367895752485324,0.2226089484282845,0.7371521353755793,2026-02-28,807,ok,0.0009632997775444204,0.5466694848547928,0.07298295624966644,-0.002368460651390935,0.001990215514613735,0.09175025693180792
CMP044,Thales S.A.,HO.PA,^FCHI,EUR,Euronext Paris,PRIMARY_DIRECT,Defence Contractor,False,2026-01-21,258.1812744140625,8069.169921875,-0.009837158452805195,0.0008173368433113115,-0.010654495296116506,1.313802205925949,0.22360823176679712,0.7264976400794628,2026-02-28,807,ok,0.0009632997775444204,0.5466694848547928,0.07298295624966644,0.0014101128886302575,-0.011247271341435452,0.08050298559037247
CMP044,Thales S.A.,HO.PA,^FCHI,EUR,Euronext Paris,PRIMARY_DIRECT,Defence Contractor,False,2026-01-22,248.0197296142578,8148.89013671875,-0.039358178949523426,0.009879605413641634,-0.04923778436316506,1.2227351646513136,0.23569699827753676,0.6772598557162978,2026-02-28,807,ok,0.0009632997775444204,0.5466694848547928,0.07298295624966644,0.006364178579588515,-0.04572235752911194,0.03478062806126053
CMP044,Thales S.A.,HO.PA,^FCHI,EUR,Euronext Paris,PRIMARY_DIRECT,Defence Contractor,False,2026-01-23,255.02427673339844,8143.0498046875,0.028241894828426428,-0.0007167027574630502,0.02895859758588948,1.285509417402841,0.2348113708314825,0.7062184533021872,2026-02-28,807,ok,0.0009632997775444204,0.5466694848547928,0.07298295624966644,0.0005715002503280852,0.027670394578098344,0.06245102263935888
CMP044,Thales S.A.,HO.PA,^FCHI,EUR,Euronext Paris,PRIMARY_DIRECT,Defence Contractor,False,2026-01-26,253.05116271972656,8131.14990234375,-0.0077369654330382565,-0.001461356939865488,-0.0062756084931727685,1.2678265100435118,0.23300687066529302,0.6999428448090145,2026-02-28,807,ok,0.0009632997775444204,0.5466694848547928,0.07298295624966644,0.00016442053203917755,-0.007901385965077433,0.05454963667428145
CMP044,Thales S.A.,HO.PA,^FCHI,EUR,Euronext Paris,PRIMARY_DIRECT,Defence Contractor,False,2026-01-27,257.3919982910156,8152.81982421875,0.017153983900468628,0.0026650501018008477,0.01448893379866778,1.3067287694858543,0.2362928957514807,0.7144317786076823,2026-02-28,807,ok,0.0009632997775444204,0.5466694848547928,0.07298295624966644,0.002420201343808103,0.014733782556660524,0.06928341923094197
CMP044,Thales S.A.,HO.PA,^FCHI,EUR,Euronext Paris,PRIMARY_DIRECT,Defence Contractor,False,2026-01-28,256.99737548828125,8066.68017578125,-0.001533158782536015,-0.010565626408376327,0.009032467625840312,1.3031921880139885,0.2232306868836409,0.7234642462335226,2026-02-28,807,ok,0.0009632997775444204,0.5466694848547928,0.07298295624966644,-0.004812605768290862,0.0032794469857548468,0.07256286621669682
CMP044,Thales S.A.,HO.PA,^FCHI,EUR,Euronext Paris,PRIMARY_DIRECT,Defence Contractor,False,2026-01-29,252.459228515625,8071.35986328125,-0.01765833975554809,0.0005801255780599757,-0.018238465333608067,1.2625216378357131,0.2239403142929699,0.7052257808999145,2026-02-28,807,ok,0.0009632997775444204,0.5466694848547928,0.07298295624966644,0.0012804367284535562,-0.01893877648400165,0.05362408973269517
CMP044,Thales S.A.,HO.PA,^FCHI,EUR,Euronext Paris,PRIMARY_DIRECT,Defence Contractor,False,2026-01-30,252.55789184570312,8126.52978515625,0.0003908089660982217,0.006835269745062655,-0.006444460778964434,1.2634058515777706,0.23230627649301905,0.6987813201209501,2026-02-28,807,ok,0.0009632997775444204,0.5466694848547928,0.07298295624966644,0.004699933167921374,-0.004309124201823152,0.049314965530872015
CMP044,Thales S.A.,HO.PA,^FCHI,EUR,Euronext Paris,PRIMARY_DIRECT,Defence Contractor,False,2026-02-02,253.54444885253903,8181.169921875,0.003906260856178845,0.0067236739621079344,-0.0028174131059290897,1.272247305257435,0.24059190211761727,0.695963907015021,2026-02-28,807,ok,0.0009632997775444204,0.5466694848547928,0.07298295624966644,0.004638927158741549,-0.0007326663025627039,0.04858229922830931
CMP044,Thales S.A.,HO.PA,^FCHI,EUR,Euronext Paris,PRIMARY_DIRECT,Defence Contractor,False,2026-02-03,255.2216033935547,8179.5,0.006614834395333613,-0.00020411773510964348,0.0068189521304432565,1.287277844886956,0.24033867530836162,0.7027828591454642,2026-02-28,807,ok,0.0009632997775444204,0.5466694848547928,0.07298295624966644,0.0008517148404423046,0.005763119554891309,0.05434541878320062
CMP044,Thales S.A.,HO.PA,^FCHI,EUR,Euronext Paris,PRIMARY_DIRECT,Defence Contractor,False,2026-02-04,249.69688415527344,8262.16015625,-0.021646753898658333,0.010105771287975962,-0.031752525186634295,1.2377657042808345,0.2528732542806591,0.6710303339588299,2026-02-28,807,ok,0.0009632997775444204,0.5466694848547928,0.07298295624966644,0.006487816561602596,-0.028134570460260928,0.026210848322939694
CMP044,Thales S.A.,HO.PA,^FCHI,EUR,Euronext Paris,PRIMARY_DIRECT,Defence Contractor,False,2026-02-05,245.3560485839844,8238.169921875,-0.017384420258082622,-0.002903627371208972,-0.01448079288687365,1.1988634448384925,0.24923537720687405,0.6565495410719563,2026-02-28,807,ok,0.0009632997775444204,0.5466694848547928,0.07298295624966644,-0.0006240247016846648,-0.016760395556397956,0.009450452766541738
CMP044,Thales S.A.,HO.PA,^FCHI,EUR,Euronext Paris,PRIMARY_DIRECT,Defence Contractor,False,2026-02-06,243.77755737304688,8273.83984375,-0.006433471765001975,0.004329835656859293,-0.010763307421861268,1.184717118951029,0.25464436108691446,0.645786233650095,2026-02-28,807,ok,0.0009632997775444204,0.5466694848547928,0.07298295624966644,0.0033302888055856037,-0.009763760570587579,-0.00031330780404584084
CMP044,Thales S.A.,HO.PA,^FCHI,EUR,Euronext Paris,PRIMARY_DIRECT,Defence Contractor,False,2026-02-09,253.9390563964844,8323.2802734375,0.04168348855792181,0.00597551205016944,0.03570797650775237,1.27578374998112,0.26214150358526656,0.6814942101578474,2026-02-28,807,ok,0.0009632997775444204,0.5466694848547928,0.07298295624966644,0.004229929871754155,0.037453558686167655,0.03714025088212181
CMP044,Thales S.A.,HO.PA,^FCHI,EUR,Euronext Paris,PRIMARY_DIRECT,Defence Contractor,False,2026-02-10,249.10494995117188,8327.8798828125,-0.019036482666001775,0.0005526197873786387,-0.019589102453380414,1.232460832073036,0.2628389879546196,0.661905107704467,2026-02-28,807,ok,0.0009632997775444204,0.5466694848547928,0.07298295624966644,0.001265400152031266,-0.02030188281803304,0.016838368064088772
CMP044,Thales S.A.,HO.PA,^FCHI,EUR,Euronext Paris,PRIMARY_DIRECT,Defence Contractor,False,2026-02-11,242.59368896484372,8313.240234375,-0.026138625457279963,-0.0017579082123547751,-0.024380717244925187,1.1741073745354313,0.2606190329268123,0.6375243904595418,2026-02-28,807,ok,0.0009632997775444204,0.5466694848547928,0.07298295624966644,2.3050006744256566e-06,-0.02614093045795439,-0.009302562393865618
CMP044,Thales S.A.,HO.PA,^FCHI,EUR,Euronext Paris,PRIMARY_DIRECT,Defence Contractor,False,2026-02-12,243.3829345703125,8340.5595703125,0.003253364128459113,0.003286244011635242,-3.2879883176129e-05,1.1811805374791633,0.2647617346747215,0.6374915105763657,2026-02-28,807,ok,0.0009632997775444204,0.5466694848547928,0.07298295624966644,0.002759789098492206,0.000493575029966907,-0.00880898736389871
CMP044,Thales S.A.,HO.PA,^FCHI,EUR,Euronext Paris,PRIMARY_DIRECT,Defence Contractor,False,2026-02-13,241.90310668945312,8311.740234375,-0.006080245040483101,-0.0034553240336631097,-0.0026249210068199913,1.1679184253337573,0.26039157305604244,0.6348665895695457,2026-02-28,807,ok,0.0009632997775444204,0.5466694848547928,0.07298295624966644,-0.0009256204319445766,-0.005154624608538524,-0.013963611972437236
CMP044,Thales S.A.,HO.PA,^FCHI,EUR,Euronext Paris,PRIMARY_DIRECT,Defence Contractor,False,2026-02-16,248.0197296142578,8316.5,0.025285425261846628,0.0005726557244072339,0.024712769537439394,1.2227351646513145,0.26111334350534765,0.6595793591069851,2026-02-28,807,ok,0.0009632997775444204,0.5466694848547928,0.07298295624966644,0.001276353187405271,0.024009072074441355,0.01004546010200412
CMP044,Thales S.A.,HO.PA,^FCHI,EUR,Euronext Paris,PRIMARY_DIRECT,Defence Contractor,False,2026-02-17,245.5533447265625,8361.4599609375,-0.00994430923512113,0.005406115666145572,-0.015350424901266702,1.2006315988262442,0.26793106810845724,0.6442289342057184,2026-02-28,807,ok,0.0009632997775444204,0.5466694848547928,0.07298295624966644,0.003918658243821645,-0.013862967478942775,-0.003817507376938655
CMP044,Thales S.A.,HO.PA,^FCHI,EUR,Euronext Paris,PRIMARY_DIRECT,Defence Contractor,False,2026-02-18,256.0108337402344,8429.0302734375,0.042587442762455074,0.00808116199989839,0.034506280762556685,1.2943508710825067,0.27817742447454585,0.678735214968275,2026-02-28,807,ok,0.0009632997775444204,0.5466694848547928,0.07298295624966644,0.005381024445057001,0.03720641831739807,0.03338891094045941
CMP044,Thales S.A.,HO.PA,^FCHI,EUR,Euronext Paris,PRIMARY_DIRECT,Defence Contractor,False,2026-02-19,259.7597351074219,8398.7802734375,0.014643526261827633,-0.0035887876800403395,0.018232313941867972,1.3279482583170505,0.27359031708068593,0.696967528910143,2026-02-28,807,ok,0.0009632997775444204,0.5466694848547928,0.07298295624966644,-0.000998580934756459,0.01564210719658409,0.049031018137043504
CMP044,Thales S.A.,HO.PA,^FCHI,EUR,Euronext Paris,PRIMARY_DIRECT,Defence Contractor,False,2026-02-20,260.8449401855469,8515.490234375,0.004177726304179563,0.013896060753799455,-0.009718334449619892,1.3376737889905908,0.29128820550228984,0.6872491944605231,2026-02-28,807,ok,0.0009632997775444204,0.5466694848547928,0.07298295624966644,0.008559852151334873,-0.00438212584715531,0.04464889228988819
CMP044,Thales S.A.,HO.PA,^FCHI,EUR,Euronext Paris,PRIMARY_DIRECT,Defence Contractor,False,2026-02-23,250.0915069580078,8497.169921875,-0.04122538554855548,-0.0021514101943356234,-0.03907397535421986,1.2413022857527012,0.2885101148931468,0.6481752191063033,2026-02-28,807,ok,0.0009632997775444204,0.5466694848547928,0.07298295624966644,-0.0002128105251043847,-0.0410125750234511,0.0036363172664370946
CMP044,Thales S.A.,HO.PA,^FCHI,EUR,Euronext Paris,PRIMARY_DIRECT,Defence Contractor,False,2026-02-24,247.8224334716797,8519.2099609375,-0.009072972984680794,0.0025938093818460572,-0.011666782366526851,1.2209670106635637,0.29185226451776014,0.6365084367397764,2026-02-28,807,ok,0.0009632997775444204,0.5466694848547928,0.07298295624966644,0.002381256216129733,-0.011454229200810528,-0.007817911934373433
CMP044,Thales S.A.,HO.PA,^FCHI,EUR,Euronext Paris,PRIMARY_DIRECT,Defence Contractor,False,2026-02-25,249.9928436279297,8559.0703125,0.00875792447780177,0.004678878880232773,0.004079045597568998,1.2404180720106446,0.2978966847945932,0.6405874823373454,2026-02-28,807,ok,0.0009632997775444204,0.5466694848547928,0.07298295624966644,0.0035211000846992403,0.005236824393102531,-0.0025810875412709024
CMP044,Thales S.A.,HO.PA,^FCHI,EUR,Euronext Paris,PRIMARY_DIRECT,Defence Contractor,False,2026-02-26,250.78208923339844,8620.9296875,0.003157072794625293,0.007227347450301735,-0.004070274655676442,1.247491234954376,0.30727703509019855,0.636517207681669,2026-02-28,807,ok,0.0009632997775444204,0.5466694848547928,0.07298295624966644,0.0049142700850674705,-0.0017571972904421775,-0.00433828483171308
CMP044,Thales S.A.,HO.PA,^FCHI,EUR,Euronext Paris,PRIMARY_DIRECT,Defence Contractor,False,2026-02-27,251.47267150878903,8580.75,0.002753714499714066,-0.00466071397824519,0.007414428477959256,1.25368018415605,0.3011841907393147,0.6439316361596282,2026-02-28,807,ok,0.0009632997775444204,0.5466694848547928,0.07298295624966644,-0.00158457033199841,0.004338284831712476,-6.036837696399289e-16
CMP044,Thales S.A.,HO.PA,^FCHI,EUR,Euronext Paris,PRIMARY_DIRECT,Defence Contractor,False,2026-03-02,252.459228515625,8394.3203125,0.003923118169925965,-0.02172650263671594,0.025649620806641904,1.262521637835715,0.27291400898836393,0.6695812569662701,2026-02-28,807,ok,0.0009632997775444204,0.5466694848547928,0.07298295624966644,-0.01091391622656538,0.014837034396491346,0.014837034396490742
CMP044,Thales S.A.,HO.PA,^FCHI,EUR,Euronext Paris,PRIMARY_DIRECT,Defence Contractor,False,2026-03-03,246.24395751953125,8103.83984375,-0.02461890988353821,-0.034604406066974236,0.009985496183436027,1.2068208215242824,0.2288655757329905,0.6795667531497062,2026-02-28,807,ok,0.0009632997775444204,0.5466694848547928,0.07298295624966644,-0.01795387306079445,-0.006665036822743758,0.008171997573746984
CMP044,Thales S.A.,HO.PA,^FCHI,EUR,Euronext Paris,PRIMARY_DIRECT,Defence Contractor,False,2026-03-04,247.3291473388672,8167.72998046875,0.0044069703487032985,0.007883933783319419,-0.0034769634346161205,1.216546215449641,0.23855387056067,0.67608978971509,2026-02-28,807,ok,0.0009632997775444204,0.5466694848547928,0.07298295624966644,0.005273205797500945,-0.0008662354487976465,0.007305762124949338
CMP044,Thales S.A.,HO.PA,^FCHI,EUR,Euronext Paris,PRIMARY_DIRECT,Defence Contractor,False,2026-03-05,233.22142028808597,8045.7998046875,-0.0570402930773547,-0.014928281918332065,-0.04211201115902263,1.090113769700892,0.22006438920989901,0.6339777785560674,2026-02-28,807,ok,0.0009632997775444204,0.5466694848547928,0.07298295624966644,-0.007197536408517289,-0.04984275666883741,-0.042536994543888075
CMP044,Thales S.A.,HO.PA,^FCHI,EUR,Euronext Paris,PRIMARY_DIRECT,Defence Contractor,False,2026-03-06,238.0555419921875,7993.490234375,0.020727605972599816,-0.0065014755005492475,0.027229081473149064,1.1334368243571573,0.21213217047435817,0.6612068600292165,2026-02-28,807,ok,0.0009632997775444204,0.5466694848547928,0.07298295624966644,-0.002590858485136893,0.02331846445773671,-0.019218530086151365
CMP044,Thales S.A.,HO.PA,^FCHI,EUR,Euronext Paris,PRIMARY_DIRECT,Defence Contractor,False,2026-03-09,244.17218017578125,7915.35986328125,0.02569416419549042,-0.00977424989621678,0.0354684140917072,1.1882537004228957,0.2002844877328982,0.6966752741209237,2026-02-28,807,ok,0.0009632997775444204,0.5466694848547928,0.07298295624966644,-0.004379984378062419,0.03007414857355284,0.010855618487401474
CMP044,Thales S.A.,HO.PA,^FCHI,EUR,Euronext Paris,PRIMARY_DIRECT,Defence Contractor,False,2026-03-10,247.1318359375,8057.35986328125,0.012121183337053587,0.017939803426844536,-0.005818620089790949,1.2147779247137076,0.22181735549911719,0.6908566540311327,2026-02-28,807,ok,0.0009632997775444204,0.5466694848547928,0.07298295624966644,0.01077044287529377,0.0013507404617598175,0.012206358949161292
CMP044,Thales S.A.,HO.PA,^FCHI,EUR,Euronext Paris,PRIMARY_DIRECT,Defence Contractor,False,2026-03-11,244.17218017578125,8041.81005859375,-0.011976019805344906,-0.0019298883196670058,-0.0100461314856779,1.1882537004228957,0.2194593844559729,0.6808105225454548,2026-02-28,807,ok,0.0009632997775444204,0.5466694848547928,0.07298295624966644,-9.171127599522349e-05,-0.011884308529349684,0.00032205041981160816
CMP044,Thales S.A.,HO.PA,^FCHI,EUR,Euronext Paris,PRIMARY_DIRECT,Defence Contractor,False,2026-03-12,251.47267150878903,7984.43994140625,0.02989894806096305,-0.007133980629919545,0.037032928690882594,1.25368018415605,0.21075978482829028,0.7178434512363374,2026-02-28,807,ok,0.0009632997775444204,0.5466694848547928,0.07298295624966644,-0.002936629738377768,0.032835577799340813,0.03315762821915242
CMP044,Thales S.A.,HO.PA,^FCHI,EUR,Euronext Paris,PRIMARY_DIRECT,Defence Contractor,False,2026-03-13,250.38748168945312,7911.52978515625,-0.004315338970334093,-0.009131530424807632,0.00481619145447354,1.2439547902306916,0.19970369501599716,0.722659642690811,2026-02-28,807,ok,0.0009632997775444204,0.5466694848547928,0.07298295624966644,-0.004028629255721035,-0.00028670971461305754,0.03287091850453936
CMP044,Thales S.A.,HO.PA,^FCHI,EUR,Euronext Paris,PRIMARY_DIRECT,Defence Contractor,False,2026-03-16,246.44125366210935,7935.97021484375,-0.015760484512712725,0.003089216668735295,-0.01884970118144802,1.2085889755120331,0.20340983966818382,0.7038099415093629,2026-02-28,807,ok,0.0009632997775444204,0.5466694848547928,0.07298295624966644,0.0026520802624467833,-0.01841256477515951,0.014458353729379852
CMP044,Thales S.A.,HO.PA,^FCHI,EUR,Euronext Paris,PRIMARY_DIRECT,Defence Contractor,False,2026-03-17,245.5533447265625,7974.490234375,-0.003602923302623018,0.004853851323584957,-0.008456774626207975,1.2006315988262446,0.2092510121112725,0.695353166883155,2026-02-28,807,ok,0.0009632997775444204,0.5466694848547928,0.07298295624966644,0.003616752180170363,-0.007219675482793381,0.007238678246586471
CMP044,Thales S.A.,HO.PA,^FCHI,EUR,Euronext Paris,PRIMARY_DIRECT,Defence Contractor,False,2026-03-18,249.9928436279297,7969.8798828125,0.018079570067802697,-0.0005781374642138681,0.018657707532016565,1.2404180720106446,0.20855189879753233,0.7140108744151715,2026-02-28,807,ok,0.0009632997775444204,0.5466694848547928,0.07298295624966644,0.0006472496678073688,0.01743232039999533,0.0246709986465818
CMP044,Thales S.A.,HO.PA,^FCHI,EUR,Euronext Paris,PRIMARY_DIRECT,Defence Contractor,False,2026-03-19,245.75067138671875,7807.8701171875,-0.016969174715755764,-0.020327754998464065,0.003358580282708301,1.2024000263103591,0.1839847518958475,0.7173694546978798,2026-02-28,807,ok,0.0009632997775444204,0.5466694848547928,0.07298295624966644,-0.01014926357572037,-0.006819911140035394,0.017851087506546407
CMP044,Thales S.A.,HO.PA,^FCHI,EUR,Euronext Paris,PRIMARY_DIRECT,Defence Contractor,False,2026-03-20,239.04209899902344,7665.6201171875,-0.02729828712100868,-0.01821879691452144,-0.00907949020648724,1.1422782780368217,0.16241397415116698,0.7082899644913926,2026-02-28,807,ok,0.0009632997775444204,0.5466694848547928,0.07298295624966644,-0.008996360546391104,-0.018301926574617575,-0.00045083906807116825
CMP044,Thales S.A.,HO.PA,^FCHI,EUR,Euronext Paris,PRIMARY_DIRECT,Defence Contractor,False,2026-03-23,235.8851318359375,7726.2001953125,-0.013206741307516867,0.007902828107692272,-0.02110956941520914,1.113985763010077,0.17160033197886304,0.6871803950761834,2026-02-28,807,ok,0.0009632997775444204,0.5466694848547928,0.07298295624966644,0.005283534748072532,-0.0184902760555894,-0.01894111512366057
CMP044,Thales S.A.,HO.PA,^FCHI,EUR,Euronext Paris,PRIMARY_DIRECT,Defence Contractor,False,2026-03-24,237.06900024414065,7743.919921875,0.005018834374972636,0.002293459412720189,0.002725374962252447,1.1245955074256746,0.17428734978818605,0.6899057700384359,2026-02-28,807,ok,0.0009632997775444204,0.5466694848547928,0.07298295624966644,0.002217064053231542,0.002801770321741094,-0.016139344801919475
CMP044,Thales S.A.,HO.PA,^FCHI,EUR,Euronext Paris,PRIMARY_DIRECT,Defence Contractor,False,2026-03-25,242.69235229492188,7846.5498046875,0.02372031790318485,0.013252962820882397,0.010467355082302454,1.1749915882774897,0.1898501363759615,0.7003731251207383,2026-02-28,807,ok,0.0009632997775444204,0.5466694848547928,0.07298295624966644,0.008208290135635923,0.015512027767548928,-0.0006273170343705468
CMP044,Thales S.A.,HO.PA,^FCHI,EUR,Euronext Paris,PRIMARY_DIRECT,Defence Contractor,False,2026-03-26,238.3515167236328,7769.31005859375,-0.017886165469334747,-0.009843784595314431,-0.008042380874020316,1.1360893288351472,0.17813750793277094,0.692330744246718,2026-02-28,807,ok,0.0009632997775444204,0.5466694848547928,0.07298295624966644,-0.004417996876197665,-0.013468168593137082,-0.014095485627507629
CMP044,Thales S.A.,HO.PA,^FCHI,EUR,Euronext Paris,PRIMARY_DIRECT,Defence Contractor,False,2026-03-27,234.7012481689453,7701.9501953125,-0.015314643702980746,-0.00866999293029147,-0.006644650772689276,1.1033758818462975,0.16792306406808266,0.6856860934740288,2026-02-28,807,ok,0.0009632997775444204,0.5466694848547928,0.07298295624966644,-0.003776320791352714,-0.011538322911628032,-0.02563380853913566
CMP044,Thales S.A.,HO.PA,^FCHI,EUR,Euronext Paris,PRIMARY_DIRECT,Defence Contractor,False,2026-03-30,242.791015625,7772.4501953125,0.03446836145597065,0.009153525822967135,0.02531483563300352,1.1758758020195468,0.17861367799426886,0.7110009291070323,2026-02-28,807,ok,0.0009632997775444204,0.5466694848547928,0.07298295624966644,0.005967253023790907,0.028501108432179748,0.002867299893044087
CMP044,Thales S.A.,HO.PA,^FCHI,EUR,Euronext Paris,PRIMARY_DIRECT,Defence Contractor,False,2026-03-31,248.71034240722656,7816.93994140625,0.02438033700295228,0.005724031029569199,0.01865630597338308,1.2289243873493523,0.18536009925898278,0.7296572350804154,2026-02-28,807,ok,0.0009632997775444204,0.5466694848547928,0.07298295624966644,0.004092452871771864,0.020287884131180416,0.023155184024224503
CMP044,Thales S.A.,HO.PA,^FCHI,EUR,Euronext Paris,PRIMARY_DIRECT,Defence Contractor,False,2026-04-01,262.9167175292969,7981.27001953125,0.057120162292284116,0.02102230276256134,0.036097859529722776,1.356240910091977,0.21027909814826495,0.7657550946101381,2026-02-28,807,ok,0.0009632997775444204,0.5466694848547928,0.07298295624966644,0.012455551199215317,0.044664611093068796,0.0678197951172933
CMP044,Thales S.A.,HO.PA,^FCHI,EUR,Euronext Paris,PRIMARY_DIRECT,Defence Contractor,False,2026-04-02,263.9032592773437,7962.39013671875,0.0037522975234045575,-0.0023655236279812586,0.006117821151385816,1.3650822270234597,0.20741615434514338,0.771872915761524,2026-02-28,807,ok,0.0009632997775444204,0.5466694848547928,0.07298295624966644,-0.0003298598055759349,0.0040821573289804925,0.0719019524462738
CMP044,Thales S.A.,HO.PA,^FCHI,EUR,Euronext Paris,PRIMARY_DIRECT,Defence Contractor,False,2026-04-07,261.3382263183594,7908.740234375,-0.00971959560487523,-0.006737914297409553,-0.002981681307465678,1.342094584204514,0.19928068777585795,0.7688912344540583,2026-02-28,807,ok,0.0009632997775444204,0.5466694848547928,0.07298295624966644,-0.0027201123604162036,-0.006999483244459027,0.06490246920181478
CMP044,Thales S.A.,HO.PA,^FCHI,EUR,Euronext Paris,PRIMARY_DIRECT,Defence Contractor,False,2026-04-08,266.6656188964844,8263.8701171875,0.020385049111166786,0.04490347037432629,-0.024518421263159507,1.3898382973265209,0.25313255260990286,0.7443728131908988,2026-02-28,807,ok,0.0009632997775444204,0.5466694848547928,0.07298295624966644,0.02551065679526983,-0.005125607684103042,0.059776861517711735
CMP044,Thales S.A.,HO.PA,^FCHI,EUR,Euronext Paris,PRIMARY_DIRECT,Defence Contractor,False,2026-04-09,264.5938720703125,8245.7998046875,-0.0077690811239378155,-0.0021866646309477433,-0.005582416492990072,1.3712714497214975,0.2503923719792216,0.7387903966979087,2026-02-28,807,ok,0.0009632997775444204,0.5466694848547928,0.07298295624966644,-0.00023208304980597814,-0.0075369980741318374,0.0522398634435799
CMP044,Thales S.A.,HO.PA,^FCHI,EUR,Euronext Paris,PRIMARY_DIRECT,Defence Contractor,False,2026-04-10,255.71487426757807,8259.599609375,-0.03355708026516557,0.0016735556300622179,-0.03523063589522779,1.2916985033526975,0.25248497317313423,0.7035597608026809,2026-02-28,807,ok,0.0009632997775444204,0.5466694848547928,0.07298295624966644,0.0018781815717063713,-0.03543526183687194,0.016804601606707957
CMP044,Thales S.A.,HO.PA,^FCHI,EUR,Euronext Paris,PRIMARY_DIRECT,Defence Contractor,False,2026-04-13,262.02880859375,8235.98046875,0.024691306457070183,-0.0028595987386835775,0.02755090519575376,1.348283533406188,0.24890336872362817,0.7311106659984347,2026-02-28,807,ok,0.0009632997775444204,0.5466694848547928,0.07298295624966644,-0.0005999555918231463,0.02529126204889333,0.042095863655601286
CMP044,Thales S.A.,HO.PA,^FCHI,EUR,Euronext Paris,PRIMARY_DIRECT,Defence Contractor,False,2026-04-14,263.4100036621094,8327.8603515625,0.0052711573043129345,0.011155913149760721,-0.005884755845447787,1.3606617053058998,0.26283602623755264,0.7252259101529869,2026-02-28,807,ok,0.0009632997775444204,0.5466694848547928,0.07298295624966644,0.007061897072208923,-0.0017907397678959885,0.040305123887705296
CMP044,Thales S.A.,HO.PA,^FCHI,EUR,Euronext Paris,PRIMARY_DIRECT,Defence Contractor,False,2026-04-15,265.5804138183594,8274.5703125,0.008239664880131503,-0.006399007285527003,0.014638672165658506,1.3801127666529802,0.2547551293052326,0.7398645823186454,2026-02-28,807,ok,0.0009632997775444204,0.5466694848547928,0.07298295624966644,-0.002534842238816693,0.010774507118948196,0.05107963100665349
CMP044,Thales S.A.,HO.PA,^FCHI,EUR,Euronext Paris,PRIMARY_DIRECT,Defence Contractor,False,2026-04-16,263.8045959472656,8262.7001953125,-0.006686554349253693,-0.0014345297386099132,-0.00525202461064378,1.3641980132814027,0.25295514575757094,0.7346125577080016,2026-02-28,807,ok,0.0009632997775444204,0.5466694848547928,0.07298295624966644,0.00017908614432965853,-0.006865640493583351,0.04421399051307014
CMP044,Thales S.A.,HO.PA,^FCHI,EUR,Euronext Paris,PRIMARY_DIRECT,Defence Contractor,False,2026-04-17,261.0422668457031,8425.1298828125,-0.010471118183682737,0.019658184813742485,-0.030129302997425222,1.3394422164747053,0.27758596957620285,0.7044832547105764,2026-02-28,807,ok,0.0009632997775444204,0.5466694848547928,0.07298295624966644,0.011709829542853337,-0.022180947726536074,0.022033042786534063
CMP044,Thales S.A.,HO.PA,^FCHI,EUR,Euronext Paris,PRIMARY_DIRECT,Defence Contractor,False,2026-04-20,259.7597351074219,8331.0498046875,-0.004913119066037419,-0.01116660270329195,0.006253483637254531,1.3279482583170505,0.26331967463464534,0.7107367383478309,2026-02-28,807,ok,0.0009632997775444204,0.5466694848547928,0.07298295624966644,-0.005141141169842327,0.00022802210380490785,0.02226106489033897
CMP044,Thales S.A.,HO.PA,^FCHI,EUR,Euronext Paris,PRIMARY_DIRECT,Defence Contractor,False,2026-04-21,244.36949157714844,8235.7197265625,-0.05924799516718371,-0.01144274495530706,-0.04780525021187665,1.1900219911588281,0.2488638298007797,0.6629314881359543,2026-02-28,807,ok,0.0009632997775444204,0.5466694848547928,0.07298295624966644,-0.00529209971249807,-0.05395589545468564,-0.031694830564346674
CMP044,Thales S.A.,HO.PA,^FCHI,EUR,Euronext Paris,PRIMARY_DIRECT,Defence Contractor,False,2026-04-22,238.7461395263672,8156.43017578125,-0.023011677990114165,-0.009627519319959199,-0.013384158670154966,1.1396259103070125,0.23684036915137452,0.6495473294657993,2026-02-28,807,ok,0.0009632997775444204,0.5466694848547928,0.07298295624966644,-0.004299771249527241,-0.018711906740586925,-0.0504067373049336
CMP044,Thales S.A.,HO.PA,^FCHI,EUR,Euronext Paris,PRIMARY_DIRECT,Defence Contractor,False,2026-04-23,239.4367218017578,8227.3203125,0.0028925379767841264,0.008691319019592969,-0.005798781042808843,1.145814859508687,0.24759014337598018,0.6437485484229905,2026-02-28,807,ok,0.0009632997775444204,0.5466694848547928,0.07298295624966644,0.005714578668693971,-0.002822040691909845,-0.053228777996843446
CMP044,Thales S.A.,HO.PA,^FCHI,EUR,Euronext Paris,PRIMARY_DIRECT,Defence Contractor,False,2026-04-24,229.6698303222656,8157.81982421875,-0.04079111761135257,-0.008447524302129805,-0.03234359330922276,1.0582846732022801,0.2370510953207139,0.6114049551137677,2026-02-28,807,ok,0.0009632997775444204,0.5466694848547928,0.07298295624966644,-0.0036547039809992233,-0.037136413630353346,-0.09036519162719679
CMP044,Thales S.A.,HO.PA,^FCHI,EUR,Euronext Paris,PRIMARY_DIRECT,Defence Contractor,False,2026-04-27,228.09133911132807,8141.919921875,-0.0068728714116375045,-0.0019490381849996963,-0.004923833226637808,1.0441383473148167,0.23464003549913803,0.6064811218871299,2026-02-28,807,ok,0.0009632997775444204,0.5466694848547928,0.07298295624966644,-0.00010217992301168389,-0.006770691488625821,-0.09713588311582261
CMP044,Thales S.A.,HO.PA,^FCHI,EUR,Euronext Paris,PRIMARY_DIRECT,Defence Contractor,False,2026-04-28,227.99269104003903,8104.08984375,-0.00043249371797005054,-0.004646333848526529,0.004213840130556479,1.0432542703209413,0.22890348571145247,0.6106949620176864,2026-02-28,807,ok,0.0009632997775444204,0.5466694848547928,0.07298295624966644,-0.0015767091538929647,0.0011442154359229142,-0.0959916676798997
CMP044,Thales S.A.,HO.PA,^FCHI,EUR,Euronext Paris,PRIMARY_DIRECT,Defence Contractor,False,2026-04-29,227.0061492919922,8072.1298828125,-0.004327076203831437,-0.0039436829494367,-0.00038339325439473715,1.0344129533894586,0.22405707998834878,0.6103115687632916,2026-02-28,807,ok,0.0009632997775444204,0.5466694848547928,0.07298295624966644,-0.0011925913488547704,-0.0031344848549766666,-0.09912615253487636
CMP044,Thales S.A.,HO.PA,^FCHI,EUR,Euronext Paris,PRIMARY_DIRECT,Defence Contractor,False,2026-04-30,230.75503540039065,8114.83984375,0.016514469410149557,0.005291039856585966,0.01122342955356359,1.0680102038758208,0.23053361478530343,0.6215349983168552,2026-02-28,807,ok,0.0009632997775444204,0.5466694848547928,0.07298295624966644,0.0038557498102904475,0.01265871959985911,-0.08646743293501725
CMP044,Thales S.A.,HO.PA,^FCHI,EUR,Euronext Paris,PRIMARY_DIRECT,Defence Contractor,False,2026-05-04,230.064453125,7976.1201171875,-0.0029927072845556957,-0.017094573550868186,0.01410186626631249,1.061821254674146,0.20949816740054028,0.6356368645831677,2026-02-28,807,ok,0.0009632997775444204,0.5466694848547928,0.07298295624966644,-0.008381781939321058,0.005389074654765362,-0.0810783582802519
CMP044,Thales S.A.,HO.PA,^FCHI,EUR,Euronext Paris,PRIMARY_DIRECT,Defence Contractor,False,2026-05-05,233.12277221679688,8062.31005859375,0.013293314331072281,0.010805998422782181,0.0024873159082900997,1.0892296927070153,0.22256800268982846,0.6381241804914578,2026-02-28,807,ok,0.0009632997775444204,0.5466694848547928,0.07298295624966644,0.006870609368668459,0.006422704962403822,-0.07465565331784807
CMP044,Thales S.A.,HO.PA,^FCHI,EUR,Euronext Paris,PRIMARY_DIRECT,Defence Contractor,False,2026-05-06,237.75958251953125,8299.419921875,0.01988999297941718,0.029409668142012402,-0.00951967516259522,1.1307844566273477,0.2585233219299792,0.6286045053288626,2026-02-28,807,ok,0.0009632997775444204,0.5466694848547928,0.07298295624966644,0.017040667910488753,0.0028493250689284287,-0.07180632824891964
CMP044,Thales S.A.,HO.PA,^FCHI,EUR,Euronext Paris,PRIMARY_DIRECT,Defence Contractor,False,2026-05-07,232.7281494140625,8202.080078125,-0.02116185203620735,-0.011728511711214806,-0.009433340324992545,1.085693111235149,0.24376271640988656,0.61917116500387,2026-02-28,807,ok,0.0009632997775444204,0.5466694848547928,0.07298295624966644,-0.005448319677738783,-0.01571353235846857,-0.0875198606073882
CMP044,Thales S.A.,HO.PA,^FCHI,EUR,Euronext Paris,PRIMARY_DIRECT,Defence Contractor,False,2026-05-08,224.8357086181641,8112.56982421875,-0.033912703795261234,-0.010913116313625681,-0.022999587481635553,1.0149616185460149,0.23018938921915444,0.5961715775222345,2026-02-28,807,ok,0.0009632997775444204,0.5466694848547928,0.07298295624966644,-0.005002567895785767,-0.028910135899475466,-0.11642999650686367
CMP044,Thales S.A.,HO.PA,^FCHI,EUR,Euronext Paris,PRIMARY_DIRECT,Defence Contractor,False,2026-05-11,221.97471618652344,8056.3798828125,-0.012724813372503196,-0.006926281390947642,-0.005798531981555555,0.9893216079972598,0.22166875134526465,0.5903730455406789,2026-02-28,807,ok,0.0009632997775444204,0.5466694848547928,0.07298295624966644,-0.002823086902404265,-0.009901726470098932,-0.1263317229769626
CMP044,Thales S.A.,HO.PA,^FCHI,EUR,Euronext Paris,PRIMARY_DIRECT,Defence Contractor,False,2026-05-12,222.9612579345703,7979.919921875,0.004444387923973725,-0.009490610180959758,0.013934998104933483,0.9981629249287427,0.2100743694559868,0.6043080436456124,2026-02-28,807,ok,0.0009632997775444204,0.5466694848547928,0.07298295624966644,-0.0042249272010385025,0.008669315125012227,-0.11766240785195037
CMP044,Thales S.A.,HO.PA,^FCHI,EUR,Euronext Paris,PRIMARY_DIRECT,Defence Contractor,False,2026-05-13,220.6921844482422,8007.97021484375,-0.010176985487738821,0.0035151095804679677,-0.013692095068206789,0.9778276498396052,0.21432791346514035,0.5906159485774056,2026-02-28,807,ok,0.0009632997775444204,0.5466694848547928,0.07298295624966644,0.0028849029211069914,-0.013061888408845812,-0.13072429626079618
CMP044,Thales S.A.,HO.PA,^FCHI,EUR,Euronext Paris,PRIMARY_DIRECT,Defence Contractor,False,2026-05-14,220.0016021728516,8082.27001953125,-0.0031291650726876785,0.009278231898237621,-0.0124073969709253,0.9716387006379312,0.22559472944677306,0.5782085516064803,2026-02-28,807,ok,0.0009632997775444204,0.5466694848547928,0.07298295624966644,0.006035426029717287,-0.009164591102404966,-0.13988888736320115
CMP044,Thales S.A.,HO.PA,^FCHI,EUR,Euronext Paris,PRIMARY_DIRECT,Defence Contractor,False,2026-05-15,216.4499969482422,7952.5498046875,-0.01614354254483552,-0.016049972907397847,-9.356963743767377e-05,0.9398094673911386,0.20592396724370277,0.5781149819690427,2026-02-28,807,ok,0.0009632997775444204,0.5466694848547928,0.07298295624966644,-0.007810730643676142,-0.008332811901159379,-0.14822169926436052
CMP044,Thales S.A.,HO.PA,^FCHI,EUR,Euronext Paris,PRIMARY_DIRECT,Defence Contractor,False,2026-05-18,219.8000030517578,7987.490234375,0.015477043893498799,0.004393613437907007,0.011083430455591792,0.9698319836629758,0.21122233099127885,0.5891984124246344,2026-02-28,807,ok,0.0009632997775444204,0.5466694848547928,0.07298295624966644,0.003365154172296139,0.012111889721202659,-0.13610980954315785
CMP044,Thales S.A.,HO.PA,^FCHI,EUR,Euronext Paris,PRIMARY_DIRECT,Defence Contractor,False,2026-05-19,226.3000030517578,7981.759765625,0.029572338078946325,-0.0007174304546049282,0.030289768533551253,1.0280845210425786,0.21035336320372822,0.6194881809581857,2026-02-28,807,ok,0.0009632997775444204,0.5466694848547928,0.07298295624966644,0.0005711024405064044,0.02900123563843992,-0.10710857390471792
CMP044,Thales S.A.,HO.PA,^FCHI,EUR,Euronext Paris,PRIMARY_DIRECT,Defence Contractor,False,2026-05-20,229.5,8117.419921875,0.014140507755584508,0.0169962715282721,-0.0028557637726875917,1.056762665941362,0.23092485760989612,0.6166324171854981,2026-02-28,807,ok,0.0009632997775444204,0.5466694848547928,0.07298295624966644,0.010254642778357111,0.0038858649772273973,-0.10322270892749053
CMP044,Thales S.A.,HO.PA,^FCHI,EUR,Euronext Paris,PRIMARY_DIRECT,Defence Contractor,False,2026-05-21,226.8000030517578,8086.0,-0.01176469258493329,-0.003870678390103799,-0.00789401419482949,1.0325654854563941,0.22616034336370383,0.6087384029906686,2026-02-28,807,ok,0.0009632997775444204,0.5466694848547928,0.07298295624966644,-0.0011526819840122025,-0.010612010600921087,-0.11383471952841161
CMP044,Thales S.A.,HO.PA,^FCHI,EUR,Euronext Paris,PRIMARY_DIRECT,Defence Contractor,False,2026-05-22,229.6999969482422,8115.75,0.012786569036432383,0.003679198614889856,0.009107370421542527,1.058555024357252,0.23067163080064046,0.6178457734122111,2026-02-28,807,ok,0.0009632997775444204,0.5466694848547928,0.07298295624966644,0.002974605389024725,0.009811963647407657,-0.10402275588100394
CMP044,Thales S.A.,HO.PA,^FCHI,EUR,Euronext Paris,PRIMARY_DIRECT,Defence Contractor,False,2026-05-25,232.1000061035156,8258.259765625,0.010448450967172729,0.01755965445276164,-0.007111203485588913,1.0800637355924758,0.2522817993823163,0.6107345699266222,2026-02-28,807,ok,0.0009632997775444204,0.5466694848547928,0.07298295624966644,0.010562627031463797,-0.00011417606429106782,-0.10413693194529501
CMP044,Thales S.A.,HO.PA,^FCHI,EUR,Euronext Paris,PRIMARY_DIRECT,Defence Contractor,False,2026-05-26,230.3000030517578,8173.10986328125,-0.007755290841978679,-0.010310877201778812,0.0025555863598001327,1.0639322363531036,0.2393696755268626,0.6132901562864224,2026-02-28,807,ok,0.0009632997775444204,0.5466694848547928,0.07298295624966644,-0.00467334215075303,-0.003081948691225649,-0.10721888063652066
CMP044,Thales S.A.,HO.PA,^FCHI,EUR,Euronext Paris,PRIMARY_DIRECT,Defence Contractor,False,2026-05-27,233.1999969482422,8207.8896484375,0.012592244281614873,0.00425539185671564,0.008336852424899233,1.0899217752539614,0.24464367915155982,0.6216270087113216,2026-02-28,807,ok,0.0009632997775444204,0.5466694848547928,0.07298295624966644,0.0032895926517104396,0.009302651629904433,-0.09791622900661623
CMP044,Thales S.A.,HO.PA,^FCHI,EUR,Euronext Paris,PRIMARY_DIRECT,Defence Contractor,False,2026-05-28,239.6000061035156,8188.8701171875,0.027444293477816295,-0.002317225506756282,0.029761518984572577,1.1472782017997099,0.24175955907140678,0.6513885276958942,2026-02-28,807,ok,0.0009632997775444204,0.5466694848547928,0.07298295624966644,-0.0003034566965264225,0.02774775017434272,-0.0701684788322735
CMP044,Thales S.A.,HO.PA,^FCHI,EUR,Euronext Paris,PRIMARY_DIRECT,Defence Contractor,False,2026-05-29,239.5,8183.33984375,-0.00041738773358956927,-0.000675340231113486,0.0002579524975239167,1.1463819542176745,0.24092094888379623,0.6516464801934181,2026-02-28,807,ok,0.0009632997775444204,0.5466694848547928,0.07298295624966644,0.0005941118812998942,-0.0010114996148894635,-0.07117997844716296
CMP044,Thales S.A.,HO.PA,^FCHI,EUR,Euronext Paris,PRIMARY_DIRECT,Defence Contractor,False,2026-06-01,230.0,8146.58984375,-0.039665970772442605,-0.004490831457777955,-0.03517513931466465,1.061243630355178,0.23534818204993324,0.6164713408787534,2026-02-28,807,ok,0.0009632997775444204,0.5466694848547928,0.07298295624966644,-0.0014917007420487526,-0.03817427003039385,-0.10935424847755681
CMP044,Thales S.A.,HO.PA,^FCHI,EUR,Euronext Paris,PRIMARY_DIRECT,Defence Contractor,False,2026-06-02,226.6000061035156,8209.08984375,-0.014782582158627822,0.0076719217732497125,-0.022454503931877534,1.0307731270405043,0.2448256766653465,0.5940168369468759,2026-02-28,807,ok,0.0009632997775444204,0.5466694848547928,0.07298295624966644,0.005157305301173109,-0.01993988745980093,-0.12929413593735775
CMP044,Thales S.A.,HO.PA,^FCHI,EUR,Euronext Paris,PRIMARY_DIRECT,Defence Contractor,False,2026-06-03,224.8999938964844,8150.419921875,-0.0075022601996515,-0.007146946006403865,-0.0003553141932476356,1.0155377386349866,0.23592897476683405,0.5936615227536283,2026-02-28,807,ok,0.0009632997775444204,0.5466694848547928,0.07298295624966644,-0.0029437175140613996,-0.004558542685590101,-0.13385267862294786
CMP044,Thales S.A.,HO.PA,^FCHI,EUR,Euronext Paris,PRIMARY_DIRECT,Defence Contractor,False,2026-06-04,230.0,8244.2900390625,0.022676772974315806,0.011517212375225183,0.011159560599090623,1.061243630355178,0.2501634312499179,0.6048210833527189,2026-02-28,807,ok,0.0009632997775444204,0.5466694848547928,0.07298295624966644,0.007259408333672016,0.01541736464064379,-0.11843531398230407
CMP044,Thales S.A.,HO.PA,^FCHI,EUR,Euronext Paris,PRIMARY_DIRECT,Defence Contractor,False,2026-06-05,232.3999938964844,8218.240234375,0.010434756071671325,-0.003159738990752725,0.01359449506242405,1.0827522048422207,0.24621324111138443,0.6184155784151429,2026-02-28,807,ok,0.0009632997775444204,0.5466694848547928,0.07298295624966644,-0.0007640331088059749,0.0111987891804773,-0.10723652480182677
CMP044,Thales S.A.,HO.PA,^FCHI,EUR,Euronext Paris,PRIMARY_DIRECT,Defence Contractor,False,2026-06-08,232.3000030517578,8199.2900390625,-0.0004302532158031447,-0.002305870207253813,0.0018756169914506682,1.0818560940083661,0.24333963512682044,0.6202911954065936,2026-02-28,807,ok,0.0009632997775444204,0.5466694848547928,0.07298295624966644,-0.00029724910079703584,-0.00013300411500610885,-0.10736952891683288
CMP044,Thales S.A.,HO.PA,^FCHI,EUR,Euronext Paris,PRIMARY_DIRECT,Defence Contractor,False,2026-06-09,231.5,8203.4296875,-0.0034438357350325965,0.0005048788880230859,-0.0039487146230556824,1.0746865235966245,0.24396737105923827,0.6163424807835379,2026-02-28,807,ok,0.0009632997775444204,0.5466694848547928,0.07298295624966644,0.0012393016591740614,-0.004683137394206658,-0.11205266631103954
CMP044,Thales S.A.,HO.PA,^FCHI,EUR,Euronext Paris,PRIMARY_DIRECT,Defence Contractor,False,2026-06-10,234.0,8161.830078125,0.010799136069114423,-0.005071002124683033,0.015870138193797456,1.0970913456657025,0.2376592098775605,0.6322126189773354,2026-02-28,807,ok,0.0009632997775444204,0.5466694848547928,0.07298295624966644,-0.001808862341653613,0.012607998410768036,-0.0994446679002715
CMP044,Thales S.A.,HO.PA,^FCHI,EUR,Euronext Paris,PRIMARY_DIRECT,Defence Contractor,False,2026-06-11,237.8000030517578,8200.7998046875,0.016239329281016346,0.004774630957699699,0.011464698323316647,1.1311467025603377,0.24356857585612413,0.643677317300652,2026-02-28,807,ok,0.0009632997775444204,0.5466694848547928,0.07298295624966644,0.003573444823561861,0.012665884457454485,-0.08677878344281702
CMP044,Thales S.A.,HO.PA,^FCHI,EUR,Euronext Paris,PRIMARY_DIRECT,Defence Contractor,False,2026-06-12,234.6999969482422,8350.8701171875,-0.013036190343701959,0.018299472743404932,-0.03133566308710689,1.1033646684954084,0.26632522511455825,0.6123416542135451,2026-02-28,807,ok,0.0009632997775444204,0.5466694848547928,0.07298295624966644,0.010967063115295918,-0.024003253458997877,-0.1107820369018149
CMP044,Thales S.A.,HO.PA,^FCHI,EUR,Euronext Paris,PRIMARY_DIRECT,Defence Contractor,False,2026-06-15,230.6000061035156,8384.009765625,-0.017469070720229962,0.003968406641757349,-0.02143747736198731,1.0666208423510288,0.27135051854852765,0.5909041768515578,2026-02-28,807,ok,0.0009632997775444204,0.5466694848547928,0.07298295624966644,0.003132706592088249,-0.02060177731231821,-0.13138381421413312
CMP044,Thales S.A.,HO.PA,^FCHI,EUR,Euronext Paris,PRIMARY_DIRECT,Defence Contractor,False,2026-06-16,228.1000061035156,8447.26953125,-0.010841283321032291,0.007545287683748736,-0.018386571004781027,1.0442160202819508,0.28094322395785953,0.5725176058467768,2026-02-28,807,ok,0.0009632997775444204,0.5466694848547928,0.07298295624966644,0.005088078308700555,-0.015929361629732845,-0.14731317584386597
CMP044,Thales S.A.,HO.PA,^FCHI,EUR,Euronext Paris,PRIMARY_DIRECT,Defence Contractor,False,2026-06-17,231.0,8430.7900390625,0.012713694953468524,-0.001950866149888486,0.01466456110335701,1.070205559182809,0.2784442751823111,0.5871821669501338,2026-02-28,807,ok,0.0009632997775444204,0.5466694848547928,0.07298295624966644,-0.0001031792156357714,0.012816874169104295,-0.13449630167476168
CMP044,Thales S.A.,HO.PA,^FCHI,EUR,Euronext Paris,PRIMARY_DIRECT,Defence Contractor,False,2026-06-18,232.6000061035156,8467.98046875,0.006926433348552363,0.004411262706719654,0.002515170641832709,1.0845447000062913,0.2840838287360421,0.5896973375919665,2026-02-28,807,ok,0.0009632997775444204,0.5466694848547928,0.07298295624966644,0.003374802488986013,0.0035516308595663505,-0.1309446708151953
CMP044,Thales S.A.,HO.PA,^FCHI,EUR,Euronext Paris,PRIMARY_DIRECT,Defence Contractor,False,2026-06-19,232.3999938964844,8421.1396484375,-0.0008598976860825225,-0.005531522006381628,0.004671624320299106,1.0827522048422202,0.27698089077934984,0.5943689619122656,2026-02-28,807,ok,0.0009632997775444204,0.5466694848547928,0.07298295624966644,-0.0020606145081471746,0.0012007168220646521,-0.12974395399313066
CMP044,Thales S.A.,HO.PA,^FCHI,EUR,Euronext Paris,PRIMARY_DIRECT,Defence Contractor,False,2026-06-22,226.3000030517578,8400.1103515625,-0.026247809831886904,-0.00249720319967639,-0.023750606632210514,1.0280845210425786,0.27379201001297004,0.5706183552800551,2026-02-28,807,ok,0.0009632997775444204,0.5466694848547928,0.07298295624966644,-0.0004018450092004121,-0.02584596482268649,-0.15558991881581716
CMP044,Thales S.A.,HO.PA,^FCHI,EUR,Euronext Paris,PRIMARY_DIRECT,Defence Contractor,False,2026-06-23,228.0,8340.7099609375,0.007512138423848791,-0.007071382177015195,0.014583520600863986,1.0433197726999155,0.2647845398961399,0.5852018758809191,2026-02-28,807,ok,0.0009632997775444204,0.5466694848547928,0.07298295624966644,-0.00290240907437584,0.010414547498224631,-0.14517537131759253
CMP044,Thales S.A.,HO.PA,^FCHI,EUR,Euronext Paris,PRIMARY_DIRECT,Defence Contractor,False,2026-06-24,225.3000030517578,8385.490234375,-0.011842091878255245,0.0053688803048208555,-0.0172109721830761,1.0191225922149476,0.27157501670223017,0.567990903697843,2026-02-28,807,ok,0.0009632997775444204,0.5466694848547928,0.07298295624966644,0.0038983028080278805,-0.015740394686283125,-0.16091576600387567
CMP044,Thales S.A.,HO.PA,^FCHI,EUR,Euronext Paris,PRIMARY_DIRECT,Defence Contractor,False,2026-06-25,218.3999938964844,8431.6103515625,-0.03062587244478765,0.005499990566852908,-0.03612586301164056,0.9572852012553836,0.2785686672991383,0.5318650406862024,2026-02-28,807,ok,0.0009632997775444204,0.5466694848547928,0.07298295624966644,0.00396997678743212,-0.03459584923221977,-0.19551161523609545
CMP044,Thales S.A.,HO.PA,^FCHI,EUR,Euronext Paris,PRIMARY_DIRECT,Defence Contractor,False,2026-06-26,216.5,8384.8701171875,-0.008699605996257298,-0.005543452843066676,-0.0031561531531906217,0.9402575911821567,0.271480982185343,0.5287088875330118,2026-02-28,807,ok,0.0009632997775444204,0.5466694848547928,0.07298295624966644,-0.0020671367324916765,-0.0066324692637656215,-0.20214408449986107
CMP044,Thales S.A.,HO.PA,^FCHI,EUR,Euronext Paris,PRIMARY_DIRECT,Defence Contractor,False,2026-06-29,220.5,8367.330078125,0.018475750577367167,-0.0020918677114086792,0.020567618288775846,0.9761053064926815,0.26882121217303934,0.5492765058217877,2026-02-28,807,ok,0.0009632997775444204,0.5466694848547928,0.07298295624966644,-0.00018026046663573668,0.018656011044002902,-0.18348807345585816
CMP044,Thales S.A.,HO.PA,^FCHI,EUR,Euronext Paris,PRIMARY_DIRECT,Defence Contractor,False,2026-06-30,224.8000030517578,8403.990234375,0.01950114762701949,0.004381344575594248,0.01511980305142524,1.0146416278011317,0.27438035510839254,0.5643963088732129,2026-02-28,807,ok,0.0009632997775444204,0.5466694848547928,0.07298295624966644,0.003358447159655869,0.01614270046736362,-0.16734537298849453
CMP044,Thales S.A.,HO.PA,^FCHI,EUR,Euronext Paris,PRIMARY_DIRECT,Defence Contractor,False,2026-07-01,229.3999938964844,8337.2900390625,0.020462592447863415,-0.007936729274110155,0.02839932172197357,1.0558664183593263,0.26426594323765284,0.5927956305951865,2026-02-28,807,ok,0.0009632997775444204,0.5466694848547928,0.07298295624966644,-0.003375467926165332,0.023838060374028747,-0.14350731261446578
CMP044,Thales S.A.,HO.PA,^FCHI,EUR,Euronext Paris,PRIMARY_DIRECT,Defence Contractor,False,2026-07-02,240.3999938964844,8474.8603515625,0.047951178259244776,0.016500602936379227,0.03145057532286555,1.1544476354632693,0.28512709357300436,0.624246205918052,2026-02-28,807,ok,0.0009632997775444204,0.5466694848547928,0.07298295624966644,0.009983675884568334,0.03796750237467644,-0.10553981023978934
CMP044,Thales S.A.,HO.PA,^FCHI,EUR,Euronext Paris,PRIMARY_DIRECT,Defence Contractor,False,2026-07-03,238.1999969482422,8508.0703125,-0.00915140184732921,0.003918644031860374,-0.013070045879189585,1.1347314193921165,0.2901630491884162,0.6111761600388624,2026-02-28,807,ok,0.0009632997775444204,0.5466694848547928,0.07298295624966644,0.0031055028917708395,-0.01225690473910005,-0.11779671497888938
CMP044,Thales S.A.,HO.PA,^FCHI,EUR,Euronext Paris,PRIMARY_DIRECT,Defence Contractor,False,2026-07-06,241.1000061035156,8479.8701171875,0.012174681748226668,-0.003314523067712405,0.015489204815939073,1.160721095041156,0.2858867740007709,0.6266653648548015,2026-02-28,807,ok,0.0009632997775444204,0.5466694848547928,0.07298295624966644,-0.0008486488404212477,0.013023330588647915,-0.10477338439024148
CMP044,Thales S.A.,HO.PA,^FCHI,EUR,Euronext Paris,PRIMARY_DIRECT,Defence Contractor,False,2026-07-07,237.6000061035156,8436.240234375,-0.014516797641627943,-0.005145112154969045,-0.009371685486658898,1.129354344144447,0.27927074232994564,0.6172936793681426,2026-02-28,807,ok,0.0009632997775444204,0.5466694848547928,0.07298295624966644,-0.0018493760337326406,-0.012667421607895302,-0.11744080599813678
CMP044,Thales S.A.,HO.PA,^FCHI,EUR,Euronext Paris,PRIMARY_DIRECT,Defence Contractor,False,2026-07-08,233.6999969482422,8252.66015625,-0.016414179524786188,-0.021760887910347693,0.005346708385561505,1.0944027396677765,0.2514326750991165,0.6226403877537041,2026-02-28,807,ok,0.0009632997775444204,0.5466694848547928,0.07298295624966644,-0.010932713606388242,-0.005481465918397946,-0.12292227191653472
CMP044,Thales S.A.,HO.PA,^FCHI,EUR,Euronext Paris,PRIMARY_DIRECT,Defence Contractor,False,2026-07-09,226.8000030517578,8326.6201171875,-0.029525006361093453,0.008961954029027552,-0.038486960390121006,1.0325654854563937,0.26264795720377765,0.5841534273635831,2026-02-28,807,ok,0.0009632997775444204,0.5466694848547928,0.07298295624966644,0.005862526569885247,-0.0353875329309787,-0.15830980484751342
CMP044,Thales S.A.,HO.PA,^FCHI,EUR,Euronext Paris,PRIMARY_DIRECT,Defence Contractor,False,2026-07-10,223.3000030517578,8338.9697265625,-0.015432098557782048,0.0014831479281141036,-0.01691524648589615,1.0011987345596847,0.26452065090544186,0.567238180877687,2026-02-28,807,ok,0.0009632997775444204,0.5466694848547928,0.07298295624966644,0.0017740914913700106,-0.017206190049152057,-0.17551599489666547
CMP044,Thales S.A.,HO.PA,^FCHI,EUR,Euronext Paris,PRIMARY_DIRECT,Defence Contractor,False,2026-07-13,221.1000061035156,8364.650390625,-0.009852202947495226,0.0030795967493080223,-0.012931799696803248,0.9814825184885321,0.26841486459140307,0.5543063811808837,2026-02-28,807,ok,0.0009632997775444204,0.5466694848547928,0.07298295624966644,0.0026468213460491313,-0.012499024293544356,-0.18801501919020983
CMP044,Thales S.A.,HO.PA,^FCHI,EUR,Euronext Paris,PRIMARY_DIRECT,Defence Contractor,False,2026-07-14,220.0,8366.849609375,-0.00497515184599584,0.0002629181911135703,-0.00523807003710941,0.9716243420788653,0.26874835393318297,0.5490683111437743,2026-02-28,807,ok,0.0009632997775444204,0.5466694848547928,0.07298295624966644,0.0011070291296394299,-0.00608218097563527,-0.19409720016584509
CMP044,Thales S.A.,HO.PA,^FCHI,EUR,Euronext Paris,PRIMARY_DIRECT,Defence Contractor,False,2026-07-15,220.5,8382.4296875,0.002272727272727204,0.0018621200155841677,0.00041060725714303636,0.9761053064926808,0.27111091563778134,0.5494789184009173,2026-02-28,807,ok,0.0009632997775444204,0.5466694848547928,0.07298295624966644,0.001981263967201616,0.00029146330552558795,-0.1938057368603195
CMP044,Thales S.A.,HO.PA,^FCHI,EUR,Euronext Paris,PRIMARY_DIRECT,Defence Contractor,False,2026-07-16,220.1000061035156,8377.8603515625,-0.0018140312765733135,-0.000545108770111602,-0.0012689225064617116,0.9725205896609006,0.2704180219298826,0.5482099958944556,2026-02-28,807,ok,0.0009632997775444204,0.5466694848547928,0.07298295624966644,0.0006653054469976812,-0.0024793367235709947,-0.1962850735838905
CMP044,Thales S.A.,HO.PA,^FCHI,EUR,Euronext Paris,PRIMARY_DIRECT,Defence Contractor,False,2026-07-17,223.1000061035156,8338.8095703125,0.013630167727433307,-0.004661187894199892,0.0182913556216332,0.9994063761437944,0.26449636482548966,0.5665013515160888,2026-02-28,807,ok,0.0009632997775444204,0.5466694848547928,0.07298295624966644,-0.0015848294073892311,0.015214997134822538,-0.18107007644906795
CMP044,Thales S.A.,HO.PA,^FCHI,EUR,Euronext Paris,PRIMARY_DIRECT,Defence Contractor,False,2026-07-20,223.8999938964844,8340.1103515625,0.0035857811343924517,0.00015599124059995084,0.003429789893792501,1.0065758098073547,0.2646936151821728,0.5699311414098813,2026-02-28,807,ok,0.0009632997775444204,0.5466694848547928,0.07298295624966644,0.0010485754286850555,0.002537205705707396,-0.17853287074336055
CMP044,Thales S.A.,HO.PA,^FCHI,EUR,Euronext Paris,PRIMARY_DIRECT,Defence Contractor,False,2026-07-21,225.1000061035156,8363.1396484375,0.005359590173039441,0.0027612700437094073,0.002598320129330034,1.0173302337990568,0.2681857757762458,0.5725294615392114,2026-02-28,807,ok,0.0009632997775444204,0.5466694848547928,0.07298295624966644,0.002472801849884013,0.002886788323155428,-0.17564608242020513
CMP044,Thales S.A.,HO.PA,^FCHI,EUR,Euronext Paris,PRIMARY_DIRECT,Defence Contractor,False,2026-07-22,226.8000030517578,8437.8896484375,0.007552185260539135,0.008938030828406163,-0.0013858455678670278,1.0325654854563941,0.2795208593362801,0.5711436159713443,2026-02-28,807,ok,0.0009632997775444204,0.5466694848547928,0.07298295624966644,0.005849448486125474,0.0017027367744136606,-0.17394334564579148
CMP044,Thales S.A.,HO.PA,^FCHI,EUR,Euronext Paris,PRIMARY_DIRECT,Defence Contractor,False,2026-07-23,238.3000030517578,8299.08984375,0.05070546668985543,-0.016449587571129576,0.067155054260985,1.1356276669741532,0.258473268911541,0.6382986702323293,2026-02-28,807,ok,0.0009632997775444204,0.5466694848547928,0.07298295624966644,-0.008029187786038788,0.05873465447589422,-0.11520869116989726
CMP044,Thales S.A.,HO.PA,^FCHI,EUR,Euronext Paris,PRIMARY_DIRECT,Defence Contractor,False,2026-07-24,236.3999938964844,8372.2802734375,-0.007973181413936992,0.008819091137158841,-0.016792272551095833,1.1185999201527452,0.26957185936375017,0.6215063976812335,2026-02-28,807,ok,0.0009632997775444204,0.5466694848547928,0.07298295624966644,0.005784427786382513,-0.013757609200319505,-0.12896630037021678
CMP044,Thales S.A.,HO.PA,^FCHI,EUR,Euronext Paris,PRIMARY_DIRECT,Defence Contractor,False,2026-07-27,243.3999938964844,8406.0595703125,0.029610829867724897,0.004034659109797278,0.02557617075792762,1.1813334219461638,0.27469414903167433,0.6470825684391611,2026-02-28,807,ok,0.0009632997775444204,0.5466694848547928,0.07298295624966644,0.0031689247946619955,0.0264419050730629,-0.10252439529715388
CMP044,Thales S.A.,HO.PA,^FCHI,EUR,Euronext Paris,PRIMARY_DIRECT,Defence Contractor,False,2026-07-28,249.3000030517578,8458.7802734375,0.02423997248653431,0.006271749882809763,0.01796822260372455,1.2342088840780967,0.28268871191148204,0.6650507910428857,2026-02-28,807,ok,0.0009632997775444204,0.5466694848547928,0.07298295624966644,0.0043918740551181406,0.01984809843141617,-0.0826762968657377
CMP044,Thales S.A.,HO.PA,^FCHI,EUR,Euronext Paris,PRIMARY_DIRECT,Defence Contractor,False,2026-07-29,245.3999938964844,8408.26953125,-0.015643839179832364,-0.005971397832157388,-0.009672441347674976,1.1992572796014263,0.27502926731784116,0.6553783496952107,2026-02-28,807,ok,0.0009632997775444204,0.5466694848547928,0.07298295624966644,-0.0023010811992240855,-0.013342757980608279,-0.09601905484634599
CMP044,Thales S.A.,HO.PA,^FCHI,EUR,Euronext Paris,PRIMARY_DIRECT,Defence Contractor,False,2026-07-30,243.3000030517578,8485.6396484375,-0.008557420117998982,0.009201669487395536,-0.017759089605394518,1.1804373111123092,0.28676166522245605,0.6376192600898162,2026-02-28,807,ok,0.0009632997775444204,0.5466694848547928,0.07298295624966644,0.005993571696023004,-0.014550991814021984,-0.11057004666036797
CMP044,Thales S.A.,HO.PA,^FCHI,EUR,Euronext Paris,PRIMARY_DIRECT,Defence Contractor,False,2026-07-31,245.8999938964844,8509.6396484375,0.010686357633022725,0.0028283077050554883,0.007858049927967237,1.2037382440152418,0.2904010231547747,0.6454773100177834,2026-02-28,807,ok,0.0009632997775444204,0.5466694848547928,0.07298295624966644,0.0025094492936779456,0.00817690833934478,-0.10239313832102319
CMP044,Thales S.A.,HO.PA,^FCHI,EUR,Euronext Paris,PRIMARY_DIRECT,Defence Contractor,False,2026-08-03,253.8000030517578,8613.8203125,0.032126918874992194,0.01224266459762835,0.019884254277363844,1.2745375638024372,0.30619897007769503,0.6653615642951473,2026-02-28,807,ok,0.0009632997775444204,0.5466694848547928,0.07298295624966644,0.0076559909263799195,0.024470927948612275,-0.07792221037241091
CMP044,Thales S.A.,HO.PA,^FCHI,EUR,Euronext Paris,PRIMARY_DIRECT,Defence Contractor,False,2026-08-04,262.3999938964844,8666.6298828125,0.033884912298337344,0.006130795442280679,0.027754116856056665,1.3516100696711568,0.31420700877015917,0.6931156811512039,2026-02-28,807,ok,0.0009632997775444204,0.5466694848547928,0.07298295624966644,0.004314818563726111,0.02957009373461123,-0.04835211663779968
CMP044,Thales S.A.,HO.PA,^FCHI,EUR,Euronext Paris,PRIMARY_DIRECT,Defence Contractor,False,2026-08-05,261.70001220703125,8669.2998046875,-0.0026676132078313763,0.0003080692161891996,-0.002975682424020576,1.3453368835896327,0.3146118754932614,0.6901399987271833,2026-02-28,807,ok,0.0009632997775444204,0.5466694848547928,0.07298295624966644,0.00113171181725819,-0.0037993250250895664,-0.05215144166288925
CMP044,Thales S.A.,HO.PA,^FCHI,EUR,Euronext Paris,PRIMARY_DIRECT,Defence Contractor,False,2026-08-06,264.6000061035156,8699.7099609375,0.01108136706615892,0.003507798430682607,0.007573568635476313,1.3713264224904904,0.3192232689670733,0.6977135673626597,2026-02-28,807,ok,0.0009632997775444204,0.5466694848547928,0.07298295624966644,0.002880906138620132,0.008200460927538789,-0.04395098073535046
CMP044,Thales S.A.,HO.PA,^FCHI,EUR,Euronext Paris,PRIMARY_DIRECT,Defence Contractor,False,2026-08-07,264.79998779296875,8714.9296875,0.0007557886804239189,0.0017494521806862284,-0.0009936635002623095,1.373118644158199,0.32153118699177985,0.6967199038623973,2026-02-28,807,ok,0.0009632997775444204,0.5466694848547928,0.07298295624966644,0.001919671899938255,-0.001163883219514336,-0.045114863954864796
CMP044,Thales S.A.,HO.PA,^FCHI,EUR,Euronext Paris,PRIMARY_DIRECT,Defence Contractor,False,2026-08-10,267.3999938964844,8726.0302734375,0.009818754619990377,0.001273743602707711,0.008545011017282667,1.3964197138093128,0.3232144788869893,0.70526491487968,2026-02-28,807,ok,0.0009632997775444204,0.5466694848547928,0.07298295624966644,0.0016596165366737326,0.008159138083316645,-0.03695572587154815
CMP044,Thales S.A.,HO.PA,^FCHI,EUR,Euronext Paris,PRIMARY_DIRECT,Defence Contractor,False,2026-08-11,267.79998779296875,8714.9404296875,0.001495863521370211,-0.0012708921929549533,0.002766755714325164,1.4000044306410926,0.3215328159361668,0.7080316705940052,2026-02-28,807,ok,0.0009632997775444204,0.5466694848547928,0.07298295624966644,0.00026854179711575813,0.0012273217242544528,-0.035728404147293696
CMP044,Thales S.A.,HO.PA,^FCHI,EUR,Euronext Paris,PRIMARY_DIRECT,Defence Contractor,False,2026-08-12,271.8999938964844,8674.9404296875,0.015309956274849768,-0.004589819095462744,0.01989977537031251,1.4367483935336534,0.31546721938230227,0.7279314459643177,2026-02-28,807,ok,0.0009632997775444204,0.5466694848547928,0.07298295624966644,-0.0015458142629488892,0.016855770537798655,-0.01887263360949504
CMP044,Thales S.A.,HO.PA,^FCHI,EUR,Euronext Paris,PRIMARY_DIRECT,Defence Contractor,False,2026-08-13,268.6000061035156,8650.5595703125,-0.012136770382661699,-0.00281049300252989,-0.009326277380131809,1.4071741378010159,0.31177010796717086,0.7186051685841859,2026-02-28,807,ok,0.0009632997775444204,0.5466694848547928,0.07298295624966644,-0.0005731109843365947,-0.011563659398325104,-0.030436293007820144
CMP044,Thales S.A.,HO.PA,^FCHI,EUR,Euronext Paris,PRIMARY_DIRECT,Defence Contractor,False,2026-08-14,270.3999938964844,8636.7998046875,0.0067013691439570255,-0.001590621452076002,0.008291990596033028,1.4233055002922068,0.30968357829324633,0.7268971591802189,2026-02-28,807,ok,0.0009632997775444204,0.5466694848547928,0.07298295624966644,9.375556773904984e-05,0.006607613576217976,-0.02382867943160217
CMP044,Thales S.A.,HO.PA,^FCHI,EUR,Euronext Paris,PRIMARY_DIRECT,Defence Contractor,False,2026-08-17,266.8999938964844,8579.599609375,-0.012943787274417917,-0.006622846031634988,-0.006320941242782929,1.3919387493954978,0.3010097456040495,0.720576217937436,2026-02-28,807,ok,0.0009632997775444204,0.5466694848547928,0.07298295624966644,-0.002657208050842088,-0.010286579223575829,-0.034115258655178
CMP044,Thales S.A.,HO.PA,^FCHI,EUR,Euronext Paris,PRIMARY_DIRECT,Defence Contractor,False,2026-08-18,266.0,8509.3603515625,-0.0033720266656634967,-0.008186775725029016,0.0048147490593655196,1.3838730681499025,0.29035867060071197,0.7253909669968015,2026-02-28,807,ok,0.0009632997775444204,0.5466694848547928,0.07298295624966644,-0.0035121606906789154,0.00014013402501541865,-0.03397512463016258
CMP044,Thales S.A.,HO.PA,^FCHI,EUR,Euronext Paris,PRIMARY_DIRECT,Defence Contractor,False,2026-08-19,259.79998779296875,8501.91015625,-0.023308316567786647,-0.0008755294175704087,-0.022432787150216238,1.328309000020044,0.289228923625384,0.7029581798465853,2026-02-28,807,ok,0.0009632997775444204,0.5466694848547928,0.07298295624966644,0.00048467456186598824,-0.023792991129652635,-0.05776811575981521
CMP044,Thales S.A.,HO.PA,^FCHI,EUR,Euronext Paris,PRIMARY_DIRECT,Defence Contractor,False,2026-08-20,256.1000061035156,8453.08984375,-0.014241654593154185,-0.005742275747775416,-0.008499378845378769,1.2951500274556262,0.2818258156439193,0.6944588010012065,2026-02-28,807,ok,0.0009632997775444204,0.5466694848547928,0.07298295624966644,-0.0021758271473861367,-0.012065827445768049,-0.06983394320558325
CMP044,Thales S.A.,HO.PA,^FCHI,EUR,Euronext Paris,PRIMARY_DIRECT,Defence Contractor,False,2026-08-21,253.1000061035156,8484.4296875,-0.011714173871543831,0.003707501556152515,-0.015421675427696346,1.2682642409727323,0.2865781868501356,0.6790371255735101,2026-02-28,807,ok,0.0009632997775444204,0.5466694848547928,0.07298295624966644,0.0029900777433446582,-0.014704251614888489,-0.08453819482047174
CMP044,Thales S.A.,HO.PA,^FCHI,EUR,Euronext Paris,PRIMARY_DIRECT,Defence Contractor,False,2026-08-24,251.0,8453.009765625,-0.0082971396794701,-0.0037032450067080447,-0.0045938946727620555,1.2494441357354344,0.2818136726039433,0.6744432309007481,2026-02-28,807,ok,0.0009632997775444204,0.5466694848547928,0.07298295624966644,-0.0010611512625637505,-0.00723598841690635,-0.0917741832373781
CMP044,Thales S.A.,HO.PA,^FCHI,EUR,Euronext Paris,PRIMARY_DIRECT,Defence Contractor,False,2026-08-25,250.0,8439.2001953125,-0.003984063745019917,-0.0016336867808502964,-0.0023503769641696204,1.2404822069078034,0.2797195905514971,0.6720928539365785,2026-02-28,807,ok,0.0009632997775444204,0.5466694848547928,0.07298295624966644,7.021306664290405e-05,-0.004054276811662821,-0.09582846004904091
CMP044,Thales S.A.,HO.PA,^FCHI,EUR,Euronext Paris,PRIMARY_DIRECT,Defence Contractor,False,2026-08-26,249.8000030517578,8462.3896484375,-0.0007999877929687482,0.0027478259299833496,-0.003547813722952098,1.2386898484919135,0.28323603722552226,0.6685450402136264,2026-02-28,807,ok,0.0009632997775444204,0.5466694848547928,0.07298295624966644,0.00246545236315906,-0.0032654401561278083,-0.09909390020516873
CMP044,Thales S.A.,HO.PA,^FCHI,EUR,Euronext Paris,PRIMARY_DIRECT,Defence Contractor,False,2026-08-27,246.6999969482422,8319.8701171875,-0.01240995222435326,-0.016841523159633165,0.004431570935279905,1.2109078144269843,0.26162438778531283,0.6729766111489063,2026-02-28,807,ok,0.0009632997775444204,0.5466694848547928,0.07298295624966644,-0.008243447012302304,-0.004166505212050956,-0.10326040541721969
CMP044,Thales S.A.,HO.PA,^FCHI,EUR,Euronext Paris,PRIMARY_DIRECT,Defence Contractor,False,2026-08-28,244.6999969482422,8401.1796875,-0.008107012666155766,0.009772937457825037,-0.017879950123980803,1.1929839567717218,0.27395416402240547,0.6550966610249255,2026-02-28,807,ok,0.0009632997775444204,0.5466694848547928,0.07298295624966644,0.006305866463131742,-0.014412879129287508,-0.11767328454650719
CMP044,Thales S.A.,HO.PA,^FCHI,EUR,Euronext Paris,PRIMARY_DIRECT,Defence Contractor,False,2026-08-31,243.6999969482422,8334.5,-0.004086636748963701,-0.007936943379417527,0.003850306630453826,1.1840220279440907,0.2638428619545865,0.6589469676553793,2026-02-28,807,ok,0.0009632997775444204,0.5466694848547928,0.07298295624966644,-0.0033755849710034175,-0.0007110517779602837,-0.11838433632446747
CMP044,Thales S.A.,HO.PA,^FCHI,EUR,Euronext Paris,PRIMARY_DIRECT,Defence Contractor,False,2026-09-01,238.6000061035156,8301.849609375,-0.02092733241112732,-0.003917498425220489,-0.01700983398590683,1.1383162729720802,0.25889175953315324,0.6419371336694725,2026-02-28,807,ok,0.0009632997775444204,0.5466694848547928,0.07298295624966644,-0.0011782770684903268,-0.019749055342636993,-0.13813339166710448
CMP044,Thales S.A.,HO.PA,^FCHI,EUR,Euronext Paris,PRIMARY_DIRECT,Defence Contractor,False,2026-09-02,237.1000061035156,8280.6298828125,-0.006286672094003354,-0.0025560239658566353,-0.0037306481281467185,1.1248733797306332,0.25567400202536716,0.6382064855413258,2026-02-28,807,ok,0.0009632997775444204,0.5466694848547928,0.07298295624966644,-0.00043400052714693096,-0.005852671566856423,-0.1439860632339609
