company_id,company_name,market_data_ticker,benchmark_ticker,trade_currency,primary_listing_exchange,analysis_tier,role_category,is_confirmatory,Date,company_price,benchmark_price,company_return,benchmark_return,abnormal_return,company_cumulative_return,benchmark_cumulative_return,cumulative_abnormal_return,ols_event_date,ols_estimation_window_observations,ols_status,ols_alpha,ols_beta,ols_r_squared,market_model_expected_return,market_model_abnormal_return,market_model_cumulative_abnormal_return
CMP007,Canadian Natural Resources Limited,CNQ.TO,^GSPTSE,CAD,Toronto Stock Exchange,PRIMARY_DIRECT,Raw Materials & Energy,False,2023-01-03,29.91755485534668,19443.80078125,0.0,0.0,0.0,0.0,0.0,0.0,2026-02-28,793,ok,0.0001194573116783041,1.160524888809286,0.2658773123411061,0.0001194573116783041,-0.0001194573116783041,-0.0001194573116783041
CMP007,Canadian Natural Resources Limited,CNQ.TO,^GSPTSE,CAD,Toronto Stock Exchange,PRIMARY_DIRECT,Raw Materials & Energy,False,2023-01-04,29.573434829711918,19588.80078125,-0.011502277752931556,0.007457389716717611,-0.018959667469649166,-0.011502277752931556,0.007457389716717611,-0.018959667469649166,2026-02-28,793,ok,0.0001194573116783041,1.160524888809286,0.2658773123411061,0.008773943683479522,-0.020276221436411078,-0.020395678748089383
CMP007,Canadian Natural Resources Limited,CNQ.TO,^GSPTSE,CAD,Toronto Stock Exchange,PRIMARY_DIRECT,Raw Materials & Energy,False,2023-01-05,29.636381149291992,19506.80078125,0.0021284750974153166,-0.004186065339869538,0.006314540437284855,-0.009398284967276904,0.003240107256228919,-0.012645127032364312,2026-02-28,793,ok,0.0001194573116783041,1.160524888809286,0.2658773123411061,-0.004738575701422198,0.006867050798837515,-0.013528627949251868
CMP007,Canadian Natural Resources Limited,CNQ.TO,^GSPTSE,CAD,Toronto Stock Exchange,PRIMARY_DIRECT,Raw Materials & Energy,False,2023-01-06,30.75688362121582,19814.5,0.03780834327508975,0.015773945825384272,0.02203439744970548,0.028054724723572955,0.019065162357941423,0.009389270417341167,2026-02-28,793,ok,0.0001194573116783041,1.160524888809286,0.2658773123411061,0.01842551403676609,0.01938282923832366,0.005854201289071792
CMP007,Canadian Natural Resources Limited,CNQ.TO,^GSPTSE,CAD,Toronto Stock Exchange,PRIMARY_DIRECT,Raw Materials & Energy,False,2023-01-09,31.00447654724121,19857.099609375,0.008050000418592607,0.0021499209858941715,0.005900079432698435,0.0363305656879338,0.021256071936488485,0.015289349850039602,2026-02-28,793,ok,0.0001194573116783041,1.160524888809286,0.2658773123411061,0.002614494124781888,0.0054355062938107185,0.011289707582882511
CMP007,Canadian Natural Resources Limited,CNQ.TO,^GSPTSE,CAD,Toronto Stock Exchange,PRIMARY_DIRECT,Raw Materials & Energy,False,2023-01-10,31.210100173950195,19898.900390625,0.006632062515091297,0.00210507989949682,0.004526982615594477,0.04320357478587611,0.02340589756576117,0.01981633246563408,2026-02-28,793,ok,0.0001194573116783041,1.160524888809286,0.2658773123411061,0.0025624549279765142,0.004069607587114783,0.015359315169997294
CMP007,Canadian Natural Resources Limited,CNQ.TO,^GSPTSE,CAD,Toronto Stock Exchange,PRIMARY_DIRECT,Raw Materials & Energy,False,2023-01-11,31.373777389526367,20025.099609375,0.005244366876873574,0.006342019723333925,-0.0010976528464603508,0.048674517059319244,0.029896357953099528,0.018718679619173728,2026-02-28,793,ok,0.0001194573116783041,1.160524888809286,0.2658773123411061,0.007479529045926706,-0.0022351621690531323,0.013124153000944161
CMP007,Canadian Natural Resources Limited,CNQ.TO,^GSPTSE,CAD,Toronto Stock Exchange,PRIMARY_DIRECT,Raw Materials & Energy,False,2023-01-12,31.93191909790039,20211.19921875,0.01779007039682612,0.009293317536751555,0.008496752860074563,0.06733051054116213,0.039467511837501634,0.02721543247924829,2026-02-28,793,ok,0.0001194573116783041,1.160524888809286,0.2658773123411061,0.010904583612686291,0.006885486784139827,0.020009639785083987
CMP007,Canadian Natural Resources Limited,CNQ.TO,^GSPTSE,CAD,Toronto Stock Exchange,PRIMARY_DIRECT,Raw Materials & Energy,False,2023-01-13,32.23828125,20360.099609375,0.0095942292463016,0.007367221955185244,0.0022270072911163563,0.07757072414086608,0.047125499712412644,0.029442439770364648,2026-02-28,793,ok,0.0001194573116783041,1.160524888809286,0.2658773123411061,0.00866930175205299,0.0009249274942486098,0.020934567279332596
CMP007,Canadian Natural Resources Limited,CNQ.TO,^GSPTSE,CAD,Toronto Stock Exchange,PRIMARY_DIRECT,Raw Materials & Energy,False,2023-01-16,32.229881286621094,20390.30078125,-0.0002605586604871313,0.0014833508899481096,-0.0017439095504352409,0.0772899537564038,0.04867875425429835,0.027698530219929407,2026-02-28,793,ok,0.0001194573116783041,1.160524888809286,0.2658773123411061,0.0018409229383004897,-0.0021014815987876207,0.018833085680544974
CMP007,Canadian Natural Resources Limited,CNQ.TO,^GSPTSE,CAD,Toronto Stock Exchange,PRIMARY_DIRECT,Raw Materials & Energy,False,2023-01-17,32.8383903503418,20457.5,0.01888027629730371,0.0032956462717701474,0.015584630025533563,0.09762948573563435,0.05213482848104101,0.04328316024546297,2026-02-28,793,ok,0.0001194573116783041,1.160524888809286,0.2658773123411061,0.003944136834779092,0.014936139462524619,0.03376922514306959
CMP007,Canadian Natural Resources Limited,CNQ.TO,^GSPTSE,CAD,Toronto Stock Exchange,PRIMARY_DIRECT,Raw Materials & Energy,False,2023-01-18,32.99784851074219,20376.19921875,0.004855845816411408,-0.0039741308199926495,0.008829976636404058,0.10295940528191361,0.04795350703238688,0.05211313688186703,2026-02-28,793,ok,0.0001194573116783041,1.160524888809286,0.2658773123411061,-0.004492620416307222,0.00934846623271863,0.04311769137578822
CMP007,Canadian Natural Resources Limited,CNQ.TO,^GSPTSE,CAD,Toronto Stock Exchange,PRIMARY_DIRECT,Raw Materials & Energy,False,2023-01-19,33.60216522216797,20341.400390625,0.018313821618674675,-0.0017078174271567548,0.02002163904583143,0.12315880708288618,0.046163793770226835,0.07213477592769846,2026-02-28,793,ok,0.0001194573116783041,1.160524888809286,0.2658773123411061,-0.0018625073180793495,0.020176328936754025,0.06329402031254225
CMP007,Canadian Natural Resources Limited,CNQ.TO,^GSPTSE,CAD,Toronto Stock Exchange,PRIMARY_DIRECT,Raw Materials & Energy,False,2023-01-20,33.87914276123047,20503.19921875,0.008242847960278743,0.007954163676930026,0.0002886842833487169,0.13241683436491836,0.05448515181875324,0.07242346021104717,2026-02-28,793,ok,0.0001194573116783041,1.160524888809286,0.2658773123411061,0.009350462228418385,-0.0011076142681396423,0.062186406044402606
CMP007,Canadian Natural Resources Limited,CNQ.TO,^GSPTSE,CAD,Toronto Stock Exchange,PRIMARY_DIRECT,Raw Materials & Energy,False,2023-01-23,34.2778205871582,20631.599609375,0.011767647981458351,0.006262456373519409,0.005505191607938942,0.14574271704000208,0.061088819078542134,0.07792865181898612,2026-02-28,793,ok,0.0001194573116783041,1.160524888809286,0.2658773123411061,0.007387193798229921,0.0043804541832284305,0.06656686022763103
CMP007,Canadian Natural Resources Limited,CNQ.TO,^GSPTSE,CAD,Toronto Stock Exchange,PRIMARY_DIRECT,Raw Materials & Energy,False,2023-01-24,33.958885192871094,20629.599609375,-0.0093044245177768,-9.693867842852644e-05,-0.009207485839348273,0.13508224041251093,0.060985958530725304,0.06872116597963784,2026-02-28,793,ok,0.0001194573116783041,1.160524888809286,0.2658773123411061,6.9575626737193255e-06,-0.009311382080450518,0.057255478147180516
CMP007,Canadian Natural Resources Limited,CNQ.TO,^GSPTSE,CAD,Toronto Stock Exchange,PRIMARY_DIRECT,Raw Materials & Energy,False,2023-01-25,33.47626876831055,20599.599609375,-0.01421178645351584,-0.0014542211467044597,-0.01275756530681138,0.11895069400458991,0.05944305031347352,0.05596360067282646,2026-02-28,793,ok,0.0001194573116783041,1.160524888809286,0.2658773123411061,-0.0015682025229050013,-0.012643583930610838,0.04461189421656968
CMP007,Canadian Natural Resources Limited,CNQ.TO,^GSPTSE,CAD,Toronto Stock Exchange,PRIMARY_DIRECT,Raw Materials & Energy,False,2023-01-26,34.02602005004883,20700.5,0.016422119368891153,0.0048981724178309705,0.011523946951060182,0.13732623586943693,0.06463238504078173,0.06748754762388665,2026-02-28,793,ok,0.0001194573116783041,1.160524888809286,0.2658773123411061,0.005803908312250303,0.01061821105664085,0.055230105273210525
CMP007,Canadian Natural Resources Limited,CNQ.TO,^GSPTSE,CAD,Toronto Stock Exchange,PRIMARY_DIRECT,Raw Materials & Energy,False,2023-01-27,34.72686004638672,20714.5,0.020597178139171834,0.0006763121663728722,0.019920865972798962,0.16075194695199357,0.06535240887549931,0.08740841359668561,2026-02-28,793,ok,0.0001194573116783041,1.160524888809286,0.2658773123411061,0.0009043344133585489,0.019692843725813286,0.07492294899902381
CMP007,Canadian Natural Resources Limited,CNQ.TO,^GSPTSE,CAD,Toronto Stock Exchange,PRIMARY_DIRECT,Raw Materials & Energy,False,2023-01-30,33.94209289550781,20572.099609375,-0.02259827550865945,-0.006874430501580986,-0.015723845007078463,0.13452095465755964,0.05802871778099283,0.07168456858960714,2026-02-28,793,ok,0.0001194573116783041,1.160524888809286,0.2658773123411061,-0.007858490381796134,-0.014739785126863315,0.060183163872160494
CMP007,Canadian Natural Resources Limited,CNQ.TO,^GSPTSE,CAD,Toronto Stock Exchange,PRIMARY_DIRECT,Raw Materials & Energy,False,2023-01-31,34.27362060546875,20767.400390625,0.009767450433347147,0.00949347830111602,0.00027397213223112615,0.14560233184777105,0.06807309045520427,0.07195854072183827,2026-02-28,793,ok,0.0001194573116783041,1.160524888809286,0.2658773123411061,0.011136875161494345,-0.001369424728147198,0.0588137391440133
CMP007,Canadian Natural Resources Limited,CNQ.TO,^GSPTSE,CAD,Toronto Stock Exchange,PRIMARY_DIRECT,Raw Materials & Energy,False,2023-02-01,33.02722930908203,20751.099609375,-0.03636590690940433,-0.0007849216051787344,-0.0355809853042256,0.10394146409259841,0.06723473681059589,0.03637755541761267,2026-02-28,793,ok,0.0001194573116783041,1.160524888809286,0.2658773123411061,-0.000791463746895753,-0.03557444316250858,0.023239295981504718
CMP007,Canadian Natural Resources Limited,CNQ.TO,^GSPTSE,CAD,Toronto Stock Exchange,PRIMARY_DIRECT,Raw Materials & Energy,False,2023-02-02,32.32640075683594,20740.400390625,-0.02121971981626003,-0.0005155976768174142,-0.020704122139442616,0.08051613553100156,0.0666844730596774,0.015673433278170057,2026-02-28,793,ok,0.0001194573116783041,1.160524888809286,0.2658773123411061,-0.00047890662488055173,-0.02074081319137948,0.0024984827901252393
CMP007,Canadian Natural Resources Limited,CNQ.TO,^GSPTSE,CAD,Toronto Stock Exchange,PRIMARY_DIRECT,Raw Materials & Energy,False,2023-02-03,32.62016677856445,20758.30078125,0.009087495509885857,0.0008630687107222812,0.008224426799163576,0.09033532106099873,0.06760509505258838,0.023897860077333632,2026-02-28,793,ok,0.0001194573116783041,1.160524888809286,0.2658773123411061,0.0011210700312240533,0.007966425478661804,0.010464908268787043
CMP007,Canadian Natural Resources Limited,CNQ.TO,^GSPTSE,CAD,Toronto Stock Exchange,PRIMARY_DIRECT,Raw Materials & Energy,False,2023-02-06,32.60337829589844,20628.900390625,-0.000514665752017196,-0.006233669701032674,0.005719003949015478,0.08977416281303396,0.060949997518890964,0.02961686402634911,2026-02-28,793,ok,0.0001194573116783041,1.160524888809286,0.2658773123411061,-0.007114871524986455,0.006600205772969259,0.017065114041756303
CMP007,Canadian Natural Resources Limited,CNQ.TO,^GSPTSE,CAD,Toronto Stock Exchange,PRIMARY_DIRECT,Raw Materials & Energy,False,2023-02-07,33.2916145324707,20725.0,0.02110935346411158,0.004658494032899307,0.016450859431212272,0.11277859081191055,0.06589242675153728,0.04606772345756138,2026-02-28,793,ok,0.0001194573116783041,1.160524888809286,0.2658773123411061,0.005525755581227495,0.015583597882884085,0.03264871192464039
CMP007,Canadian Natural Resources Limited,CNQ.TO,^GSPTSE,CAD,Toronto Stock Exchange,PRIMARY_DIRECT,Raw Materials & Energy,False,2023-02-08,33.46368408203125,20679.5,0.005168555264651431,-0.0021954161640530545,0.0073639714287044855,0.11853004845584292,0.06355234928870512,0.05343169488626587,2026-02-28,793,ok,0.0001194573116783041,1.160524888809286,0.2658773123411061,-0.0024283777879994762,0.007596933052650907,0.040245644977291294
CMP007,Canadian Natural Resources Limited,CNQ.TO,^GSPTSE,CAD,Toronto Stock Exchange,PRIMARY_DIRECT,Raw Materials & Energy,False,2023-02-09,33.28742218017578,20597.80078125,-0.005267259319786444,-0.003950734725210903,-0.001316524594575541,0.11263846063365279,0.05935053609029062,0.05211517029169033,2026-02-28,793,ok,0.0001194573116783041,1.160524888809286,0.2658773123411061,-0.004465468666012064,-0.0008017906537743794,0.039443854323516915
CMP007,Canadian Natural Resources Limited,CNQ.TO,^GSPTSE,CAD,Toronto Stock Exchange,PRIMARY_DIRECT,Raw Materials & Energy,False,2023-02-10,33.963077545166016,20612.099609375,0.020297617560563808,0.0006941919808263197,0.019603425579737488,0.13522237059076914,0.06008592873732854,0.07171859587142781,2026-02-28,793,ok,0.0001194573116783041,1.160524888809286,0.2658773123411061,0.0009250843830390669,0.019372533177524742,0.05881638750104166
CMP007,Canadian Natural Resources Limited,CNQ.TO,^GSPTSE,CAD,Toronto Stock Exchange,PRIMARY_DIRECT,Raw Materials & Energy,False,2023-02-13,34.185489654541016,20702.19921875,0.006548644158622663,0.004371199978774554,0.0021774441798481092,0.1426565379366762,0.06471977632652437,0.07389604005127592,2026-02-28,793,ok,0.0001194573116783041,1.160524888809286,0.2658773123411061,0.0051923436810087965,0.0013563004776138664,0.06017268797865552
CMP007,Canadian Natural Resources Limited,CNQ.TO,^GSPTSE,CAD,Toronto Stock Exchange,PRIMARY_DIRECT,Raw Materials & Energy,False,2023-02-14,33.71967315673828,20704.80078125,-0.013626146722191423,0.0001256659967625584,-0.013751812718953982,0.12708653229767974,0.06485357539848935,0.06014422733232194,2026-02-28,793,ok,0.0001194573116783041,1.160524888809286,0.2658773123411061,0.0002652958285982803,-0.013891442550789704,0.04628124542786582
CMP007,Canadian Natural Resources Limited,CNQ.TO,^GSPTSE,CAD,Toronto Stock Exchange,PRIMARY_DIRECT,Raw Materials & Energy,False,2023-02-15,33.39653396606445,20720.400390625,-0.009583105659766833,0.0007534295808886426,-0.010336535240655476,0.11628554297097082,0.06565586758150954,0.04980769209166647,2026-02-28,793,ok,0.0001194573116783041,1.160524888809286,0.2658773123411061,0.0009938310922647231,-0.010576936752031555,0.03570430867583426
CMP007,Canadian Natural Resources Limited,CNQ.TO,^GSPTSE,CAD,Toronto Stock Exchange,PRIMARY_DIRECT,Raw Materials & Energy,False,2023-02-16,33.018836975097656,20606.400390625,-0.01130946676534128,-0.005501824185384918,-0.0058076425799563625,0.10366094872210962,0.05979281635595224,0.044000049511710104,2026-02-28,793,ok,0.0001194573116783041,1.160524888809286,0.2658773123411061,-0.006265546589313769,-0.0050439201760275115,0.03066038849980675
CMP007,Canadian Natural Resources Limited,CNQ.TO,^GSPTSE,CAD,Toronto Stock Exchange,PRIMARY_DIRECT,Raw Materials & Energy,False,2023-02-17,31.4954776763916,20515.19921875,-0.04613606771961565,-0.004425866242824816,-0.04171020147679083,0.05274237245237123,0.05510231510565422,0.002289848034919273,2026-02-28,793,ok,0.0001194573116783041,1.160524888809286,0.2658773123411061,-0.005016870617660739,-0.041119197101954906,-0.010458808602148158
CMP007,Canadian Natural Resources Limited,CNQ.TO,^GSPTSE,CAD,Toronto Stock Exchange,PRIMARY_DIRECT,Raw Materials & Energy,False,2023-02-21,31.3527946472168,20252.599609375,-0.004530270365823097,-0.012800246615933153,0.008269976250110056,0.04797316487960401,0.04159674526725987,0.010559824285029329,2026-02-28,793,ok,0.0001194573116783041,1.160524888809286,0.2658773123411061,-0.014735547469008958,0.010205277103185861,-0.0002535314989622964
CMP007,Canadian Natural Resources Limited,CNQ.TO,^GSPTSE,CAD,Toronto Stock Exchange,PRIMARY_DIRECT,Raw Materials & Energy,False,2023-02-22,31.256275177001957,20193.30078125,-0.0030784965519305985,-0.002927961312065408,-0.00015053523986519046,0.044746983105006466,0.03854699029434405,0.010409289045164138,2026-02-28,793,ok,0.0001194573116783041,1.160524888809286,0.2658773123411061,-0.003278514664444295,0.00020001811251369643,-5.351338644859994e-05
CMP007,Canadian Natural Resources Limited,CNQ.TO,^GSPTSE,CAD,Toronto Stock Exchange,PRIMARY_DIRECT,Raw Materials & Energy,False,2023-02-23,31.701107025146484,20188.19921875,0.014231761322341718,-0.00025263638447547976,0.014484397706817198,0.05961557281079344,0.0382846155376082,0.024893686751981337,2026-02-28,793,ok,0.0001194573116783041,1.160524888809286,0.2658773123411061,-0.00017373350032428208,0.014405494822666001,0.0143519814362174
CMP007,Canadian Natural Resources Limited,CNQ.TO,^GSPTSE,CAD,Toronto Stock Exchange,PRIMARY_DIRECT,Raw Materials & Energy,False,2023-02-24,32.309608459472656,20219.19921875,0.019194958518120142,0.0015355505294998295,0.017659407988620313,0.07995484977605072,0.03987895402876851,0.04255309474060165,2026-02-28,793,ok,0.0001194573116783041,1.160524888809286,0.2658773123411061,0.001901501919187134,0.01729345659893301,0.03164543803515041
CMP007,Canadian Natural Resources Limited,CNQ.TO,^GSPTSE,CAD,Toronto Stock Exchange,PRIMARY_DIRECT,Raw Materials & Energy,False,2023-02-27,32.52783966064453,20260.099609375,0.006754374676053887,0.0020228491832194884,0.004731525492834399,0.0872492694646596,0.041982472321572706,0.04728462023343605,2026-02-28,793,ok,0.0001194573116783041,1.160524888809286,0.2658773123411061,0.002467024135112056,0.004287350540941831,0.03593278857609224
CMP007,Canadian Natural Resources Limited,CNQ.TO,^GSPTSE,CAD,Toronto Stock Exchange,PRIMARY_DIRECT,Raw Materials & Energy,False,2023-02-28,32.359981536865234,20221.19921875,-0.005160444884459658,-0.0019200493272500951,-0.0032403955572095633,0.08163857953391829,0.03998181457658534,0.044044224676226484,2026-02-28,793,ok,0.0001194573116783041,1.160524888809286,0.2658773123411061,-0.002108807720336957,-0.0030516371641227014,0.03288115141196953
CMP007,Canadian Natural Resources Limited,CNQ.TO,^GSPTSE,CAD,Toronto Stock Exchange,PRIMARY_DIRECT,Raw Materials & Energy,False,2023-03-01,33.048221588134766,20259.80078125,0.02126824610469802,0.0019089650461583396,0.01935928105853968,0.10464313503978162,0.04196710350925237,0.06340350573476616,2026-02-28,793,ok,0.0001194573116783041,1.160524888809286,0.2658773123411061,0.0023348587596120247,0.018933387345085994,0.05181453875705552
CMP007,Canadian Natural Resources Limited,CNQ.TO,^GSPTSE,CAD,Toronto Stock Exchange,PRIMARY_DIRECT,Raw Materials & Energy,False,2023-03-02,33.63993453979492,20337.19921875,0.017904532323536504,0.003820296079694474,0.01408423624384203,0.12442125375707414,0.04594772634995947,0.0774877419786082,2026-02-28,793,ok,0.0001194573116783041,1.160524888809286,0.2658773123411061,0.004553005994784285,0.013351526328752219,0.06516606508580775
CMP007,Canadian Natural Resources Limited,CNQ.TO,^GSPTSE,CAD,Toronto Stock Exchange,PRIMARY_DIRECT,Raw Materials & Energy,False,2023-03-03,34.35335922241211,20581.599609375,0.021207671548029605,0.01201740652664074,0.009190265021388866,0.14826761038837777,0.0585173053831225,0.08667800699999706,2026-02-28,793,ok,0.0001194573116783041,1.160524888809286,0.2658773123411061,0.014065956684784038,0.0071417148632455674,0.07230777994905331
CMP007,Canadian Natural Resources Limited,CNQ.TO,^GSPTSE,CAD,Toronto Stock Exchange,PRIMARY_DIRECT,Raw Materials & Energy,False,2023-03-06,34.0679931640625,20514.80078125,-0.008306787598327148,-0.003245560568313266,-0.005061227030013882,0.13872919524284288,0.055081823355893844,0.08161677996998318,2026-02-28,793,ok,0.0001194573116783041,1.160524888809286,0.2658773123411061,-0.003647096505987252,-0.004659691092339896,0.06764808885671342
CMP007,Canadian Natural Resources Limited,CNQ.TO,^GSPTSE,CAD,Toronto Stock Exchange,PRIMARY_DIRECT,Raw Materials & Energy,False,2023-03-07,33.316802978515625,20275.5,-0.02204973395202181,-0.011664786989728615,-0.010384946962293196,0.11362051944433826,0.04277451862971282,0.07123183300768998,2026-02-28,793,ok,0.0001194573116783041,1.160524888809286,0.2658773123411061,-0.013417818312560503,-0.008631915639461307,0.05901617321725211
CMP007,Canadian Natural Resources Limited,CNQ.TO,^GSPTSE,CAD,Toronto Stock Exchange,PRIMARY_DIRECT,Raw Materials & Energy,False,2023-03-08,33.421714782714844,20346.5,0.0031489157067943196,0.003501763211757991,-0.00035284750496367145,0.11712721658942504,0.04642606807720906,0.07087898550272631,2026-02-28,793,ok,0.0001194573116783041,1.160524888809286,0.2658773123411061,0.004183340673640195,-0.001034424966845875,0.05798174825040624
CMP007,Canadian Natural Resources Limited,CNQ.TO,^GSPTSE,CAD,Toronto Stock Exchange,PRIMARY_DIRECT,Raw Materials & Energy,False,2023-03-09,33.2916145324707,20086.69921875,-0.003892686269689194,-0.01276881926867024,0.008876132998981046,0.11277859081191122,0.03306444273590592,0.07975511850170736,2026-02-28,793,ok,0.0001194573116783041,1.160524888809286,0.2658773123411061,-0.014699075250321094,0.0108063889806319,0.06878813723103813
CMP007,Canadian Natural Resources Limited,CNQ.TO,^GSPTSE,CAD,Toronto Stock Exchange,PRIMARY_DIRECT,Raw Materials & Energy,False,2023-03-10,32.729278564453125,19774.900390625,-0.016891219483185727,-0.015522651319135106,-0.0013685681640506209,0.0939824033983172,0.01702854360111994,0.07838655033765674,2026-02-28,793,ok,0.0001194573116783041,1.160524888809286,0.2658773123411061,-0.01789496588448628,0.001003746401300555,0.06979188363233868
CMP007,Canadian Natural Resources Limited,CNQ.TO,^GSPTSE,CAD,Toronto Stock Exchange,PRIMARY_DIRECT,Raw Materials & Energy,False,2023-03-13,31.365375518798828,19588.900390625,-0.041672261213102746,-0.009405862802129739,-0.03226639841097301,0.04839368292136448,0.007462512654157871,0.04612015192668373,2026-02-28,793,ok,0.0001194573116783041,1.160524888809286,0.2658773123411061,-0.01079628057091871,-0.030875980642184036,0.03891590299015464
CMP007,Canadian Natural Resources Limited,CNQ.TO,^GSPTSE,CAD,Toronto Stock Exchange,PRIMARY_DIRECT,Raw Materials & Energy,False,2023-03-14,30.73169708251953,19694.19921875,-0.020203119707573824,0.005375433333429713,-0.025578553041003538,0.027212859844639947,0.012878060226859889,0.02054159888568019,2026-02-28,793,ok,0.0001194573116783041,1.160524888809286,0.2658773123411061,0.006357781483258552,-0.026560901190832376,0.012355001799322265
CMP007,Canadian Natural Resources Limited,CNQ.TO,^GSPTSE,CAD,Toronto Stock Exchange,PRIMARY_DIRECT,Raw Materials & Energy,False,2023-03-15,29.27966690063477,19378.80078125,-0.04724861689173321,-0.01601478861855543,-0.031233828273177777,-0.021321527036421095,-0.003342967804045749,-0.010692229387497587,2026-02-28,793,ok,0.0001194573116783041,1.160524888809286,0.2658773123411061,-0.018466103469174957,-0.02878251342255825,-0.016427511623235986
CMP007,Canadian Natural Resources Limited,CNQ.TO,^GSPTSE,CAD,Toronto Stock Exchange,PRIMARY_DIRECT,Raw Materials & Energy,False,2023-03-16,29.65379524230957,19539.0,0.012777752661752073,0.008266725096064853,0.00451102756568722,-0.00881621557351131,0.004896121896178052,-0.006181201821810367,2026-02-28,793,ok,0.0001194573116783041,1.160524888809286,0.2658773123411061,0.009713197534605903,0.0030645551271461704,-0.013362956496089816
CMP007,Canadian Natural Resources Limited,CNQ.TO,^GSPTSE,CAD,Toronto Stock Exchange,PRIMARY_DIRECT,Raw Materials & Energy,False,2023-03-17,29.18613624572754,19387.69921875,-0.01577062877654134,-0.007743527368340275,-0.008027101408201065,-0.024447807087028872,-0.0028853187260640123,-0.014208303230011432,2026-02-28,793,ok,0.0001194573116783041,1.160524888809286,0.2658773123411061,-0.008867098926456457,-0.006903529850084883,-0.0202664863461747
CMP007,Canadian Natural Resources Limited,CNQ.TO,^GSPTSE,CAD,Toronto Stock Exchange,PRIMARY_DIRECT,Raw Materials & Energy,False,2023-03-20,29.938640594482425,19519.400390625,0.025782938256003085,0.006793027392731021,0.018989910863272064,0.00070479486835473,0.0038881086175241997,0.004781607633260632,2026-02-28,793,ok,0.0001194573116783041,1.160524888809286,0.2658773123411061,0.008002934671305908,0.017780003584697175,-0.002486482761477525
CMP007,Canadian Natural Resources Limited,CNQ.TO,^GSPTSE,CAD,Toronto Stock Exchange,PRIMARY_DIRECT,Raw Materials & Energy,False,2023-03-21,30.835691452026367,19654.900390625,0.029962978937302376,0.006941811597096059,0.023021167340206317,0.030688891559452758,0.010856910732112146,0.027802774973466948,2026-02-28,793,ok,0.0001194573116783041,1.160524888809286,0.2658773123411061,0.008175602443533221,0.021787376493769155,0.01930089373229163
CMP007,Canadian Natural Resources Limited,CNQ.TO,^GSPTSE,CAD,Toronto Stock Exchange,PRIMARY_DIRECT,Raw Materials & Energy,False,2023-03-22,30.30001640319824,19532.80078125,-0.017371916230953466,-0.006212171364309738,-0.011159744866643728,0.012783850475107661,0.004577294377847485,0.01664303010682322,2026-02-28,793,ok,0.0001194573116783041,1.160524888809286,0.2658773123411061,-0.007089922170151485,-0.01028199406080198,0.009018899671489649
CMP007,Canadian Natural Resources Limited,CNQ.TO,^GSPTSE,CAD,Toronto Stock Exchange,PRIMARY_DIRECT,Raw Materials & Energy,False,2023-03-23,30.01091766357422,19459.900390625,-0.00954120736362063,-0.0037322036630291766,-0.005809003700591453,0.0031206697431984676,0.0008280073199744553,0.010834026406231767,2026-02-28,793,ok,0.0001194573116783041,1.160524888809286,0.2658773123411061,-0.004211857929372242,-0.005329349434248388,0.003689550237241261
CMP007,Canadian Natural Resources Limited,CNQ.TO,^GSPTSE,CAD,Toronto Stock Exchange,PRIMARY_DIRECT,Raw Materials & Energy,False,2023-03-24,30.01516914367676,19501.5,0.00014166444859164962,0.002137709265718657,-0.0019960448171270073,0.0032627762797485804,0.0029674866246132137,0.00883798158910476,2026-02-28,793,ok,0.0001194573116783041,1.160524888809286,0.2658773123411061,0.002600322119583029,-0.0024586576709913796,0.0012308925662498815
CMP007,Canadian Natural Resources Limited,CNQ.TO,^GSPTSE,CAD,Toronto Stock Exchange,PRIMARY_DIRECT,Raw Materials & Energy,False,2023-03-27,30.58486557006836,19624.69921875,0.018980283724691738,0.006317422698254083,0.012662861026437655,0.022304988423960115,0.00930365619022644,0.021500842615542415,2026-02-28,793,ok,0.0001194573116783041,1.160524888809286,0.2658773123411061,0.007450983586130883,0.011529300138560855,0.012760192704810736
CMP007,Canadian Natural Resources Limited,CNQ.TO,^GSPTSE,CAD,Toronto Stock Exchange,PRIMARY_DIRECT,Raw Materials & Energy,False,2023-03-28,31.090782165527344,19657.5,0.016541403273457433,0.0016714030051814266,0.014870000268276007,0.03921534750594802,0.010990609354323277,0.03637084288381842,2026-02-28,793,ok,0.0001194573116783041,1.160524888809286,0.2658773123411061,0.0020591620984219856,0.014482241175035448,0.027242433879846185
CMP007,Canadian Natural Resources Limited,CNQ.TO,^GSPTSE,CAD,Toronto Stock Exchange,PRIMARY_DIRECT,Raw Materials & Energy,False,2023-03-29,31.456403732299805,19837.69921875,0.011759806003782458,0.009166944868370885,0.0025928611354115727,0.051436318388771385,0.020258304532715155,0.038963704019229994,2026-02-28,793,ok,0.0001194573116783041,1.160524888809286,0.2658773123411061,0.010757924985765282,0.001001881018017176,0.02824431489786336
CMP007,Canadian Natural Resources Limited,CNQ.TO,^GSPTSE,CAD,Toronto Stock Exchange,PRIMARY_DIRECT,Raw Materials & Energy,False,2023-03-30,31.58820343017578,19941.0,0.004189916272617111,0.005207296476819501,-0.0010173802042023894,0.05584174852880919,0.02557109200735419,0.037946323815027605,2026-02-28,793,ok,0.0001194573116783041,1.160524888809286,0.2658773123411061,0.006162654476436242,-0.0019727382038191308,0.02627157669404423
CMP007,Canadian Natural Resources Limited,CNQ.TO,^GSPTSE,CAD,Toronto Stock Exchange,PRIMARY_DIRECT,Raw Materials & Energy,False,2023-03-31,31.796527862548828,20099.900390625,0.006595007304974976,0.007968526684970723,-0.0013735193799957468,0.06280503257325432,0.03374338262134935,0.03657280443503186,2026-02-28,793,ok,0.0001194573116783041,1.160524888809286,0.2658773123411061,0.009367130856727782,-0.0027721235517528062,0.023499453142291425
CMP007,Canadian Natural Resources Limited,CNQ.TO,^GSPTSE,CAD,Toronto Stock Exchange,PRIMARY_DIRECT,Raw Materials & Energy,False,2023-04-03,33.75643539428711,20278.30078125,0.06163904248321206,0.00887568530977445,0.05276335717343761,0.12831531712740873,0.0429185635765581,0.08933616160846947,2026-02-28,793,ok,0.0001194573116783041,1.160524888809286,0.2658773123411061,0.010419911018910512,0.05121913146430154,0.07471858460659297
CMP007,Canadian Natural Resources Limited,CNQ.TO,^GSPTSE,CAD,Toronto Stock Exchange,PRIMARY_DIRECT,Raw Materials & Energy,False,2023-04-04,33.7734489440918,20275.80078125,0.0005040090757795213,-0.00012328449148513165,0.0006272935672646529,0.128883998287582,0.04278998789178723,0.08996345517573412,2026-02-28,793,ok,0.0001194573116783041,1.160524888809286,0.2658773123411061,-2.361740909438768e-05,0.0005276264848739089,0.07524621109146688
CMP007,Canadian Natural Resources Limited,CNQ.TO,^GSPTSE,CAD,Toronto Stock Exchange,PRIMARY_DIRECT,Raw Materials & Energy,False,2023-04-05,33.73092269897461,20159.599609375,-0.0012591620473106913,-0.005731027500647801,0.004471865453337109,0.12746255040112198,0.03681372979377917,0.09443532062907123,2026-02-28,793,ok,0.0001194573116783041,1.160524888809286,0.2658773123411061,-0.006531542741273945,0.005272380693963254,0.08051859178543014
CMP007,Canadian Natural Resources Limited,CNQ.TO,^GSPTSE,CAD,Toronto Stock Exchange,PRIMARY_DIRECT,Raw Materials & Energy,False,2023-04-06,33.556617736816406,20196.69921875,-0.005167512425134468,0.001840294950984367,-0.007007807376118835,0.12163637366305036,0.038721772865830006,0.0874275132529524,2026-02-28,793,ok,0.0001194573116783041,1.160524888809286,0.2658773123411061,0.002255165405045727,-0.007422677830180195,0.07309591395524995
CMP007,Canadian Natural Resources Limited,CNQ.TO,^GSPTSE,CAD,Toronto Stock Exchange,PRIMARY_DIRECT,Raw Materials & Energy,False,2023-04-10,33.69691467285156,20275.80078125,0.004180902173618994,0.003916558921002622,0.0002643432526163725,0.12632582561570826,0.04278998789178723,0.08769185650556877,2026-02-28,793,ok,0.0001194573116783041,1.160524888809286,0.2658773123411061,0.0046647214179898885,-0.0004838192443708941,0.07261209471087905
CMP007,Canadian Natural Resources Limited,CNQ.TO,^GSPTSE,CAD,Toronto Stock Exchange,PRIMARY_DIRECT,Raw Materials & Energy,False,2023-04-11,33.9732551574707,20421.900390625,0.008200765182866387,0.007205614759743906,0.0009951504231224817,0.13556255923098082,0.050303930819853404,0.08868700692869125,2026-02-28,793,ok,0.0001194573116783041,1.160524888809286,0.2658773123411061,0.008481752579532651,-0.000280987396666264,0.07233110731421279
CMP007,Canadian Natural Resources Limited,CNQ.TO,^GSPTSE,CAD,Toronto Stock Exchange,PRIMARY_DIRECT,Raw Materials & Energy,False,2023-04-12,34.12630844116211,20454.30078125,0.004505110946301238,0.0015865512026429496,0.002918559743658289,0.14067839454678222,0.05197029178443624,0.09160556667234954,2026-02-28,793,ok,0.0001194573116783041,1.160524888809286,0.2658773123411061,0.0019606894697157522,0.002544421476585486,0.07487552879079827
CMP007,Canadian Natural Resources Limited,CNQ.TO,^GSPTSE,CAD,Toronto Stock Exchange,PRIMARY_DIRECT,Raw Materials & Energy,False,2023-04-13,34.82779693603516,20564.5,0.02055565125312353,0.005387581806317154,0.015168069446806376,0.16412578181705872,0.05763786778924018,0.10677363611915591,2026-02-28,793,ok,0.0001194573116783041,1.160524888809286,0.2658773123411061,0.006371880088405452,0.014183771164718077,0.08905929995551634
CMP007,Canadian Natural Resources Limited,CNQ.TO,^GSPTSE,CAD,Toronto Stock Exchange,PRIMARY_DIRECT,Raw Materials & Energy,False,2023-04-14,35.223182678222656,20579.900390625,0.011352591233768194,0.0007488823275547674,0.010603708906213427,0.17734162596271852,0.0584299140973803,0.11737734502536934,2026-02-28,793,ok,0.0001194573116783041,1.160524888809286,0.2658773123411061,0.0009885538915950399,0.010364037342173154,0.0994233372976895
CMP007,Canadian Natural Resources Limited,CNQ.TO,^GSPTSE,CAD,Toronto Stock Exchange,PRIMARY_DIRECT,Raw Materials & Energy,False,2023-04-17,34.959598541259766,20642.0,-0.007483257244833119,0.003017488335526064,-0.010500745580359183,0.16853127571058946,0.06162371401714095,0.10687659944501016,2026-02-28,793,ok,0.0001194573116783041,1.160524888809286,0.2658773123411061,0.0036213276267480074,-0.011104584871581127,0.08831875242610837
CMP007,Canadian Natural Resources Limited,CNQ.TO,^GSPTSE,CAD,Toronto Stock Exchange,PRIMARY_DIRECT,Raw Materials & Energy,False,2023-04-18,34.793792724609375,20684.69921875,-0.004742783772379577,0.0020685601564771616,-0.006811343928856739,0.16298918453863132,0.06381974653312805,0.10006525551615342,2026-02-28,793,ok,0.0001194573116783041,1.160524888809286,0.2658773123411061,0.0025200728572692815,-0.007262856629648859,0.08105589579645951
CMP007,Canadian Natural Resources Limited,CNQ.TO,^GSPTSE,CAD,Toronto Stock Exchange,PRIMARY_DIRECT,Raw Materials & Energy,False,2023-04-19,34.81929397583008,20680.80078125,0.0007329253071817199,-0.0001884696247584916,0.0009213949319402115,0.16384156874395828,0.06361924882468828,0.10098665044809363,2026-02-28,793,ok,0.0001194573116783041,1.160524888809286,0.2658773123411061,-9.926637863847223e-05,0.0008321916858201921,0.0818880874822797
CMP007,Canadian Natural Resources Limited,CNQ.TO,^GSPTSE,CAD,Toronto Stock Exchange,PRIMARY_DIRECT,Raw Materials & Energy,False,2023-04-20,34.241111755371094,20630.69921875,-0.016605225277121716,-0.002422612307422023,-0.014182612969699693,0.1445157173080862,0.061042511742074534,0.08680403747839394,2026-02-28,793,ok,0.0001194573116783041,1.160524888809286,0.2658773123411061,-0.002692044567020647,-0.013913180710101069,0.06797490677217863
CMP007,Canadian Natural Resources Limited,CNQ.TO,^GSPTSE,CAD,Toronto Stock Exchange,PRIMARY_DIRECT,Raw Materials & Energy,False,2023-04-21,34.43241500854492,20693.19921875,0.0055869463158952914,0.003029465910840079,0.0025574804050552125,0.1509100651783848,0.06425690386134919,0.08936151788344915,2026-02-28,793,ok,0.0001194573116783041,1.160524888809286,0.2658773123411061,0.0036352279010075095,0.001951718414887782,0.06992662518706641
CMP007,Canadian Natural Resources Limited,CNQ.TO,^GSPTSE,CAD,Toronto Stock Exchange,PRIMARY_DIRECT,Raw Materials & Energy,False,2023-04-24,34.78103256225586,20676.69921875,0.010124690749238052,-0.0007973634151769993,0.010922054164415052,0.1625626736685013,0.06340830434186051,0.1002835720478642,2026-02-28,793,ok,0.0001194573116783041,1.160524888809286,0.2658773123411061,-0.0008059027770605757,0.010930593526298629,0.08085721871336504
CMP007,Canadian Natural Resources Limited,CNQ.TO,^GSPTSE,CAD,Toronto Stock Exchange,PRIMARY_DIRECT,Raw Materials & Energy,False,2023-04-25,34.24960708618164,20439.900390625,-0.015279174795141626,-0.011452448266513815,-0.0038267265286278107,0.14479967536721317,0.05122967575020421,0.09645684551923639,2026-02-28,793,ok,0.0001194573116783041,1.160524888809286,0.2658773123411061,-0.013171393939411741,-0.0021077808557298846,0.07874943785763516
CMP007,Canadian Natural Resources Limited,CNQ.TO,^GSPTSE,CAD,Toronto Stock Exchange,PRIMARY_DIRECT,Raw Materials & Energy,False,2023-04-26,34.12630844116211,20366.69921875,-0.0036000017375170668,-0.003581288092214696,-1.871364530237063e-05,0.14067839454678222,0.04746491943025721,0.09643813187393402,2026-02-28,793,ok,0.0001194573116783041,1.160524888809286,0.2658773123411061,-0.004036716653333177,0.00043671491581610995,0.07918615277345127
CMP007,Canadian Natural Resources Limited,CNQ.TO,^GSPTSE,CAD,Toronto Stock Exchange,PRIMARY_DIRECT,Raw Materials & Energy,False,2023-04-27,34.38990783691406,20522.599609375,0.00772422825065977,0.007654671429598858,6.95568210609121e-05,0.1494892548268576,0.055482919222527016,0.09650768869499493,2026-02-28,793,ok,0.0001194573116783041,1.160524888809286,0.2658773123411061,0.009002894021385138,-0.0012786657707253672,0.0779074870027259
CMP007,Canadian Natural Resources Limited,CNQ.TO,^GSPTSE,CAD,Toronto Stock Exchange,PRIMARY_DIRECT,Raw Materials & Energy,False,2023-04-28,35.09989547729492,20636.5,0.020645232425390736,0.00554999818702151,0.015095234238369226,0.17322072766324736,0.06134084751064428,0.11160292293336416,2026-02-28,793,ok,0.0001194573116783041,1.160524888809286,0.2658773123411061,0.0065603683405631805,0.014084864084827555,0.09199235108755345
CMP007,Canadian Natural Resources Limited,CNQ.TO,^GSPTSE,CAD,Toronto Stock Exchange,PRIMARY_DIRECT,Raw Materials & Energy,False,2023-05-01,34.691749572753906,20615.099609375,-0.011628123075324681,-0.0010370164817192773,-0.010591106593605404,0.1595783726474571,0.0602402195590539,0.10101181633975875,2026-02-28,793,ok,0.0001194573116783041,1.160524888809286,0.2658773123411061,-0.0010840261254623572,-0.010544096949862324,0.08144825413769113
CMP007,Canadian Natural Resources Limited,CNQ.TO,^GSPTSE,CAD,Toronto Stock Exchange,PRIMARY_DIRECT,Raw Materials & Energy,False,2023-05-02,33.14848327636719,20407.599609375,-0.04448511001586275,-0.010065437661316734,-0.034419672354546016,0.1079944011682199,0.04956843772306141,0.06659214398521274,2026-02-28,793,ok,0.0001194573116783041,1.160524888809286,0.2658773123411061,-0.011561733611038098,-0.03292337640482465,0.048524877732866484
CMP007,Canadian Natural Resources Limited,CNQ.TO,^GSPTSE,CAD,Toronto Stock Exchange,PRIMARY_DIRECT,Raw Materials & Energy,False,2023-05-03,32.498008728027344,20354.69921875,-0.0196230561415639,-0.002592190734705402,-0.017030865406858497,0.08625216482955755,0.046847756143356456,0.04956127857835424,2026-02-28,793,ok,0.0001194573116783041,1.160524888809286,0.2658773123411061,-0.002888844552488144,-0.016734211589075756,0.031790666143790725
CMP007,Canadian Natural Resources Limited,CNQ.TO,^GSPTSE,CAD,Toronto Stock Exchange,PRIMARY_DIRECT,Raw Materials & Energy,False,2023-05-04,31.537189483642575,20238.19921875,-0.02956548053223107,-0.0057234940564823145,-0.023841986475748755,0.05413659759719547,0.04085612923302806,0.025719292102605484,2026-02-28,793,ok,0.0001194573116783041,1.160524888809286,0.2658773123411061,-0.006522799991821444,-0.023042680540409626,0.008747985603381098
CMP007,Canadian Natural Resources Limited,CNQ.TO,^GSPTSE,CAD,Toronto Stock Exchange,PRIMARY_DIRECT,Raw Materials & Energy,False,2023-05-05,32.77435302734375,20542.0,0.03922871898089886,0.0150112555947437,0.024217463386155158,0.09548902595181663,0.05648068662630057,0.04993675548876064,2026-02-28,793,ok,0.0001194573116783041,1.160524888809286,0.2658773123411061,0.01754039304165601,0.021688325939242848,0.030436311542623946
CMP007,Canadian Natural Resources Limited,CNQ.TO,^GSPTSE,CAD,Toronto Stock Exchange,PRIMARY_DIRECT,Raw Materials & Energy,False,2023-05-08,32.49375915527344,20585.19921875,-0.00856138553936403,0.002102970438613516,-0.010664355977977547,0.08611012204650081,0.05870243427924171,0.039272399510783096,2026-02-28,793,ok,0.0001194573116783041,1.160524888809286,0.2658773123411061,0.0025600068461194706,-0.0111213923854835,0.019314919157140446
CMP007,Canadian Natural Resources Limited,CNQ.TO,^GSPTSE,CAD,Toronto Stock Exchange,PRIMARY_DIRECT,Raw Materials & Energy,False,2023-05-09,32.45124053955078,20585.69921875,-0.0013085163683117518,2.428929614373132e-05,-0.001332805664455483,0.08468892917401383,0.058728149416195974,0.03793959384632761,2026-02-28,793,ok,0.0001194573116783041,1.160524888809286,0.2658773123411061,0.00014764564438476372,-0.0014561620126965155,0.017858757144443932
CMP007,Canadian Natural Resources Limited,CNQ.TO,^GSPTSE,CAD,Toronto Stock Exchange,PRIMARY_DIRECT,Raw Materials & Energy,False,2023-05-10,32.174903869628906,20499.30078125,-0.008515442409207208,-0.004197012527089927,-0.004318429882117281,0.0754523230657278,0.05428465411031347,0.03362116396421033,2026-02-28,793,ok,0.0001194573116783041,1.160524888809286,0.2658773123411061,-0.004751280184653915,-0.003764162224553293,0.014094594919890638
CMP007,Canadian Natural Resources Limited,CNQ.TO,^GSPTSE,CAD,Toronto Stock Exchange,PRIMARY_DIRECT,Raw Materials & Energy,False,2023-05-11,31.96658134460449,20417.599609375,-0.00647468989708655,-0.003985558958661151,-0.002489130938425399,0.06848910277477582,0.050082740462145114,0.031132033025784933,2026-02-28,793,ok,0.0001194573116783041,1.160524888809286,0.2658773123411061,-0.004505883055664782,-0.0019688068414217674,0.01212578807846887
CMP007,Canadian Natural Resources Limited,CNQ.TO,^GSPTSE,CAD,Toronto Stock Exchange,PRIMARY_DIRECT,Raw Materials & Energy,False,2023-05-12,31.96658134460449,20419.599609375,0.0,9.795470761808645e-05,-9.795470761808645e-05,0.06848910277477582,0.050185601009961944,0.031034078318166847,2026-02-28,793,ok,0.0001194573116783041,1.160524888809286,0.2658773123411061,0.00023313618784513,-0.00023313618784513,0.01189265189062374
CMP007,Canadian Natural Resources Limited,CNQ.TO,^GSPTSE,CAD,Toronto Stock Exchange,PRIMARY_DIRECT,Raw Materials & Energy,False,2023-05-15,32.395973205566406,20540.0,0.013432523682561204,0.005896314958581339,0.007536208723979865,0.08284160795235662,0.05637782607848374,0.03857028704214671,2026-02-28,793,ok,0.0001194573116783041,1.160524888809286,0.2658773123411061,0.0069622775733704425,0.006470246109190761,0.0183628979998145
CMP007,Canadian Natural Resources Limited,CNQ.TO,^GSPTSE,CAD,Toronto Stock Exchange,PRIMARY_DIRECT,Raw Materials & Energy,False,2023-05-16,31.609455108642575,20242.099609375,-0.0242782672998596,-0.014503427002190872,-0.00977484029766873,0.05655208995107963,0.04105672739122146,0.02879544674447798,2026-02-28,793,ok,0.0001194573116783041,1.160524888809286,0.2658773123411061,-0.016712130697392854,-0.007566136602466748,0.010796761397347754
CMP007,Canadian Natural Resources Limited,CNQ.TO,^GSPTSE,CAD,Toronto Stock Exchange,PRIMARY_DIRECT,Raw Materials & Energy,False,2023-05-17,32.03035354614258,20296.400390625,0.013315586619679687,0.0026825666456482544,0.010633019974031432,0.07062070082302685,0.04384943144434894,0.039428466718509414,2026-02-28,793,ok,0.0001194573116783041,1.160524888809286,0.2658773123411061,0.003232642669842744,0.010082943949836942,0.020879705347184696
CMP007,Canadian Natural Resources Limited,CNQ.TO,^GSPTSE,CAD,Toronto Stock Exchange,PRIMARY_DIRECT,Raw Materials & Energy,False,2023-05-18,32.17915725708008,20297.099609375,0.004645709287071531,3.4450382163431215e-05,0.0046112589049081,0.07559449335577151,0.04388539245618328,0.044039725623417514,2026-02-28,793,ok,0.0001194573116783041,1.160524888809286,0.2658773123411061,0.00015943783760795753,0.004486271449463573,0.02536597679664827
CMP007,Canadian Natural Resources Limited,CNQ.TO,^GSPTSE,CAD,Toronto Stock Exchange,PRIMARY_DIRECT,Raw Materials & Energy,False,2023-05-19,32.7615966796875,20351.099609375,0.01809989671122514,0.002660478641739461,0.015439418069485678,0.09506264258867358,0.0466626272472368,0.05947914369290319,2026-02-28,793,ok,0.0001194573116783041,1.160524888809286,0.2658773123411061,0.0032070089915624727,0.014892887719662667,0.04025886451631094
CMP007,Canadian Natural Resources Limited,CNQ.TO,^GSPTSE,CAD,Toronto Stock Exchange,PRIMARY_DIRECT,Raw Materials & Energy,False,2023-05-23,33.35254669189453,20146.0,0.018037888018242576,-0.010078060316726978,0.028115948334969554,0.11481525990864894,0.03611429815857514,0.08759509202787275,2026-02-28,793,ok,0.0001194573116783041,1.160524888809286,0.2658773123411061,-0.01157638251680455,0.029614270535047126,0.06987313505135806
CMP007,Canadian Natural Resources Limited,CNQ.TO,^GSPTSE,CAD,Toronto Stock Exchange,PRIMARY_DIRECT,Raw Materials & Energy,False,2023-05-24,32.93590545654297,19927.69921875,-0.012492036641172488,-0.010835936724411743,-0.0016560999167607449,0.10088894683373195,0.0248870291844705,0.085938992111112,2026-02-28,793,ok,0.0001194573116783041,1.160524888809286,0.2658773123411061,-0.012455916950564094,-3.611969060839451e-05,0.06983701536074967
CMP007,Canadian Natural Resources Limited,CNQ.TO,^GSPTSE,CAD,Toronto Stock Exchange,PRIMARY_DIRECT,Raw Materials & Energy,False,2023-05-25,31.95807266235352,19774.099609375,-0.029688960441049517,-0.0077078446281685364,-0.02198111581288098,0.06820469844119659,0.016987359202091268,0.06395787629823102,2026-02-28,793,ok,0.0001194573116783041,1.160524888809286,0.2658773123411061,-0.00882568821838624,-0.02086327222266328,0.04897374313808639
CMP007,Canadian Natural Resources Limited,CNQ.TO,^GSPTSE,CAD,Toronto Stock Exchange,PRIMARY_DIRECT,Raw Materials & Energy,False,2023-05-26,32.23442077636719,19920.30078125,0.008647208388733896,0.007393569101153075,0.001253639287580821,0.07744168707044219,0.024506525517351108,0.06521151558581184,2026-02-28,793,ok,0.0001194573116783041,1.160524888809286,0.2658773123411061,0.00869987827069775,-5.266988196385436e-05,0.048921073256122535
CMP007,Canadian Natural Resources Limited,CNQ.TO,^GSPTSE,CAD,Toronto Stock Exchange,PRIMARY_DIRECT,Raw Materials & Energy,False,2023-05-29,32.37472152709961,19968.0,0.004352513473277142,0.0023945029381733374,0.0019580105351038046,0.08213126653008684,0.026959709402880172,0.06716952612091565,2026-02-28,793,ok,0.0001194573116783041,1.160524888809286,0.2658773123411061,0.002898337567755425,0.001454175905521717,0.05037524916164425
CMP007,Canadian Natural Resources Limited,CNQ.TO,^GSPTSE,CAD,Toronto Stock Exchange,PRIMARY_DIRECT,Raw Materials & Energy,False,2023-05-30,31.656227111816406,19739.69921875,-0.022193068585370845,-0.011433332394330975,-0.01075973619103987,0.05811545311361033,0.015218137689691602,0.056409789929875775,2026-02-28,793,ok,0.0001194573116783041,1.160524888809286,0.2658773123411061,-0.01314920949397226,-0.009043859091398586,0.041331390070245666
CMP007,Canadian Natural Resources Limited,CNQ.TO,^GSPTSE,CAD,Toronto Stock Exchange,PRIMARY_DIRECT,Raw Materials & Energy,False,2023-05-31,31.090782165527344,19572.19921875,-0.017862044781640996,-0.008485438311081173,-0.009376606470559823,0.03921534750594868,0.006603566810035044,0.04703318345931595,2026-02-28,793,ok,0.0001194573116783041,1.160524888809286,0.2658773123411061,-0.009728105040787229,-0.008133939740853767,0.0331974503293919
CMP007,Canadian Natural Resources Limited,CNQ.TO,^GSPTSE,CAD,Toronto Stock Exchange,PRIMARY_DIRECT,Raw Materials & Energy,False,2023-06-01,31.38413619995117,19672.30078125,0.009435402199340137,0.005114476987547967,0.00432092521179217,0.04902076228139429,0.011751817588068647,0.05135410867110812,2026-02-28,793,ok,0.0001194573116783041,1.160524888809286,0.2658773123411061,0.00605493514897006,0.003380467050370077,0.03657791737976197
CMP007,Canadian Natural Resources Limited,CNQ.TO,^GSPTSE,CAD,Toronto Stock Exchange,PRIMARY_DIRECT,Raw Materials & Energy,False,2023-06-02,32.00059509277344,20024.599609375,0.019642372467884917,0.017908369338312635,0.0017340031295722813,0.0696260188206701,0.02987064281614482,0.053088111800680404,2026-02-28,793,ok,0.0001194573116783041,1.160524888809286,0.2658773123411061,0.020902565646779205,-0.001260193178894288,0.035317724200867685
CMP007,Canadian Natural Resources Limited,CNQ.TO,^GSPTSE,CAD,Toronto Stock Exchange,PRIMARY_DIRECT,Raw Materials & Energy,False,2023-06-05,31.66048240661621,19931.599609375,-0.010628323791204486,-0.004644287616939913,-0.005984036174264573,0.058257687157146965,0.0250876273426639,0.04710407562641583,2026-02-28,793,ok,0.0001194573116783041,1.160524888809286,0.2658773123411061,-0.0052703540585692325,-0.005357969732635253,0.02995975446823243
CMP007,Canadian Natural Resources Limited,CNQ.TO,^GSPTSE,CAD,Toronto Stock Exchange,PRIMARY_DIRECT,Raw Materials & Energy,False,2023-06-06,31.839038848876957,20055.599609375,0.005639725888176406,0.006221276888467964,-0.000581551000291558,0.06422597043176892,0.03146498130730535,0.04652252462612427,2026-02-28,793,ok,0.0001194573116783041,1.160524888809286,0.2658773123411061,0.007339403980919369,-0.001699678092742963,0.028260076375489468
CMP007,Canadian Natural Resources Limited,CNQ.TO,^GSPTSE,CAD,Toronto Stock Exchange,PRIMARY_DIRECT,Raw Materials & Energy,False,2023-06-07,31.96658134460449,19983.69921875,0.00400585257403363,-0.003585053153503881,0.007590905727537511,0.06848910277477649,0.027767124523340847,0.054113430353661784,2026-02-28,793,ok,0.0001194573116783041,1.160524888809286,0.2658773123411061,-0.004041086100667168,0.008046938674700799,0.03630701505019027
CMP007,Canadian Natural Resources Limited,CNQ.TO,^GSPTSE,CAD,Toronto Stock Exchange,PRIMARY_DIRECT,Raw Materials & Energy,False,2023-06-08,31.873050689697266,19942.69921875,-0.0029258885677810875,-0.002051672192980747,-0.0008742163748003406,0.06536282272416916,0.025658483293096612,0.053239213978861444,2026-02-28,793,ok,0.0001194573116783041,1.160524888809286,0.2658773123411061,-0.002261559331953781,-0.0006643292358273064,0.03564268581436296
CMP007,Canadian Natural Resources Limited,CNQ.TO,^GSPTSE,CAD,Toronto Stock Exchange,PRIMARY_DIRECT,Raw Materials & Energy,False,2023-06-09,32.00059509277344,19892.099609375,0.004001637757172771,-0.0025372497885053358,0.006538887545678107,0.06962601882067032,0.023056131523282453,0.05977810152453955,2026-02-28,793,ok,0.0001194573116783041,1.160524888809286,0.2658773123411061,-0.002825084217008235,0.006826721974181006,0.04246940778854397
CMP007,Canadian Natural Resources Limited,CNQ.TO,^GSPTSE,CAD,Toronto Stock Exchange,PRIMARY_DIRECT,Raw Materials & Energy,False,2023-06-12,31.235336303710938,19921.30078125,-0.023913892439935136,0.0014679783657043366,-0.025381870805639473,0.044047097255636825,0.024557955791259856,0.03439623071890008,2026-02-28,793,ok,0.0001194573116783041,1.160524888809286,0.2658773123411061,0.001823082741311767,-0.0257369751812469,0.016732432607297065
CMP007,Canadian Natural Resources Limited,CNQ.TO,^GSPTSE,CAD,Toronto Stock Exchange,PRIMARY_DIRECT,Raw Materials & Energy,False,2023-06-13,31.749759674072266,19990.400390625,0.016469275866263455,0.0034686293899059972,0.013000646476357458,0.06124179691771148,0.028111767628379525,0.047396877195257536,2026-02-28,793,ok,0.0001194573116783041,1.160524888809286,0.2658773123411061,0.004144888048719583,0.012324387817543872,0.029056820424840937
CMP007,Canadian Natural Resources Limited,CNQ.TO,^GSPTSE,CAD,Toronto Stock Exchange,PRIMARY_DIRECT,Raw Materials & Energy,False,2023-06-14,31.43090057373047,20015.099609375,-0.010042882327773506,0.0012355539792781034,-0.01127843630705161,0.05058387042995194,0.02938205521401538,0.03611844088820593,2026-02-28,793,ok,0.0001194573116783041,1.160524888809286,0.2658773123411061,0.001553348456097896,-0.0115962307838714,0.017460589640969536
CMP007,Canadian Natural Resources Limited,CNQ.TO,^GSPTSE,CAD,Toronto Stock Exchange,PRIMARY_DIRECT,Raw Materials & Energy,False,2023-06-15,31.641786575317383,20027.400390625,0.006709511905082621,0.0006145750703252517,0.00609493683475737,0.0576327754158894,0.0300146877629901,0.0422133777229633,2026-02-28,793,ok,0.0001194573116783041,1.160524888809286,0.2658773123411061,0.000832686976832476,0.005876824928250145,0.023337414569219683
CMP007,Canadian Natural Resources Limited,CNQ.TO,^GSPTSE,CAD,Toronto Stock Exchange,PRIMARY_DIRECT,Raw Materials & Energy,False,2023-06-16,31.22861862182617,19975.400390625,-0.013057668299093828,-0.002596442822621281,-0.010461225476472547,0.043822557452258826,0.027340313519753412,0.03175215224649075,2026-02-28,793,ok,0.0001194573116783041,1.160524888809286,0.2658773123411061,-0.0028937792063439267,-0.0101638890927499,0.013173525476469782
CMP007,Canadian Natural Resources Limited,CNQ.TO,^GSPTSE,CAD,Toronto Stock Exchange,PRIMARY_DIRECT,Raw Materials & Energy,False,2023-06-19,31.22001838684082,19934.19921875,-0.0002753959465673361,-0.002062595545986534,0.001787199599419198,0.043535092951001,0.025221325964875252,0.03353935184590995,2026-02-28,793,ok,0.0001194573116783041,1.160524888809286,0.2658773123411061,-0.002274236154986247,0.001998840208418911,0.015172365684888693
CMP007,Canadian Natural Resources Limited,CNQ.TO,^GSPTSE,CAD,Toronto Stock Exchange,PRIMARY_DIRECT,Raw Materials & Energy,False,2023-06-20,30.36785125732422,19754.099609375,-0.027295535798780635,-0.009034705001121801,-0.018260830797658834,0.01505124346407305,0.015958753723923635,0.015278521048251115,2026-02-28,793,ok,0.0001194573116783041,1.160524888809286,0.2658773123411061,-0.010365542705173274,-0.016929993093607362,-0.0017576274087186695
CMP007,Canadian Natural Resources Limited,CNQ.TO,^GSPTSE,CAD,Toronto Stock Exchange,PRIMARY_DIRECT,Raw Materials & Energy,False,2023-06-21,30.97900009155273,19706.0,0.020124862607166394,-0.0024349178310396624,0.022559780438206056,0.03547901027802092,0.013484977638880347,0.03783830148645717,2026-02-28,793,ok,0.0001194573116783041,1.160524888809286,0.2658773123411061,-0.002706325433448748,0.022831188040615142,0.02107356063189647
CMP007,Canadian Natural Resources Limited,CNQ.TO,^GSPTSE,CAD,Toronto Stock Exchange,PRIMARY_DIRECT,Raw Materials & Energy,False,2023-06-22,30.57012939453125,19580.900390625,-0.013198318080413829,-0.006348300485892633,-0.006850017594521196,0.021812428934779415,0.007051070462890552,0.030988283891935975,2026-02-28,793,ok,0.0001194573116783041,1.160524888809286,0.2658773123411061,-0.007247903403840181,-0.005950414676573648,0.015123145955322822
CMP007,Canadian Natural Resources Limited,CNQ.TO,^GSPTSE,CAD,Toronto Stock Exchange,PRIMARY_DIRECT,Raw Materials & Energy,False,2023-06-23,30.27746963500977,19418.19921875,-0.009573389623068973,-0.008309177240536814,-0.0012642123825321594,0.012030220430892191,-0.0013166953718579677,0.029724071509403815,2026-02-28,793,ok,0.0001194573116783041,1.160524888809286,0.2658773123411061,-0.009523549681492332,-4.983994157664075e-05,0.015073306013746181
CMP007,Canadian Natural Resources Limited,CNQ.TO,^GSPTSE,CAD,Toronto Stock Exchange,PRIMARY_DIRECT,Raw Materials & Energy,False,2023-06-26,30.94887351989746,19587.30078125,0.022175032886874613,0.008708405995583535,0.013466626891291078,0.0344720238514582,0.007380244305854822,0.043190698400694894,2026-02-28,793,ok,0.0001194573116783041,1.160524888809286,0.2658773123411061,0.010225779211409006,0.011949253675465607,0.027022559689211786
CMP007,Canadian Natural Resources Limited,CNQ.TO,^GSPTSE,CAD,Toronto Stock Exchange,PRIMARY_DIRECT,Raw Materials & Energy,False,2023-06-27,30.92735481262207,19733.099609375,-0.0006952985626942354,0.007443538533117744,-0.00813883709581198,0.033752756940126805,0.014878717971847033,0.035051861304882914,2026-02-28,793,ok,0.0001194573116783041,1.160524888809286,0.2658773123411061,0.00875786904017241,-0.009453167602866646,0.017569392086345142
CMP007,Canadian Natural Resources Limited,CNQ.TO,^GSPTSE,CAD,Toronto Stock Exchange,PRIMARY_DIRECT,Raw Materials & Energy,False,2023-06-28,31.357738494873047,19818.900390625,0.01391595514257582,0.004348064062335011,0.009567891080240809,0.048138413934219804,0.019291475653089085,0.04461975238512372,2026-02-28,793,ok,0.0001194573116783041,1.160524888809286,0.2658773123411061,0.005165493874155295,0.008750461268420525,0.026319853354765665
CMP007,Canadian Natural Resources Limited,CNQ.TO,^GSPTSE,CAD,Toronto Stock Exchange,PRIMARY_DIRECT,Raw Materials & Energy,False,2023-06-29,31.732166290283203,19913.19921875,0.011940522926147112,0.004758025231793805,0.007182497694353307,0.06065373469557689,0.02414129021279887,0.05180225007947703,2026-02-28,793,ok,0.0001194573116783041,1.160524888809286,0.2658773123411061,0.0056412640147575875,0.006299258911389525,0.03261911226615519
CMP007,Canadian Natural Resources Limited,CNQ.TO,^GSPTSE,CAD,Toronto Stock Exchange,PRIMARY_DIRECT,Raw Materials & Energy,False,2023-06-30,32.054962158203125,20155.30078125,0.01017251280505116,0.012157843641319,-0.00198533083626784,0.07144324839349303,0.03659263988582473,0.04981691924320919,2026-02-28,793,ok,0.0001194573116783041,1.160524888809286,0.2658773123411061,0.014228937451680721,-0.004056424646629562,0.028562687619525625
CMP007,Canadian Natural Resources Limited,CNQ.TO,^GSPTSE,CAD,Toronto Stock Exchange,PRIMARY_DIRECT,Raw Materials & Energy,False,2023-07-04,32.054962158203125,20204.900390625,0.0,0.002460871703841905,-0.002460871703841905,0.07144324839349303,0.039143561381730585,0.047356047539367285,2026-02-28,793,ok,0.0001194573116783041,1.160524888809286,0.2658773123411061,0.002975360172153349,-0.002975360172153349,0.025587327447372275
CMP007,Canadian Natural Resources Limited,CNQ.TO,^GSPTSE,CAD,Toronto Stock Exchange,PRIMARY_DIRECT,Raw Materials & Energy,False,2023-07-05,31.757991790771484,20103.900390625,-0.009264411730264488,-0.0049987873262103966,-0.004265624404054091,0.06151695699476356,0.033949103716982565,0.043090423135313194,2026-02-28,793,ok,0.0001194573116783041,1.160524888809286,0.2658773123411061,-0.005681759794253285,-0.0035826519360112026,0.022004675511361073
CMP007,Canadian Natural Resources Limited,CNQ.TO,^GSPTSE,CAD,Toronto Stock Exchange,PRIMARY_DIRECT,Raw Materials & Energy,False,2023-07-06,31.0822868347168,19810.69921875,-0.021276690305431556,-0.014584292907247387,-0.006692397398184169,0.03893138944682195,0.018869687137188285,0.036398025737129025,2026-02-28,793,ok,0.0001194573116783041,1.160524888809286,0.2658773123411061,-0.01680597759286703,-0.004470712712564526,0.017533962798796546
CMP007,Canadian Natural Resources Limited,CNQ.TO,^GSPTSE,CAD,Toronto Stock Exchange,PRIMARY_DIRECT,Raw Materials & Energy,False,2023-07-07,31.92153549194336,19831.0,0.0270008658529326,0.0010247382500656599,0.02597612760286694,0.06698343652367655,0.019913761877430103,0.062374153339995964,2026-02-28,793,ok,0.0001194573116783041,1.160524888809286,0.2658773123411061,0.0013086915553943764,0.02569217429753822,0.04322613709633477
CMP007,Canadian Natural Resources Limited,CNQ.TO,^GSPTSE,CAD,Toronto Stock Exchange,PRIMARY_DIRECT,Raw Materials & Energy,False,2023-07-10,32.01622009277344,19822.5,0.00296616686418405,-0.00042862185467196223,0.003394788718856012,0.07014828743772639,0.019476604549208743,0.06576894205885198,2026-02-28,793,ok,0.0001194573116783041,1.160524888809286,0.2658773123411061,-0.00037796901855610487,0.0033441358827401547,0.04657027297907493
CMP007,Canadian Natural Resources Limited,CNQ.TO,^GSPTSE,CAD,Toronto Stock Exchange,PRIMARY_DIRECT,Raw Materials & Energy,False,2023-07-11,32.459510803222656,19878.599609375,0.013845816563126334,0.0028300975848152277,0.011015718978311106,0.08496536432093293,0.02236182282551913,0.07678466103716308,2026-02-28,793,ok,0.0001194573116783041,1.160524888809286,0.2658773123411061,0.003403855996615425,0.01044196056651091,0.057012233545585836
CMP007,Canadian Natural Resources Limited,CNQ.TO,^GSPTSE,CAD,Toronto Stock Exchange,PRIMARY_DIRECT,Raw Materials & Energy,False,2023-07-12,32.7866096496582,20070.80078125,0.010077134200157767,0.00966874808345941,0.000408386116698356,0.09589870589971805,0.03224678174056539,0.07719304715386144,2026-02-28,793,ok,0.0001194573116783041,1.160524888809286,0.2658773123411061,0.011340280106160035,-0.0012631459060022682,0.05574908763958357
CMP007,Canadian Natural Resources Limited,CNQ.TO,^GSPTSE,CAD,Toronto Stock Exchange,PRIMARY_DIRECT,Raw Materials & Energy,False,2023-07-13,33.07926559448242,20277.599609375,0.008926081346970482,0.010303466731541144,-0.0013773853845706618,0.10568078689661853,0.04288250211496969,0.07581566176929078,2026-02-28,793,ok,0.0001194573116783041,1.160524888809286,0.2658773123411061,0.012076886894650269,-0.0031508055476797865,0.052598282091903786
CMP007,Canadian Natural Resources Limited,CNQ.TO,^GSPTSE,CAD,Toronto Stock Exchange,PRIMARY_DIRECT,Raw Materials & Energy,False,2023-07-14,32.22280502319336,20262.099609375,-0.025891160396013135,-0.000764390277872673,-0.025126770118140462,0.07705342829628825,0.042085332869389536,0.050688891651150314,2026-02-28,793,ok,0.0001194573116783041,1.160524888809286,0.2658773123411061,-0.000767636630556779,-0.025123523765456356,0.02747475832644743
CMP007,Canadian Natural Resources Limited,CNQ.TO,^GSPTSE,CAD,Toronto Stock Exchange,PRIMARY_DIRECT,Raw Materials & Energy,False,2023-07-17,31.71065139770508,20226.80078125,-0.015894135383919483,-0.001742111074642394,-0.01415202430927709,0.05993459529123246,0.04026990447027545,0.036536867341873225,2026-02-28,793,ok,0.0001194573116783041,1.160524888809286,0.2658773123411061,-0.001902305949514486,-0.013991829434404997,0.013482928892042433
CMP007,Canadian Natural Resources Limited,CNQ.TO,^GSPTSE,CAD,Toronto Stock Exchange,PRIMARY_DIRECT,Raw Materials & Energy,False,2023-07-18,32.64027404785156,20376.599609375,0.029315785364590674,0.007405957558244358,0.021909827806346316,0.09100741038729443,0.047974099231901324,0.05844669514821954,2026-02-28,793,ok,0.0001194573116783041,1.160524888809286,0.2658773123411061,0.00871425538348613,0.020601529981104545,0.034084458873146976
CMP007,Canadian Natural Resources Limited,CNQ.TO,^GSPTSE,CAD,Toronto Stock Exchange,PRIMARY_DIRECT,Raw Materials & Energy,False,2023-07-19,32.74787139892578,20491.19921875,0.0032964597943165863,0.005624079167864338,-0.0023276193735477513,0.09460387245093771,0.05386798853185293,0.05611907577467179,2026-02-28,793,ok,0.0001194573116783041,1.160524888809286,0.2658773123411061,0.006646341162618686,-0.0033498813683020996,0.030734577504844877
CMP007,Canadian Natural Resources Limited,CNQ.TO,^GSPTSE,CAD,Toronto Stock Exchange,PRIMARY_DIRECT,Raw Materials & Energy,False,2023-07-20,32.821041107177734,20436.900390625,0.0022343347865458885,-0.002649860925431624,0.0048841957119775126,0.09704958396064267,0.05107538492847907,0.0610032714866493,2026-02-28,793,ok,0.0001194573116783041,1.160524888809286,0.2658773123411061,-0.0029557722441683034,0.005190107030714192,0.03592468453555907
CMP007,Canadian Natural Resources Limited,CNQ.TO,^GSPTSE,CAD,Toronto Stock Exchange,PRIMARY_DIRECT,Raw Materials & Energy,False,2023-07-21,33.15673828125,20547.5,0.010228108638481004,0.005411760455892534,0.00481634818258847,0.10827032628719246,0.05676355313279702,0.06581961966923777,2026-02-28,793,ok,0.0001194573116783041,1.160524888809286,0.2658773123411061,0.006399940013015477,0.0038281686254655264,0.039752853161024594
CMP007,Canadian Natural Resources Limited,CNQ.TO,^GSPTSE,CAD,Toronto Stock Exchange,PRIMARY_DIRECT,Raw Materials & Energy,False,2023-07-24,33.841041564941406,20582.099609375,0.02063843789117148,0.001683884140406322,0.018954553750765157,0.13114329458289897,0.05854302052007676,0.08477417342000293,2026-02-28,793,ok,0.0001194573116783041,1.160524888809286,0.2658773123411061,0.0020736467664910713,0.01856479112468041,0.058317644285705
CMP007,Canadian Natural Resources Limited,CNQ.TO,^GSPTSE,CAD,Toronto Stock Exchange,PRIMARY_DIRECT,Raw Materials & Energy,False,2023-07-25,34.219783782958984,20551.5,0.011191801448863892,-0.0014867098088021669,0.012678511257666059,0.1438028257460846,0.056969274228430455,0.09745268467766899,2026-02-28,793,ok,0.0001194573116783041,1.160524888809286,0.2658773123411061,-0.0016059064238735056,0.012797707872737398,0.0711153521584424
CMP007,Canadian Natural Resources Limited,CNQ.TO,^GSPTSE,CAD,Toronto Stock Exchange,PRIMARY_DIRECT,Raw Materials & Energy,False,2023-07-26,34.064849853515625,20561.599609375,-0.004527612752495358,0.0004914293056468289,-0.005019042058142187,0.1386241294858963,0.05748869990495464,0.0924336426195268,2026-02-28,793,ok,0.0001194573116783041,1.160524888809286,0.2658773123411061,0.0006897732519717148,-0.005217386004467073,0.06589796615397533
CMP007,Canadian Natural Resources Limited,CNQ.TO,^GSPTSE,CAD,Toronto Stock Exchange,PRIMARY_DIRECT,Raw Materials & Energy,False,2023-07-27,33.71622848510742,20385.5,-0.010234049758250263,-0.00856448976346702,-0.001669559994783243,0.12697139348879327,0.048431848759636686,0.09076408262474356,2026-02-28,793,ok,0.0001194573116783041,1.160524888809286,0.2658773123411061,-0.009819846218777527,-0.0004142035394727357,0.0654837626145026
CMP007,Canadian Natural Resources Limited,CNQ.TO,^GSPTSE,CAD,Toronto Stock Exchange,PRIMARY_DIRECT,Raw Materials & Energy,False,2023-07-28,34.41775894165039,20519.400390625,0.020806907772998207,0.006568413363665426,0.01423849440933278,0.15042018333592178,0.05531838252592203,0.10500257703407634,2026-02-28,793,ok,0.0001194573116783041,1.160524888809286,0.2658773123411061,0.0077422645001995515,0.013064643272798656,0.07854840588730126
CMP007,Canadian Natural Resources Limited,CNQ.TO,^GSPTSE,CAD,Toronto Stock Exchange,PRIMARY_DIRECT,Raw Materials & Energy,False,2023-07-31,34.51244354248047,20626.599609375,0.0027510391071829954,0.005224286124801969,-0.0024732470176189736,0.1535850342499716,0.060831667709000614,0.10252933001645737,2026-02-28,793,ok,0.0001194573116783041,1.160524888809286,0.2658773123411061,0.0061823713857720045,-0.003431332278589009,0.07511707360871225
CMP007,Canadian Natural Resources Limited,CNQ.TO,^GSPTSE,CAD,Toronto Stock Exchange,PRIMARY_DIRECT,Raw Materials & Energy,False,2023-08-01,34.81801223754883,20532.900390625,0.00885387019010242,-0.0045426401115292725,0.013396510301631692,0.16379872639646575,0.05601269122368513,0.11592584031808906,2026-02-28,793,ok,0.0001194573116783041,1.160524888809286,0.2658773123411061,-0.005152389598654808,0.014006259788757228,0.08912333339746949
CMP007,Canadian Natural Resources Limited,CNQ.TO,^GSPTSE,CAD,Toronto Stock Exchange,PRIMARY_DIRECT,Raw Materials & Energy,False,2023-08-02,34.03472137451172,20218.19921875,-0.02249671399082298,-0.015326678934199034,-0.007170035056623947,0.13761707930584044,0.039827523754860206,0.10875580526146511,2026-02-28,793,ok,0.0001194573116783041,1.160524888809286,0.2658773123411061,-0.017667535054248656,-0.004829178936574325,0.08429415446089517
CMP007,Canadian Natural Resources Limited,CNQ.TO,^GSPTSE,CAD,Toronto Stock Exchange,PRIMARY_DIRECT,Raw Materials & Energy,False,2023-08-03,34.43067169189453,20120.69921875,0.011633717021680479,-0.004822387935992878,0.016456104957673356,0.15085179448551522,0.03481307204879136,0.12521191021913847,2026-02-28,793,ok,0.0001194573116783041,1.160524888809286,0.2658773123411061,-0.005477043911535073,0.017110760933215553,0.10140491539411071
CMP007,Canadian Natural Resources Limited,CNQ.TO,^GSPTSE,CAD,Toronto Stock Exchange,PRIMARY_DIRECT,Raw Materials & Energy,False,2023-08-04,35.08055114746094,20236.0,0.01887501531721192,0.005730455984479521,0.013144559332732397,0.17257413973427016,0.04074302281033093,0.13835646955187086,2026-02-28,793,ok,0.0001194573116783041,1.160524888809286,0.2658773123411061,0.006769794105892908,0.01210522121131901,0.11351013660542972
CMP007,Canadian Natural Resources Limited,CNQ.TO,^GSPTSE,CAD,Toronto Stock Exchange,PRIMARY_DIRECT,Raw Materials & Energy,False,2023-08-08,35.19244766235352,20206.0,0.0031897023060507568,-0.0014825064241944519,0.004672208730245209,0.1763143021717961,0.03920011459307915,0.14302867828211607,2026-02-28,793,ok,0.0001194573116783041,1.160524888809286,0.2658773123411061,-0.0016010282914190144,0.0047907305974697716,0.11830086720289949
CMP007,Canadian Natural Resources Limited,CNQ.TO,^GSPTSE,CAD,Toronto Stock Exchange,PRIMARY_DIRECT,Raw Materials & Energy,False,2023-08-09,35.42485427856445,20275.30078125,0.006603877583074347,0.0034297130184104407,0.003174164564663906,0.18408253782255812,0.042764272754832744,0.14620284284677998,2026-02-28,793,ok,0.0001194573116783041,1.160524888809286,0.2658773123411061,0.004099724631016841,0.0025041529520575057,0.120805020154957
CMP007,Canadian Natural Resources Limited,CNQ.TO,^GSPTSE,CAD,Toronto Stock Exchange,PRIMARY_DIRECT,Raw Materials & Energy,False,2023-08-10,35.56687927246094,20342.900390625,0.004009190631517168,0.0033340866359681254,0.0006751039955490423,0.1888297504401395,0.046240939181089624,0.14687794684232902,2026-02-28,793,ok,0.0001194573116783041,1.160524888809286,0.2658773123411061,0.003988747834165739,2.0442797351428663e-05,0.12082546295230844
CMP007,Canadian Natural Resources Limited,CNQ.TO,^GSPTSE,CAD,Toronto Stock Exchange,PRIMARY_DIRECT,Raw Materials & Energy,False,2023-08-11,35.816505432128906,20407.599609375,0.007018500491867696,0.0031804323625266306,0.0038380681293410657,0.19717355262835068,0.04956843772306141,0.1507160149716701,2026-02-28,793,ok,0.0001194573116783041,1.160524888809286,0.2658773123411061,0.003810428225564977,0.003208072266302719,0.12403353521861116
CMP007,Canadian Natural Resources Limited,CNQ.TO,^GSPTSE,CAD,Toronto Stock Exchange,PRIMARY_DIRECT,Raw Materials & Energy,False,2023-08-14,35.79498291015625,20290.5,-0.0006009107173630124,-0.0057380393390904505,0.005137128621727438,0.19645415821003276,0.04354597273833871,0.15585314359339753,2026-02-28,793,ok,0.0001194573116783041,1.160524888809286,0.2658773123411061,-0.006539680154302951,0.005938769436939938,0.1299723046555511
CMP007,Canadian Natural Resources Limited,CNQ.TO,^GSPTSE,CAD,Toronto Stock Exchange,PRIMARY_DIRECT,Raw Materials & Energy,False,2023-08-15,34.74915313720703,19899.80078125,-0.029217216713699923,-0.019255278024198463,-0.00996193868950146,0.16149709778160282,0.023452204902229434,0.14589120490389607,2026-02-28,793,ok,0.0001194573116783041,1.160524888809286,0.2658773123411061,-0.022226772076346508,-0.006990444637353415,0.12298186001819768
CMP007,Canadian Natural Resources Limited,CNQ.TO,^GSPTSE,CAD,Toronto Stock Exchange,PRIMARY_DIRECT,Raw Materials & Energy,False,2023-08-16,34.80080032348633,19899.099609375,0.001486286185892638,-3.523512032643783e-05,0.0015215213062190758,0.16322341487299008,0.023416143440641246,0.14741272621011514,2026-02-28,793,ok,0.0001194573116783041,1.160524888809286,0.2658773123411061,7.856607757928302e-05,0.001407720108313355,0.12438958012651104
CMP007,Canadian Natural Resources Limited,CNQ.TO,^GSPTSE,CAD,Toronto Stock Exchange,PRIMARY_DIRECT,Raw Materials & Energy,False,2023-08-17,35.23549270629883,19812.19921875,0.012490873163027105,-0.004367051390810617,0.016857924553837722,0.17775309100843195,0.01894683254805085,0.16427065076395286,2026-02-28,793,ok,0.0001194573116783041,1.160524888809286,0.2658773123411061,-0.004948614518066626,0.01743948768109373,0.14182906780760476
CMP007,Canadian Natural Resources Limited,CNQ.TO,^GSPTSE,CAD,Toronto Stock Exchange,PRIMARY_DIRECT,Raw Materials & Energy,False,2023-08-18,35.89397430419922,19818.400390625,0.018688020155957163,0.0003129976539471002,0.018375022502010063,0.1997629645119383,0.019265760516135266,0.18264567326596293,2026-02-28,793,ok,0.0001194573116783041,1.160524888809286,0.2658773123411061,0.00048269887922283,0.018205321276734333,0.1600343890843391
CMP007,Canadian Natural Resources Limited,CNQ.TO,^GSPTSE,CAD,Toronto Stock Exchange,PRIMARY_DIRECT,Raw Materials & Energy,False,2023-08-21,35.8035888671875,19784.900390625,-0.0025181228538725398,-0.0016903483298201794,-0.0008277745240523604,0.19674181397177093,0.017542846340203866,0.18181789874191057,2026-02-28,793,ok,0.0001194573116783041,1.160524888809286,0.2658773123411061,-0.001842233995835222,-0.0006758888580373178,0.15935850022630177
CMP007,Canadian Natural Resources Limited,CNQ.TO,^GSPTSE,CAD,Toronto Stock Exchange,PRIMARY_DIRECT,Raw Materials & Energy,False,2023-08-22,35.769161224365234,19691.19921875,-0.0009615696054933176,-0.004735994117989084,0.0037744245124957665,0.19559106341783283,0.012723769405134755,0.18559232325440633,2026-02-28,793,ok,0.0001194573116783041,1.160524888809286,0.2658773123411061,-0.005376781735502411,0.004415212130009094,0.16377371235631086
CMP007,Canadian Natural Resources Limited,CNQ.TO,^GSPTSE,CAD,Toronto Stock Exchange,PRIMARY_DIRECT,Raw Materials & Energy,False,2023-08-23,35.54106521606445,19879.80078125,-0.006376890049784145,0.009577962236063886,-0.01595485228584803,0.18796691066191284,0.022423599424061358,0.1696374709685583,2026-02-28,793,ok,0.0001194573116783041,1.160524888809286,0.2658773123411061,0.011234920870705887,-0.01761181092049003,0.14616190143582083
CMP007,Canadian Natural Resources Limited,CNQ.TO,^GSPTSE,CAD,Toronto Stock Exchange,PRIMARY_DIRECT,Raw Materials & Energy,False,2023-08-24,35.0977668762207,19775.80078125,-0.012472849002943764,-0.005231440754581929,-0.007241408248361836,0.17314957876473325,0.017074850937587982,0.16239606272019647,2026-02-28,793,ok,0.0001194573116783041,1.160524888809286,0.2658773123411061,-0.005951759888345257,-0.006521089114598508,0.13964081232122233
CMP007,Canadian Natural Resources Limited,CNQ.TO,^GSPTSE,CAD,Toronto Stock Exchange,PRIMARY_DIRECT,Raw Materials & Energy,False,2023-08-25,35.64004898071289,19835.80078125,0.015450615601974249,0.0030340111464355335,0.012416604455538716,0.19127546194984513,0.02016066737209199,0.17481266717573518,2026-02-28,793,ok,0.0001194573116783041,1.160524888809286,0.2658773123411061,0.003640502760041536,0.011810112841932712,0.15145092516315503
CMP007,Canadian Natural Resources Limited,CNQ.TO,^GSPTSE,CAD,Toronto Stock Exchange,PRIMARY_DIRECT,Raw Materials & Energy,False,2023-08-28,36.5223388671875,20025.099609375,0.024755574464896846,0.009543291456321601,0.015212283008575245,0.22076617035634882,0.029896357953099528,0.19002495018431043,2026-02-28,793,ok,0.0001194573116783041,1.160524888809286,0.2658773123411061,0.01119468456790054,0.013560889896996305,0.16501181506015133
CMP007,Canadian Natural Resources Limited,CNQ.TO,^GSPTSE,CAD,Toronto Stock Exchange,PRIMARY_DIRECT,Raw Materials & Energy,False,2023-08-29,37.36158752441406,20290.400390625,0.022979050171963777,0.013248412563490852,0.009730637608472925,0.24881821743320343,0.043540849800898895,0.19975558779278335,2026-02-28,793,ok,0.0001194573116783041,1.160524888809286,0.2658773123411061,0.015494569828823074,0.007484480343140703,0.17249629540329203
CMP007,Canadian Natural Resources Limited,CNQ.TO,^GSPTSE,CAD,Toronto Stock Exchange,PRIMARY_DIRECT,Raw Materials & Energy,False,2023-08-30,37.43474960327149,20330.30078125,0.0019582165455260814,0.001966466400704192,-8.249855178110721e-06,0.25126367392893556,0.045592937819794566,0.19974733793760524,2026-02-28,793,ok,0.0001194573116783041,1.160524888809286,0.2658773123411061,0.0024015905127027335,-0.0004433739671766521,0.1720529214361154
CMP007,Canadian Natural Resources Limited,CNQ.TO,^GSPTSE,CAD,Toronto Stock Exchange,PRIMARY_DIRECT,Raw Materials & Energy,False,2023-08-31,37.62411117553711,20292.599609375,0.005058443672588897,-0.0018544325674596518,0.006912876240048549,0.25759312074306173,0.0436539562235958,0.2066602141776538,2026-02-28,793,ok,0.0001194573116783041,1.160524888809286,0.2658773123411061,-0.002032657837477127,0.007091101510066024,0.17914402294618142
CMP007,Canadian Natural Resources Limited,CNQ.TO,^GSPTSE,CAD,Toronto Stock Exchange,PRIMARY_DIRECT,Raw Materials & Energy,False,2023-09-01,38.01576232910156,20545.400390625,0.010409578893098237,0.012457781955802716,-0.002048203062704479,0.2706841355488543,0.05665556964754015,0.2046120111149493,2026-02-28,793,ok,0.0001194573116783041,1.160524888809286,0.2658773123411061,0.014577023330746581,-0.004167444437648344,0.17497657850853307
CMP007,Canadian Natural Resources Limited,CNQ.TO,^GSPTSE,CAD,Toronto Stock Exchange,PRIMARY_DIRECT,Raw Materials & Energy,False,2023-09-05,38.35576629638672,20413.80078125,0.008943762967101643,-0.006405307605251154,0.015349070572352796,0.2820488332632598,0.049887365691145824,0.2199610816873021,2026-02-28,793,ok,0.0001194573116783041,1.160524888809286,0.2658773123411061,-0.007314061584695066,0.01625782455179671,0.1912344030603298
CMP007,Canadian Natural Resources Limited,CNQ.TO,^GSPTSE,CAD,Toronto Stock Exchange,PRIMARY_DIRECT,Raw Materials & Energy,False,2023-09-06,38.39450454711914,20227.0,0.001009972019150318,-0.009150710504707948,0.010160682523858267,0.2833436667120399,0.04028015034515575,0.23012176421116037,2026-02-28,793,ok,0.0001194573116783041,1.160524888809286,0.2658773123411061,-0.010500169979323853,0.011510141998474171,0.20274454505880396
CMP007,Canadian Natural Resources Limited,CNQ.TO,^GSPTSE,CAD,Toronto Stock Exchange,PRIMARY_DIRECT,Raw Materials & Energy,False,2023-09-07,38.46766662597656,20132.099609375,0.0019055351728169967,-0.004691767964848936,0.006597303137665933,0.2857891232077716,0.03539939726129804,0.2367190673488263,2026-02-28,793,ok,0.0001194573116783041,1.160524888809286,0.2658773123411061,-0.005325456184046978,0.007230991356863975,0.20997553641566793
CMP007,Canadian Natural Resources Limited,CNQ.TO,^GSPTSE,CAD,Toronto Stock Exchange,PRIMARY_DIRECT,Raw Materials & Energy,False,2023-09-08,38.127662658691406,20074.69921875,-0.008838694860050511,-0.0028511874935424064,-0.005987507366508105,0.2744244254933663,0.032447279449005384,0.2307315599823182,2026-02-28,793,ok,0.0001194573116783041,1.160524888809286,0.2658773123411061,-0.003189416737239424,-0.005649278122811087,0.20432625829285686
CMP007,Canadian Natural Resources Limited,CNQ.TO,^GSPTSE,CAD,Toronto Stock Exchange,PRIMARY_DIRECT,Raw Materials & Energy,False,2023-09-11,37.03878784179688,20182.80078125,-0.02855865639186539,0.005384965489247939,-0.03394362188111333,0.23802857622830076,0.038006972418306306,0.19678793810120487,2026-02-28,793,ok,0.0001194573116783041,1.160524888809286,0.2658773123411061,0.006368843787329611,-0.034927500179195,0.16939875811366187
CMP007,Canadian Natural Resources Limited,CNQ.TO,^GSPTSE,CAD,Toronto Stock Exchange,PRIMARY_DIRECT,Raw Materials & Energy,False,2023-09-12,37.77474594116211,20223.099609375,0.01986992939695309,0.0019966915673288455,0.017873237829624244,0.26262811662936736,0.040079552186962575,0.21466117593082912,2026-02-28,793,ok,0.0001194573116783041,1.160524888809286,0.2658773123411061,0.002436667570839052,0.017433261826114037,0.1868320199397759
CMP007,Canadian Natural Resources Limited,CNQ.TO,^GSPTSE,CAD,Toronto Stock Exchange,PRIMARY_DIRECT,Raw Materials & Energy,False,2023-09-13,37.50791549682617,20278.900390625,-0.007063725716423108,0.0027592595758234584,-0.009822985292246567,0.25370925793165355,0.04294940165095262,0.20483819063858255,2026-02-28,793,ok,0.0001194573116783041,1.160524888809286,0.2658773123411061,0.003321646724106781,-0.010385372440529889,0.17644664749924602
CMP007,Canadian Natural Resources Limited,CNQ.TO,^GSPTSE,CAD,Toronto Stock Exchange,PRIMARY_DIRECT,Raw Materials & Energy,False,2023-09-14,38.0167121887207,20567.80078125,0.013565048474570185,0.014246353848582416,-0.000681305374012231,0.2707158847885138,0.0578076278730395,0.20415688526457032,2026-02-28,793,ok,0.0001194573116783041,1.160524888809286,0.2658773123411061,0.016652705527742156,-0.003087657053171971,0.17335899044607406
CMP007,Canadian Natural Resources Limited,CNQ.TO,^GSPTSE,CAD,Toronto Stock Exchange,PRIMARY_DIRECT,Raw Materials & Energy,False,2023-09-15,37.89494705200195,20622.30078125,-0.0032029370692102654,0.002649772845412013,-0.005852709914622278,0.2666458617766905,0.06061057780104728,0.19830417534994804,2026-02-28,793,ok,0.0001194573116783041,1.160524888809286,0.2658773123411061,0.003194584648469946,-0.006397521717680212,0.16696146872839385
CMP007,Canadian Natural Resources Limited,CNQ.TO,^GSPTSE,CAD,Toronto Stock Exchange,PRIMARY_DIRECT,Raw Materials & Energy,False,2023-09-18,37.92103958129883,20492.80078125,0.0006885490369221703,-0.006279609698920829,0.006968158735843,0.2675180095649383,0.053950357329909826,0.20527233408579104,2026-02-28,793,ok,0.0001194573116783041,1.160524888809286,0.2658773123411061,-0.007168186035927506,0.007856735072849676,0.17481820380124352
CMP007,Canadian Natural Resources Limited,CNQ.TO,^GSPTSE,CAD,Toronto Stock Exchange,PRIMARY_DIRECT,Raw Materials & Energy,False,2023-09-19,37.37310409545898,20218.900390625,-0.014449379339011359,-0.013365688445847068,-0.0010836908931642908,0.24920316102570594,0.03986358521644906,0.20418864319262675,2026-02-28,793,ok,0.0001194573116783041,1.160524888809286,0.2658773123411061,-0.015391756785797923,0.0009423774467865638,0.1757605812480301
CMP007,Canadian Natural Resources Limited,CNQ.TO,^GSPTSE,CAD,Toronto Stock Exchange,PRIMARY_DIRECT,Raw Materials & Energy,False,2023-09-20,36.79036331176758,20214.69921875,-0.015592517608463918,-0.00020778438954816014,-0.015384733218915758,0.22972493874086375,0.039647517796181475,0.188803909973711,2026-02-28,793,ok,0.0001194573116783041,1.160524888809286,0.2658773123411061,-0.00012168164389837982,-0.015470835964565539,0.16028974528346457
CMP007,Canadian Natural Resources Limited,CNQ.TO,^GSPTSE,CAD,Toronto Stock Exchange,PRIMARY_DIRECT,Raw Materials & Energy,False,2023-09-21,36.15109252929688,19791.599609375,-0.01737603885706185,-0.020930294574086794,0.0035542557170249456,0.20835719042180445,0.01788738899548936,0.19235816569073594,2026-02-28,793,ok,0.0001194573116783041,1.160524888809286,0.2658773123411061,-0.024170670471659376,0.006794631614597528,0.1670843768980621
CMP007,Canadian Natural Resources Limited,CNQ.TO,^GSPTSE,CAD,Toronto Stock Exchange,PRIMARY_DIRECT,Raw Materials & Energy,False,2023-09-22,36.15109252929688,19780.0,0.0,-0.000586087512072786,0.000586087512072786,0.20835719042180445,0.01729081790810283,0.19294425320280872,2026-02-28,793,ok,0.0001194573116783041,1.160524888809286,0.2658773123411061,-0.000560711833102477,0.000560711833102477,0.16764508873116457
CMP007,Canadian Natural Resources Limited,CNQ.TO,^GSPTSE,CAD,Toronto Stock Exchange,PRIMARY_DIRECT,Raw Materials & Energy,False,2023-09-25,37.00780487060547,19800.599609375,0.02369810374649961,0.0010414362676947064,0.022656667478804904,0.23699296448324914,0.018350261460665207,0.21560092068161363,2026-02-28,793,ok,0.0001194573116783041,1.160524888809286,0.2658773123411061,0.0013280700204466613,0.022370033726052948,0.19001512245721752
CMP007,Canadian Natural Resources Limited,CNQ.TO,^GSPTSE,CAD,Toronto Stock Exchange,PRIMARY_DIRECT,Raw Materials & Energy,False,2023-09-26,37.88190078735352,19556.19921875,0.02361923166759694,-0.012343080282744778,0.03596231195034172,0.26620978788256644,0.005780682427502182,0.25156323263195535,2026-02-28,793,ok,0.0001194573116783041,1.160524888809286,0.2658773123411061,-0.01420499456101817,0.03782422622861511,0.22783934868583264
CMP007,Canadian Natural Resources Limited,CNQ.TO,^GSPTSE,CAD,Toronto Stock Exchange,PRIMARY_DIRECT,Raw Materials & Energy,False,2023-09-27,38.7473030090332,19436.0,0.022844741253548406,-0.006146348654229139,0.028991089907777545,0.2951360228594542,-0.000401196316385799,0.2805543225397329,2026-02-28,793,ok,0.0001194573116783041,1.160524888809286,0.2658773123411061,-0.007013533276854072,0.02985827453040248,0.2576976232162351
CMP007,Canadian Natural Resources Limited,CNQ.TO,^GSPTSE,CAD,Toronto Stock Exchange,PRIMARY_DIRECT,Raw Materials & Energy,False,2023-09-28,38.81687927246094,19590.69921875,0.001795641451780794,0.007959416482300918,-0.006163775030520124,0.2974616227877951,0.007555026877341886,0.27439054750921277,2026-02-28,793,ok,0.0001194573116783041,1.160524888809286,0.2658773123411061,0.009356558239787377,-0.007560916788006583,0.25013670642822855
CMP007,Canadian Natural Resources Limited,CNQ.TO,^GSPTSE,CAD,Toronto Stock Exchange,PRIMARY_DIRECT,Raw Materials & Energy,False,2023-09-29,38.19935607910156,19541.30078125,-0.015908625446803604,-0.0025215249822589936,-0.01338710046454461,0.276820791799262,0.005014451706069956,0.26100344704466816,2026-02-28,793,ok,0.0001194573116783041,1.160524888809286,0.2658773123411061,-0.002806835187987651,-0.013101790258815953,0.2370349161694126
CMP007,Canadian Natural Resources Limited,CNQ.TO,^GSPTSE,CAD,Toronto Stock Exchange,PRIMARY_DIRECT,Raw Materials & Energy,False,2023-10-02,37.52531051635742,19177.19921875,-0.017645469241637346,-0.018632411760907797,0.0009869425192704506,0.2542906897904851,-0.013711391383780525,0.2619903895639386,2026-02-28,793,ok,0.0001194573116783041,1.160524888809286,0.2658773123411061,-0.02150392027539805,0.003858451033760705,0.2408933672031733
CMP007,Canadian Natural Resources Limited,CNQ.TO,^GSPTSE,CAD,Toronto Stock Exchange,PRIMARY_DIRECT,Raw Materials & Energy,False,2023-10-03,37.71665573120117,19020.900390625,0.0050990974414546475,-0.008150242709695776,0.013249340151150424,0.2606864402376361,-0.021749882925810815,0.27523972971508903,2026-02-28,793,ok,0.0001194573116783041,1.160524888809286,0.2658773123411061,-0.00933910220276008,0.014438199644214727,0.25533156684738806
CMP007,Canadian Natural Resources Limited,CNQ.TO,^GSPTSE,CAD,Toronto Stock Exchange,PRIMARY_DIRECT,Raw Materials & Energy,False,2023-10-04,35.964115142822266,19034.80078125,-0.0464659592533575,0.0007307956163764562,-0.04719675486973396,0.20210743547429377,-0.021034982028533267,0.22804297484535507,2026-02-28,793,ok,0.0001194573116783041,1.160524888809286,0.2658773123411061,0.0009675638131159045,-0.04743352306647341,0.20789804378091464
CMP007,Canadian Natural Resources Limited,CNQ.TO,^GSPTSE,CAD,Toronto Stock Exchange,PRIMARY_DIRECT,Raw Materials & Energy,False,2023-10-05,36.05107879638672,19137.80078125,0.00241806737685879,0.0054111414762720855,-0.0029930740994132954,0.2050142122474936,-0.015737663815968417,0.22504990074594178,2026-02-28,793,ok,0.0001194573116783041,1.160524888809286,0.2658773123411061,0.006399221671760282,-0.003981154294901492,0.20391688948601316
CMP007,Canadian Natural Resources Limited,CNQ.TO,^GSPTSE,CAD,Toronto Stock Exchange,PRIMARY_DIRECT,Raw Materials & Energy,False,2023-10-06,36.51205062866211,19246.099609375,0.012786630737984694,0.0056588962003985,0.0071277345375861945,0.22042228401352593,-0.010167825421541266,0.23217763528352797,2026-02-28,793,ok,0.0001194573116783041,1.160524888809286,0.2658773123411061,0.006686747195429064,0.00609988354255563,0.2100167730285688
CMP007,Canadian Natural Resources Limited,CNQ.TO,^GSPTSE,CAD,Toronto Stock Exchange,PRIMARY_DIRECT,Raw Materials & Energy,False,2023-10-10,38.5037727355957,19501.19921875,0.05454971913766138,0.013254613378948621,0.04129510575871276,0.286995976835807,0.002952017362540138,0.27347274104224073,2026-02-28,793,ok,0.0001194573116783041,1.160524888809286,0.2658773123411061,0.015501766029492728,0.03904795310816865,0.24906472613673747
CMP007,Canadian Natural Resources Limited,CNQ.TO,^GSPTSE,CAD,Toronto Stock Exchange,PRIMARY_DIRECT,Raw Materials & Energy,False,2023-10-11,38.51681518554688,19663.80078125,0.00033873174041265663,0.008338028891252014,-0.007999297150839357,0.28743192322294475,0.011314660259848397,0.2654734438914014,2026-02-28,793,ok,0.0001194573116783041,1.160524888809286,0.2658773123411061,0.009795947363587163,-0.009457215623174507,0.23960751051356297
CMP007,Canadian Natural Resources Limited,CNQ.TO,^GSPTSE,CAD,Toronto Stock Exchange,PRIMARY_DIRECT,Raw Materials & Energy,False,2023-10-12,38.912559509277344,19500.19921875,0.0102745858354083,-0.00831993592286584,0.01859452175827414,0.30065975302534365,0.002900587088631612,0.2840679656496755,2026-02-28,793,ok,0.0001194573116783041,1.160524888809286,0.2658773123411061,-0.009536035400105959,0.01981062123551426,0.25941813174907724
CMP007,Canadian Natural Resources Limited,CNQ.TO,^GSPTSE,CAD,Toronto Stock Exchange,PRIMARY_DIRECT,Raw Materials & Energy,False,2023-10-13,39.656192779541016,19462.900390625,0.019110366412324442,-0.001912740875443797,0.02102310728776824,0.3255158374834213,0.0009822981417006993,0.30509107293744375,2026-02-28,793,ok,0.0001194573116783041,1.160524888809286,0.2658773123411061,-0.002100326080117085,0.02121069249244153,0.28062882424151875
CMP007,Canadian Natural Resources Limited,CNQ.TO,^GSPTSE,CAD,Toronto Stock Exchange,PRIMARY_DIRECT,Raw Materials & Energy,False,2023-10-16,39.91276550292969,19620.80078125,0.006469928286233273,0.008112891062272531,-0.0016429627760392584,0.3340918298942055,0.009103158481787554,0.3034481101614045,2026-02-28,793,ok,0.0001194573116783041,1.160524888809286,0.2658773123411061,0.009534669309643985,-0.003064741023410712,0.27756408321810805
CMP007,Canadian Natural Resources Limited,CNQ.TO,^GSPTSE,CAD,Toronto Stock Exchange,PRIMARY_DIRECT,Raw Materials & Energy,False,2023-10-17,39.78665542602539,19692.80078125,-0.003159642668585372,0.0036695749986312975,-0.006829217667216669,0.32987657642466073,0.012806138203192097,0.2966188924941878,2026-02-28,793,ok,0.0001194573116783041,1.160524888809286,0.2658773123411061,0.004378090428942227,-0.007537733097527598,0.27002635012058046
CMP007,Canadian Natural Resources Limited,CNQ.TO,^GSPTSE,CAD,Toronto Stock Exchange,PRIMARY_DIRECT,Raw Materials & Energy,False,2023-10-18,39.86927795410156,19450.69921875,0.002076639194510621,-0.012293912135165175,0.014370551329675796,0.3326382502471257,0.00035478853016601697,0.3109894438238636,2026-02-28,793,ok,0.0001194573116783041,1.160524888809286,0.2658773123411061,-0.014147933702015392,0.016224572896526013,0.2862509230171065
CMP007,Canadian Natural Resources Limited,CNQ.TO,^GSPTSE,CAD,Toronto Stock Exchange,PRIMARY_DIRECT,Raw Materials & Energy,False,2023-10-19,39.6387939453125,19348.80078125,-0.005780992799879647,-0.005238805883223563,-0.0005421869166560844,0.3249342781176028,-0.004885876021296642,0.31044725690720754,2026-02-28,793,ok,0.0001194573116783041,1.160524888809286,0.2658773123411061,-0.005960307303443155,0.0001793145035635076,0.28643023752067
CMP007,Canadian Natural Resources Limited,CNQ.TO,^GSPTSE,CAD,Toronto Stock Exchange,PRIMARY_DIRECT,Raw Materials & Energy,False,2023-10-20,39.03866958618164,19115.599609375,-0.015139823879576575,-0.012052487103024201,-0.003087336776552374,0.3048750064948884,-0.016879476166587137,0.30735992013065516,2026-02-28,793,ok,0.0001194573116783041,1.160524888809286,0.2658773123411061,-0.013867753943434211,-0.001272069936142364,0.2851581675845276
CMP007,Canadian Natural Resources Limited,CNQ.TO,^GSPTSE,CAD,Toronto Stock Exchange,PRIMARY_DIRECT,Raw Materials & Energy,False,2023-10-23,38.51681518554688,19046.69921875,-0.013367627692401629,-0.0036044064550927457,-0.009763221237308883,0.28743192322294453,-0.020423042128826507,0.2975966988933463,2026-02-28,793,ok,0.0001194573116783041,1.160524888809286,0.2658773123411061,-0.004063546088841678,-0.00930408160355995,0.27585408598096767
CMP007,Canadian Natural Resources Limited,CNQ.TO,^GSPTSE,CAD,Toronto Stock Exchange,PRIMARY_DIRECT,Raw Materials & Energy,False,2023-10-24,38.01237106323242,18986.5,-0.01309672463531586,-0.0031606116135197704,-0.009936113021796089,0.2705707818377785,-0.02351910443821048,0.2876605858715502,2026-02-28,793,ok,0.0001194573116783041,1.160524888809286,0.2658773123411061,-0.0035485111296710654,-0.009548213505644793,0.2663058724753229
CMP007,Canadian Natural Resources Limited,CNQ.TO,^GSPTSE,CAD,Toronto Stock Exchange,PRIMARY_DIRECT,Raw Materials & Energy,False,2023-10-25,38.56465911865234,18947.900390625,0.014529166162805307,-0.002033002890211466,0.016562169053016773,0.2890311158487051,-0.025504292921123883,0.30422275492456696,2026-02-28,793,ok,0.0001194573116783041,1.160524888809286,0.2658773123411061,-0.002239893141433315,0.016769059304238623,0.2830749317795615
CMP007,Canadian Natural Resources Limited,CNQ.TO,^GSPTSE,CAD,Toronto Stock Exchange,PRIMARY_DIRECT,Raw Materials & Energy,False,2023-10-26,38.59074783325195,18875.30078125,0.0006764928096303358,-0.0038315384754143977,0.0045080312850447335,0.28990313612996643,-0.029238110716922727,0.3087307862096117,2026-02-28,793,ok,0.0001194573116783041,1.160524888809286,0.2658773123411061,-0.0043271384514704915,0.005003631261100827,0.2880785630406623
CMP007,Canadian Natural Resources Limited,CNQ.TO,^GSPTSE,CAD,Toronto Stock Exchange,PRIMARY_DIRECT,Raw Materials & Energy,False,2023-10-27,38.26894760131836,18737.400390625,-0.00833879232721979,-0.007305864538168616,-0.0010329277890511745,0.279146901755549,-0.036330365578841506,0.3076978584205605,2026-02-28,793,ok,0.0001194573116783041,1.160524888809286,0.2658773123411061,-0.008359180319135535,2.038799191574417e-05,0.28809895103257804
CMP007,Canadian Natural Resources Limited,CNQ.TO,^GSPTSE,CAD,Toronto Stock Exchange,PRIMARY_DIRECT,Raw Materials & Energy,False,2023-10-30,38.31243515014648,18856.80078125,0.0011363664682177976,0.006372302888117742,-0.005235936419899945,0.2806004814026286,-0.030189570784228237,0.3024619220006606,2026-02-28,793,ok,0.0001194573116783041,1.160524888809286,0.2658773123411061,0.007514673412370239,-0.006378306944152441,0.2817206440884256
CMP007,Canadian Natural Resources Limited,CNQ.TO,^GSPTSE,CAD,Toronto Stock Exchange,PRIMARY_DIRECT,Raw Materials & Energy,False,2023-10-31,38.29503631591797,18873.5,-0.0004541302102130107,0.0008855806954595202,-0.001339710905672531,0.28001892203681034,-0.02933072538985948,0.30112221109498805,2026-02-28,793,ok,0.0001194573116783041,1.160524888809286,0.2658773123411061,0.0011471957498081142,-0.001601325960021125,0.2801193181284045
CMP007,Canadian Natural Resources Limited,CNQ.TO,^GSPTSE,CAD,Toronto Stock Exchange,PRIMARY_DIRECT,Raw Materials & Energy,False,2023-11-01,39.0125732421875,19079.0,0.018737073921281988,0.01088828251251761,0.007848791408764377,0.3040027311996538,-0.01876180410168371,0.3089710025037524,2026-02-28,793,ok,0.0001194573116783041,1.160524888809286,0.2658773123411061,0.012755580163841899,0.005981493757440089,0.28610081188584463
CMP007,Canadian Natural Resources Limited,CNQ.TO,^GSPTSE,CAD,Toronto Stock Exchange,PRIMARY_DIRECT,Raw Materials & Energy,False,2023-11-02,40.569427490234375,19626.30078125,0.039906474212352716,0.02868603077991505,0.011220443432437666,0.35604088256511024,0.009386024988283781,0.3201914459361901,2026-02-28,793,ok,0.0001194573116783041,1.160524888809286,0.2658773123411061,0.033410309992918975,0.006496164219433741,0.29259697610527835
CMP007,Canadian Natural Resources Limited,CNQ.TO,^GSPTSE,CAD,Toronto Stock Exchange,PRIMARY_DIRECT,Raw Materials & Energy,False,2023-11-03,39.81275177001953,19824.900390625,-0.0186513778237809,0.01011905460884055,-0.02877043243262145,0.3307488517198951,0.019600057296540685,0.29142101350356864,2026-02-28,793,ok,0.0001194573116783041,1.160524888809286,0.2658773123411061,0.011862872036458078,-0.030514249860238978,0.26208272624503937
CMP007,Canadian Natural Resources Limited,CNQ.TO,^GSPTSE,CAD,Toronto Stock Exchange,PRIMARY_DIRECT,Raw Materials & Energy,False,2023-11-06,39.625755310058594,19743.900390625,-0.004696898647979286,-0.004085770843938463,-0.000611127804040823,0.324498459237452,0.01543420510996052,0.2908098856995278,2026-02-28,793,ok,0.0001194573116783041,1.160524888809286,0.2658773123411061,-0.0046221814426836046,-7.471720529568168e-05,0.2620080090397437
CMP007,Canadian Natural Resources Limited,CNQ.TO,^GSPTSE,CAD,Toronto Stock Exchange,PRIMARY_DIRECT,Raw Materials & Energy,False,2023-11-07,38.19501876831055,19575.599609375,-0.0361062276429307,-0.008524191163865158,-0.02758203647906554,0.27667581635551364,0.006778449831275735,0.2632278492204623,2026-02-28,793,ok,0.0001194573116783041,1.160524888809286,0.2658773123411061,-0.009773078690955407,-0.02633314895197529,0.2356748600877684
CMP007,Canadian Natural Resources Limited,CNQ.TO,^GSPTSE,CAD,Toronto Stock Exchange,PRIMARY_DIRECT,Raw Materials & Energy,False,2023-11-08,37.42527770996094,19530.19921875,-0.020152917400534043,-0.002319233716001068,-0.017833683684532975,0.2509470740812416,0.004443495305883838,0.2453941655359293,2026-02-28,793,ok,0.0001194573116783041,1.160524888809286,0.2658773123411061,-0.0025720711387065827,-0.01758084626182746,0.21809401382594093
CMP007,Canadian Natural Resources Limited,CNQ.TO,^GSPTSE,CAD,Toronto Stock Exchange,PRIMARY_DIRECT,Raw Materials & Energy,False,2023-11-09,38.17761993408203,19587.400390625,0.02010251546966746,0.002928857572537469,0.01717365789712999,0.2760942569896949,0.007385367243296415,0.2625678234330593,2026-02-28,793,ok,0.0001194573116783041,1.160524888809286,0.2658773123411061,0.0035184694203855855,0.016584046049281875,0.2346780598752228
CMP007,Canadian Natural Resources Limited,CNQ.TO,^GSPTSE,CAD,Toronto Stock Exchange,PRIMARY_DIRECT,Raw Materials & Energy,False,2023-11-10,38.74294662475586,19654.5,0.014807803410739728,0.0034256515942316934,0.011382151816508035,0.2949904098807723,0.010836318532599032,0.2739499752495673,2026-02-28,793,ok,0.0001194573116783041,1.160524888809286,0.2658773123411061,0.004095011247173393,0.010712792163566336,0.24539085203878913
CMP007,Canadian Natural Resources Limited,CNQ.TO,^GSPTSE,CAD,Toronto Stock Exchange,PRIMARY_DIRECT,Raw Materials & Energy,False,2023-11-13,39.112606048583984,19709.19921875,0.009541334772712462,0.0027830379175253217,0.00675829685518714,0.30734634690889684,0.01364951433548689,0.28070827210475446,2026-02-28,793,ok,0.0001194573116783041,1.160524888809286,0.2658773123411061,0.0033492420814664053,0.006192092691246057,0.2515829447300352
CMP007,Canadian Natural Resources Limited,CNQ.TO,^GSPTSE,CAD,Toronto Stock Exchange,PRIMARY_DIRECT,Raw Materials & Energy,False,2023-11-14,39.48225021362305,20023.69921875,0.009450767984621189,0.01595701563058971,-0.0065062476459685215,0.31970177390907484,0.029824335479677888,0.27420202445878594,2026-02-28,793,ok,0.0001194573116783041,1.160524888809286,0.2658773123411061,0.018637971102096466,-0.009187203117475277,0.2423957416125599
CMP007,Canadian Natural Resources Limited,CNQ.TO,^GSPTSE,CAD,Toronto Stock Exchange,PRIMARY_DIRECT,Raw Materials & Energy,False,2023-11-15,38.899513244628906,20057.900390625,-0.014759466996971504,0.0017080346394224843,-0.01646750163639399,0.30022367913121917,0.03158331111719748,0.25773452282239195,2026-02-28,793,ok,0.0001194573116783041,1.160524888809286,0.2658773123411061,0.0021016740216764918,-0.016861141018647996,0.2255346005939119
CMP007,Canadian Natural Resources Limited,CNQ.TO,^GSPTSE,CAD,Toronto Stock Exchange,PRIMARY_DIRECT,Raw Materials & Energy,False,2023-11-16,38.26459503173828,20053.099609375,-0.016322009195790965,-0.00023934615071896648,-0.016082663045072,0.27900141628385433,0.03133640562253559,0.24165185977731996,2026-02-28,793,ok,0.0001194573116783041,1.160524888809286,0.2658773123411061,-0.0001583098532717551,-0.01616369934251921,0.20937090125139268
CMP007,Canadian Natural Resources Limited,CNQ.TO,^GSPTSE,CAD,Toronto Stock Exchange,PRIMARY_DIRECT,Raw Materials & Energy,False,2023-11-17,39.69533157348633,20175.80078125,0.037390609793761964,0.006118813264041956,0.03127179652972001,0.32682405916579294,0.03764696050094818,0.27292365630703996,2026-02-28,793,ok,0.0001194573116783041,1.160524888809286,0.2658773123411061,0.007220492394575379,0.030170117399186586,0.23954101865057928
CMP007,Canadian Natural Resources Limited,CNQ.TO,^GSPTSE,CAD,Toronto Stock Exchange,PRIMARY_DIRECT,Raw Materials & Energy,False,2023-11-20,39.87363052368164,20246.5,0.004491685624674391,0.0035041592408913136,0.0009875263837830772,0.33278373571882014,0.041283040686370454,0.27391118269082304,2026-02-28,793,ok,0.0001194573116783041,1.160524888809286,0.2658773123411061,0.004186121325083727,0.0003055642995906634,0.23984658295016995
CMP007,Canadian Natural Resources Limited,CNQ.TO,^GSPTSE,CAD,Toronto Stock Exchange,PRIMARY_DIRECT,Raw Materials & Energy,False,2023-11-21,39.3735237121582,20110.0,-0.012542294367361762,-0.00674190600844593,-0.005800388358915831,0.3160675697774027,0.0342628082978742,0.2681107943319072,2026-02-28,793,ok,0.0001194573116783041,1.160524888809286,0.2658773123411061,-0.007704692409136067,-0.0048376019582256945,0.23500898099194426
CMP007,Canadian Natural Resources Limited,CNQ.TO,^GSPTSE,CAD,Toronto Stock Exchange,PRIMARY_DIRECT,Raw Materials & Energy,False,2023-11-22,38.638580322265625,20114.0,-0.018665928791779307,0.00019890601690697451,-0.01886483480868628,0.29150194623476766,0.03446852939350786,0.24924595952322093,2026-02-28,793,ok,0.0001194573116783041,1.160524888809286,0.2658773123411061,0.0003502926948327687,-0.019016221486612077,0.21599275950533217
CMP007,Canadian Natural Resources Limited,CNQ.TO,^GSPTSE,CAD,Toronto Stock Exchange,PRIMARY_DIRECT,Raw Materials & Energy,False,2023-11-23,38.84732818603516,20116.69921875,0.005402575923558084,0.00013419602018505117,0.005268379903373033,0.2984793835547239,0.034607350953159255,0.25451433942659396,2026-02-28,793,ok,0.0001194573116783041,1.160524888809286,0.2658773123411061,0.0002751951330822093,0.005127380790475875,0.22112014029580804
CMP007,Canadian Natural Resources Limited,CNQ.TO,^GSPTSE,CAD,Toronto Stock Exchange,PRIMARY_DIRECT,Raw Materials & Energy,False,2023-11-24,38.82558822631836,20103.099609375,-0.0005596256095835583,-0.000676035826112309,0.00011641021652875061,0.2977527212381703,0.03390791931795567,0.2546307496431227,2026-02-28,793,ok,0.0001194573116783041,1.160524888809286,0.2658773123411061,-0.0006650990902517771,0.0001054734806682188,0.22122561377647626
CMP007,Canadian Natural Resources Limited,CNQ.TO,^GSPTSE,CAD,Toronto Stock Exchange,PRIMARY_DIRECT,Raw Materials & Energy,False,2023-11-27,37.85580825805664,20032.69921875,-0.024977856423160194,-0.0035019669599691827,-0.02147588946319101,0.26533764009431793,0.030287207944853733,0.2331548601799317,2026-02-28,793,ok,0.0001194573116783041,1.160524888809286,0.2658773123411061,-0.003944662505153726,-0.021033193918006468,0.2001924198584698
CMP007,Canadian Natural Resources Limited,CNQ.TO,^GSPTSE,CAD,Toronto Stock Exchange,PRIMARY_DIRECT,Raw Materials & Energy,False,2023-11-28,38.59074783325195,20036.80078125,0.019414182631773524,0.0002047433775753671,0.019209439254198157,0.28990313612996643,0.030498152427681058,0.25236429943412986,2026-02-28,793,ok,0.0001194573116783041,1.160524888809286,0.2658773123411061,0.00035706709717339463,0.01905711553460013,0.21924953539306993
CMP007,Canadian Natural Resources Limited,CNQ.TO,^GSPTSE,CAD,Toronto Stock Exchange,PRIMARY_DIRECT,Raw Materials & Energy,False,2023-11-29,39.21697235107422,20116.19921875,0.016227322686985568,0.00396263048012635,0.012264692206859218,0.31083481055490214,0.03458163581620477,0.2646289916409891,2026-02-28,793,ok,0.0001194573116783041,1.160524888809286,0.2658773123411061,0.004718188609019224,0.011509134077966344,0.23075866947103627
CMP007,Canadian Natural Resources Limited,CNQ.TO,^GSPTSE,CAD,Toronto Stock Exchange,PRIMARY_DIRECT,Raw Materials & Energy,False,2023-11-30,39.40396118164063,20236.30078125,0.004768058811181808,0.005970390390052094,-0.001202331578870286,0.31708494802337217,0.04075849207240623,0.2634266600621188,2026-02-28,793,ok,0.0001194573116783041,1.160524888809286,0.2658773123411061,0.0070482439552415396,-0.0022801851440597317,0.22847848432697654
CMP007,Canadian Natural Resources Limited,CNQ.TO,^GSPTSE,CAD,Toronto Stock Exchange,PRIMARY_DIRECT,Raw Materials & Energy,False,2023-12-01,39.847537994384766,20452.900390625,0.011257162971493484,0.010703517985643396,0.000553644985850088,0.3319115879305723,0.05189826931101438,0.2639803050479689,2026-02-28,793,ok,0.0001194573116783041,1.160524888809286,0.2658773123411061,0.0125411563318353,-0.001283993360341816,0.22719449096663472
CMP007,Canadian Natural Resources Limited,CNQ.TO,^GSPTSE,CAD,Toronto Stock Exchange,PRIMARY_DIRECT,Raw Materials & Energy,False,2023-12-04,39.2778549194336,20410.19921875,-0.014296568963217848,-0.0020877807577145413,-0.012208788205503307,0.31286982206081393,0.04970213634527365,0.25177151684246557,2026-02-28,793,ok,0.0001194573116783041,1.160524888809286,0.2658773123411061,-0.0023034642200265307,-0.011993104743191318,0.2152013862234434
CMP007,Canadian Natural Resources Limited,CNQ.TO,^GSPTSE,CAD,Toronto Stock Exchange,PRIMARY_DIRECT,Raw Materials & Energy,False,2023-12-05,39.23436737060547,20375.900390625,-0.0011071772864718055,-0.0016804749310576073,0.0005732976445858018,0.3114162424137339,0.04793813822006787,0.25234481448705137,2026-02-28,793,ok,0.0001194573116783041,1.160524888809286,0.2658773123411061,-0.0018307756708341183,0.0007235983843623128,0.2159249846078057
CMP007,Canadian Natural Resources Limited,CNQ.TO,^GSPTSE,CAD,Toronto Stock Exchange,PRIMARY_DIRECT,Raw Materials & Energy,False,2023-12-06,37.003456115722656,20274.19921875,-0.05686115016994564,-0.004991247990287273,-0.05186990217965837,0.23684760651854075,0.042707619093731664,0.200474912307393,2026-02-28,793,ok,0.0001194573116783041,1.160524888809286,0.2658773123411061,-0.0056730102072694065,-0.05118813996267623,0.16473684464512947
CMP007,Canadian Natural Resources Limited,CNQ.TO,^GSPTSE,CAD,Toronto Stock Exchange,PRIMARY_DIRECT,Raw Materials & Energy,False,2023-12-07,36.64261245727539,20278.5,-0.009751620424826912,0.00021213075809289883,-0.009963751182919811,0.22478633813641635,0.04292880945143929,0.1905111611244732,2026-02-28,793,ok,0.0001194573116783041,1.160524888809286,0.2658773123411061,0.0003656403361270951,-0.010117260760954008,0.15461958388417546
CMP007,Canadian Natural Resources Limited,CNQ.TO,^GSPTSE,CAD,Toronto Stock Exchange,PRIMARY_DIRECT,Raw Materials & Energy,False,2023-12-08,37.31589126586914,20331.5,0.018374203241616094,0.0026136055428163107,0.015760597698799783,0.24729081124088959,0.04565461396858428,0.20627175882327298,2026-02-28,793,ok,0.0001194573116783041,1.160524888809286,0.2658773123411061,0.003152611593646537,0.015221591647969556,0.169841175532145
CMP007,Canadian Natural Resources Limited,CNQ.TO,^GSPTSE,CAD,Toronto Stock Exchange,PRIMARY_DIRECT,Raw Materials & Energy,False,2023-12-11,37.307090759277344,20318.400390625,-0.00023583803825277805,-0.0006443011767454099,0.00040846313849263183,0.24699665262283577,0.04498089747033496,0.2066802219617656,2026-02-28,793,ok,0.0001194573116783041,1.160524888809286,0.2658773123411061,-0.0006282702398238548,0.00039243220157107674,0.17023360773371607
CMP007,Canadian Natural Resources Limited,CNQ.TO,^GSPTSE,CAD,Toronto Stock Exchange,PRIMARY_DIRECT,Raw Materials & Energy,False,2023-12-12,36.75703430175781,20233.80078125,-0.014744019067816083,-0.004163694373009563,-0.01058032469480652,0.22861091019906188,0.040629916387635134,0.1960998972669591,2026-02-28,793,ok,0.0001194573116783041,1.160524888809286,0.2658773123411061,-0.0047126136375944695,-0.010031405430221614,0.16020220230349447
CMP007,Canadian Natural Resources Limited,CNQ.TO,^GSPTSE,CAD,Toronto Stock Exchange,PRIMARY_DIRECT,Raw Materials & Energy,False,2023-12-13,37.7163314819336,20629.5,0.026098329160628486,0.0195563464831916,0.006541982677436886,0.2606756021437764,0.060980835593286375,0.20264187994439598,2026-02-28,793,ok,0.0001194573116783041,1.160524888809286,0.2658773123411061,0.02281508413960011,0.0032832450210283776,0.16348544732452286
CMP007,Canadian Natural Resources Limited,CNQ.TO,^GSPTSE,CAD,Toronto Stock Exchange,PRIMARY_DIRECT,Raw Materials & Energy,False,2023-12-14,38.1431770324707,20778.80078125,0.011317260554398523,0.007237246721927271,0.004080013832471252,0.2749429964078107,0.06865941566771161,0.20672189377686723,2026-02-28,793,ok,0.0001194573116783041,1.160524888809286,0.2658773123411061,0.00851846225892832,0.002798798295470202,0.16628424561999305
CMP007,Canadian Natural Resources Limited,CNQ.TO,^GSPTSE,CAD,Toronto Stock Exchange,PRIMARY_DIRECT,Raw Materials & Energy,False,2023-12-15,36.721824645996094,20529.19921875,-0.037263607728969084,-0.012012317993116861,-0.025251289735852223,0.22743402071287355,0.055822338940372696,0.181470604041015,2026-02-28,793,ok,0.0001194573116783041,1.160524888809286,0.2658773123411061,-0.013821136691625427,-0.023442471037343655,0.1428417745826494
CMP007,Canadian Natural Resources Limited,CNQ.TO,^GSPTSE,CAD,Toronto Stock Exchange,PRIMARY_DIRECT,Raw Materials & Energy,False,2023-12-18,37.32468795776367,20622.69921875,0.016417030405740274,0.004554488414463043,0.011862541991277231,0.24758484235195688,0.06063106955080788,0.19333314603229224,2026-02-28,793,ok,0.0001194573116783041,1.160524888809286,0.2658773123411061,0.005405054472456208,0.011011975933284065,0.15385375051593347
CMP007,Canadian Natural Resources Limited,CNQ.TO,^GSPTSE,CAD,Toronto Stock Exchange,PRIMARY_DIRECT,Raw Materials & Energy,False,2023-12-19,37.73833465576172,20839.599609375,0.011082388644913177,0.010517555840983128,0.0005648328039300488,0.261411062442404,0.07178631605149022,0.19389797883622228,2026-02-28,793,ok,0.0001194573116783041,1.160524888809286,0.2658773123411061,0.012325342634580707,-0.00124295398966753,0.15261079652626594
CMP007,Canadian Natural Resources Limited,CNQ.TO,^GSPTSE,CAD,Toronto Stock Exchange,PRIMARY_DIRECT,Raw Materials & Energy,False,2023-12-20,37.5315055847168,20600.80078125,-0.005480609383841539,-0.011458897128598045,0.005978287744756505,0.25449776113670053,0.059504826912017084,0.1998762665809788,2026-02-28,793,ok,0.0001194573116783041,1.160524888809286,0.2658773123411061,-0.013178878004364989,0.00769826862052345,0.1603090651467894
CMP007,Canadian Natural Resources Limited,CNQ.TO,^GSPTSE,CAD,Toronto Stock Exchange,PRIMARY_DIRECT,Raw Materials & Energy,False,2023-12-21,37.901145935058594,20765.69921875,0.009848801549072972,0.008004467362748624,0.0018443341863243479,0.2668530606298922,0.06798559871970888,0.20172060076730314,2026-02-28,793,ok,0.0001194573116783041,1.160524888809286,0.2658773123411061,0.009408840907809711,0.0004399606412632609,0.16074902578805264
CMP007,Canadian Natural Resources Limited,CNQ.TO,^GSPTSE,CAD,Toronto Stock Exchange,PRIMARY_DIRECT,Raw Materials & Energy,False,2023-12-22,38.05516815185547,20881.19921875,0.004063787861738666,0.005562056869999887,-0.0014982690082612216,0.27200128272028645,0.07392579535612875,0.20022233175904192,2026-02-28,793,ok,0.0001194573116783041,1.160524888809286,0.2658773123411061,0.0065743627422858485,-0.0025105748805471827,0.15823845090750546
CMP007,Canadian Natural Resources Limited,CNQ.TO,^GSPTSE,CAD,Toronto Stock Exchange,PRIMARY_DIRECT,Raw Materials & Energy,False,2023-12-27,38.67122650146485,21015.900390625,0.016188559387021018,0.006450835053287918,0.0097377243337331,0.2925931510259707,0.0808535135214421,0.20996005609277502,2026-02-28,793,ok,0.0001194573116783041,1.160524888809286,0.2658773123411061,0.00760581194462231,0.008582747442398708,0.16682119834990417
CMP007,Canadian Natural Resources Limited,CNQ.TO,^GSPTSE,CAD,Toronto Stock Exchange,PRIMARY_DIRECT,Raw Materials & Energy,False,2023-12-28,38.03756713867188,20929.400390625,-0.016385809815702812,-0.004115931194581979,-0.012269878621120833,0.27141296548417904,0.07640479482836571,0.19769017747165418,2026-02-28,793,ok,0.0001194573116783041,1.160524888809286,0.2658773123411061,-0.004657183280260619,-0.011728626535442193,0.15509257181446198
CMP007,Canadian Natural Resources Limited,CNQ.TO,^GSPTSE,CAD,Toronto Stock Exchange,PRIMARY_DIRECT,Raw Materials & Energy,False,2023-12-29,38.200382232666016,20958.400390625,0.00428037611870824,0.001385610646208013,0.002894765472500227,0.2768550911786536,0.07789627277170919,0.2005849429441544,2026-02-28,793,ok,0.0001194573116783041,1.160524888809286,0.2658773123411061,0.0017274929528018216,0.0025528831659064185,0.1576454549803684
CMP007,Canadian Natural Resources Limited,CNQ.TO,^GSPTSE,CAD,Toronto Stock Exchange,PRIMARY_DIRECT,Raw Materials & Energy,False,2024-01-02,38.55242156982422,20872.099609375,0.009215597242301143,-0.0041177179384646045,0.013333315180765748,0.28862207343573787,0.07345779995351309,0.21391825812492016,2026-02-28,793,ok,0.0001194573116783041,1.160524888809286,0.2658773123411061,-0.004659256841006334,0.013874854083307478,0.17152030906367588
CMP007,Canadian Natural Resources Limited,CNQ.TO,^GSPTSE,CAD,Toronto Stock Exchange,PRIMARY_DIRECT,Raw Materials & Energy,False,2024-01-03,39.692138671875,20818.599609375,0.02956278894145692,-0.0025632303889527863,0.032126019330409705,0.3267173358180211,0.07070628029941384,0.24604427745532986,2026-02-28,793,ok,0.0001194573116783041,1.160524888809286,0.2658773123411061,-0.0028552353504537114,0.03241802429191063,0.2039383333555865
CMP007,Canadian Natural Resources Limited,CNQ.TO,^GSPTSE,CAD,Toronto Stock Exchange,PRIMARY_DIRECT,Raw Materials & Energy,False,2024-01-04,39.1552848815918,20871.400390625,-0.013525443784252578,0.0025362311702379348,-0.016061674954490512,0.3087728950748212,0.07342183894167875,0.22998260250083935,2026-02-28,793,ok,0.0001194573116783041,1.160524888809286,0.2658773123411061,0.003062816708513329,-0.016588260492765905,0.1873500728628206
CMP007,Canadian Natural Resources Limited,CNQ.TO,^GSPTSE,CAD,Toronto Stock Exchange,PRIMARY_DIRECT,Raw Materials & Energy,False,2024-01-05,39.42810821533203,20937.599609375,0.006967726950915409,0.003171766987889013,0.0037959599630263963,0.31789206724846153,0.0768264828945131,0.23377856246386575,2026-02-28,793,ok,0.0001194573116783041,1.160524888809286,0.2658773123411061,0.0038003718426271654,0.003167355108288244,0.19051742797110885
CMP007,Canadian Natural Resources Limited,CNQ.TO,^GSPTSE,CAD,Toronto Stock Exchange,PRIMARY_DIRECT,Raw Materials & Energy,False,2024-01-08,38.47761154174805,21074.900390625,-0.024107082906259625,0.0065576180561082165,-0.03066470096236784,0.28612153392180106,0.08388789968203758,0.2031138615014979,2026-02-28,793,ok,0.0001194573116783041,1.160524888809286,0.2658773123411061,0.007729736277097058,-0.03183681918335668,0.15868060878775217
CMP007,Canadian Natural Resources Limited,CNQ.TO,^GSPTSE,CAD,Toronto Stock Exchange,PRIMARY_DIRECT,Raw Materials & Energy,False,2024-01-09,38.39840316772461,20971.0,-0.0020585574532737683,-0.004930053698911863,0.0028714962456380944,0.2834739788523304,0.07854427413300424,0.205985357747136,2026-02-28,793,ok,0.0001194573116783041,1.160524888809286,0.2658773123411061,-0.005601992709075195,0.003543435255801427,0.1622240440435536
CMP007,Canadian Natural Resources Limited,CNQ.TO,^GSPTSE,CAD,Toronto Stock Exchange,PRIMARY_DIRECT,Raw Materials & Energy,False,2024-01-10,37.99795913696289,20989.400390625,-0.010428663635114632,0.0008774207536597078,-0.01130608438877434,0.2700890604424573,0.07949061126286949,0.19467927335836166,2026-02-28,793,ok,0.0001194573116783041,1.160524888809286,0.2658773123411061,0.0011377259342581967,-0.011566389569372828,0.15065765447418075
CMP007,Canadian Natural Resources Limited,CNQ.TO,^GSPTSE,CAD,Toronto Stock Exchange,PRIMARY_DIRECT,Raw Materials & Energy,False,2024-01-11,38.336795806884766,20918.400390625,0.008917233388786583,-0.0033826597558124227,0.012299893144599006,0.28141474101896735,0.07583906181537325,0.20697916650296067,2026-02-28,793,ok,0.0001194573116783041,1.160524888809286,0.2658773123411061,-0.0038062035253155547,0.012723436914102137,0.16338109138828288
CMP007,Canadian Natural Resources Limited,CNQ.TO,^GSPTSE,CAD,Toronto Stock Exchange,PRIMARY_DIRECT,Raw Materials & Energy,False,2024-01-12,38.47320938110352,20990.19921875,0.003558293575339988,0.0034323288006847807,0.00012596477465520728,0.2859743908592811,0.07953169521214387,0.20710513127761587,2026-02-28,793,ok,0.0001194573116783041,1.160524888809286,0.2658773123411061,0.004102760311449919,-0.0005444667361099312,0.16283662465217294
CMP007,Canadian Natural Resources Limited,CNQ.TO,^GSPTSE,CAD,Toronto Stock Exchange,PRIMARY_DIRECT,Raw Materials & Energy,False,2024-01-15,38.94405746459961,21061.900390625,0.012238336522228055,0.0034159357482872466,0.008822400773940808,0.3017125782135843,0.08321930612122808,0.21592753205155668,2026-02-28,793,ok,0.0001194573116783041,1.160524888809286,0.2658773123411061,0.004083735766139026,0.00815460075608903,0.17099122540826198
CMP007,Canadian Natural Resources Limited,CNQ.TO,^GSPTSE,CAD,Toronto Stock Exchange,PRIMARY_DIRECT,Raw Materials & Energy,False,2024-01-16,37.73833465576172,20948.099609375,-0.030960379768695145,-0.005403158268693309,-0.025557221500001837,0.2614110624424044,0.07736650077055085,0.19037031055155484,2026-02-28,793,ok,0.0001194573116783041,1.160524888809286,0.2658773123411061,-0.006151042337315973,-0.024809337431379173,0.1461818879768828
CMP007,Canadian Natural Resources Limited,CNQ.TO,^GSPTSE,CAD,Toronto Stock Exchange,PRIMARY_DIRECT,Raw Materials & Energy,False,2024-01-17,37.41269302368164,20695.0,-0.00862893487618066,-0.012082222926882102,0.003453288050701442,0.25052642853249507,0.06434951853428617,0.1938235986022563,2026-02-28,793,ok,0.0001194573116783041,1.160524888809286,0.2658773123411061,-0.013902263107110555,0.005273328230929894,0.15145521620781272
CMP007,Canadian Natural Resources Limited,CNQ.TO,^GSPTSE,CAD,Toronto Stock Exchange,PRIMARY_DIRECT,Raw Materials & Energy,False,2024-01-18,37.17947769165039,20756.69921875,-0.006233588474468532,0.0029813587219134075,-0.00921494719638194,0.2427311614005767,0.0675227262545326,0.18460865140587435,2026-02-28,793,ok,0.0001194573116783041,1.160524888809286,0.2658773123411061,0.0035793983109274567,-0.009812986785395989,0.14164222942241672
CMP007,Canadian Natural Resources Limited,CNQ.TO,^GSPTSE,CAD,Toronto Stock Exchange,PRIMARY_DIRECT,Raw Materials & Energy,False,2024-01-19,37.20587921142578,20906.5,0.0007101100234476743,0.007216984727257625,-0.006506874703809951,0.24361363725473795,0.07522702146591187,0.1781017767020644,2026-02-28,793,ok,0.0001194573116783041,1.160524888809286,0.2658773123411061,0.008494947709817275,-0.007784837686369601,0.13385739173604713
CMP007,Canadian Natural Resources Limited,CNQ.TO,^GSPTSE,CAD,Toronto Stock Exchange,PRIMARY_DIRECT,Raw Materials & Energy,False,2024-01-22,37.01666641235352,20924.30078125,-0.005085561827393947,0.0008514472173726251,-0.005937009044766572,0.23728916321308868,0.07614252052138282,0.17216476765729782,2026-02-28,793,ok,0.0001194573116783041,1.160524888809286,0.2658773123411061,0.0011075829989466459,-0.006193144826340593,0.12766424690970654
CMP007,Canadian Natural Resources Limited,CNQ.TO,^GSPTSE,CAD,Toronto Stock Exchange,PRIMARY_DIRECT,Raw Materials & Energy,False,2024-01-23,37.1662712097168,21034.599609375,0.004041552410385174,0.005271326830851075,-0.0012297744204659011,0.24228973221301597,0.0818152194636268,0.17093499323683192,2026-02-28,793,ok,0.0001194573116783041,1.160524888809286,0.2658773123411061,0.006236963295929154,-0.0021954108855439802,0.12546883602416256
CMP007,Canadian Natural Resources Limited,CNQ.TO,^GSPTSE,CAD,Toronto Stock Exchange,PRIMARY_DIRECT,Raw Materials & Energy,False,2024-01-24,37.54911422729492,21025.80078125,0.010300818594845662,-0.0004183026198929518,0.010719121214738614,0.25508633338678166,0.0813626933230851,0.18165411445157054,2026-02-28,793,ok,0.0001194573116783041,1.160524888809286,0.2658773123411061,-0.00036599328976159683,0.010666811884607259,0.1361356479087698
CMP007,Canadian Natural Resources Limited,CNQ.TO,^GSPTSE,CAD,Toronto Stock Exchange,PRIMARY_DIRECT,Raw Materials & Energy,False,2024-01-25,38.200382232666016,21101.5,0.017344430588396742,0.0036003013410792484,0.013744129247317494,0.27685509117865403,0.08525592487804934,0.19539824369888803,2026-02-28,793,ok,0.0001194573116783041,1.160524888809286,0.2658773123411061,0.004297696625214222,0.013046733963182521,0.14918238187195232
CMP007,Canadian Natural Resources Limited,CNQ.TO,^GSPTSE,CAD,Toronto Stock Exchange,PRIMARY_DIRECT,Raw Materials & Energy,False,2024-01-26,38.06396865844727,21125.30078125,-0.003571000242560185,0.0011279189275643642,-0.004698919170124549,0.27229544133834094,0.08648000557697055,0.19069932452876348,2026-02-28,793,ok,0.0001194573116783041,1.160524888809286,0.2658773123411061,0.0014284352996758272,-0.004999435542236012,0.14418294632971632
CMP007,Canadian Natural Resources Limited,CNQ.TO,^GSPTSE,CAD,Toronto Stock Exchange,PRIMARY_DIRECT,Raw Materials & Energy,False,2024-01-29,37.694332122802734,21200.099609375,-0.009710930012614583,0.0035407225156003364,-0.013251652528214919,0.25994026935213577,0.09032692979546653,0.17744767200054856,2026-02-28,793,ok,0.0001194573116783041,1.160524888809286,0.2658773123411061,0.004228553915399919,-0.013939483928014501,0.13024346240170181
CMP007,Canadian Natural Resources Limited,CNQ.TO,^GSPTSE,CAD,Toronto Stock Exchange,PRIMARY_DIRECT,Raw Materials & Energy,False,2024-01-30,38.3323974609375,21227.900390625,0.016927354915217574,0.0013113514446745356,0.015616003470543038,0.28126772546343415,0.0917567315900214,0.1930636754710916,2026-02-28,793,ok,0.0001194573116783041,1.160524888809286,0.2658773123411061,0.0016413133011991161,0.015286041614018458,0.14552950401572026
CMP007,Canadian Natural Resources Limited,CNQ.TO,^GSPTSE,CAD,Toronto Stock Exchange,PRIMARY_DIRECT,Raw Materials & Energy,False,2024-01-31,37.86154556274414,21021.900390625,-0.012283392883870037,-0.009704209846913447,-0.0025791830369565893,0.2655294106021442,0.08116209516489148,0.190484492434135,2026-02-28,793,ok,0.0001194573116783041,1.160524888809286,0.2658773123411061,-0.011142519741892903,-0.0011408731419771338,0.14438863087374312
CMP007,Canadian Natural Resources Limited,CNQ.TO,^GSPTSE,CAD,Toronto Stock Exchange,PRIMARY_DIRECT,Raw Materials & Energy,False,2024-02-01,37.17507553100586,21119.19921875,-0.018131062045543378,0.004628450630866476,-0.022759512676409854,0.24258401833805676,0.0861662005463264,0.16772497975772516,2026-02-28,793,ok,0.0001194573116783041,1.160524888809286,0.2658773123411061,0.005490889465423891,-0.02362195151096727,0.12076667936277585
CMP007,Canadian Natural Resources Limited,CNQ.TO,^GSPTSE,CAD,Toronto Stock Exchange,PRIMARY_DIRECT,Raw Materials & Energy,False,2024-02-02,35.916542053222656,21085.099609375,-0.033854227861178754,-0.0016146260576360705,-0.03223960180354268,0.2005172958445811,0.0844124482960007,0.13548537795418247,2026-02-28,793,ok,0.0001194573116783041,1.160524888809286,0.2658773123411061,-0.0017543564143283725,-0.03209987144685038,0.08866680791592547
CMP007,Canadian Natural Resources Limited,CNQ.TO,^GSPTSE,CAD,Toronto Stock Exchange,PRIMARY_DIRECT,Raw Materials & Energy,False,2024-02-05,35.73172378540039,20871.900390625,-0.005145770089681645,-0.010111368819676114,0.004965598729994469,0.19433970985147853,0.0734475540786319,0.14045097668417694,2026-02-28,793,ok,0.0001194573116783041,1.160524888809286,0.2658773123411061,-0.011615037863486,0.006469267773804355,0.09513607568972983
CMP007,Canadian Natural Resources Limited,CNQ.TO,^GSPTSE,CAD,Toronto Stock Exchange,PRIMARY_DIRECT,Raw Materials & Energy,False,2024-02-06,36.18497467041016,20957.69921875,0.01268483120859032,0.004110733882360718,0.008574097326229602,0.2094897074766613,0.07786021131012011,0.14902507401040654,2026-02-28,793,ok,0.0001194573116783041,1.160524888809286,0.2658773123411061,0.00489006629342954,0.007794764915160779,0.1029308406048906
CMP007,Canadian Natural Resources Limited,CNQ.TO,^GSPTSE,CAD,Toronto Stock Exchange,PRIMARY_DIRECT,Raw Materials & Energy,False,2024-02-07,35.75372314453125,20969.19921875,-0.011917972302231905,0.0005487243556636656,-0.01246669665789557,0.1950750426431198,0.07845165946006682,0.13655837735251097,2026-02-28,793,ok,0.0001194573116783041,1.160524888809286,0.2658773123411061,0.0007562655835218269,-0.012674237885753732,0.09025660271913688
CMP007,Canadian Natural Resources Limited,CNQ.TO,^GSPTSE,CAD,Toronto Stock Exchange,PRIMARY_DIRECT,Raw Materials & Energy,False,2024-02-08,35.87693786621094,20919.599609375,0.0034462067399694263,-0.002365355436684924,0.00581156217665435,0.19919351830984589,0.07590073796416097,0.14236993952916532,2026-02-28,793,ok,0.0001194573116783041,1.160524888809286,0.2658773123411061,-0.0026255965434749074,0.006071803283444334,0.09632840600258122
CMP007,Canadian Natural Resources Limited,CNQ.TO,^GSPTSE,CAD,Toronto Stock Exchange,PRIMARY_DIRECT,Raw Materials & Energy,False,2024-02-09,36.022159576416016,21009.599609375,0.00404777327280903,0.004302185590572494,-0.00025441231776346385,0.2040475817821863,0.08052946261591676,0.14211552721140186,2026-02-28,793,ok,0.0001194573116783041,1.160524888809286,0.2658773123411061,0.0051122507658143595,-0.0010644774930053296,0.0952639285095759
CMP007,Canadian Natural Resources Limited,CNQ.TO,^GSPTSE,CAD,Toronto Stock Exchange,PRIMARY_DIRECT,Raw Materials & Energy,False,2024-02-12,36.11456298828125,21067.30078125,0.002565182458570181,0.0027464193962674077,-0.0001812369376972267,0.2071361835182579,0.0834970496902836,0.14193429027370463,2026-02-28,793,ok,0.0001194573116783041,1.160524888809286,0.2658773123411061,0.003306745376155204,-0.000741562917585023,0.09452236559199087
CMP007,Canadian Natural Resources Limited,CNQ.TO,^GSPTSE,CAD,Toronto Stock Exchange,PRIMARY_DIRECT,Raw Materials & Energy,False,2024-02-13,35.46769332885742,20585.0,-0.017911601467633154,-0.022893335328427522,0.004981733860794368,0.18551444128191918,0.05869218840436208,0.146916024134499,2026-02-28,793,ok,0.0001194573116783041,1.160524888809286,0.2658773123411061,-0.026448828124818746,0.008537226657185593,0.10305959224917646
CMP007,Canadian Natural Resources Limited,CNQ.TO,^GSPTSE,CAD,Toronto Stock Exchange,PRIMARY_DIRECT,Raw Materials & Energy,False,2024-02-14,35.81973648071289,20889.400390625,0.009925741394888998,0.014787485578090953,-0.004861744183201955,0.19728155104598977,0.07434758387202911,0.14205427995129705,2026-02-28,793,ok,0.0001194573116783041,1.160524888809286,0.2658773123411061,0.01728070236796123,-0.007354960973072231,0.09570463127610424
CMP007,Canadian Natural Resources Limited,CNQ.TO,^GSPTSE,CAD,Toronto Stock Exchange,PRIMARY_DIRECT,Raw Materials & Energy,False,2024-02-15,37.29388427734375,21222.69921875,0.041154624278841645,0.015955404266873252,0.025199220011968393,0.24655522343527614,0.09148923389584596,0.16725349996326544,2026-02-28,793,ok,0.0001194573116783041,1.160524888809286,0.2658773123411061,0.018636101074398594,0.02251852320444305,0.1182231544805473
CMP007,Canadian Natural Resources Limited,CNQ.TO,^GSPTSE,CAD,Toronto Stock Exchange,PRIMARY_DIRECT,Raw Materials & Energy,False,2024-02-16,37.47430038452149,21255.599609375,0.00483768614274771,0.0015502453427758134,0.003287440799971897,0.2525856663658588,0.09318130999738283,0.17054094076323734,2026-02-28,793,ok,0.0001194573116783041,1.160524888809286,0.2658773123411061,0.0019185556157303185,0.0029191305270173918,0.12114228500756469
CMP007,Canadian Natural Resources Limited,CNQ.TO,^GSPTSE,CAD,Toronto Stock Exchange,PRIMARY_DIRECT,Raw Materials & Energy,False,2024-02-20,37.59311676025391,21217.5,0.0031706095781176558,-0.001792450463650841,0.004963060041768497,0.2565571264770512,0.0912218366514237,0.17550400080500583,2026-02-28,793,ok,0.0001194573116783041,1.160524888809286,0.2658773123411061,-0.0019607260633462413,0.005131335641463897,0.12627362064902858
CMP007,Canadian Natural Resources Limited,CNQ.TO,^GSPTSE,CAD,Toronto Stock Exchange,PRIMARY_DIRECT,Raw Materials & Energy,False,2024-02-21,38.68003082275391,21172.400390625,0.02891258177478817,-0.0021255854542241437,0.031038167229012315,0.29288743715101173,0.08890235138810576,0.20654216803401815,2026-02-28,793,ok,0.0001194573116783041,1.160524888809286,0.2658773123411061,-0.002347337511239806,0.031259919286027976,0.15753353993505656
CMP007,Canadian Natural Resources Limited,CNQ.TO,^GSPTSE,CAD,Toronto Stock Exchange,PRIMARY_DIRECT,Raw Materials & Energy,False,2024-02-22,39.326904296875,21318.099609375,0.01672370627327835,0.006881563547915581,0.009842142725362768,0.314509306894337,0.09639570211665771,0.21638431075938092,2026-02-28,793,ok,0.0001194573116783041,1.160524888809286,0.2658773123411061,0.00810568308295707,0.008618023190321279,0.16615156312537785
CMP007,Canadian Natural Resources Limited,CNQ.TO,^GSPTSE,CAD,Toronto Stock Exchange,PRIMARY_DIRECT,Raw Materials & Energy,False,2024-02-23,38.80764389038086,21413.19921875,-0.013203693903143132,0.004460979689445699,-0.01766467359258883,0.29715292837327123,0.10128670107539572,0.19871963716679208,2026-02-28,793,ok,0.0001194573116783041,1.160524888809286,0.2658773123411061,0.005296535269752756,-0.01850022917289589,0.14765133395248195
CMP007,Canadian Natural Resources Limited,CNQ.TO,^GSPTSE,CAD,Toronto Stock Exchange,PRIMARY_DIRECT,Raw Materials & Energy,False,2024-02-26,39.1552848815918,21324.30078125,0.008958054557316464,-0.004151571962313749,0.013109626519630213,0.30877289507482186,0.09671463008474213,0.2118292636864223,2026-02-28,793,ok,0.0001194573116783041,1.160524888809286,0.2658773123411061,-0.00469854527826961,0.013656599835586074,0.16130793378806801
CMP007,Canadian Natural Resources Limited,CNQ.TO,^GSPTSE,CAD,Toronto Stock Exchange,PRIMARY_DIRECT,Raw Materials & Energy,False,2024-02-27,39.37530517578125,21318.900390625,0.005619172350675328,-0.0002532505370468341,0.005872422887722162,0.3161271155401395,0.09643688651568594,0.21770168657414446,2026-02-28,793,ok,0.0001194573116783041,1.160524888809286,0.2658773123411061,-0.00017444623966886503,0.005793618590344192,0.1671015523784122
CMP007,Canadian Natural Resources Limited,CNQ.TO,^GSPTSE,CAD,Toronto Stock Exchange,PRIMARY_DIRECT,Raw Materials & Energy,False,2024-02-28,39.56452941894531,21243.80078125,0.0048056578182522625,-0.003522677436403998,0.00832833525465626,0.3224519721027488,0.092574493035116,0.22603002182880072,2026-02-28,793,ok,0.0001194573116783041,1.160524888809286,0.2658773123411061,-0.003968697528515427,0.008774355346767689,0.1758759077251799
CMP007,Canadian Natural Resources Limited,CNQ.TO,^GSPTSE,CAD,Toronto Stock Exchange,PRIMARY_DIRECT,Raw Materials & Energy,False,2024-02-29,41.60193634033203,21363.599609375,0.05149579563585349,0.005639237034774647,0.045856558601078845,0.39055268859638326,0.09873577957948987,0.27188658042987957,2026-02-28,793,ok,0.0001194573116783041,1.160524888809286,0.2658773123411061,0.006663932244429359,0.044831863391424136,0.22070777111660403
CMP007,Canadian Natural Resources Limited,CNQ.TO,^GSPTSE,CAD,Toronto Stock Exchange,PRIMARY_DIRECT,Raw Materials & Energy,False,2024-03-01,42.99247741699219,21552.400390625,0.03342491237149603,0.008837498581800274,0.024587413789695756,0.43703179036066553,0.10844585547329677,0.2964739942195753,2026-02-28,793,ok,0.0001194573116783041,1.160524888809286,0.2658773123411061,0.01037559437067429,0.023049318000821738,0.24375708911742577
CMP007,Canadian Natural Resources Limited,CNQ.TO,^GSPTSE,CAD,Toronto Stock Exchange,PRIMARY_DIRECT,Raw Materials & Energy,False,2024-03-04,42.1299934387207,21531.099609375,-0.0200612765323126,-0.0009883252382071328,-0.019072951294105467,0.40820309822851586,0.10735035045914643,0.27740104292546985,2026-02-28,793,ok,0.0001194573116783041,1.160524888809286,0.2658773123411061,-0.0010275187254994399,-0.01903375780681316,0.22472333131061262
CMP007,Canadian Natural Resources Limited,CNQ.TO,^GSPTSE,CAD,Toronto Stock Exchange,PRIMARY_DIRECT,Raw Materials & Energy,False,2024-03-05,42.66685104370117,21525.900390625,0.012742883659864424,-0.00024147483613590204,0.012984358496000326,0.4261476664787025,0.10708295321472416,0.2903854014214702,2026-02-28,793,ok,0.0001194573116783041,1.160524888809286,0.2658773123411061,-0.00016078024567855418,0.012903663905542978,0.2376269952161556
CMP007,Canadian Natural Resources Limited,CNQ.TO,^GSPTSE,CAD,Toronto Stock Exchange,PRIMARY_DIRECT,Raw Materials & Energy,False,2024-03-06,42.73285675048828,21594.0,0.0015470020677059715,0.0031636125848031327,-0.0016166105170971612,0.4283539198675992,0.1105853347779353,0.288768790904373,2026-02-28,793,ok,0.0001194573116783041,1.160524888809286,0.2658773123411061,0.003790908454892618,-0.0022439063871866464,0.23538308882896897
CMP007,Canadian Natural Resources Limited,CNQ.TO,^GSPTSE,CAD,Toronto Stock Exchange,PRIMARY_DIRECT,Raw Materials & Energy,False,2024-03-07,42.70645523071289,21794.599609375,-0.0006178271658631163,0.009289599396823167,-0.009907426562686283,0.42747144401343795,0.12090222763400904,0.27886136434168673,2026-02-28,793,ok,0.0001194573116783041,1.160524888809286,0.2658773123411061,0.010900268618759321,-0.011518095784622437,0.22386499304434654
CMP007,Canadian Natural Resources Limited,CNQ.TO,^GSPTSE,CAD,Toronto Stock Exchange,PRIMARY_DIRECT,Raw Materials & Energy,False,2024-03-08,42.56123352050781,21737.5,-0.003400462750198896,-0.002619897148761541,-0.0007805656014373552,0.42261738054109754,0.11796557908379035,0.2780807987402494,2026-02-28,793,ok,0.0001194573116783041,1.160524888809286,0.2658773123411061,-0.0029209985355799486,-0.00047946421461894737,0.2233855288297276
CMP007,Canadian Natural Resources Limited,CNQ.TO,^GSPTSE,CAD,Toronto Stock Exchange,PRIMARY_DIRECT,Raw Materials & Energy,False,2024-03-11,42.79886245727539,21769.19921875,0.005583224853036306,0.0014582734330075287,0.004124951420028777,0.4305601732564961,0.11959587858678522,0.28220575016027816,2026-02-28,793,ok,0.0001194573116783041,1.160524888809286,0.2658773123411061,0.001811819925372902,0.003771404927663404,0.227156933757391
CMP007,Canadian Natural Resources Limited,CNQ.TO,^GSPTSE,CAD,Toronto Stock Exchange,PRIMARY_DIRECT,Raw Materials & Energy,False,2024-03-12,42.794464111328125,21831.0,-0.0001027678235994145,0.0028389092602345567,-0.002941677083833971,0.43041315770096245,0.12277430969422576,0.2792640730764442,2026-02-28,793,ok,0.0001194573116783041,1.160524888809286,0.2658773123411061,0.003414082165251666,-0.0035168499888510803,0.22364008376853992
CMP007,Canadian Natural Resources Limited,CNQ.TO,^GSPTSE,CAD,Toronto Stock Exchange,PRIMARY_DIRECT,Raw Materials & Energy,False,2024-03-13,43.82416915893555,21970.099609375,0.02406164135923472,0.00637165541546425,0.01768998594377047,0.46483124609709336,0.12992824070493314,0.29695405902021466,2026-02-28,793,ok,0.0001194573116783041,1.160524888809286,0.2658773123411061,0.007513922004241038,0.016547719354993683,0.2401878031235336
CMP007,Canadian Natural Resources Limited,CNQ.TO,^GSPTSE,CAD,Toronto Stock Exchange,PRIMARY_DIRECT,Raw Materials & Energy,False,2024-03-14,44.3000373840332,21829.900390625,0.01085857950602187,-0.0063813647294604925,0.017239944235482363,0.48073723264574375,0.12271775648287742,0.314194003255697,2026-02-28,793,ok,0.0001194573116783041,1.160524888809286,0.2658773123411061,-0.007286275281430334,0.018144854787452203,0.2583326579109858
CMP007,Canadian Natural Resources Limited,CNQ.TO,^GSPTSE,CAD,Toronto Stock Exchange,PRIMARY_DIRECT,Raw Materials & Energy,False,2024-03-15,43.70853805541992,21849.19921875,-0.01335211804643921,0.0008840547954716005,-0.01423617284191081,0.46096625431969995,0.1237103004994573,0.2999578304137862,2026-02-28,793,ok,0.0001194573116783041,1.160524888809286,0.2658773123411061,0.0011454249048942994,-0.014497542951333509,0.2438351149596523
CMP007,Canadian Natural Resources Limited,CNQ.TO,^GSPTSE,CAD,Toronto Stock Exchange,PRIMARY_DIRECT,Raw Materials & Energy,False,2024-03-18,44.1888542175293,21837.19921875,0.010989069492563619,-0.0005492192130182039,0.011538288705581823,0.4770209140147095,0.12309313721255655,0.31149611911936803,2026-02-28,793,ok,0.0001194573116783041,1.160524888809286,0.2658773123411061,-0.0005179252544415705,0.01150699474700519,0.2553421097066575
CMP007,Canadian Natural Resources Limited,CNQ.TO,^GSPTSE,CAD,Toronto Stock Exchange,PRIMARY_DIRECT,Raw Materials & Energy,False,2024-03-19,44.35784530639648,21860.599609375,0.0038242921627993365,0.001071583878069271,0.0027527082847300655,0.48266947352046663,0.12429662571196376,0.3142488274040981,2026-02-28,793,ok,0.0001194573116783041,1.160524888809286,0.2658773123411061,0.0013630570726244685,0.002461235090174868,0.25780334479683237
CMP007,Canadian Natural Resources Limited,CNQ.TO,^GSPTSE,CAD,Toronto Stock Exchange,PRIMARY_DIRECT,Raw Materials & Energy,False,2024-03-20,44.26000595092773,22045.69921875,-0.0022056832290417994,0.008467270462957366,-0.010672953691999165,0.4793991743285102,0.13381634932245734,0.30357587371209893,2026-02-28,793,ok,0.0001194573116783041,1.160524888809286,0.2658773123411061,0.009945935424220054,-0.012151618653261854,0.2456517261435705
CMP007,Canadian Natural Resources Limited,CNQ.TO,^GSPTSE,CAD,Toronto Stock Exchange,PRIMARY_DIRECT,Raw Materials & Energy,False,2024-03-21,44.686954498291016,22087.30078125,0.00964637347398134,0.0018870602418732396,0.0077593132321081,0.4936700112811827,0.1359559290768495,0.31133518694420703,2026-02-28,793,ok,0.0001194573116783041,1.160524888809286,0.2658773123411061,0.00230943768905467,0.00733693578492667,0.25298866192849717
CMP007,Canadian Natural Resources Limited,CNQ.TO,^GSPTSE,CAD,Toronto Stock Exchange,PRIMARY_DIRECT,Raw Materials & Energy,False,2024-03-22,44.824825286865234,21984.099609375,0.0030852581054610084,-0.004672421175275887,0.0077576792807368955,0.498278368790372,0.13064826453965073,0.3190928662249439,2026-02-28,793,ok,0.0001194573116783041,1.160524888809286,0.2658773123411061,-0.005303003753228899,0.008388261858689908,0.2613769237871871
CMP007,Canadian Natural Resources Limited,CNQ.TO,^GSPTSE,CAD,Toronto Stock Exchange,PRIMARY_DIRECT,Raw Materials & Energy,False,2024-03-25,45.78544616699219,21942.30078125,0.02143055492083401,-0.0019013209031847333,0.023331875824018744,0.5303873056594317,0.1284985393601319,0.34242474204896267,2026-02-28,793,ok,0.0001194573116783041,1.160524888809286,0.2658773123411061,-0.00208707291808093,0.02351762783891494,0.284894551626102
CMP007,Canadian Natural Resources Limited,CNQ.TO,^GSPTSE,CAD,Toronto Stock Exchange,PRIMARY_DIRECT,Raw Materials & Energy,False,2024-03-26,45.3807373046875,21912.5,-0.008839246882701546,-0.0013581429562512515,-0.007481103926450294,0.5168598344385555,0.1269658770177602,0.3349436381225124,2026-02-28,793,ok,0.0001194573116783041,1.160524888809286,0.2658773123411061,-0.0014567013916122946,-0.007382545491089252,0.27751200613501276
CMP007,Canadian Natural Resources Limited,CNQ.TO,^GSPTSE,CAD,Toronto Stock Exchange,PRIMARY_DIRECT,Raw Materials & Energy,False,2024-03-27,45.558631896972656,22107.099609375,0.003920046320331272,0.008880757986309273,-0.0049607116659780015,0.5228059952510047,0.13697418823038365,0.3299829264565344,2026-02-28,793,ok,0.0001194573116783041,1.160524888809286,0.2658773123411061,0.010425797986282053,-0.006505751665950781,0.27100625446906196
CMP007,Canadian Natural Resources Limited,CNQ.TO,^GSPTSE,CAD,Toronto Stock Exchange,PRIMARY_DIRECT,Raw Materials & Energy,False,2024-03-28,45.95444488525391,22167.0,0.00868799109631646,0.0027095544726996046,0.005978436623616856,0.5360361201791628,0.1400548817274474,0.33596136308015123,2026-02-28,793,ok,0.0001194573116783041,1.160524888809286,0.2658773123411061,0.0032639627148307163,0.005424028381485745,0.2764302828505477
CMP007,Canadian Natural Resources Limited,CNQ.TO,^GSPTSE,CAD,Toronto Stock Exchange,PRIMARY_DIRECT,Raw Materials & Energy,False,2024-04-01,46.55928802490234,22185.30078125,0.013161798410549652,0.0008255867392972238,0.012336211671252428,0.5562531179442838,0.1409960959198726,0.34829757475140366,2026-02-28,793,ok,0.0001194573116783041,1.160524888809286,0.2658773123411061,0.0010775712705036358,0.012084227140046016,0.28851450999059375
CMP007,Canadian Natural Resources Limited,CNQ.TO,^GSPTSE,CAD,Toronto Stock Exchange,PRIMARY_DIRECT,Raw Materials & Energy,False,2024-04-02,47.19081878662109,22075.099609375,0.01356401243466121,-0.0049673057382272345,0.018531318172888445,0.5773621545875602,0.13532841946531504,0.3668288929242921,2026-02-28,793,ok,0.0001194573116783041,1.160524888809286,0.2658773123411061,-0.005645224627859586,0.019209237062520798,0.30772374705311456
CMP007,Canadian Natural Resources Limited,CNQ.TO,^GSPTSE,CAD,Toronto Stock Exchange,PRIMARY_DIRECT,Raw Materials & Energy,False,2024-04-03,47.777862548828125,22112.5,0.012439787596426832,0.0016942342859969095,0.010745553310429923,0.5969842047532716,0.13725193179943984,0.377574446234722,2026-02-28,793,ok,0.0001194573116783041,1.160524888809286,0.2658773123411061,0.0020856583680517477,0.010354129228375085,0.31807787628148965
CMP007,Canadian Natural Resources Limited,CNQ.TO,^GSPTSE,CAD,Toronto Stock Exchange,PRIMARY_DIRECT,Raw Materials & Energy,False,2024-04-04,48.26707077026367,22051.80078125,0.010239223676772546,-0.002745018371961505,0.012984242048734052,0.6133360832340131,0.13413015435310172,0.3905586882834561,2026-02-28,793,ok,0.0001194573116783041,1.160524888809286,0.2658773123411061,-0.003066204829221769,0.013305428505994315,0.33138330478748396
CMP007,Canadian Natural Resources Limited,CNQ.TO,^GSPTSE,CAD,Toronto Stock Exchange,PRIMARY_DIRECT,Raw Materials & Energy,False,2024-04-05,49.06314086914063,22264.400390625,0.01649302694721233,0.009640918285266142,0.006852108661946188,0.6399448787297017,0.1450642104960762,0.39741079694540227,2026-02-28,793,ok,0.0001194573116783041,1.160524888809286,0.2658773123411061,0.011307982932706207,0.0051850440145061235,0.3365683488019901
CMP007,Canadian Natural Resources Limited,CNQ.TO,^GSPTSE,CAD,Toronto Stock Exchange,PRIMARY_DIRECT,Raw Materials & Energy,False,2024-04-08,48.76961898803711,22260.30078125,-0.005982533443718796,-0.00018413293432895106,-0.005798400509389845,0.6301338536468459,0.1448533664630025,0.3916123964360124,2026-02-28,793,ok,0.0001194573116783041,1.160524888809286,0.2658773123411061,-9.42335414599294e-05,-0.005888299902258866,0.33068004889973124
CMP007,Canadian Natural Resources Limited,CNQ.TO,^GSPTSE,CAD,Toronto Stock Exchange,PRIMARY_DIRECT,Raw Materials & Energy,False,2024-04-09,49.36111831665039,22361.80078125,0.012128438583011603,0.004559686816338671,0.007568751766672932,0.6499048319728897,0.1500735392647048,0.39918114820268535,2026-02-28,793,ok,0.0001194573116783041,1.160524888809286,0.2658773123411061,0.005411087347214907,0.006717351235796695,0.33739740013552794
CMP007,Canadian Natural Resources Limited,CNQ.TO,^GSPTSE,CAD,Toronto Stock Exchange,PRIMARY_DIRECT,Raw Materials & Energy,False,2024-04-10,50.08158874511719,22199.099609375,0.014595909757250558,-0.007275852846852171,0.02187176260410273,0.6739866940084176,0.14170577342995627,0.4210529108067881,2026-02-28,793,ok,0.0001194573116783041,1.160524888809286,0.2658773123411061,-0.00832435100440754,0.022920260761658096,0.36031766089718603
CMP007,Canadian Natural Resources Limited,CNQ.TO,^GSPTSE,CAD,Toronto Stock Exchange,PRIMARY_DIRECT,Raw Materials & Energy,False,2024-04-11,49.347774505615234,22110.099609375,-0.014652375411582708,-0.004009171613537643,-0.010643203798045064,0.6494588125338121,0.1371284790521088,0.410409707008743,2026-02-28,793,ok,0.0001194573116783041,1.160524888809286,0.2658773123411061,-0.004533286129339816,-0.010119089282242892,0.35019857161494317
CMP007,Canadian Natural Resources Limited,CNQ.TO,^GSPTSE,CAD,Toronto Stock Exchange,PRIMARY_DIRECT,Raw Materials & Energy,False,2024-04-12,48.4938850402832,21900.0,-0.017303505049348633,-0.009502427084766008,-0.007801077964582626,0.6209173936424406,0.12632299859390517,0.4026086290441604,2026-02-28,793,ok,0.0001194573116783041,1.160524888809286,0.2658773123411061,-0.010908345824288115,-0.006395159225060518,0.34380341238988266
CMP007,Canadian Natural Resources Limited,CNQ.TO,^GSPTSE,CAD,Toronto Stock Exchange,PRIMARY_DIRECT,Raw Materials & Energy,False,2024-04-15,47.51991653442383,21740.19921875,-0.020084357131838648,-0.007296839326484061,-0.012787517805354587,0.5883623098273167,0.11810440064344174,0.3898211112388058,2026-02-28,793,ok,0.0001194573116783041,1.160524888809286,0.2658773123411061,-0.008348706336348837,-0.011735650795489811,0.33206776159439283
CMP007,Canadian Natural Resources Limited,CNQ.TO,^GSPTSE,CAD,Toronto Stock Exchange,PRIMARY_DIRECT,Raw Materials & Energy,False,2024-04-16,47.59996795654297,21642.900390625,0.0016845867576629203,-0.004475526058707158,0.006160112816370078,0.5910380439408227,0.11310029526200682,0.3959812240551759,2026-02-28,793,ok,0.0001194573116783041,1.160524888809286,0.2658773123411061,-0.005074502069965883,0.006759088827628803,0.33882685042202165
CMP007,Canadian Natural Resources Limited,CNQ.TO,^GSPTSE,CAD,Toronto Stock Exchange,PRIMARY_DIRECT,Raw Materials & Energy,False,2024-04-17,47.27531051635742,21656.099609375,-0.006820539049142815,0.0006098636740812236,-0.007430402723224039,0.5801863068334525,0.11377913469769618,0.38855082133195185,2026-02-28,793,ok,0.0001194573116783041,1.160524888809286,0.2658773123411061,0.0008272192842302387,-0.007647758333373054,0.3311790920886486
CMP007,Canadian Natural Resources Limited,CNQ.TO,^GSPTSE,CAD,Toronto Stock Exchange,PRIMARY_DIRECT,Raw Materials & Energy,False,2024-04-18,47.07073211669922,21708.400390625,-0.004327383520567607,0.0024150600612937723,-0.006742443581861379,0.5733482346498349,0.11646897820300683,0.38180837775009047,2026-02-28,793,ok,0.0001194573116783041,1.160524888809286,0.2658773123411061,0.0029221946207790067,-0.007249578141346614,0.32392951394730196
CMP007,Canadian Natural Resources Limited,CNQ.TO,^GSPTSE,CAD,Toronto Stock Exchange,PRIMARY_DIRECT,Raw Materials & Energy,False,2024-04-19,46.83502197265625,21807.400390625,-0.005007573357019179,0.004560446565319287,-0.009568019922338467,0.5654695779486891,0.12156057531993825,0.372240357827752,2026-02-28,793,ok,0.0001194573116783041,1.160524888809286,0.2658773123411061,0.00541196905481616,-0.01041954241183534,0.3135099715354666
CMP007,Canadian Natural Resources Limited,CNQ.TO,^GSPTSE,CAD,Toronto Stock Exchange,PRIMARY_DIRECT,Raw Materials & Energy,False,2024-04-22,46.77276611328125,21872.0,-0.0013292586776482151,0.0029622792363077632,-0.004291537913955978,0.5633886639276064,0.12488295092447,0.367948819913796,2026-02-28,793,ok,0.0001194573116783041,1.160524888809286,0.2658773123411061,0.003557256093016428,-0.004886514770664643,0.30862345676480196
CMP007,Canadian Natural Resources Limited,CNQ.TO,^GSPTSE,CAD,Toronto Stock Exchange,PRIMARY_DIRECT,Raw Materials & Energy,False,2024-04-23,46.81278610229492,22011.69921875,0.0008556258767493663,0.006387125948701611,-0.0055315000719522445,0.5647263397238795,0.13206772000957168,0.3624173198418438,2026-02-28,793,ok,0.0001194573116783041,1.160524888809286,0.2658773123411061,0.0075318759431061465,-0.00667625006635678,0.30194720669844516
CMP007,Canadian Natural Resources Limited,CNQ.TO,^GSPTSE,CAD,Toronto Stock Exchange,PRIMARY_DIRECT,Raw Materials & Energy,False,2024-04-24,46.88838958740234,21873.69921875,0.0016150178488032463,-0.0062693933180064665,0.007884411166809713,0.5672534006910261,0.12497034221021286,0.3703017310086535,2026-02-28,793,ok,0.0001194573116783041,1.160524888809286,0.2658773123411061,-0.007156329671602832,0.008771347520406078,0.31071855421885125
CMP007,Canadian Natural Resources Limited,CNQ.TO,^GSPTSE,CAD,Toronto Stock Exchange,PRIMARY_DIRECT,Raw Materials & Energy,False,2024-04-25,46.99958038330078,21885.400390625,0.002371392937076333,0.0005349425242608952,0.001836450412815438,0.5709699743360337,0.1255721366847935,0.3721381814214689,2026-02-28,793,ok,0.0001194573116783041,1.160524888809286,0.2658773123411061,0.0007402714251655382,0.001631121511910795,0.31234967573076206
CMP007,Canadian Natural Resources Limited,CNQ.TO,^GSPTSE,CAD,Toronto Stock Exchange,PRIMARY_DIRECT,Raw Materials & Energy,False,2024-04-26,47.37315368652344,21969.19921875,0.00794843911745624,0.003828983095091054,0.004119456022365187,0.5834567335323955,0.1298819333684651,0.3762576374438341,2026-02-28,793,ok,0.0001194573116783041,1.160524888809286,0.2658773123411061,0.004563087492361485,0.0033853516250947555,0.3157350273558568
CMP007,Canadian Natural Resources Limited,CNQ.TO,^GSPTSE,CAD,Toronto Stock Exchange,PRIMARY_DIRECT,Raw Materials & Energy,False,2024-04-29,47.51102066040039,22011.599609375,0.0029102342391904568,0.0019299925410487528,0.000980241698141704,0.588064963534598,0.13206259707213208,0.3772378791419758,2026-02-28,793,ok,0.0001194573116783041,1.160524888809286,0.2658773123411061,0.0023592616907816594,0.0005509725484087974,0.3162859999042656
CMP007,Canadian Natural Resources Limited,CNQ.TO,^GSPTSE,CAD,Toronto Stock Exchange,PRIMARY_DIRECT,Raw Materials & Energy,False,2024-04-30,46.39473342895508,21714.5,-0.02349533257608416,-0.013497411121746072,-0.009997921454338088,0.5507528490639257,0.11678268278389803,0.36723995768763773,2026-02-28,793,ok,0.0001194573116783041,1.160524888809286,0.2658773123411061,-0.015544624229599277,-0.007950708346484883,0.3083352915577807
CMP007,Canadian Natural Resources Limited,CNQ.TO,^GSPTSE,CAD,Toronto Stock Exchange,PRIMARY_DIRECT,Raw Materials & Energy,False,2024-05-01,45.81657409667969,21728.599609375,-0.012461744890952642,0.000649317708213415,-0.013111062599166057,0.531427762669973,0.11750782955605565,0.3541288950884717,2026-02-28,793,ok,0.0001194573116783041,1.160524888809286,0.2658773123411061,0.0008730066728045778,-0.01333475156375722,0.2950005399940235
CMP007,Canadian Natural Resources Limited,CNQ.TO,^GSPTSE,CAD,Toronto Stock Exchange,PRIMARY_DIRECT,Raw Materials & Energy,False,2024-05-02,45.536399841308594,21823.19921875,-0.006115128878468434,0.004353691037418894,-0.010468819915887329,0.5220628845331816,0.1223731133778394,0.34366007517258435,2026-02-28,793,ok,0.0001194573116783041,1.160524888809286,0.2658773123411061,0.005172024118788851,-0.011287152997257285,0.2837133869967662
CMP007,Canadian Natural Resources Limited,CNQ.TO,^GSPTSE,CAD,Toronto Stock Exchange,PRIMARY_DIRECT,Raw Materials & Energy,False,2024-05-03,45.40742492675781,21947.400390625,-0.002832347638378363,0.005691244928392125,-0.008523592566770488,0.5177518733167108,0.12876081366711478,0.33513648260581386,2026-02-28,793,ok,0.0001194573116783041,1.160524888809286,0.2658773123411061,0.006724288699386988,-0.00955663633776535,0.2741567506590008
CMP007,Canadian Natural Resources Limited,CNQ.TO,^GSPTSE,CAD,Toronto Stock Exchange,PRIMARY_DIRECT,Raw Materials & Energy,False,2024-05-06,46.194610595703125,22259.5,0.017336056167356784,0.014220345180758542,0.0031157109865982413,0.5440637050406403,0.14481218206397495,0.3382521935924121,2026-02-28,793,ok,0.0001194573116783041,1.160524888809286,0.2658773123411061,0.01662252182140778,0.0007135343459490039,0.2748702850049498
CMP007,Canadian Natural Resources Limited,CNQ.TO,^GSPTSE,CAD,Toronto Stock Exchange,PRIMARY_DIRECT,Raw Materials & Energy,False,2024-05-07,46.65269088745117,22290.599609375,0.009916314605553866,0.0013971387216693554,0.008519175883884511,0.5593751265108404,0.1464116434925753,0.3467713694762966,2026-02-28,793,ok,0.0001194573116783041,1.160524888809286,0.2658773123411061,0.001740871571294781,0.008175443034259086,0.2830457280392089
CMP007,Canadian Natural Resources Limited,CNQ.TO,^GSPTSE,CAD,Toronto Stock Exchange,PRIMARY_DIRECT,Raw Materials & Energy,False,2024-05-08,47.12410354614258,22259.19921875,0.01010472600237966,-0.00140868308503439,0.01151340908741405,0.5751321848991586,0.14479671280190076,0.35828477856371066,2026-02-28,793,ok,0.0001194573116783041,1.160524888809286,0.2658773123411061,-0.0015153544689487535,0.011620080471328413,0.2946658085105373
CMP007,Canadian Natural Resources Limited,CNQ.TO,^GSPTSE,CAD,Toronto Stock Exchange,PRIMARY_DIRECT,Raw Materials & Energy,False,2024-05-09,47.17747116088867,22375.80078125,0.0011324908216840956,0.005238353875811619,-0.004105863054127523,0.5769160076414961,0.15079356309942304,0.35417891550958314,2026-02-28,793,ok,0.0001194573116783041,1.160524888809286,0.2658773123411061,0.006198697360948275,-0.0050662065392641795,0.2895996019712731
CMP007,Canadian Natural Resources Limited,CNQ.TO,^GSPTSE,CAD,Toronto Stock Exchange,PRIMARY_DIRECT,Raw Materials & Energy,False,2024-05-10,46.51481246948242,22308.900390625,-0.014046083333852155,-0.0029898545879555316,-0.011056228745896624,0.5547665139876783,0.1473528576850005,0.3431226867636865,2026-02-28,793,ok,0.0001194573116783041,1.160524888809286,0.2658773123411061,-0.003350343351564723,-0.010695739982287431,0.27890386198898565
CMP007,Canadian Natural Resources Limited,CNQ.TO,^GSPTSE,CAD,Toronto Stock Exchange,PRIMARY_DIRECT,Raw Materials & Energy,False,2024-05-13,46.452545166015625,22259.19921875,-0.0013386553693546244,-0.0022278629159098173,0.000889207546555193,0.5526852174456358,0.14479671280190098,0.3440118943102417,2026-02-28,793,ok,0.0001194573116783041,1.160524888809286,0.2658773123411061,-0.0024660330510902686,0.0011273776817356442,0.2800312396707213
CMP007,Canadian Natural Resources Limited,CNQ.TO,^GSPTSE,CAD,Toronto Stock Exchange,PRIMARY_DIRECT,Raw Materials & Energy,False,2024-05-14,46.030052185058594,22243.30078125,-0.009095152471131462,-0.0007142412152278954,-0.008380911255903567,0.5385633086532959,0.14397905180656045,0.33563098305433814,2026-02-28,793,ok,0.0001194573116783041,1.160524888809286,0.2658773123411061,-0.0007094373952070585,-0.008385715075924404,0.2716455245947969
CMP007,Canadian Natural Resources Limited,CNQ.TO,^GSPTSE,CAD,Toronto Stock Exchange,PRIMARY_DIRECT,Raw Materials & Energy,False,2024-05-15,46.01671600341797,22284.80078125,-0.00028972771064883496,0.001865730289228651,-0.002155457999877486,0.5381175442281916,0.14611340817375895,0.33347552505446065,2026-02-28,793,ok,0.0001194573116783041,1.160524888809286,0.2658773123411061,0.0022846837481335014,-0.0025744114587823363,0.26907111313601456
CMP007,Canadian Natural Resources Limited,CNQ.TO,^GSPTSE,CAD,Toronto Stock Exchange,PRIMARY_DIRECT,Raw Materials & Energy,False,2024-05-16,45.88774108886719,22299.80078125,-0.002802783982698842,0.0006731045140246916,-0.0034758884967235337,0.5338065330117208,0.14688486228238484,0.3299996365577371,2026-02-28,793,ok,0.0001194573116783041,1.160524888809286,0.2658773123411061,0.0009006118529738378,-0.00370339583567268,0.26536771730034187
CMP007,Canadian Natural Resources Limited,CNQ.TO,^GSPTSE,CAD,Toronto Stock Exchange,PRIMARY_DIRECT,Raw Materials & Energy,False,2024-05-17,46.65269088745117,22465.400390625,0.01667002516211391,0.007426057793047169,0.009243967369066741,0.5593751265108409,0.15540169555166483,0.33924360392680386,2026-02-28,793,ok,0.0001194573116783041,1.160524888809286,0.2658773123411061,0.008737582206245703,0.007932442955868207,0.27330016025621007
CMP007,Canadian Natural Resources Limited,CNQ.TO,^GSPTSE,CAD,Toronto Stock Exchange,PRIMARY_DIRECT,Raw Materials & Energy,False,2024-05-21,46.83057403564453,22468.19921875,0.0038129236451225346,0.00012458394136460882,0.0036883397037579257,0.56532090480233,0.15554564004875604,0.3429319436305618,2026-02-28,793,ok,0.0001194573116783041,1.160524888809286,0.2658773123411061,0.00026404007637788936,0.003548883568744645,0.27684904382495473
CMP007,Canadian Natural Resources Limited,CNQ.TO,^GSPTSE,CAD,Toronto Stock Exchange,PRIMARY_DIRECT,Raw Materials & Energy,False,2024-05-22,45.91886901855469,22346.80078125,-0.0194681580540933,-0.005403122712152708,-0.01406503534194059,0.5348469900222619,0.14930208515607957,0.3288669082886212,2026-02-28,793,ok,0.0001194573116783041,1.160524888809286,0.2658773123411061,-0.006151001073065646,-0.013317156981027652,0.2635318868439271
CMP007,Canadian Natural Resources Limited,CNQ.TO,^GSPTSE,CAD,Toronto Stock Exchange,PRIMARY_DIRECT,Raw Materials & Energy,False,2024-05-23,46.05229568481445,22200.80078125,0.0029057045417615335,-0.006533373677475196,0.00943907821923673,0.5393068018920786,0.14179326516545343,0.3383059865078579,2026-02-28,793,ok,0.0001194573116783041,1.160524888809286,0.2658773123411061,-0.007462685448923114,0.010368389990684648,0.2739002768346117
CMP007,Canadian Natural Resources Limited,CNQ.TO,^GSPTSE,CAD,Toronto Stock Exchange,PRIMARY_DIRECT,Raw Materials & Energy,False,2024-05-24,46.54594802856445,22320.900390625,0.010719386219714133,0.005409697179771689,0.0053096890399424446,0.5558072260121927,0.14797002097190126,0.34361567554780037,2026-02-28,793,ok,0.0001194573116783041,1.160524888809286,0.2658773123411061,0.006397545529724751,0.004321840689989382,0.2782221175246011
CMP007,Canadian Natural Resources Limited,CNQ.TO,^GSPTSE,CAD,Toronto Stock Exchange,PRIMARY_DIRECT,Raw Materials & Energy,False,2024-05-27,46.60375595092773,22373.400390625,0.0012419539146093506,0.0023520556555169936,-0.001110101740907643,0.557739466886916,0.1506701103520922,0.3425055738068927,2026-02-28,793,ok,0.0001194573116783041,1.160524888809286,0.2658773123411061,0.0028490764397704157,-0.0016071225251610651,0.27661499499944003
CMP007,Canadian Natural Resources Limited,CNQ.TO,^GSPTSE,CAD,Toronto Stock Exchange,PRIMARY_DIRECT,Raw Materials & Energy,False,2024-05-28,46.99512100219727,22265.099609375,0.00839771480396645,-0.004840604439161678,0.013238319243128127,0.570820918668715,0.1451001715079112,0.35574389305002085,2026-02-28,793,ok,0.0001194573116783041,1.160524888809286,0.2658773123411061,-0.005498184616849539,0.01389589942081599,0.290510894420256
CMP007,Canadian Natural Resources Limited,CNQ.TO,^GSPTSE,CAD,Toronto Stock Exchange,PRIMARY_DIRECT,Raw Materials & Energy,False,2024-05-29,45.82102584838867,21898.0,-0.024983341435671713,-0.01648766975290905,-0.008495671682762662,0.5315765633233189,0.12622013804608923,0.3472482213672582,2026-02-28,793,ok,0.0001194573116783041,1.160524888809286,0.2658773123411061,-0.0190148937950407,-0.005968447640631012,0.284542446779625
CMP007,Canadian Natural Resources Limited,CNQ.TO,^GSPTSE,CAD,Toronto Stock Exchange,PRIMARY_DIRECT,Raw Materials & Energy,False,2024-05-30,46.110107421875,22071.69921875,0.006308928447888329,0.007932195577221579,-0.0016232671293332501,0.5412391702737884,0.13515353644407635,0.34562495423792494,2026-02-28,793,ok,0.0001194573116783041,1.160524888809286,0.2658773123411061,0.009324967701946888,-0.003016039254058559,0.2815264075255664
CMP007,Canadian Natural Resources Limited,CNQ.TO,^GSPTSE,CAD,Toronto Stock Exchange,PRIMARY_DIRECT,Raw Materials & Energy,False,2024-05-31,46.56372833251953,22269.099609375,0.009837776054048675,0.008943597349193144,0.0008941787048555305,0.5564015360766696,0.14530589260354487,0.3465191329427805,2026-02-28,793,ok,0.0001194573116783041,1.160524888809286,0.2658773123411061,0.010498724630905704,-0.0006609485768570289,0.2808654589487094
CMP007,Canadian Natural Resources Limited,CNQ.TO,^GSPTSE,CAD,Toronto Stock Exchange,PRIMARY_DIRECT,Raw Materials & Energy,False,2024-06-03,44.43345642089844,22116.69921875,-0.04574959926766298,-0.006843581163957002,-0.038906018103705975,0.48519678950158696,0.13746789876995424,0.3076131148390745,2026-02-28,793,ok,0.0001194573116783041,1.160524888809286,0.2658773123411061,-0.00782268895768022,-0.037926910309982756,0.24293854863872666
CMP007,Canadian Natural Resources Limited,CNQ.TO,^GSPTSE,CAD,Toronto Stock Exchange,PRIMARY_DIRECT,Raw Materials & Energy,False,2024-06-04,43.615142822265625,21978.19921875,-0.01841660911726717,-0.006262236449939285,-0.012154372667327884,0.45784450076711614,0.13034480583364116,0.2954587421717466,2026-02-28,793,ok,0.0001194573116783041,1.160524888809286,0.2658773123411061,-0.007148023948084943,-0.011268585169182225,0.23166996346954444
CMP007,Canadian Natural Resources Limited,CNQ.TO,^GSPTSE,CAD,Toronto Stock Exchange,PRIMARY_DIRECT,Raw Materials & Energy,False,2024-06-05,43.60624694824219,22145.0,-0.00020396296900115907,0.007589374342721333,-0.0077933373117224924,0.45754715447439764,0.13892341570146338,0.2876654048600241,2026-02-28,793,ok,0.0001194573116783041,1.160524888809286,0.2658773123411061,0.008927115126897029,-0.009131078095898188,0.22253888537364624
CMP007,Canadian Natural Resources Limited,CNQ.TO,^GSPTSE,CAD,Toronto Stock Exchange,PRIMARY_DIRECT,Raw Materials & Energy,False,2024-06-06,43.77080154418945,22229.099609375,0.003773647297429239,0.003797679357642858,-2.4032060213619033e-05,0.4630474233547557,0.14324868164720894,0.2876413727998105,2026-02-28,793,ok,0.0001194573116783041,1.160524888809286,0.2658773123411061,0.004526758725940103,-0.0007531114285108638,0.22178577394513538
CMP007,Canadian Natural Resources Limited,CNQ.TO,^GSPTSE,CAD,Toronto Stock Exchange,PRIMARY_DIRECT,Raw Materials & Energy,False,2024-06-07,43.02364349365234,22007.0,-0.017069782233318564,-0.009991390262218736,-0.007078391971099829,0.4380735224410721,0.13182603790210456,0.2805629808287107,2026-02-28,793,ok,0.0001194573116783041,1.160524888809286,0.2658773123411061,-0.011475799761433278,-0.005593982471885287,0.2161917914732501
CMP007,Canadian Natural Resources Limited,CNQ.TO,^GSPTSE,CAD,Toronto Stock Exchange,PRIMARY_DIRECT,Raw Materials & Energy,False,2024-06-10,43.41056442260742,22069.80078125,0.008993216230331003,0.0028536729790520354,0.006139543251278967,0.4510064285834985,0.1350558992834534,0.28670252407998964,2026-02-28,793,ok,0.0001194573116783041,1.160524888809286,0.2658773123411061,0.0034312158283907315,0.005562000401940271,0.22175379187519037
CMP007,Canadian Natural Resources Limited,CNQ.TO,^GSPTSE,CAD,Toronto Stock Exchange,PRIMARY_DIRECT,Raw Materials & Energy,False,2024-06-11,43.51284790039063,21887.30078125,0.0023561886177629887,-0.008269218277450308,0.010625406895213296,0.45442527341482775,0.12566987429517096,0.29732793097520294,2026-02-28,793,ok,0.0001194573116783041,1.160524888809286,0.2658773123411061,-0.009477176310299429,0.011833364928062418,0.2335871568032528
CMP007,Canadian Natural Resources Limited,CNQ.TO,^GSPTSE,CAD,Toronto Stock Exchange,PRIMARY_DIRECT,Raw Materials & Energy,False,2024-06-12,43.17485427856445,21961.599609375,-0.0077676741039776065,0.0033946089957628267,-0.011162283099740433,0.44312777188235275,0.12949108337671245,0.2861656478754625,2026-02-28,793,ok,0.0001194573116783041,1.160524888809286,0.2658773123411061,0.00405898553903696,-0.011826659643014567,0.2217604971602382
CMP007,Canadian Natural Resources Limited,CNQ.TO,^GSPTSE,CAD,Toronto Stock Exchange,PRIMARY_DIRECT,Raw Materials & Energy,False,2024-06-13,41.68944549560547,21698.099609375,-0.034404488626067264,-0.01199821527970657,-0.022406273346360694,0.39347769886866457,0.11593920620184961,0.2637593745291018,2026-02-28,793,ok,0.0001194573116783041,1.160524888809286,0.2658773123411061,-0.01380477014171304,-0.020599718484354226,0.201160778675884
CMP007,Canadian Natural Resources Limited,CNQ.TO,^GSPTSE,CAD,Toronto Stock Exchange,PRIMARY_DIRECT,Raw Materials & Energy,False,2024-06-14,41.46706771850586,21639.099609375,-0.005334150513540692,-0.0027191321388583267,-0.002615018374682365,0.3860446790856369,0.11290482004125413,0.26114435615441944,2026-02-28,793,ok,0.0001194573116783041,1.160524888809286,0.2658773123411061,-0.0030361632114280115,-0.0022979873021126804,0.19886279137377133
CMP007,Canadian Natural Resources Limited,CNQ.TO,^GSPTSE,CAD,Toronto Stock Exchange,PRIMARY_DIRECT,Raw Materials & Energy,False,2024-06-17,41.60651397705078,21587.900390625,0.003362819370097192,-0.002366051253251733,0.005728870623348925,0.39070569698028623,0.11027163019704567,0.26687322677776837,2026-02-28,793,ok,0.0001194573116783041,1.160524888809286,0.2658773123411061,-0.002626404055918735,0.0059892234260159275,0.20485201479978726
CMP007,Canadian Natural Resources Limited,CNQ.TO,^GSPTSE,CAD,Toronto Stock Exchange,PRIMARY_DIRECT,Raw Materials & Energy,False,2024-06-18,42.52410507202149,21611.30078125,0.02205402489323749,0.0010839586157791459,0.020970066277458344,0.4213763550406566,0.11147511869645288,0.2878432930552267,2026-02-28,793,ok,0.0001194573116783041,1.160524888809286,0.2658773123411061,0.001377418263729265,0.020676606629508223,0.22552862142929547
CMP007,Canadian Natural Resources Limited,CNQ.TO,^GSPTSE,CAD,Toronto Stock Exchange,PRIMARY_DIRECT,Raw Materials & Energy,False,2024-06-19,42.48811721801758,21516.900390625,-0.0008462930364545596,-0.004368103131806911,0.0035218100953523512,0.4201734541292046,0.10662008074954943,0.29136510315057906,2026-02-28,793,ok,0.0001194573116783041,1.160524888809286,0.2658773123411061,-0.004949835089669405,0.004103542053214846,0.2296321634825103
CMP007,Canadian Natural Resources Limited,CNQ.TO,^GSPTSE,CAD,Toronto Stock Exchange,PRIMARY_DIRECT,Raw Materials & Energy,False,2024-06-20,43.07285690307617,21581.400390625,0.013762428729382048,0.002997643658196436,0.010764785071185612,0.4397184900750182,0.10993733341664114,0.3021298882217647,2026-02-28,793,ok,0.0001194573116783041,1.160524888809286,0.2658773123411061,0.0035982973847965847,0.010164131344585464,0.23979629482709577
CMP007,Canadian Natural Resources Limited,CNQ.TO,^GSPTSE,CAD,Toronto Stock Exchange,PRIMARY_DIRECT,Raw Materials & Energy,False,2024-06-21,42.46113967895508,21554.900390625,-0.014201918983400619,-0.0012279091958977695,-0.01297400978750285,0.4192717247200688,0.10857443115806853,0.2891558784342618,2026-02-28,793,ok,0.0001194573116783041,1.160524888809286,0.2658773123411061,-0.0013055618713588546,-0.012896357112041764,0.226899937715054
CMP007,Canadian Natural Resources Limited,CNQ.TO,^GSPTSE,CAD,Toronto Stock Exchange,PRIMARY_DIRECT,Raw Materials & Energy,False,2024-06-24,43.83751678466797,21848.599609375,0.03241498264341369,0.013625635629368915,0.018789347014044777,0.46527739304315774,0.12367946242506322,0.3079452254483066,2026-02-28,793,ok,0.0001194573116783041,1.160524888809286,0.2658773123411061,0.01593234658540751,0.01648263605800618,0.2433825737730602
CMP007,Canadian Natural Resources Limited,CNQ.TO,^GSPTSE,CAD,Toronto Stock Exchange,PRIMARY_DIRECT,Raw Materials & Energy,False,2024-06-25,43.51366424560547,21788.5,-0.007387565784195305,-0.002750730502160459,-0.004636835282034846,0.45445255990995714,0.1205885230531194,0.30330839016627176,2026-02-28,793,ok,0.0001194573116783041,1.160524888809286,0.2658773123411061,-0.003072833898485774,-0.0043147318857095305,0.23906784188735067
CMP007,Canadian Natural Resources Limited,CNQ.TO,^GSPTSE,CAD,Toronto Stock Exchange,PRIMARY_DIRECT,Raw Materials & Energy,False,2024-06-26,43.49567794799805,21793.900390625,-0.00041334826471750574,0.00024785508984104254,-0.0006612033545585483,0.4538513644682045,0.12086626662217559,0.3026471868117132,2026-02-28,793,ok,0.0001194573116783041,1.160524888809286,0.2658773123411061,0.0004070993122568956,-0.0008204475769744014,0.23824739431037625
CMP007,Canadian Natural Resources Limited,CNQ.TO,^GSPTSE,CAD,Toronto Stock Exchange,PRIMARY_DIRECT,Raw Materials & Energy,False,2024-06-27,43.92748641967773,21942.19921875,0.009927617916335008,0.006804602456051967,0.0031230154602830407,0.46828464532178726,0.12849331597293867,0.30577020227199625,2026-02-28,793,ok,0.0001194573116783041,1.160524888809286,0.2658773123411061,0.008016367820379408,0.0019112500959555991,0.24015864440633186
CMP007,Canadian Natural Resources Limited,CNQ.TO,^GSPTSE,CAD,Toronto Stock Exchange,PRIMARY_DIRECT,Raw Materials & Energy,False,2024-06-28,43.83751678466797,21875.80078125,-0.0020481398400582496,-0.0030260611909521673,0.0009779213508939177,0.46527739304315796,0.12507842614522402,0.30674812362289017,2026-02-28,793,ok,0.0001194573116783041,1.160524888809286,0.2658773123411061,-0.0033923620154815556,0.001344222175423306,0.24150286658175515
CMP007,Canadian Natural Resources Limited,CNQ.TO,^GSPTSE,CAD,Toronto Stock Exchange,PRIMARY_DIRECT,Raw Materials & Energy,False,2024-07-02,44.33230209350586,21953.80078125,0.011286800556434384,0.003565583759880253,0.007721216796554131,0.4818156867382881,0.12908998751007905,0.3144693404194443,2026-02-28,793,ok,0.0001194573116783041,1.160524888809286,0.2658773123411061,0.004257406008153531,0.0070293945482808535,0.24853226113003601
CMP007,Canadian Natural Resources Limited,CNQ.TO,^GSPTSE,CAD,Toronto Stock Exchange,PRIMARY_DIRECT,Raw Materials & Energy,False,2024-07-03,44.81808471679688,22223.69921875,0.010957757669935786,0.012293927606854771,-0.001336169936918985,0.49805306394507576,0.14297093807815253,0.3131331704825253,2026-02-28,793,ok,0.0001194573116783041,1.160524888809286,0.2658773123411061,0.01438686628065285,-0.003429108610717064,0.24510315251931894
CMP007,Canadian Natural Resources Limited,CNQ.TO,^GSPTSE,CAD,Toronto Stock Exchange,PRIMARY_DIRECT,Raw Materials & Energy,False,2024-07-04,44.81808471679688,22244.0,0.0,0.0009134744423138219,-0.0009134744423138219,0.49805306394507576,0.14401501281839435,0.3122196960402115,2026-02-28,793,ok,0.0001194573116783041,1.160524888809286,0.2658773123411061,0.001179567137274677,-0.001179567137274677,0.24392358538204426
CMP007,Canadian Natural Resources Limited,CNQ.TO,^GSPTSE,CAD,Toronto Stock Exchange,PRIMARY_DIRECT,Raw Materials & Energy,False,2024-07-05,44.12539291381836,22059.0,-0.015455631523649593,-0.00831684948750222,-0.007138782036147373,0.4748997077858663,0.1345004121453408,0.3050809140040641,2026-02-28,793,ok,0.0001194573116783041,1.160524888809286,0.2658773123411061,-0.009532453515048778,-0.005923178008600816,0.23800040737344344
CMP007,Canadian Natural Resources Limited,CNQ.TO,^GSPTSE,CAD,Toronto Stock Exchange,PRIMARY_DIRECT,Raw Materials & Energy,False,2024-07-08,44.14338302612305,22126.099609375,0.00040770429715664136,0.0030418246237362556,-0.0026341203265796143,0.4755010307346057,0.13795136343464343,0.3024467936774845,2026-02-28,793,ok,0.0001194573116783041,1.160524888809286,0.2658773123411061,0.0036495704949171706,-0.0032418661977605292,0.2347585411756829
CMP007,Canadian Natural Resources Limited,CNQ.TO,^GSPTSE,CAD,Toronto Stock Exchange,PRIMARY_DIRECT,Raw Materials & Energy,False,2024-07-09,43.47768783569336,22042.5,-0.015080293914848886,-0.0037783256358286943,-0.011301968279020191,0.45325004151946535,0.13365181262585213,0.2911448253984643,2026-02-28,793,ok,0.0001194573116783041,1.160524888809286,0.2658773123411061,-0.004265383626727067,-0.010814910288121819,0.22394363088756108
CMP007,Canadian Natural Resources Limited,CNQ.TO,^GSPTSE,CAD,Toronto Stock Exchange,PRIMARY_DIRECT,Raw Materials & Energy,False,2024-07-10,44.14338302612305,22350.19921875,0.015311191177999506,0.013959361177271257,0.001351830000728249,0.4755010307346057,0.14947686772756463,0.29249665539919256,2026-02-28,793,ok,0.0001194573116783041,1.160524888809286,0.2658773123411061,0.016319643389779693,-0.001008452211780187,0.2229351786757809
CMP007,Canadian Natural Resources Limited,CNQ.TO,^GSPTSE,CAD,Toronto Stock Exchange,PRIMARY_DIRECT,Raw Materials & Energy,False,2024-07-11,44.85407257080078,22544.099609375,0.016099571350414177,0.008675555359807907,0.00742401599060627,0.4992559648565271,0.15944921792835376,0.29992067138979883,2026-02-28,793,ok,0.0001194573116783041,1.160524888809286,0.2658773123411061,0.010187655230978181,0.0059119161194359955,0.2288470947952169
CMP007,Canadian Natural Resources Limited,CNQ.TO,^GSPTSE,CAD,Toronto Stock Exchange,PRIMARY_DIRECT,Raw Materials & Energy,False,2024-07-12,44.27832794189453,22673.5,-0.012835949912852529,0.00573987841018897,-0.0185758283230415,0.48001159038508345,0.16610431546205118,0.28134484306675733,2026-02-28,793,ok,0.0001194573116783041,1.160524888809286,0.2658773123411061,0.00678072906544168,-0.019616678978294208,0.2092304158169227
CMP007,Canadian Natural Resources Limited,CNQ.TO,^GSPTSE,CAD,Toronto Stock Exchange,PRIMARY_DIRECT,Raw Materials & Energy,False,2024-07-15,45.12395095825195,22751.69921875,0.01909789858070332,0.0034489257834036113,0.01564897279729971,0.5082767016365233,0.1701261227017865,0.29699381586405704,2026-02-28,793,ok,0.0001194573116783041,1.160524888809286,0.2658773123411061,0.004122021522974259,0.014975877057729061,0.22420629287465177
CMP007,Canadian Natural Resources Limited,CNQ.TO,^GSPTSE,CAD,Toronto Stock Exchange,PRIMARY_DIRECT,Raw Materials & Energy,False,2024-07-16,44.2153549194336,22995.400390625,-0.020135560373668815,0.01071133938313329,-0.030846899756802104,0.477906705050523,0.1826597407231152,0.26614691610725494,2026-02-28,793,ok,0.0001194573116783041,1.160524888809286,0.2658773123411061,0.012550233258287592,-0.03268579363195641,0.19152049924269537
CMP007,Canadian Natural Resources Limited,CNQ.TO,^GSPTSE,CAD,Toronto Stock Exchange,PRIMARY_DIRECT,Raw Materials & Energy,False,2024-07-17,43.92748641967773,22851.19921875,-0.006510600226559471,-0.006270870236022907,-0.00023972999053656352,0.46828464532178726,0.17524343495567196,0.2659071861167184,2026-02-28,793,ok,0.0001194573116783041,1.160524888809286,0.2658773123411061,-0.007158043671719642,0.000647443445160171,0.19216794268785556
CMP007,Canadian Natural Resources Limited,CNQ.TO,^GSPTSE,CAD,Toronto Stock Exchange,PRIMARY_DIRECT,Raw Materials & Energy,False,2024-07-18,44.00844192504883,22726.80078125,0.001842935072534413,-0.005443847226972998,0.0072867822995074105,0.4709905985911145,0.16884558924127036,0.2731939684162258,2026-02-28,793,ok,0.0001194573116783041,1.160524888809286,0.2658773123411061,-0.006198262886099274,0.008041197958633686,0.20020914064648926
CMP007,Canadian Natural Resources Limited,CNQ.TO,^GSPTSE,CAD,Toronto Stock Exchange,PRIMARY_DIRECT,Raw Materials & Energy,False,2024-07-19,43.46868896484375,22690.400390625,-0.012264759591451457,-0.0016016504467725179,-0.01066310914467894,0.45294925253810914,0.16697350718105408,0.26253085927154685,2026-02-28,793,ok,0.0001194573116783041,1.160524888809286,0.2658773123411061,-0.0017392978949737155,-0.010525461696477742,0.1896836789500115
CMP007,Canadian Natural Resources Limited,CNQ.TO,^GSPTSE,CAD,Toronto Stock Exchange,PRIMARY_DIRECT,Raw Materials & Energy,False,2024-07-22,43.8105354309082,22872.69921875,0.007864200053075754,0.008034182957843194,-0.0001699829047674406,0.46437553612703564,0.1763491858447026,0.2623608763667794,2026-02-28,793,ok,0.0001194573116783041,1.160524888809286,0.2658773123411061,0.00944332659550274,-0.0015791265424269854,0.18810455240758453
CMP007,Canadian Natural Resources Limited,CNQ.TO,^GSPTSE,CAD,Toronto Stock Exchange,PRIMARY_DIRECT,Raw Materials & Energy,False,2024-07-23,43.0098876953125,22813.80078125,-0.01827523283431154,-0.0025750540824546198,-0.01570017875185692,0.43761373224744426,0.173320023071301,0.2466606976149225,2026-02-28,793,ok,0.0001194573116783041,1.160524888809286,0.2658773123411061,-0.0028689570410402416,-0.015406275793271296,0.17269827661431322
CMP007,Canadian Natural Resources Limited,CNQ.TO,^GSPTSE,CAD,Toronto Stock Exchange,PRIMARY_DIRECT,Raw Materials & Energy,False,2024-07-24,42.81197738647461,22639.599609375,-0.0046015072217791,-0.007635780357044708,0.0030342731352656083,0.4309985422763789,0.164360809086606,0.2496949707501881,2026-02-28,793,ok,0.0001194573116783041,1.160524888809286,0.2658773123411061,-0.008742055838153136,0.004140548616374036,0.17683882523068725
CMP007,Canadian Natural Resources Limited,CNQ.TO,^GSPTSE,CAD,Toronto Stock Exchange,PRIMARY_DIRECT,Raw Materials & Energy,False,2024-07-25,42.82097244262695,22608.0,0.00021010606613991456,-0.0013957671478392886,0.0016058732139792031,0.4312992037507486,0.1627356325210514,0.2513008439641673,2026-02-28,793,ok,0.0001194573116783041,1.160524888809286,0.2658773123411061,-0.0015003652023715406,0.0017104712685114551,0.1785492964991987
CMP007,Canadian Natural Resources Limited,CNQ.TO,^GSPTSE,CAD,Toronto Stock Exchange,PRIMARY_DIRECT,Raw Materials & Energy,False,2024-07-26,42.84796524047852,22814.80078125,0.0006303639621387802,0.009147239085721903,-0.008516875123583123,0.43220144318783094,0.17337145334520954,0.24278396884058417,2026-02-28,793,ok,0.0001194573116783041,1.160524888809286,0.2658773123411061,0.010735055934547672,-0.010104691972408892,0.1684446045267898
CMP007,Canadian Natural Resources Limited,CNQ.TO,^GSPTSE,CAD,Toronto Stock Exchange,PRIMARY_DIRECT,Raw Materials & Energy,False,2024-07-29,42.49711608886719,22779.599609375,-0.00818823366855903,-0.001542909456563324,-0.006645324211995707,0.4204742431105615,0.17156104743378187,0.23613864462858847,2026-02-28,793,ok,0.0001194573116783041,1.160524888809286,0.2658773123411061,-0.0016711275138426432,-0.006517106154716387,0.16192749837207343
CMP007,Canadian Natural Resources Limited,CNQ.TO,^GSPTSE,CAD,Toronto Stock Exchange,PRIMARY_DIRECT,Raw Materials & Energy,False,2024-07-30,42.61406326293945,22824.69921875,0.002751884947385985,0.001979824498602678,0.0007720604487833072,0.424383224798327,0.1738805326970998,0.23691070507737177,2026-02-28,793,ok,0.0001194573116783041,1.160524888809286,0.2658773123411061,0.0024170929177810777,0.0003347920296049075,0.16226229040167833
CMP007,Canadian Natural Resources Limited,CNQ.TO,^GSPTSE,CAD,Toronto Stock Exchange,PRIMARY_DIRECT,Raw Materials & Energy,False,2024-07-31,44.09839630126953,23110.80078125,0.034831999689195925,0.01253473527769322,0.022297264411502704,0.47399734084179834,0.18859481442209547,0.2592079694888745,2026-02-28,793,ok,0.0001194573116783041,1.160524888809286,0.2658773123411061,0.014666329576077065,0.020165670113118858,0.1824279605147972
CMP007,Canadian Natural Resources Limited,CNQ.TO,^GSPTSE,CAD,Toronto Stock Exchange,PRIMARY_DIRECT,Raw Materials & Energy,False,2024-08-01,43.61262130737305,22723.19921875,-0.011015706570773887,-0.016771446656857703,0.005755740086083816,0.4577602186489842,0.16866035989539752,0.2649637095749583,2026-02-28,793,ok,0.0001194573116783041,1.160524888809286,0.2658773123411061,-0.01934422395494235,0.008328517384168465,0.19075647789896566
CMP007,Canadian Natural Resources Limited,CNQ.TO,^GSPTSE,CAD,Toronto Stock Exchange,PRIMARY_DIRECT,Raw Materials & Energy,False,2024-08-02,41.60651397705078,22227.599609375,-0.04599832044452501,-0.021810291966549156,-0.024188028477975854,0.39070569698028734,0.14317153623634638,0.24077568109698244,2026-02-28,793,ok,0.0001194573116783041,1.160524888809286,0.2658773123411061,-0.02519192934769922,-0.02080639109682579,0.16995008680213985
CMP007,Canadian Natural Resources Limited,CNQ.TO,^GSPTSE,CAD,Toronto Stock Exchange,PRIMARY_DIRECT,Raw Materials & Energy,False,2024-08-06,41.22868728637695,21979.400390625,-0.009080950422384104,-0.011166262804433336,0.0020853123820492314,0.3780767674938823,0.13040658243218362,0.24286099347903167,2026-02-28,793,ok,0.0001194573116783041,1.160524888809286,0.2658773123411061,-0.012839268587851959,0.0037583181654678548,0.1737084049676077
CMP007,Canadian Natural Resources Limited,CNQ.TO,^GSPTSE,CAD,Toronto Stock Exchange,PRIMARY_DIRECT,Raw Materials & Energy,False,2024-08-07,41.48956680297852,21881.0,0.006327621221347224,-0.00447693698991769,0.010804558211264914,0.38679671529252224,0.1253458233896465,0.2536655516902966,2026-02-28,793,ok,0.0001194573116783041,1.160524888809286,0.2658773123411061,-0.005076139490752103,0.011403760712099326,0.18511216567970704
CMP007,Canadian Natural Resources Limited,CNQ.TO,^GSPTSE,CAD,Toronto Stock Exchange,PRIMARY_DIRECT,Raw Materials & Energy,False,2024-08-08,42.49711608886719,22225.599609375,0.024284401200745487,0.015748805327681525,0.008535595873063961,0.4204742431105619,0.14306867568852955,0.26220114756336055,2026-02-28,793,ok,0.0001194573116783041,1.160524888809286,0.2658773123411061,0.018396337863465,0.005888063337280487,0.19100022901698752
CMP007,Canadian Natural Resources Limited,CNQ.TO,^GSPTSE,CAD,Toronto Stock Exchange,PRIMARY_DIRECT,Raw Materials & Energy,False,2024-08-09,43.018890380859375,22311.30078125,0.012277875301022423,0.0038559666952180383,0.008421908605804385,0.43791464873578767,0.14747631043233156,0.27062305616916493,2026-02-28,793,ok,0.0001194573116783041,1.160524888809286,0.2658773123411061,0.0045944026318985275,0.007683472669123895,0.1986837016861114
CMP007,Canadian Natural Resources Limited,CNQ.TO,^GSPTSE,CAD,Toronto Stock Exchange,PRIMARY_DIRECT,Raw Materials & Energy,False,2024-08-12,44.170372009277344,22398.900390625,0.026766883530085384,0.003926243935029383,0.022840639595056,0.4764031426647022,0.1519815823367563,0.29346369576422093,2026-02-28,793,ok,0.0001194573116783041,1.160524888809286,0.2658773123411061,0.004675961117816412,0.02209092241226897,0.2207746240983804
CMP007,Canadian Natural Resources Limited,CNQ.TO,^GSPTSE,CAD,Toronto Stock Exchange,PRIMARY_DIRECT,Raw Materials & Energy,False,2024-08-13,44.152381896972656,22618.19921875,-0.0004072891281265978,0.009790606873576024,-0.010197896001702622,0.4758018197159628,0.16326018113501561,0.2832657997625183,2026-02-28,793,ok,0.0001194573116783041,1.160524888809286,0.2658773123411061,0.011481700265010553,-0.01188898939313715,0.20888563470524324
CMP007,Canadian Natural Resources Limited,CNQ.TO,^GSPTSE,CAD,Toronto Stock Exchange,PRIMARY_DIRECT,Raw Materials & Energy,False,2024-08-14,44.60218048095703,22760.0,0.010187413785148758,0.006269322322196569,0.003918091462952189,0.4908364235182847,0.1705530341551278,0.2871838912254705,2026-02-28,793,ok,0.0001194573116783041,1.160524888809286,0.2658773123411061,0.0073951619025550515,0.0027922518825937064,0.21167788658783696
CMP007,Canadian Natural Resources Limited,CNQ.TO,^GSPTSE,CAD,Toronto Stock Exchange,PRIMARY_DIRECT,Raw Materials & Energy,False,2024-08-15,45.42082595825195,23032.69921875,0.018354382419586868,0.011981512247363879,0.006372870172222989,0.5181998053605885,0.18457802967004633,0.2935567613976935,2026-02-28,793,ok,0.0001194573116783041,1.160524888809286,0.2658773123411061,0.01402430048031737,0.0043300819392694985,0.21600796852710646
CMP007,Canadian Natural Resources Limited,CNQ.TO,^GSPTSE,CAD,Toronto Stock Exchange,PRIMARY_DIRECT,Raw Materials & Energy,False,2024-08-16,44.980010986328125,23054.599609375,-0.0097051289276201,0.0009508390839043646,-0.010655968011524464,0.5034654805116763,0.18570437275859097,0.282900793386169,2026-02-28,793,ok,0.0001194573116783041,1.160524888809286,0.2658773123411061,0.0012229297338019402,-0.01092805866142204,0.20507990986568442
CMP007,Canadian Natural Resources Limited,CNQ.TO,^GSPTSE,CAD,Toronto Stock Exchange,PRIMARY_DIRECT,Raw Materials & Energy,False,2024-08-19,44.89006042480469,23116.400390625,-0.001999789674368424,0.0026806269593537824,-0.004680416633722206,0.5004588657679796,0.1888828038660313,0.2782203767524468,2026-02-28,793,ok,0.0001194573116783041,1.160524888809286,0.2658773123411061,0.003230391615621527,-0.005230181289989951,0.19984972857569447
CMP007,Canadian Natural Resources Limited,CNQ.TO,^GSPTSE,CAD,Toronto Stock Exchange,PRIMARY_DIRECT,Raw Materials & Energy,False,2024-08-20,43.76555252075195,23037.400390625,-0.025050264878489048,-0.003417487094229399,-0.02163277778425965,0.46287197374121436,0.18481981222726795,0.25658759896818717,2026-02-28,793,ok,0.0001194573116783041,1.160524888809286,0.2658773123411061,-0.003846621518359439,-0.021203643360129608,0.17864608521556485
CMP007,Canadian Natural Resources Limited,CNQ.TO,^GSPTSE,CAD,Toronto Stock Exchange,PRIMARY_DIRECT,Raw Materials & Energy,False,2024-08-21,43.630615234375,23121.69921875,-0.0030831848018592067,0.0036592161743780327,-0.0067424009762372394,0.45836166910470966,0.1891553240478936,0.24984519799194993,2026-02-28,793,ok,0.0001194573116783041,1.160524888809286,0.2658773123411061,0.004366068755577511,-0.007449253557436718,0.17119683165812813
CMP007,Canadian Natural Resources Limited,CNQ.TO,^GSPTSE,CAD,Toronto Stock Exchange,PRIMARY_DIRECT,Raw Materials & Energy,False,2024-08-22,43.84651184082031,23037.5,0.004948282422458705,-0.0036415670817878665,0.008589849504246572,0.4655780545175281,0.184824935164708,0.2584350474961965,2026-02-28,793,ok,0.0001194573116783041,1.160524888809286,0.2658773123411061,-0.004106671921005116,0.00905495434346382,0.18025178600159195
CMP007,Canadian Natural Resources Limited,CNQ.TO,^GSPTSE,CAD,Toronto Stock Exchange,PRIMARY_DIRECT,Raw Materials & Energy,False,2024-08-23,44.29631423950195,23286.099609375,0.010258567438947042,0.01079108450895272,-0.000532517070005678,0.480612785826837,0.19761048116838476,0.2579025304261908,2026-02-28,793,ok,0.0001194573116783041,1.160524888809286,0.2658773123411061,0.012642779461562269,-0.0023842120226152275,0.1778675739789767
CMP007,Canadian Natural Resources Limited,CNQ.TO,^GSPTSE,CAD,Toronto Stock Exchange,PRIMARY_DIRECT,Raw Materials & Energy,False,2024-08-26,45.393829345703125,23349.0,0.02477666878257878,0.0027011990706968803,0.0220754697118819,0.5172974384165199,0.20084546548717364,0.2799780001380727,2026-02-28,793,ok,0.0001194573116783041,1.160524888809286,0.2658773123411061,0.003254266062850548,0.02152240271972823,0.19938997669870495
CMP007,Canadian Natural Resources Limited,CNQ.TO,^GSPTSE,CAD,Toronto Stock Exchange,PRIMARY_DIRECT,Raw Materials & Energy,False,2024-08-27,44.683143615722656,23260.0,-0.01565599862853917,-0.0038117264122660144,-0.011844272216273155,0.49354263180158475,0.19626817110932637,0.26813372792179957,2026-02-28,793,ok,0.0001194573116783041,1.160524888809286,0.2658773123411061,-0.004304146059088131,-0.011351852569451037,0.18803812412925391
CMP007,Canadian Natural Resources Limited,CNQ.TO,^GSPTSE,CAD,Toronto Stock Exchange,PRIMARY_DIRECT,Raw Materials & Energy,False,2024-08-28,44.27832794189453,23127.0,-0.00905969547061325,-0.005717970765262259,-0.00334172470535099,0.4800115903850841,0.18942794467950952,0.2647920032164486,2026-02-28,793,ok,0.0001194573116783041,1.160524888809286,0.2658773123411061,-0.006516390074892428,-0.0025433053957208216,0.1854948187335331
CMP007,Canadian Natural Resources Limited,CNQ.TO,^GSPTSE,CAD,Toronto Stock Exchange,PRIMARY_DIRECT,Raw Materials & Energy,False,2024-08-29,44.79110336303711,23227.5,0.011580731364009056,0.0043455701128551905,0.0072351612511538654,0.49715120702895366,0.1945966872073035,0.27202716446760244,2026-02-28,793,ok,0.0001194573116783041,1.160524888809286,0.2658773123411061,0.00516259958371253,0.006418131780296526,0.19191295051382962
CMP007,Canadian Natural Resources Limited,CNQ.TO,^GSPTSE,CAD,Toronto Stock Exchange,PRIMARY_DIRECT,Raw Materials & Energy,False,2024-08-30,43.88249969482422,23346.19921875,-0.02028536026113381,0.0051102881821116775,-0.02539564844324549,0.4667809554289799,0.2007014205403288,0.24663151602435696,2026-02-28,793,ok,0.0001194573116783041,1.160524888809286,0.2658773123411061,0.006050073936006867,-0.026335434197140677,0.16557751631668893
CMP007,Canadian Natural Resources Limited,CNQ.TO,^GSPTSE,CAD,Toronto Stock Exchange,PRIMARY_DIRECT,Raw Materials & Energy,False,2024-09-03,42.39815902709961,23042.5,-0.03382534445501706,-0.013008507976154493,-0.020816836478862566,0.41716658437153553,0.18508208653424996,0.2258146795454944,2026-02-28,793,ok,0.0001194573116783041,1.160524888809286,0.2658773123411061,-0.0149772399609231,-0.018848104494093958,0.14672941182259497
CMP007,Canadian Natural Resources Limited,CNQ.TO,^GSPTSE,CAD,Toronto Stock Exchange,PRIMARY_DIRECT,Raw Materials & Energy,False,2024-09-04,41.56153869628906,23040.80078125,-0.019732468343161003,-7.374281219485468e-05,-0.019658725530966148,0.38920238960843867,0.1849946952485071,0.20615595401452824,2026-02-28,793,ok,0.0001194573116783041,1.160524888809286,0.2658773123411061,3.3876942755386316e-05,-0.01976634528591639,0.12696306653667858
CMP007,Canadian Natural Resources Limited,CNQ.TO,^GSPTSE,CAD,Toronto Stock Exchange,PRIMARY_DIRECT,Raw Materials & Energy,False,2024-09-05,41.05775451660156,22988.30078125,-0.012121403477597492,-0.002278566639173585,-0.009842836838423907,0.3723633069319523,0.18229460586831614,0.19631311717610433,2026-02-28,793,ok,0.0001194573116783041,1.160524888809286,0.2658773123411061,-0.002524875983893169,-0.009596527493704323,0.11736653904297425
CMP007,Canadian Natural Resources Limited,CNQ.TO,^GSPTSE,CAD,Toronto Stock Exchange,PRIMARY_DIRECT,Raw Materials & Energy,False,2024-09-06,40.54498291015625,22781.400390625,-0.01248903191327655,-0.009000247238532544,-0.0034887846747440054,0.3552238177950695,0.17165366210671795,0.19282433250136033,2026-02-28,793,ok,0.0001194573116783041,1.160524888809286,0.2658773123411061,-0.01032555361407576,-0.002163478299200789,0.11520306074377347
CMP007,Canadian Natural Resources Limited,CNQ.TO,^GSPTSE,CAD,Toronto Stock Exchange,PRIMARY_DIRECT,Raw Materials & Energy,False,2024-09-09,40.84185791015625,23027.19921875,0.007322114320724937,0.010789452092951679,-0.0034673377722267418,0.3651469215191343,0.18429516316354988,0.1893569947291336,2026-02-28,793,ok,0.0001194573116783041,1.160524888809286,0.2658773123411061,0.012640885002164171,-0.005318770681439234,0.10988429006233423
CMP007,Canadian Natural Resources Limited,CNQ.TO,^GSPTSE,CAD,Toronto Stock Exchange,PRIMARY_DIRECT,Raw Materials & Energy,False,2024-09-10,39.4114875793457,23003.099609375,-0.035022166081598693,-0.0010465714543076432,-0.03397559462729105,0.31733651930790807,0.18305571365230833,0.15538140010184254,2026-02-28,793,ok,0.0001194573116783041,1.160524888809286,0.2658773123411061,-0.0010951149089630462,-0.03392705117263565,0.07595723888969858
CMP007,Canadian Natural Resources Limited,CNQ.TO,^GSPTSE,CAD,Toronto Stock Exchange,PRIMARY_DIRECT,Raw Materials & Energy,False,2024-09-11,39.53743362426758,23211.19921875,0.0031956683864904356,0.009046589933914273,-0.005850921547423837,0.3215462899770296,0.19375833356269512,0.1495304785544187,2026-02-28,793,ok,0.0001194573116783041,1.160524888809286,0.2658773123411061,0.010618250088837372,-0.007422581702346937,0.06853465718735163
CMP007,Canadian Natural Resources Limited,CNQ.TO,^GSPTSE,CAD,Toronto Stock Exchange,PRIMARY_DIRECT,Raw Materials & Energy,False,2024-09-12,39.85229110717773,23475.099609375,0.007963528586663049,0.01136952848226036,-0.0034059998955973114,0.33207046163586007,0.20733080293707173,0.1461244786588214,2026-02-28,793,ok,0.0001194573116783041,1.160524888809286,0.2658773123411061,0.01331407808936752,-0.005350549502704471,0.06318410768464716
CMP007,Canadian Natural Resources Limited,CNQ.TO,^GSPTSE,CAD,Toronto Stock Exchange,PRIMARY_DIRECT,Raw Materials & Energy,False,2024-09-13,39.51089477539063,23568.69921875,-0.008566542156107193,0.003987186888767091,-0.012553729044874284,0.32065922387135126,0.21214465648494718,0.1335707496139471,2026-02-28,793,ok,0.0001194573116783041,1.160524888809286,0.2658773123411061,0.004746686932426576,-0.01331322908853377,0.04987087859611339
CMP007,Canadian Natural Resources Limited,CNQ.TO,^GSPTSE,CAD,Toronto Stock Exchange,PRIMARY_DIRECT,Raw Materials & Energy,False,2024-09-16,39.99340438842773,23702.099609375,0.012212064945125611,0.005660065894466992,0.006551999050658619,0.3367872000836474,0.21900547511427804,0.14012274866460572,2026-02-28,793,ok,0.0001194573116783041,1.160524888809286,0.2658773123411061,0.006688104654507842,0.005523960290617769,0.055394838886731156
CMP007,Canadian Natural Resources Limited,CNQ.TO,^GSPTSE,CAD,Toronto Stock Exchange,PRIMARY_DIRECT,Raw Materials & Energy,False,2024-09-17,40.67619323730469,23677.69921875,0.017072536317376485,-0.0010294611459378267,0.018101997463314312,0.3596095481056796,0.2177505563409623,0.15822474612792004,2026-02-28,793,ok,0.0001194573116783041,1.160524888809286,0.2658773123411061,-0.0010752579702446724,0.018147794287621158,0.0735426331743523
CMP007,Canadian Natural Resources Limited,CNQ.TO,^GSPTSE,CAD,Toronto Stock Exchange,PRIMARY_DIRECT,Raw Materials & Energy,False,2024-09-18,40.71261215209961,23592.599609375,0.0008953373434543721,-0.003594082710013047,0.004489420053467419,0.3608268573066158,0.21337386012130843,0.16271416618138745,2026-02-28,793,ok,0.0001194573116783041,1.160524888809286,0.2658773123411061,-0.004051565125730965,0.004946902469185337,0.07848953564353764
CMP007,Canadian Natural Resources Limited,CNQ.TO,^GSPTSE,CAD,Toronto Stock Exchange,PRIMARY_DIRECT,Raw Materials & Energy,False,2024-09-19,41.69582748413086,23866.30078125,0.02415014119845771,0.011601145122059453,0.012548996076398256,0.39369101805722395,0.22745038635988912,0.1752631622577857,2026-02-28,793,ok,0.0001194573116783041,1.160524888809286,0.2658773123411061,0.013582874964516743,0.010567266233940966,0.08905680187747861
CMP007,Canadian Natural Resources Limited,CNQ.TO,^GSPTSE,CAD,Toronto Stock Exchange,PRIMARY_DIRECT,Raw Materials & Energy,False,2024-09-20,41.19511032104492,23867.400390625,-0.012008807434664925,4.607372483400596e-05,-0.012054881159498931,0.37695445099795255,0.2275069395712377,0.16320828109828678,2026-02-28,793,ok,0.0001194573116783041,1.160524888809286,0.2658773123411061,0.00017292701606831852,-0.012181734450733244,0.07687506742674537
CMP007,Canadian Natural Resources Limited,CNQ.TO,^GSPTSE,CAD,Toronto Stock Exchange,PRIMARY_DIRECT,Raw Materials & Energy,False,2024-09-23,41.57747650146485,23894.69921875,0.009281834116720233,0.0011437704851895436,0.00813806363153069,0.3897351137983951,0.22891092577908467,0.17134634472981747,2026-02-28,793,ok,0.0001194573116783041,1.160524888809286,0.2658773123411061,0.0014468314268262425,0.007835002689893992,0.08471007011663936
CMP007,Canadian Natural Resources Limited,CNQ.TO,^GSPTSE,CAD,Toronto Stock Exchange,PRIMARY_DIRECT,Raw Materials & Energy,False,2024-09-24,42.35131454467773,23952.19921875,0.018611953113258695,0.0024063914541716525,0.016205561659087042,0.41560079857626,0.2318681665288176,0.1875519063889045,2026-02-28,793,ok,0.0001194573116783041,1.160524888809286,0.2658773123411061,0.0029121344864624773,0.015699818626796216,0.10040988874343558
CMP007,Canadian Natural Resources Limited,CNQ.TO,^GSPTSE,CAD,Toronto Stock Exchange,PRIMARY_DIRECT,Raw Materials & Energy,False,2024-09-25,41.38629913330078,23905.900390625,-0.022785961232889784,-0.0019329677288570934,-0.02085299350403269,0.3833449736586534,0.22948700511671105,0.16669891288487182,2026-02-28,793,ok,0.0001194573116783041,1.160524888809286,0.2658773123411061,-0.0021237998469255124,-0.020662161385964273,0.0797477273574713
CMP007,Canadian Natural Resources Limited,CNQ.TO,^GSPTSE,CAD,Toronto Stock Exchange,PRIMARY_DIRECT,Raw Materials & Energy,False,2024-09-26,40.02981948852539,24033.80078125,-0.032776055679835436,0.005350159941064581,-0.03812621562090002,0.33800438177759684,0.2360649572395459,0.1285726972639718,2026-02-28,793,ok,0.0001194573116783041,1.160524888809286,0.2658773123411061,0.006328451082394173,-0.03910450676222961,0.0406432205952417
CMP007,Canadian Natural Resources Limited,CNQ.TO,^GSPTSE,CAD,Toronto Stock Exchange,PRIMARY_DIRECT,Raw Materials & Energy,False,2024-09-27,40.867374420166016,23956.80078125,0.020923275256854668,-0.0032038211808792516,0.02412709643773392,0.36599981575240714,0.23210482614859917,0.15269979370170572,2026-02-28,793,ok,0.0001194573116783041,1.160524888809286,0.2658773123411061,-0.003598656908026425,0.02452193216488109,0.06516515276012279
CMP007,Canadian Natural Resources Limited,CNQ.TO,^GSPTSE,CAD,Toronto Stock Exchange,PRIMARY_DIRECT,Raw Materials & Energy,False,2024-09-30,40.88558197021485,24000.400390625,0.0004455277665171842,0.0018199261985398785,-0.0013743984320226943,0.3666084065993822,0.23434716600105454,0.15132539526968303,2026-02-28,793,ok,0.0001194573116783041,1.160524888809286,0.2658773123411061,0.002231526960879903,-0.001785999194362719,0.06337915356576007
CMP007,Canadian Natural Resources Limited,CNQ.TO,^GSPTSE,CAD,Toronto Stock Exchange,PRIMARY_DIRECT,Raw Materials & Energy,False,2024-10-01,42.7154655456543,24034.0,0.04475620713366668,0.0013999603684997641,0.04335624676516692,0.4277726155157544,0.23607520311442598,0.19468164203484994,2026-02-28,793,ok,0.0001194573116783041,1.160524888809286,0.2658773123411061,0.0017441461626689,0.04301206097099778,0.10639121453675784
CMP007,Canadian Natural Resources Limited,CNQ.TO,^GSPTSE,CAD,Toronto Stock Exchange,PRIMARY_DIRECT,Raw Materials & Energy,False,2024-10-02,42.59711837768555,24001.599609375,-0.0027705929563675014,-0.001348106458558762,-0.0014224864978087393,0.4238168387639121,0.23440884214984314,0.1932591555370412,2026-02-28,793,ok,0.0001194573116783041,1.160524888809286,0.2658773123411061,-0.0014450537862436836,-0.0013255391701238177,0.10506567536663403
CMP007,Canadian Natural Resources Limited,CNQ.TO,^GSPTSE,CAD,Toronto Stock Exchange,PRIMARY_DIRECT,Raw Materials & Energy,False,2024-10-03,43.53481674194336,23968.5,0.02201318774532468,-0.0013790584758388569,0.023392246221163537,0.45515958615057683,0.23270652017342597,0.21665140175820474,2026-02-28,793,ok,0.0001194573116783041,1.160524888809286,0.2658773123411061,-0.0014809743726560886,0.02349416211798077,0.1285598374846148
CMP007,Canadian Natural Resources Limited,CNQ.TO,^GSPTSE,CAD,Toronto Stock Exchange,PRIMARY_DIRECT,Raw Materials & Energy,False,2024-10-04,43.89897155761719,24162.80078125,0.008364680109540501,0.008106505674113862,0.0002581744354266391,0.4673315305970578,0.2426994625737291,0.21690957619363138,2026-02-28,793,ok,0.0001194573116783041,1.160524888809286,0.2658773123411061,0.00952725890776114,-0.0011625787982206398,0.12739725868639418
CMP007,Canadian Natural Resources Limited,CNQ.TO,^GSPTSE,CAD,Toronto Stock Exchange,PRIMARY_DIRECT,Raw Materials & Energy,False,2024-10-07,45.34649658203125,24102.69921875,0.03297400766016101,-0.002487359103942821,0.03546136676410383,0.5157153317269609,0.23960842275203142,0.2523709429577352,2026-02-28,793,ok,0.0001194573116783041,1.160524888809286,0.2658773123411061,-0.0027671848358537037,0.03574119249601471,0.16313845118240888
CMP007,Canadian Natural Resources Limited,CNQ.TO,^GSPTSE,CAD,Toronto Stock Exchange,PRIMARY_DIRECT,Raw Materials & Energy,False,2024-10-08,45.16440963745117,24072.5,-0.00401545782595758,-0.0012529392860077815,-0.0027625185399497987,0.509629040736254,0.23805526865989934,0.2496084244177854,2026-02-28,793,ok,0.0001194573116783041,1.160524888809286,0.2658773123411061,-0.0013346099139006627,-0.0026808479120569175,0.16045760327035197
CMP007,Canadian Natural Resources Limited,CNQ.TO,^GSPTSE,CAD,Toronto Stock Exchange,PRIMARY_DIRECT,Raw Materials & Energy,False,2024-10-09,45.61960220336914,24224.900390625,0.010078567827453977,0.0063308917073423565,0.0037476761201116204,0.5248439394176088,0.24589326249348975,0.25335610053789703,2026-02-28,793,ok,0.0001194573116783041,1.160524888809286,0.2658773123411061,0.007466614706405423,0.002611953121048554,0.16306955639140053
CMP007,Canadian Natural Resources Limited,CNQ.TO,^GSPTSE,CAD,Toronto Stock Exchange,PRIMARY_DIRECT,Raw Materials & Energy,False,2024-10-10,46.85773468017578,24302.30078125,0.027140361094933008,0.0031950757021463883,0.02394528539278662,0.5662287545468228,0.24987398578395048,0.27730138593068365,2026-02-28,793,ok,0.0001194573116783041,1.160524888809286,0.2658773123411061,0.003827422185648993,0.023312938909284014,0.18638249530068454
CMP007,Canadian Natural Resources Limited,CNQ.TO,^GSPTSE,CAD,Toronto Stock Exchange,PRIMARY_DIRECT,Raw Materials & Energy,False,2024-10-11,47.07622909545898,24471.19921875,0.00466293167551779,0.006949894951111313,-0.002286963275593523,0.5735319722175058,0.2585604786872757,0.27501442265509013,2026-02-28,793,ok,0.0001194573116783041,1.160524888809286,0.2658773123411061,0.008184983377052979,-0.0035220517015351893,0.18286044359914935
CMP007,Canadian Natural Resources Limited,CNQ.TO,^GSPTSE,CAD,Toronto Stock Exchange,PRIMARY_DIRECT,Raw Materials & Energy,False,2024-10-15,44.3814811706543,24439.099609375,-0.05724222132024204,-0.0013117301317381314,-0.055930491188503906,0.48345950680935434,0.25690958698476685,0.21908393146658622,2026-02-28,793,ok,0.0001194573116783041,1.160524888809286,0.2658773123411061,-0.001402838153604881,-0.055839383166637155,0.1270210604325122
CMP007,Canadian Natural Resources Limited,CNQ.TO,^GSPTSE,CAD,Toronto Stock Exchange,PRIMARY_DIRECT,Raw Materials & Energy,False,2024-10-16,44.13566970825195,24561.19921875,-0.005538604298877647,0.004996076423706031,-0.010534680722583678,0.4752432116077292,0.2631892033390315,0.20854925074400255,2026-02-28,793,ok,0.0001194573116783041,1.160524888809286,0.2658773123411061,0.005917528347782441,-0.011456132646660087,0.11556492778585212
CMP007,Canadian Natural Resources Limited,CNQ.TO,^GSPTSE,CAD,Toronto Stock Exchange,PRIMARY_DIRECT,Raw Materials & Energy,False,2024-10-17,44.836669921875,24690.5,0.01588284981868049,0.005264432737929647,0.010618417080750842,0.49867427798372255,0.26983917793528867,0.2191676678247534,2026-02-28,793,ok,0.0001194573116783041,1.160524888809286,0.2658773123411061,0.006228962529508073,0.009653887289172415,0.12521881507502453
CMP007,Canadian Natural Resources Limited,CNQ.TO,^GSPTSE,CAD,Toronto Stock Exchange,PRIMARY_DIRECT,Raw Materials & Energy,False,2024-10-18,44.6636962890625,24822.5,-0.0038578608338641907,0.0053461857799559365,-0.009204046613820127,0.4928926011839694,0.2766279740911972,0.20996362121093326,2026-02-28,793,ok,0.0001194573116783041,1.160524888809286,0.2658773123411061,0.006323838969515453,-0.010181699803379643,0.11503711527164488
CMP007,Canadian Natural Resources Limited,CNQ.TO,^GSPTSE,CAD,Toronto Stock Exchange,PRIMARY_DIRECT,Raw Materials & Energy,False,2024-10-21,44.97323226928711,24723.30078125,0.006930370881561121,-0.003996342783764706,0.010926713665325827,0.5032389005965128,0.2715261310993857,0.2208903348762591,2026-02-28,793,ok,0.0001194573116783041,1.160524888809286,0.2658773123411061,-0.004518397953094024,0.011448768834655145,0.12648588410630002
CMP007,Canadian Natural Resources Limited,CNQ.TO,^GSPTSE,CAD,Toronto Stock Exchange,PRIMARY_DIRECT,Raw Materials & Energy,False,2024-10-22,44.62728118896485,24689.69921875,-0.007692377506931192,-0.0013591050320224118,-0.00633327247490878,0.49167541949002014,0.26979799353626066,0.2145570624013503,2026-02-28,793,ok,0.0001194573116783041,1.160524888809286,0.2658773123411061,-0.0014578179044896465,-0.006234559602441545,0.12025132450385848
CMP007,Canadian Natural Resources Limited,CNQ.TO,^GSPTSE,CAD,Toronto Stock Exchange,PRIMARY_DIRECT,Raw Materials & Energy,False,2024-10-23,44.22671508789063,24573.599609375,-0.008975812337258637,-0.004702350091281393,-0.004273462245977244,0.47828642085657624,0.2638269588254465,0.21028360015537306,2026-02-28,793,ok,0.0001194573116783041,1.160524888809286,0.2658773123411061,-0.005337737005148371,-0.0036380753321102665,0.11661324917174822
CMP007,Canadian Natural Resources Limited,CNQ.TO,^GSPTSE,CAD,Toronto Stock Exchange,PRIMARY_DIRECT,Raw Materials & Energy,False,2024-10-24,44.2540283203125,24551.599609375,0.000617573165169194,-0.0008952697345816496,0.0015128428997508436,0.47919937088053133,0.2626954927994618,0.2117964430551239,2026-02-28,793,ok,0.0001194573116783041,1.160524888809286,0.2658773123411061,-0.0009195254975013839,0.001537098662670578,0.11815034783441879
CMP007,Canadian Natural Resources Limited,CNQ.TO,^GSPTSE,CAD,Toronto Stock Exchange,PRIMARY_DIRECT,Raw Materials & Energy,False,2024-10-25,44.96412658691406,24463.69921875,0.016045957702694125,-0.0035802306987539056,0.01962618840144803,0.5029345414195321,0.2581747516329629,0.23142263145657194,2026-02-28,793,ok,0.0001194573116783041,1.160524888809286,0.2658773123411061,-0.004035489521904665,0.02008144722459879,0.1382317950590176
CMP007,Canadian Natural Resources Limited,CNQ.TO,^GSPTSE,CAD,Toronto Stock Exchange,PRIMARY_DIRECT,Raw Materials & Energy,False,2024-10-28,43.89897155761719,24565.69921875,-0.023688996321055367,0.004169443022003172,-0.02785843934305854,0.4673315305970578,0.26342063957161943,0.2035641921135134,2026-02-28,793,ok,0.0001194573116783041,1.160524888809286,0.2658773123411061,0.004958199711185189,-0.028647196032240557,0.10958459902677703
CMP007,Canadian Natural Resources Limited,CNQ.TO,^GSPTSE,CAD,Toronto Stock Exchange,PRIMARY_DIRECT,Raw Materials & Energy,False,2024-10-29,43.6076545715332,24562.599609375,-0.0066360776972105295,-0.00012617631386746542,-0.006509901383343064,0.4575942045524488,0.26326122581245426,0.19705429073017033,2026-02-28,793,ok,0.0001194573116783041,1.160524888809286,0.2658773123411061,-2.697344094310179e-05,-0.006609104256267428,0.1029754947705096
CMP007,Canadian Natural Resources Limited,CNQ.TO,^GSPTSE,CAD,Toronto Stock Exchange,PRIMARY_DIRECT,Raw Materials & Energy,False,2024-10-30,43.24349212646485,24507.80078125,-0.00835088354662572,-0.0022309864996571394,-0.006119897046968581,0.4454220050919948,0.26044290707212636,0.19093439368320175,2026-02-28,793,ok,0.0001194573116783041,1.160524888809286,0.2658773123411061,-0.002469658047771316,-0.005881225498854404,0.0970942692716552
CMP007,Canadian Natural Resources Limited,CNQ.TO,^GSPTSE,CAD,Toronto Stock Exchange,PRIMARY_DIRECT,Raw Materials & Energy,False,2024-10-31,43.10693740844727,24156.900390625,-0.003157809679621315,-0.01431790611312056,0.011160096433499245,0.44085763749317763,0.24239600386771887,0.202094490116701,2026-02-28,793,ok,0.0001194573116783041,1.160524888809286,0.2658773123411061,-0.01649682908823273,0.013339019408611416,0.11043328868026661
CMP007,Canadian Natural Resources Limited,CNQ.TO,^GSPTSE,CAD,Toronto Stock Exchange,PRIMARY_DIRECT,Raw Materials & Energy,False,2024-11-01,43.0432014465332,24255.19921875,-0.0014785546305495778,0.004069182160603146,-0.005547736791152724,0.43872725076129937,0.2474515395230621,0.19654675332554827,2026-02-28,793,ok,0.0001194573116783041,1.160524888809286,0.2658773123411061,0.004841844486157001,-0.006320399116706578,0.10411288956356003
CMP007,Canadian Natural Resources Limited,CNQ.TO,^GSPTSE,CAD,Toronto Stock Exchange,PRIMARY_DIRECT,Raw Materials & Energy,False,2024-11-04,43.361846923828125,24256.099609375,0.007402922333524131,3.712155141988305e-05,0.007365800782104248,0.44937803685780997,0.24749784685953036,0.20391255410765252,2026-02-28,793,ok,0.0001194573116783041,1.160524888809286,0.2658773123411061,0.00016253779601229208,0.007240384537511839,0.11135327410107188
CMP007,Canadian Natural Resources Limited,CNQ.TO,^GSPTSE,CAD,Toronto Stock Exchange,PRIMARY_DIRECT,Raw Materials & Energy,False,2024-11-05,43.32542419433594,24387.900390625,-0.0008399718203002671,0.005433717018504369,-0.006273688838804636,0.44816060014988723,0.2542763971405586,0.19763886526884789,2026-02-28,793,ok,0.0001194573116783041,1.160524888809286,0.2658773123411061,0.006425421150399212,-0.007265392970699479,0.1040878811303724
CMP007,Canadian Natural Resources Limited,CNQ.TO,^GSPTSE,CAD,Toronto Stock Exchange,PRIMARY_DIRECT,Raw Materials & Energy,False,2024-11-06,44.00822448730469,24637.5,0.015759806295399414,0.010234567362385594,0.005525238933013821,0.4709833306928788,0.2671133734181439,0.2031641042018617,2026-02-28,793,ok,0.0001194573116783041,1.160524888809286,0.2658773123411061,0.011996927461921995,0.0037628788334774198,0.10785075996384982
CMP007,Canadian Natural Resources Limited,CNQ.TO,^GSPTSE,CAD,Toronto Stock Exchange,PRIMARY_DIRECT,Raw Materials & Energy,False,2024-11-07,43.93538665771485,24845.900390625,-0.0016550958471602817,0.008458666286149219,-0.0101137621333095,0.46854871229100703,0.27783146259060465,0.1930503420685522,2026-02-28,793,ok,0.0001194573116783041,1.160524888809286,0.2658773123411061,0.009935950062886483,-0.011591045910046765,0.09625971405380306
CMP007,Canadian Natural Resources Limited,CNQ.TO,^GSPTSE,CAD,Toronto Stock Exchange,PRIMARY_DIRECT,Raw Materials & Energy,False,2024-11-08,43.30722427368164,24759.400390625,-0.014297413356732291,-0.0034814596629647587,-0.010815953693767533,0.44755226431688566,0.27338274389752826,0.18223438837478467,2026-02-28,793,ok,0.0001194573116783041,1.160524888809286,0.2658773123411061,-0.0039208632765778875,-0.010376550080154404,0.08588316397364865
CMP007,Canadian Natural Resources Limited,CNQ.TO,^GSPTSE,CAD,Toronto Stock Exchange,PRIMARY_DIRECT,Raw Materials & Energy,False,2024-11-11,43.425567626953125,24789.30078125,0.0027326469256863106,0.0012076379134093873,0.0015250090122769233,0.45150791356174147,0.2749205291773402,0.1837593973870616,2026-02-28,793,ok,0.0001194573116783041,1.160524888809286,0.2658773123411061,0.0015209511668596116,0.001211695758826699,0.08709485973247534
CMP007,Canadian Natural Resources Limited,CNQ.TO,^GSPTSE,CAD,Toronto Stock Exchange,PRIMARY_DIRECT,Raw Materials & Energy,False,2024-11-12,42.852027893066406,24923.0,-0.013207420541136217,0.005393424361978205,-0.018600844903114422,0.4323372381285444,0.2817967166189914,0.16515855248394717,2026-02-28,793,ok,0.0001194573116783041,1.160524888809286,0.2658773123411061,0.0063786605196643545,-0.01958608106080057,0.06750877867167476
CMP007,Canadian Natural Resources Limited,CNQ.TO,^GSPTSE,CAD,Toronto Stock Exchange,PRIMARY_DIRECT,Raw Materials & Energy,False,2024-11-13,42.51518249511719,24989.0,-0.007860664115821758,0.0026481563214701964,-0.010508820437291955,0.421078116199032,0.2851911146969457,0.15464973204665522,2026-02-28,793,ok,0.0001194573116783041,1.160524888809286,0.2658773123411061,0.0031927086322021117,-0.01105337274802387,0.05645540592365089
CMP007,Canadian Natural Resources Limited,CNQ.TO,^GSPTSE,CAD,Toronto Stock Exchange,PRIMARY_DIRECT,Raw Materials & Energy,False,2024-11-14,43.562129974365234,25049.69921875,0.024625261325605052,0.0024290375265116904,0.022196223799093362,0.4560725361745317,0.28831289214328404,0.17684595584574858,2026-02-28,793,ok,0.0001194573116783041,1.160524888809286,0.2658773123411061,0.002938415817046867,0.021686845508558185,0.07814225143220907
CMP007,Canadian Natural Resources Limited,CNQ.TO,^GSPTSE,CAD,Toronto Stock Exchange,PRIMARY_DIRECT,Raw Materials & Energy,False,2024-11-15,42.433250427246094,24890.69921875,-0.025914241286719597,-0.006347381603727498,-0.0195668596829921,0.41833952114113915,0.28013547859184884,0.15727909616275648,2026-02-28,793,ok,0.0001194573116783041,1.160524888809286,0.2658773123411061,-0.007246837018217658,-0.018667404268501938,0.05947484716370713
CMP007,Canadian Natural Resources Limited,CNQ.TO,^GSPTSE,CAD,Toronto Stock Exchange,PRIMARY_DIRECT,Raw Materials & Energy,False,2024-11-18,42.94306182861328,24976.900390625,0.012014431989868068,0.0034631880413413807,0.008551243948526688,0.43538006485643144,0.2845688284726049,0.16583034011128317,2026-02-28,793,ok,0.0001194573116783041,1.160524888809286,0.2658773123411061,0.004138573228281659,0.00787585876158641,0.06735070592529353
CMP007,Canadian Natural Resources Limited,CNQ.TO,^GSPTSE,CAD,Toronto Stock Exchange,PRIMARY_DIRECT,Raw Materials & Energy,False,2024-11-19,42.82471466064453,25010.80078125,-0.002755908939168661,0.0013572697210149087,-0.00411317866018357,0.4314242881045891,0.2863123348480503,0.1617171614510996,2026-02-28,793,ok,0.0001194573116783041,1.160524888809286,0.2658773123411061,0.001694602603743342,-0.0044505115429120026,0.06290019438238154
CMP007,Canadian Natural Resources Limited,CNQ.TO,^GSPTSE,CAD,Toronto Stock Exchange,PRIMARY_DIRECT,Raw Materials & Energy,False,2024-11-20,42.9794807434082,25036.5,0.0036139431164943225,0.0010275248271645054,0.002586418289329817,0.4365973740573674,0.2876340527075947,0.16430357974042942,2026-02-28,793,ok,0.0001194573116783041,1.160524888809286,0.2658773123411061,0.0013119254474721726,0.00230201766902215,0.06520221205140368
CMP007,Canadian Natural Resources Limited,CNQ.TO,^GSPTSE,CAD,Toronto Stock Exchange,PRIMARY_DIRECT,Raw Materials & Energy,False,2024-11-21,43.9718017578125,25390.69921875,0.023088250421836154,0.01414731367203892,0.008940936749797235,0.46976589398495605,0.30585061554604764,0.17324451649022665,2026-02-28,793,ok,0.0001194573116783041,1.160524888809286,0.2658773123411061,0.016537766937871363,0.006550483483964791,0.07175269553536848
CMP007,Canadian Natural Resources Limited,CNQ.TO,^GSPTSE,CAD,Toronto Stock Exchange,PRIMARY_DIRECT,Raw Materials & Energy,False,2024-11-22,44.34506607055664,25444.30078125,0.008488719993781535,0.0021110707522546956,0.006377649241526839,0.48224232511540444,0.3086073585873408,0.1796221657317535,2026-02-28,793,ok,0.0001194573116783041,1.160524888809286,0.2658773123411061,0.0025694074617072207,0.005919312532074315,0.07767200806744279
CMP007,Canadian Natural Resources Limited,CNQ.TO,^GSPTSE,CAD,Toronto Stock Exchange,PRIMARY_DIRECT,Raw Materials & Energy,False,2024-11-25,43.32542419433594,25410.400390625,-0.022993355666634185,-0.001332337285133045,-0.02166101838150114,0.448160600149887,0.3068638522118954,0.15796114735025235,2026-02-28,793,ok,0.0001194573116783041,1.160524888809286,0.2658773123411061,-0.001426753268007189,-0.021566602398626997,0.05610540566881579
CMP007,Canadian Natural Resources Limited,CNQ.TO,^GSPTSE,CAD,Toronto Stock Exchange,PRIMARY_DIRECT,Raw Materials & Energy,False,2024-11-26,42.51518249511719,25405.099609375,-0.018701298701298663,-0.00020860675819789343,-0.01849269194310077,0.421078116199032,0.30659123158027946,0.13946845540715158,2026-02-28,793,ok,0.0001194573116783041,1.160524888809286,0.2658773123411061,-0.00012263602318417178,-0.01857866267811449,0.0375267429907013
CMP007,Canadian Natural Resources Limited,CNQ.TO,^GSPTSE,CAD,Toronto Stock Exchange,PRIMARY_DIRECT,Raw Materials & Energy,False,2024-11-27,42.80650329589844,25488.30078125,0.0068521592448700375,0.0032749791638013726,0.003577180081068665,0.43081556975062774,0.3108702906393104,0.14304563548822025,2026-02-28,793,ok,0.0001194573116783041,1.160524888809286,0.2658773123411061,0.003920152141601621,0.0029320071032684168,0.040458750093969716
CMP007,Canadian Natural Resources Limited,CNQ.TO,^GSPTSE,CAD,Toronto Stock Exchange,PRIMARY_DIRECT,Raw Materials & Energy,False,2024-11-28,43.26170349121094,25543.5,0.010633902801309159,0.0021656688385678358,0.008468233962741323,0.44603072344595573,0.3137092015791523,0.15151386945096157,2026-02-28,793,ok,0.0001194573116783041,1.160524888809286,0.2658773123411061,0.0026327698997549776,0.008001132901554181,0.048459882995523895
CMP007,Canadian Natural Resources Limited,CNQ.TO,^GSPTSE,CAD,Toronto Stock Exchange,PRIMARY_DIRECT,Raw Materials & Energy,False,2024-11-29,43.26170349121094,25648.0,0.0,0.004091060348033748,-0.004091060348033748,0.44603072344595573,0.3190836652025799,0.14742280910292782,2026-02-28,793,ok,0.0001194573116783041,1.160524888809286,0.2658773123411061,0.004867234667192248,-0.004867234667192248,0.043592648328331644
CMP007,Canadian Natural Resources Limited,CNQ.TO,^GSPTSE,CAD,Toronto Stock Exchange,PRIMARY_DIRECT,Raw Materials & Energy,False,2024-12-02,42.997684478759766,25590.30078125,-0.0061028344042164395,-0.0022496576243761224,-0.003853176779840317,0.43720583739735575,0.3161161785779669,0.1435696323230875,2026-02-28,793,ok,0.0001194573116783041,1.160524888809286,0.2658773123411061,-0.002491326352709758,-0.0036115080515066816,0.039981140276824964
CMP007,Canadian Natural Resources Limited,CNQ.TO,^GSPTSE,CAD,Toronto Stock Exchange,PRIMARY_DIRECT,Raw Materials & Energy,False,2024-12-03,43.82613754272461,25635.69921875,0.01926738786071347,0.0017740486088098084,0.01749333925190366,0.4648970397021721,0.3184510326536052,0.16106297157499117,2026-02-28,793,ok,0.0001194573116783041,1.160524888809286,0.2658773123411061,0.002178284876159576,0.017089102984553895,0.057070243261378856
CMP007,Canadian Natural Resources Limited,CNQ.TO,^GSPTSE,CAD,Toronto Stock Exchange,PRIMARY_DIRECT,Raw Materials & Energy,False,2024-12-04,42.40593719482422,25641.19921875,-0.0324053276772539,0.0002145445674435198,-0.03261987224469742,0.41742657111718406,0.3187338991601014,0.12844309933029374,2026-02-28,793,ok,0.0001194573116783041,1.160524888809286,0.2658773123411061,0.00036844162195533126,-0.032773769299209235,0.02429647396216962
CMP007,Canadian Natural Resources Limited,CNQ.TO,^GSPTSE,CAD,Toronto Stock Exchange,PRIMARY_DIRECT,Raw Materials & Energy,False,2024-12-05,42.4605598449707,25680.0,0.0012880896817710763,0.001513220224958367,-0.00022513054318729075,0.4192523436581084,0.32072943396764875,0.12821796878710645,2026-02-28,793,ok,0.0001194573116783041,1.160524888809286,0.2658773123411061,0.001875587044992076,-0.0005874973632209997,0.02370897659894862
CMP007,Canadian Natural Resources Limited,CNQ.TO,^GSPTSE,CAD,Toronto Stock Exchange,PRIMARY_DIRECT,Raw Materials & Energy,False,2024-12-06,41.56837844848633,25691.80078125,-0.021012002661807805,0.00045953198014014873,-0.021471534641947954,0.38943100963538724,0.3213363513796692,0.1067464341451585,2026-02-28,793,ok,0.0001194573116783041,1.160524888809286,0.2658773123411061,0.0006527556118347613,-0.021664758273642566,0.0020442183253060534
CMP007,Canadian Natural Resources Limited,CNQ.TO,^GSPTSE,CAD,Toronto Stock Exchange,PRIMARY_DIRECT,Raw Materials & Energy,False,2024-12-09,41.78687286376953,25625.400390625,0.005256265061048149,-0.002584497334007785,0.007840762395055934,0.39673422730607055,0.31792136110220093,0.11458719654021443,2026-02-28,793,ok,0.0001194573116783041,1.160524888809286,0.2658773123411061,-0.0028799161694989766,0.008136181230547126,0.01018039955585318
CMP007,Canadian Natural Resources Limited,CNQ.TO,^GSPTSE,CAD,Toronto Stock Exchange,PRIMARY_DIRECT,Raw Materials & Energy,False,2024-12-10,41.46823120117188,25504.30078125,-0.0076254010113765425,-0.004725764574562641,-0.0028996364368139016,0.3860835687165467,0.3116931750218448,0.11168756010340053,2026-02-28,793,ok,0.0001194573116783041,1.160524888809286,0.2658773123411061,-0.005364910095754868,-0.0022604909156216744,0.007919908640231505
CMP007,Canadian Natural Resources Limited,CNQ.TO,^GSPTSE,CAD,Toronto Stock Exchange,PRIMARY_DIRECT,Raw Materials & Energy,False,2024-12-11,41.93252944946289,25657.69921875,0.011196480651383345,0.006014610587276925,0.00518187006410642,0.4016028265748819,0.3195824986795901,0.11686943016750695,2026-02-28,793,ok,0.0001194573116783041,1.160524888809286,0.2658773123411061,0.007099562594709012,0.0040969180566743325,0.012016826696905836
CMP007,Canadian Natural Resources Limited,CNQ.TO,^GSPTSE,CAD,Toronto Stock Exchange,PRIMARY_DIRECT,Raw Materials & Energy,False,2024-12-12,40.9857292175293,25410.69921875,-0.022579134728198946,-0.009626740024276992,-0.012952394703921954,0.3699558475182232,0.30687922102421594,0.103917035463585,2026-02-28,793,ok,0.0001194573116783041,1.160524888809286,0.2658773123411061,-0.011052614084591655,-0.011526520643607291,0.0004903060532985455
CMP007,Canadian Natural Resources Limited,CNQ.TO,^GSPTSE,CAD,Toronto Stock Exchange,PRIMARY_DIRECT,Raw Materials & Energy,False,2024-12-13,41.283504486083984,25274.30078125,0.0072653402596367656,-0.005367756169391669,0.012633096429028434,0.37990904289112204,0.29986421202291336,0.11655013189261343,2026-02-28,793,ok,0.0001194573116783041,1.160524888809286,0.2658773123411061,-0.006109957319960322,0.013375297579597087,0.013865603632895632
CMP007,Canadian Natural Resources Limited,CNQ.TO,^GSPTSE,CAD,Toronto Stock Exchange,PRIMARY_DIRECT,Raw Materials & Energy,False,2024-12-16,40.518314361572266,25147.19921875,-0.0185350089348556,-0.005028885412105666,-0.013506123522749935,0.3543324164518471,0.2933273438493531,0.1030440083698635,2026-02-28,793,ok,0.0001194573116783041,1.160524888809286,0.2658773123411061,-0.0057166893720402645,-0.012818319562815338,0.0010472840700802948
CMP007,Canadian Natural Resources Limited,CNQ.TO,^GSPTSE,CAD,Toronto Stock Exchange,PRIMARY_DIRECT,Raw Materials & Energy,False,2024-12-17,40.38002014160156,25119.69921875,-0.0034131286592183896,-0.0010935611461452277,-0.002319567513073162,0.3497099056671469,0.2919130113168722,0.10072444085679033,2026-02-28,793,ok,0.0001194573116783041,1.160524888809286,0.2658773123411061,-0.0011496476158580416,-0.0022634810433603478,-0.001216196973280053
CMP007,Canadian Natural Resources Limited,CNQ.TO,^GSPTSE,CAD,Toronto Stock Exchange,PRIMARY_DIRECT,Raw Materials & Energy,False,2024-12-18,39.49497985839844,24557.0,-0.021917777160574303,-0.02240071482742856,0.0004829376668542551,0.32012726472331465,0.26297323636851844,0.10120737852364459,2026-02-28,793,ok,0.0001194573116783041,1.160524888809286,0.2658773123411061,-0.025877129772671748,0.003959352612097445,0.002743155638817392
CMP007,Canadian Natural Resources Limited,CNQ.TO,^GSPTSE,CAD,Toronto Stock Exchange,PRIMARY_DIRECT,Raw Materials & Energy,False,2024-12-19,39.1630973815918,24413.900390625,-0.008403155995940215,-0.00582724312314209,-0.002575912872798125,0.3090340293833507,0.2556135842621774,0.09863146565084646,2026-02-28,793,ok,0.0001194573116783041,1.160524888809286,0.2658773123411061,-0.006643203365870847,-0.0017599526300693677,0.0009832030087480242
CMP007,Canadian Natural Resources Limited,CNQ.TO,^GSPTSE,CAD,Toronto Stock Exchange,PRIMARY_DIRECT,Raw Materials & Energy,False,2024-12-20,39.18153381347656,24599.5,0.00047076031053228107,0.007602210478677485,-0.007131450168145204,0.30965027064952055,0.265159023009625,0.09150001548270126,2026-02-28,793,ok,0.0001194573116783041,1.160524888809286,0.2658773123411061,0.008942011782150282,-0.008471251471618,-0.0074880484628699765
CMP007,Canadian Natural Resources Limited,CNQ.TO,^GSPTSE,CAD,Toronto Stock Exchange,PRIMARY_DIRECT,Raw Materials & Energy,False,2024-12-23,39.79921340942383,24749.0,0.015764558857948918,0.006077359295920681,0.009687199562028237,0.3302963294245036,0.27284784895893055,0.1011872150447295,2026-02-28,793,ok,0.0001194573116783041,1.160524888809286,0.2658773123411061,0.007172384032830733,0.008592174825118185,0.0011041263622482084
CMP007,Canadian Natural Resources Limited,CNQ.TO,^GSPTSE,CAD,Toronto Stock Exchange,PRIMARY_DIRECT,Raw Materials & Energy,False,2024-12-24,40.0757942199707,24846.80078125,0.006949403941771903,0.003951706382075981,0.002997697559695922,0.339541095979931,0.27787776992707314,0.10418491260442542,2026-02-28,793,ok,0.0001194573116783041,1.160524888809286,0.2658773123411061,0.004705510921343978,0.0022438930204279253,0.0033480193826761337
CMP007,Canadian Natural Resources Limited,CNQ.TO,^GSPTSE,CAD,Toronto Stock Exchange,PRIMARY_DIRECT,Raw Materials & Energy,False,2024-12-27,40.08501052856445,24796.400390625,0.00022997195122731462,-0.002028445877951146,0.0022584178291784607,0.33984915285952266,0.27528566403213905,0.10644333043360388,2026-02-28,793,ok,0.0001194573116783041,1.160524888809286,0.2658773123411061,-0.002234604615286604,0.0024645765665139187,0.005812595949190052
CMP007,Canadian Natural Resources Limited,CNQ.TO,^GSPTSE,CAD,Toronto Stock Exchange,PRIMARY_DIRECT,Raw Materials & Energy,False,2024-12-30,40.03891372680664,24620.599609375,-0.0011499760421658234,-0.007089770227958869,0.005939794185793046,0.33830835843361795,0.2662441816991412,0.11238312461939692,2026-02-28,793,ok,0.0001194573116783041,1.160524888809286,0.2658773123411061,-0.008108397493807049,0.0069584214516412255,0.012771017400831277
CMP007,Canadian Natural Resources Limited,CNQ.TO,^GSPTSE,CAD,Toronto Stock Exchange,PRIMARY_DIRECT,Raw Materials & Energy,False,2024-12-31,40.914737701416016,24727.900390625,0.021874319083312166,0.004358170919978033,0.017516148163334133,0.3675829424978587,0.2717626902694137,0.12989927278273106,2026-02-28,793,ok,0.0001194573116783041,1.160524888809286,0.2658773123411061,0.005177223133997674,0.01669709594931449,0.029468113350145767
CMP007,Canadian Natural Resources Limited,CNQ.TO,^GSPTSE,CAD,Toronto Stock Exchange,PRIMARY_DIRECT,Raw Materials & Energy,False,2025-01-02,41.65227127075195,24898.0,0.018026110168865017,0.006878853711311805,0.011147256457553212,0.3922351432843858,0.2805109597712814,0.14104652924028427,2026-02-28,793,ok,0.0001194573116783041,1.160524888809286,0.2658773123411061,0.008102538250133783,0.009923571918731234,0.039391685268877
CMP007,Canadian Natural Resources Limited,CNQ.TO,^GSPTSE,CAD,Toronto Stock Exchange,PRIMARY_DIRECT,Raw Materials & Energy,False,2025-01-03,42.04869842529297,25073.5,0.009517539919110751,0.007048758936460731,0.0024687809826500207,0.4054857968373837,0.28953697284220503,0.1435153102229343,2026-02-28,793,ok,0.0001194573116783041,1.160524888809286,0.2658773123411061,0.008299717492657855,0.001217822426452896,0.040609507695329894
CMP007,Canadian Natural Resources Limited,CNQ.TO,^GSPTSE,CAD,Toronto Stock Exchange,PRIMARY_DIRECT,Raw Materials & Energy,False,2025-01-06,42.62028503417969,24999.80078125,0.013593443561689345,-0.0029393271282429634,0.016532770689932308,0.4245911886934486,0.2857466018350576,0.1600480809128666,2026-02-28,793,ok,0.0001194573116783041,1.160524888809286,0.2658773123411061,-0.003291704976999979,0.016885148538689325,0.05749465623401922
CMP007,Canadian Natural Resources Limited,CNQ.TO,^GSPTSE,CAD,Toronto Stock Exchange,PRIMARY_DIRECT,Raw Materials & Energy,False,2025-01-07,43.33938217163086,24929.900390625,0.016872180391906966,-0.0027960379059270846,0.01966821829783405,0.44862714821380556,0.28215160559890995,0.17971629921070065,2026-02-28,793,ok,0.0001194573116783041,1.160524888809286,0.2658773123411061,-0.0031254142682042747,0.01999759466011124,0.07749225089413046
CMP007,Canadian Natural Resources Limited,CNQ.TO,^GSPTSE,CAD,Toronto Stock Exchange,PRIMARY_DIRECT,Raw Materials & Energy,False,2025-01-08,43.320945739746094,25051.69921875,-0.00042539673989250293,0.0048856524180418415,-0.005311049157934344,0.4480109069476357,0.2884157526911004,0.1744052500527663,2026-02-28,793,ok,0.0001194573116783041,1.160524888809286,0.2658773123411061,0.0057893785408871315,-0.006214775280779634,0.07127747561335082
CMP007,Canadian Natural Resources Limited,CNQ.TO,^GSPTSE,CAD,Toronto Stock Exchange,PRIMARY_DIRECT,Raw Materials & Energy,False,2025-01-09,43.2471923828125,25073.400390625,-0.0017024872304651772,0.0008662554857259419,-0.002568742716191119,0.4455456868689831,0.28953184990476477,0.17183650733657518,2026-02-28,793,ok,0.0001194573116783041,1.160524888809286,0.2658773123411061,0.001124768362930837,-0.0028272555933960145,0.06845022001995481
CMP007,Canadian Natural Resources Limited,CNQ.TO,^GSPTSE,CAD,Toronto Stock Exchange,PRIMARY_DIRECT,Raw Materials & Energy,False,2025-01-10,43.57908248901367,24767.69921875,0.007674257863108602,-0.012192250237797908,0.01986650810090651,0.45663917722292013,0.27380955490111547,0.1917030154374817,2026-02-28,793,ok,0.0001194573116783041,1.160524888809286,0.2658773123411061,-0.014029952539877105,0.02170421040298571,0.09015443042294052
CMP007,Canadian Natural Resources Limited,CNQ.TO,^GSPTSE,CAD,Toronto Stock Exchange,PRIMARY_DIRECT,Raw Materials & Energy,False,2025-01-13,41.90119552612305,24536.30078125,-0.03850211769175316,-0.009342750630822572,-0.029159367060930586,0.4005554841870649,0.26190866987851535,0.1625436483765511,2026-02-28,793,ok,0.0001194573116783041,1.160524888809286,0.2658773123411061,-0.010723037325329948,-0.02777908036642321,0.062375350056517315
CMP007,Canadian Natural Resources Limited,CNQ.TO,^GSPTSE,CAD,Toronto Stock Exchange,PRIMARY_DIRECT,Raw Materials & Energy,False,2025-01-14,41.72602462768555,24588.599609375,-0.004180570416619567,0.002131487895883799,-0.006312058312503366,0.39470036336303815,0.26459841293407216,0.15623159006404774,2026-02-28,793,ok,0.0001194573116783041,1.160524888809286,0.2658773123411061,0.0025931020650471893,-0.0067736724816667565,0.05560167757485056
CMP007,Canadian Natural Resources Limited,CNQ.TO,^GSPTSE,CAD,Toronto Stock Exchange,PRIMARY_DIRECT,Raw Materials & Energy,False,2025-01-15,41.61539459228516,24789.30078125,-0.0026513437689671404,0.008162366912448205,-0.010813710681415345,0.3910025332450593,0.2749205291773398,0.1454178793826324,2026-02-28,793,ok,0.0001194573116783041,1.160524888809286,0.2658773123411061,0.009592087265167852,-0.012243431034134993,0.043358246540715566
CMP007,Canadian Natural Resources Limited,CNQ.TO,^GSPTSE,CAD,Toronto Stock Exchange,PRIMARY_DIRECT,Raw Materials & Energy,False,2025-01-16,40.86864471435547,24846.19921875,-0.01794407779250351,0.002295282065520654,-0.020239359858024164,0.36604227557894053,0.27784683140292454,0.12517851952460823,2026-02-28,793,ok,0.0001194573116783041,1.160524888809286,0.2658773123411061,0.0027831892755526095,-0.02072726706805612,0.022630979472659445
CMP007,Canadian Natural Resources Limited,CNQ.TO,^GSPTSE,CAD,Toronto Stock Exchange,PRIMARY_DIRECT,Raw Materials & Energy,False,2025-01-17,41.49554443359375,25067.900390625,0.015339381171553201,0.008922941087411651,0.00641644008414155,0.3869965187405018,0.28924898339826854,0.13159495960874978,2026-02-28,793,ok,0.0001194573116783041,1.160524888809286,0.2658773123411061,0.01047475252499852,0.004864628646554681,0.027495608119214126
CMP007,Canadian Natural Resources Limited,CNQ.TO,^GSPTSE,CAD,Toronto Stock Exchange,PRIMARY_DIRECT,Raw Materials & Energy,False,2025-01-20,43.30250549316406,25130.80078125,0.0435459055721521,0.0025092005969724607,0.04103670497517964,0.4473945381744793,0.29248396771705765,0.17263166458392942,2026-02-28,793,ok,0.0001194573116783041,1.160524888809286,0.2658773123411061,0.003031447055479963,0.04051445851667214,0.06801006663588627
CMP007,Canadian Natural Resources Limited,CNQ.TO,^GSPTSE,CAD,Toronto Stock Exchange,PRIMARY_DIRECT,Raw Materials & Energy,False,2025-01-21,42.085575103759766,25281.599609375,-0.028103001790425464,0.0060005580179327556,-0.03410355980835822,0.4067184068767098,0.3002395927525918,0.1385281047755712,2026-02-28,793,ok,0.0001194573116783041,1.160524888809286,0.2658773123411061,0.007083254238233385,-0.03518625602865885,0.032823810607227416
CMP007,Canadian Natural Resources Limited,CNQ.TO,^GSPTSE,CAD,Toronto Stock Exchange,PRIMARY_DIRECT,Raw Materials & Energy,False,2025-01-22,41.84587478637695,25311.5,-0.0056955457253903274,0.0011826937807333238,-0.006878239506123651,0.3987063778675952,0.30177737803240356,0.13164986526944755,2026-02-28,793,ok,0.0001194573116783041,1.160524888809286,0.2658773123411061,0.0014920028800592788,-0.0071875486054496064,0.02563626200177781
CMP007,Canadian Natural Resources Limited,CNQ.TO,^GSPTSE,CAD,Toronto Stock Exchange,PRIMARY_DIRECT,Raw Materials & Energy,False,2025-01-23,41.90119552612305,25434.099609375,0.0013220117879839677,0.004843632711415857,-0.0035216209234318896,0.40055548418706444,0.3080827095236225,0.12812824434601566,2026-02-28,793,ok,0.0001194573116783041,1.160524888809286,0.2658773123411061,0.005740613625527212,-0.004418601837543244,0.021217660164234566
CMP007,Canadian Natural Resources Limited,CNQ.TO,^GSPTSE,CAD,Toronto Stock Exchange,PRIMARY_DIRECT,Raw Materials & Energy,False,2025-01-24,41.44023513793945,25468.5,-0.01100112735199188,0.0013525303098333996,-0.01235365766182528,0.3851477949419919,0.30985193103602215,0.11577458668419038,2026-02-28,793,ok,0.0001194573116783041,1.160524888809286,0.2658773123411061,0.0016891023991088994,-0.01269022975110078,0.008527430413133787
CMP007,Canadian Natural Resources Limited,CNQ.TO,^GSPTSE,CAD,Toronto Stock Exchange,PRIMARY_DIRECT,Raw Materials & Energy,False,2025-01-27,41.05302429199219,25289.19921875,-0.009343838051555031,-0.007040099780120546,-0.0023037382714344856,0.37220519826858545,0.3006304427443449,0.1134708484127559,2026-02-28,793,ok,0.0001194573116783041,1.160524888809286,0.2658773123411061,-0.00805075370285237,-0.0012930843487026604,0.007234346064431126
CMP007,Canadian Natural Resources Limited,CNQ.TO,^GSPTSE,CAD,Toronto Stock Exchange,PRIMARY_DIRECT,Raw Materials & Energy,False,2025-01-28,40.3615837097168,25419.5,-0.016842622296410537,0.005152428122492392,-0.02199505041890293,0.34909366440097656,0.3073318476145106,0.09147579799385297,2026-02-28,793,ok,0.0001194573116783041,1.160524888809286,0.2658773123411061,0.006098978385631625,-0.022941600682042162,-0.015707254617611036
CMP007,Canadian Natural Resources Limited,CNQ.TO,^GSPTSE,CAD,Toronto Stock Exchange,PRIMARY_DIRECT,Raw Materials & Energy,False,2025-01-29,40.80410385131836,25473.30078125,0.01096389439978851,0.002116516109679667,0.008847378290108843,0.36388498487289267,0.31009883653068404,0.10032317628396181,2026-02-28,793,ok,0.0001194573116783041,1.160524888809286,0.2658773123411061,0.002575726934527362,0.008388167465261148,-0.007319087152349888
CMP007,Canadian Natural Resources Limited,CNQ.TO,^GSPTSE,CAD,Toronto Stock Exchange,PRIMARY_DIRECT,Raw Materials & Energy,False,2025-01-30,41.30194091796875,25808.30078125,0.012200661689922399,0.0131510243951809,-0.0009503627052585006,0.3805252841572917,0.32732797828999716,0.09937281357870331,2026-02-28,793,ok,0.0001194573116783041,1.160524888809286,0.2658773123411061,0.015381548435623825,-0.0031808867457014268,-0.010499973898051315
CMP007,Canadian Natural Resources Limited,CNQ.TO,^GSPTSE,CAD,Toronto Stock Exchange,PRIMARY_DIRECT,Raw Materials & Energy,False,2025-01-31,40.70269775390625,25533.099609375,-0.014508837859525281,-0.010663281329816865,-0.003845556529708416,0.36049546664847854,0.3131743066405539,0.0955272570489949,2026-02-28,793,ok,0.0001194573116783041,1.160524888809286,0.2658773123411061,-0.012255546067949548,-0.002253291791575733,-0.012753265689627048
CMP007,Canadian Natural Resources Limited,CNQ.TO,^GSPTSE,CAD,Toronto Stock Exchange,PRIMARY_DIRECT,Raw Materials & Energy,False,2025-02-03,40.31549072265625,25241.80078125,-0.009513055709257978,-0.011408674723457524,0.0018956190141995455,0.3475529974820586,0.29819272812089004,0.09742287606319444,2026-02-28,793,ok,0.0001194573116783041,1.160524888809286,0.2658773123411061,-0.01312059365322355,0.0036075379439655716,-0.009145727745661476
CMP007,Canadian Natural Resources Limited,CNQ.TO,^GSPTSE,CAD,Toronto Stock Exchange,PRIMARY_DIRECT,Raw Materials & Energy,False,2025-02-04,40.93317794799805,25279.400390625,0.015321337140382862,0.001489577138368503,0.01383176000201436,0.3681993112710147,0.30012648632989514,0.1112546360652088,2026-02-28,793,ok,0.0001194573116783041,1.160524888809286,0.2658773123411061,0.0018481486545562657,0.013473188485826596,0.00432746074016512
CMP007,Canadian Natural Resources Limited,CNQ.TO,^GSPTSE,CAD,Toronto Stock Exchange,PRIMARY_DIRECT,Raw Materials & Energy,False,2025-02-05,41.0806884765625,25569.80078125,0.0036036910877492723,0.011487629696023127,-0.007883938608273855,0.3731298789353068,0.3150618579628446,0.10337069745693495,2026-02-28,793,ok,0.0001194573116783041,1.160524888809286,0.2658773123411061,0.013451137487337797,-0.009847446399588525,-0.005519985659423405
CMP007,Canadian Natural Resources Limited,CNQ.TO,^GSPTSE,CAD,Toronto Stock Exchange,PRIMARY_DIRECT,Raw Materials & Energy,False,2025-02-06,40.518314361572266,25534.5,-0.013689500732468995,-0.0013805653611460578,-0.012308935371322938,0.3543324164518469,0.31324632911397665,0.09106176208561201,2026-02-28,793,ok,0.0001194573116783041,1.160524888809286,0.2658773123411061,-0.0014827231505596763,-0.01220677758190932,-0.017726763241332724
CMP007,Canadian Natural Resources Limited,CNQ.TO,^GSPTSE,CAD,Toronto Stock Exchange,PRIMARY_DIRECT,Raw Materials & Energy,False,2025-02-07,40.029693603515625,25442.900390625,-0.012059256801661311,-0.003587288154261903,-0.008471968647399408,0.3380001740470395,0.30853533611391826,0.0825897934382126,2026-02-28,793,ok,0.0001194573116783041,1.160524888809286,0.2658773123411061,-0.00404367987467336,-0.008015576926987952,-0.025742340168320676
CMP007,Canadian Natural Resources Limited,CNQ.TO,^GSPTSE,CAD,Toronto Stock Exchange,PRIMARY_DIRECT,Raw Materials & Energy,False,2025-02-10,40.49987411499024,25658.900390625,0.011745793413550532,0.00848959814658512,0.0032561952669654115,0.3537160476786907,0.3196442752781321,0.08584598870517801,2026-02-28,793,ok,0.0001194573116783041,1.160524888809286,0.2658773123411061,0.009971847256779522,0.0017739461567710096,-0.023968394011549668
CMP007,Canadian Natural Resources Limited,CNQ.TO,^GSPTSE,CAD,Toronto Stock Exchange,PRIMARY_DIRECT,Raw Materials & Energy,False,2025-02-11,40.7303581237793,25631.80078125,0.005690980869092366,-0.0010561485084100708,0.006747129377502437,0.36142001980821337,0.3182505349451652,0.09259311808268045,2026-02-28,793,ok,0.0001194573116783041,1.160524888809286,0.2658773123411061,-0.0011062293186103866,0.006797210187702752,-0.017171183823846914
CMP007,Canadian Natural Resources Limited,CNQ.TO,^GSPTSE,CAD,Toronto Stock Exchange,PRIMARY_DIRECT,Raw Materials & Energy,False,2025-02-12,39.55030059814453,25563.099609375,-0.02897243186638765,-0.0026803099969961997,-0.02629212186939145,0.32197637104278387,0.3147172148578061,0.066300996213289,2026-02-28,793,ok,0.0001194573116783041,1.160524888809286,0.2658773123411061,-0.002991109149560128,-0.025981322716827522,-0.043152506540674436
CMP007,Canadian Natural Resources Limited,CNQ.TO,^GSPTSE,CAD,Toronto Stock Exchange,PRIMARY_DIRECT,Raw Materials & Energy,False,2025-02-13,39.7623405456543,25698.5,0.005361272716084331,0.005296712554190508,6.456016189382296e-05,0.3290638468921636,0.3216808940349538,0.06636555637518282,2026-02-28,793,ok,0.0001194573116783041,1.160524888809286,0.2658773123411061,0.006266424059684993,-0.0009051513436006617,-0.0440576578842751
CMP007,Canadian Natural Resources Limited,CNQ.TO,^GSPTSE,CAD,Toronto Stock Exchange,PRIMARY_DIRECT,Raw Materials & Energy,False,2025-02-14,39.3382568359375,25483.19921875,-0.01066546143655378,-0.00837795129093133,-0.002287510145622451,0.3148887676864174,0.3106079158825743,0.06407804622956037,2026-02-28,793,ok,0.0001194573116783041,1.160524888809286,0.2658773123411061,-0.00960336367867939,-0.0010620977578743897,-0.045119755642149484
CMP007,Canadian Natural Resources Limited,CNQ.TO,^GSPTSE,CAD,Toronto Stock Exchange,PRIMARY_DIRECT,Raw Materials & Energy,False,2025-02-18,39.73468017578125,25648.80078125,0.010077298073909446,0.006498460459319233,0.0035788376145902134,0.3281392937324288,0.3191248496016079,0.06765688384415058,2026-02-28,793,ok,0.0001194573116783041,1.160524888809286,0.2658773123411061,0.007661082413661298,0.002416215660248148,-0.04270353998190134
CMP007,Canadian Natural Resources Limited,CNQ.TO,^GSPTSE,CAD,Toronto Stock Exchange,PRIMARY_DIRECT,Raw Materials & Energy,False,2025-02-19,39.919063568115234,25626.19921875,0.004640364324521862,-0.0008811937327113384,0.0055215580572332,0.33430234392906044,0.3179624450514751,0.07317844190138378,2026-02-28,793,ok,0.0001194573116783041,1.160524888809286,0.2658773123411061,-0.0009031899469959615,0.005543554271517823,-0.037159985710383515
CMP007,Canadian Natural Resources Limited,CNQ.TO,^GSPTSE,CAD,Toronto Stock Exchange,PRIMARY_DIRECT,Raw Materials & Energy,False,2025-02-20,40.10344696044922,25514.099609375,0.004618930802807064,-0.004374414185189801,0.008993344987996865,0.3404653941256921,0.3121971314362946,0.08217178688938065,2026-02-28,793,ok,0.0001194573116783041,1.160524888809286,0.2658773123411061,-0.004957159224194854,0.009576090027001917,-0.0275838956833816
CMP007,Canadian Natural Resources Limited,CNQ.TO,^GSPTSE,CAD,Toronto Stock Exchange,PRIMARY_DIRECT,Raw Materials & Energy,False,2025-02-21,39.32904052734375,25147.0,-0.019310221235326774,-0.014388107556031926,-0.004922113679294848,0.3145807108068255,0.2933170979744726,0.0772496732100858,2026-02-28,793,ok,0.0001194573116783041,1.160524888809286,0.2658773123411061,-0.016578299609961693,-0.002731921625365081,-0.03031581730874668
CMP007,Canadian Natural Resources Limited,CNQ.TO,^GSPTSE,CAD,Toronto Stock Exchange,PRIMARY_DIRECT,Raw Materials & Energy,False,2025-02-24,38.61915969848633,25151.30078125,-0.0180497876210296,0.00017102561935811167,-0.018220813240387712,0.2908528081660602,0.2935382883321802,0.05902885996969809,2026-02-28,793,ok,0.0001194573116783041,1.160524888809286,0.2658773123411061,0.00031793679956741597,-0.018367724420597017,-0.04868354172934369
CMP007,Canadian Natural Resources Limited,CNQ.TO,^GSPTSE,CAD,Toronto Stock Exchange,PRIMARY_DIRECT,Raw Materials & Energy,False,2025-02-25,38.038352966308594,25204.0,-0.015039341526648986,0.002095288001537021,-0.017134629528186007,0.2714392319234169,0.29624862358725146,0.04189423044151208,2026-02-28,793,ok,0.0001194573116783041,1.160524888809286,0.2658773123411061,0.002551091186685487,-0.017590432713334474,-0.06627397444267817
CMP007,Canadian Natural Resources Limited,CNQ.TO,^GSPTSE,CAD,Toronto Stock Exchange,PRIMARY_DIRECT,Raw Materials & Energy,False,2025-02-26,37.87240982055664,25328.400390625,-0.004362521844700651,0.004935739986708487,-0.009298261831409138,0.26589255049994165,0.3026465697514069,0.03259596861010294,2026-02-28,793,ok,0.0001194573116783041,1.160524888809286,0.2658773123411061,0.005847506410944718,-0.010210028255645369,-0.07648400269832353
CMP007,Canadian Natural Resources Limited,CNQ.TO,^GSPTSE,CAD,Toronto Stock Exchange,PRIMARY_DIRECT,Raw Materials & Energy,False,2025-02-27,37.61427307128906,25128.19921875,-0.006815957856673438,-0.007904216957542287,0.0010882591008688491,0.2572642802246572,0.29235016864509356,0.03368422771097179,2026-02-28,793,ok,0.0001194573116783041,1.160524888809286,0.2658773123411061,-0.009053583194097931,0.002237625337424493,-0.07424637736089904
CMP007,Canadian Natural Resources Limited,CNQ.TO,^GSPTSE,CAD,Toronto Stock Exchange,PRIMARY_DIRECT,Raw Materials & Energy,False,2025-02-28,37.66036605834961,25393.5,0.0012254121453627587,0.010557890716340612,-0.009332478570977853,0.25880494714357516,0.3059946604928929,0.02435174913999394,2026-02-28,793,ok,0.0001194573116783041,1.160524888809286,0.2658773123411061,0.012372152261320086,-0.011146740115957328,-0.08539311747685636
CMP007,Canadian Natural Resources Limited,CNQ.TO,^GSPTSE,CAD,Toronto Stock Exchange,PRIMARY_DIRECT,Raw Materials & Energy,False,2025-03-03,35.724342346191406,25001.599609375,-0.051407458683715324,-0.015433098652214094,-0.03597436003150123,0.19409298383243545,0.2858391160582412,-0.01162261089150729,2026-02-28,793,ok,0.0001194573116783041,1.160524888809286,0.2658773123411061,-0.0177910377856652,-0.03361642089805013,-0.11900953837490649
CMP007,Canadian Natural Resources Limited,CNQ.TO,^GSPTSE,CAD,Toronto Stock Exchange,PRIMARY_DIRECT,Raw Materials & Energy,False,2025-03-04,35.93637466430664,24572.0,0.0059352336303495346,-0.017182884938846454,0.02311811856919599,0.20118020466784214,0.26374469047714433,0.011495507677688699,2026-02-28,793,ok,0.0001194573116783041,1.160524888809286,0.2658773123411061,-0.019821708321399234,0.02575694195174877,-0.09325259642315772
CMP007,Canadian Natural Resources Limited,CNQ.TO,^GSPTSE,CAD,Toronto Stock Exchange,PRIMARY_DIRECT,Raw Materials & Energy,False,2025-03-05,36.33280563354492,24870.80078125,0.011031468058241067,0.01216021411566004,-0.0011287460574189723,0.21443098572782682,0.2791120965008749,0.010366761620269727,2026-02-28,793,ok,0.0001194573116783041,1.160524888809286,0.2658773123411061,0.014231688446151783,-0.003200220387910716,-0.09645281681106845
CMP007,Canadian Natural Resources Limited,CNQ.TO,^GSPTSE,CAD,Toronto Stock Exchange,PRIMARY_DIRECT,Raw Materials & Energy,False,2025-03-06,36.83063507080078,24584.0,0.01370192663558667,-0.011531626334533529,0.0252335529701202,0.2310710299982528,0.2643618537640451,0.035600314590389925,2026-02-28,793,ok,0.0001194573116783041,1.160524888809286,0.2658773123411061,-0.013263282057996454,0.026965208693583126,-0.06948760811748532
CMP007,Canadian Natural Resources Limited,CNQ.TO,^GSPTSE,CAD,Toronto Stock Exchange,PRIMARY_DIRECT,Raw Materials & Energy,False,2025-03-07,37.5589599609375,24758.80078125,0.019774975064552613,0.007110347431256159,0.012664627633296455,0.25541542891916125,0.2733519058231346,0.04826494222368638,2026-02-28,793,ok,0.0001194573116783041,1.160524888809286,0.2658773123411061,0.00837119247373225,0.011403782590820363,-0.05808382552666495
CMP007,Canadian Natural Resources Limited,CNQ.TO,^GSPTSE,CAD,Toronto Stock Exchange,PRIMARY_DIRECT,Raw Materials & Energy,False,2025-03-10,37.71567916870117,24380.69921875,0.004172618409206796,-0.01527140049474196,0.019444018903948757,0.26065379844907155,0.25390603889856656,0.06770896112763514,2026-02-28,793,ok,0.0001194573116783041,1.160524888809286,0.2658773123411061,-0.017603383049444185,0.02177600145865098,-0.03630782406801397
CMP007,Canadian Natural Resources Limited,CNQ.TO,^GSPTSE,CAD,Toronto Stock Exchange,PRIMARY_DIRECT,Raw Materials & Energy,False,2025-03-11,38.167423248291016,24248.19921875,0.011977620171420122,-0.005434626743522575,0.017412246914942697,0.2757534308145526,0.24709152760570396,0.08512120804257783,2026-02-28,793,ok,0.0001194573116783041,1.160524888809286,0.2658773123411061,-0.006187562285568205,0.018165182456988328,-0.018142641611025644
CMP007,Canadian Natural Resources Limited,CNQ.TO,^GSPTSE,CAD,Toronto Stock Exchange,PRIMARY_DIRECT,Raw Materials & Energy,False,2025-03-12,38.739013671875,24423.30078125,0.014975871435323418,0.0072212192303584555,0.0077546522049649624,0.2948589501776042,0.25609704892686747,0.0928758602475428,2026-02-28,793,ok,0.0001194573116783041,1.160524888809286,0.2658773123411061,0.00849986195605753,0.006476009479265889,-0.011666632131759756
CMP007,Canadian Natural Resources Limited,CNQ.TO,^GSPTSE,CAD,Toronto Stock Exchange,PRIMARY_DIRECT,Raw Materials & Energy,False,2025-03-13,38.15820693969727,24203.19921875,-0.014992811564518482,-0.009011949878166114,-0.005980861686352368,0.27544537393496116,0.24477716527982607,0.08689499856119043,2026-02-28,793,ok,0.0001194573116783041,1.160524888809286,0.2658773123411061,-0.010339134818635284,-0.004653676745883198,-0.016320308877642953
CMP007,Canadian Natural Resources Limited,CNQ.TO,^GSPTSE,CAD,Toronto Stock Exchange,PRIMARY_DIRECT,Raw Materials & Energy,False,2025-03-14,38.9141731262207,24553.400390625,0.019811365552844462,0.014469209987897136,0.005342155564947326,0.30071368848067115,0.2627881074723992,0.09223715412613775,2026-02-28,793,ok,0.0001194573116783041,1.160524888809286,0.2658773123411061,0.01691133562404084,0.0029000299288036227,-0.01342027894883933
CMP007,Canadian Natural Resources Limited,CNQ.TO,^GSPTSE,CAD,Toronto Stock Exchange,PRIMARY_DIRECT,Raw Materials & Energy,False,2025-03-17,39.26450347900391,24785.099609375,0.009002641573467196,0.009436543006827947,-0.0004339014333607505,0.31242354760776503,0.2747044617570733,0.091803252692777,2026-02-28,793,ok,0.0001194573116783041,1.160524888809286,0.2658773123411061,0.011070800335421353,-0.0020681587619541565,-0.015488437710793487
CMP007,Canadian Natural Resources Limited,CNQ.TO,^GSPTSE,CAD,Toronto Stock Exchange,PRIMARY_DIRECT,Raw Materials & Energy,False,2025-03-18,39.504207611083984,24706.099609375,0.006104855807185894,-0.0031873989310140516,0.009292254738199945,0.3204357041238659,0.27064147011830997,0.10109550743097695,2026-02-28,793,ok,0.0001194573116783041,1.160524888809286,0.2658773123411061,-0.003579598478327615,0.009684454285513509,-0.005803983425279978
CMP007,Canadian Natural Resources Limited,CNQ.TO,^GSPTSE,CAD,Toronto Stock Exchange,PRIMARY_DIRECT,Raw Materials & Energy,False,2025-03-19,40.57362747192383,25069.19921875,0.02707103687202639,0.014696759711808838,0.01237427716021755,0.35618126775734327,0.2893157824844983,0.1134697845911945,2026-02-28,793,ok,0.0001194573116783041,1.160524888809286,0.2658773123411061,0.01717541274208205,0.009895624129944339,0.00409164070466436
CMP007,Canadian Natural Resources Limited,CNQ.TO,^GSPTSE,CAD,Toronto Stock Exchange,PRIMARY_DIRECT,Raw Materials & Energy,False,2025-03-20,40.68426513671875,25060.19921875,0.002726836905856622,-0.0003590062818308315,0.0030858431876874537,0.3598793528892954,0.2888529100193227,0.11655562777888195,2026-02-28,793,ok,0.0001194573116783041,1.160524888809286,0.2658773123411061,-0.0002971784136252568,0.003024015319481879,0.007115656024146239
CMP007,Canadian Natural Resources Limited,CNQ.TO,^GSPTSE,CAD,Toronto Stock Exchange,PRIMARY_DIRECT,Raw Materials & Energy,False,2025-03-21,40.616981506347656,24968.5,-0.0016537998202742488,-0.003659157612816988,0.002005357792542739,0.3576303846598925,0.28413679408182424,0.11856098557142469,2026-02-28,793,ok,0.0001194573116783041,1.160524888809286,0.2658773123411061,-0.004127086170071783,0.0024732863497975346,0.009588942373943775
CMP007,Canadian Natural Resources Limited,CNQ.TO,^GSPTSE,CAD,Toronto Stock Exchange,PRIMARY_DIRECT,Raw Materials & Energy,False,2025-03-24,41.186954498291016,25304.099609375,0.014032874201995726,0.013440919934117002,0.0005919542678787248,0.37668184106063185,0.30139677391553166,0.11915293983930342,2026-02-28,793,ok,0.0001194573116783041,1.160524888809286,0.2658773123411061,0.015717979423713953,-0.0016851052217182264,0.007903837152225549
CMP007,Canadian Natural Resources Limited,CNQ.TO,^GSPTSE,CAD,Toronto Stock Exchange,PRIMARY_DIRECT,Raw Materials & Energy,False,2025-03-25,41.53266525268555,25339.5,0.008393695494258502,0.001398998232361004,0.006994697261897498,0.3882372892269699,0.30321742570183985,0.12614763710120092,2026-02-28,793,ok,0.0001194573116783041,1.160524888809286,0.2658773123411061,0.001743029579733446,0.0066506659145250556,0.014554503066750605
CMP007,Canadian Natural Resources Limited,CNQ.TO,^GSPTSE,CAD,Toronto Stock Exchange,PRIMARY_DIRECT,Raw Materials & Energy,False,2025-03-26,41.75691223144531,25161.099609375,0.005399291795877836,-0.007040406899307405,0.012439698695185242,0.39573278743342466,0.2940422447466309,0.13858733579638616,2026-02-28,793,ok,0.0001194573116783041,1.160524888809286,0.2658773123411061,-0.008051110122312553,0.013450401918190389,0.028004904984940994
CMP007,Canadian Natural Resources Limited,CNQ.TO,^GSPTSE,CAD,Toronto Stock Exchange,PRIMARY_DIRECT,Raw Materials & Energy,False,2025-03-27,41.37382125854492,25161.099609375,-0.00917431276472358,0.0,-0.00917431276472358,0.38292789830553087,0.2940422447466309,0.12941302303166258,2026-02-28,793,ok,0.0001194573116783041,1.160524888809286,0.2658773123411061,0.0001194573116783041,-0.009293770076401885,0.01871113490853911
CMP007,Canadian Natural Resources Limited,CNQ.TO,^GSPTSE,CAD,Toronto Stock Exchange,PRIMARY_DIRECT,Raw Materials & Energy,False,2025-03-28,40.85991668701172,24759.19921875,-0.01242100816170244,-0.0159730853128236,0.003552077151121158,0.3657505395936318,0.2733723975728952,0.13296510018278374,2026-02-28,793,ok,0.0001194573116783041,1.160524888809286,0.2658773123411061,-0.018417705744927543,0.005996697583225102,0.02470783249176421
CMP007,Canadian Natural Resources Limited,CNQ.TO,^GSPTSE,CAD,Toronto Stock Exchange,PRIMARY_DIRECT,Raw Materials & Energy,False,2025-03-31,41.37382125854492,24917.5,0.012577230038664178,0.00639361474704403,0.006183615291620148,0.38292789830553065,0.2815138501124961,0.13914871547440388,2026-02-28,793,ok,0.0001194573116783041,1.160524888809286,0.2658773123411061,0.007539406355080988,0.0050378236835831895,0.029745656175347402
CMP007,Canadian Natural Resources Limited,CNQ.TO,^GSPTSE,CAD,Toronto Stock Exchange,PRIMARY_DIRECT,Raw Materials & Energy,False,2025-04-01,41.87837600708008,25033.30078125,0.01219502412847473,0.004647367562957694,0.007547656565517036,0.39979273739330745,0.2874695160109899,0.14669637203992092,2026-02-28,793,ok,0.0001194573116783041,1.160524888809286,0.2658773123411061,0.005512843035935664,0.0066821810925390655,0.03642783726788647
CMP007,Canadian Natural Resources Limited,CNQ.TO,^GSPTSE,CAD,Toronto Stock Exchange,PRIMARY_DIRECT,Raw Materials & Energy,False,2025-04-02,42.10262680053711,25307.19921875,0.0053548111182515346,0.010941363262217063,-0.005586552143965529,0.407288363106749,0.30155618767469683,0.1411098198959554,2026-02-28,793,ok,0.0001194573116783041,1.160524888809286,0.2658773123411061,0.01281718169498477,-0.007462370576733235,0.028965466691153234
CMP007,Canadian Natural Resources Limited,CNQ.TO,^GSPTSE,CAD,Toronto Stock Exchange,PRIMARY_DIRECT,Raw Materials & Energy,False,2025-04-03,39.29018020629883,24335.80078125,-0.0667997891809069,-0.038384272755884186,-0.028415516425022713,0.31328179713447457,0.25159689995988255,0.11269430347093268,2026-02-28,793,ok,0.0001194573116783041,1.160524888809286,0.2658773123411061,-0.044426446560369495,-0.022373342620537404,0.0065921240706158304
CMP007,Canadian Natural Resources Limited,CNQ.TO,^GSPTSE,CAD,Toronto Stock Exchange,PRIMARY_DIRECT,Raw Materials & Energy,False,2025-04-04,36.66461181640625,23193.5,-0.06682505338755507,-0.046939108004619645,-0.01988594538293542,0.22552167092805897,0.1928480578944185,0.09280835808799726,2026-02-28,793,ok,0.0001194573116783041,1.160524888809286,0.2658773123411061,-0.05435454578618998,-0.012470507601365088,-0.005878383530749258
CMP007,Canadian Natural Resources Limited,CNQ.TO,^GSPTSE,CAD,Toronto Stock Exchange,PRIMARY_DIRECT,Raw Materials & Energy,False,2025-04-07,35.35649108886719,22859.5,-0.035678019287080476,-0.014400586371181578,-0.021277432915898897,0.1817974851159525,0.1756703464090137,0.07153092517209836,2026-02-28,793,ok,0.0001194573116783041,1.160524888809286,0.2658773123411061,-0.016592781585525716,-0.01908523770155476,-0.024963621232304018
CMP007,Canadian Natural Resources Limited,CNQ.TO,^GSPTSE,CAD,Toronto Stock Exchange,PRIMARY_DIRECT,Raw Materials & Energy,False,2025-04-08,33.497093200683594,22506.900390625,-0.05259000061714458,-0.015424642243924813,-0.03716535837321977,0.1196467546443647,0.15753605191886355,0.03436556679887859,2026-02-28,793,ok,0.0001194573116783041,1.160524888809286,0.2658773123411061,-0.017781223913375555,-0.03480877670376903,-0.05977239793607304
CMP007,Canadian Natural Resources Limited,CNQ.TO,^GSPTSE,CAD,Toronto Stock Exchange,PRIMARY_DIRECT,Raw Materials & Energy,False,2025-04-09,36.68328857421875,23727.0,0.09511856310774247,0.054210023957062425,0.040908539150680046,0.22614594513438369,0.2202861090245487,0.07527410594955863,2026-02-28,793,ok,0.0001194573116783041,1.160524888809286,0.2658773123411061,0.06303153933679691,0.032087023770945564,-0.02768537416512748
CMP007,Canadian Natural Resources Limited,CNQ.TO,^GSPTSE,CAD,Toronto Stock Exchange,PRIMARY_DIRECT,Raw Materials & Energy,False,2025-04-10,34.20722198486328,23014.900390625,-0.06749849006437403,-0.03001220589939735,-0.03748628416497668,0.1433829452392581,0.18366263106432945,0.037787821784581954,2026-02-28,793,ok,0.0001194573116783041,1.160524888809286,0.2658773123411061,-0.0347104546026412,-0.032788035461732826,-0.060473409626860306
CMP007,Canadian Natural Resources Limited,CNQ.TO,^GSPTSE,CAD,Toronto Stock Exchange,PRIMARY_DIRECT,Raw Materials & Energy,False,2025-04-11,35.24436950683594,23587.80078125,0.030319548381672057,0.02489258614642398,0.005426962235248078,0.1780497997662185,0.21312705507640106,0.04321478401983003,2026-02-28,793,ok,0.0001194573116783041,1.160524888809286,0.2658773123411061,0.029007923081432567,0.0013116253002394898,-0.059161784326620816
CMP007,Canadian Natural Resources Limited,CNQ.TO,^GSPTSE,CAD,Toronto Stock Exchange,PRIMARY_DIRECT,Raw Materials & Energy,False,2025-04-14,35.49664688110352,23866.5,0.007157948285006377,0.01181539649815666,-0.004657448213150284,0.18648221931010722,0.22746063223476987,0.03855733580667975,2026-02-28,793,ok,0.0001194573116783041,1.160524888809286,0.2658773123411061,0.013831519018939191,-0.006673570733932814,-0.06583535506055363
CMP007,Canadian Natural Resources Limited,CNQ.TO,^GSPTSE,CAD,Toronto Stock Exchange,PRIMARY_DIRECT,Raw Materials & Energy,False,2025-04-15,35.702205657958984,24067.900390625,0.0057909350577247665,0.008438622781932859,-0.002647687724208092,0.19335306078927728,0.23781870948987183,0.03590964808247166,2026-02-28,793,ok,0.0001194573116783041,1.160524888809286,0.2658773123411061,0.009912689077384443,-0.004121754019659677,-0.06995710908021331
CMP007,Canadian Natural Resources Limited,CNQ.TO,^GSPTSE,CAD,Toronto Stock Exchange,PRIMARY_DIRECT,Raw Materials & Energy,False,2025-04-16,36.50576019287109,24106.80078125,0.022507139828011447,0.0016162768664338412,0.020890862961577605,0.22021202499264692,0.2398193672348592,0.05680051104404926,2026-02-28,793,ok,0.0001194573116783041,1.160524888809286,0.2658773123411061,0.0019951868423814588,0.020511952985629987,-0.049445156094583324
CMP007,Canadian Natural Resources Limited,CNQ.TO,^GSPTSE,CAD,Toronto Stock Exchange,PRIMARY_DIRECT,Raw Materials & Energy,False,2025-04-17,37.262603759765625,24192.80078125,0.020732168372769255,0.003567458028976178,0.017164710343793077,0.24550966614527225,0.24424237079098132,0.07396522138784234,2026-02-28,793,ok,0.0001194573116783041,1.160524888809286,0.2658773123411061,0.004259581144087678,0.016472587228681577,-0.03297256886590175
CMP007,Canadian Natural Resources Limited,CNQ.TO,^GSPTSE,CAD,Toronto Stock Exchange,PRIMARY_DIRECT,Raw Materials & Energy,False,2025-04-21,37.01966094970703,24008.900390625,-0.006519748636591882,-0.007601451038588558,0.0010817024019966759,0.23738925619755968,0.23478432332927635,0.07504692378983902,2026-02-28,793,ok,0.0001194573116783041,1.160524888809286,0.2658773123411061,-0.008702215809668915,0.0021824671730770323,-0.030790101692824715
CMP007,Canadian Natural Resources Limited,CNQ.TO,^GSPTSE,CAD,Toronto Stock Exchange,PRIMARY_DIRECT,Raw Materials & Energy,False,2025-04-22,37.860599517822266,24306.0,0.022715998648871638,0.012374561289404618,0.01034143735946702,0.26549778886947184,0.2500642376175104,0.08538836114930604,2026-02-28,793,ok,0.0001194573116783041,1.160524888809286,0.2658773123411061,0.014480443676128293,0.008235554972743345,-0.02255454672008137
CMP007,Canadian Natural Resources Limited,CNQ.TO,^GSPTSE,CAD,Toronto Stock Exchange,PRIMARY_DIRECT,Raw Materials & Energy,False,2025-04-23,37.58029174804688,24472.69921875,-0.007403680167384352,0.006858356732905468,-0.01426203690028982,0.25612844798815027,0.25863762409813873,0.07112632424901622,2026-02-28,793,ok,0.0001194573116783041,1.160524888809286,0.2658773123411061,0.008078750996547842,-0.015482431163932194,-0.03803697788401356
CMP007,Canadian Natural Resources Limited,CNQ.TO,^GSPTSE,CAD,Toronto Stock Exchange,PRIMARY_DIRECT,Raw Materials & Energy,False,2025-04-24,38.019439697265625,24727.5,0.011685591803356932,0.010411633754513705,0.0012739580488432267,0.2708070522839241,0.2717420980698999,0.07240028229785944,2026-02-28,793,ok,0.0001194573116783041,1.160524888809286,0.2658773123411061,0.01220241741695833,-0.0005168256136013991,-0.03855380349761496
CMP007,Canadian Natural Resources Limited,CNQ.TO,^GSPTSE,CAD,Toronto Stock Exchange,PRIMARY_DIRECT,Raw Materials & Energy,False,2025-04-25,38.010101318359375,24710.5,-0.00024562116066428885,-0.0006874936811243071,0.00044187252046001824,0.27049491518076185,0.2708677834134572,0.07284215481831946,2026-02-28,793,ok,0.0001194573116783041,1.160524888809286,0.2658773123411061,-0.0006783962161655691,0.00043277505550128026,-0.03812102844211368
CMP007,Canadian Natural Resources Limited,CNQ.TO,^GSPTSE,CAD,Toronto Stock Exchange,PRIMARY_DIRECT,Raw Materials & Energy,False,2025-04-28,38.21566009521485,24798.599609375,0.00540800391805818,0.003565270203961912,0.0018427337140962674,0.27736575665993235,0.2753987704548364,0.07468488853241573,2026-02-28,793,ok,0.0001194573116783041,1.160524888809286,0.2658773123411061,0.004257042118706263,0.001150961799351917,-0.03697006664276176
CMP007,Canadian Natural Resources Limited,CNQ.TO,^GSPTSE,CAD,Toronto Stock Exchange,PRIMARY_DIRECT,Raw Materials & Energy,False,2025-04-29,37.88862609863281,24874.5,-0.008557591201283188,0.0030606724500807925,-0.01161826365136398,0.2664345826999188,0.27930234833443435,0.06306662488105175,2026-02-28,793,ok,0.0001194573116783041,1.160524888809286,0.2658773123411061,0.003671443866489961,-0.01222903506777315,-0.04919910171053491
CMP007,Canadian Natural Resources Limited,CNQ.TO,^GSPTSE,CAD,Toronto Stock Exchange,PRIMARY_DIRECT,Raw Materials & Energy,False,2025-04-30,36.96360397338867,24841.69921875,-0.02441424301942474,-0.0013186508774045702,-0.02309559214202017,0.2355155410296792,0.2776153951703375,0.039971032739031576,2026-02-28,793,ok,0.0001194573116783041,1.160524888809286,0.2658773123411061,-0.0014108698511999022,-0.02300337316822484,-0.07220247487875975
CMP007,Canadian Natural Resources Limited,CNQ.TO,^GSPTSE,CAD,Toronto Stock Exchange,PRIMARY_DIRECT,Raw Materials & Energy,False,2025-05-01,37.37472534179688,24795.599609375,0.011122329107956741,-0.0018557349466740147,0.012978064054630756,0.2492573514950065,0.27524447963311127,0.05294909679366233,2026-02-28,793,ok,0.0001194573116783041,1.160524888809286,0.2658773123411061,-0.0020341692809700634,0.013156498388926805,-0.059045976489832945
CMP007,Canadian Natural Resources Limited,CNQ.TO,^GSPTSE,CAD,Toronto Stock Exchange,PRIMARY_DIRECT,Raw Materials & Energy,False,2025-05-02,37.41210174560547,25031.5,0.0010000449091405184,0.009513800607419354,-0.008513755698278835,0.2505066649495755,0.28737690133805294,0.044435341095383496,2026-02-28,793,ok,0.0001194573116783041,1.160524888809286,0.2658773123411061,0.011160459703757368,-0.01016041479461685,-0.06920639128444979
CMP007,Canadian Natural Resources Limited,CNQ.TO,^GSPTSE,CAD,Toronto Stock Exchange,PRIMARY_DIRECT,Raw Materials & Energy,False,2025-05-05,36.13201904296875,24953.5,-0.034215738836086085,-0.0031160737470786737,-0.03109966508900741,0.20771965548887583,0.2833653399731979,0.013335676006376085,2026-02-28,793,ok,0.0001194573116783041,1.160524888809286,0.2658773123411061,-0.003496823827171709,-0.030718915008914376,-0.09992530629336416
CMP007,Canadian Natural Resources Limited,CNQ.TO,^GSPTSE,CAD,Toronto Stock Exchange,PRIMARY_DIRECT,Raw Materials & Energy,False,2025-05-06,36.70198059082031,24974.69921875,0.01577441734362406,0.0008495489109743293,0.01492486843264973,0.22677072936865517,0.28445562160015436,0.028260544439025814,2026-02-28,793,ok,0.0001194573116783041,1.160524888809286,0.2658773123411061,0.0011053799671248378,0.01466903737649922,-0.08525626891686494
CMP007,Canadian Natural Resources Limited,CNQ.TO,^GSPTSE,CAD,Toronto Stock Exchange,PRIMARY_DIRECT,Raw Materials & Energy,False,2025-05-07,37.206539154052734,25161.19921875,0.013747447824617343,0.00746755740145133,0.006279890423166012,0.2436356959634185,0.29404736768407047,0.03454043486219183,2026-02-28,793,ok,0.0001194573116783041,1.160524888809286,0.2658773123411061,0.00878574353467457,0.004961704289942772,-0.08029456462692217
CMP007,Canadian Natural Resources Limited,CNQ.TO,^GSPTSE,CAD,Toronto Stock Exchange,PRIMARY_DIRECT,Raw Materials & Energy,False,2025-05-08,39.07527923583984,25254.099609375,0.05022611950145728,0.0036922083807424677,0.04653391112071481,0.3060986910451551,0.29882526022011136,0.08107434598290664,2026-02-28,793,ok,0.0001194573116783041,1.160524888809286,0.2658773123411061,0.00440435703220017,0.04582176246925711,-0.03447280215766506
CMP007,Canadian Natural Resources Limited,CNQ.TO,^GSPTSE,CAD,Toronto Stock Exchange,PRIMARY_DIRECT,Raw Materials & Energy,False,2025-05-09,39.738677978515625,25357.69921875,0.01697745366506087,0.004102288775979179,0.012875164889081692,0.3282729210543709,0.3041534165070705,0.09394951087198833,2026-02-28,793,ok,0.0001194573116783041,1.160524888809286,0.2658773123411061,0.004880265537285123,0.012097188127775748,-0.02237561402988931
CMP007,Canadian Natural Resources Limited,CNQ.TO,^GSPTSE,CAD,Toronto Stock Exchange,PRIMARY_DIRECT,Raw Materials & Energy,False,2025-05-12,41.074825286865234,25532.19921875,0.033623345725592335,0.00688153915284917,0.026741806572743165,0.37293390069692434,0.31312799930408586,0.1206913174447315,2026-02-28,793,ok,0.0001194573116783041,1.160524888809286,0.2658773123411061,0.008105654771875337,0.025517690953716997,0.0031420769238276886
CMP007,Canadian Natural Resources Limited,CNQ.TO,^GSPTSE,CAD,Toronto Stock Exchange,PRIMARY_DIRECT,Raw Materials & Energy,False,2025-05-13,41.98116683959961,25616.900390625,0.022065621616270237,0.0033174256220278586,0.018748195994242378,0.4032285406538525,0.31748420377397935,0.13943951343897387,2026-02-28,793,ok,0.0001194573116783041,1.160524888809286,0.2658773123411061,0.003969412312815261,0.018096209303454975,0.021238286227282663
CMP007,Canadian Natural Resources Limited,CNQ.TO,^GSPTSE,CAD,Toronto Stock Exchange,PRIMARY_DIRECT,Raw Materials & Energy,False,2025-05-14,41.01876449584961,25692.5,-0.0229246211146803,0.0029511614684916143,-0.025875782583171913,0.3710600580220571,0.32137231239150355,0.11356373085580196,2026-02-28,793,ok,0.0001194573116783041,1.160524888809286,0.2658773123411061,0.003544353646757784,-0.026468974761438082,-0.0052306885341554185
CMP007,Canadian Natural Resources Limited,CNQ.TO,^GSPTSE,CAD,Toronto Stock Exchange,PRIMARY_DIRECT,Raw Materials & Energy,False,2025-05-15,40.317989349365234,25897.5,-0.01708425778049172,0.007978982193246997,-0.025063239973738716,0.34763651455827227,0.33191551854272494,0.08850049088206324,2026-02-28,793,ok,0.0001194573116783041,1.160524888809286,0.2658773123411061,0.009379264734307549,-0.02646352251479927,-0.03169421104895469
CMP007,Canadian Natural Resources Limited,CNQ.TO,^GSPTSE,CAD,Toronto Stock Exchange,PRIMARY_DIRECT,Raw Materials & Energy,False,2025-05-16,40.08439636230469,25971.900390625,-0.005793765781234916,0.0028728792595811292,-0.008666645040816046,0.33982862423468196,0.33574195101146054,0.0798338458412472,2026-02-28,793,ok,0.0001194573116783041,1.160524888809286,0.2658773123411061,0.003453505194966198,-0.009247270976201115,-0.0409414820251558
CMP007,Canadian Natural Resources Limited,CNQ.TO,^GSPTSE,CAD,Toronto Stock Exchange,PRIMARY_DIRECT,Raw Materials & Energy,False,2025-05-20,39.92555236816406,26055.599609375,-0.003962738834954793,0.0032226836500657274,-0.007185422485020521,0.3345192333132432,0.3400466247576921,0.07264842335622668,2026-02-28,793,ok,0.0001194573116783041,1.160524888809286,0.2658773123411061,0.0038594618963383367,-0.00782220073129313,-0.048763682756448934
CMP007,Canadian Natural Resources Limited,CNQ.TO,^GSPTSE,CAD,Toronto Stock Exchange,PRIMARY_DIRECT,Raw Materials & Energy,False,2025-05-21,39.81343078613281,25839.19921875,-0.0028082662701156558,-0.008305331440046304,0.005497065169930648,0.33077154796350894,0.328917093393964,0.07814548852615733,2026-02-28,793,ok,0.0001194573116783041,1.160524888809286,0.2658773123411061,-0.0095190865343057,0.006710820264190044,-0.04205286249225889
CMP007,Canadian Natural Resources Limited,CNQ.TO,^GSPTSE,CAD,Toronto Stock Exchange,PRIMARY_DIRECT,Raw Materials & Energy,False,2025-05-22,39.96292495727539,25854.0,0.0037548678471248653,0.000572803403259492,0.0031820644438653733,0.3357684192608257,0.32967830162770984,0.0813275529700227,2026-02-28,793,ok,0.0001194573116783041,1.160524888809286,0.2658773123411061,0.0007842099175556067,0.0029706579295692586,-0.03908220456268963
CMP007,Canadian Natural Resources Limited,CNQ.TO,^GSPTSE,CAD,Toronto Stock Exchange,PRIMARY_DIRECT,Raw Materials & Energy,False,2025-05-23,39.81343078613281,25880.0,-0.003740821556540319,0.0010056470952271024,-0.0047464686517674215,0.33077154796350894,0.3310154887493282,0.07658108431825528,2026-02-28,793,ok,0.0001194573116783041,1.160524888809286,0.2658773123411061,0.0012865357950481186,-0.005027357351588438,-0.04410956191427807
CMP007,Canadian Natural Resources Limited,CNQ.TO,^GSPTSE,CAD,Toronto Stock Exchange,PRIMARY_DIRECT,Raw Materials & Energy,False,2025-05-26,39.99095153808594,26098.400390625,0.004458815742524713,0.00843896408906497,-0.003980148346540258,0.33670521309127266,0.3422478806608731,0.07260093597171502,2026-02-28,793,ok,0.0001194573116783041,1.160524888809286,0.2658773123411061,0.009913085172805989,-0.005454269430281275,-0.04956383134455934
CMP007,Canadian Natural Resources Limited,CNQ.TO,^GSPTSE,CAD,Toronto Stock Exchange,PRIMARY_DIRECT,Raw Materials & Energy,False,2025-05-27,40.22454833984375,26269.0,0.0058412414002038116,0.00653678412552372,-0.0006955427253199087,0.3445132309218497,0.35102186529969504,0.07190539324639511,2026-02-28,793,ok,0.0001194573116783041,1.160524888809286,0.2658773123411061,0.007705557982122025,-0.0018643165819182137,-0.051428147926477555
CMP007,Canadian Natural Resources Limited,CNQ.TO,^GSPTSE,CAD,Toronto Stock Exchange,PRIMARY_DIRECT,Raw Materials & Energy,False,2025-05-28,39.757362365722656,26283.5,-0.011614449220759271,0.0005519814229699715,-0.012166430643729242,0.3288974502746689,0.35176760427136666,0.05973896260266587,2026-02-28,793,ok,0.0001194573116783041,1.160524888809286,0.2658773123411061,0.0007600454911953218,-0.012374494711954592,-0.06380264263843215
CMP007,Canadian Natural Resources Limited,CNQ.TO,^GSPTSE,CAD,Toronto Stock Exchange,PRIMARY_DIRECT,Raw Materials & Energy,False,2025-05-29,39.70130157470703,26210.599609375,-0.0014100731960015045,-0.0027736180731257054,0.001363544877124201,0.32702360759980187,0.34801831721349386,0.06110250747979007,2026-02-28,793,ok,0.0001194573116783041,1.160524888809286,0.2658773123411061,-0.0030993954942353315,0.001689322298233827,-0.06211332034019832
CMP007,Canadian Natural Resources Limited,CNQ.TO,^GSPTSE,CAD,Toronto Stock Exchange,PRIMARY_DIRECT,Raw Materials & Energy,False,2025-05-30,38.93512344360352,26175.099609375,-0.019298564548614894,-0.0013544138832788377,-0.017944150665336056,0.30141395685100125,0.3461925424897456,0.04315835681445401,2026-02-28,793,ok,0.0001194573116783041,1.160524888809286,0.2658773123411061,-0.0014523737096156224,-0.01784619083899927,-0.07995951117919758
CMP007,Canadian Natural Resources Limited,CNQ.TO,^GSPTSE,CAD,Toronto Stock Exchange,PRIMARY_DIRECT,Raw Materials & Energy,False,2025-06-02,39.44902420043945,26389.0,0.013198898870329767,0.008171903596057017,0.00502699527427275,0.31859118805591335,0.3571934981687026,0.04818535208872676,2026-02-28,793,ok,0.0001194573116783041,1.160524888809286,0.2658773123411061,0.009603154823852579,0.003595744046477188,-0.07636376713272039
CMP007,Canadian Natural Resources Limited,CNQ.TO,^GSPTSE,CAD,Toronto Stock Exchange,PRIMARY_DIRECT,Raw Materials & Energy,False,2025-06-03,40.30864334106445,26426.599609375,0.021790631277906813,0.0014248213033840607,0.020365809974522753,0.34732412244113675,0.3591272563777077,0.06855116206324952,2026-02-28,793,ok,0.0001194573116783041,1.160524888809286,0.2658773123411061,0.0017729978963611933,0.02001763338154562,-0.05634613375117477
CMP007,Canadian Natural Resources Limited,CNQ.TO,^GSPTSE,CAD,Toronto Stock Exchange,PRIMARY_DIRECT,Raw Materials & Energy,False,2025-06-04,39.53311920166016,26329.0,-0.019239648748342386,-0.003693233742428803,-0.015546415005913583,0.3214020795752006,0.3541076817341988,0.05300474705733593,2026-02-28,793,ok,0.0001194573116783041,1.160524888809286,0.2658773123411061,-0.004166632366600587,-0.0150730163817418,-0.07141915013291657
CMP007,Canadian Natural Resources Limited,CNQ.TO,^GSPTSE,CAD,Toronto Stock Exchange,PRIMARY_DIRECT,Raw Materials & Energy,False,2025-06-05,39.579837799072266,26342.30078125,0.0011817584434405948,0.0005051760891032764,0.0006765823543373184,0.32296365763991863,0.35479174455708207,0.05368132941167325,2026-02-28,793,ok,0.0001194573116783041,1.160524888809286,0.2658773123411061,0.000705726736313994,0.0004760317071266008,-0.07094311842578997
CMP007,Canadian Natural Resources Limited,CNQ.TO,^GSPTSE,CAD,Toronto Stock Exchange,PRIMARY_DIRECT,Raw Materials & Energy,False,2025-06-06,40.41141891479492,26429.099609375,0.02101022040424194,0.0032950359517107675,0.017715184452531174,0.3507594156737355,0.3592558320624786,0.07139651386420443,2026-02-28,793,ok,0.0001194573116783041,1.160524888809286,0.2658773123411061,0.003943428543160043,0.017066791861081898,-0.053876326564708074
CMP007,Canadian Natural Resources Limited,CNQ.TO,^GSPTSE,CAD,Toronto Stock Exchange,PRIMARY_DIRECT,Raw Materials & Energy,False,2025-06-09,40.43945693969727,26375.80078125,0.0006938144132346835,-0.002016672111905482,0.0027104865251401655,0.3516965920251425,0.35651465873301325,0.07410700038934459,2026-02-28,793,ok,0.0001194573116783041,1.160524888809286,0.2658773123411061,-0.0022209408667555933,0.002914755279990277,-0.050961571284717795
CMP007,Canadian Natural Resources Limited,CNQ.TO,^GSPTSE,CAD,Toronto Stock Exchange,PRIMARY_DIRECT,Raw Materials & Energy,False,2025-06-10,41.140228271484375,26426.30078125,0.017328900653440504,0.0019146338122140172,0.015414266841226487,0.37512000798194034,0.35911188756538737,0.08952126723057108,2026-02-28,793,ok,0.0001194573116783041,1.160524888809286,0.2658773123411061,0.002341437503708476,0.014987463149732028,-0.03597410813498576
CMP007,Canadian Natural Resources Limited,CNQ.TO,^GSPTSE,CAD,Toronto Stock Exchange,PRIMARY_DIRECT,Raw Materials & Energy,False,2025-06-11,41.79428863525391,26524.19921875,0.015898316349957753,0.0037045834871243244,0.012193732862833428,0.3969821008879937,0.36414683102121637,0.1017150000934045,2026-02-28,793,ok,0.0001194573116783041,1.160524888809286,0.2658773123411061,0.004418718651157978,0.011479597698799776,-0.024494510436185987
CMP007,Canadian Natural Resources Limited,CNQ.TO,^GSPTSE,CAD,Toronto Stock Exchange,PRIMARY_DIRECT,Raw Materials & Energy,False,2025-06-12,42.11197280883789,26615.80078125,0.007601138432010712,0.0034535090671181656,0.004147629364892547,0.4076007552238845,0.3688579244710286,0.10586262945829705,2026-02-28,793,ok,0.0001194573116783041,1.160524888809286,0.2658773123411061,0.004127340537797474,0.003473797894213238,-0.02102071254197275
CMP007,Canadian Natural Resources Limited,CNQ.TO,^GSPTSE,CAD,Toronto Stock Exchange,PRIMARY_DIRECT,Raw Materials & Energy,False,2025-06-13,43.45442199707031,26504.400390625,0.0318780883129437,-0.004185498363944662,0.03606358667688836,0.45247237640827764,0.36312857186768244,0.1419262161351854,2026-02-28,793,ok,0.0001194573116783041,1.160524888809286,0.2658773123411061,-0.004737917711750024,0.03661600602469372,0.01559529348272097
CMP007,Canadian Natural Resources Limited,CNQ.TO,^GSPTSE,CAD,Toronto Stock Exchange,PRIMARY_DIRECT,Raw Materials & Energy,False,2025-06-16,42.82958984375,26568.599609375,-0.014379023459624829,0.002422209814363807,-0.016801233273988636,0.4315872420334459,0.36643035527269996,0.12512498286119678,2026-02-28,793,ok,0.0001194573116783041,1.160524888809286,0.2658773123411061,0.0029304920871656226,-0.01730951554679045,-0.0017142220640694802
CMP007,Canadian Natural Resources Limited,CNQ.TO,^GSPTSE,CAD,Toronto Stock Exchange,PRIMARY_DIRECT,Raw Materials & Energy,False,2025-06-17,43.956180572509766,26541.400390625,0.02630402795987008,-0.0010237355054424357,0.027327763465312516,0.46924375287488695,0.365031492002293,0.1524527463265093,2026-02-28,793,ok,0.0001194573116783041,1.160524888809286,0.2658773123411061,-0.001068613221945397,0.027372641181815476,0.025658419117745995
CMP007,Canadian Natural Resources Limited,CNQ.TO,^GSPTSE,CAD,Toronto Stock Exchange,PRIMARY_DIRECT,Raw Materials & Energy,False,2025-06-18,43.54909133911133,26559.900390625,-0.009261251275617721,0.000697024261256951,-0.009958275536874672,0.45563671729438093,0.3659829520695983,0.14249447078963462,2026-02-28,793,ok,0.0001194573116783041,1.160524888809286,0.2658773123411061,0.0009283713149709019,-0.010189622590588624,0.015468796527157372
CMP007,Canadian Natural Resources Limited,CNQ.TO,^GSPTSE,CAD,Toronto Stock Exchange,PRIMARY_DIRECT,Raw Materials & Energy,False,2025-06-19,43.58696365356445,26503.30078125,0.000869646490628595,-0.002131017381186373,0.003000663871814968,0.45690260665720617,0.36307201865633365,0.1454951346614496,2026-02-28,793,ok,0.0001194573116783041,1.160524888809286,0.2658773123411061,-0.0023536413976736675,0.0032232878883022625,0.018692084415459633
CMP007,Canadian Natural Resources Limited,CNQ.TO,^GSPTSE,CAD,Toronto Stock Exchange,PRIMARY_DIRECT,Raw Materials & Energy,False,2025-06-20,43.54909133911133,26497.599609375,-0.0008688908627391134,-0.0002151117674759062,-0.0006537790952632072,0.45563671729438093,0.3627788058252035,0.14484135556618638,2026-02-28,793,ok,0.0001194573116783041,1.160524888809286,0.2658773123411061,-0.00013018524835324097,-0.0007387056143858725,0.017953378801073762
CMP007,Canadian Natural Resources Limited,CNQ.TO,^GSPTSE,CAD,Toronto Stock Exchange,PRIMARY_DIRECT,Raw Materials & Energy,False,2025-06-23,41.76926040649414,26609.400390625,-0.04086953086478584,0.004219279591289649,-0.04508881045607549,0.3961455275490027,0.3685287506280639,0.09975254511011089,2026-02-28,793,ok,0.0001194573116783041,1.160524888809286,0.2658773123411061,0.005016036290215013,-0.045885567155000855,-0.027932188353927093
CMP007,Canadian Natural Resources Limited,CNQ.TO,^GSPTSE,CAD,Toronto Stock Exchange,PRIMARY_DIRECT,Raw Materials & Energy,False,2025-06-24,40.95508193969727,26718.599609375,-0.01949228832096539,0.004103783518116133,-0.023596071839081523,0.3689314563879913,0.3741448963589593,0.07615647327102937,2026-02-28,793,ok,0.0001194573116783041,1.160524888809286,0.2658773123411061,0.00488200022273741,-0.0243742885437028,-0.05230647689762989
CMP007,Canadian Natural Resources Limited,CNQ.TO,^GSPTSE,CAD,Toronto Stock Exchange,PRIMARY_DIRECT,Raw Materials & Energy,False,2025-06-25,40.746803283691406,26566.30078125,-0.005085538744924012,-0.005700105183340631,0.0006145664384166194,0.3619697024273849,0.36631212591256257,0.07677103970944599,2026-02-28,793,ok,0.0001194573116783041,1.160524888809286,0.2658773123411061,-0.006495656622419317,0.0014101178774953054,-0.050896359020134584
CMP007,Canadian Natural Resources Limited,CNQ.TO,^GSPTSE,CAD,Toronto Stock Exchange,PRIMARY_DIRECT,Raw Materials & Energy,False,2025-06-26,41.23909759521485,26752.0,0.012081789781052121,0.006990029220818927,0.005091760560233194,0.37842473406027466,0.3758626875974507,0.08186280026967918,2026-02-28,793,ok,0.0001194573116783041,1.160524888809286,0.2658773123411061,0.008231560195942851,0.00385022958510927,-0.04704612943502531
CMP007,Canadian Natural Resources Limited,CNQ.TO,^GSPTSE,CAD,Toronto Stock Exchange,PRIMARY_DIRECT,Raw Materials & Energy,False,2025-06-27,40.81307601928711,26692.30078125,-0.01033052614558605,-0.0022315796482506034,-0.008098946497335446,0.36418488130534254,0.37279234042502085,0.07376385377234373,2026-02-28,793,ok,0.0001194573116783041,1.160524888809286,0.2658773123411061,-0.002470346411476793,-0.007860179734109256,-0.05490630916913457
CMP007,Canadian Natural Resources Limited,CNQ.TO,^GSPTSE,CAD,Toronto Stock Exchange,PRIMARY_DIRECT,Raw Materials & Energy,False,2025-06-30,40.51958847045898,26857.099609375,-0.007191017621152596,0.006174021096029492,-0.013365038717182087,0.3543750037853659,0.3812679892952726,0.06039881505516165,2026-02-28,793,ok,0.0001194573116783041,1.160524888809286,0.2658773123411061,0.007284562457654116,-0.014475580078806711,-0.06938188924794128
CMP007,Canadian Natural Resources Limited,CNQ.TO,^GSPTSE,CAD,Toronto Stock Exchange,PRIMARY_DIRECT,Raw Materials & Energy,False,2025-07-02,41.71245193481445,26869.69921875,0.029439180144318122,0.00046913514706559134,0.02897004499725253,0.3942466935047648,0.38191599065656767,0.08936886005241418,2026-02-28,793,ok,0.0001194573116783041,1.160524888809286,0.2658773123411061,0.0006639003260631275,0.028775279818254996,-0.04060660942968629
CMP007,Canadian Natural Resources Limited,CNQ.TO,^GSPTSE,CAD,Toronto Stock Exchange,PRIMARY_DIRECT,Raw Materials & Energy,False,2025-07-03,41.456844329833984,27034.30078125,-0.006127848954549986,0.00612591756833436,-0.012253766522884346,0.3857029603615869,0.390381494101693,0.07711509352952983,2026-02-28,793,ok,0.0001194573116783041,1.160524888809286,0.2658773123411061,0.007228737116524389,-0.013356586071074376,-0.05396319550076066
CMP007,Canadian Natural Resources Limited,CNQ.TO,^GSPTSE,CAD,Toronto Stock Exchange,PRIMARY_DIRECT,Raw Materials & Energy,False,2025-07-04,41.43790817260742,27050.900390625,-0.0004567679362159627,0.0006140202962643393,-0.001070788232480302,0.3850700156801743,0.3912352165586217,0.07604430529704953,2026-02-28,793,ok,0.0001194573116783041,1.160524888809286,0.2658773123411061,0.0008320431477271213,-0.001288811083943084,-0.05525200658470374
CMP007,Canadian Natural Resources Limited,CNQ.TO,^GSPTSE,CAD,Toronto Stock Exchange,PRIMARY_DIRECT,Raw Materials & Energy,False,2025-07-07,41.078155517578125,27020.30078125,-0.008681728178236314,-0.0011311863536196398,-0.0075505418246166744,0.3730452142962135,0.3896614702669756,0.06849376347243286,2026-02-28,793,ok,0.0001194573116783041,1.160524888809286,0.2658773123411061,-0.00119331260557871,-0.0074884155726576045,-0.06274042215736135
CMP007,Canadian Natural Resources Limited,CNQ.TO,^GSPTSE,CAD,Toronto Stock Exchange,PRIMARY_DIRECT,Raw Materials & Energy,False,2025-07-08,41.627254486083984,26903.599609375,0.013367176826400762,-0.004319018238167827,0.01768619506456859,0.39139895246635437,0.3836594970320135,0.08617995853700144,2026-02-28,793,ok,0.0001194573116783041,1.160524888809286,0.2658773123411061,-0.0048928708489366915,0.018260047675337454,-0.044480374482023896
CMP007,Canadian Natural Resources Limited,CNQ.TO,^GSPTSE,CAD,Toronto Stock Exchange,PRIMARY_DIRECT,Raw Materials & Energy,False,2025-07-09,41.44737243652344,26972.30078125,-0.004321256632975445,0.0025536052005121768,-0.006874861833487622,0.3853863605138941,0.3871928171193726,0.07930509670351382,2026-02-28,793,ok,0.0001194573116783041,1.160524888809286,0.2658773123411061,0.003082979703065513,-0.007404236336040959,-0.05188461081806486
CMP007,Canadian Natural Resources Limited,CNQ.TO,^GSPTSE,CAD,Toronto Stock Exchange,PRIMARY_DIRECT,Raw Materials & Energy,False,2025-07-10,41.14442443847656,27082.30078125,-0.007309220832052432,0.0040782579466289715,-0.011387478778681404,0.3752602656671846,0.39285014724929623,0.06791761792483242,2026-02-28,793,ok,0.0001194573116783041,1.160524888809286,0.2658773123411061,0.004852377161725478,-0.01216159799377791,-0.06404620881184277
CMP007,Canadian Natural Resources Limited,CNQ.TO,^GSPTSE,CAD,Toronto Stock Exchange,PRIMARY_DIRECT,Raw Materials & Energy,False,2025-07-11,41.57044982910156,27023.30078125,0.01035438935990074,-0.0021785445954742855,0.012532933955375025,0.38950024592910326,0.38981576108870075,0.08045055188020744,2026-02-28,793,ok,0.0001194573116783041,1.160524888809286,0.2658773123411061,-0.002408797912750562,0.012763187272651301,-0.05128302153919147
CMP007,Canadian Natural Resources Limited,CNQ.TO,^GSPTSE,CAD,Toronto Stock Exchange,PRIMARY_DIRECT,Raw Materials & Energy,False,2025-07-14,41.24856948852539,27198.900390625,-0.007743008360492576,0.00649808144447106,-0.014241089804963636,0.3787413339079677,0.39884689709706467,0.06620946207524381,2026-02-28,793,ok,0.0001194573116783041,1.160524888809286,0.2658773123411061,0.007660642557496765,-0.015403650917989342,-0.06668667245718081
CMP007,Canadian Natural Resources Limited,CNQ.TO,^GSPTSE,CAD,Toronto Stock Exchange,PRIMARY_DIRECT,Raw Materials & Energy,False,2025-07-15,40.68053436279297,27054.099609375,-0.013771026068926773,-0.005323773357393202,-0.00844725271153357,0.35975465105641424,0.39139975325522713,0.05776220936371024,2026-02-28,793,ok,0.0001194573116783041,1.160524888809286,0.2658773123411061,-0.006058914171956282,-0.007712111896970491,-0.0743987843541513
CMP007,Canadian Natural Resources Limited,CNQ.TO,^GSPTSE,CAD,Toronto Stock Exchange,PRIMARY_DIRECT,Raw Materials & Energy,False,2025-07-16,40.07463455200195,27153.0,-0.014894096655357125,0.00365565263871237,-0.018549749294069495,0.3395023338560086,0.3964862274347183,0.03921246006964074,2026-02-28,793,ok,0.0001194573116783041,1.160524888809286,0.2658773123411061,0.00436193318374535,-0.019256029839102476,-0.09365481419325378
CMP007,Canadian Natural Resources Limited,CNQ.TO,^GSPTSE,CAD,Toronto Stock Exchange,PRIMARY_DIRECT,Raw Materials & Energy,False,2025-07-17,40.34918212890625,27386.900390625,0.006850906564052073,0.008614163835487743,-0.0017632572714356698,0.34867913918758586,0.4085157885918431,0.03744920279820507,2026-02-28,793,ok,0.0001194573116783041,1.160524888809286,0.2658773123411061,0.01011640883904269,-0.003265502274990617,-0.0969203164682444
CMP007,Canadian Natural Resources Limited,CNQ.TO,^GSPTSE,CAD,Toronto Stock Exchange,PRIMARY_DIRECT,Raw Materials & Energy,False,2025-07-18,40.046234130859375,27314.0,-0.007508157094213819,-0.002661870806305422,-0.004846286287908397,0.3385530443408764,0.4047665015339703,0.032602916510296676,2026-02-28,793,ok,0.0001194573116783041,1.160524888809286,0.2658773123411061,-0.0029697100098339804,-0.004538447084379838,-0.10145876355262423
CMP007,Canadian Natural Resources Limited,CNQ.TO,^GSPTSE,CAD,Toronto Stock Exchange,PRIMARY_DIRECT,Raw Materials & Energy,False,2025-07-21,39.60127639770508,27317.0,-0.011111100526963513,0.00010983378487217088,-0.011220934311835684,0.3236802469045319,0.40492079235569545,0.02138198219846099,2026-02-28,793,ok,0.0001194573116783041,1.160524888809286,0.2658773123411061,0.00024692215265458326,-0.011358022679618097,-0.11281678623224232
CMP007,Canadian Natural Resources Limited,CNQ.TO,^GSPTSE,CAD,Toronto Stock Exchange,PRIMARY_DIRECT,Raw Materials & Energy,False,2025-07-22,40.17877197265625,27364.400390625,0.014582751554559348,0.0017351975189443536,0.012847554035614994,0.3429831470828184,0.4073586074289044,0.034229536234075986,2026-02-28,793,ok,0.0001194573116783041,1.160524888809286,0.2658773123411061,0.0021331972194133493,0.012449554335146,-0.10036723189709633
CMP007,Canadian Natural Resources Limited,CNQ.TO,^GSPTSE,CAD,Toronto Stock Exchange,PRIMARY_DIRECT,Raw Materials & Energy,False,2025-07-23,40.40598678588867,27416.400390625,0.005655096014060668,0.0019002791677400488,0.003754816846320619,0.3505778457248372,0.4100329816721411,0.037984353080396605,2026-02-28,793,ok,0.0001194573116783041,1.160524888809286,0.2658773123411061,0.002324778581526427,0.003330317432534241,-0.09703691446456209
CMP007,Canadian Natural Resources Limited,CNQ.TO,^GSPTSE,CAD,Toronto Stock Exchange,PRIMARY_DIRECT,Raw Materials & Energy,False,2025-07-24,40.84147644042969,27372.30078125,0.01077784974906515,-0.001608512012761576,0.012386361761826725,0.3651341708204756,0.40776492668273145,0.05037071484222333,2026-02-28,793,ok,0.0001194573116783041,1.160524888809286,0.2658773123411061,-0.0017472609130802248,0.012525110662145374,-0.08451180380241671
CMP007,Canadian Natural Resources Limited,CNQ.TO,^GSPTSE,CAD,Toronto Stock Exchange,PRIMARY_DIRECT,Raw Materials & Energy,False,2025-07-25,40.71840286254883,27494.400390625,-0.003013445854739616,0.004460699535299595,-0.007474145390039211,0.3610204129122532,0.4140445430369961,0.04289656945218412,2026-02-28,793,ok,0.0001194573116783041,1.160524888809286,0.2658773123411061,0.0052962101438935,-0.008309655998633116,-0.09282145980104983
CMP007,Canadian Natural Resources Limited,CNQ.TO,^GSPTSE,CAD,Toronto Stock Exchange,PRIMARY_DIRECT,Raw Materials & Energy,False,2025-07-28,41.5325813293457,27405.400390625,0.01999534386319768,-0.003237022765928299,0.023232366629125978,0.388234484073265,0.40946724865914863,0.0661289360813101,2026-02-28,793,ok,0.0001194573116783041,1.160524888809286,0.2658773123411061,-0.0036371881738237626,0.023632532037021443,-0.0691889277640284
CMP007,Canadian Natural Resources Limited,CNQ.TO,^GSPTSE,CAD,Toronto Stock Exchange,PRIMARY_DIRECT,Raw Materials & Energy,False,2025-07-29,42.02487182617188,27539.900390625,0.011853115820622984,0.004907791825074392,0.006945323995548591,0.4046893881991682,0.41638462049982805,0.07307426007685869,2026-02-28,793,ok,0.0001194573116783041,1.160524888809286,0.2658773123411061,0.005815071873771886,0.006038043946851097,-0.06315088381717729
CMP007,Canadian Natural Resources Limited,CNQ.TO,^GSPTSE,CAD,Toronto Stock Exchange,PRIMARY_DIRECT,Raw Materials & Energy,False,2025-07-30,41.76926040649414,27370.0,-0.006082384277934949,-0.006169244921555239,8.686064362029011e-05,0.39614552754900356,0.40764659687284044,0.07316112072047898,2026-02-28,793,ok,0.0001194573116783041,1.160524888809286,0.2658773123411061,-0.007040104964946843,0.000957720687011894,-0.062193163130165395
CMP007,Canadian Natural Resources Limited,CNQ.TO,^GSPTSE,CAD,Toronto Stock Exchange,PRIMARY_DIRECT,Raw Materials & Energy,False,2025-07-31,41.52311706542969,27259.80078125,-0.005892930319306822,-0.00402627763061747,-0.001866652688689352,0.38791813923954543,0.4019790208680365,0.07129446803178963,2026-02-28,793,ok,0.0001194573116783041,1.160524888809286,0.2658773123411061,-0.004553138087909351,-0.0013397922313974709,-0.06353295536156287
CMP007,Canadian Natural Resources Limited,CNQ.TO,^GSPTSE,CAD,Toronto Stock Exchange,PRIMARY_DIRECT,Raw Materials & Energy,False,2025-08-01,40.4438591003418,27020.400390625,-0.025991737647904856,-0.008782176823158072,-0.017209560824746784,0.35184373508766287,0.38966659320441543,0.05408490720704284,2026-02-28,793,ok,0.0001194573116783041,1.160524888809286,0.2658773123411061,-0.010072477469520707,-0.01591926017838415,-0.07945221553994701
CMP007,Canadian Natural Resources Limited,CNQ.TO,^GSPTSE,CAD,Toronto Stock Exchange,PRIMARY_DIRECT,Raw Materials & Energy,False,2025-08-05,40.992950439453125,27570.099609375,0.013576630700572467,0.020343859113972407,-0.006767228413399939,0.3701972182438307,0.41793777459196013,0.0473176787936429,2026-02-28,793,ok,0.0001194573116783041,1.160524888809286,0.2658773123411061,0.023729012147872913,-0.010152381447300445,-0.08960459698724746
CMP007,Canadian Natural Resources Limited,CNQ.TO,^GSPTSE,CAD,Toronto Stock Exchange,PRIMARY_DIRECT,Raw Materials & Energy,False,2025-08-06,40.822540283203125,27920.900390625,-0.004157060041377059,0.012723957701288535,-0.016881017742665594,0.3645012261390632,0.43597955485892737,0.03043666105097731,2026-02-28,793,ok,0.0001194573116783041,1.160524888809286,0.2658773123411061,0.014885926908180242,-0.0190429869495573,-0.10864758393680476
CMP007,Canadian Natural Resources Limited,CNQ.TO,^GSPTSE,CAD,Toronto Stock Exchange,PRIMARY_DIRECT,Raw Materials & Energy,False,2025-08-07,39.58234024047852,27761.30078125,-0.03038027604653737,-0.005716134048047716,-0.024664141998489653,0.3230473022231197,0.42777130323309787,0.005772519052487657,2026-02-28,793,ok,0.0001194573116783041,1.160524888809286,0.2658773123411061,-0.006514258518851246,-0.023866017527686124,-0.1325136014644909
CMP007,Canadian Natural Resources Limited,CNQ.TO,^GSPTSE,CAD,Toronto Stock Exchange,PRIMARY_DIRECT,Raw Materials & Energy,False,2025-08-08,39.48766326904297,27758.69921875,-0.0023918992879237155,-9.37118372261736e-05,-0.002298187450697542,0.31988270632304294,0.4276375041611331,0.003474331601790115,2026-02-28,793,ok,0.0001194573116783041,1.160524888809286,0.2658773123411061,1.0702392201285073e-05,-0.0024026016801250005,-0.1349162031446159
CMP007,Canadian Natural Resources Limited,CNQ.TO,^GSPTSE,CAD,Toronto Stock Exchange,PRIMARY_DIRECT,Raw Materials & Energy,False,2025-08-11,39.00484085083008,27775.19921875,-0.012227171178078033,0.0005944082563080766,-0.01282157943438611,0.30374427453784625,0.42848610368062157,-0.009347247832595995,2026-02-28,793,ok,0.0001194573116783041,1.160524888809286,0.2658773123411061,0.0008092828872375564,-0.01303645406531559,-0.14795265720993148
CMP007,Canadian Natural Resources Limited,CNQ.TO,^GSPTSE,CAD,Toronto Stock Exchange,PRIMARY_DIRECT,Raw Materials & Energy,False,2025-08-12,38.98590469360352,27921.30078125,-0.0004854822328073105,0.00526014453935475,-0.00574562677216206,0.30311132985643385,0.43600014705844137,-0.015092874604758055,2026-02-28,793,ok,0.0001194573116783041,1.160524888809286,0.2658773123411061,0.006223985968333748,-0.006709468201141058,-0.15466212541107255
CMP007,Canadian Natural Resources Limited,CNQ.TO,^GSPTSE,CAD,Toronto Stock Exchange,PRIMARY_DIRECT,Raw Materials & Energy,False,2025-08-13,39.00484085083008,27993.400390625,0.0004857180402859651,0.002582243926952721,-0.0020965258866667558,0.30374427453784625,0.43970824971728617,-0.01718940049142481,2026-02-28,793,ok,0.0001194573116783041,1.160524888809286,0.2658773123411061,0.0031162156578835648,-0.0026304976175975997,-0.15729262302867014
CMP007,Canadian Natural Resources Limited,CNQ.TO,^GSPTSE,CAD,Toronto Stock Exchange,PRIMARY_DIRECT,Raw Materials & Energy,False,2025-08-14,38.9575080871582,27916.0,-0.0012135099807968341,-0.0027649513651410995,0.0015514413843442654,0.30216216784828775,0.43572752642682544,-0.015637959107080546,2026-02-28,793,ok,0.0001194573116783041,1.160524888809286,0.2658773123411061,-0.003089337563915154,0.0018758275831183197,-0.15541679544555181
CMP007,Canadian Natural Resources Limited,CNQ.TO,^GSPTSE,CAD,Toronto Stock Exchange,PRIMARY_DIRECT,Raw Materials & Energy,False,2025-08-15,39.033241271972656,27905.5,0.001943994586230069,-0.00037612838515543867,0.0023201229713855076,0.3046935640529784,0.43518750855078725,-0.013317836135695038,2026-02-28,793,ok,0.0001194573116783041,1.160524888809286,0.2658773123411061,-0.0003170490406822277,0.0022610436269122967,-0.15315575181863952
CMP007,Canadian Natural Resources Limited,CNQ.TO,^GSPTSE,CAD,Toronto Stock Exchange,PRIMARY_DIRECT,Raw Materials & Energy,False,2025-08-18,38.92910385131836,27922.900390625,-0.00266791630058838,0.0006235469934241511,-0.003291463294012531,0.30121275082616883,0.436082415406744,-0.01660929942970757,2026-02-28,793,ok,0.0001194573116783041,1.160524888809286,0.2658773123411061,0.0008430991168892317,-0.0035110154174776117,-0.15666676723611714
CMP007,Canadian Natural Resources Limited,CNQ.TO,^GSPTSE,CAD,Toronto Stock Exchange,PRIMARY_DIRECT,Raw Materials & Energy,False,2025-08-19,38.49361038208008,27823.900390625,-0.011186835199226697,-0.0035454769603102676,-0.007641358238916429,0.2866562982235441,0.43099081828981256,-0.024250657668624,2026-02-28,793,ok,0.0001194573116783041,1.160524888809286,0.2658773123411061,-0.003995156943461655,-0.007191678255765042,-0.1638584454918822
CMP007,Canadian Natural Resources Limited,CNQ.TO,^GSPTSE,CAD,Toronto Stock Exchange,PRIMARY_DIRECT,Raw Materials & Energy,False,2025-08-20,38.9101676940918,27878.80078125,0.010821466416816916,0.001973137836688732,0.008848328580128184,0.3005798061447562,0.43381436041733434,-0.015402329088495814,2026-02-28,793,ok,0.0001194573116783041,1.160524888809286,0.2658773123411061,0.00240933288020689,0.008412133536610026,-0.15544631195527217
CMP007,Canadian Natural Resources Limited,CNQ.TO,^GSPTSE,CAD,Toronto Stock Exchange,PRIMARY_DIRECT,Raw Materials & Energy,False,2025-08-21,39.705413818359375,28055.400390625,0.02043800300527443,0.006334548274177232,0.014103454731097198,0.32716106013134194,0.44289692669960656,-0.0012988743573986161,2026-02-28,793,ok,0.0001194573116783041,1.160524888809286,0.2658773123411061,0.00747085824322489,0.01296714476204954,-0.14247916719322262
CMP007,Canadian Natural Resources Limited,CNQ.TO,^GSPTSE,CAD,Toronto Stock Exchange,PRIMARY_DIRECT,Raw Materials & Energy,False,2025-08-22,40.775203704833984,28333.099609375,0.02694317433306659,0.00989824471878853,0.01704492961427806,0.3629189919425182,0.45717907358406706,0.015746055256879443,2026-02-28,793,ok,0.0001194573116783041,1.160524888809286,0.2658773123411061,0.011606616663357465,0.015336557669709124,-0.1271426095235135
CMP007,Canadian Natural Resources Limited,CNQ.TO,^GSPTSE,CAD,Toronto Stock Exchange,PRIMARY_DIRECT,Raw Materials & Energy,False,2025-08-25,40.73733139038086,28169.900390625,-0.0009288074862182638,-0.00576001994134101,0.0048312124551227464,0.36165310257969296,0.4487856930621179,0.02057726771200219,2026-02-28,793,ok,0.0001194573116783041,1.160524888809286,0.2658773123411061,-0.006565189190285743,0.005636381704067479,-0.12150622781944602
CMP007,Canadian Natural Resources Limited,CNQ.TO,^GSPTSE,CAD,Toronto Stock Exchange,PRIMARY_DIRECT,Raw Materials & Energy,False,2025-08-26,39.913692474365234,28339.900390625,-0.02021828352286492,0.0060348101215357275,-0.02625309364440065,0.3341228140919481,0.45752883962654534,-0.0056758259323984595,2026-02-28,793,ok,0.0001194573116783041,1.160524888809286,0.2658773123411061,0.0071230046569587075,-0.02734128817982363,-0.14884751599926965
CMP007,Canadian Natural Resources Limited,CNQ.TO,^GSPTSE,CAD,Toronto Stock Exchange,PRIMARY_DIRECT,Raw Materials & Energy,False,2025-08-27,40.86041259765625,28433.0,0.023719181679295875,0.003285107148993216,0.02043407453030266,0.36576711550188845,0.4623169780374663,0.0147582485979042,2026-02-28,793,ok,0.0001194573116783041,1.160524888809286,0.2658773123411061,0.003931905920490247,0.01978727575880563,-0.12906024024046403
CMP007,Canadian Natural Resources Limited,CNQ.TO,^GSPTSE,CAD,Toronto Stock Exchange,PRIMARY_DIRECT,Raw Materials & Energy,False,2025-08-28,41.02135467529297,28434.80078125,0.003938826541510565,6.33341979390245e-05,0.0038754923435715405,0.3711466352659496,0.46240959271040283,0.01863374094147574,2026-02-28,793,ok,0.0001194573116783041,1.160524888809286,0.2658773123411061,0.0001929582246993158,0.0037458683168112494,-0.12531437192365277
CMP007,Canadian Natural Resources Limited,CNQ.TO,^GSPTSE,CAD,Toronto Stock Exchange,PRIMARY_DIRECT,Raw Materials & Energy,False,2025-08-29,41.172828674316406,28564.5,0.003692564524561348,0.004561284594458037,-0.000868720069896689,0.3762096826893042,0.46908005905642036,0.01776502087157905,2026-02-28,793,ok,0.0001194573116783041,1.160524888809286,0.2658773123411061,0.005412941608489227,-0.001720377083927879,-0.12703474900758066
CMP007,Canadian Natural Resources Limited,CNQ.TO,^GSPTSE,CAD,Toronto Stock Exchange,PRIMARY_DIRECT,Raw Materials & Energy,False,2025-09-02,41.75979232788086,28615.599609375,0.014256092487777039,0.0017889201412593092,0.01246717234651773,0.39582905520829725,0.4717081259631888,0.03023219321809678,2026-02-28,793,ok,0.0001194573116783041,1.160524888809286,0.2658773123411061,0.002195543659701956,0.012060548828075083,-0.11497420017950558
CMP007,Canadian Natural Resources Limited,CNQ.TO,^GSPTSE,CAD,Toronto Stock Exchange,PRIMARY_DIRECT,Raw Materials & Energy,False,2025-09-03,40.78467559814453,28751.400390625,-0.02335061252412629,0.004745690571009709,-0.028096303095136,0.36323559179021103,0.4786923973398507,0.002135890122960782,2026-02-28,793,ok,0.0001194573116783041,1.160524888809286,0.2658773123411061,0.005626949333922623,-0.028977561858048916,-0.1439517620375545
CMP007,Canadian Natural Resources Limited,CNQ.TO,^GSPTSE,CAD,Toronto Stock Exchange,PRIMARY_DIRECT,Raw Materials & Energy,False,2025-09-04,41.078155517578125,28915.900390625,0.00719583802321444,0.0057214604424498106,0.0014743775807646298,0.3730452142962142,0.4871526773977819,0.0036102677037254116,2026-02-28,793,ok,0.0001194573116783041,1.160524888809286,0.2658773123411061,0.006759354555479099,0.00043648346773534144,-0.14351527856981916
CMP007,Canadian Natural Resources Limited,CNQ.TO,^GSPTSE,CAD,Toronto Stock Exchange,PRIMARY_DIRECT,Raw Materials & Energy,False,2025-09-05,39.81901550292969,29050.599609375,-0.030652301662123738,0.004658309681882633,-0.03531061134400637,0.3309582181918713,0.4940802951133416,-0.03170034364028096,2026-02-28,793,ok,0.0001194573116783041,1.160524888809286,0.2658773123411061,0.005525541637284367,-0.036177843299408104,-0.17969312186922726
CMP007,Canadian Natural Resources Limited,CNQ.TO,^GSPTSE,CAD,Toronto Stock Exchange,PRIMARY_DIRECT,Raw Materials & Energy,False,2025-09-08,39.62968063354492,29027.69921875,-0.004754885749770343,-0.0007882932171082713,-0.003966592532662072,0.32462966392665105,0.49290252175088867,-0.03566693617294303,2026-02-28,793,ok,0.0001194573116783041,1.160524888809286,0.2658773123411061,-0.0007953765864553868,-0.003959509163314957,-0.1836526310325422
CMP007,Canadian Natural Resources Limited,CNQ.TO,^GSPTSE,CAD,Toronto Stock Exchange,PRIMARY_DIRECT,Raw Materials & Energy,False,2025-09-09,40.53852462768555,29063.0,0.022933417065474027,0.001216106760097535,0.02171731030537649,0.35500794846677963,0.4947180505997566,-0.01394962586756654,2026-02-28,793,ok,0.0001194573116783041,1.160524888809286,0.2658773123411061,0.001530779474220717,0.02140263759125331,-0.1622499934412889
CMP007,Canadian Natural Resources Limited,CNQ.TO,^GSPTSE,CAD,Toronto Stock Exchange,PRIMARY_DIRECT,Raw Materials & Energy,False,2025-09-10,40.93614959716797,29179.400390625,0.00980857032006699,0.004005105826136335,0.0058034644939306546,0.36829863921356565,0.5007045545726447,-0.008146161373635885,2026-02-28,793,ok,0.0001194573116783041,1.160524888809286,0.2658773123411061,0.004767482305224597,0.005041088014842392,-0.1572089054264465
CMP007,Canadian Natural Resources Limited,CNQ.TO,^GSPTSE,CAD,Toronto Stock Exchange,PRIMARY_DIRECT,Raw Materials & Energy,False,2025-09-11,40.87934494018555,29407.900390625,-0.0013876404483911253,0.007830866876668674,-0.0092185073250598,0.3663999326763143,0.5124563721607134,-0.017364668698695684,2026-02-28,793,ok,0.0001194573116783041,1.160524888809286,0.2658773123411061,0.009207373223004538,-0.010595013671395663,-0.16780391909784217
CMP007,Canadian Natural Resources Limited,CNQ.TO,^GSPTSE,CAD,Toronto Stock Exchange,PRIMARY_DIRECT,Raw Materials & Energy,False,2025-09-12,40.90774154663086,29283.80078125,0.0006946443610302833,-0.004219941162972751,0.0049145855240030345,0.36734909468446,0.5060738952586319,-0.01245008317469265,2026-02-28,793,ok,0.0001194573116783041,1.160524888809286,0.2658773123411061,-0.004777889437262378,0.005472533798292661,-0.16233138529954952
CMP007,Canadian Natural Resources Limited,CNQ.TO,^GSPTSE,CAD,Toronto Stock Exchange,PRIMARY_DIRECT,Raw Materials & Energy,False,2025-09-15,41.797664642333984,29431.0,0.021754393228692326,0.005026643223315697,0.01672775000537663,0.39709494457112227,0.5136443913980464,0.004277666830683979,2026-02-28,793,ok,0.0001194573116783041,1.160524888809286,0.2658773123411061,0.0059530018795007035,0.01580139134919162,-0.1465299939503579
CMP007,Canadian Natural Resources Limited,CNQ.TO,^GSPTSE,CAD,Toronto Stock Exchange,PRIMARY_DIRECT,Raw Materials & Energy,False,2025-09-16,42.867454528808594,29315.19921875,0.02559448944406073,-0.003934653299242252,0.029529142743302983,0.4328528763822985,0.5076887254995526,0.03380680957398696,2026-02-28,793,ok,0.0001194573116783041,1.160524888809286,0.2658773123411061,-0.004446805770927901,0.030041295214988634,-0.11648869873536927
CMP007,Canadian Natural Resources Limited,CNQ.TO,^GSPTSE,CAD,Toronto Stock Exchange,PRIMARY_DIRECT,Raw Materials & Energy,False,2025-09-17,42.73491287231445,29321.69921875,-0.0030918947241215244,0.00022172798320418963,-0.003313622707325714,0.4284226461333698,0.5080230222799573,0.030493186866661248,2026-02-28,793,ok,0.0001194573116783041,1.160524888809286,0.2658773123411061,0.0003767781547322535,-0.003468672878853778,-0.11995737161422304
CMP007,Canadian Natural Resources Limited,CNQ.TO,^GSPTSE,CAD,Toronto Stock Exchange,PRIMARY_DIRECT,Raw Materials & Energy,False,2025-09-18,42.49823760986328,29453.5,-0.005538217970826875,0.004494991244085922,-0.010033209214912797,0.42051173016461796,0.5148015725609858,0.02045997765174845,2026-02-28,793,ok,0.0001194573116783041,1.160524888809286,0.2658773123411061,0.0053360065254198326,-0.010874224496246709,-0.13083159611046974
CMP007,Canadian Natural Resources Limited,CNQ.TO,^GSPTSE,CAD,Toronto Stock Exchange,PRIMARY_DIRECT,Raw Materials & Energy,False,2025-09-19,41.80562973022461,29768.400390625,-0.016297331809306037,0.010691442124874717,-0.026988773934180754,0.39736117915911384,0.5309969859046908,-0.006528796282432303,2026-02-28,793,ok,0.0001194573116783041,1.160524888809286,0.2658773123411061,0.012527141994859452,-0.028824473804165487,-0.1596560699146352
CMP007,Canadian Natural Resources Limited,CNQ.TO,^GSPTSE,CAD,Toronto Stock Exchange,PRIMARY_DIRECT,Raw Materials & Energy,False,2025-09-22,42.59224319458008,29959.0,0.018815969749326866,0.006402749454922807,0.01241322029440406,0.4236538848350555,0.5407995760216806,0.005884424011971756,2026-02-28,793,ok,0.0001194573116783041,1.160524888809286,0.2658773123411061,0.007550007410926311,0.011265962338400555,-0.14839010757623466
CMP007,Canadian Natural Resources Limited,CNQ.TO,^GSPTSE,CAD,Toronto Stock Exchange,PRIMARY_DIRECT,Raw Materials & Energy,False,2025-09-23,42.63061141967773,29815.599609375,0.0009008265876573329,-0.004786554645515584,0.005687381233172917,0.4249363501061365,0.5334244546532656,0.011571805245144673,2026-02-28,793,ok,0.0001194573116783041,1.160524888809286,0.2658773123411061,-0.005435458486088241,0.0063362850737455735,-0.1420538225024891
CMP007,Canadian Natural Resources Limited,CNQ.TO,^GSPTSE,CAD,Toronto Stock Exchange,PRIMARY_DIRECT,Raw Materials & Energy,False,2025-09-24,43.69541931152344,29757.0,0.02497754210849079,-0.001965401002922418,0.02694294311141321,0.4605277577928317,0.5304106606921843,0.03851474835655788,2026-02-28,793,ok,0.0001194573116783041,1.160524888809286,0.2658773123411061,-0.002161439468703894,0.027138981577194684,-0.11491484092529441
CMP007,Canadian Natural Resources Limited,CNQ.TO,^GSPTSE,CAD,Toronto Stock Exchange,PRIMARY_DIRECT,Raw Materials & Energy,False,2025-09-25,43.42682266235352,29732.0,-0.0061470207495887275,-0.0008401384548173407,-0.005306882294771387,0.451549863360329,0.5291249038444745,0.033207866061786495,2026-02-28,793,ok,0.0001194573116783041,1.160524888809286,0.2658773123411061,-0.0008555442751829957,-0.0052914764744057315,-0.12020631739970014
CMP007,Canadian Natural Resources Limited,CNQ.TO,^GSPTSE,CAD,Toronto Stock Exchange,PRIMARY_DIRECT,Raw Materials & Energy,False,2025-09-26,43.71460723876953,29761.30078125,0.006626885384950931,0.0009854964768598595,0.005641388908091072,0.461169117935359,0.530631851049892,0.03884925496987757,2026-02-28,793,ok,0.0001194573116783041,1.160524888809286,0.2658773123411061,0.0012631505009080357,0.0053637348840428955,-0.11484258251565725
CMP007,Canadian Natural Resources Limited,CNQ.TO,^GSPTSE,CAD,Toronto Stock Exchange,PRIMARY_DIRECT,Raw Materials & Energy,False,2025-09-29,43.196590423583984,29971.900390625,-0.011849970705584356,0.007076290479469893,-0.01892626118505425,0.4438543066919205,0.5414630466450496,0.019922993784823317,2026-02-28,793,ok,0.0001194573116783041,1.160524888809286,0.2658773123411061,0.008331668533547313,-0.020181639239131667,-0.13502422175478893
CMP007,Canadian Natural Resources Limited,CNQ.TO,^GSPTSE,CAD,Toronto Stock Exchange,PRIMARY_DIRECT,Raw Materials & Energy,False,2025-09-30,42.68817901611328,30022.80078125,-0.011769711509293734,0.0016982703786416753,-0.01346798188793541,0.4268605580407052,0.5440808676769378,0.006455011896887908,2026-02-28,793,ok,0.0001194573116783041,1.160524888809286,0.2658773123411061,0.0020903423540195383,-0.013860053863313272,-0.1488842756181022
CMP007,Canadian Natural Resources Limited,CNQ.TO,^GSPTSE,CAD,Toronto Stock Exchange,PRIMARY_DIRECT,Raw Materials & Energy,False,2025-10-01,42.45793914794922,30107.69921875,-0.005393527516766583,0.002827798716001917,-0.0082213262327685,0.4191647463583237,0.5484472175719577,-0.0017663143358805922,2026-02-28,793,ok,0.0001194573116783041,1.160524888809286,0.2658773123411061,0.0034011881021414705,-0.008794715618908053,-0.15767899123701024
CMP007,Canadian Natural Resources Limited,CNQ.TO,^GSPTSE,CAD,Toronto Stock Exchange,PRIMARY_DIRECT,Raw Materials & Energy,False,2025-10-02,42.13178253173828,30160.599609375,-0.007681875822432405,0.0017570386312366626,-0.009438914453669067,0.4082628990052253,0.5511678991516626,-0.01120522878954966,2026-02-28,793,ok,0.0001194573116783041,1.160524888809286,0.2658773123411061,0.002158544373827852,-0.009840420196260257,-0.16751941143327048
CMP007,Canadian Natural Resources Limited,CNQ.TO,^GSPTSE,CAD,Toronto Stock Exchange,PRIMARY_DIRECT,Raw Materials & Energy,False,2025-10-03,42.59224319458008,30471.69921875,0.010929057238319384,0.01031476871826853,0.0006142885200508541,0.42365388483505506,0.5671678372746145,-0.010590940269498805,2026-02-28,793,ok,0.0001194573116783041,1.160524888809286,0.2658773123411061,0.012090003131540392,-0.0011609458932210076,-0.1686803573264915
CMP007,Canadian Natural Resources Limited,CNQ.TO,^GSPTSE,CAD,Toronto Stock Exchange,PRIMARY_DIRECT,Raw Materials & Energy,False,2025-10-06,43.4364128112793,30531.900390625,0.019819797065927736,0.001975642101309516,0.01784415496461822,0.4518704159246054,0.5702640000337524,0.007253214695119414,2026-02-28,793,ok,0.0001194573116783041,1.160524888809286,0.2658773123411061,0.0024122391416274746,0.017407557924300262,-0.15127279940219124
CMP007,Canadian Natural Resources Limited,CNQ.TO,^GSPTSE,CAD,Toronto Stock Exchange,PRIMARY_DIRECT,Raw Materials & Energy,False,2025-10-07,43.85850143432617,30351.69921875,0.009717391371169448,-0.005902062091435734,0.015619453462605182,0.46597880897636745,0.5609962044056069,0.022872668157724596,2026-02-28,793,ok,0.0001194573116783041,1.160524888809286,0.2658773123411061,-0.006730032640730653,0.0164474240119001,-0.13482537539029113
CMP007,Canadian Natural Resources Limited,CNQ.TO,^GSPTSE,CAD,Toronto Stock Exchange,PRIMARY_DIRECT,Raw Materials & Energy,False,2025-10-08,43.69541931152344,30502.0,-0.0037183696995879423,0.004951972545812255,-0.008670342245400198,0.4605277577928317,0.5687262147539407,0.014202325912324398,2026-02-28,793,ok,0.0001194573116783041,1.160524888809286,0.2658773123411061,0.005866344699793709,-0.00958471439938165,-0.1444100897896728
CMP007,Canadian Natural Resources Limited,CNQ.TO,^GSPTSE,CAD,Toronto Stock Exchange,PRIMARY_DIRECT,Raw Materials & Energy,False,2025-10-09,44.011985778808594,30270.0,0.00724484333307851,-0.0076060586191069035,0.014850901952185414,0.47110905258165325,0.5567943912071924,0.029053227864509812,2026-02-28,793,ok,0.0001194573116783041,1.160524888809286,0.2658773123411061,-0.008707563021537646,0.015952406354616158,-0.12845768343505665
CMP007,Canadian Natural Resources Limited,CNQ.TO,^GSPTSE,CAD,Toronto Stock Exchange,PRIMARY_DIRECT,Raw Materials & Energy,False,2025-10-10,42.17975234985352,29850.900390625,-0.04163032856920712,-0.013845378572018507,-0.027784949997188613,0.40986629936154406,0.5352399835021338,0.0012682778673211992,2026-02-28,793,ok,0.0001194573116783041,1.160524888809286,0.2658773123411061,-0.015948449116135945,-0.025681879453071176,-0.15413956288812783
CMP007,Canadian Natural Resources Limited,CNQ.TO,^GSPTSE,CAD,Toronto Stock Exchange,PRIMARY_DIRECT,Raw Materials & Energy,False,2025-10-14,41.671329498291016,30353.599609375,-0.012053718270924718,0.016840336880018514,-0.028894055150943232,0.39287216818936876,0.5610939420159837,-0.027625777283622033,2026-02-28,793,ok,0.0001194573116783041,1.160524888809286,0.2658773123411061,0.01966308739687271,-0.03171680566779743,-0.18585636855592524
CMP007,Canadian Natural Resources Limited,CNQ.TO,^GSPTSE,CAD,Toronto Stock Exchange,PRIMARY_DIRECT,Raw Materials & Energy,False,2025-10-15,41.59458541870117,30637.099609375,-0.001841651814660561,0.009339913672460787,-0.011181565487121348,0.3903069826332326,0.5756744246690144,-0.03880734277074338,2026-02-28,793,ok,0.0001194573116783041,1.160524888809286,0.2658773123411061,0.01095865958789919,-0.012800311402559751,-0.198656679958485
CMP007,Canadian Natural Resources Limited,CNQ.TO,^GSPTSE,CAD,Toronto Stock Exchange,PRIMARY_DIRECT,Raw Materials & Energy,False,2025-10-16,40.760009765625,30458.80078125,-0.020064526300121344,-0.0058197032486208,-0.014244823051500544,0.36241113161494565,0.5665044671009996,-0.053052165822243924,2026-02-28,793,ok,0.0001194573116783041,1.160524888809286,0.2658773123411061,-0.006634453153830391,-0.013430073146290952,-0.21208675310477593
CMP007,Canadian Natural Resources Limited,CNQ.TO,^GSPTSE,CAD,Toronto Stock Exchange,PRIMARY_DIRECT,Raw Materials & Energy,False,2025-10-17,40.47222518920898,30108.5,-0.007060463873066247,-0.01150080673778986,0.004440342864723612,0.352791877039915,0.5484884019709864,-0.04861182295752031,2026-02-28,793,ok,0.0001194573116783041,1.160524888809286,0.2658773123411061,-0.01322751514891236,0.006167051275846113,-0.20591970182892982
CMP007,Canadian Natural Resources Limited,CNQ.TO,^GSPTSE,CAD,Toronto Stock Exchange,PRIMARY_DIRECT,Raw Materials & Energy,False,2025-10-20,40.51059341430664,30416.400390625,0.0009480137283850443,0.010226361015161833,-0.009278347286776789,0.35407434231099666,0.5643238033973328,-0.0578901702442971,2026-02-28,793,ok,0.0001194573116783041,1.160524888809286,0.2658773123411061,0.011987403791722608,-0.011039390063337564,-0.2169590918922674
CMP007,Canadian Natural Resources Limited,CNQ.TO,^GSPTSE,CAD,Toronto Stock Exchange,PRIMARY_DIRECT,Raw Materials & Energy,False,2025-10-21,40.20362854003906,29888.80078125,-0.007577397623584781,-0.017345892433005217,0.009768494809420436,0.34381398260741225,0.537189210973213,-0.048121675434876665,2026-02-28,793,ok,0.0001194573116783041,1.160524888809286,0.2658773123411061,-0.02001088257543291,0.01243348495184813,-0.20452560694041927
CMP007,Canadian Natural Resources Limited,CNQ.TO,^GSPTSE,CAD,Toronto Stock Exchange,PRIMARY_DIRECT,Raw Materials & Energy,False,2025-10-22,40.721641540527344,29983.0,0.012884732530358267,0.003151656014552806,0.009733076515805461,0.3611286663438642,0.5420339025954823,-0.038388598919071204,2026-02-28,793,ok,0.0001194573116783041,1.160524888809286,0.2658773123411061,0.0037770325575323172,0.00910769997282595,-0.1954179069675933
CMP007,Canadian Natural Resources Limited,CNQ.TO,^GSPTSE,CAD,Toronto Stock Exchange,PRIMARY_DIRECT,Raw Materials & Energy,False,2025-10-23,41.90155792236328,30186.30078125,0.028975167434290405,0.006780535011506439,0.022194632422783966,0.40056759735079006,0.5524897174609609,-0.016193966496287238,2026-02-28,793,ok,0.0001194573116783041,1.160524888809286,0.2658773123411061,0.007988436951974286,0.02098673048231612,-0.1744311764852772
CMP007,Canadian Natural Resources Limited,CNQ.TO,^GSPTSE,CAD,Toronto Stock Exchange,PRIMARY_DIRECT,Raw Materials & Energy,False,2025-10-24,41.99748229980469,30353.099609375,0.0022892794969375796,0.005525646528659944,-0.0032363670317223647,0.4037738880354804,0.5610682268790292,-0.019430333528009602,2026-02-28,793,ok,0.0001194573116783041,1.160524888809286,0.2658773123411061,0.006532107634950803,-0.004242828138013224,-0.17867400462329042
CMP007,Canadian Natural Resources Limited,CNQ.TO,^GSPTSE,CAD,Toronto Stock Exchange,PRIMARY_DIRECT,Raw Materials & Energy,False,2025-10-27,42.31404876708984,30275.80078125,0.007537748692297619,-0.002546653525333009,0.010084402217630628,0.4143551828243015,0.5570927269757624,-0.009345931310378974,2026-02-28,793,ok,0.0001194573116783041,1.160524888809286,0.2658773123411061,-0.0028359974876445626,0.010373746179942182,-0.16830025844334823
CMP007,Canadian Natural Resources Limited,CNQ.TO,^GSPTSE,CAD,Toronto Stock Exchange,PRIMARY_DIRECT,Raw Materials & Energy,False,2025-10-28,41.90155792236328,30419.69921875,-0.009748318980228987,0.00475291928823629,-0.014501238268465277,0.40056759735079006,0.564493463031378,-0.02384716957884425,2026-02-28,793,ok,0.0001194573116783041,1.160524888809286,0.2658773123411061,0.005635338440178235,-0.015383657420407221,-0.18368391586375546
CMP007,Canadian Natural Resources Limited,CNQ.TO,^GSPTSE,CAD,Toronto Stock Exchange,PRIMARY_DIRECT,Raw Materials & Energy,False,2025-10-29,43.00474166870117,30144.80078125,0.026327988767909538,-0.009036855871689897,0.035364844639599435,0.4374417253225398,0.5503553610937624,0.011517675060755184,2026-02-28,793,ok,0.0001194573116783041,1.160524888809286,0.2658773123411061,-0.010368038844000158,0.036696027611909696,-0.14698788825184578
CMP007,Canadian Natural Resources Limited,CNQ.TO,^GSPTSE,CAD,Toronto Stock Exchange,PRIMARY_DIRECT,Raw Materials & Energy,False,2025-10-30,42.85124969482422,30179.0,-0.00356918720869015,0.0011344980847003416,-0.004703685293390492,0.43231122670328115,0.5521142362815281,0.006813989767364692,2026-02-28,793,ok,0.0001194573116783041,1.160524888809286,0.2658773123411061,0.001436070575279516,-0.005005257783969666,-0.15199314603581543
CMP007,Canadian Natural Resources Limited,CNQ.TO,^GSPTSE,CAD,Toronto Stock Exchange,PRIMARY_DIRECT,Raw Materials & Energy,False,2025-10-31,43.04310607910156,30260.69921875,0.004477264622238408,0.00270715460253812,0.0017701100197002884,0.4387240630866347,0.5563160494799426,0.00858409978706498,2026-02-28,793,ok,0.0001194573116783041,1.160524888809286,0.2658773123411061,0.003261177605778403,0.0012160870164600055,-0.15077705901935542
CMP007,Canadian Natural Resources Limited,CNQ.TO,^GSPTSE,CAD,Toronto Stock Exchange,PRIMARY_DIRECT,Raw Materials & Energy,False,2025-11-03,43.0718879699707,30275.099609375,0.0006686759737144499,0.00047587765639200974,0.00019279831732244013,0.43968610330042557,0.5570566655141744,0.00877689810438742,2026-02-28,793,ok,0.0001194573116783041,1.160524888809286,0.2658773123411061,0.0006717251759494648,-3.049202235014953e-06,-0.15078010822159044
CMP007,Canadian Natural Resources Limited,CNQ.TO,^GSPTSE,CAD,Toronto Stock Exchange,PRIMARY_DIRECT,Raw Materials & Energy,False,2025-11-04,42.38120269775391,29777.80078125,-0.016035639596256535,-0.016426001385343336,0.00039036178908680164,0.416599815816161,0.5314804505693804,0.009167259893474222,2026-02-28,793,ok,0.0001194573116783041,1.160524888809286,0.2658773123411061,-0.01894332611962845,0.002907686523371915,-0.14787242169821851
CMP007,Canadian Natural Resources Limited,CNQ.TO,^GSPTSE,CAD,Toronto Stock Exchange,PRIMARY_DIRECT,Raw Materials & Energy,False,2025-11-05,43.17740631103516,30103.5,0.018786715869284265,0.01093765188176965,0.007849063987514615,0.44321307405637955,0.548231250601444,0.017016323880988837,2026-02-28,793,ok,0.0001194573116783041,1.160524888809286,0.2658773123411061,0.012812874545603706,0.005973841323680559,-0.14189858037453795
CMP007,Canadian Natural Resources Limited,CNQ.TO,^GSPTSE,CAD,Toronto Stock Exchange,PRIMARY_DIRECT,Raw Materials & Energy,False,2025-11-06,42.63061141967773,29868.599609375,-0.012663912404059507,-0.0078030923522182105,-0.004860820051841297,0.42493635010613606,0.5361502591704106,0.01215550382914754,2026-02-28,793,ok,0.0001194573116783041,1.160524888809286,0.2658773123411061,-0.008936225572748325,-0.0037276868313111822,-0.14562626720584915
CMP007,Canadian Natural Resources Limited,CNQ.TO,^GSPTSE,CAD,Toronto Stock Exchange,PRIMARY_DIRECT,Raw Materials & Energy,False,2025-11-07,42.59224319458008,29912.19921875,-0.0009000158294689697,0.0014597138782936891,-0.002359729707762659,0.42365388483505484,0.5383925990228662,0.009795774121384881,2026-02-28,793,ok,0.0001194573116783041,1.160524888809286,0.2658773123411061,0.0018134915979784595,-0.0027135074274474294,-0.1483397746332966
CMP007,Canadian Natural Resources Limited,CNQ.TO,^GSPTSE,CAD,Toronto Stock Exchange,PRIMARY_DIRECT,Raw Materials & Energy,False,2025-11-10,42.9951400756836,30316.599609375,0.009459395675943005,0.013519580679026255,-0.00406018500308325,0.4371207902373031,0.5591910218813727,0.005735589118301632,2026-02-28,793,ok,0.0001194573116783041,1.160524888809286,0.2658773123411061,0.01580926717595342,-0.006349871500010415,-0.154689646133307
CMP007,Canadian Natural Resources Limited,CNQ.TO,^GSPTSE,CAD,Toronto Stock Exchange,PRIMARY_DIRECT,Raw Materials & Energy,False,2025-11-11,43.532344818115234,30409.30078125,0.012494545697164794,0.0030577694421354273,0.009436776255029367,0.4550769616232686,0.5639586685425335,0.015172365373330998,2026-02-28,793,ok,0.0001194573116783041,1.160524888809286,0.2658773123411061,0.0036680748535169536,0.00882647084364784,-0.14586317528965914
CMP007,Canadian Natural Resources Limited,CNQ.TO,^GSPTSE,CAD,Toronto Stock Exchange,PRIMARY_DIRECT,Raw Materials & Energy,False,2025-11-12,43.57071685791016,30827.599609375,0.0008814604394791203,0.013755621384853312,-0.012874160945374191,0.456359554401337,0.585471891848564,0.002298204427956807,2026-02-28,793,ok,0.0001194573116783041,1.160524888809286,0.2658773123411061,0.01608319828983783,-0.01520173785035871,-0.16106491314001786
CMP007,Canadian Natural Resources Limited,CNQ.TO,^GSPTSE,CAD,Toronto Stock Exchange,PRIMARY_DIRECT,Raw Materials & Energy,False,2025-11-13,43.80094146728516,30253.599609375,0.005283929803721055,-0.01861967870587755,0.023903608509598606,0.46405485605577224,0.5559509146251438,0.026201812937555413,2026-02-28,793,ok,0.0001194573116783041,1.160524888809286,0.2658773123411061,-0.021489143248124874,0.026773073051845928,-0.13429184008817194
CMP007,Canadian Natural Resources Limited,CNQ.TO,^GSPTSE,CAD,Toronto Stock Exchange,PRIMARY_DIRECT,Raw Materials & Energy,False,2025-11-14,45.14394378662109,30326.5,0.030661494350275653,0.00240964353221651,0.028251850818059143,0.5089449657532199,0.5597002016830166,0.054453663755614556,2026-02-28,793,ok,0.0001194573116783041,1.160524888809286,0.2658773123411061,0.002915908603973885,0.027745585746301767,-0.10654625434187018
CMP007,Canadian Natural Resources Limited,CNQ.TO,^GSPTSE,CAD,Toronto Stock Exchange,PRIMARY_DIRECT,Raw Materials & Energy,False,2025-11-17,44.96167755126953,30076.19921875,-0.004037446001905809,-0.008253533419616543,0.004216087417710734,0.5028526819341437,0.5468271639438431,0.05866975117332529,2026-02-28,793,ok,0.0001194573116783041,1.160524888809286,0.2658773123411061,-0.00945897364240591,0.0054215276405001015,-0.10112472670137007
CMP007,Canadian Natural Resources Limited,CNQ.TO,^GSPTSE,CAD,Toronto Stock Exchange,PRIMARY_DIRECT,Raw Materials & Energy,False,2025-11-18,45.62358474731445,30036.5,0.014721585850308916,-0.001319954641251675,0.01604154049156059,0.5249770567116041,0.5447854222495814,0.07471129166488588,2026-02-28,793,ok,0.0001194573116783041,1.160524888809286,0.2658773123411061,-0.0014123829015935969,0.01613396875190251,-0.08499075794946756
CMP007,Canadian Natural Resources Limited,CNQ.TO,^GSPTSE,CAD,Toronto Stock Exchange,PRIMARY_DIRECT,Raw Materials & Energy,False,2025-11-19,45.84421920776367,30278.400390625,0.004835973798885007,0.008053547870923605,-0.003217574072038598,0.5323518058017622,0.5572264255979733,0.07149371759284728,2026-02-28,793,ok,0.0001194573116783041,1.160524888809286,0.2658773123411061,0.009465800059102185,-0.004629826260217178,-0.08962058420968474
CMP007,Canadian Natural Resources Limited,CNQ.TO,^GSPTSE,CAD,Toronto Stock Exchange,PRIMARY_DIRECT,Raw Materials & Energy,False,2025-11-20,45.949745178222656,29906.599609375,0.002301838100475573,-0.01227940632442126,0.014581244424896833,0.5358790315716893,0.5381046095789297,0.08607496201774412,2026-02-28,793,ok,0.0001194573116783041,1.160524888809286,0.2658773123411061,-0.014131099347614723,0.016432937448090296,-0.07318764676159445
CMP007,Canadian Natural Resources Limited,CNQ.TO,^GSPTSE,CAD,Toronto Stock Exchange,PRIMARY_DIRECT,Raw Materials & Energy,False,2025-11-21,45.1919059753418,30160.69921875,-0.016492783582182535,0.008496439337601691,-0.024989222919784226,0.5105481110955652,0.5511730220891027,0.06108573909795989,2026-02-28,793,ok,0.0001194573116783041,1.160524888809286,0.2658773123411061,0.009979786629223351,-0.026472570211405887,-0.09966021697300034
CMP007,Canadian Natural Resources Limited,CNQ.TO,^GSPTSE,CAD,Toronto Stock Exchange,PRIMARY_DIRECT,Raw Materials & Energy,False,2025-11-24,44.58755493164063,30604.400390625,-0.01337299303178141,0.014711236256723215,-0.028084229288504625,0.4903475617317137,0.5739926948921108,0.033001509809455265,2026-02-28,793,ok,0.0001194573116783041,1.160524888809286,0.2658773123411061,0.017192213132759152,-0.030565206164540563,-0.1302254231375409
CMP007,Canadian Natural Resources Limited,CNQ.TO,^GSPTSE,CAD,Toronto Stock Exchange,PRIMARY_DIRECT,Raw Materials & Energy,False,2025-11-25,44.93289566040039,30900.69921875,0.007745226875284228,0.009681575993750302,-0.0019363491184660742,0.5018906417203524,0.5892314247813166,0.03106516069098919,2026-02-28,793,ok,0.0001194573116783041,1.160524888809286,0.2658773123411061,0.011355167215324027,-0.003609940340039799,-0.1338353634775807
CMP007,Canadian Natural Resources Limited,CNQ.TO,^GSPTSE,CAD,Toronto Stock Exchange,PRIMARY_DIRECT,Raw Materials & Energy,False,2025-11-26,44.89452362060547,31180.30078125,-0.0008539854650129186,0.009048389504737964,-0.009902374969750882,0.5006080489422842,0.6036114097259075,0.02116278572123831,2026-02-28,793,ok,0.0001194573116783041,1.160524888809286,0.2658773123411061,0.010620338535567441,-0.01147432400058036,-0.14530968747816106
CMP007,Canadian Natural Resources Limited,CNQ.TO,^GSPTSE,CAD,Toronto Stock Exchange,PRIMARY_DIRECT,Raw Materials & Energy,False,2025-11-27,44.82737731933594,31216.19921875,-0.001495645701399373,0.0011513178705955252,-0.002646963571994898,0.4983636709643984,0.6054576761994159,0.01851582214924341,2026-02-28,793,ok,0.0001194573116783041,1.160524888809286,0.2658773123411061,0.00145559035543532,-0.0029512360568346926,-0.14826092353499576
CMP007,Canadian Natural Resources Limited,CNQ.TO,^GSPTSE,CAD,Toronto Stock Exchange,PRIMARY_DIRECT,Raw Materials & Energy,False,2025-11-28,45.36457824707031,31382.80078125,0.01198376884526442,0.005337022657131429,0.00664674618813299,0.5163197148433776,0.6140260401923578,0.0251625683373764,2026-02-28,793,ok,0.0001194573116783041,1.160524888809286,0.2658773123411061,0.006313204937418397,0.005670563907846023,-0.14259035962714975
CMP007,Canadian Natural Resources Limited,CNQ.TO,^GSPTSE,CAD,Toronto Stock Exchange,PRIMARY_DIRECT,Raw Materials & Energy,False,2025-12-01,45.729103088378906,31101.80078125,0.00803545090452018,-0.00895394907416569,0.01698939997868587,0.5285040274675576,0.5995741332240982,0.04215196831606227,2026-02-28,793,ok,0.0001194573116783041,1.160524888809286,0.2658773123411061,-0.010271823442021842,0.018307274346542023,-0.12428308528060772
CMP007,Canadian Natural Resources Limited,CNQ.TO,^GSPTSE,CAD,Toronto Stock Exchange,PRIMARY_DIRECT,Raw Materials & Energy,False,2025-12-02,45.02882766723633,31049.30078125,-0.01531356125199268,-0.0016880051534395868,-0.013625556098553093,0.5050971874190158,0.5968740438439073,0.02852641221750918,2026-02-28,793,ok,0.0001194573116783041,1.160524888809286,0.2658773123411061,-0.0018395146813266743,-0.013474046570666006,-0.13775713185127372
CMP007,Canadian Natural Resources Limited,CNQ.TO,^GSPTSE,CAD,Toronto Stock Exchange,PRIMARY_DIRECT,Raw Materials & Energy,False,2025-12-03,45.7003288269043,31160.5,0.014912694699279472,0.0035813759392981925,0.01133131875998128,0.5275422422677398,0.6025930501226198,0.03985773097749046,2026-02-28,793,ok,0.0001194573116783041,1.160524888809286,0.2658773123411061,0.004275733225416591,0.01063696147386288,-0.12712017037741086
CMP007,Canadian Natural Resources Limited,CNQ.TO,^GSPTSE,CAD,Toronto Stock Exchange,PRIMARY_DIRECT,Raw Materials & Energy,False,2025-12-04,46.13200759887695,31477.599609375,0.009445857022335469,0.010176332516326658,-0.0007304754939911895,0.5419711878837785,0.6189015698890217,0.03912725548349927,2026-02-28,793,ok,0.0001194573116783041,1.160524888809286,0.2658773123411061,0.011929344473674622,-0.002483487451339153,-0.12960365782875
CMP007,Canadian Natural Resources Limited,CNQ.TO,^GSPTSE,CAD,Toronto Stock Exchange,PRIMARY_DIRECT,Raw Materials & Energy,False,2025-12-05,46.00729751586914,31311.400390625,-0.002703330930060144,-0.005279920350105161,0.002576589420045017,0.5378027294783108,0.6103538985453474,0.041703844903544285,2026-02-28,793,ok,0.0001194573116783041,1.160524888809286,0.2658773123411061,-0.006008021665549375,0.003304690735489231,-0.12629896709326077
CMP007,Canadian Natural Resources Limited,CNQ.TO,^GSPTSE,CAD,Toronto Stock Exchange,PRIMARY_DIRECT,Raw Materials & Energy,False,2025-12-08,45.28783416748047,31170.0,-0.01563802673131387,-0.0045159395255709445,-0.011122087205742925,0.5137545292872414,0.6030816377247492,0.03058175769780136,2026-02-28,793,ok,0.0001194573116783041,1.160524888809286,0.2658773123411061,-0.005121402904104377,-0.010516623827209493,-0.13681559092047027
CMP007,Canadian Natural Resources Limited,CNQ.TO,^GSPTSE,CAD,Toronto Stock Exchange,PRIMARY_DIRECT,Raw Materials & Energy,False,2025-12-09,44.76982116699219,31244.400390625,-0.01143823744303163,0.0023869230229387473,-0.013825160465970376,0.49643984555078946,0.6069080701934848,0.016756597231830983,2026-02-28,793,ok,0.0001194573116783041,1.160524888809286,0.2658773123411061,0.0028895408874706186,-0.014327778330502248,-0.15114336925097252
CMP007,Canadian Natural Resources Limited,CNQ.TO,^GSPTSE,CAD,Toronto Stock Exchange,PRIMARY_DIRECT,Raw Materials & Energy,False,2025-12-10,44.6163330078125,31490.900390625,-0.0034283844603080205,0.007889413684314617,-0.011317798144622637,0.49130947443851736,0.6195856327119049,0.005438799087208346,2026-02-28,793,ok,0.0001194573116783041,1.160524888809286,0.2658773123411061,0.009275318250437986,-0.012703702710746006,-0.16384707196171852
CMP007,Canadian Natural Resources Limited,CNQ.TO,^GSPTSE,CAD,Toronto Stock Exchange,PRIMARY_DIRECT,Raw Materials & Energy,False,2025-12-11,43.76256561279297,31660.69921875,-0.019135758980237894,0.005391996609139582,-0.024527755589377476,0.46277213577071663,0.6283184329516986,-0.01908895650216913,2026-02-28,793,ok,0.0001194573116783041,1.160524888809286,0.2658773123411061,0.006377003576960065,-0.02551276255719796,-0.18935983451891647
CMP007,Canadian Natural Resources Limited,CNQ.TO,^GSPTSE,CAD,Toronto Stock Exchange,PRIMARY_DIRECT,Raw Materials & Energy,False,2025-12-12,44.15906524658203,31527.400390625,0.009060246542610173,-0.004210230077485444,0.013270476620095617,0.47602521195645986,0.6214628377095615,-0.005818479882073513,2026-02-28,793,ok,0.0001194573116783041,1.160524888809286,0.2658773123411061,-0.004766619480857003,0.013826866023467176,-0.1755329684954493
CMP007,Canadian Natural Resources Limited,CNQ.TO,^GSPTSE,CAD,Toronto Stock Exchange,PRIMARY_DIRECT,Raw Materials & Energy,False,2025-12-15,43.40105819702149,31483.400390625,-0.017165378056076763,-0.0013956114191097102,-0.015769766636967053,0.4506886811729265,0.6191999056575919,-0.021588246519040566,2026-02-28,793,ok,0.0001194573116783041,1.160524888809286,0.2658773123411061,-0.0015001844753049622,-0.0156651935807718,-0.1911981620762211
CMP007,Canadian Natural Resources Limited,CNQ.TO,^GSPTSE,CAD,Toronto Stock Exchange,PRIMARY_DIRECT,Raw Materials & Energy,False,2025-12-16,41.7878532409668,31263.900390625,-0.037169714819658584,-0.006971927977174941,-0.030197786842483643,0.3967669966016223,0.6079109605346986,-0.05178603336152421,2026-02-28,793,ok,0.0001194573116783041,1.160524888809286,0.2658773123411061,-0.007971638628818995,-0.02919807619083959,-0.22039623826706067
CMP007,Canadian Natural Resources Limited,CNQ.TO,^GSPTSE,CAD,Toronto Stock Exchange,PRIMARY_DIRECT,Raw Materials & Energy,False,2025-12-17,42.7110710144043,31250.0,0.022092969651104744,-0.00044461472981049965,0.022537584380915243,0.4276257274672066,0.6071960596374211,-0.029248448980608965,2026-02-28,793,ok,0.0001194573116783041,1.160524888809286,0.2658773123411061,-0.00039652914819799675,0.02248949879930274,-0.19790673946775794
CMP007,Canadian Natural Resources Limited,CNQ.TO,^GSPTSE,CAD,Toronto Stock Exchange,PRIMARY_DIRECT,Raw Materials & Energy,False,2025-12-18,42.18629455566406,31440.900390625,-0.012286661192908332,0.006108812499999949,-0.018395473692908282,0.4100849738435377,0.6170141190164848,-0.04764392267351725,2026-02-28,793,ok,0.0001194573116783041,1.160524888809286,0.2658773123411061,0.007208886258997522,-0.019495547451905855,-0.2174022869196638
CMP007,Canadian Natural Resources Limited,CNQ.TO,^GSPTSE,CAD,Toronto Stock Exchange,PRIMARY_DIRECT,Raw Materials & Energy,False,2025-12-19,42.74995040893555,31755.80078125,0.013361113110509137,0.010015628900974294,0.0033454842095348436,0.4289252786744906,0.6332095323601898,-0.044298438463982404,2026-02-28,793,ok,0.0001194573116783041,1.160524888809286,0.2658773123411061,0.011742843928336568,0.001618269182172569,-0.21578401773749123
CMP007,Canadian Natural Resources Limited,CNQ.TO,^GSPTSE,CAD,Toronto Stock Exchange,PRIMARY_DIRECT,Raw Materials & Energy,False,2025-12-22,43.22613143920898,32000.099609375,0.011138750471483494,0.007693045746440363,0.0034457047250431305,0.4448417207960407,0.6457738880061592,-0.04085273373893927,2026-02-28,793,ok,0.0001194573116783041,1.160524888809286,0.2658773123411061,0.009047428371170759,0.002091322100312735,-0.2136926956371785
CMP007,Canadian Natural Resources Limited,CNQ.TO,^GSPTSE,CAD,Toronto Stock Exchange,PRIMARY_DIRECT,Raw Materials & Energy,False,2025-12-23,43.69260025024414,32058.69921875,0.010791361509904673,0.0018312320927222903,0.008960129417182383,0.46043353012974353,0.6487876819672405,-0.03189260432175689,2026-02-28,793,ok,0.0001194573116783041,1.160524888809286,0.2658773123411061,0.0022446477324688362,0.008546713777435837,-0.20514598185974264
CMP007,Canadian Natural Resources Limited,CNQ.TO,^GSPTSE,CAD,Toronto Stock Exchange,PRIMARY_DIRECT,Raw Materials & Energy,False,2025-12-24,43.79949951171875,31999.80078125,0.002446621644451419,-0.0018372060918040445,0.004283827736255463,0.46400665841484146,0.6457585191938389,-0.027608776585501427,2026-02-28,793,ok,0.0001194573116783041,1.160524888809286,0.2658773123411061,-0.0020126660837323277,0.004459287728183747,-0.2006866941315589
CMP007,Canadian Natural Resources Limited,CNQ.TO,^GSPTSE,CAD,Toronto Stock Exchange,PRIMARY_DIRECT,Raw Materials & Energy,False,2025-12-29,44.207664489746094,31896.599609375,0.009318941599278707,-0.003225056698961337,0.012543998298240044,0.47764965096556455,0.6404508546566401,-0.015064778287261382,2026-02-28,793,ok,0.0001194573116783041,1.160524888809286,0.2658773123411061,-0.0036233012552874446,0.012942242854566152,-0.18774445127699274
CMP007,Canadian Natural Resources Limited,CNQ.TO,^GSPTSE,CAD,Toronto Stock Exchange,PRIMARY_DIRECT,Raw Materials & Energy,False,2025-12-30,45.1600341796875,31866.30078125,0.021543089890267986,-0.0009499077800160238,0.02249299767028401,0.5094827902226389,0.6388925776270677,0.007428219383022627,2026-02-28,793,ok,0.0001194573116783041,1.160524888809286,0.2658773123411061,-0.0009829343091038677,0.022526024199371854,-0.16521842707762088
CMP007,Canadian Natural Resources Limited,CNQ.TO,^GSPTSE,CAD,Toronto Stock Exchange,PRIMARY_DIRECT,Raw Materials & Energy,False,2025-12-31,45.17947006225586,31712.80078125,0.0004303779419436715,-0.004817000914342673,0.005247378856286344,0.5101324383192942,0.6309980305821288,0.012675598239308972,2026-02-28,793,ok,0.0001194573116783041,1.160524888809286,0.2658773123411061,-0.005470792138833456,0.005901170080777128,-0.15931725699684376
CMP007,Canadian Natural Resources Limited,CNQ.TO,^GSPTSE,CAD,Toronto Stock Exchange,PRIMARY_DIRECT,Raw Materials & Energy,False,2026-01-02,45.79170989990234,31883.400390625,0.013551284174047051,0.005379518843251052,0.008171765330796,0.5305966721314055,0.6397720152209507,0.02084736357010497,2026-02-28,793,ok,0.0001194573116783041,1.160524888809286,0.2658773123411061,0.00636252281908969,0.007188761354957361,-0.1521284956418864
CMP007,Canadian Natural Resources Limited,CNQ.TO,^GSPTSE,CAD,Toronto Stock Exchange,PRIMARY_DIRECT,Raw Materials & Energy,False,2026-01-05,43.031768798828125,32220.0,-0.06027163229124355,0.010557205481570131,-0.07082883777281368,0.4383451123225004,0.6570834253285667,-0.04998147420270871,2026-02-28,793,ok,0.0001194573116783041,1.160524888809286,0.2658773123411061,0.012371357029314266,-0.07264298932055782,-0.22477148496244423
CMP007,Canadian Natural Resources Limited,CNQ.TO,^GSPTSE,CAD,Toronto Stock Exchange,PRIMARY_DIRECT,Raw Materials & Energy,False,2026-01-06,42.37093734741211,32407.0,-0.015356827522135519,0.0058038485412788,-0.02116067606341432,0.41625669451525704,0.666700886549437,-0.07114215026612303,2026-02-28,793,ok,0.0001194573116783041,1.160524888809286,0.2658773123411061,0.00685496799471182,-0.02221179551684734,-0.24698328047929158
CMP007,Canadian Natural Resources Limited,CNQ.TO,^GSPTSE,CAD,Toronto Stock Exchange,PRIMARY_DIRECT,Raw Materials & Energy,False,2026-01-07,41.18532943725586,32135.5,-0.027981630437747707,-0.008377819606875003,-0.019603810830872703,0.376627523084345,0.6527375671833071,-0.09074596109699573,2026-02-28,793,ok,0.0001194573116783041,1.160524888809286,0.2658773123411061,-0.009603210856054565,-0.01837841958169314,-0.2653617000609847
CMP007,Canadian Natural Resources Limited,CNQ.TO,^GSPTSE,CAD,Toronto Stock Exchange,PRIMARY_DIRECT,Raw Materials & Energy,False,2026-01-08,42.477840423583984,32378.599609375,0.03138280072027122,0.007564830463972827,0.023817970256298393,0.4198299503073415,0.6652402466804876,-0.06692799084069734,2026-02-28,793,ok,0.0001194573116783041,1.160524888809286,0.2658773123411061,0.00889863134474147,0.02248416937552975,-0.24287753068545495
CMP007,Canadian Natural Resources Limited,CNQ.TO,^GSPTSE,CAD,Toronto Stock Exchange,PRIMARY_DIRECT,Raw Materials & Energy,False,2026-01-09,43.362186431884766,32612.900390625,0.020818996433956904,0.007236285203086945,0.01358271123086996,0.44938938497961534,0.6772904000371265,-0.05334527960982738,2026-02-28,793,ok,0.0001194573116783041,1.160524888809286,0.2658773123411061,0.008517346392383064,0.01230165004157384,-0.2305758806438811
CMP007,Canadian Natural Resources Limited,CNQ.TO,^GSPTSE,CAD,Toronto Stock Exchange,PRIMARY_DIRECT,Raw Materials & Energy,False,2026-01-12,43.54682922363281,32874.69921875,0.004258152250650182,0.008027462292199417,-0.003769310041549234,0.4555611056513347,0.6907547854764926,-0.05711458965137661,2026-02-28,793,ok,0.0001194573116783041,1.160524888809286,0.2658773123411061,0.009435527095753769,-0.005177374845103586,-0.23575325548898468
CMP007,Canadian Natural Resources Limited,CNQ.TO,^GSPTSE,CAD,Toronto Stock Exchange,PRIMARY_DIRECT,Raw Materials & Energy,False,2026-01-13,44.69356918334961,32870.3984375,0.026333489261129994,-0.00013082344028103599,0.02646431270141103,0.49389110839592254,0.690533595118785,-0.030650276949965582,2026-02-28,793,ok,0.0001194573116783041,1.160524888809286,0.2658773123411061,-3.236654680749347e-05,0.02636585580793749,-0.2093873996810472
CMP007,Canadian Natural Resources Limited,CNQ.TO,^GSPTSE,CAD,Toronto Stock Exchange,PRIMARY_DIRECT,Raw Materials & Energy,False,2026-01-14,46.67605972290039,32916.5,0.04435740031005064,0.0014025252108720299,0.04295487509917861,0.5601562343106656,0.6929046111057653,0.01230459814921303,2026-02-28,793,ok,0.0001194573116783041,1.160524888809286,0.2658773123411061,0.0017471227260777871,0.04261027758397286,-0.16677712209707435
CMP007,Canadian Natural Resources Limited,CNQ.TO,^GSPTSE,CAD,Toronto Stock Exchange,PRIMARY_DIRECT,Raw Materials & Energy,False,2026-01-15,46.10269165039063,33028.8984375,-0.0122839861786459,0.00341465336533342,-0.01569863954397932,0.5409912966918651,0.6986852935332661,-0.0033940413947662895,2026-02-28,793,ok,0.0001194573116783041,1.160524888809286,0.2658773123411061,0.004082247528804125,-0.016366233707450027,-0.18314335580452437
CMP007,Canadian Natural Resources Limited,CNQ.TO,^GSPTSE,CAD,Toronto Stock Exchange,PRIMARY_DIRECT,Raw Materials & Energy,False,2026-01-16,46.44282913208008,33040.6015625,0.007377822628422681,0.0003543298612318502,0.007023492767190831,0.5523604571508007,0.6992871884576004,0.0036294513724245414,2026-02-28,793,ok,0.0001194573116783041,1.160524888809286,0.2658773123411061,0.0005306659344862068,0.006847156693936474,-0.1762961991105879
CMP007,Canadian Natural Resources Limited,CNQ.TO,^GSPTSE,CAD,Toronto Stock Exchange,PRIMARY_DIRECT,Raw Materials & Energy,False,2026-01-19,46.69549560546875,33091.0,0.005440376439387551,0.0015253486654795978,0.003915027773907953,0.5608058824073208,0.7018791939027809,0.0075444791463324945,2026-02-28,793,ok,0.0001194573116783041,1.160524888809286,0.2658773123411061,0.0018896624020794072,0.0035507140373081435,-0.17274548507327975
CMP007,Canadian Natural Resources Limited,CNQ.TO,^GSPTSE,CAD,Toronto Stock Exchange,PRIMARY_DIRECT,Raw Materials & Energy,False,2026-01-20,46.27761459350586,32750.30078125,-0.008949064712656107,-0.010295827226436183,0.0013467625137800754,0.5468381295617633,0.6843569397620914,0.00889124166011257,2026-02-28,793,ok,0.0001194573116783041,1.160524888809286,0.2658773123411061,-0.011829106435481166,0.0028800417228250583,-0.1698654433504547
CMP007,Canadian Natural Resources Limited,CNQ.TO,^GSPTSE,CAD,Toronto Stock Exchange,PRIMARY_DIRECT,Raw Materials & Energy,False,2026-01-21,48.34757232666016,32851.5,0.04472913635105091,0.003090024101639388,0.041639112249411525,0.6160268631719359,0.6895616433017198,0.050530353909524095,2026-02-28,793,ok,0.0001194573116783041,1.160524888809286,0.2658773123411061,0.003705507188651369,0.041023629162399544,-0.12884181418805515
CMP007,Canadian Natural Resources Limited,CNQ.TO,^GSPTSE,CAD,Toronto Stock Exchange,PRIMARY_DIRECT,Raw Materials & Energy,False,2026-01-22,47.51181411743164,33002.69921875,-0.017286456568733732,0.0046025057836018846,-0.021888962352335617,0.5880914849878072,0.6973378605367679,0.028641391557188478,2026-02-28,793,ok,0.0001194573116783041,1.160524888809286,0.2658773123411061,0.005460779824436977,-0.02274723639317071,-0.15158905058122585
CMP007,Canadian Natural Resources Limited,CNQ.TO,^GSPTSE,CAD,Toronto Stock Exchange,PRIMARY_DIRECT,Raw Materials & Energy,False,2026-01-23,48.07546615600586,33145.0,0.011863408060594827,0.004311792205443421,0.007551615855151406,0.6069316623117735,0.7046564286938344,0.036193007412339884,2026-02-28,793,ok,0.0001194573116783041,1.160524888809286,0.2658773123411061,0.005123399481469277,0.00674000857912555,-0.1448490420021003
CMP007,Canadian Natural Resources Limited,CNQ.TO,^GSPTSE,CAD,Toronto Stock Exchange,PRIMARY_DIRECT,Raw Materials & Energy,False,2026-01-26,48.03659057617188,33093.30078125,-0.0008086365654328409,-0.0015597893724543788,0.0007511528070215379,0.6056322386114765,0.7019975237126717,0.03694416021936142,2026-02-28,793,ok,0.0001194573116783041,1.160524888809286,0.2658773123411061,-0.0016907170763552199,0.000882080510922379,-0.14396696149117794
CMP007,Canadian Natural Resources Limited,CNQ.TO,^GSPTSE,CAD,Toronto Stock Exchange,PRIMARY_DIRECT,Raw Materials & Energy,False,2026-01-27,48.4058837890625,33096.3984375,0.0076877482032167155,9.36037257350808e-05,0.007594144477481635,0.6179759349688887,0.702156837022083,0.044538304696843056,2026-02-28,793,ok,0.0001194573116783041,1.160524888809286,0.2658773123411061,0.00022808676507914366,0.007459661438137572,-0.13650730005304038
CMP007,Canadian Natural Resources Limited,CNQ.TO,^GSPTSE,CAD,Toronto Stock Exchange,PRIMARY_DIRECT,Raw Materials & Energy,False,2026-01-28,48.81403732299805,33176.1015625,0.008431899223535488,0.0024082114297274693,0.006023687793808019,0.631618544998652,0.7062559905721884,0.050561992490651075,2026-02-28,793,ok,0.0001194573116783041,1.160524888809286,0.2658773123411061,0.0029142466133920274,0.005517652610143461,-0.13098964744289693
CMP007,Canadian Natural Resources Limited,CNQ.TO,^GSPTSE,CAD,Toronto Stock Exchange,PRIMARY_DIRECT,Raw Materials & Energy,False,2026-01-29,49.58177185058594,33016.1015625,0.015727740823973768,-0.004822748679454647,0.020550489503428415,0.65728021859798,0.6980271467468449,0.07111248199407949,2026-02-28,793,ok,0.0001194573116783041,1.160524888809286,0.2658773123411061,-0.005477462563300932,0.0212052033872747,-0.10978444405562222
CMP007,Canadian Natural Resources Limited,CNQ.TO,^GSPTSE,CAD,Toronto Stock Exchange,PRIMARY_DIRECT,Raw Materials & Energy,False,2026-01-30,49.2027702331543,31923.5,-0.007643970824071311,-0.033092991322179244,0.025449020498107933,0.6446120169597065,0.6418343491147267,0.09656150249218742,2026-02-28,793,ok,0.0001194573116783041,1.160524888809286,0.2658773123411061,-0.03828578276286043,0.03064181193878912,-0.0791426321168331
CMP007,Canadian Natural Resources Limited,CNQ.TO,^GSPTSE,CAD,Toronto Stock Exchange,PRIMARY_DIRECT,Raw Materials & Energy,False,2026-02-02,48.5030632019043,32183.900390625,-0.01422088691214618,0.008157012565194854,-0.022377899477341034,0.6212241754521659,0.6552268125304241,0.07418360301484639,2026-02-28,793,ok,0.0001194573116783041,1.160524888809286,0.2658773123411061,0.009585873411917013,-0.023806760324063193,-0.10294939244089629
CMP007,Canadian Natural Resources Limited,CNQ.TO,^GSPTSE,CAD,Toronto Stock Exchange,PRIMARY_DIRECT,Raw Materials & Energy,False,2026-02-03,49.66923522949219,32388.599609375,0.024043265530126368,0.006360298666895803,0.017682966863230565,0.6602036987864226,0.6657545494195716,0.09186656987807695,2026-02-28,793,ok,0.0001194573116783041,1.160524888809286,0.2658773123411061,0.007500742214871406,0.01654252331525496,-0.08640686912564133
CMP007,Canadian Natural Resources Limited,CNQ.TO,^GSPTSE,CAD,Toronto Stock Exchange,PRIMARY_DIRECT,Raw Materials & Energy,False,2026-02-04,51.16582489013672,32571.599609375,0.030131119469218204,0.005650136227162816,0.024480983242055387,0.7102274947777942,0.6751662895448083,0.11634755312013234,2026-02-28,793,ok,0.0001194573116783041,1.160524888809286,0.2658773123411061,0.0066765810284637505,0.023454538440754454,-0.06295233068488687
CMP007,Canadian Natural Resources Limited,CNQ.TO,^GSPTSE,CAD,Toronto Stock Exchange,PRIMARY_DIRECT,Raw Materials & Energy,False,2026-02-05,50.43696975708008,31994.599609375,-0.014244960080710856,-0.017714819257262482,0.0034698591765516262,0.6858653723857504,0.645491021499663,0.11981741229668397,2026-02-28,793,ok,0.0001194573116783041,1.160524888809286,0.2658773123411061,-0.020439031337132835,0.00619407125642198,-0.056758259428464894
CMP007,Canadian Natural Resources Limited,CNQ.TO,^GSPTSE,CAD,Toronto Stock Exchange,PRIMARY_DIRECT,Raw Materials & Energy,False,2026-02-06,51.89468765258789,32471.0,0.028901773887856974,0.014890025080526614,0.01401174880733036,0.7345898721838111,0.6699924240795743,0.13382916110401433,2026-02-28,793,ok,0.0001194573116783041,1.160524888809286,0.2658773123411061,0.017399702012623933,0.011502071875233041,-0.04525618755323185
CMP007,Canadian Natural Resources Limited,CNQ.TO,^GSPTSE,CAD,Toronto Stock Exchange,PRIMARY_DIRECT,Raw Materials & Energy,False,2026-02-09,51.62257766723633,33023.30078125,-0.005243503673694305,0.017009047496227447,-0.022252551169921753,0.7254945438166625,0.6983974045390837,0.11157660993409257,2026-02-28,793,ok,0.0001194573116783041,1.160524888809286,0.2658773123411061,0.019858880265989528,-0.025102383939683833,-0.07035857149291569
CMP007,Canadian Natural Resources Limited,CNQ.TO,^GSPTSE,CAD,Toronto Stock Exchange,PRIMARY_DIRECT,Raw Materials & Energy,False,2026-02-10,51.53511047363281,33256.80078125,-0.0016943592814627761,0.007070765019727476,-0.008765124301190252,0.7225709361212334,0.7104063734966946,0.10281148563290232,2026-02-28,793,ok,0.0001194573116783041,1.160524888809286,0.2658773123411061,0.008325256099994124,-0.0100196153814569,-0.08037818687437259
CMP007,Canadian Natural Resources Limited,CNQ.TO,^GSPTSE,CAD,Toronto Stock Exchange,PRIMARY_DIRECT,Raw Materials & Energy,False,2026-02-11,53.614784240722656,33254.19921875,0.040354502939386805,-7.822648116728725e-05,0.04043272942055409,0.79208443002624,0.7102725744247298,0.14324421505345641,2026-02-28,793,ok,0.0001194573116783041,1.160524888809286,0.2658773123411061,2.867353331969635e-05,0.04032582940606711,-0.04005235746830548
CMP007,Canadian Natural Resources Limited,CNQ.TO,^GSPTSE,CAD,Toronto Stock Exchange,PRIMARY_DIRECT,Raw Materials & Energy,False,2026-02-12,52.89564514160156,32465.30078125,-0.01341307457085461,-0.023723272730476364,0.010310198159621753,0.7680470679290305,0.669699311698198,0.15355441321307817,2026-02-28,793,ok,0.0001194573116783041,1.160524888809286,0.2658773123411061,-0.027411991136050147,0.013998916565195536,-0.026053440903109945
CMP007,Canadian Natural Resources Limited,CNQ.TO,^GSPTSE,CAD,Toronto Stock Exchange,PRIMARY_DIRECT,Raw Materials & Energy,False,2026-02-13,53.82858276367188,33073.69921875,0.017637323820757667,0.018739959983718135,-0.0011026361629604686,0.799230686596436,0.700989409984264,0.1524517770501177,2026-02-28,793,ok,0.0001194573116783041,1.160524888809286,0.2658773123411061,0.021867647288073264,-0.004230323467315597,-0.030283764370425542
CMP007,Canadian Natural Resources Limited,CNQ.TO,^GSPTSE,CAD,Toronto Stock Exchange,PRIMARY_DIRECT,Raw Materials & Energy,False,2026-02-17,53.81886672973633,32896.6015625,-0.0001804995308573032,-0.005354637081224967,0.005174137550367663,0.7989059263016014,0.6918812290147913,0.15762591460048536,2026-02-28,793,ok,0.0001194573116783041,1.160524888809286,0.2658773123411061,-0.00609473229162438,0.005914232760767077,-0.024369531609658466
CMP007,Canadian Natural Resources Limited,CNQ.TO,^GSPTSE,CAD,Toronto Stock Exchange,PRIMARY_DIRECT,Raw Materials & Energy,False,2026-02-18,55.48066329956055,33389.69921875,0.030877583843771816,0.014989319042976845,0.01588826480079497,0.854451794868037,0.7172413765393177,0.17351417940128033,2026-02-28,793,ok,0.0001194573116783041,1.160524888809286,0.2658773123411061,0.017514935127355923,0.013362648716415893,-0.011006882893242573
CMP007,Canadian Natural Resources Limited,CNQ.TO,^GSPTSE,CAD,Toronto Stock Exchange,PRIMARY_DIRECT,Raw Materials & Energy,False,2026-02-19,56.588523864746094,33595.0,0.019968408798644033,0.0061486262546119885,0.013819782544032044,0.8914822464053411,0.7278000519526133,0.18733396194531238,2026-02-28,793,ok,0.0001194573116783041,1.160524888809286,0.2658773123411061,0.007255091112141739,0.012713317686502294,0.0017064347932597215
CMP007,Canadian Natural Resources Limited,CNQ.TO,^GSPTSE,CAD,Toronto Stock Exchange,PRIMARY_DIRECT,Raw Materials & Energy,False,2026-02-20,56.36500930786133,33817.5,-0.0039498212997920445,0.006623009376395261,-0.010572830676187306,0.8840112295403109,0.7392432878972317,0.17676113126912507,2026-02-28,793,ok,0.0001194573116783041,1.160524888809286,0.2658773123411061,0.007805624531802273,-0.011755445831594317,-0.010049011038334596
CMP007,Canadian Natural Resources Limited,CNQ.TO,^GSPTSE,CAD,Toronto Stock Exchange,PRIMARY_DIRECT,Raw Materials & Energy,False,2026-02-23,56.38444519042969,33776.5,0.00034482177519401525,-0.0012123900347452699,0.001557211809939285,0.8846608776369664,0.7371346466669875,0.17831834307906436,2026-02-28,793,ok,0.0001194573116783041,1.160524888809286,0.2658773123411061,-0.0012875514985879366,0.0016323732737819519,-0.008416637764552645
CMP007,Canadian Natural Resources Limited,CNQ.TO,^GSPTSE,CAD,Toronto Stock Exchange,PRIMARY_DIRECT,Raw Materials & Energy,False,2026-02-24,56.70514297485352,33970.3984375,0.005687699565735338,0.005740631430136256,-5.2931864400918016e-05,0.8953802624922607,0.7471068964180225,0.17826541121466344,2026-02-28,793,ok,0.0001194573116783041,1.160524888809286,0.2658773123411061,0.006781602963832275,-0.0010939033980969367,-0.009510541162649582
CMP007,Canadian Natural Resources Limited,CNQ.TO,^GSPTSE,CAD,Toronto Stock Exchange,PRIMARY_DIRECT,Raw Materials & Energy,False,2026-02-25,56.588523864746094,34127.30078125,-0.0020565878858491704,0.004618796097981548,-0.006675383983830718,0.8914822464053413,0.7551764269339547,0.17159002723083272,2026-02-28,793,ok,0.0001194573116783041,1.160524888809286,0.2658773123411061,0.005479685139721104,-0.007536273025570275,-0.017046814188219857
CMP007,Canadian Natural Resources Limited,CNQ.TO,^GSPTSE,CAD,Toronto Stock Exchange,PRIMARY_DIRECT,Raw Materials & Energy,False,2026-02-26,57.288230895996094,34502.0,0.012364822113444696,0.01097945662775257,0.001385365485692125,0.9148700879128822,0.7744473103875298,0.17297539271652485,2026-02-28,793,ok,0.0001194573116783041,1.160524888809286,0.2658773123411061,0.012861389993787236,-0.00049656788034254,-0.017543382068562395
CMP007,Canadian Natural Resources Limited,CNQ.TO,^GSPTSE,CAD,Toronto Stock Exchange,PRIMARY_DIRECT,Raw Materials & Energy,False,2026-02-27,57.98793411254883,34340.0,0.012213734053387215,-0.004695379977972314,0.01690911403135953,0.9382578019134362,0.7661156060143695,0.18988450674788437,2026-02-28,793,ok,0.0001194573116783041,1.160524888809286,0.2658773123411061,-0.005329648015175364,0.01754338206856258,1.8388068845354155e-16
CMP007,Canadian Natural Resources Limited,CNQ.TO,^GSPTSE,CAD,Toronto Stock Exchange,PRIMARY_DIRECT,Raw Materials & Energy,False,2026-03-02,58.87228393554688,34541.30078125,0.015250583358972891,0.005861991300232905,0.009388592058739986,0.9678173640926966,0.7764685603320312,0.19927309880662436,2026-02-28,793,ok,0.0001194573116783041,1.160524888809286,0.2658773123411061,0.0069224441135820975,0.008328139245390793,0.008328139245390977
CMP007,Canadian Natural Resources Limited,CNQ.TO,^GSPTSE,CAD,Toronto Stock Exchange,PRIMARY_DIRECT,Raw Materials & Energy,False,2026-03-03,58.65848159790039,33784.8984375,-0.003631629747549159,-0.021898490405451,0.01826686065790184,0.9606709800155138,0.7375665806080147,0.2175399594645262,2026-02-28,793,ok,0.0001194573116783041,1.160524888809286,0.2658773123411061,-0.025294285831198932,0.021662656083649773,0.02999079532904075
CMP007,Canadian Natural Resources Limited,CNQ.TO,^GSPTSE,CAD,Toronto Stock Exchange,PRIMARY_DIRECT,Raw Materials & Energy,False,2026-03-04,58.5418701171875,33942.8984375,-0.001987973052426706,0.004676645699920989,-0.006664618752347695,0.956773218942568,0.7456925638855416,0.2108753407121785,2026-02-28,793,ok,0.0001194573116783041,1.160524888809286,0.2658773123411061,0.005546821042579536,-0.007534794095006242,0.02245600123403451
CMP007,Canadian Natural Resources Limited,CNQ.TO,^GSPTSE,CAD,Toronto Stock Exchange,PRIMARY_DIRECT,Raw Materials & Energy,False,2026-03-05,60.21337890625,33610.0,0.02855236407235573,-0.009807601967550705,0.038359966039906435,1.0126437202968517,0.7285715060612392,0.24923530675208494,2026-02-28,793,ok,0.0001194573116783041,1.160524888809286,0.2658773123411061,-0.011262508871199213,0.039814872943554944,0.062270874177589454
CMP007,Canadian Natural Resources Limited,CNQ.TO,^GSPTSE,CAD,Toronto Stock Exchange,PRIMARY_DIRECT,Raw Materials & Energy,False,2026-03-06,61.1851921081543,33083.69921875,0.016139489587810196,-0.01565905329515027,0.03179854288296047,1.0451267626645544,0.7015037127233481,0.2810338496350454,2026-02-28,793,ok,0.0001194573116783041,1.160524888809286,0.2658773123411061,-0.018053263772534647,0.034192753360344844,0.0964636275379343
CMP007,Canadian Natural Resources Limited,CNQ.TO,^GSPTSE,CAD,Toronto Stock Exchange,PRIMARY_DIRECT,Raw Materials & Energy,False,2026-03-09,61.00054931640625,33189.30078125,-0.003017769257333769,0.0031919514744032096,-0.0062097207317369785,1.0389550419928346,0.7069348300078779,0.27482412890330843,2026-02-28,793,ok,0.0001194573116783041,1.160524888809286,0.2658773123411061,0.0038237964415947256,-0.006841565698928494,0.08962206183900581
CMP007,Canadian Natural Resources Limited,CNQ.TO,^GSPTSE,CAD,Toronto Stock Exchange,PRIMARY_DIRECT,Raw Materials & Energy,False,2026-03-10,60.35914993286133,33270.69921875,-0.010514649306156643,0.002452550538394771,-0.012967199844551414,1.0175161447752599,0.7111211739442185,0.261856929058757,2026-02-28,793,ok,0.0001194573116783041,1.160524888809286,0.2658773123411061,0.0029657032525480503,-0.013480352558704693,0.07614170928030112
CMP007,Canadian Natural Resources Limited,CNQ.TO,^GSPTSE,CAD,Toronto Stock Exchange,PRIMARY_DIRECT,Raw Materials & Energy,False,2026-03-11,62.37080001831055,33119.80078125,0.033328005574744024,-0.004535475389557231,0.037863480964301255,1.0847559340954658,0.7033604259712443,0.29972041002305827,2026-02-28,793,ok,0.0001194573116783041,1.160524888809286,0.2658773123411061,-0.005144074760484855,0.03847208033522888,0.11461378961553
CMP007,Canadian Natural Resources Limited,CNQ.TO,^GSPTSE,CAD,Toronto Stock Exchange,PRIMARY_DIRECT,Raw Materials & Energy,False,2026-03-12,64.30470275878906,32840.6015625,0.031006540559216367,-0.008429978809173955,0.03943651936839032,1.149397003522064,0.6890011336759212,0.3391569293914486,2026-02-28,793,ok,0.0001194573116783041,1.160524888809286,0.2658773123411061,-0.009663742908502937,0.0406702834677193,0.1552840730832493
CMP007,Canadian Natural Resources Limited,CNQ.TO,^GSPTSE,CAD,Toronto Stock Exchange,PRIMARY_DIRECT,Raw Materials & Energy,False,2026-03-13,64.63511657714844,32541.900390625,0.005138252789983033,-0.009095484177003677,0.01423373696698671,1.1604411486721924,0.6736388505896307,0.3533906663584353,2026-02-28,793,ok,0.0001194573116783041,1.160524888809286,0.2658773123411061,-0.010436078451505508,0.015574331241488541,0.17085840432473784
CMP007,Canadian Natural Resources Limited,CNQ.TO,^GSPTSE,CAD,Toronto Stock Exchange,PRIMARY_DIRECT,Raw Materials & Energy,False,2026-03-16,64.85862731933594,32876.69921875,0.003458038818893616,0.010288238366725988,-0.006830199547832372,1.1679120380302361,0.6908576460243101,0.34656046681060293,2026-02-28,793,ok,0.0001194573116783041,1.160524888809286,0.2658773123411061,0.012059213998266413,-0.008601175179372797,0.16225722914536506
CMP007,Canadian Natural Resources Limited,CNQ.TO,^GSPTSE,CAD,Toronto Stock Exchange,PRIMARY_DIRECT,Raw Materials & Energy,False,2026-03-17,65.25707244873047,32929.1015625,0.006143286496532729,0.0015939052579863056,0.004549381238546424,1.181230142779138,0.6935527129168146,0.35110984804914935,2026-02-28,793,ok,0.0001194573116783041,1.160524888809286,0.2658773123411061,0.001969224033975398,0.004174062462557332,0.1664312916079224
CMP007,Canadian Natural Resources Limited,CNQ.TO,^GSPTSE,CAD,Toronto Stock Exchange,PRIMARY_DIRECT,Raw Materials & Energy,False,2026-03-18,65.58749389648438,32312.69921875,0.005063381413769497,-0.018719075665640572,0.02378245707941007,1.1922745429432395,0.6618509715399739,0.3748923051285594,2026-02-28,793,ok,0.0001194573116783041,1.160524888809286,0.2658773123411061,-0.021604495893801832,0.02666787730757133,0.19309916891549372
CMP007,Canadian Natural Resources Limited,CNQ.TO,^GSPTSE,CAD,Toronto Stock Exchange,PRIMARY_DIRECT,Raw Materials & Energy,False,2026-03-19,67.54083251953125,31855.0,0.02978218112937503,-0.014164685396644727,0.04394686652601976,1.2575652604664929,0.6383113753520018,0.4188391716545792,2026-02-28,793,ok,0.0001194573116783041,1.160524888809286,0.2658773123411061,-0.016319012633281334,0.04610119376265637,0.2392003626781501
CMP007,Canadian Natural Resources Limited,CNQ.TO,^GSPTSE,CAD,Toronto Stock Exchange,PRIMARY_DIRECT,Raw Materials & Energy,False,2026-03-20,66.0845947265625,31317.400390625,-0.021560850505472184,-0.016876459248940545,-0.004684391256531639,1.2088902333792273,0.6106624801887979,0.41415478039804754,2026-02-28,793,ok,0.0001194573116783041,1.160524888809286,0.2658773123411061,-0.01946609368169287,-0.0020947568237793153,0.23710560585437077
CMP007,Canadian Natural Resources Limited,CNQ.TO,^GSPTSE,CAD,Toronto Stock Exchange,PRIMARY_DIRECT,Raw Materials & Energy,False,2026-03-23,65.2020263671875,31883.80078125,-0.013355130087833511,0.018085804810112904,-0.031440934897946415,1.1793902169627026,0.6397926074204647,0.3827138455001011,2026-02-28,793,ok,0.0001194573116783041,1.160524888809286,0.2658773123411061,0.021108483927961035,-0.03446361401579455,0.20264199183857623
CMP007,Canadian Natural Resources Limited,CNQ.TO,^GSPTSE,CAD,Toronto Stock Exchange,PRIMARY_DIRECT,Raw Materials & Energy,False,2026-03-24,66.1728515625,31941.599609375,0.014889494228987,0.0018127960503062646,0.013076698178680735,1.2118402350208797,0.642765216982518,0.39579054367878186,2026-02-28,793,ok,0.0001194573116783041,1.160524888809286,0.2658773123411061,0.0022232522463938947,0.012666241982593104,0.21530823382116934
CMP007,Canadian Natural Resources Limited,CNQ.TO,^GSPTSE,CAD,Toronto Stock Exchange,PRIMARY_DIRECT,Raw Materials & Energy,False,2026-03-25,66.68277740478516,32382.599609375,0.0077059674812944845,0.01380644693419053,-0.006100479452896046,1.2288846039457693,0.6654459677761211,0.3896900642258858,2026-02-28,793,ok,0.0001194573116783041,1.160524888809286,0.2658773123411061,0.01614218260483108,-0.008436215123536595,0.20687201869763275
CMP007,Canadian Natural Resources Limited,CNQ.TO,^GSPTSE,CAD,Toronto Stock Exchange,PRIMARY_DIRECT,Raw Materials & Energy,False,2026-03-26,66.21207427978516,31887.5,-0.007058841027911655,-0.015289063118689938,0.008230222090778283,1.2131512618569564,0.6399828592540244,0.3979202863166641,2026-02-28,793,ok,0.0001194573116783041,1.160524888809286,0.2658773123411061,-0.017623880964137494,0.010565039936225838,0.2174370586338586
CMP007,Canadian Natural Resources Limited,CNQ.TO,^GSPTSE,CAD,Toronto Stock Exchange,PRIMARY_DIRECT,Raw Materials & Energy,False,2026-03-27,68.114501953125,31960.69921875,0.028732337629251203,0.002295545864366977,0.026436791764884227,1.2767402711372338,0.6437475151242178,0.4243570780815483,2026-02-28,793,ok,0.0001194573116783041,1.160524888809286,0.2658773123411061,0.0027834954206794062,0.0259488422085718,0.2433859008424304
CMP007,Canadian Natural Resources Limited,CNQ.TO,^GSPTSE,CAD,Toronto Stock Exchange,PRIMARY_DIRECT,Raw Materials & Energy,False,2026-03-30,67.4967041015625,31934.900390625,-0.009069989999892503,-0.0008072047469432908,-0.008262785252949212,1.2560902596456667,0.6424206743272334,0.4160942928285991,2026-02-28,793,ok,0.0001194573116783041,1.160524888809286,0.2658773123411061,-0.0008173238875143864,-0.008252666112378116,0.23513323473005227
CMP007,Canadian Natural Resources Limited,CNQ.TO,^GSPTSE,CAD,Toronto Stock Exchange,PRIMARY_DIRECT,Raw Materials & Energy,False,2026-03-31,66.54548645019531,32768.0,-0.01409280147866021,0.026087434098262197,-0.04018023557692241,1.2242956274985413,0.6852672154303685,0.3759140572516767,2026-02-28,793,ok,0.0001194573116783041,1.160524888809286,0.2658773123411061,0.030394573867883617,-0.04448737534654383,0.19064585938350842
CMP007,Canadian Natural Resources Limited,CNQ.TO,^GSPTSE,CAD,Toronto Stock Exchange,PRIMARY_DIRECT,Raw Materials & Energy,False,2026-04-01,63.38786315917969,32958.0,-0.047450600475794635,0.00579833984375,-0.053248940319544635,1.1187514643380512,0.695038967472964,0.32266511693213207,2026-02-28,793,ok,0.0001194573116783041,1.160524888809286,0.2658773123411061,0.006848575014124726,-0.05429917548991936,0.13634668389358906
CMP007,Canadian Natural Resources Limited,CNQ.TO,^GSPTSE,CAD,Toronto Stock Exchange,PRIMARY_DIRECT,Raw Materials & Energy,False,2026-04-02,64.86861419677734,33108.19921875,0.02336016650189321,0.004557291666666741,0.01880287483522647,1.1682458513211182,0.7027637544341039,0.34146799176735854,2026-02-28,793,ok,0.0001194573116783041,1.160524888809286,0.2658773123411061,0.005408307716408209,0.017951858785485,0.15429854267907406
CMP007,Canadian Natural Resources Limited,CNQ.TO,^GSPTSE,CAD,Toronto Stock Exchange,PRIMARY_DIRECT,Raw Materials & Energy,False,2026-04-06,65.92769622802734,33182.0,0.016326570936713747,0.002229078687197461,0.014097492249516286,1.2036458710209477,0.7065593488284452,0.3555654840168748,2026-02-28,793,ok,0.0001194573116783041,1.160524888809286,0.2658773123411061,0.002706358607285287,0.01362021232942846,0.1679187550085025
CMP007,Canadian Natural Resources Limited,CNQ.TO,^GSPTSE,CAD,Toronto Stock Exchange,PRIMARY_DIRECT,Raw Materials & Energy,False,2026-04-07,66.9083251953125,33237.5,0.014874309636020211,0.0016725935748296283,0.013201716061190583,1.2364235820346505,0.709413729030361,0.3687672000780654,2026-02-28,793,ok,0.0001194573116783041,1.160524888809286,0.2658773123411061,0.002060543784130585,0.012813765851889626,0.18073252086039213
CMP007,Canadian Natural Resources Limited,CNQ.TO,^GSPTSE,CAD,Toronto Stock Exchange,PRIMARY_DIRECT,Raw Materials & Energy,False,2026-04-08,62.8779411315918,33620.6015625,-0.06023740770607522,0.011526184655885618,-0.07176359236196084,1.1017072229201483,0.7291167473244711,0.29700360771610457,2026-02-28,793,ok,0.0001194573116783041,1.160524888809286,0.2658773123411061,0.013495881477845261,-0.07373328918392048,0.10699923167647164
CMP007,Canadian Natural Resources Limited,CNQ.TO,^GSPTSE,CAD,Toronto Stock Exchange,PRIMARY_DIRECT,Raw Materials & Energy,False,2026-04-09,61.91692352294922,33477.69921875,-0.015283859352699714,-0.0042504398228672136,-0.0110334195298325,1.0695850253244839,0.7217672406432565,0.28597018818627207,2026-02-28,793,ok,0.0001194573116783041,1.160524888809286,0.2658773123411061,-0.004813283891145231,-0.010470575461554481,0.09652865621491716
CMP007,Canadian Natural Resources Limited,CNQ.TO,^GSPTSE,CAD,Toronto Stock Exchange,PRIMARY_DIRECT,Raw Materials & Energy,False,2026-04-10,62.91716766357422,33695.80078125,0.016154616277959333,0.006514831293359835,0.009639784984599498,1.1030183772632118,0.732984263742481,0.29560997317087156,2026-02-28,793,ok,0.0001194573116783041,1.160524888809286,0.2658773123411061,0.007680081174015984,0.008474535103943349,0.1050031913188605
CMP007,Canadian Natural Resources Limited,CNQ.TO,^GSPTSE,CAD,Toronto Stock Exchange,PRIMARY_DIRECT,Raw Materials & Energy,False,2026-04-13,63.427093505859375,33879.19921875,0.008104717062468403,0.005442768334565029,0.0026619487279033738,1.1200627461881014,0.7424164956174781,0.29827192189877494,2026-02-28,793,ok,0.0001194573116783041,1.160524888809286,0.2658773123411061,0.006435925427964087,0.0016687916345043156,0.10667198295336482
CMP007,Canadian Natural Resources Limited,CNQ.TO,^GSPTSE,CAD,Toronto Stock Exchange,PRIMARY_DIRECT,Raw Materials & Energy,False,2026-04-14,61.5835075378418,34102.3984375,-0.029066221800739922,0.006588090152569892,-0.035654311953309814,1.0584405321759123,0.7538956925739311,0.2626176099454651,2026-02-28,793,ok,0.0001194573116783041,1.160524888809286,0.2658773123411061,0.0077650999034550305,-0.03683132170419495,0.06984066124916986
CMP007,Canadian Natural Resources Limited,CNQ.TO,^GSPTSE,CAD,Toronto Stock Exchange,PRIMARY_DIRECT,Raw Materials & Energy,False,2026-04-15,61.69137573242188,34156.0,0.0017515760126816105,0.0015717827764587522,0.00017979323622285825,1.062046047235603,0.756652435615224,0.262797403181688,2026-02-28,793,ok,0.0001194573116783041,1.160524888809286,0.2658773123411061,0.0019435503435604484,-0.00019197433087883792,0.06964868691829103
CMP007,Canadian Natural Resources Limited,CNQ.TO,^GSPTSE,CAD,Toronto Stock Exchange,PRIMARY_DIRECT,Raw Materials & Energy,False,2026-04-16,62.24053192138672,34052.19921875,0.00890166870887632,-0.0030390204136900856,0.011940689122566406,1.0804016980105424,0.7513139330036309,0.2747380923042544,2026-02-28,793,ok,0.0001194573116783041,1.160524888809286,0.2658773123411061,-0.003407401516008533,0.012309070224884852,0.08195775714317588
CMP007,Canadian Natural Resources Limited,CNQ.TO,^GSPTSE,CAD,Toronto Stock Exchange,PRIMARY_DIRECT,Raw Materials & Energy,False,2026-04-17,57.67079925537109,34346.30078125,-0.07342052718616643,0.008636786147370401,-0.08205731333353683,0.9276575085836125,0.7664396569198935,0.19268077897071756,2026-02-28,793,ok,0.0001194573116783041,1.160524888809286,0.2658773123411061,0.010142662595024922,-0.08356318978119134,-0.0016054326380154638
CMP007,Canadian Natural Resources Limited,CNQ.TO,^GSPTSE,CAD,Toronto Stock Exchange,PRIMARY_DIRECT,Raw Materials & Energy,False,2026-04-20,57.88653564453125,34360.0,0.0037408253734245722,0.0003988557264797965,0.0033419696469447757,0.9348685387029945,0.7671442114925369,0.19602274861766233,2026-02-28,793,ok,0.0001194573116783041,1.160524888809286,0.2658773123411061,0.0005823393093022169,0.0031584860641223553,0.0015530534261068915
CMP007,Canadian Natural Resources Limited,CNQ.TO,^GSPTSE,CAD,Toronto Stock Exchange,PRIMARY_DIRECT,Raw Materials & Energy,False,2026-04-21,59.37709045410156,33808.30078125,0.025749594322304725,-0.01605643826396974,0.041806032586274466,0.9846906186415871,0.7387701695571756,0.2378287812039368,2026-02-28,793,ok,0.0001194573116783041,1.160524888809286,0.2658773123411061,-0.018514438919288344,0.04426403324159307,0.045817086667699965
CMP007,Canadian Natural Resources Limited,CNQ.TO,^GSPTSE,CAD,Toronto Stock Exchange,PRIMARY_DIRECT,Raw Materials & Energy,False,2026-04-22,59.926246643066406,33955.1015625,0.00924862071827759,0.0043421520117159496,0.00490646870656164,1.0030462694165267,0.7463201739468299,0.24273524991049844,2026-02-28,793,ok,0.0001194573116783041,1.160524888809286,0.2658773123411061,0.005158632792267974,0.004089987926009615,0.04990707459370958
CMP007,Canadian Natural Resources Limited,CNQ.TO,^GSPTSE,CAD,Toronto Stock Exchange,PRIMARY_DIRECT,Raw Materials & Energy,False,2026-04-23,61.00493621826172,33912.8984375,0.0180002859451589,-0.0012429096971575682,0.01924319564231647,1.0391016750274078,0.7441496556682896,0.2619784455528149,2026-02-28,793,ok,0.0001194573116783041,1.160524888809286,0.2658773123411061,-0.001322970326415466,0.019323256271574368,0.06923033086528395
CMP007,Canadian Natural Resources Limited,CNQ.TO,^GSPTSE,CAD,Toronto Stock Exchange,PRIMARY_DIRECT,Raw Materials & Energy,False,2026-04-24,59.514381408691406,33904.1015625,-0.024433347561211294,-0.00025939614144787626,-0.024173951419763418,0.9892795950888149,0.7436972299775015,0.2378044941330515,2026-02-28,793,ok,0.0001194573116783041,1.160524888809286,0.2658773123411061,-0.00018157836653305033,-0.024251769194678245,0.0449785616706057
CMP007,Canadian Natural Resources Limited,CNQ.TO,^GSPTSE,CAD,Toronto Stock Exchange,PRIMARY_DIRECT,Raw Materials & Energy,False,2026-04-27,60.240047454833984,33818.19921875,0.012193120872068697,-0.002533685890234949,0.014726806762303646,1.0135351216400728,0.7392792489090658,0.25253130089535514,2026-02-28,793,ok,0.0001194573116783041,1.160524888809286,0.2658773123411061,-0.002820948224364267,0.015014069096432964,0.05999263076703867
CMP007,Canadian Natural Resources Limited,CNQ.TO,^GSPTSE,CAD,Toronto Stock Exchange,PRIMARY_DIRECT,Raw Materials & Energy,False,2026-04-28,62.21110916137695,33584.30078125,0.03272012207528241,-0.006916348087816493,0.0396364701630989,1.0794182366230047,0.7272497882016946,0.29216777105845404,2026-02-28,793,ok,0.0001194573116783041,1.160524888809286,0.2658773123411061,-0.00790713678390125,0.04062725885918366,0.10061988962622233
CMP007,Canadian Natural Resources Limited,CNQ.TO,^GSPTSE,CAD,Toronto Stock Exchange,PRIMARY_DIRECT,Raw Materials & Energy,False,2026-04-29,63.37805938720703,33318.3984375,0.018757907414943986,-0.00791745957380341,0.026675366988747395,1.1184237713825254,0.7135743578297471,0.31884313804720144,2026-02-28,793,ok,0.0001194573116783041,1.160524888809286,0.2658773123411061,-0.009068951579861914,0.0278268589948059,0.12844674862102823
CMP007,Canadian Natural Resources Limited,CNQ.TO,^GSPTSE,CAD,Toronto Stock Exchange,PRIMARY_DIRECT,Raw Materials & Energy,False,2026-04-30,63.58398818969727,33964.30078125,0.0032492128108896345,0.019385756039913105,-0.01613654322902347,1.1253069810393947,0.7467932922868854,0.30270659481817797,2026-02-28,793,ok,0.0001194573116783041,1.160524888809286,0.2658773123411061,0.022617109684382405,-0.01936789687349277,0.10907885174753545
CMP007,Canadian Natural Resources Limited,CNQ.TO,^GSPTSE,CAD,Toronto Stock Exchange,PRIMARY_DIRECT,Raw Materials & Energy,False,2026-05-01,62.6425895690918,33891.19921875,-0.014805592530573786,-0.002152305827545664,-0.012653286703028122,1.0938405518757417,0.7430336589043787,0.29005330811514984,2026-02-28,793,ok,0.0001194573116783041,1.160524888809286,0.2658773123411061,-0.002378347169517706,-0.012427245361056079,0.09665160638647938
CMP007,Canadian Natural Resources Limited,CNQ.TO,^GSPTSE,CAD,Toronto Stock Exchange,PRIMARY_DIRECT,Raw Materials & Energy,False,2026-05-04,63.49573516845703,33638.8984375,0.013619258163397818,-0.007444433571722531,0.02106369173512035,1.1223571069047287,0.7300577606173886,0.3111169998502702,2026-02-28,793,ok,0.0001194573116783041,1.160524888809286,0.2658773123411061,-0.008519993131393101,0.02213925129479092,0.11879085768127029
CMP007,Canadian Natural Resources Limited,CNQ.TO,^GSPTSE,CAD,Toronto Stock Exchange,PRIMARY_DIRECT,Raw Materials & Energy,False,2026-05-05,63.99585723876953,33566.8984375,0.007876467119967145,-0.0021403792438023928,0.010016846363769538,1.1390737828740924,0.7263547808959838,0.32113384621403973,2026-02-28,793,ok,0.0001194573116783041,1.160524888809286,0.2658773123411061,-0.0023645060722451714,0.010240973192212316,0.1290318308734826
CMP007,Canadian Natural Resources Limited,CNQ.TO,^GSPTSE,CAD,Toronto Stock Exchange,PRIMARY_DIRECT,Raw Materials & Energy,False,2026-05-06,61.0539665222168,33981.80078125,-0.0459700181150241,0.012360461140683787,-0.05833047925570789,1.0407405223259971,0.7476933220802824,0.26280336695833184,2026-02-28,793,ok,0.0001194573116783041,1.160524888809286,0.2658773123411061,0.014464080102601858,-0.060434098217625964,0.06859773265585664
CMP007,Canadian Natural Resources Limited,CNQ.TO,^GSPTSE,CAD,Toronto Stock Exchange,PRIMARY_DIRECT,Raw Materials & Energy,False,2026-05-07,59.77914810180664,33856.6015625,-0.020880189986448583,-0.0036843020637999935,-0.01719588792264859,0.998129472506786,0.7412542919668526,0.24560747903568325,2026-02-28,793,ok,0.0001194573116783041,1.160524888809286,0.2658773123411061,-0.004156266931253007,-0.016723923055195575,0.05187380960066107
CMP007,Canadian Natural Resources Limited,CNQ.TO,^GSPTSE,CAD,Toronto Stock Exchange,PRIMARY_DIRECT,Raw Materials & Energy,False,2026-05-08,59.71050643920898,34077.80078125,-0.0011482542789128525,0.006533414712095675,-0.007681668991008528,0.9958351117901583,0.7526306283754884,0.23792581004467472,2026-02-28,793,ok,0.0001194573116783041,1.160524888809286,0.2658773123411061,0.007701647693978091,-0.008849901972890943,0.04302390762777013
CMP007,Canadian Natural Resources Limited,CNQ.TO,^GSPTSE,CAD,Toronto Stock Exchange,PRIMARY_DIRECT,Raw Materials & Energy,False,2026-05-11,60.56365203857422,34138.8984375,0.01428803154154834,0.001792887300509527,0.012495144241038814,1.024351666819146,0.7557728975715869,0.25042095428571354,2026-02-28,793,ok,0.0001194573116783041,1.160524888809286,0.2658773123411061,0.002200147646749704,0.012087883894798637,0.055111791522568766
CMP007,Canadian Natural Resources Limited,CNQ.TO,^GSPTSE,CAD,Toronto Stock Exchange,PRIMARY_DIRECT,Raw Materials & Energy,False,2026-05-12,63.025028228759766,34290.69921875,0.040641145428578884,0.004446563544746818,0.03619458188383207,1.106623637308929,0.7635800533307833,0.2866155361695456,2026-02-28,793,ok,0.0001194573116783041,1.160524888809286,0.2658773123411061,0.005279804975029029,0.035361340453549855,0.09047313197611861
CMP007,Canadian Natural Resources Limited,CNQ.TO,^GSPTSE,CAD,Toronto Stock Exchange,PRIMARY_DIRECT,Raw Materials & Energy,False,2026-05-13,63.4369010925293,34041.3984375,0.006535068295004498,-0.007270215741581709,0.013805284036586207,1.1203905666506135,0.7507584458655183,0.3004208202061318,2026-02-28,793,ok,0.0001194573116783041,1.160524888809286,0.2658773123411061,-0.00831780900344033,0.014852877298444828,0.10532600927456344
CMP007,Canadian Natural Resources Limited,CNQ.TO,^GSPTSE,CAD,Toronto Stock Exchange,PRIMARY_DIRECT,Raw Materials & Energy,False,2026-05-14,64.03508758544922,34268.30078125,0.009429629799340367,0.006665482446809312,0.0027641473525310545,1.1403850647241423,0.762428095555038,0.30318496755866287,2026-02-28,793,ok,0.0001194573116783041,1.160524888809286,0.2658773123411061,0.00785491558712193,0.001574714212218437,0.10690072348678188
CMP007,Canadian Natural Resources Limited,CNQ.TO,^GSPTSE,CAD,Toronto Stock Exchange,PRIMARY_DIRECT,Raw Materials & Energy,False,2026-05-15,64.79997253417969,33833.3984375,0.01194477867637489,-0.012691097423422781,0.02463587609979767,1.1659514906044905,0.7400609488925716,0.32782084365846054,2026-02-28,793,ok,0.0001194573116783041,1.160524888809286,0.2658773123411061,-0.014608877114507236,0.026553655790882126,0.13345437927766401
CMP007,Canadian Natural Resources Limited,CNQ.TO,^GSPTSE,CAD,Toronto Stock Exchange,PRIMARY_DIRECT,Raw Materials & Energy,False,2026-05-19,66.63374328613281,33741.19921875,0.02829894335195715,-0.002725094817782492,0.031024038169739643,1.227245629140194,0.7353191178181187,0.3588448818282002,2026-02-28,793,ok,0.0001194573116783041,1.160524888809286,0.2658773123411061,-0.003043083048723484,0.031342026400680636,0.16479640567834464
CMP007,Canadian Natural Resources Limited,CNQ.TO,^GSPTSE,CAD,Toronto Stock Exchange,PRIMARY_DIRECT,Raw Materials & Energy,False,2026-05-20,65.81002044677734,34161.80078125,-0.012361947546880359,0.012465519075749665,-0.024827466622630023,1.1997125354987443,0.7569507713837935,0.33401741520557016,2026-02-28,793,ok,0.0001194573116783041,1.160524888809286,0.2658773123411061,0.01458600245101272,-0.02694794999789308,0.13784845568045156
CMP007,Canadian Natural Resources Limited,CNQ.TO,^GSPTSE,CAD,Toronto Stock Exchange,PRIMARY_DIRECT,Raw Materials & Energy,False,2026-05-21,65.86885833740234,34409.5,0.0008940567139403832,0.007250765857927277,-0.006356709143986894,1.2016792032598458,0.769690010051002,0.32766070606158326,2026-02-28,793,ok,0.0001194573116783041,1.160524888809286,0.2658773123411061,0.008534151552731526,-0.0076400948387911425,0.13020836084166043
CMP007,Canadian Natural Resources Limited,CNQ.TO,^GSPTSE,CAD,Toronto Stock Exchange,PRIMARY_DIRECT,Raw Materials & Energy,False,2026-05-22,65.9375,34471.3984375,0.0010420958299603988,0.0017988764004126523,-0.0007567805704522534,1.2039735639764735,0.7728734636461287,0.326903925491131,2026-02-28,793,ok,0.0001194573116783041,1.160524888809286,0.2658773123411061,0.002207098146248846,-0.0011650023162884473,0.129043358525372
CMP007,Canadian Natural Resources Limited,CNQ.TO,^GSPTSE,CAD,Toronto Stock Exchange,PRIMARY_DIRECT,Raw Materials & Energy,False,2026-05-25,63.54477310180664,34724.80078125,-0.03628780129961495,0.007351089750810225,-0.04363889105042518,1.123996209217291,0.7859060155942212,0.28326503444070583,2026-02-28,793,ok,0.0001194573116783041,1.160524888809286,0.2658773123411061,0.008650579927364423,-0.04493838122697938,0.08410497729839261
CMP007,Canadian Natural Resources Limited,CNQ.TO,^GSPTSE,CAD,Toronto Stock Exchange,PRIMARY_DIRECT,Raw Materials & Energy,False,2026-05-26,63.485931396484375,34653.8984375,-0.0009259881253803615,-0.002041835868163866,0.0011158477427835045,1.1220294139492029,0.7822594886344114,0.28438088218348934,2026-02-28,793,ok,0.0001194573116783041,1.160524888809286,0.2658773123411061,-0.0022501440321893783,0.0013241559068090168,0.08542913320520162
CMP007,Canadian Natural Resources Limited,CNQ.TO,^GSPTSE,CAD,Toronto Stock Exchange,PRIMARY_DIRECT,Raw Materials & Energy,False,2026-05-27,62.09343719482422,34412.1015625,-0.02193390206349355,-0.006977479761363425,-0.014956422302130123,1.0754850286077886,0.7698238091229668,0.2694244598813592,2026-02-28,793,ok,0.0001194573116783041,1.160524888809286,0.2658773123411061,-0.007978081612547028,-0.01395582045094652,0.0714733127542551
CMP007,Canadian Natural Resources Limited,CNQ.TO,^GSPTSE,CAD,Toronto Stock Exchange,PRIMARY_DIRECT,Raw Materials & Energy,False,2026-05-28,61.97576141357422,34517.69921875,-0.0018951403975395742,0.0030686198010374532,-0.0049637601985770274,1.0715516930855853,0.7752547255079891,0.2644606996827822,2026-02-28,793,ok,0.0001194573116783041,1.160524888809286,0.2658773123411061,0.003680666965075268,-0.005575807362614842,0.06589750539164026
CMP007,Canadian Natural Resources Limited,CNQ.TO,^GSPTSE,CAD,Toronto Stock Exchange,PRIMARY_DIRECT,Raw Materials & Energy,False,2026-05-29,61.48544692993164,34769.1015625,-0.007911391041582005,0.007283287978053776,-0.015194679019635782,1.055162837578734,0.7881844169082646,0.2492660206631464,2026-02-28,793,ok,0.0001194573116783041,1.160524888809286,0.2658773123411061,0.008571894282575173,-0.01648328532415718,0.049414220067483076
CMP007,Canadian Natural Resources Limited,CNQ.TO,^GSPTSE,CAD,Toronto Stock Exchange,PRIMARY_DIRECT,Raw Materials & Energy,False,2026-06-01,62.38762283325195,34734.8984375,0.014672999032574685,-0.0009837218525338143,0.0156567208851085,1.0853182399063104,0.7864253408209916,0.2649227415482549,2026-02-28,793,ok,0.0001194573116783041,1.160524888809286,0.2658773123411061,-0.0010221763818527656,0.01569517541442745,0.06510939548191053
CMP007,Canadian Natural Resources Limited,CNQ.TO,^GSPTSE,CAD,Toronto Stock Exchange,PRIMARY_DIRECT,Raw Materials & Energy,False,2026-06-02,64.13314819335938,35169.5,0.027978712456681043,0.012511957197226309,0.015466755259454734,1.1436627593213213,0.8087770182213843,0.28038949680770964,2026-02-28,793,ok,0.0001194573116783041,1.160524888809286,0.2658773123411061,0.014639895046775913,0.01333881740990513,0.07844821289181565
CMP007,Canadian Natural Resources Limited,CNQ.TO,^GSPTSE,CAD,Toronto Stock Exchange,PRIMARY_DIRECT,Raw Materials & Energy,False,2026-06-03,65.07454681396484,34801.5,0.014678815045336302,-0.010463611936479045,0.025142426981815347,1.1751291884849744,0.789850677423094,0.305531923789525,2026-02-28,793,ok,0.0001194573116783041,1.160524888809286,0.2658773123411061,-0.012023824767447558,0.02670263981278386,0.1051508527045995
CMP007,Canadian Natural Resources Limited,CNQ.TO,^GSPTSE,CAD,Toronto Stock Exchange,PRIMARY_DIRECT,Raw Materials & Energy,False,2026-06-04,64.93726348876953,35217.1015625,-0.002109631675004664,0.01194205889113964,-0.014051690566144304,1.1705404670517194,0.8112251796192267,0.2914802332233807,2026-02-28,793,ok,0.0001194573116783041,1.160524888809286,0.2658773123411061,0.013978513878472081,-0.016088145553476745,0.08906270715112276
CMP007,Canadian Natural Resources Limited,CNQ.TO,^GSPTSE,CAD,Toronto Stock Exchange,PRIMARY_DIRECT,Raw Materials & Energy,False,2026-06-05,62.52490997314453,34413.5,-0.03714898636038455,-0.022818503705475113,-0.014330482654909438,1.0899070888465525,0.7698957311466355,0.27714975056847124,2026-02-28,793,ok,0.0001194573116783041,1.160524888809286,0.2658773123411061,-0.026361984163912482,-0.010787002196472068,0.0782757049546507
CMP007,Canadian Natural Resources Limited,CNQ.TO,^GSPTSE,CAD,Toronto Stock Exchange,PRIMARY_DIRECT,Raw Materials & Energy,False,2026-06-08,63.4074821472168,34478.69921875,0.014115528906020636,0.0018945826129279641,0.012220946293092672,1.1194072327700635,0.7732489448255613,0.2893706968615639,2026-02-28,793,ok,0.0001194573116783041,1.160524888809286,0.2658773123411061,0.002318167587886536,0.0117973613181341,0.09007306627278479
CMP007,Canadian Natural Resources Limited,CNQ.TO,^GSPTSE,CAD,Toronto Stock Exchange,PRIMARY_DIRECT,Raw Materials & Energy,False,2026-06-09,61.17164611816406,34411.69921875,-0.03526139113774718,-0.001943228762051552,-0.033318162375695626,1.044673985355188,0.7698031164736987,0.2560525344858683,2026-02-28,793,ok,0.0001194573116783041,1.160524888809286,0.2658773123411061,-0.00213570803133258,-0.033125683106414595,0.05694738316637019
CMP007,Canadian Natural Resources Limited,CNQ.TO,^GSPTSE,CAD,Toronto Stock Exchange,PRIMARY_DIRECT,Raw Materials & Energy,False,2026-06-10,62.35820388793945,34151.30078125,0.019397185543827522,-0.007567148481819719,0.02696433402564724,1.0843349060257599,0.7564107535077549,0.28301686851151553,2026-02-28,793,ok,0.0001194573116783041,1.160524888809286,0.2658773123411061,-0.008662406838788883,0.028059592382616405,0.08500697554898659
CMP007,Canadian Natural Resources Limited,CNQ.TO,^GSPTSE,CAD,Toronto Stock Exchange,PRIMARY_DIRECT,Raw Materials & Energy,False,2026-06-11,62.28955841064453,34671.5,-0.0011008251202725416,0.015232193411373718,-0.01633301853164626,1.0820404178021459,0.7831647418150016,0.26668384997986927,2026-02-28,793,ok,0.0001194573116783041,1.160524888809286,0.2658773123411061,0.017796796876734328,-0.01889762199700687,0.06610935355197972
CMP007,Canadian Natural Resources Limited,CNQ.TO,^GSPTSE,CAD,Toronto Stock Exchange,PRIMARY_DIRECT,Raw Materials & Energy,False,2026-06-12,62.1718864440918,34937.8984375,-0.0018891122293238638,0.0076834990554202065,-0.00957261128474407,1.0781072097869293,0.7968656864243957,0.2571112386951252,2026-02-28,793,ok,0.0001194573116783041,1.160524888809286,0.2658773123411061,0.009036349198636094,-0.010925461427959958,0.055183892124019765
CMP007,Canadian Natural Resources Limited,CNQ.TO,^GSPTSE,CAD,Toronto Stock Exchange,PRIMARY_DIRECT,Raw Materials & Energy,False,2026-06-15,60.4950065612793,35275.6015625,-0.026971674477344942,0.009665811056269291,-0.036637485533614234,1.0220571785955328,0.8142338506428675,0.22047375316151097,2026-02-28,793,ok,0.0001194573116783041,1.160524888809286,0.2658773123411061,0.011336871613006791,-0.03830854609035173,0.016875346033668033
CMP007,Canadian Natural Resources Limited,CNQ.TO,^GSPTSE,CAD,Toronto Stock Exchange,PRIMARY_DIRECT,Raw Materials & Energy,False,2026-06-16,59.46534729003906,35389.6015625,-0.01702056632058091,0.003231695419793734,-0.020252261740374644,0.9876406202832408,0.8200969018684248,0.20022149142113632,2026-02-28,793,ok,0.0001194573116783041,1.160524888809286,0.2658773123411061,0.0038699202793999066,-0.020890486599980815,-0.004015140566312782
CMP007,Canadian Natural Resources Limited,CNQ.TO,^GSPTSE,CAD,Toronto Stock Exchange,PRIMARY_DIRECT,Raw Materials & Energy,False,2026-06-17,58.61220169067383,35125.1015625,-0.014346937136414328,-0.00747394681832958,-0.0068729903180847485,0.9591240652542536,0.8064935944196536,0.19334850110305157,2026-02-28,793,ok,0.0001194573116783041,1.160524888809286,0.2658773123411061,-0.008554243988630148,-0.0057926931477841805,-0.009807833714096962
CMP007,Canadian Natural Resources Limited,CNQ.TO,^GSPTSE,CAD,Toronto Stock Exchange,PRIMARY_DIRECT,Raw Materials & Energy,False,2026-06-18,56.82745742797852,34969.30078125,-0.03045004642743676,-0.00443559660525894,-0.02601444982217782,0.8994686465101529,0.7984807175648239,0.16733405128087375,2026-02-28,793,ok,0.0001194573116783041,1.160524888809286,0.2658773123411061,-0.005028162945442675,-0.025421883481994086,-0.03522971719609105
CMP007,Canadian Natural Resources Limited,CNQ.TO,^GSPTSE,CAD,Toronto Stock Exchange,PRIMARY_DIRECT,Raw Materials & Energy,False,2026-06-19,57.523704528808594,34968.8984375,0.012251948834988369,-1.1505627536489982e-05,0.012263454462524859,0.9227408391808598,0.798460024915556,0.1795975057433986,2026-02-28,793,ok,0.0001194573116783041,1.160524888809286,0.2658773123411061,0.000106104744560838,0.012145844090427531,-0.023083873105663517
CMP007,Canadian Natural Resources Limited,CNQ.TO,^GSPTSE,CAD,Toronto Stock Exchange,PRIMARY_DIRECT,Raw Materials & Energy,False,2026-06-22,57.994407653808594,35002.19921875,0.008182767936377733,0.0009522971193822727,0.00723047081699546,0.9384741812696729,0.8001726932166073,0.18682797656039407,2026-02-28,793,ok,0.0001194573116783041,1.160524888809286,0.2658773123411061,0.0012246218202628196,0.006958146116114913,-0.016125726989548603
CMP007,Canadian Natural Resources Limited,CNQ.TO,^GSPTSE,CAD,Toronto Stock Exchange,PRIMARY_DIRECT,Raw Materials & Energy,False,2026-06-23,57.69211959838867,34927.3984375,-0.005212365599531532,-0.0021370308986164988,-0.0030753347009150334,0.9283701451316428,0.7963256685483577,0.18375264185947904,2026-02-28,793,ok,0.0001194573116783041,1.160524888809286,0.2658773123411061,-0.0023606202343206166,-0.0028517453652109155,-0.01897747235475952
CMP007,Canadian Natural Resources Limited,CNQ.TO,^GSPTSE,CAD,Toronto Stock Exchange,PRIMARY_DIRECT,Raw Materials & Energy,False,2026-06-24,55.56124877929688,34736.1015625,-0.03693521461727167,-0.005476986078488233,-0.03145822853878344,0.8571453799596662,0.7864872178692872,0.1522944133206956,2026-02-28,793,ok,0.0001194573116783041,1.160524888809286,0.2658773123411061,-0.006236721348069261,-0.03069849326920241,-0.049675965623961926
CMP007,Canadian Natural Resources Limited,CNQ.TO,^GSPTSE,CAD,Toronto Stock Exchange,PRIMARY_DIRECT,Raw Materials & Energy,False,2026-06-25,55.69009017944336,34850.19921875,0.0023189075655636326,0.0032846995234829812,-0.0009657919579193486,0.8614519284316062,0.7923552915825309,0.15132862136277625,2026-02-28,793,ok,0.0001194573116783041,1.160524888809286,0.2658773123411061,0.0039314328609403055,-0.0016125252953766728,-0.0512884909193386
CMP007,Canadian Natural Resources Limited,CNQ.TO,^GSPTSE,CAD,Toronto Stock Exchange,PRIMARY_DIRECT,Raw Materials & Energy,False,2026-06-26,55.521602630615234,34980.0,-0.0030254493804054983,0.003724534842261873,-0.006749984222667371,0.8558201998480781,0.7990309813157426,0.14457863714010888,2026-02-28,793,ok,0.0001194573116783041,1.160524888809286,0.2658773123411061,0.004441872695360576,-0.007467322075766074,-0.05875581299510467
CMP007,Canadian Natural Resources Limited,CNQ.TO,^GSPTSE,CAD,Toronto Stock Exchange,PRIMARY_DIRECT,Raw Materials & Energy,False,2026-06-29,55.39275741577149,34823.80078125,-0.0023206321276594277,-0.004465386470840493,0.0021447543431810656,0.8515135238691514,0.7909976127111524,0.14672339148328994,2026-02-28,793,ok,0.0001194573116783041,1.160524888809286,0.2658773123411061,-0.00506273482588435,0.002742102698224922,-0.05601371029687975
CMP007,Canadian Natural Resources Limited,CNQ.TO,^GSPTSE,CAD,Toronto Stock Exchange,PRIMARY_DIRECT,Raw Materials & Energy,False,2026-06-30,55.62071228027344,34857.0,0.004115246742294243,0.000953348514670882,0.003161898227623361,0.8591329588665677,0.7927050576250096,0.1498852897109133,2026-02-28,793,ok,0.0001194573116783041,1.160524888809286,0.2658773123411061,0.0012258419906632275,0.002889404751631015,-0.05312430554524874
CMP007,Canadian Natural Resources Limited,CNQ.TO,^GSPTSE,CAD,Toronto Stock Exchange,PRIMARY_DIRECT,Raw Materials & Energy,False,2026-07-02,55.719825744628906,34966.69921875,0.0017819524470674697,0.003147121632670613,-0.0013651691856031434,0.8624458453920438,0.7983469184928593,0.14852012052531016,2026-02-28,793,ok,0.0001194573116783041,1.160524888809286,0.2658773123411061,0.003771770294502666,-0.0019898178474351963,-0.055114123392683935
CMP007,Canadian Natural Resources Limited,CNQ.TO,^GSPTSE,CAD,Toronto Stock Exchange,PRIMARY_DIRECT,Raw Materials & Energy,False,2026-07-03,56.17573165893555,35247.30078125,0.008182113066830476,0.008024822724746583,0.00015729034208389336,0.8776845878798902,0.8127783337113588,0.14867741086739406,2026-02-28,793,ok,0.0001194573116783041,1.160524888809286,0.2658773123411061,0.009432463812029064,-0.0012503507451985876,-0.05636447413788252
CMP007,Canadian Natural Resources Limited,CNQ.TO,^GSPTSE,CAD,Toronto Stock Exchange,PRIMARY_DIRECT,Raw Materials & Energy,False,2026-07-06,55.45222473144531,35212.30078125,-0.012879350319510263,-0.0009929838377473743,-0.011886366481762889,0.8535012302830398,0.8109782741245648,0.13679104438563117,2026-02-28,793,ok,0.0001194573116783041,1.160524888809286,0.2658773123411061,-0.0010329251462128856,-0.011846425173297377,-0.0682108993111799
CMP007,Canadian Natural Resources Limited,CNQ.TO,^GSPTSE,CAD,Toronto Stock Exchange,PRIMARY_DIRECT,Raw Materials & Energy,False,2026-07-07,57.22630310058594,35272.6015625,0.03199291602334209,0.0017124919392403903,0.030280424084101698,0.9128001394926464,0.8140795598211426,0.16707146846973286,2026-02-28,793,ok,0.0001194573116783041,1.160524888809286,0.2658773123411061,0.002106846829052057,0.02988606919429003,-0.03832483011688988
CMP007,Canadian Natural Resources Limited,CNQ.TO,^GSPTSE,CAD,Toronto Stock Exchange,PRIMARY_DIRECT,Raw Materials & Energy,False,2026-07-08,59.55539321899414,34935.80078125,0.040699643209773484,-0.009548509787496662,0.050248152997270146,0.990650422701602,0.7967578033888927,0.217319621467003,2026-02-28,793,ok,0.0001194573116783041,1.160524888809286,0.2658773123411061,-0.010961825947750638,0.05166146915752412,0.013336639040634243
CMP007,Canadian Natural Resources Limited,CNQ.TO,^GSPTSE,CAD,Toronto Stock Exchange,PRIMARY_DIRECT,Raw Materials & Energy,False,2026-07-09,58.87153244018555,35200.5,-0.011482768257342069,0.007576732544572584,-0.019059500801914653,0.9677922452163394,0.8103713567125441,0.19826012066508836,2026-02-28,793,ok,0.0001194573116783041,1.160524888809286,0.2658773123411061,0.008912444005506101,-0.02039521226284817,-0.007058573222213926
CMP007,Canadian Natural Resources Limited,CNQ.TO,^GSPTSE,CAD,Toronto Stock Exchange,PRIMARY_DIRECT,Raw Materials & Energy,False,2026-07-10,58.57419967651367,35305.30078125,-0.005050535485448204,0.002977252631354732,-0.008027788116802936,0.9578538406538846,0.8157612895980457,0.19023233254828542,2026-02-28,793,ok,0.0001194573116783041,1.160524888809286,0.2658773123411061,0.003574633090638409,-0.008625168576086613,-0.015683741798300538
CMP007,Canadian Natural Resources Limited,CNQ.TO,^GSPTSE,CAD,Toronto Stock Exchange,PRIMARY_DIRECT,Raw Materials & Energy,False,2026-07-13,60.40774154663086,35252.69921875,0.03130289240387829,-0.001489905519454937,0.03279279792333323,1.0191403287703928,0.8130559768306609,0.22302513047161865,2026-02-28,793,ok,0.0001194573116783041,1.160524888809286,0.2658773123411061,-0.0016096151256234782,0.03291250752950177,0.01722876573120123
CMP007,Canadian Natural Resources Limited,CNQ.TO,^GSPTSE,CAD,Toronto Stock Exchange,PRIMARY_DIRECT,Raw Materials & Energy,False,2026-07-14,59.46619415283203,35320.5,-0.015586535263398593,0.0019232791460672694,-0.017509814409465863,0.9876689268342629,0.8165429895815519,0.2055153160621528,2026-02-28,793,ok,0.0001194573116783041,1.160524888809286,0.2658773123411061,0.0023514706288172405,-0.017938005892215832,-0.0007092401610146008
CMP007,Canadian Natural Resources Limited,CNQ.TO,^GSPTSE,CAD,Toronto Stock Exchange,PRIMARY_DIRECT,Raw Materials & Energy,False,2026-07-15,59.57521438598633,35416.19921875,0.0018333144521425204,0.0027094525488031707,-0.0008761380966606502,0.9913129490039028,0.8214648266146842,0.20463917796549214,2026-02-28,793,ok,0.0001194573116783041,1.160524888809286,0.2658773123411061,0.0032638444296121407,-0.0014305299774696203,-0.002139770138484221
CMP007,Canadian Natural Resources Limited,CNQ.TO,^GSPTSE,CAD,Toronto Stock Exchange,PRIMARY_DIRECT,Raw Materials & Energy,False,2026-07-16,59.66441345214844,35340.19921875,0.0014972512827933215,-0.002145910675806384,0.0036431619585997055,0.9942944448712419,0.817556125797646,0.20828233992409184,2026-02-28,793,ok,0.0001194573116783041,1.160524888809286,0.2658773123411061,-0.0023709254367565596,0.003868176719549881,0.00172840658106566
CMP007,Canadian Natural Resources Limited,CNQ.TO,^GSPTSE,CAD,Toronto Stock Exchange,PRIMARY_DIRECT,Raw Materials & Energy,False,2026-07-17,60.8735580444336,35263.8984375,0.020265758470162654,-0.002159036534505998,0.02242479500466865,1.0347103344093895,0.8136319557185336,0.2307071349287605,2026-02-28,793,ok,0.0001194573116783041,1.160524888809286,0.2658773123411061,-0.0023861583224644555,0.02265191679262711,0.02438032337369277
CMP007,Canadian Natural Resources Limited,CNQ.TO,^GSPTSE,CAD,Toronto Stock Exchange,PRIMARY_DIRECT,Raw Materials & Energy,False,2026-07-20,61.3294677734375,34960.30078125,0.007489454266351725,-0.008609304974833698,0.016098759241185423,1.0499492044042218,0.7980178450996487,0.24680589416994592,2026-02-28,793,ok,0.0001194573116783041,1.160524888809286,0.2658773123411061,-0.009871855386965805,0.01736130965331753,0.0417416330270103
CMP007,Canadian Natural Resources Limited,CNQ.TO,^GSPTSE,CAD,Toronto Stock Exchange,PRIMARY_DIRECT,Raw Materials & Energy,False,2026-07-21,62.74674606323242,35369.1015625,0.023109254673962187,0.011693285587212277,0.01141596908674991,1.097322002637485,0.8190425812533029,0.2582218632566958,2026-02-28,793,ok,0.0001194573116783041,1.160524888809286,0.2658773123411061,0.01368980626759306,0.009419448406369128,0.05116108143337943
CMP007,Canadian Natural Resources Limited,CNQ.TO,^GSPTSE,CAD,Toronto Stock Exchange,PRIMARY_DIRECT,Raw Materials & Energy,False,2026-07-22,63.87660217285156,35485.1015625,0.018006608796582668,0.003279698801368136,0.014726909995214532,1.1350876594594435,0.825008493026677,0.27294877325191036,2026-02-28,793,ok,0.0001194573116783041,1.160524888809286,0.2658773123411061,0.003925629398464009,0.01408097939811866,0.06524206083149808
CMP007,Canadian Natural Resources Limited,CNQ.TO,^GSPTSE,CAD,Toronto Stock Exchange,PRIMARY_DIRECT,Raw Materials & Energy,False,2026-07-23,65.61103057861328,35192.69921875,0.027152796904699406,-0.008240143916031673,0.03539294082073108,1.1930612610504756,0.8099701603961571,0.30834171407264144,2026-02-28,793,ok,0.0001194573116783041,1.160524888809286,0.2658773123411061,-0.009443434790246867,0.036596231694946274,0.10183829252644436
CMP007,Canadian Natural Resources Limited,CNQ.TO,^GSPTSE,CAD,Toronto Stock Exchange,PRIMARY_DIRECT,Raw Materials & Energy,False,2026-07-24,64.89744567871094,35369.1015625,-0.010875989808563413,0.005012469849315027,-0.01588845965787844,1.1692095491257355,0.8190425812533026,0.292453254414763,2026-02-28,793,ok,0.0001194573116783041,1.160524888809286,0.2658773123411061,0.005936553326214524,-0.016812543134777938,0.08502574939166642
CMP007,Canadian Natural Resources Limited,CNQ.TO,^GSPTSE,CAD,Toronto Stock Exchange,PRIMARY_DIRECT,Raw Materials & Energy,False,2026-07-27,62.69718933105469,35568.1015625,-0.03390358934231563,0.0056263798402780285,-0.03952996918259366,1.0956655593747469,0.8292772057610736,0.25292328523216934,2026-02-28,793,ok,0.0001194573116783041,1.160524888809286,0.2658773123411061,0.006649011150215771,-0.040552600492531406,0.044473148899135014
CMP007,Canadian Natural Resources Limited,CNQ.TO,^GSPTSE,CAD,Toronto Stock Exchange,PRIMARY_DIRECT,Raw Materials & Energy,False,2026-07-28,61.87457656860352,35749.69921875,-0.013120408924674254,0.005105632526686721,-0.018226041451360975,1.0681695702663938,0.8386168229631339,0.23469724378080836,2026-02-28,793,ok,0.0001194573116783041,1.160524888809286,0.2658773123411061,0.006044670932012485,-0.019165079856686737,0.025308069042448277
CMP007,Canadian Natural Resources Limited,CNQ.TO,^GSPTSE,CAD,Toronto Stock Exchange,PRIMARY_DIRECT,Raw Materials & Energy,False,2026-07-29,64.72895050048828,35333.80078125,0.04613161156294887,-0.01163362060629225,0.05776523216924112,1.163577565528234,0.8172270524044345,0.2924624759500495,2026-02-28,793,ok,0.0001194573116783041,1.160524888809286,0.2658773123411061,-0.013381648948888427,0.0595132605118373,0.08482132955428558
CMP007,Canadian Natural Resources Limited,CNQ.TO,^GSPTSE,CAD,Toronto Stock Exchange,PRIMARY_DIRECT,Raw Materials & Energy,False,2026-07-30,65.630859375,35505.80078125,0.013933624252179255,0.004867860128177082,0.009065764124002174,1.1937240423667492,0.8260730595166788,0.30152824007405166,2026-02-28,793,ok,0.0001194573116783041,1.160524888809286,0.2658773123411061,0.005768730145670168,0.008164894106509087,0.09298622366079466
CMP007,Canadian Natural Resources Limited,CNQ.TO,^GSPTSE,CAD,Toronto Stock Exchange,PRIMARY_DIRECT,Raw Materials & Energy,False,2026-07-31,66.18587493896484,35226.1015625,0.008456624966520776,-0.007877564020403849,0.016334188986924625,1.2122755438730848,0.8116880520844014,0.3178624290609763,2026-02-28,793,ok,0.0001194573116783041,1.160524888809286,0.2658773123411061,-0.009022651797188905,0.01747927676370968,0.11046550042450434
CMP007,Canadian Natural Resources Limited,CNQ.TO,^GSPTSE,CAD,Toronto Stock Exchange,PRIMARY_DIRECT,Raw Materials & Energy,False,2026-08-04,64.35233306884766,35801.6015625,-0.027702918059299475,0.016337317343473767,-0.04404023540277324,1.1509890557565767,0.8412861747186842,0.27382219365820304,2026-02-28,793,ok,0.0001194573116783041,1.160524888809286,0.2658773123411061,0.01907932070515522,-0.0467822387644547,0.06368326166004964
CMP007,Canadian Natural Resources Limited,CNQ.TO,^GSPTSE,CAD,Toronto Stock Exchange,PRIMARY_DIRECT,Raw Materials & Energy,False,2026-08-05,62.29083633422852,36146.3984375,-0.03203452985012423,0.009630766780030164,-0.04166529663015439,1.0820831326426523,0.8590191724426937,0.23215689702804865,2026-02-28,793,ok,0.0001194573116783041,1.160524888809286,0.2658773123411061,0.011296201858220977,-0.043330731708345206,0.02035252995170444
CMP007,Canadian Natural Resources Limited,CNQ.TO,^GSPTSE,CAD,Toronto Stock Exchange,PRIMARY_DIRECT,Raw Materials & Energy,False,2026-08-06,63.26211929321289,36136.30078125,0.015592710198540916,-0.00027935442219673146,0.015872064620737647,1.1145484515392194,0.8584998472159233,0.2480289616487863,2026-02-28,793,ok,0.0001194573116783041,1.160524888809286,0.2658773123411061,-0.00020474044807994004,0.015797450646620855,0.03614998059832529
CMP007,Canadian Natural Resources Limited,CNQ.TO,^GSPTSE,CAD,Toronto Stock Exchange,PRIMARY_DIRECT,Raw Materials & Energy,False,2026-08-07,62.885501861572266,36381.19921875,-0.005953285091431226,0.006777075467200744,-0.01273036055863197,1.101959941767562,0.8710950409362868,0.23529860109015432,2026-02-28,793,ok,0.0001194573116783041,1.160524888809286,0.2658773123411061,0.007984422064703588,-0.013937707156134814,0.022212273442190476
CMP007,Canadian Natural Resources Limited,CNQ.TO,^GSPTSE,CAD,Toronto Stock Exchange,PRIMARY_DIRECT,Raw Materials & Energy,False,2026-08-10,65.24433135986328,36458.30078125,0.037509909732189595,0.0021192694071574536,0.03539064032503214,1.180804269443942,0.8750603954144272,0.27068924141518647,2026-02-28,793,ok,0.0001194573116783041,1.160524888809286,0.2658773123411061,0.0025789222047766297,0.034930987527412964,0.05714326096960344
CMP007,Canadian Natural Resources Limited,CNQ.TO,^GSPTSE,CAD,Toronto Stock Exchange,PRIMARY_DIRECT,Raw Materials & Energy,False,2026-08-11,65.72996520996094,36475.8984375,0.007443311012248488,0.0004826790023919614,0.006960632009856527,1.1970366738782525,0.8759654476955105,0.277649873425043,2026-02-28,793,ok,0.0001194573116783041,1.160524888809286,0.2658773123411061,0.0006796183072598121,0.006763692704988676,0.06390695367459212
CMP007,Canadian Natural Resources Limited,CNQ.TO,^GSPTSE,CAD,Toronto Stock Exchange,PRIMARY_DIRECT,Raw Materials & Energy,False,2026-08-12,65.7894287109375,36662.1015625,0.000904663509049719,0.005104826281909114,-0.004200162772859395,1.1990242527851542,0.8855419254168599,0.2734497106521836,2026-02-28,793,ok,0.0001194573116783041,1.160524888809286,0.2658773123411061,0.006043735264881599,-0.00513907175583188,0.05876788191876024
CMP007,Canadian Natural Resources Limited,CNQ.TO,^GSPTSE,CAD,Toronto Stock Exchange,PRIMARY_DIRECT,Raw Materials & Energy,False,2026-08-13,65.75969696044922,36759.30078125,-0.0004519229163535421,0.002651217868247402,-0.003103140784600944,1.1980304633317034,0.8905409078608548,0.27034656986758265,2026-02-28,793,ok,0.0001194573116783041,1.160524888809286,0.2658773123411061,0.0031962616334353126,-0.0036481845497888547,0.05511969736897139
CMP007,Canadian Natural Resources Limited,CNQ.TO,^GSPTSE,CAD,Toronto Stock Exchange,PRIMARY_DIRECT,Raw Materials & Energy,False,2026-08-14,65.81916809082031,36730.30078125,0.0009043705053395357,-0.0007889159854420624,0.001693286490781598,1.2000182972525786,0.8890494299175113,0.27203985635836425,2026-02-28,793,ok,0.0001194573116783041,1.160524888809286,0.2658773123411061,-0.0007960993246067137,0.0017004698299462493,0.05682016719891764
CMP007,Canadian Natural Resources Limited,CNQ.TO,^GSPTSE,CAD,Toronto Stock Exchange,PRIMARY_DIRECT,Raw Materials & Energy,False,2026-08-17,67.77163696289062,36667.8984375,0.029664137799131796,-0.0016989336439590108,0.031363071443090806,1.2652799431828905,0.8858400602859229,0.30340292780145506,2026-02-28,793,ok,0.0001194573116783041,1.160524888809286,0.2658773123411061,-0.001852197466571582,0.031516335265703375,0.08833650246462102
CMP007,Canadian Natural Resources Limited,CNQ.TO,^GSPTSE,CAD,Toronto Stock Exchange,PRIMARY_DIRECT,Raw Materials & Energy,False,2026-08-18,68.37621307373047,36367.8984375,0.008920783648340702,-0.008181543333096841,0.017102326981437543,1.2854880154589505,0.8704109781134037,0.3205052547828926,2026-02-28,793,ok,0.0001194573116783041,1.160524888809286,0.2658773123411061,-0.009375427355252262,0.018296211003592966,0.10663271346821399
CMP007,Canadian Natural Resources Limited,CNQ.TO,^GSPTSE,CAD,Toronto Stock Exchange,PRIMARY_DIRECT,Raw Materials & Energy,False,2026-08-19,67.8707504272461,36401.80078125,-0.007392375561064313,0.0009322051921218932,-0.008324580753186206,1.2685928297083664,0.8721545849386028,0.3121806740297064,2026-02-28,793,ok,0.0001194573116783041,1.160524888809286,0.2658773123411061,0.0012013046386130035,-0.008593680199677316,0.09803903326853666
CMP007,Canadian Natural Resources Limited,CNQ.TO,^GSPTSE,CAD,Toronto Stock Exchange,PRIMARY_DIRECT,Raw Materials & Energy,False,2026-08-20,69.81331634521484,36365.3984375,0.028621547658458146,-0.0010000149159860028,0.02962156257444415,1.3335234675015006,0.8702824024286326,0.34180223660415054,2026-02-28,793,ok,0.0001194573116783041,1.160524888809286,0.2658773123411061,-0.0010410848875039792,0.029662632545962124,0.1277016658144988
CMP007,Canadian Natural Resources Limited,CNQ.TO,^GSPTSE,CAD,Toronto Stock Exchange,PRIMARY_DIRECT,Raw Materials & Energy,False,2026-08-21,70.18001556396484,36620.19921875,0.005252568391633794,0.007006681961368333,-0.001754113569734539,1.3457804591080347,0.883386876400394,0.340048123034416,2026-02-28,793,ok,0.0001194573116783041,1.160524888809286,0.2658773123411061,0.00825088611581732,-0.002998317724183526,0.12470334809031527
CMP007,Canadian Natural Resources Limited,CNQ.TO,^GSPTSE,CAD,Toronto Stock Exchange,PRIMARY_DIRECT,Raw Materials & Energy,False,2026-08-24,69.64482116699219,36714.1015625,-0.007626022774031127,0.0025642226354116726,-0.0101902454094428,1.3278914839039997,0.8882162996600973,0.3298578776249732,2026-02-28,793,ok,0.0001194573116783041,1.160524888809286,0.2658773123411061,0.00309530150052169,-0.010721324274552817,0.11398202381576246
CMP007,Canadian Natural Resources Limited,CNQ.TO,^GSPTSE,CAD,Toronto Stock Exchange,PRIMARY_DIRECT,Raw Materials & Energy,False,2026-08-25,68.0689697265625,36957.6015625,-0.02262697231501476,0.006632328986329039,-0.0292593013013438,1.2752183477453451,0.9007395713567918,0.3005985763236294,2026-02-28,793,ok,0.0001194573116783041,1.160524888809286,0.2658773123411061,0.007816440171084417,-0.030443412486099178,0.08353861132966328
CMP007,Canadian Natural Resources Limited,CNQ.TO,^GSPTSE,CAD,Toronto Stock Exchange,PRIMARY_DIRECT,Raw Materials & Energy,False,2026-08-26,68.3167495727539,36813.69921875,0.0036401292275578534,-0.0038937143555336506,0.007533843583091504,1.2835004365520488,0.8933386344016689,0.3081324199067209,2026-02-28,793,ok,0.0001194573116783041,1.160524888809286,0.2658773123411061,-0.004399295107832507,0.008039424335390361,0.09157803566505364
CMP007,Canadian Natural Resources Limited,CNQ.TO,^GSPTSE,CAD,Toronto Stock Exchange,PRIMARY_DIRECT,Raw Materials & Energy,False,2026-08-27,68.41585540771484,36834.30078125,0.001450681356778949,0.0005596167442338817,0.0008910646125450672,1.2868130680635517,0.894398178403985,0.309023484519266,2026-02-28,793,ok,0.0001194573116783041,1.160524888809286,0.2658773123411061,0.0007689064715561444,0.0006817748852228046,0.09225981055027645
CMP007,Canadian Natural Resources Limited,CNQ.TO,^GSPTSE,CAD,Toronto Stock Exchange,PRIMARY_DIRECT,Raw Materials & Energy,False,2026-08-28,67.53377532958984,36553.8984375,-0.012892918942083886,-0.007612533367071128,-0.005280385575012758,1.2573293725413102,0.8799770090603658,0.3037430989442532,2026-02-28,793,ok,0.0001194573116783041,1.160524888809286,0.2658773123411061,-0.008715077127698896,-0.00417784181438499,0.08808196873589146
CMP007,Canadian Natural Resources Limited,CNQ.TO,^GSPTSE,CAD,Toronto Stock Exchange,PRIMARY_DIRECT,Raw Materials & Energy,False,2026-08-31,68.87176513671875,36270.5,0.019812157703297695,-0.007752892293678482,0.027565049996976176,1.3020519380583848,0.865401749794529,0.3313081489412294,2026-02-28,793,ok,0.0001194573116783041,1.160524888809286,0.2658773123411061,-0.008877967155393286,0.02869012485869098,0.11677209359458243
CMP007,Canadian Natural Resources Limited,CNQ.TO,^GSPTSE,CAD,Toronto Stock Exchange,PRIMARY_DIRECT,Raw Materials & Energy,False,2026-09-01,71.4288101196289,35825.69921875,0.03712762374877587,-0.012263431197529706,0.04939105494630558,1.3875216562647568,0.8425255237801723,0.380699203887535,2026-02-28,793,ok,0.0001194573116783041,1.160524888809286,0.2658773123411061,-0.014112559815255188,0.05124018356403106,0.1680122771586135
CMP007,Canadian Natural Resources Limited,CNQ.TO,^GSPTSE,CAD,Toronto Stock Exchange,PRIMARY_DIRECT,Raw Materials & Energy,False,2026-09-02,71.0125503540039,36091.6015625,-0.005827617244748229,0.007422111767488859,-0.013249729012237088,1.3736080938884982,0.8562009541521196,0.3674494748752979,2026-02-28,793,ok,0.0001194573116783041,1.160524888809286,0.2658773123411061,0.008733002745373407,-0.014560619990121636,0.15345165716849185
