company_id,company_name,market_data_ticker,benchmark_ticker,trade_currency,primary_listing_exchange,analysis_tier,role_category,is_confirmatory,Date,company_price,benchmark_price,company_return,benchmark_return,abnormal_return,company_cumulative_return,benchmark_cumulative_return,cumulative_abnormal_return,ols_event_date,ols_estimation_window_observations,ols_status,ols_alpha,ols_beta,ols_r_squared,market_model_expected_return,market_model_abnormal_return,market_model_cumulative_abnormal_return
CMP040,Saudi Arabian Oil Company,2222.SR,^TASI.SR,SAR,Saudi Exchange (Tadawul),PRIMARY_DIRECT,Raw Materials & Energy,False,2023-01-01,24.04634094238281,10546.669921875,0.0,0.0,0.0,0.0,0.0,0.0,2026-02-28,780,ok,6.694219169961814e-06,0.5842877934262029,0.28649113966818107,6.694219169961814e-06,-6.694219169961814e-06,-6.694219169961814e-06
CMP040,Saudi Arabian Oil Company,2222.SR,^TASI.SR,SAR,Saudi Exchange (Tadawul),PRIMARY_DIRECT,Raw Materials & Energy,False,2023-01-02,23.860795974731445,10578.33984375,-0.00771614143274213,0.0030028361662588487,-0.010718977599000978,-0.00771614143274213,0.0030028361662588487,-0.010718977599000978,2026-02-28,780,ok,6.694219169961814e-06,0.5842877934262029,0.28649113966818107,0.0017612147367737428,-0.009477356169515873,-0.009484050388685834
CMP040,Saudi Arabian Oil Company,2222.SR,^TASI.SR,SAR,Saudi Exchange (Tadawul),PRIMARY_DIRECT,Raw Materials & Energy,False,2023-01-03,23.860795974731445,10660.9404296875,0.0,0.0078084640083011525,-0.0078084640083011525,-0.00771614143274213,0.01083474771268711,-0.01852744160730213,2026-02-28,780,ok,6.694219169961814e-06,0.5842877934262029,0.28649113966818107,0.004569084424628165,-0.004569084424628165,-0.014053134813314
CMP040,Saudi Arabian Oil Company,2222.SR,^TASI.SR,SAR,Saudi Exchange (Tadawul),PRIMARY_DIRECT,Raw Materials & Energy,False,2023-01-04,23.526819229125977,10531.900390625,-0.013996881996692356,-0.012104001510332307,-0.001892880486360049,-0.021605021508330657,-0.0014003976003236218,-0.02042032209366218,2026-02-28,780,ok,6.694219169961814e-06,0.5842877934262029,0.28649113966818107,-0.007065526114929529,-0.006931355881762827,-0.020984490695076827
CMP040,Saudi Arabian Oil Company,2222.SR,^TASI.SR,SAR,Saudi Exchange (Tadawul),PRIMARY_DIRECT,Raw Materials & Energy,False,2023-01-05,23.41549301147461,10531.830078125,-0.004731885622411114,-6.676145557049651e-06,-0.004725209476854064,-0.026234674640094657,-0.001407064396622415,-0.025145531570516244,2026-02-28,780,ok,6.694219169961814e-06,0.5842877934262029,0.28649113966818107,2.793428813841126e-06,-0.004734679051224955,-0.025719169746301784
CMP040,Saudi Arabian Oil Company,2222.SR,^TASI.SR,SAR,Saudi Exchange (Tadawul),PRIMARY_DIRECT,Raw Materials & Energy,False,2023-01-08,23.37838363647461,10536.91015625,-0.0015848214249349901,0.00048235473676627727,-0.0020671761617012674,-0.027777918790583778,-0.0009253883640327754,-0.02721270773221751,2026-02-28,780,ok,6.694219169961814e-06,0.5842877934262029,0.28649113966818107,0.00028852820396380686,-0.001873349628898797,-0.027592519375200582
CMP040,Saudi Arabian Oil Company,2222.SR,^TASI.SR,SAR,Saudi Exchange (Tadawul),PRIMARY_DIRECT,Raw Materials & Energy,False,2023-01-09,23.526819229125977,10647.1796875,0.00634926669694047,0.010465072740948989,-0.004115806044008519,-0.021605021508330657,0.009530000120373083,-0.03132851377622603,2026-02-28,780,ok,6.694219169961814e-06,0.5842877934262029,0.28649113966818107,0.00612130847902375,0.00022795821791671972,-0.027364561157283862
CMP040,Saudi Arabian Oil Company,2222.SR,^TASI.SR,SAR,Saudi Exchange (Tadawul),PRIMARY_DIRECT,Raw Materials & Energy,False,2023-01-10,23.638147354125977,10634.0595703125,0.004731966693660716,-0.0012322622114571136,0.00596422890511783,-0.016975289056863185,0.00828599444989253,-0.0253642848711082,2026-02-28,780,ok,6.694219169961814e-06,0.5842877934262029,0.28649113966818107,-0.000713301549284808,0.0054452682429455244,-0.021919292914338338
CMP040,Saudi Arabian Oil Company,2222.SR,^TASI.SR,SAR,Saudi Exchange (Tadawul),PRIMARY_DIRECT,Raw Materials & Energy,False,2023-01-11,23.638147354125977,10617.490234375,0.0,-0.001558138341048676,0.001558138341048676,-0.016975289056863185,0.0067149453831978345,-0.023806146530059524,2026-02-28,780,ok,6.694219169961814e-06,0.5842877934262029,0.28649113966818107,-0.0009037069939741334,0.0009037069939741334,-0.021015585920364205
CMP040,Saudi Arabian Oil Company,2222.SR,^TASI.SR,SAR,Saudi Exchange (Tadawul),PRIMARY_DIRECT,Raw Materials & Energy,False,2023-01-12,23.860795974731445,10744.2197265625,0.009419038525733114,0.011935917942001328,-0.002516879416268214,-0.00771614143274213,0.018731012362278143,-0.02632302594632774,2026-02-28,780,ok,6.694219169961814e-06,0.5842877934262029,0.28649113966818107,0.006980705376018142,0.002438333149714972,-0.018577252770649234
CMP040,Saudi Arabian Oil Company,2222.SR,^TASI.SR,SAR,Saudi Exchange (Tadawul),PRIMARY_DIRECT,Raw Materials & Energy,False,2023-01-15,23.823686599731445,10726.8701171875,-0.0015552446380791007,-0.001614785421048981,5.954078296988019e-05,-0.00925938558323125,0.017085980375544985,-0.026263485163357858,2026-02-28,780,ok,6.694219169961814e-06,0.5842877934262029,0.28649113966818107,-0.0009368051913515492,-0.0006184394467275516,-0.019195692217376787
CMP040,Saudi Arabian Oil Company,2222.SR,^TASI.SR,SAR,Saudi Exchange (Tadawul),PRIMARY_DIRECT,Raw Materials & Energy,False,2023-01-16,23.78657913208008,10728.4501953125,-0.0015575871306072742,0.0001473009468502262,-0.0017048880774575004,-0.010802550414016787,0.017235798103482303,-0.02796837324081536,2026-02-28,780,ok,6.694219169961814e-06,0.5842877934262029,0.28649113966818107,9.276036437467087e-05,-0.0016503474949819451,-0.02084603971235873
CMP040,Saudi Arabian Oil Company,2222.SR,^TASI.SR,SAR,Saudi Exchange (Tadawul),PRIMARY_DIRECT,Raw Materials & Energy,False,2023-01-17,23.823686599731445,10682.900390625,0.0015600169929992358,-0.004245702208451441,0.0058057192014506764,-0.009259385583231139,0.01291691782895854,-0.022162654039364682,2026-02-28,780,ok,6.694219169961814e-06,0.5842877934262029,0.28649113966818107,-0.0024740177557508866,0.004034034748750122,-0.016812004963608608
CMP040,Saudi Arabian Oil Company,2222.SR,^TASI.SR,SAR,Saudi Exchange (Tadawul),PRIMARY_DIRECT,Raw Materials & Energy,False,2023-01-18,23.823686599731445,10664.0400390625,0.0,-0.0017654710680492514,0.0017654710680492514,-0.009259385583231139,0.011128642316193815,-0.02039718297131543,2026-02-28,780,ok,6.694219169961814e-06,0.5842877934262029,0.28649113966818107,-0.001024848975538337,0.001024848975538337,-0.015787155988070272
CMP040,Saudi Arabian Oil Company,2222.SR,^TASI.SR,SAR,Saudi Exchange (Tadawul),PRIMARY_DIRECT,Raw Materials & Energy,False,2023-01-19,23.89790916442871,10682.009765625,0.003115494505292249,0.0016850768092278035,0.0014304176960644455,-0.006172738642845843,0.01283247174250679,-0.018966765275250985,2026-02-28,780,ok,6.694219169961814e-06,0.5842877934262029,0.28649113966818107,0.0009912640297873416,0.0021242304755049075,-0.013662925512565365
CMP040,Saudi Arabian Oil Company,2222.SR,^TASI.SR,SAR,Saudi Exchange (Tadawul),PRIMARY_DIRECT,Raw Materials & Energy,False,2023-01-22,24.08345031738281,10724.6201171875,0.007763907364342515,0.003988982644410388,0.0037749247199321267,0.0015432441504892314,0.016872642893982936,-0.015191840555318858,2026-02-28,780,ok,6.694219169961814e-06,0.5842877934262029,0.28649113966818107,0.002337408086487927,0.005426499277854588,-0.008236426234710777
CMP040,Saudi Arabian Oil Company,2222.SR,^TASI.SR,SAR,Saudi Exchange (Tadawul),PRIMARY_DIRECT,Raw Materials & Energy,False,2023-01-23,24.49164390563965,10765.76953125,0.016949132407419798,0.0038369111085392316,0.013112221298880566,0.01851853320735275,0.02077429283347243,-0.002079619256438292,2026-02-28,780,ok,6.694219169961814e-06,0.5842877934262029,0.28649113966818107,0.0022485545443508355,0.014700577863068963,0.006464151628358186
CMP040,Saudi Arabian Oil Company,2222.SR,^TASI.SR,SAR,Saudi Exchange (Tadawul),PRIMARY_DIRECT,Raw Materials & Energy,False,2023-01-24,24.640079498291016,10795.599609375,0.006060662698806674,0.0027708263713441816,0.003289836327462492,0.02469143048960576,0.02360268116324571,0.0012102170710242,2026-02-28,780,ok,6.694219169961814e-06,0.5842877934262029,0.28649113966818107,0.0016256542456497861,0.004435008453156888,0.010899160081515074
CMP040,Saudi Arabian Oil Company,2222.SR,^TASI.SR,SAR,Saudi Exchange (Tadawul),PRIMARY_DIRECT,Raw Materials & Energy,False,2023-01-25,24.565858840942383,10809.150390625,-0.003012192284273296,0.0012552133962278056,-0.004267405680501102,0.021604862868924046,0.02488752096105662,-0.003057188609476902,2026-02-28,780,ok,6.694219169961814e-06,0.5842877934262029,0.28649113966818107,0.0007401000847309164,-0.0037522923690042126,0.007146867712510861
CMP040,Saudi Arabian Oil Company,2222.SR,^TASI.SR,SAR,Saudi Exchange (Tadawul),PRIMARY_DIRECT,Raw Materials & Energy,False,2023-01-26,24.417421340942383,10821.650390625,-0.006042430714964797,0.0011564276144073737,-0.007198858329372171,0.015431886266967565,0.026072729191957578,-0.010256046938849073,2026-02-28,780,ok,6.694219169961814e-06,0.5842877934262029,0.28649113966818107,0.000682380758249174,-0.006724811473213971,0.0004220562392968901
CMP040,Saudi Arabian Oil Company,2222.SR,^TASI.SR,SAR,Saudi Exchange (Tadawul),PRIMARY_DIRECT,Raw Materials & Energy,False,2023-01-29,24.49164390563965,10839.490234375,0.0030397380485387426,0.0016485326272834833,0.0013912054212552594,0.01851853320735275,0.027764243563996427,-0.008864841517593813,2026-02-28,780,ok,6.694219169961814e-06,0.5842877934262029,0.28649113966818107,0.0009699117103565292,0.0020698263381822134,0.0024918825774791035
CMP040,Saudi Arabian Oil Company,2222.SR,^TASI.SR,SAR,Saudi Exchange (Tadawul),PRIMARY_DIRECT,Raw Materials & Energy,False,2023-01-30,24.49164390563965,10810.6796875,0.0,-0.002657924519700594,0.002657924519700594,0.01851853320735275,0.025032523780556204,-0.006206916997893219,2026-02-28,780,ok,6.694219169961814e-06,0.5842877934262029,0.28649113966818107,-0.0015462986335392985,0.0015462986335392985,0.0040381812110184025
CMP040,Saudi Arabian Oil Company,2222.SR,^TASI.SR,SAR,Saudi Exchange (Tadawul),PRIMARY_DIRECT,Raw Materials & Energy,False,2023-01-31,24.454532623291016,10792.849609375,-0.0015152630216090923,-0.0016493022307946248,0.00013403920918553247,0.016975209737160046,0.023341935352447996,-0.006072877788707687,2026-02-28,780,ok,6.694219169961814e-06,0.5842877934262029,0.28649113966818107,-0.0009569729419539435,-0.0005582900796551488,0.0034798911313632538
CMP040,Saudi Arabian Oil Company,2222.SR,^TASI.SR,SAR,Saudi Exchange (Tadawul),PRIMARY_DIRECT,Raw Materials & Energy,False,2023-02-01,24.417421340942383,10783.73046875,-0.0015175625279907345,-0.0008449242744084096,-0.000672638253582325,0.015431886266967343,0.022477288910248694,-0.006745516042290012,2026-02-28,780,ok,6.694219169961814e-06,0.5842877934262029,0.28649113966818107,-0.00048698472073636337,-0.0010305778072543712,0.002449313324108883
CMP040,Saudi Arabian Oil Company,2222.SR,^TASI.SR,SAR,Saudi Exchange (Tadawul),PRIMARY_DIRECT,Raw Materials & Energy,False,2023-02-02,24.194772720336918,10701.7900390625,-0.009118433003084347,-0.007598523528101309,-0.0015199094749830389,0.006172738642846509,0.014707971173514967,-0.00826542551727305,2026-02-28,780,ok,6.694219169961814e-06,0.5842877934262029,0.28649113966818107,-0.004433030326361438,-0.0046854026767229094,-0.0022360893526140267
CMP040,Saudi Arabian Oil Company,2222.SR,^TASI.SR,SAR,Saudi Exchange (Tadawul),PRIMARY_DIRECT,Raw Materials & Energy,False,2023-02-05,23.823686599731445,10558.580078125,-0.01533745015482435,-0.013381869800731527,-0.001955580354092823,-0.00925938558323125,0.0011292812175065503,-0.010221005871365874,2026-02-28,780,ok,6.694219169961814e-06,0.5842877934262029,0.28649113966818107,-0.007812168958616203,-0.007525281196208147,-0.009761370548822174
CMP040,Saudi Arabian Oil Company,2222.SR,^TASI.SR,SAR,Saudi Exchange (Tadawul),PRIMARY_DIRECT,Raw Materials & Energy,False,2023-02-06,23.74947166442871,10555.7099609375,-0.0031151742612148814,-0.0002718279509426047,-0.0028433463102722767,-0.012345715244802546,0.0008571462963644638,-0.01306435218163815,2026-02-28,780,ok,6.694219169961814e-06,0.5842877934262029,0.28649113966818107,-0.0001521315344778588,-0.0029630427267370225,-0.012724413275559196
CMP040,Saudi Arabian Oil Company,2222.SR,^TASI.SR,SAR,Saudi Exchange (Tadawul),PRIMARY_DIRECT,Raw Materials & Energy,False,2023-02-07,23.823686599731445,10469.5,0.0031249088969793615,-0.00816713998930707,0.011292048886286432,-0.00925938558323125,-0.007316994126736365,-0.0017723032953517182,2026-02-28,780,ok,6.694219169961814e-06,0.5842877934262029,0.28649113966818107,-0.004765265983785169,0.00789017488076453,-0.004834238394794665
CMP040,Saudi Arabian Oil Company,2222.SR,^TASI.SR,SAR,Saudi Exchange (Tadawul),PRIMARY_DIRECT,Raw Materials & Energy,False,2023-02-08,24.12055778503418,10507.7197265625,0.012461177410975521,0.003650578018291162,0.00881059939268436,0.0030864089812749906,-0.0036931273663641795,0.007038296097332641,2026-02-28,780,ok,6.694219169961814e-06,0.5842877934262029,0.28649113966818107,0.002139682394207505,0.010321495016768016,0.005487256621973351
CMP040,Saudi Arabian Oil Company,2222.SR,^TASI.SR,SAR,Saudi Exchange (Tadawul),PRIMARY_DIRECT,Raw Materials & Energy,False,2023-02-09,24.04634094238281,10412.16015625,-0.003076912371297591,-0.009094225274293821,0.00601731290299623,0.0,-0.012753766508421638,0.013055609000328872,2026-02-28,780,ok,6.694219169961814e-06,0.5842877934262029,0.28649113966818107,-0.005306950599267979,0.0022300382279703884,0.007717294849943739
CMP040,Saudi Arabian Oil Company,2222.SR,^TASI.SR,SAR,Saudi Exchange (Tadawul),PRIMARY_DIRECT,Raw Materials & Energy,False,2023-02-12,24.08345031738281,10419.4404296875,0.0015432441504892314,0.0006992087451833662,0.0008440354053058652,0.0015432441504892314,-0.012063475308314975,0.013899644405634737,2026-02-28,780,ok,6.694219169961814e-06,0.5842877934262029,0.28649113966818107,0.000415233354037455,0.0011280107964517763,0.008845305646395515
CMP040,Saudi Arabian Oil Company,2222.SR,^TASI.SR,SAR,Saudi Exchange (Tadawul),PRIMARY_DIRECT,Raw Materials & Energy,False,2023-02-13,24.49164390563965,10519.740234375,0.016949132407419798,0.0096262179686466,0.007322914438773198,0.01851853320735275,-0.0025533829824455623,0.021222558844407935,2026-02-28,780,ok,6.694219169961814e-06,0.5842877934262029,0.28649113966818107,0.005631175875110148,0.01131795653230965,0.020163262178705163
CMP040,Saudi Arabian Oil Company,2222.SR,^TASI.SR,SAR,Saudi Exchange (Tadawul),PRIMARY_DIRECT,Raw Materials & Energy,False,2023-02-14,24.454532623291016,10496.58984375,-0.0015152630216090923,-0.0022006618138109557,0.0006853987922018634,0.016975209737160046,-0.004748425663831046,0.0219079576366098,2026-02-28,780,ok,6.694219169961814e-06,0.5842877934262029,0.28649113966818107,-0.001279125616098947,-0.0002361374055101454,0.01992712477319502
CMP040,Saudi Arabian Oil Company,2222.SR,^TASI.SR,SAR,Saudi Exchange (Tadawul),PRIMARY_DIRECT,Raw Materials & Energy,False,2023-02-15,24.640079498291016,10573.0498046875,0.0075874226614038864,0.00728426680242511,0.0003031558589787764,0.02469143048960576,0.0025012523391672037,0.022211113495588575,2026-02-28,780,ok,6.694219169961814e-06,0.5842877934262029,0.28649113966818107,0.004262802395886671,0.0033246202655172153,0.023251745038712236
CMP040,Saudi Arabian Oil Company,2222.SR,^TASI.SR,SAR,Saudi Exchange (Tadawul),PRIMARY_DIRECT,Raw Materials & Energy,False,2023-02-16,24.528751373291016,10548.4501953125,-0.0045181723138402186,-0.0023266332637621456,-0.002191539050078073,0.020061698038138287,0.00016879957851179128,0.020019574445510502,2026-02-28,780,ok,6.694219169961814e-06,0.5842877934262029,0.28649113966818107,-0.001352729196625627,-0.0031654431172145918,0.020086301921497643
CMP040,Saudi Arabian Oil Company,2222.SR,^TASI.SR,SAR,Saudi Exchange (Tadawul),PRIMARY_DIRECT,Raw Materials & Energy,False,2023-02-19,24.34320831298828,10493.169921875,-0.007564309225489896,-0.005240606194648945,-0.002323703030840951,0.012345635925099518,-0.005072691228253934,0.01769587141466955,2026-02-28,780,ok,6.694219169961814e-06,0.5842877934262029,0.28649113966818107,-0.0030553280105171596,-0.004508981214972736,0.015577320706524907
CMP040,Saudi Arabian Oil Company,2222.SR,^TASI.SR,SAR,Saudi Exchange (Tadawul),PRIMARY_DIRECT,Raw Materials & Energy,False,2023-02-20,24.12055778503418,10370.9697265625,-0.009146309931353902,-0.011645689169461626,0.002499379238107724,0.0030864089812749906,-0.016659305412418668,0.020195250652777275,2026-02-28,780,ok,6.694219169961814e-06,0.5842877934262029,0.28649113966818107,-0.006797739808582201,-0.002348570122771701,0.013228750583753206
CMP040,Saudi Arabian Oil Company,2222.SR,^TASI.SR,SAR,Saudi Exchange (Tadawul),PRIMARY_DIRECT,Raw Materials & Energy,False,2023-02-21,24.04634094238281,10269.73046875,-0.003076912371297591,-0.009761792819932946,0.006684880448635355,0.0,-0.026258473544391592,0.02688013110141263,2026-02-28,780,ok,6.694219169961814e-06,0.5842877934262029,0.28649113966818107,-0.00569700216747241,0.0026200897961748187,0.015848840379928026
CMP040,Saudi Arabian Oil Company,2222.SR,^TASI.SR,SAR,Saudi Exchange (Tadawul),PRIMARY_DIRECT,Raw Materials & Energy,False,2023-02-23,23.60103988647461,10153.2998046875,-0.018518453887648834,-0.011337265804276853,-0.007181188083371981,-0.018518453887648834,-0.03729804005448112,0.01969894301804065,2026-02-28,780,ok,6.694219169961814e-06,0.5842877934262029,0.28649113966818107,-0.006617531801097306,-0.011900922086551528,0.003947918293376498
CMP040,Saudi Arabian Oil Company,2222.SR,^TASI.SR,SAR,Saudi Exchange (Tadawul),PRIMARY_DIRECT,Raw Materials & Energy,False,2023-02-26,23.30417251586914,10051.7802734375,-0.012578571623685031,-0.009998673653183299,-0.002579897970501732,-0.03086408981274813,-0.046923782777256284,0.017119045047538917,2026-02-28,780,ok,6.694219169961814e-06,0.5842877934262029,0.28649113966818107,-0.005835408746837219,-0.006743162876847812,-0.0027952445834713135
CMP040,Saudi Arabian Oil Company,2222.SR,^TASI.SR,SAR,Saudi Exchange (Tadawul),PRIMARY_DIRECT,Raw Materials & Energy,False,2023-02-27,23.00730323791504,9994.7900390625,-0.012738889473631665,-0.005669665753200048,-0.007069223720431617,-0.04320980505755101,-0.052327406366233564,0.0100498213271073,2026-02-28,780,ok,6.694219169961814e-06,0.5842877934262029,0.28649113966818107,-0.0033060222732314046,-0.00943286720040026,-0.012228111783871573
CMP040,Saudi Arabian Oil Company,2222.SR,^TASI.SR,SAR,Saudi Exchange (Tadawul),PRIMARY_DIRECT,Raw Materials & Energy,False,2023-02-28,23.60103988647461,10102.7001953125,0.025806442520439177,0.010796640632595222,0.015009801887843954,-0.018518453887648945,-0.04209572593541033,0.025059623214951254,2026-02-28,780,ok,6.694219169961814e-06,0.5842877934262029,0.28649113966818107,0.006315039550804707,0.019491402969634468,0.0072632911857628945
CMP040,Saudi Arabian Oil Company,2222.SR,^TASI.SR,SAR,Saudi Exchange (Tadawul),PRIMARY_DIRECT,Raw Materials & Energy,False,2023-03-01,23.41549301147461,10192.259765625,-0.007861809305543921,0.008864914189382178,-0.0167267234949261,-0.026234674640094657,-0.0336039867441853,0.008332899720025155,2026-02-28,780,ok,6.694219169961814e-06,0.5842877934262029,0.28649113966818107,0.00518635536979671,-0.013048164675340632,-0.005784873489577737
CMP040,Saudi Arabian Oil Company,2222.SR,^TASI.SR,SAR,Saudi Exchange (Tadawul),PRIMARY_DIRECT,Raw Materials & Energy,False,2023-03-02,23.563926696777344,10277.759765625,0.00633912278635318,0.008388718691056285,-0.0020495959047031054,-0.02006185667754501,-0.025497162444823918,0.00628330381532205,2026-02-28,780,ok,6.694219169961814e-06,0.5842877934262029,0.28649113966818107,0.004908120152840383,0.0014310026335127967,-0.00435387085606494
CMP040,Saudi Arabian Oil Company,2222.SR,^TASI.SR,SAR,Saudi Exchange (Tadawul),PRIMARY_DIRECT,Raw Materials & Energy,False,2023-03-05,23.74947166442871,10411.259765625,0.007874110713336435,0.012989211953222002,-0.005115101239885567,-0.012345715244802657,-0.012839138538803474,0.0011682025754364833,2026-02-28,780,ok,6.694219169961814e-06,0.5842877934262029,0.28649113966818107,0.0075961322096633034,0.00027797850367313175,-0.004075892352391809
CMP040,Saudi Arabian Oil Company,2222.SR,^TASI.SR,SAR,Saudi Exchange (Tadawul),PRIMARY_DIRECT,Raw Materials & Energy,False,2023-03-06,23.74947166442871,10447.9599609375,0.0,0.0035250484704716367,-0.0035250484704716367,-0.012345715244802657,-0.009359348654000232,-0.0023568458950351534,2026-02-28,780,ok,6.694219169961814e-06,0.5842877934262029,0.28649113966818107,0.002066337011702246,-0.002066337011702246,-0.006142229364094054
CMP040,Saudi Arabian Oil Company,2222.SR,^TASI.SR,SAR,Saudi Exchange (Tadawul),PRIMARY_DIRECT,Raw Materials & Energy,False,2023-03-07,24.00923156738281,10473.3203125,0.010937502384238629,0.002427301756258382,0.008510200627980247,-0.0015432441504892314,-0.006954764861167084,0.006153354732945093,2026-02-28,780,ok,6.694219169961814e-06,0.5842877934262029,0.28649113966818107,0.0014249370063137187,0.00951256537792491,0.0033703360138308564
CMP040,Saudi Arabian Oil Company,2222.SR,^TASI.SR,SAR,Saudi Exchange (Tadawul),PRIMARY_DIRECT,Raw Materials & Energy,False,2023-03-08,24.04634094238281,10410.2099609375,0.0015456294340721044,-0.006025820817031402,0.0075714502511035064,-1.1102230246251565e-16,-0.012938677511320495,0.0137248049840486,2026-02-28,780,ok,6.694219169961814e-06,0.5842877934262029,0.28649113966818107,-0.003514119329594995,0.005059748763667099,0.008430084777497956
CMP040,Saudi Arabian Oil Company,2222.SR,^TASI.SR,SAR,Saudi Exchange (Tadawul),PRIMARY_DIRECT,Raw Materials & Energy,False,2023-03-09,24.34320831298828,10463.1796875,0.012345635925099518,0.0050882476685156774,0.007257388256583841,0.012345635925099296,-0.007916265038485526,0.02098219324063244,2026-02-28,780,ok,6.694219169961814e-06,0.5842877934262029,0.28649113966818107,0.002979695221813008,0.00936594070328651,0.017796025480784468
CMP040,Saudi Arabian Oil Company,2222.SR,^TASI.SR,SAR,Saudi Exchange (Tadawul),PRIMARY_DIRECT,Raw Materials & Energy,False,2023-03-12,24.34320831298828,10383.8203125,0.0,-0.0075846327187525375,0.0075846327187525375,0.012345635925099296,-0.015440855794416897,0.028566825959384978,2026-02-28,780,ok,6.694219169961814e-06,0.5842877934262029,0.28649113966818107,-0.004424914096018141,0.004424914096018141,0.022220939576802608
CMP040,Saudi Arabian Oil Company,2222.SR,^TASI.SR,SAR,Saudi Exchange (Tadawul),PRIMARY_DIRECT,Raw Materials & Energy,False,2023-03-13,24.454532623291016,10305.08984375,0.0045731157894803864,-0.007582033045701375,0.012155148835181762,0.016975209737159824,-0.022905815761231074,0.04072197479456674,2026-02-28,780,ok,6.694219169961814e-06,0.5842877934262029,0.28649113966818107,-0.004423395138787447,0.008996510928267833,0.03121745050507044
CMP040,Saudi Arabian Oil Company,2222.SR,^TASI.SR,SAR,Saudi Exchange (Tadawul),PRIMARY_DIRECT,Raw Materials & Energy,False,2023-03-14,24.454532623291016,10207.169921875,0.0,-0.009502092981206522,0.009502092981206522,0.016975209737159824,-0.03219025555126398,0.05022406777577326,2026-02-28,780,ok,6.694219169961814e-06,0.5842877934262029,0.28649113966818107,-0.005545262721749807,0.005545262721749807,0.036762713226820246
CMP040,Saudi Arabian Oil Company,2222.SR,^TASI.SR,SAR,Saudi Exchange (Tadawul),PRIMARY_DIRECT,Raw Materials & Energy,False,2023-03-15,23.65426254272461,10048.5,-0.0327248160042205,-0.015544947628916672,-0.01717986837530383,-0.016305116882342263,-0.04723480734347485,0.03304419940046943,2026-02-28,780,ok,6.694219169961814e-06,0.5842877934262029,0.28649113966818107,-0.009076028929855645,-0.02364878707436486,0.013113926152455387
CMP040,Saudi Arabian Oil Company,2222.SR,^TASI.SR,SAR,Saudi Exchange (Tadawul),PRIMARY_DIRECT,Raw Materials & Energy,False,2023-03-16,23.204418182373047,9976.650390625,-0.01901747558348299,-0.00715028206946311,-0.01186719351401988,-0.03501251030362951,-0.05404734721693538,0.02117700588644955,2026-02-28,780,ok,6.694219169961814e-06,0.5842877934262029,0.28649113966818107,-0.004171128313571582,-0.014846347269911409,-0.001732421117456022
CMP040,Saudi Arabian Oil Company,2222.SR,^TASI.SR,SAR,Saudi Exchange (Tadawul),PRIMARY_DIRECT,Raw Materials & Energy,False,2023-03-19,23.204418182373047,10157.73046875,0.0,0.018150388260087746,-0.018150388260087746,-0.03501251030362951,-0.036877939293262774,0.003026617626361805,2026-02-28,780,ok,6.694219169961814e-06,0.5842877934262029,0.28649113966818107,0.010611744525485488,-0.010611744525485488,-0.01234416564294151
CMP040,Saudi Arabian Oil Company,2222.SR,^TASI.SR,SAR,Saudi Exchange (Tadawul),PRIMARY_DIRECT,Raw Materials & Energy,False,2023-03-20,23.316879272460938,10218.1201171875,0.004846537810343499,0.005945191066379252,-0.0010986532560357531,-0.030335661948307613,-0.031151994622116264,0.0019279643703260518,2026-02-28,780,ok,6.694219169961814e-06,0.5842877934262029,0.28649113966818107,0.0034803967888418687,0.0013661410215016299,-0.01097802462143988
CMP040,Saudi Arabian Oil Company,2222.SR,^TASI.SR,SAR,Saudi Exchange (Tadawul),PRIMARY_DIRECT,Raw Materials & Energy,False,2023-03-21,23.65426254272461,10359.740234375,0.014469486517526775,0.013859703699243608,0.0006097828182831666,-0.016305116882342152,-0.017724048337975584,0.0025377471886092184,2026-02-28,780,ok,6.694219169961814e-06,0.5842877934262029,0.28649113966818107,0.00810474991114199,0.0063647366063847854,-0.0046132880150550944
CMP040,Saudi Arabian Oil Company,2222.SR,^TASI.SR,SAR,Saudi Exchange (Tadawul),PRIMARY_DIRECT,Raw Materials & Energy,False,2023-03-22,23.766721725463867,10350.509765625,0.004754288261413109,-0.0008909942277676164,0.005645282489180725,-0.01162834784672373,-0.018599250540981438,0.008183029677789944,2026-02-28,780,ok,6.694219169961814e-06,0.5842877934262029,0.28649113966818107,-0.0005139028321278624,0.005268191093540971,0.0006549030784858767
CMP040,Saudi Arabian Oil Company,2222.SR,^TASI.SR,SAR,Saudi Exchange (Tadawul),PRIMARY_DIRECT,Raw Materials & Energy,False,2023-03-23,24.104108810424805,10446.3896484375,0.014195777139909715,0.009263300550754083,0.004932476589155632,0.002402355858648564,-0.009508240438007243,0.013115506266945576,2026-02-28,780,ok,6.694219169961814e-06,0.5842877934262029,0.28649113966818107,0.005419127657813794,0.008776649482095921,0.009431552560581799
CMP040,Saudi Arabian Oil Company,2222.SR,^TASI.SR,SAR,Saudi Exchange (Tadawul),PRIMARY_DIRECT,Raw Materials & Energy,False,2023-03-26,24.104108810424805,10459.3603515625,0.0,0.0012416445835849999,-0.0012416445835849999,0.002402355858648564,-0.008278401709661543,0.011873861683360576,2026-02-28,780,ok,6.694219169961814e-06,0.5842877934262029,0.28649113966818107,0.0007321719931324378,-0.0007321719931324378,0.008699380567449361
CMP040,Saudi Arabian Oil Company,2222.SR,^TASI.SR,SAR,Saudi Exchange (Tadawul),PRIMARY_DIRECT,Raw Materials & Energy,False,2023-03-27,24.104108810424805,10463.6103515625,0.0,0.0004063345995499734,-0.0004063345995499734,0.002402355858648564,-0.007875430911155168,0.011467527083810602,2026-02-28,780,ok,6.694219169961814e-06,0.5842877934262029,0.28649113966818107,0.00024411056573373554,-0.00024411056573373554,0.008455270001715625
CMP040,Saudi Arabian Oil Company,2222.SR,^TASI.SR,SAR,Saudi Exchange (Tadawul),PRIMARY_DIRECT,Raw Materials & Energy,False,2023-03-28,24.104108810424805,10468.080078125,0.0,0.00042716867432202044,-0.00042716867432202044,0.002402355858648564,-0.007451626374215148,0.011040358409488582,2026-02-28,780,ok,6.694219169961814e-06,0.5842877934262029,0.28649113966818107,0.0002562836613103714,-0.0002562836613103714,0.008198986340405254
CMP040,Saudi Arabian Oil Company,2222.SR,^TASI.SR,SAR,Saudi Exchange (Tadawul),PRIMARY_DIRECT,Raw Materials & Energy,False,2023-03-29,24.291542053222656,10503.1796875,0.0077759872506377725,0.0033530130752770226,0.00442297417536075,0.01019702379781462,-0.004123598699602993,0.015463332584849332,2026-02-28,780,ok,6.694219169961814e-06,0.5842877934262029,0.28649113966818107,0.00196581883025278,0.0058101684203849925,0.014009154760790246
CMP040,Saudi Arabian Oil Company,2222.SR,^TASI.SR,SAR,Saudi Exchange (Tadawul),PRIMARY_DIRECT,Raw Materials & Energy,False,2023-03-30,24.21656608581543,10590.099609375,-0.0030865050577256747,0.00827558172487941,-0.011362086782605085,0.007079045574563292,0.004117857847237172,0.004101245802244247,2026-02-28,780,ok,6.694219169961814e-06,0.5842877934262029,0.28649113966818107,0.004842015604517962,-0.007928520662243636,0.00608063409854661
CMP040,Saudi Arabian Oil Company,2222.SR,^TASI.SR,SAR,Saudi Exchange (Tadawul),PRIMARY_DIRECT,Raw Materials & Energy,False,2023-04-02,24.25405502319336,10636.6201171875,0.0015480699140035803,0.004392830051505481,-0.0028447601375019005,0.008638074346040803,0.008528776948441896,0.0012564856647423461,2026-02-28,780,ok,6.694219169961814e-06,0.5842877934262029,0.28649113966818107,0.002573371196860412,-0.0010253012828568319,0.005055332815689778
CMP040,Saudi Arabian Oil Company,2222.SR,^TASI.SR,SAR,Saudi Exchange (Tadawul),PRIMARY_DIRECT,Raw Materials & Energy,False,2023-04-03,24.40399742126465,10806.8896484375,0.00618215790835408,0.016007860520924844,-0.009825702612570764,0.01487363419402632,0.024673164941171555,-0.008569216947828417,2026-02-28,780,ok,6.694219169961814e-06,0.5842877934262029,0.28649113966818107,0.009359891720415564,-0.0031777338120614843,0.0018775990036282936
CMP040,Saudi Arabian Oil Company,2222.SR,^TASI.SR,SAR,Saudi Exchange (Tadawul),PRIMARY_DIRECT,Raw Materials & Energy,False,2023-04-04,24.59143829345703,10948.599609375,0.007680744631986203,0.013112927544142172,-0.0054321829121559695,0.022668619412006485,0.03810962990947209,-0.014001399859984387,2026-02-28,780,ok,6.694219169961814e-06,0.5842877934262029,0.28649113966818107,0.007668417719294469,1.2326912691733825e-05,0.0018899259163200274
CMP040,Saudi Arabian Oil Company,2222.SR,^TASI.SR,SAR,Saudi Exchange (Tadawul),PRIMARY_DIRECT,Raw Materials & Energy,False,2023-04-05,24.36651611328125,10920.6298828125,-0.009146361326723418,-0.002554639639808398,-0.00659172168691502,0.013314922701362919,0.03545763389843848,-0.020593121546899407,2026-02-28,780,ok,6.694219169961814e-06,0.5842877934262029,0.28649113966818107,-0.001485950538972797,-0.007660410787750621,-0.005770484871430594
CMP040,Saudi Arabian Oil Company,2222.SR,^TASI.SR,SAR,Saudi Exchange (Tadawul),PRIMARY_DIRECT,Raw Materials & Energy,False,2023-04-06,24.478975296020508,10906.150390625,0.004615316453793872,-0.0013258843439322154,0.005941200797726087,0.01799169173698134,0.034084736832847407,-0.01465192074917332,2026-02-28,780,ok,6.694219169961814e-06,0.5842877934262029,0.28649113966818107,-0.000768003818484541,0.005383320272278413,-0.00038716459915218073
CMP040,Saudi Arabian Oil Company,2222.SR,^TASI.SR,SAR,Saudi Exchange (Tadawul),PRIMARY_DIRECT,Raw Materials & Energy,False,2023-04-09,24.51646423339844,10965.7802734375,0.0015314749463399835,0.005467546354739339,-0.003936071408399355,0.019550720508458852,0.039738643066209445,-0.018587992157572675,2026-02-28,780,ok,6.694219169961814e-06,0.5842877934262029,0.28649113966818107,0.003201314814236089,-0.0016698398678961055,-0.002057004467048286
CMP040,Saudi Arabian Oil Company,2222.SR,^TASI.SR,SAR,Saudi Exchange (Tadawul),PRIMARY_DIRECT,Raw Materials & Energy,False,2023-04-10,24.44148826599121,10905.48046875,-0.00305818843587935,-0.005498906888875443,0.0024407184529960935,0.016432742285207524,0.034021217079222676,-0.01614727370457658,2026-02-28,780,ok,6.694219169961814e-06,0.5842877934262029,0.28649113966818107,-0.003206249953187217,0.00014806151730786723,-0.001908942949740419
CMP040,Saudi Arabian Oil Company,2222.SR,^TASI.SR,SAR,Saudi Exchange (Tadawul),PRIMARY_DIRECT,Raw Materials & Energy,False,2023-04-11,24.329030990600582,10849.0498046875,-0.004601081332150536,-0.005174523417304178,0.0005734420851536415,0.011756052569292574,0.02867065007745695,-0.01557383161942294,2026-02-28,780,ok,6.694219169961814e-06,0.5842877934262029,0.28649113966818107,-0.003016716650358911,-0.0015843646817916253,-0.0034933076315320443
CMP040,Saudi Arabian Oil Company,2222.SR,^TASI.SR,SAR,Saudi Exchange (Tadawul),PRIMARY_DIRECT,Raw Materials & Energy,False,2023-04-12,24.51646423339844,10935.3896484375,0.0077040981562428446,0.00795828623744499,-0.00025418808120214464,0.019550720508459296,0.036857105554831904,-0.015828019700625084,2026-02-28,780,ok,6.694219169961814e-06,0.5842877934262029,0.28649113966818107,0.004656623724300812,0.003047474431942032,-0.00044583319959001213
CMP040,Saudi Arabian Oil Company,2222.SR,^TASI.SR,SAR,Saudi Exchange (Tadawul),PRIMARY_DIRECT,Raw Materials & Energy,False,2023-04-13,24.62892723083496,10964.669921875,0.004587243754477166,0.002677570199035806,0.0019096735554413602,0.02422764818348444,0.03963336324132394,-0.013918346145183724,2026-02-28,780,ok,6.694219169961814e-06,0.5842877934262029,0.28649113966818107,0.0015711658025083515,0.0030160779519688144,0.0025702447523788022
CMP040,Saudi Arabian Oil Company,2222.SR,^TASI.SR,SAR,Saudi Exchange (Tadawul),PRIMARY_DIRECT,Raw Materials & Energy,False,2023-04-16,24.81635856628418,11032.5703125,0.007610211102274889,0.006192652501972429,0.0014175586003024598,0.032022236802947246,0.04607145138933433,-0.012500787544881264,2026-02-28,780,ok,6.694219169961814e-06,0.5842877934262029,0.28649113966818107,0.0036249854850026867,0.003985225617272202,0.006555470369651005
CMP040,Saudi Arabian Oil Company,2222.SR,^TASI.SR,SAR,Saudi Exchange (Tadawul),PRIMARY_DIRECT,Raw Materials & Energy,False,2023-04-17,25.97845268249512,11163.5703125,0.04682774521922717,0.011873932935788867,0.0349538122834383,0.08034951116853262,0.05849243364917456,0.022453024738557037,2026-02-28,780,ok,6.694219169961814e-06,0.5842877934262029,0.28649113966818107,0.0069444882935127536,0.039883256925714414,0.04643872729536542
CMP040,Saudi Arabian Oil Company,2222.SR,^TASI.SR,SAR,Saudi Exchange (Tadawul),PRIMARY_DIRECT,Raw Materials & Energy,False,2023-04-25,26.990598678588867,11265.1103515625,0.03896098079681831,0.00909565992062622,0.029865320876192092,0.12244098772702183,0.06812012085420349,0.05231834561474913,2026-02-28,780,ok,6.694219169961814e-06,0.5842877934262029,0.28649113966818107,0.005321177283947807,0.033639803512870506,0.08007853080823593
CMP040,Saudi Arabian Oil Company,2222.SR,^TASI.SR,SAR,Saudi Exchange (Tadawul),PRIMARY_DIRECT,Raw Materials & Energy,False,2023-04-26,26.990598678588867,11307.2197265625,0.0,0.0037380348426110377,-0.0037380348426110377,0.12244098772702183,0.07211279108205049,0.04858031077213809,2026-02-28,780,ok,6.694219169961814e-06,0.5842877934262029,0.28649113966818107,0.0021907823491094285,-0.0021907823491094285,0.07788774845912651
CMP040,Saudi Arabian Oil Company,2222.SR,^TASI.SR,SAR,Saudi Exchange (Tadawul),PRIMARY_DIRECT,Raw Materials & Energy,False,2023-04-27,26.990598678588867,11271.1904296875,0.0,-0.0031863975182476745,0.0031863975182476745,0.12244098772702183,0.06869661354526513,0.051766708290385766,2026-02-28,780,ok,6.694219169961814e-06,0.5842877934262029,0.28649113966818107,-0.001855078955745701,0.001855078955745701,0.07974282741487221
CMP040,Saudi Arabian Oil Company,2222.SR,^TASI.SR,SAR,Saudi Exchange (Tadawul),PRIMARY_DIRECT,Raw Materials & Energy,False,2023-04-30,27.21552848815918,11307.76953125,0.00833363543539134,0.0032453627494530846,0.0050882726859382554,0.1317950017164793,0.07216492172533151,0.05685498097632402,2026-02-28,780,ok,6.694219169961814e-06,0.5842877934262029,0.28649113966818107,0.0019029200589154992,0.006430715376475841,0.08617354279134805
CMP040,Saudi Arabian Oil Company,2222.SR,^TASI.SR,SAR,Saudi Exchange (Tadawul),PRIMARY_DIRECT,Raw Materials & Energy,False,2023-05-01,27.028091430664062,11285.6103515625,-0.006887136422012441,-0.001959641963542036,-0.004927494458470405,0.12400017513790607,0.07006386235288087,0.051927486517853616,2026-02-28,780,ok,6.694219169961814e-06,0.5842877934262029,0.28649113966818107,-0.0011383006596134059,-0.005748835762399035,0.08042470702894901
CMP040,Saudi Arabian Oil Company,2222.SR,^TASI.SR,SAR,Saudi Exchange (Tadawul),PRIMARY_DIRECT,Raw Materials & Energy,False,2023-05-02,26.578245162963867,11218.6103515625,-0.01664365642887511,-0.00593676353452377,-0.010706892894351339,0.10529270239691524,0.06371114623525265,0.04122059362350228,2026-02-28,780,ok,6.694219169961814e-06,0.5842877934262029,0.28649113966818107,-0.0034620842465100765,-0.013181572182365032,0.06724313484658398
CMP040,Saudi Arabian Oil Company,2222.SR,^TASI.SR,SAR,Saudi Exchange (Tadawul),PRIMARY_DIRECT,Raw Materials & Energy,False,2023-05-03,26.315837860107425,11073.169921875,-0.00987301084956882,-0.01296421081843202,0.003091199968863201,0.09438013555420133,0.0499209706855428,0.04431179359236548,2026-02-28,780,ok,6.694219169961814e-06,0.5842877934262029,0.28649113966818107,-0.007568135913443791,-0.0023048749361250283,0.06493825991045896
CMP040,Saudi Arabian Oil Company,2222.SR,^TASI.SR,SAR,Saudi Exchange (Tadawul),PRIMARY_DIRECT,Raw Materials & Energy,False,2023-05-04,26.27834892272949,11118.76953125,-0.0014245770010145042,0.004118026698472166,-0.00554260369948667,0.0928211067827236,0.054244573274111696,0.03876918989287881,2026-02-28,780,ok,6.694219169961814e-06,0.5842877934262029,0.28649113966818107,0.002412806952090455,-0.0038373839531049593,0.061100875957354
CMP040,Saudi Arabian Oil Company,2222.SR,^TASI.SR,SAR,Saudi Exchange (Tadawul),PRIMARY_DIRECT,Raw Materials & Energy,False,2023-05-07,26.803165435791016,11256.650390625,0.01997144168397824,0.01240073004368658,0.007570711640291661,0.11464631978785533,0.06731797562730546,0.04633990153317047,2026-02-28,780,ok,6.694219169961814e-06,0.5842877934262029,0.28649113966818107,0.007252289413269614,0.012719152270708627,0.07382002822806263
CMP040,Saudi Arabian Oil Company,2222.SR,^TASI.SR,SAR,Saudi Exchange (Tadawul),PRIMARY_DIRECT,Raw Materials & Energy,False,2023-05-08,26.840652465820312,11256.3896484375,0.0013986045834437633,-2.3163390391656158e-05,0.0014217679738354194,0.11620526923962937,0.06729325292436394,0.04776166950700589,2026-02-28,780,ok,6.694219169961814e-06,0.5842877934262029,0.28649113966818107,-6.8398670902486704e-06,0.0014054444505340118,0.07522547267859665
CMP040,Saudi Arabian Oil Company,2222.SR,^TASI.SR,SAR,Saudi Exchange (Tadawul),PRIMARY_DIRECT,Raw Materials & Energy,False,2023-05-09,27.710351943969727,11305.2802734375,0.032402322531351,0.004343366436927454,0.02805895609442355,0.15237291238472528,0.07192889861747465,0.07582062560142944,2026-02-28,780,ok,6.694219169961814e-06,0.5842877934262029,0.28649113966818107,0.002544470210643733,0.02985785232070727,0.10508332499930392
CMP040,Saudi Arabian Oil Company,2222.SR,^TASI.SR,SAR,Saudi Exchange (Tadawul),PRIMARY_DIRECT,Raw Materials & Energy,False,2023-05-10,27.66911125183105,11293.1796875,-0.001488277457538767,-0.0010703481598710596,-0.00041792929766770737,0.15065786175654483,0.07078156149332693,0.07540269630376173,2026-02-28,780,ok,6.694219169961814e-06,0.5842877934262029,0.28649113966818107,-0.0006186971453588962,-0.0008695803121798707,0.10421374468712405
CMP040,Saudi Arabian Oil Company,2222.SR,^TASI.SR,SAR,Saudi Exchange (Tadawul),PRIMARY_DIRECT,Raw Materials & Energy,False,2023-05-11,27.751588821411133,11392.7802734375,0.0029808535890223364,0.00881953432900251,-0.005838680739980173,0.15408780437349856,0.08022535623378024,0.06956401556378156,2026-02-28,780,ok,6.694219169961814e-06,0.5842877934262029,0.28649113966818107,0.005159840471309484,-0.002178986882287148,0.1020347578048369
CMP040,Saudi Arabian Oil Company,2222.SR,^TASI.SR,SAR,Saudi Exchange (Tadawul),PRIMARY_DIRECT,Raw Materials & Energy,False,2023-05-14,27.792821884155277,11348.4296875,0.0014857910662156026,-0.003892867664700317,0.0053786587309159195,0.15580253772286512,0.07602018187390835,0.07494267429469748,2026-02-28,780,ok,6.694219169961814e-06,0.5842877934262029,0.28649113966818107,-0.0022678608387380014,0.003753651904953604,0.1057884097097905
CMP040,Saudi Arabian Oil Company,2222.SR,^TASI.SR,SAR,Saudi Exchange (Tadawul),PRIMARY_DIRECT,Raw Materials & Energy,False,2023-05-15,27.297990798950195,11230.2001953125,-0.017804276487922377,-0.010418136732849193,-0.007386139755073184,0.1352243097758048,0.0648100564918408,0.06755653453962429,2026-02-28,780,ok,6.694219169961814e-06,0.5842877934262029,0.28649113966818107,-0.006080495904078964,-0.011723780583843414,0.0940646291259471
CMP040,Saudi Arabian Oil Company,2222.SR,^TASI.SR,SAR,Saudi Exchange (Tadawul),PRIMARY_DIRECT,Raw Materials & Energy,False,2023-05-16,26.7206974029541,11206.01953125,-0.021147834661087717,-0.002153181923915559,-0.018994652737172157,0.11121677376941874,0.06251732672579902,0.048561881802452134,2026-02-28,780,ok,6.694219169961814e-06,0.5842877934262029,0.28649113966818107,-0.0012513836959998465,-0.01989645096508787,0.07416817816085923
CMP040,Saudi Arabian Oil Company,2222.SR,^TASI.SR,SAR,Saudi Exchange (Tadawul),PRIMARY_DIRECT,Raw Materials & Energy,False,2023-05-17,26.72269058227539,11277.599609375,7.459308756918581e-05,0.006387645312002643,-0.0063130522244334575,0.11129966285953286,0.06930431054678055,0.042248829578018676,2026-02-28,780,ok,6.694219169961814e-06,0.5842877934262029,0.28649113966818107,0.0037389174037092154,-0.0036643243161400296,0.0705038538447192
CMP040,Saudi Arabian Oil Company,2222.SR,^TASI.SR,SAR,Saudi Exchange (Tadawul),PRIMARY_DIRECT,Raw Materials & Energy,False,2023-05-18,26.97243881225586,11344.400390625,0.009345923802527745,0.005923315560384834,0.0034226082421429105,0.12168578483039272,0.07563813740822889,0.04567143782016159,2026-02-28,780,ok,6.694219169961814e-06,0.5842877934262029,0.28649113966818107,0.0034676151977143087,0.005878308604813436,0.07638216244953264
CMP040,Saudi Arabian Oil Company,2222.SR,^TASI.SR,SAR,Saudi Exchange (Tadawul),PRIMARY_DIRECT,Raw Materials & Energy,False,2023-05-21,26.97243881225586,11341.8203125,0.0,-0.00022743186384110992,0.00022743186384110992,0.12168578483039272,0.07539350302181957,0.0458988696840027,2026-02-28,780,ok,6.694219169961814e-06,0.5842877934262029,0.28649113966818107,-0.0001261914427085689,0.0001261914427085689,0.0765083538922412
CMP040,Saudi Arabian Oil Company,2222.SR,^TASI.SR,SAR,Saudi Exchange (Tadawul),PRIMARY_DIRECT,Raw Materials & Energy,False,2023-05-22,26.84756851196289,11329.1904296875,-0.004629551712477364,-0.0011135675283605595,-0.003515984184116805,0.11649288248436962,0.07419597973664449,0.04238288549988589,2026-02-28,780,ok,6.694219169961814e-06,0.5842877934262029,0.28649113966818107,-0.0006439496948069,-0.0039856020176704645,0.07252275187457073
CMP040,Saudi Arabian Oil Company,2222.SR,^TASI.SR,SAR,Saudi Exchange (Tadawul),PRIMARY_DIRECT,Raw Materials & Energy,False,2023-05-23,26.72269058227539,11275.76953125,-0.004651368321561655,-0.0047153323769290045,6.396405536734928e-05,0.11129966285953286,0.0691307886542254,0.04244684955525324,2026-02-28,780,ok,6.694219169961814e-06,0.5842877934262029,0.28649113966818107,-0.0027484169306170184,-0.0019029513909446369,0.0706198004836261
CMP040,Saudi Arabian Oil Company,2222.SR,^TASI.SR,SAR,Saudi Exchange (Tadawul),PRIMARY_DIRECT,Raw Materials & Energy,False,2023-05-24,26.639442443847656,11236.26953125,-0.003115260350428639,-0.0035030868527889947,0.00038782650236035554,0.10783767508238173,0.06538553064457875,0.0428346760576136,2026-02-28,780,ok,6.694219169961814e-06,0.5842877934262029,0.28649113966818107,-0.0020401166682264614,-0.0010751436822021778,0.06954465680142391
CMP040,Saudi Arabian Oil Company,2222.SR,^TASI.SR,SAR,Saudi Exchange (Tadawul),PRIMARY_DIRECT,Raw Materials & Energy,False,2023-05-25,26.556198120117188,11184.5703125,-0.0031248523277442875,-0.004601101691821818,0.001476249364077531,0.10437584594463778,0.0604835834770876,0.04431092542169113,2026-02-28,780,ok,6.694219169961814e-06,0.5842877934262029,0.28649113966818107,-0.002681673335674177,-0.0004431789920701103,0.0691014778093538
CMP040,Saudi Arabian Oil Company,2222.SR,^TASI.SR,SAR,Saudi Exchange (Tadawul),PRIMARY_DIRECT,Raw Materials & Energy,False,2023-05-28,26.597820281982425,11138.0498046875,0.0015673238193576466,-0.00415934689600983,0.005726670715367477,0.10610676051350998,0.056072664375882875,0.050037596137058604,2026-02-28,780,ok,6.694219169961814e-06,0.5842877934262029,0.28649113966818107,-0.002423561400793748,0.003990885220151395,0.0730923630295052
CMP040,Saudi Arabian Oil Company,2222.SR,^TASI.SR,SAR,Saudi Exchange (Tadawul),PRIMARY_DIRECT,Raw Materials & Energy,False,2023-05-29,26.431324005126957,11135.669921875,-0.00625977148090795,-0.00021367141054606797,-0.006046100070361882,0.09918278495920796,0.05584701184004648,0.04399149606669672,2026-02-28,780,ok,6.694219169961814e-06,0.5842877934262029,0.28649113966818107,-0.00011815137781626454,-0.006141620103091685,0.06695074292641351
CMP040,Saudi Arabian Oil Company,2222.SR,^TASI.SR,SAR,Saudi Exchange (Tadawul),PRIMARY_DIRECT,Raw Materials & Energy,False,2023-05-30,26.514575958251957,11139.98046875,0.0031497458511291487,0.0003870936284249282,0.0027626522227042205,0.1026449313757658,0.05625572349092134,0.04675414828940094,2026-02-28,780,ok,6.694219169961814e-06,0.5842877934262029,0.28649113966818107,0.0002328683011717056,0.0029168775499574433,0.06986762047637095
CMP040,Saudi Arabian Oil Company,2222.SR,^TASI.SR,SAR,Saudi Exchange (Tadawul),PRIMARY_DIRECT,Raw Materials & Energy,False,2023-05-31,26.22319984436035,11014.1298828125,-0.010989280550833147,-0.011297199873064212,0.000307919322231065,0.09052765687692332,0.04432299146557628,0.04706206761163201,2026-02-28,780,ok,6.694219169961814e-06,0.5842877934262029,0.28649113966818107,-0.0065941217665575055,-0.0043951587842756415,0.06547246169209531
CMP040,Saudi Arabian Oil Company,2222.SR,^TASI.SR,SAR,Saudi Exchange (Tadawul),PRIMARY_DIRECT,Raw Materials & Energy,False,2023-06-01,26.348073959350582,11014.9501953125,0.004761970916264291,7.447819380446141e-05,0.0046874927224598295,0.09572071786235314,0.04440077075572901,0.05174956033409184,2026-02-28,780,ok,6.694219169961814e-06,0.5842877934262029,0.28649113966818107,5.0210918686339664e-05,0.004711759997577951,0.07018422168967325
CMP040,Saudi Arabian Oil Company,2222.SR,^TASI.SR,SAR,Saudi Exchange (Tadawul),PRIMARY_DIRECT,Raw Materials & Energy,False,2023-06-04,26.805944442749023,11221.9599609375,0.017377759152522376,0.018793527156672374,-0.0014157680041499976,0.11476188859579395,0.0640287450033763,0.05033379232994184,2026-02-28,780,ok,6.694219169961814e-06,0.5842877934262029,0.28649113966818107,0.010987522732237482,0.006390236420284894,0.07657445810995815
CMP040,Saudi Arabian Oil Company,2222.SR,^TASI.SR,SAR,Saudi Exchange (Tadawul),PRIMARY_DIRECT,Raw Materials & Energy,False,2023-06-05,27.138931274414062,11293.58984375,0.012422126456921534,0.006383010014457069,0.006039116442464465,0.12860960174528757,0.07082045113840296,0.056372908772406305,2026-02-28,780,ok,6.694219169961814e-06,0.5842877934262029,0.28649113966818107,0.003736209055934438,0.008685917400987096,0.08526037551094524
CMP040,Saudi Arabian Oil Company,2222.SR,^TASI.SR,SAR,Saudi Exchange (Tadawul),PRIMARY_DIRECT,Raw Materials & Energy,False,2023-06-06,27.097309112548828,11316.8701171875,-0.001533669894528078,0.0020613705437853014,-0.0035950404383133794,0.1268786871764156,0.07302780887406257,0.052777868334092926,2026-02-28,780,ok,6.694219169961814e-06,0.5842877934262029,0.28649113966818107,0.0012111278656320474,-0.002744797760160125,0.08251557775078512
CMP040,Saudi Arabian Oil Company,2222.SR,^TASI.SR,SAR,Saudi Exchange (Tadawul),PRIMARY_DIRECT,Raw Materials & Energy,False,2023-06-07,26.97243881225586,11372.830078125,-0.004608217730193043,0.004944826648890288,-0.00955304437908333,0.1216857848303925,0.07833374537838345,0.043224823955009595,2026-02-28,780,ok,6.694219169961814e-06,0.5842877934262029,0.28649113966818107,0.0028958960707251534,-0.007504113800918196,0.07501146394986692
CMP040,Saudi Arabian Oil Company,2222.SR,^TASI.SR,SAR,Saudi Exchange (Tadawul),PRIMARY_DIRECT,Raw Materials & Energy,False,2023-06-08,27.014062881469727,11397.1396484375,0.0015432074757346648,0.0021375128394169884,-0.0005943053636823237,0.12341677871896817,0.08063869760430631,0.04263051859132727,2026-02-28,780,ok,6.694219169961814e-06,0.5842877934262029,0.28649113966818107,0.0012556168795330913,0.00028759059620157346,0.0752990545460685
CMP040,Saudi Arabian Oil Company,2222.SR,^TASI.SR,SAR,Saudi Exchange (Tadawul),PRIMARY_DIRECT,Raw Materials & Energy,False,2023-06-12,26.88918876647949,11423.1298828125,-0.0046225595734396,0.0022804172956294444,-0.006902976869069044,0.11822371773353813,0.08310300478064958,0.03572754172225823,2026-02-28,780,ok,6.694219169961814e-06,0.5842877934262029,0.28649113966818107,0.0013391142089242388,-0.0059616737823638384,0.06933738076370466
CMP040,Saudi Arabian Oil Company,2222.SR,^TASI.SR,SAR,Saudi Exchange (Tadawul),PRIMARY_DIRECT,Raw Materials & Energy,False,2023-06-13,26.805944442749023,11413.8203125,-0.0030958287530875594,-0.0008149754408822707,-0.0022808533122052888,0.11476188859579417,0.08222030243180756,0.03344668841005294,2026-02-28,780,ok,6.694219169961814e-06,0.5842877934262029,0.28649113966818107,-0.00046948598287968694,-0.0026263427702078726,0.06671103799349679
CMP040,Saudi Arabian Oil Company,2222.SR,^TASI.SR,SAR,Saudi Exchange (Tadawul),PRIMARY_DIRECT,Raw Materials & Energy,False,2023-06-14,27.18056297302246,11533.0302734375,0.013975203562535565,0.01044435234423191,0.0035308512183036544,0.1303409129126769,0.0935233925844865,0.03697753962835659,2026-02-28,780,ok,6.694219169961814e-06,0.5842877934262029,0.28649113966818107,0.006109201804147014,0.00786600175838855,0.07457703975188534
CMP040,Saudi Arabian Oil Company,2222.SR,^TASI.SR,SAR,Saudi Exchange (Tadawul),PRIMARY_DIRECT,Raw Materials & Energy,False,2023-06-15,27.055683135986328,11516.1396484375,-0.004594453660142328,-0.0014645435414231134,-0.0031299101187192147,0.12514761396813667,0.09192187996248169,0.03384762950963738,2026-02-28,780,ok,6.694219169961814e-06,0.5842877934262029,0.28649113966818107,-0.0008490206950247458,-0.003745432965117582,0.07083160678676777
CMP040,Saudi Arabian Oil Company,2222.SR,^TASI.SR,SAR,Saudi Exchange (Tadawul),PRIMARY_DIRECT,Raw Materials & Energy,False,2023-06-18,26.88918876647949,11516.8896484375,-0.006153766980120601,6.512599038366318e-05,-0.006218892970504264,0.11822371773353813,0.09199299245633585,0.027628736539133114,2026-02-28,780,ok,6.694219169961814e-06,0.5842877934262029,0.28649113966818107,4.4746540385928484e-05,-0.0061985135205065295,0.06463309326626124
CMP040,Saudi Arabian Oil Company,2222.SR,^TASI.SR,SAR,Saudi Exchange (Tadawul),PRIMARY_DIRECT,Raw Materials & Energy,False,2023-06-19,26.72269058227539,11421.7001953125,-0.006192012174486172,-0.00826520493212457,0.002073192757638398,0.11129966285953286,0.08296744658924027,0.029701929296771512,2026-02-28,780,ok,6.694219169961814e-06,0.5842877934262029,0.28649113966818107,-0.004822564132836472,-0.0013694480416496999,0.06326364522461153
CMP040,Saudi Arabian Oil Company,2222.SR,^TASI.SR,SAR,Saudi Exchange (Tadawul),PRIMARY_DIRECT,Raw Materials & Energy,False,2023-06-20,26.764318466186523,11431.3701171875,0.0015577729264562024,0.0008466271841882644,0.0007111457422679379,0.11303081538751525,0.08388431626911363,0.03041307503903945,2026-02-28,780,ok,6.694219169961814e-06,0.5842877934262029,0.28649113966818107,0.0005013681484739623,0.0010564047779822402,0.06432005000259378
CMP040,Saudi Arabian Oil Company,2222.SR,^TASI.SR,SAR,Saudi Exchange (Tadawul),PRIMARY_DIRECT,Raw Materials & Energy,False,2023-06-21,26.805944442749023,11466.169921875,0.0015552787796591083,0.0030442374213024426,-0.0014889586416433342,0.11476188859579417,0.08718391746506282,0.028924116397396116,2026-02-28,780,ok,6.694219169961814e-06,0.5842877934262029,0.28649113966818107,0.0017854049847282397,-0.00023012620506913137,0.06408992379752465
CMP040,Saudi Arabian Oil Company,2222.SR,^TASI.SR,SAR,Saudi Exchange (Tadawul),PRIMARY_DIRECT,Raw Materials & Energy,False,2023-06-22,26.84756851196289,11458.98046875,0.0015527924898437462,-0.0006270143538762429,0.002179806843719989,0.11649288248436984,0.08650223754350872,0.031103923241116105,2026-02-28,780,ok,6.694219169961814e-06,0.5842877934262029,0.28649113966818107,-0.00035966261410294445,0.0019124551039466906,0.06600237890147134
CMP040,Saudi Arabian Oil Company,2222.SR,^TASI.SR,SAR,Saudi Exchange (Tadawul),PRIMARY_DIRECT,Raw Materials & Energy,False,2023-07-02,26.805944442749023,11493.91015625,-0.0015503850635606442,0.0030482369348003857,-0.00459862199836103,0.11476188859579439,0.08981415379373203,0.026505301242755075,2026-02-28,780,ok,6.694219169961814e-06,0.5842877934262029,0.28649113966818107,0.0017877418516447313,-0.0033381269152053753,0.06266425198626596
CMP040,Saudi Arabian Oil Company,2222.SR,^TASI.SR,SAR,Saudi Exchange (Tadawul),PRIMARY_DIRECT,Raw Materials & Energy,False,2023-07-03,26.88918876647949,11545.1298828125,0.0031054426718020167,0.004456249080270425,-0.001350806408468408,0.11822371773353835,0.09467063711424095,0.025154494834286667,2026-02-28,780,ok,6.694219169961814e-06,0.5842877934262029,0.28649113966818107,0.002610426161238714,0.0004950165105633026,0.06315926849682926
CMP040,Saudi Arabian Oil Company,2222.SR,^TASI.SR,SAR,Saudi Exchange (Tadawul),PRIMARY_DIRECT,Raw Materials & Energy,False,2023-07-04,26.88918876647949,11618.7197265625,0.0,0.006374102716640184,-0.006374102716640184,0.11822371773353835,0.10164818019609712,0.018780392117646483,2026-02-28,780,ok,6.694219169961814e-06,0.5842877934262029,0.28649113966818107,0.00373100463054762,-0.00373100463054762,0.059428263866281646
CMP040,Saudi Arabian Oil Company,2222.SR,^TASI.SR,SAR,Saudi Exchange (Tadawul),PRIMARY_DIRECT,Raw Materials & Energy,False,2023-07-05,26.930814743041992,11591.5498046875,0.0015480562438683343,-0.00233846090743417,0.0038865171513025043,0.11995479094181749,0.09907201899296258,0.022666909268948987,2026-02-28,780,ok,6.694219169961814e-06,0.5842877934262029,0.28649113966818107,-0.0013596399444481854,0.00290769618831652,0.06233596005459817
CMP040,Saudi Arabian Oil Company,2222.SR,^TASI.SR,SAR,Saudi Exchange (Tadawul),PRIMARY_DIRECT,Raw Materials & Energy,False,2023-07-06,26.88918876647949,11597.91015625,-0.0015456634698829408,0.0005487058822737367,-0.0020943693521566775,0.11822371773353835,0.09967508627482657,0.02057253991679231,2026-02-28,780,ok,6.694219169961814e-06,0.5842877934262029,0.28649113966818107,0.0003272963683636613,-0.0018729598382466021,0.060463000216351565
CMP040,Saudi Arabian Oil Company,2222.SR,^TASI.SR,SAR,Saudi Exchange (Tadawul),PRIMARY_DIRECT,Raw Materials & Energy,False,2023-07-09,26.88918876647949,11609.349609375,0.0,0.000986337449668584,-0.000986337449668584,0.11822371773353835,0.10075973699488694,0.019586202467123726,2026-02-28,780,ok,6.694219169961814e-06,0.5842877934262029,0.28649113966818107,0.0005829991512104471,-0.0005829991512104471,0.05988000106514112
CMP040,Saudi Arabian Oil Company,2222.SR,^TASI.SR,SAR,Saudi Exchange (Tadawul),PRIMARY_DIRECT,Raw Materials & Energy,False,2023-07-10,26.764318466186523,11586.9296875,-0.004643884996955783,-0.001931195340770464,-0.0027126896561853187,0.11303081538751547,0.09863395491949478,0.016873512810938407,2026-02-28,780,ok,6.694219169961814e-06,0.5842877934262029,0.28649113966818107,-0.0011216796451637766,-0.003522205351792006,0.05635779571334911
CMP040,Saudi Arabian Oil Company,2222.SR,^TASI.SR,SAR,Saudi Exchange (Tadawul),PRIMARY_DIRECT,Raw Materials & Energy,False,2023-07-11,26.72269058227539,11664.5,-0.0015553500442659907,0.006694639096989086,-0.008249989141255076,0.11129966285953308,0.10598891274737854,0.00862352366968333,2026-02-28,780,ok,6.694219169961814e-06,0.5842877934262029,0.28649113966818107,0.003918290124934502,-0.005473640169200492,0.050884155544148615
CMP040,Saudi Arabian Oil Company,2222.SR,^TASI.SR,SAR,Saudi Exchange (Tadawul),PRIMARY_DIRECT,Raw Materials & Energy,False,2023-07-12,26.805944442749023,11727.1904296875,0.0031154744772914356,0.005374463516438777,-0.002258989039147341,0.11476188859579461,0.11193300980852516,0.0063645346305359896,2026-02-28,780,ok,6.694219169961814e-06,0.5842877934262029,0.28649113966818107,0.003146927648039606,-3.145317074817024e-05,0.05085270237340044
CMP040,Saudi Arabian Oil Company,2222.SR,^TASI.SR,SAR,Saudi Exchange (Tadawul),PRIMARY_DIRECT,Raw Materials & Energy,False,2023-07-13,26.764318466186523,11707.8701171875,-0.001552863643786262,-0.0016474800691468339,9.461642536057191e-05,0.11303081538751569,0.11010112233663927,0.0064591510558965615,2026-02-28,780,ok,6.694219169961814e-06,0.5842877934262029,0.28649113966818107,-0.0009559082751454898,-0.0005969553686407721,0.05025574700475967
CMP040,Saudi Arabian Oil Company,2222.SR,^TASI.SR,SAR,Saudi Exchange (Tadawul),PRIMARY_DIRECT,Raw Materials & Energy,False,2023-07-16,26.764318466186523,11715.5,0.0,0.000651688371679171,-0.000651688371679171,0.11303081538751569,0.11082456232945415,0.00580746268421739,2026-02-28,780,ok,6.694219169961814e-06,0.5842877934262029,0.28649113966818107,0.0003874677798598998,-0.0003874677798598998,0.04986827922489977
CMP040,Saudi Arabian Oil Company,2222.SR,^TASI.SR,SAR,Saudi Exchange (Tadawul),PRIMARY_DIRECT,Raw Materials & Energy,False,2023-07-17,26.88918876647949,11780.26953125,0.004665551280550018,0.0055285332465537795,-0.0008629819660037619,0.11822371773353857,0.11696579285338116,0.0049444807182136286,2026-02-28,780,ok,6.694219169961814e-06,0.5842877934262029,0.28649113966818107,0.003236948710682271,0.0014286025698677465,0.05129688179476751
CMP040,Saudi Arabian Oil Company,2222.SR,^TASI.SR,SAR,Saudi Exchange (Tadawul),PRIMARY_DIRECT,Raw Materials & Energy,False,2023-07-18,26.88918876647949,11768.7099609375,0.0,-0.0009812653506641178,0.0009812653506641178,0.11822371773353857,0.11586975302297708,0.005925746068877746,2026-02-28,780,ok,6.694219169961814e-06,0.5842877934262029,0.28649113966818107,-0.0005666471473351648,0.0005666471473351648,0.05186352894210267
CMP040,Saudi Arabian Oil Company,2222.SR,^TASI.SR,SAR,Saudi Exchange (Tadawul),PRIMARY_DIRECT,Raw Materials & Energy,False,2023-07-19,26.88918876647949,11752.6298828125,0.0,-0.0013663416107944082,0.0013663416107944082,0.11822371773353857,0.11434509374719481,0.0072920876796721545,2026-02-28,780,ok,6.694219169961814e-06,0.5842877934262029,0.28649113966818107,-0.0007916425056675066,0.0007916425056675066,0.05265517144777018
CMP040,Saudi Arabian Oil Company,2222.SR,^TASI.SR,SAR,Saudi Exchange (Tadawul),PRIMARY_DIRECT,Raw Materials & Energy,False,2023-07-20,26.88918876647949,11755.9404296875,0.0,0.00028168562338892755,-0.00028168562338892755,0.11822371773353857,0.11465898873959746,0.007010402056283227,2026-02-28,780,ok,6.694219169961814e-06,0.5842877934262029,0.28649113966818107,0.00017127969049976269,-0.00017127969049976269,0.05248389175727042
CMP040,Saudi Arabian Oil Company,2222.SR,^TASI.SR,SAR,Saudi Exchange (Tadawul),PRIMARY_DIRECT,Raw Materials & Energy,False,2023-07-23,26.930814743041992,11760.2998046875,0.0015480562438683343,0.00037082316179404273,0.0011772330820742916,0.11995479094181771,0.11507233011012397,0.008187635138357519,2026-02-28,780,ok,6.694219169961814e-06,0.5842877934262029,0.28649113966818107,0.00022336166612593085,0.0013246945777424034,0.05380858633501282
CMP040,Saudi Arabian Oil Company,2222.SR,^TASI.SR,SAR,Saudi Exchange (Tadawul),PRIMARY_DIRECT,Raw Materials & Energy,False,2023-07-24,26.84756851196289,11801.900390625,-0.0030911144676976088,0.0035373746102049797,-0.0066284890779025885,0.11649288248437029,0.1190167586591977,0.00155914606045493,2026-02-28,780,ok,6.694219169961814e-06,0.5842877934262029,0.28649113966818107,0.002073539024688504,-0.005164653492386113,0.048643932842626705
CMP040,Saudi Arabian Oil Company,2222.SR,^TASI.SR,SAR,Saudi Exchange (Tadawul),PRIMARY_DIRECT,Raw Materials & Energy,False,2023-07-25,26.930814743041992,11882.6796875,0.003100699083494529,0.006844600801678258,-0.0037439017181837286,0.11995479094181771,0.12667598166260774,-0.0021847556577287985,2026-02-28,780,ok,6.694219169961814e-06,0.5842877934262029,0.28649113966818107,0.00400591091846577,-0.000905211834971241,0.047738721007655464
CMP040,Saudi Arabian Oil Company,2222.SR,^TASI.SR,SAR,Saudi Exchange (Tadawul),PRIMARY_DIRECT,Raw Materials & Energy,False,2023-07-26,26.97243881225586,11906.1298828125,0.0015455926458600722,0.0019734770211106145,-0.00042788437525054235,0.12168578483039316,0.1288994508226562,-0.002612640032979341,2026-02-28,780,ok,6.694219169961814e-06,0.5842877934262029,0.28649113966818107,0.0011597727532119985,0.00038581989264807365,0.04812454090030354
CMP040,Saudi Arabian Oil Company,2222.SR,^TASI.SR,SAR,Saudi Exchange (Tadawul),PRIMARY_DIRECT,Raw Materials & Energy,False,2023-07-27,26.88918876647949,11847.7197265625,-0.0030864856661957374,-0.004905889388483797,0.00181940372228806,0.11822371773353857,0.12336119498620013,-0.000793236310691281,2026-02-28,780,ok,6.694219169961814e-06,0.5842877934262029,0.28649113966818107,-0.0028597570664202596,-0.0002267285997754778,0.047897812300528066
CMP040,Saudi Arabian Oil Company,2222.SR,^TASI.SR,SAR,Saudi Exchange (Tadawul),PRIMARY_DIRECT,Raw Materials & Energy,False,2023-07-30,26.88918876647949,11789.2802734375,0.0,-0.004932548580971141,0.004932548580971141,0.11822371773353857,0.11782016131795281,0.00413931227027986,2026-02-28,780,ok,6.694219169961814e-06,0.5842877934262029,0.28649113966818107,-0.0028753337071732144,0.0028753337071732144,0.05077314600770128
CMP040,Saudi Arabian Oil Company,2222.SR,^TASI.SR,SAR,Saudi Exchange (Tadawul),PRIMARY_DIRECT,Raw Materials & Energy,False,2023-07-31,26.97243881225586,11692.23046875,0.0030960415540743913,-0.00823203812586959,0.011328079679943981,0.12168578483039316,0.10861822313211777,0.015467391950223841,2026-02-28,780,ok,6.694219169961814e-06,0.5842877934262029,0.28649113966818107,-0.004803185172794756,0.007899226726869147,0.05867237273457043
CMP040,Saudi Arabian Oil Company,2222.SR,^TASI.SR,SAR,Saudi Exchange (Tadawul),PRIMARY_DIRECT,Raw Materials & Energy,False,2023-08-01,26.84756851196289,11636.0703125,-0.004629551712477364,-0.00480320298168091,0.00017365126920354523,0.11649288248437006,0.10329330477722376,0.015641043219427386,2026-02-28,780,ok,6.694219169961814e-06,0.5842877934262029,0.28649113966818107,-0.002799758652374535,-0.0018297930601028295,0.056842579674467604
CMP040,Saudi Arabian Oil Company,2222.SR,^TASI.SR,SAR,Saudi Exchange (Tadawul),PRIMARY_DIRECT,Raw Materials & Energy,False,2023-08-02,26.84756851196289,11478.2802734375,0.0,-0.013560423306568925,0.013560423306568925,0.11649288248437006,0.08833218053314118,0.02920146652599631,2026-02-28,780,ok,6.694219169961814e-06,0.5842877934262029,0.28649113966818107,-0.007916495592550449,0.007916495592550449,0.06475907526701805
CMP040,Saudi Arabian Oil Company,2222.SR,^TASI.SR,SAR,Saudi Exchange (Tadawul),PRIMARY_DIRECT,Raw Materials & Energy,False,2023-08-03,26.84756851196289,11375.7802734375,0.0,-0.00892990914651215,0.00892990914651215,0.11649288248437006,0.07861347303975474,0.03813137567250846,2026-02-28,780,ok,6.694219169961814e-06,0.5842877934262029,0.28649113966818107,-0.005210942691542089,0.005210942691542089,0.06997001795856013
CMP040,Saudi Arabian Oil Company,2222.SR,^TASI.SR,SAR,Saudi Exchange (Tadawul),PRIMARY_DIRECT,Raw Materials & Energy,False,2023-08-06,26.88918876647949,11351.48046875,0.0015502429763072367,-0.0021361000391542095,0.0036863430154614463,0.11822371773353857,0.0763094467577623,0.04181771868796991,2026-02-28,780,ok,6.694219169961814e-06,0.5842877934262029,0.28649113966818107,-0.001241402959245077,0.0027916459355523137,0.07276166389411244
CMP040,Saudi Arabian Oil Company,2222.SR,^TASI.SR,SAR,Saudi Exchange (Tadawul),PRIMARY_DIRECT,Raw Materials & Energy,False,2023-08-07,27.18056297302246,11271.9404296875,0.010836109972429009,-0.007007018977081336,0.017843128949510345,0.13034091291267758,0.06876772603911885,0.05966084763748025,2026-02-28,780,ok,6.694219169961814e-06,0.5842877934262029,0.28649113966818107,-0.004087421437444422,0.01492353140987343,0.08768519530398587
CMP040,Saudi Arabian Oil Company,2222.SR,^TASI.SR,SAR,Saudi Exchange (Tadawul),PRIMARY_DIRECT,Raw Materials & Energy,False,2023-08-08,27.513551712036133,11244.26953125,0.012250987565790128,-0.002454847824126305,0.014705835389916433,0.14418870538187467,0.06614406391235539,0.07436668302739669,2026-02-28,780,ok,6.694219169961814e-06,0.5842877934262029,0.28649113966818107,-0.0014276433991859123,0.01367863096497604,0.10136382626896191
CMP040,Saudi Arabian Oil Company,2222.SR,^TASI.SR,SAR,Saudi Exchange (Tadawul),PRIMARY_DIRECT,Raw Materials & Energy,False,2023-08-09,27.5968017578125,11286.2099609375,0.003025783317533337,0.0037299381316802105,-0.0007041548141468734,0.14765077247872926,0.07012071531020658,0.07366252821324981,2026-02-28,780,ok,6.694219169961814e-06,0.5842877934262029,0.28649113966818107,0.002186051539745646,0.0008397317777876913,0.1022035580467496
CMP040,Saudi Arabian Oil Company,2222.SR,^TASI.SR,SAR,Saudi Exchange (Tadawul),PRIMARY_DIRECT,Raw Materials & Energy,False,2023-08-10,28.30440902709961,11424.1201171875,0.025640915766146355,0.012219350581578636,0.013421565184567719,0.1770775892648091,0.0831968954951916,0.08708409339781753,2026-02-28,780,ok,6.694219169961814e-06,0.5842877934262029,0.28649113966818107,0.007146311607581731,0.018494604158564625,0.12069816220531424
CMP040,Saudi Arabian Oil Company,2222.SR,^TASI.SR,SAR,Saudi Exchange (Tadawul),PRIMARY_DIRECT,Raw Materials & Energy,False,2023-08-13,28.76227569580078,11546.150390625,0.01617651399337805,0.010681809381004825,0.005494704612373225,0.19611860135884296,0.0947673982549675,0.09257879801019075,2026-02-28,780,ok,6.694219169961814e-06,0.5842877934262029,0.28649113966818107,0.006247945052196584,0.009928568941181465,0.1306267311464957
CMP040,Saudi Arabian Oil Company,2222.SR,^TASI.SR,SAR,Saudi Exchange (Tadawul),PRIMARY_DIRECT,Raw Materials & Energy,False,2023-08-14,28.803895950317383,11493.8203125,0.00144704316712585,-0.004532253292620414,0.005979296459746264,0.19784943660801146,0.08980563510957285,0.09855809446993702,2026-02-28,780,ok,6.694219169961814e-06,0.5842877934262029,0.28649113966818107,-0.002641446056423862,0.0040884892235497124,0.1347152203700454
CMP040,Saudi Arabian Oil Company,2222.SR,^TASI.SR,SAR,Saudi Exchange (Tadawul),PRIMARY_DIRECT,Raw Materials & Energy,False,2023-08-15,28.637401580810547,11412.8798828125,-0.00578027256430913,-0.0070420823961788725,0.0012618098318697424,0.19092554037341292,0.08213113403131111,0.09981990430180676,2026-02-28,780,ok,6.694219169961814e-06,0.5842877934262029,0.28649113966818107,-0.004107908565218899,-0.0016723639990902312,0.13304285637095517
CMP040,Saudi Arabian Oil Company,2222.SR,^TASI.SR,SAR,Saudi Exchange (Tadawul),PRIMARY_DIRECT,Raw Materials & Energy,False,2023-08-16,28.67902565002441,11392.759765625,0.0014534862423325468,-0.001762930775938587,0.003216417018271134,0.19265653426198814,0.08022341175152592,0.1030363213200779,2026-02-28,780,ok,6.694219169961814e-06,0.5842877934262029,0.28649113966818107,-0.001023364713866339,0.0024768509561988858,0.13551970732715404
CMP040,Saudi Arabian Oil Company,2222.SR,^TASI.SR,SAR,Saudi Exchange (Tadawul),PRIMARY_DIRECT,Raw Materials & Energy,False,2023-08-17,29.17851448059082,11451.3095703125,0.017416520235441935,0.005139211735523563,0.012277308499918371,0.2134284609248942,0.08577490858618675,0.11531362981999627,2026-02-28,780,ok,6.694219169961814e-06,0.5842877934262029,0.28649113966818107,0.0030094729040690714,0.014407047331372862,0.1499267546585269
CMP040,Saudi Arabian Oil Company,2222.SR,^TASI.SR,SAR,Saudi Exchange (Tadawul),PRIMARY_DIRECT,Raw Materials & Energy,False,2023-08-20,29.136890411376957,11501.419921875,-0.0014265314720374178,0.004375949427863679,-0.005802480899901097,0.21169746703631898,0.0905262046762032,0.10951114892009517,2026-02-28,780,ok,6.694219169961814e-06,0.5842877934262029,0.28649113966818107,0.002563508054521086,-0.003990039526558504,0.1459367151319684
CMP040,Saudi Arabian Oil Company,2222.SR,^TASI.SR,SAR,Saudi Exchange (Tadawul),PRIMARY_DIRECT,Raw Materials & Energy,False,2023-08-21,28.67902565002441,11408.4501953125,-0.015714263083261848,-0.0080833259887918,-0.007630937094470047,0.19265653426198837,0.08171112586448559,0.10188021182562512,2026-02-28,780,ok,6.694219169961814e-06,0.5842877934262029,0.28649113966818107,-0.004716294486365879,-0.010997968596895969,0.13493874653507243
CMP040,Saudi Arabian Oil Company,2222.SR,^TASI.SR,SAR,Saudi Exchange (Tadawul),PRIMARY_DIRECT,Raw Materials & Energy,False,2023-08-22,28.637401580810547,11377.5498046875,-0.0014513766862866984,-0.0027085528793119318,0.0012571761930252334,0.19092554037341292,0.07878125407994152,0.10313738801865036,2026-02-28,780,ok,6.694219169961814e-06,0.5842877934262029,0.28649113966818107,-0.0015758801660613953,0.00012450347977469695,0.13506325001484712
CMP040,Saudi Arabian Oil Company,2222.SR,^TASI.SR,SAR,Saudi Exchange (Tadawul),PRIMARY_DIRECT,Raw Materials & Energy,False,2023-08-23,28.720653533935547,11367.0703125,0.002907105691487999,-0.000921067573194212,0.003828173264682211,0.19438768678997098,0.07778762364823866,0.10696556128333257,2026-02-28,780,ok,6.694219169961814e-06,0.5842877934262029,0.28649113966818107,-0.0005314743207681118,0.0034385800122561107,0.13850183002710323
CMP040,Saudi Arabian Oil Company,2222.SR,^TASI.SR,SAR,Saudi Exchange (Tadawul),PRIMARY_DIRECT,Raw Materials & Energy,False,2023-08-24,28.84552764892578,11405.2998046875,0.004347885567530296,0.003363179001845351,0.0009847065656849452,0.19958074777540102,0.08141241635254115,0.10795026784901751,2026-02-28,780,ok,6.694219169961814e-06,0.5842877934262029,0.28649113966818107,0.0019717586570555216,0.0023761269104747747,0.140877956937578
CMP040,Saudi Arabian Oil Company,2222.SR,^TASI.SR,SAR,Saudi Exchange (Tadawul),PRIMARY_DIRECT,Raw Materials & Energy,False,2023-08-27,28.97039604187012,11470.1103515625,0.004328864927142018,0.005682493926934207,-0.001353628999792189,0.20477357080172065,0.0875575358409757,0.10659663884922532,2026-02-28,780,ok,6.694219169961814e-06,0.5842877934262029,0.28649113966818107,0.003326906056896148,0.0010019588702458696,0.1418799158078239
CMP040,Saudi Arabian Oil Company,2222.SR,^TASI.SR,SAR,Saudi Exchange (Tadawul),PRIMARY_DIRECT,Raw Materials & Energy,False,2023-08-28,28.76227569580078,11464.259765625,-0.007183897167596487,-0.0005100723321901368,-0.00667382483540635,0.19611860135884296,0.08700280283227824,0.09992281401381897,2026-02-28,780,ok,6.694219169961814e-06,0.5842877934262029,0.28649113966818107,-0.00029133481829317034,-0.006892562349303317,0.13498735345852056
CMP040,Saudi Arabian Oil Company,2222.SR,^TASI.SR,SAR,Saudi Exchange (Tadawul),PRIMARY_DIRECT,Raw Materials & Energy,False,2023-08-29,28.38765335083008,11442.5595703125,-0.013024781103304517,-0.0018928562119262526,-0.011131924891378264,0.18053941840255328,0.08494526282455594,0.08879088912244071,2026-02-28,780,ok,6.694219169961814e-06,0.5842877934262029,0.28649113966818107,-0.0010992785601695095,-0.011925502543135007,0.12306185091538555
CMP040,Saudi Arabian Oil Company,2222.SR,^TASI.SR,SAR,Saudi Exchange (Tadawul),PRIMARY_DIRECT,Raw Materials & Energy,False,2023-08-30,29.012020111083984,11574.75,0.02199430691003723,0.011552522744165072,0.010441784165872159,0.20650456469029588,0.09747911764951067,0.09923267328831287,2026-02-28,780,ok,6.694219169961814e-06,0.5842877934262029,0.28649113966818107,0.0067566922418641935,0.015237614668173038,0.13829946558355857
CMP040,Saudi Arabian Oil Company,2222.SR,^TASI.SR,SAR,Saudi Exchange (Tadawul),PRIMARY_DIRECT,Raw Materials & Energy,False,2023-08-31,29.053646087646484,11491.2001953125,0.0014347838035102534,-0.007218281577355934,0.008653065380866187,0.2082356378985748,0.08955720435304837,0.10788573866917905,2026-02-28,780,ok,6.694219169961814e-06,0.5842877934262029,0.28649113966818107,-0.004210859595992348,0.005645643399502602,0.14394510898306118
CMP040,Saudi Arabian Oil Company,2222.SR,^TASI.SR,SAR,Saudi Exchange (Tadawul),PRIMARY_DIRECT,Raw Materials & Energy,False,2023-09-03,28.67902565002441,11455.7802734375,-0.012894093790911887,-0.0030823518233934477,-0.00981174196751844,0.19265653426198837,0.08619880571751937,0.09807399670166062,2026-02-28,780,ok,6.694219169961814e-06,0.5842877934262029,0.28649113966818107,-0.0017942863262838287,-0.011099807464628058,0.13284530151843313
CMP040,Saudi Arabian Oil Company,2222.SR,^TASI.SR,SAR,Saudi Exchange (Tadawul),PRIMARY_DIRECT,Raw Materials & Energy,False,2023-09-04,28.55415344238281,11430.8701171875,-0.004354130058860428,-0.0021744617699903657,-0.0021796682888700625,0.18746355259626202,0.08383690793987753,0.09589432841279055,2026-02-28,780,ok,6.694219169961814e-06,0.5842877934262029,0.28649113966818107,-0.0012638172503073445,-0.0030903128085530834,0.12975498870988006
CMP040,Saudi Arabian Oil Company,2222.SR,^TASI.SR,SAR,Saudi Exchange (Tadawul),PRIMARY_DIRECT,Raw Materials & Energy,False,2023-09-05,28.38765335083008,11410.98046875,-0.005831028816480011,-0.0017399942640931032,-0.004091034552386907,0.1805394184025535,0.08195103793684977,0.09180329386040365,2026-02-28,780,ok,6.694219169961814e-06,0.5842877934262029,0.28649113966818107,-0.0010099631899712473,-0.0048210656265087635,0.1249339230833713
CMP040,Saudi Arabian Oil Company,2222.SR,^TASI.SR,SAR,Saudi Exchange (Tadawul),PRIMARY_DIRECT,Raw Materials & Energy,False,2023-09-06,28.30440902709961,11298.16015625,-0.002932413000176326,-0.009886995496045992,0.006954582495869666,0.17707758926480932,0.07125379289782585,0.09875787635627331,2026-02-28,780,ok,6.694219169961814e-06,0.5842877934262029,0.28649113966818107,-0.005770156562829557,0.0028377435626532306,0.12777166664602452
CMP040,Saudi Arabian Oil Company,2222.SR,^TASI.SR,SAR,Saudi Exchange (Tadawul),PRIMARY_DIRECT,Raw Materials & Energy,False,2023-09-07,28.42928695678711,11215.5595703125,0.004411960326320186,-0.007310976724985263,0.011722937051305449,0.1822708088896463,0.06342188135139759,0.11048081340757876,2026-02-28,780,ok,6.694219169961814e-06,0.5842877934262029,0.28649113966818107,-0.004265020239262005,0.00867698056558219,0.1364486472116067
CMP040,Saudi Arabian Oil Company,2222.SR,^TASI.SR,SAR,Saudi Exchange (Tadawul),PRIMARY_DIRECT,Raw Materials & Energy,False,2023-09-10,28.26279067993164,11154.0498046875,-0.0058565055503694285,-0.005484324276411101,-0.00037218127395832745,0.1753468333353443,0.057589730911435266,0.11010863213362043,2026-02-28,780,ok,6.694219169961814e-06,0.5842877934262029,0.28649113966818107,-0.003197729510728037,-0.0026587760396413916,0.1337898711719653
CMP040,Saudi Arabian Oil Company,2222.SR,^TASI.SR,SAR,Saudi Exchange (Tadawul),PRIMARY_DIRECT,Raw Materials & Energy,False,2023-09-11,28.520483016967773,11235.1396484375,0.00911772442977865,0.00726999118436078,0.0018477332454178708,0.18606332187110897,0.06527839893183196,0.1119563653790383,2026-02-28,780,ok,6.694219169961814e-06,0.5842877934262029,0.28649113966818107,0.004254461326508069,0.004863263103270582,0.1386531342752359
CMP040,Saudi Arabian Oil Company,2222.SR,^TASI.SR,SAR,Saudi Exchange (Tadawul),PRIMARY_DIRECT,Raw Materials & Energy,False,2023-09-12,28.09857749938965,11156.259765625,-0.01479307055659329,-0.0070208190802034665,-0.007772251476389824,0.16851780346608214,0.05779927202288282,0.10418411390264848,2026-02-28,780,ok,6.694219169961814e-06,0.5842877934262029,0.28649113966818107,-0.004095484669246705,-0.010697585887346586,0.1279555483878893
CMP040,Saudi Arabian Oil Company,2222.SR,^TASI.SR,SAR,Saudi Exchange (Tadawul),PRIMARY_DIRECT,Raw Materials & Energy,False,2023-09-13,28.22515296936035,11122.23046875,0.004504693163682516,-0.003050242428009109,0.007554935591691625,0.17378161762699706,0.054572727803041454,0.1117390494943401,2026-02-28,780,ok,6.694219169961814e-06,0.5842877934262029,0.28649113966818107,-0.0017755251985064639,0.00628021836218898,0.13423576675007828
CMP040,Saudi Arabian Oil Company,2222.SR,^TASI.SR,SAR,Saudi Exchange (Tadawul),PRIMARY_DIRECT,Raw Materials & Energy,False,2023-09-14,28.647056579589844,11154.5400390625,0.01494778826132448,0.0029049542178865018,0.012042834043437978,0.19132705671232042,0.05763621329674096,0.12378188353777808,2026-02-28,780,ok,6.694219169961814e-06,0.5842877934262029,0.28649113966818107,0.0017040235091430067,0.013243764752181473,0.14747953150225976
CMP040,Saudi Arabian Oil Company,2222.SR,^TASI.SR,SAR,Saudi Exchange (Tadawul),PRIMARY_DIRECT,Raw Materials & Energy,False,2023-09-17,28.77361869812012,11104.150390625,0.0044179798430128425,-0.004517411588558451,0.008935391431571293,0.19659031563531126,0.05285843521031519,0.13271727496934937,2026-02-28,780,ok,6.694219169961814e-06,0.5842877934262029,0.28649113966818107,-0.0026327742299068133,0.007050754072919656,0.15453028557517942
CMP040,Saudi Arabian Oil Company,2222.SR,^TASI.SR,SAR,Saudi Exchange (Tadawul),PRIMARY_DIRECT,Raw Materials & Energy,False,2023-09-18,28.85800552368164,11036.0400390625,0.00293278459156876,-0.006133774234542422,0.009066558826111182,0.200099657275427,0.04640043926780146,0.14178383379546056,2026-02-28,780,ok,6.694219169961814e-06,0.5842877934262029,0.28649113966818107,-0.003577195193705326,0.006509979785274086,0.16104026536045352
CMP040,Saudi Arabian Oil Company,2222.SR,^TASI.SR,SAR,Saudi Exchange (Tadawul),PRIMARY_DIRECT,Raw Materials & Energy,False,2023-09-19,28.9423828125,11070.76953125,0.0029238780465654646,0.003146916109815878,-0.00022303806325041364,0.20360860231702538,0.049693373667451635,0.14156079573221014,2026-02-28,780,ok,6.694219169961814e-06,0.5842877934262029,0.28649113966818107,0.0018453988890716514,0.0010784791574938132,0.16211874451794733
CMP040,Saudi Arabian Oil Company,2222.SR,^TASI.SR,SAR,Saudi Exchange (Tadawul),PRIMARY_DIRECT,Raw Materials & Energy,False,2023-09-20,28.9423828125,11061.5,0.0,-0.0008372978250368313,0.0008372978250368313,0.20360860231702538,0.04881446768872433,0.14239809355724697,2026-02-28,780,ok,6.694219169961814e-06,0.5842877934262029,0.28649113966818107,-0.00048252867946136713,0.00048252867946136713,0.1626012731974087
CMP040,Saudi Arabian Oil Company,2222.SR,^TASI.SR,SAR,Saudi Exchange (Tadawul),PRIMARY_DIRECT,Raw Materials & Energy,False,2023-09-21,28.77361869812012,10949.419921875,-0.005831037322434618,-0.010132448413415873,0.004301411090981255,0.19659031563531149,0.038187409199624156,0.14669950464822823,2026-02-28,780,ok,6.694219169961814e-06,0.5842877934262029,0.28649113966818107,-0.005913571706309629,8.25343838750112e-05,0.1626838075812837
CMP040,Saudi Arabian Oil Company,2222.SR,^TASI.SR,SAR,Saudi Exchange (Tadawul),PRIMARY_DIRECT,Raw Materials & Energy,False,2023-09-25,28.647056579589844,10877.9404296875,-0.0043985471503640294,-0.006528153335748521,0.0021296061853844916,0.19132705671232064,0.031409962601125496,0.14882911083361272,2026-02-28,780,ok,6.694219169961814e-06,0.5842877934262029,0.28649113966818107,-0.003807626088522447,-0.0005909210618415825,0.16209288651944212
CMP040,Saudi Arabian Oil Company,2222.SR,^TASI.SR,SAR,Saudi Exchange (Tadawul),PRIMARY_DIRECT,Raw Materials & Energy,False,2023-09-26,28.90018844604492,10918.240234375,0.008836226009879988,0.0037047274663792873,0.005131498543500701,0.20185389183711577,0.03523105541867122,0.15396060937711342,2026-02-28,780,ok,6.694219169961814e-06,0.5842877934262029,0.28649113966818107,0.002171321255746163,0.006664904754133826,0.16875779127357596
CMP040,Saudi Arabian Oil Company,2222.SR,^TASI.SR,SAR,Saudi Exchange (Tadawul),PRIMARY_DIRECT,Raw Materials & Energy,False,2023-09-27,29.40647315979004,11076.9404296875,0.017518387974885696,0.01453532729687046,0.002983060678015237,0.22290843460344467,0.050278477637066166,0.15694367005512866,2026-02-28,780,ok,6.694219169961814e-06,0.5842877934262029,0.28649113966818107,0.008499508532186057,0.00901887944269964,0.1777766707162756
CMP040,Saudi Arabian Oil Company,2222.SR,^TASI.SR,SAR,Saudi Exchange (Tadawul),PRIMARY_DIRECT,Raw Materials & Energy,False,2023-09-28,29.533042907714844,11055.9599609375,0.004304145799363557,-0.0018940671282992039,0.006198212927662761,0.2281720108052494,0.04828917969701374,0.16314188298279142,2026-02-28,780,ok,6.694219169961814e-06,0.5842877934262029,0.28649113966818107,-0.0010999860838250847,0.0054041318831886415,0.18318080259946423
CMP040,Saudi Arabian Oil Company,2222.SR,^TASI.SR,SAR,Saudi Exchange (Tadawul),PRIMARY_DIRECT,Raw Materials & Energy,False,2023-10-01,29.279905319213867,11040.169921875,-0.008571334463975955,-0.0014281924969237192,-0.007143141967052236,0.21764493772134363,0.04679202095596424,0.15599874101573918,2026-02-28,780,ok,6.694219169961814e-06,0.5842877934262029,0.28649113966818107,-0.0008277812234454571,-0.007743553240530498,0.17543724935893373
CMP040,Saudi Arabian Oil Company,2222.SR,^TASI.SR,SAR,Saudi Exchange (Tadawul),PRIMARY_DIRECT,Raw Materials & Energy,False,2023-10-02,28.9423828125,11005.9404296875,-0.01152744529171612,-0.0031004497602593606,-0.00842699553145676,0.20360860231702582,0.04354649488554996,0.14757174548428242,2026-02-28,780,ok,6.694219169961814e-06,0.5842877934262029,0.28649113966818107,-0.0018048607298807797,-0.009722584561835342,0.1657146647970984
CMP040,Saudi Arabian Oil Company,2222.SR,^TASI.SR,SAR,Saudi Exchange (Tadawul),PRIMARY_DIRECT,Raw Materials & Energy,False,2023-10-03,28.731433868408203,10952.33984375,-0.007288582472922411,-0.004870150468279655,-0.0024184320046427565,0.19483600175391924,0.0384642664348116,0.14515331347963967,2026-02-28,780,ok,6.694219169961814e-06,0.5842877934262029,0.28649113966818107,-0.002838875251594746,-0.004449707221327665,0.16126495757577072
CMP040,Saudi Arabian Oil Company,2222.SR,^TASI.SR,SAR,Saudi Exchange (Tadawul),PRIMARY_DIRECT,Raw Materials & Energy,False,2023-10-04,28.520483016967773,10840.26953125,-0.007342162330171154,-0.010232545200280052,0.0028903828701088985,0.1860633218711094,0.027838133889641625,0.14804369634974857,2026-02-28,780,ok,6.694219169961814e-06,0.5842877934262029,0.28649113966818107,-0.005972057037035553,-0.0013701052931356008,0.1598948522826351
CMP040,Saudi Arabian Oil Company,2222.SR,^TASI.SR,SAR,Saudi Exchange (Tadawul),PRIMARY_DIRECT,Raw Materials & Energy,False,2023-10-05,28.22515296936035,10764.849609375,-0.010355015636716924,-0.00695738437661364,-0.0033976312601032843,0.17378161762699773,0.02068706891523009,0.14464606508964528,2026-02-28,780,ok,6.694219169961814e-06,0.5842877934262029,0.28649113966818107,-0.00405842054625956,-0.006296595090457364,0.15359825719217776
CMP040,Saudi Arabian Oil Company,2222.SR,^TASI.SR,SAR,Saudi Exchange (Tadawul),PRIMARY_DIRECT,Raw Materials & Energy,False,2023-10-08,28.30952835083008,10596.01953125,0.002989368438899964,-0.01568345905900692,0.018672827497906885,0.17729048334889286,0.004679165057840384,0.16331889258755217,2026-02-28,780,ok,6.694219169961814e-06,0.5842877934262029,0.28649113966818107,-0.009156959467707384,0.012146327906607348,0.16574458509878512
CMP040,Saudi Arabian Oil Company,2222.SR,^TASI.SR,SAR,Saudi Exchange (Tadawul),PRIMARY_DIRECT,Raw Materials & Energy,False,2023-10-09,28.35172271728516,10575.33984375,0.0014904651865681462,-0.0019516467895336342,0.0034421119761017804,0.17904519382880246,0.002718386190843969,0.16676100456365395,2026-02-28,780,ok,6.694219169961814e-06,0.5842877934262029,0.28649113966818107,-0.0011336291770339783,0.0026240943636021245,0.16836867946238723
CMP040,Saudi Arabian Oil Company,2222.SR,^TASI.SR,SAR,Saudi Exchange (Tadawul),PRIMARY_DIRECT,Raw Materials & Energy,False,2023-10-10,28.689245223999023,10640.0595703125,0.011904832382833908,0.006119872034254126,0.005784960348579782,0.19308152923312027,0.008854894400725843,0.17254596491223373,2026-02-28,780,ok,6.694219169961814e-06,0.5842877934262029,0.28649113966818107,0.003582460746115032,0.008322371636718876,0.1766910510991061
CMP040,Saudi Arabian Oil Company,2222.SR,^TASI.SR,SAR,Saudi Exchange (Tadawul),PRIMARY_DIRECT,Raw Materials & Energy,False,2023-10-11,28.30952835083008,10572.7001953125,-0.013235512827340035,-0.006330732883107482,-0.006904779944232553,0.17729048334889286,0.0024681035464593215,0.16564118496800118,2026-02-28,780,ok,6.694219169961814e-06,0.5842877934262029,0.28649113966818107,-0.003692275727871612,-0.009543237099468423,0.16714781399963768
CMP040,Saudi Arabian Oil Company,2222.SR,^TASI.SR,SAR,Saudi Exchange (Tadawul),PRIMARY_DIRECT,Raw Materials & Energy,False,2023-10-12,28.43610000610352,10586.2197265625,0.004470991310942418,0.0012787207619859853,0.003192270548956433,0.18255413887040106,0.003749980323692892,0.1688334555169576,2026-02-28,780,ok,6.694219169961814e-06,0.5842877934262029,0.28649113966818107,0.0007538351515990259,0.0037171561593433923,0.17086497015898108
CMP040,Saudi Arabian Oil Company,2222.SR,^TASI.SR,SAR,Saudi Exchange (Tadawul),PRIMARY_DIRECT,Raw Materials & Energy,False,2023-10-15,28.140771865844727,10542.8603515625,-0.010385676664359855,-0.0040958317624189,-0.006289844901940955,0.17027251394599263,-0.0003612107272442655,0.16254361061501665,2026-02-28,780,ok,6.694219169961814e-06,0.5842877934262029,0.28649113966818107,-0.002386450283538733,-0.007999226380821123,0.16286574377815996
CMP040,Saudi Arabian Oil Company,2222.SR,^TASI.SR,SAR,Saudi Exchange (Tadawul),PRIMARY_DIRECT,Raw Materials & Energy,False,2023-10-16,28.18296813964844,10622.1201171875,0.0014994710878890594,0.0075178616601190296,-0.00601839057222997,0.17202730374560593,0.007153935400597167,0.15652522004278668,2026-02-28,780,ok,6.694219169961814e-06,0.5842877934262029,0.28649113966818107,0.0043992890198443595,-0.0028998179319553,0.15996592584620467
CMP040,Saudi Arabian Oil Company,2222.SR,^TASI.SR,SAR,Saudi Exchange (Tadawul),PRIMARY_DIRECT,Raw Materials & Energy,False,2023-10-17,28.22515296936035,10731.400390625,0.001496819976621433,0.010287990743079067,-0.008791170766457634,0.17378161762699817,0.017515525764854267,0.14773404927632905,2026-02-28,780,ok,6.694219169961814e-06,0.5842877934262029,0.28649113966818107,0.006017841629232831,-0.004521021652611398,0.15544490419359328
CMP040,Saudi Arabian Oil Company,2222.SR,^TASI.SR,SAR,Saudi Exchange (Tadawul),PRIMARY_DIRECT,Raw Materials & Energy,False,2023-10-18,28.18296813964844,10714.0595703125,-0.0014945828551471418,-0.001615895380033483,0.00012131252488634114,0.17202730374560593,0.015871327127658486,0.1478553618012154,2026-02-28,780,ok,6.694219169961814e-06,0.5842877934262029,0.28649113966818107,-0.0009374537268373974,-0.0005571291283097444,0.15488777506528353
CMP040,Saudi Arabian Oil Company,2222.SR,^TASI.SR,SAR,Saudi Exchange (Tadawul),PRIMARY_DIRECT,Raw Materials & Energy,False,2023-10-19,28.26734161376953,10654.5595703125,0.0029937753079454232,-0.0055534505487413455,0.008547225856686769,0.17553609014779736,0.010229735948570795,0.15640258765790216,2026-02-28,780,ok,6.694219169961814e-06,0.5842877934262029,0.28649113966818107,-0.003238119147855654,0.006231894455801077,0.1611196695210846
CMP040,Saudi Arabian Oil Company,2222.SR,^TASI.SR,SAR,Saudi Exchange (Tadawul),PRIMARY_DIRECT,Raw Materials & Energy,False,2023-10-22,28.140771865844727,10496.16015625,-0.004477596431040065,-0.014866819507383333,0.010389223076343268,0.17027251394599285,-0.00478916719676814,0.16679181073424543,2026-02-28,780,ok,6.694219169961814e-06,0.5842877934262029,0.28649113966818107,-0.008679806946064674,0.004202210515024609,0.16532188003610923
CMP040,Saudi Arabian Oil Company,2222.SR,^TASI.SR,SAR,Saudi Exchange (Tadawul),PRIMARY_DIRECT,Raw Materials & Energy,False,2023-10-23,28.05639266967773,10293.1904296875,-0.0029984677239578428,-0.01933752186904658,0.01633905414508874,0.16676348958469078,-0.02403407844041272,0.18313086487933417,2026-02-28,780,ok,6.694219169961814e-06,0.5842877934262029,0.28649113966818107,-0.011291983764026207,0.008293516040068364,0.1736153960761776
CMP040,Saudi Arabian Oil Company,2222.SR,^TASI.SR,SAR,Saudi Exchange (Tadawul),PRIMARY_DIRECT,Raw Materials & Energy,False,2023-10-24,28.014204025268555,10379.7099609375,-0.0015037087948506223,0.008405511570101831,-0.009909220364952454,0.1650090170638916,-0.015830585594718505,0.1732216445143817,2026-02-28,780,ok,6.694219169961814e-06,0.5842877934262029,0.28649113966818107,0.0049179320270831784,-0.006421640821933801,0.1671937552542438
CMP040,Saudi Arabian Oil Company,2222.SR,^TASI.SR,SAR,Saudi Exchange (Tadawul),PRIMARY_DIRECT,Raw Materials & Energy,False,2023-10-25,27.88763236999512,10504.759765625,-0.004518124275787683,0.012047523982664954,-0.016565648258452637,0.1597453615423836,-0.003973780971665564,0.15665599625592908,2026-02-28,780,ok,6.694219169961814e-06,0.5842877934262029,0.28649113966818107,0.0070459154232505265,-0.01156403969903821,0.15562971555520558
CMP040,Saudi Arabian Oil Company,2222.SR,^TASI.SR,SAR,Saudi Exchange (Tadawul),PRIMARY_DIRECT,Raw Materials & Energy,False,2023-10-26,28.014204025268555,10408.9404296875,0.004538630371849539,-0.009121516157946985,0.013660146529796524,0.1650090170638916,-0.013059050222271384,0.1703161427857256,2026-02-28,780,ok,6.694219169961814e-06,0.5842877934262029,0.28649113966818107,-0.005322896329458338,0.009861526701307877,0.16549124225651346
CMP040,Saudi Arabian Oil Company,2222.SR,^TASI.SR,SAR,Saudi Exchange (Tadawul),PRIMARY_DIRECT,Raw Materials & Energy,False,2023-10-29,27.803253173828125,10482.849609375,-0.007530139041257544,0.007100547859482553,-0.014630686900740097,0.15623633718108176,-0.006051228773891415,0.1556854558849855,2026-02-28,780,ok,6.694219169961814e-06,0.5842877934262029,0.28649113966818107,0.0041554576601041705,-0.011685596701361715,0.15380564555515175
CMP040,Saudi Arabian Oil Company,2222.SR,^TASI.SR,SAR,Saudi Exchange (Tadawul),PRIMARY_DIRECT,Raw Materials & Energy,False,2023-10-30,27.803253173828125,10535.8701171875,0.0,0.005057833488814278,-0.005057833488814278,0.15623633718108176,-0.0010240013926181568,0.15062762239617122,2026-02-28,780,ok,6.694219169961814e-06,0.5842877934262029,0.28649113966818107,0.00296192458786641,-0.00296192458786641,0.15084372096728535
CMP040,Saudi Arabian Oil Company,2222.SR,^TASI.SR,SAR,Saudi Exchange (Tadawul),PRIMARY_DIRECT,Raw Materials & Energy,False,2023-10-31,28.09857749938965,10690.08984375,0.010621934192921012,0.014637588053683093,-0.004015653860762081,0.16851780346608325,0.013598597750513308,0.14661196853540914,2026-02-28,780,ok,6.694219169961814e-06,0.5842877934262029,0.28649113966818107,0.008559258244138203,0.002062675948782809,0.15290639691606817
CMP040,Saudi Arabian Oil Company,2222.SR,^TASI.SR,SAR,Saudi Exchange (Tadawul),PRIMARY_DIRECT,Raw Materials & Energy,False,2023-11-01,27.972013473510746,10814.8896484375,-0.004504285880011283,0.011674345726894408,-0.01617863160690569,0.16325446522338916,0.025431698208948195,0.13043333692850345,2026-02-28,780,ok,6.694219169961814e-06,0.5842877934262029,0.28649113966818107,0.0068278719236317155,-0.011332157803642998,0.14157423911242517
CMP040,Saudi Arabian Oil Company,2222.SR,^TASI.SR,SAR,Saudi Exchange (Tadawul),PRIMARY_DIRECT,Raw Materials & Energy,False,2023-11-02,27.972013473510746,10853.3603515625,0.0,0.0035571979350301763,-0.0035571979350301763,0.16325446522338916,0.029079361728331587,0.12687613899347328,2026-02-28,780,ok,6.694219169961814e-06,0.5842877934262029,0.28649113966818107,0.002085121551408989,-0.002085121551408989,0.13948911756101617
CMP040,Saudi Arabian Oil Company,2222.SR,^TASI.SR,SAR,Saudi Exchange (Tadawul),PRIMARY_DIRECT,Raw Materials & Energy,False,2023-11-05,28.09857749938965,10938.9501953125,0.00452466627040482,0.00788602248313608,-0.003361356212731259,0.16851780346608325,0.0371947047118526,0.12351478278074202,2026-02-28,780,ok,6.694219169961814e-06,0.5842877934262029,0.28649113966818107,0.004614400894750966,-8.973462434614613e-05,0.13939938293667004
CMP040,Saudi Arabian Oil Company,2222.SR,^TASI.SR,SAR,Saudi Exchange (Tadawul),PRIMARY_DIRECT,Raw Materials & Energy,False,2023-11-06,28.22515296936035,10948.8603515625,0.004504693163682516,0.0009059513091345117,0.0035987418545480043,0.17378161762699817,0.0381343526124136,0.12711352463529002,2026-02-28,780,ok,6.694219169961814e-06,0.5842877934262029,0.28649113966818107,0.0005360305105357455,0.003968662653146771,0.1433680455898168
CMP040,Saudi Arabian Oil Company,2222.SR,^TASI.SR,SAR,Saudi Exchange (Tadawul),PRIMARY_DIRECT,Raw Materials & Energy,False,2023-11-07,28.35172271728516,10945.9697265625,0.0044842891750562774,-0.00026401149591681605,0.0047483006709730935,0.1790451938288029,0.03786027320901786,0.13186182530626311,2026-02-28,780,ok,6.694219169961814e-06,0.5842877934262029,0.28649113966818107,-0.0001475644752184256,0.004631853650274703,0.14799989924009152
CMP040,Saudi Arabian Oil Company,2222.SR,^TASI.SR,SAR,Saudi Exchange (Tadawul),PRIMARY_DIRECT,Raw Materials & Energy,False,2023-11-08,28.30952835083008,10928.759765625,-0.0014882470062164144,-0.001572264620441688,8.401761422527354e-05,0.1772904833488933,0.036228482220489466,0.1319458429204884,2026-02-28,780,ok,6.694219169961814e-06,0.5842877934262029,0.28649113966818107,-0.0009119608065899983,-0.0005762861996264161,0.1474236130404651
CMP040,Saudi Arabian Oil Company,2222.SR,^TASI.SR,SAR,Saudi Exchange (Tadawul),PRIMARY_DIRECT,Raw Materials & Energy,False,2023-11-09,28.26734161376953,10840.759765625,-0.001490195687393503,-0.008052148815347993,0.00656195312795449,0.17553609014779736,0.027884616274947982,0.13850779604844288,2026-02-28,780,ok,6.694219169961814e-06,0.5842877934262029,0.28649113966818107,-0.004698078044489131,0.003207882357095628,0.15063149539756074
CMP040,Saudi Arabian Oil Company,2222.SR,^TASI.SR,SAR,Saudi Exchange (Tadawul),PRIMARY_DIRECT,Raw Materials & Energy,False,2023-11-12,28.30952835083008,10833.6396484375,0.0014924196847714288,-0.0006567913450197249,0.0021492110297911537,0.17729048334889308,0.027209510555299632,0.14065700707823403,2026-02-28,780,ok,6.694219169961814e-06,0.5842877934262029,0.28649113966818107,-0.00037706094655304116,0.0018694806313244699,0.1525009760288852
CMP040,Saudi Arabian Oil Company,2222.SR,^TASI.SR,SAR,Saudi Exchange (Tadawul),PRIMARY_DIRECT,Raw Materials & Energy,False,2023-11-13,28.43610000610352,10789.75,0.004470991310942418,-0.004051237613744152,0.00852222892468657,0.18255413887040128,0.023048040748942178,0.1491792360029206,2026-02-28,780,ok,6.694219169961814e-06,0.5842877934262029,0.28649113966818107,-0.0023603944668098443,0.0068313857777522625,0.15933236180663748
CMP040,Saudi Arabian Oil Company,2222.SR,^TASI.SR,SAR,Saudi Exchange (Tadawul),PRIMARY_DIRECT,Raw Materials & Energy,False,2023-11-14,28.56266975402832,10857.099609375,0.004451023448983404,0.006241999061609382,-0.001790975612625978,0.1878177150722058,0.029433905659278503,0.14738826039029462,2026-02-28,780,ok,6.694219169961814e-06,0.5842877934262029,0.28649113966818107,0.003653818077446137,0.0007972053715372676,0.16012956717817475
CMP040,Saudi Arabian Oil Company,2222.SR,^TASI.SR,SAR,Saudi Exchange (Tadawul),PRIMARY_DIRECT,Raw Materials & Energy,False,2023-11-15,28.652820587158203,11022.8896484375,0.0031562467341543776,0.015270196003299263,-0.012113949269144886,0.19156676085617308,0.0451535631711375,0.13527431112114974,2026-02-28,780,ok,6.694219169961814e-06,0.5842877934262029,0.28649113966818107,0.00892888334712331,-0.005772636612968932,0.15435693056520583
CMP040,Saudi Arabian Oil Company,2222.SR,^TASI.SR,SAR,Saudi Exchange (Tadawul),PRIMARY_DIRECT,Raw Materials & Energy,False,2023-11-16,28.7811222076416,11081.9697265625,0.004477800714003832,0.00535976318454523,-0.0008819624705413975,0.19690235934871803,0.050755338761218516,0.13439234865060834,2026-02-28,780,ok,6.694219169961814e-06,0.5842877934262029,0.28649113966818107,0.003138338423554892,0.00133946229044894,0.15569639285565476
CMP040,Saudi Arabian Oil Company,2222.SR,^TASI.SR,SAR,Saudi Exchange (Tadawul),PRIMARY_DIRECT,Raw Materials & Energy,False,2023-11-19,28.86665153503418,11137.0302734375,0.0029717162095184158,0.004968480173973555,-0.0019967639644551394,0.20045921349120555,0.055975995829550484,0.1323955846861532,2026-02-28,780,ok,6.694219169961814e-06,0.5842877934262029,0.28649113966818107,0.002909716536702807,6.199967281560886e-05,0.15575839252847037
CMP040,Saudi Arabian Oil Company,2222.SR,^TASI.SR,SAR,Saudi Exchange (Tadawul),PRIMARY_DIRECT,Raw Materials & Energy,False,2023-11-20,28.61005973815918,11118.9404296875,-0.00888886598307348,-0.0016242969001480922,-0.007264569082925387,0.18978849242433649,0.0542607772928938,0.1251310156032278,2026-02-28,780,ok,6.694219169961814e-06,0.5842877934262029,0.28649113966818107,-0.0009423626324865884,-0.007946503350586892,0.1478118891778835
CMP040,Saudi Arabian Oil Company,2222.SR,^TASI.SR,SAR,Saudi Exchange (Tadawul),PRIMARY_DIRECT,Raw Materials & Energy,False,2023-11-21,28.61005973815918,11129.099609375,0.0,0.0009136823559532381,-0.0009136823559532381,0.18978849242433649,0.05522403676367982,0.12421733324727458,2026-02-28,780,ok,6.694219169961814e-06,0.5842877934262029,0.28649113966818107,0.0005405476668223337,-0.0005405476668223337,0.14727134151106117
CMP040,Saudi Arabian Oil Company,2222.SR,^TASI.SR,SAR,Saudi Exchange (Tadawul),PRIMARY_DIRECT,Raw Materials & Energy,False,2023-11-22,28.61005973815918,11099.98046875,0.0,-0.0026164866563392897,0.0026164866563392897,0.18978849242433649,0.05246305715203925,0.12683381990361386,2026-02-28,780,ok,6.694219169961814e-06,0.5842877934262029,0.28649113966818107,-0.0015220869957916253,0.0015220869957916253,0.1487934285068528
CMP040,Saudi Arabian Oil Company,2222.SR,^TASI.SR,SAR,Saudi Exchange (Tadawul),PRIMARY_DIRECT,Raw Materials & Energy,False,2023-11-23,28.61005973815918,11078.080078125,0.0,-0.001973011636070554,0.001973011636070554,0.18978849242433649,0.05038653529374382,0.12880683153968442,2026-02-28,780,ok,6.694219169961814e-06,0.5842877934262029,0.28649113966818107,-0.0011461123960739247,0.0011461123960739247,0.14993954090292672
CMP040,Saudi Arabian Oil Company,2222.SR,^TASI.SR,SAR,Saudi Exchange (Tadawul),PRIMARY_DIRECT,Raw Materials & Energy,False,2023-11-26,28.56729888916016,11090.419921875,-0.001494608868012448,0.0011138973236315408,-0.002608506191643989,0.1880102239924999,0.05155655804418613,0.12619832534804043,2026-02-28,780,ok,6.694219169961814e-06,0.5842877934262029,0.28649113966818107,0.0006575308284979878,-0.002152139696510436,0.14778740120641629
CMP040,Saudi Arabian Oil Company,2222.SR,^TASI.SR,SAR,Saudi Exchange (Tadawul),PRIMARY_DIRECT,Raw Materials & Energy,False,2023-11-27,28.43899345397949,11080.740234375,-0.004491339404487982,-0.0008727972040902809,-0.003618542200397701,0.18267446686054778,0.050638762420382344,0.12257978314764273,2026-02-28,780,ok,6.694219169961814e-06,0.5842877934262029,0.28649113966818107,-0.0005032705333165077,-0.003988068871171474,0.1437993323352448
CMP040,Saudi Arabian Oil Company,2222.SR,^TASI.SR,SAR,Saudi Exchange (Tadawul),PRIMARY_DIRECT,Raw Materials & Energy,False,2023-11-28,28.43899345397949,11100.919921875,0.0,0.0018211497673592536,-0.0018211497673592536,0.18267446686054778,0.05255213295814287,0.12075863338028348,2026-02-28,780,ok,6.694219169961814e-06,0.5842877934262029,0.28649113966818107,0.0010707697982389427,-0.0010707697982389427,0.14272856253700586
CMP040,Saudi Arabian Oil Company,2222.SR,^TASI.SR,SAR,Saudi Exchange (Tadawul),PRIMARY_DIRECT,Raw Materials & Energy,False,2023-11-29,28.48176002502441,11103.0498046875,0.0015038004461771504,0.0001918654334496228,0.0013119350127275275,0.184452973251495,0.05275408132936121,0.122070568393011,2026-02-28,780,ok,6.694219169961814e-06,0.5842877934262029,0.28649113966818107,0.0001187988499150039,0.0013850015962621465,0.144113564133268
CMP040,Saudi Arabian Oil Company,2222.SR,^TASI.SR,SAR,Saudi Exchange (Tadawul),PRIMARY_DIRECT,Raw Materials & Energy,False,2023-11-30,28.39623260498047,11177.48046875,-0.003002883949896229,0.006703623362211308,-0.009706507312107537,0.18089619842871119,0.05981134818362399,0.11236406108090347,2026-02-28,780,ok,6.694219169961814e-06,0.5842877934262029,0.28649113966818107,0.00392353952143675,-0.006926423471332979,0.13718714066193502
CMP040,Saudi Arabian Oil Company,2222.SR,^TASI.SR,SAR,Saudi Exchange (Tadawul),PRIMARY_DIRECT,Raw Materials & Energy,False,2023-12-03,28.52452850341797,11219.01953125,0.004518060554800529,0.003716317162542504,0.0008017433922580253,0.18623155896214594,0.06374994328593608,0.11316580447316149,2026-02-28,780,ok,6.694219169961814e-06,0.5842877934262029,0.28649113966818107,0.002178092973743849,0.0023399675810566803,0.1395271082429917
CMP040,Saudi Arabian Oil Company,2222.SR,^TASI.SR,SAR,Saudi Exchange (Tadawul),PRIMARY_DIRECT,Raw Materials & Energy,False,2023-12-04,28.39623260498047,11191.3896484375,-0.0044977394954004435,-0.002462771611684844,-0.0020349678837155993,0.1808961984287114,0.06113017012368016,0.11113083658944589,2026-02-28,780,ok,6.694219169961814e-06,0.5842877934262029,0.28649113966818107,-0.0014322731715340693,-0.003065466323866374,0.13646164191912533
CMP040,Saudi Arabian Oil Company,2222.SR,^TASI.SR,SAR,Saudi Exchange (Tadawul),PRIMARY_DIRECT,Raw Materials & Energy,False,2023-12-05,28.267932891845703,11143.830078125,-0.004518194892947247,-0.004249657263889484,-0.00026853762905776346,0.17556067925586993,0.056620730588281765,0.11086229896038813,2026-02-28,780,ok,6.694219169961814e-06,0.5842877934262029,0.28649113966818107,-0.002476328646365659,-0.002041866246581588,0.13441977567254373
CMP040,Saudi Arabian Oil Company,2222.SR,^TASI.SR,SAR,Saudi Exchange (Tadawul),PRIMARY_DIRECT,Raw Materials & Energy,False,2023-12-06,28.22516822814941,11174.01953125,-0.001512833069892694,0.002709073353896585,-0.004221906423789279,0.17378225218462617,0.05948319365469312,0.10664039253659885,2026-02-28,780,ok,6.694219169961814e-06,0.5842877934262029,0.28649113966818107,0.00158957271134792,-0.003102405781240614,0.13131736989130313
CMP040,Saudi Arabian Oil Company,2222.SR,^TASI.SR,SAR,Saudi Exchange (Tadawul),PRIMARY_DIRECT,Raw Materials & Energy,False,2023-12-07,28.267932891845703,11225.349609375,0.0015151252014025118,0.004593698622187503,-0.0030785734207849913,0.17556067925587016,0.06435014014161555,0.10356181911581386,2026-02-28,780,ok,6.694219169961814e-06,0.5842877934262029,0.28649113966818107,0.0026907362507928865,-0.0011756110493903746,0.13014175884191276
CMP040,Saudi Arabian Oil Company,2222.SR,^TASI.SR,SAR,Saudi Exchange (Tadawul),PRIMARY_DIRECT,Raw Materials & Energy,False,2023-12-10,28.18240547180176,11296.7197265625,-0.0030255986658512812,0.006357941593898797,-0.009383540259750078,0.17200390443308633,0.07111721616809397,0.09417827885606378,2026-02-28,780,ok,6.694219169961814e-06,0.5842877934262029,0.28649113966818107,0.0037215618838017652,-0.0067471605496530465,0.12339459829225971
CMP040,Saudi Arabian Oil Company,2222.SR,^TASI.SR,SAR,Saudi Exchange (Tadawul),PRIMARY_DIRECT,Raw Materials & Energy,False,2023-12-11,28.267932891845703,11380.9501953125,0.0030347806942709887,0.007456188237718653,-0.004421407543447664,0.17556067925587016,0.07910366775650446,0.08975687131261612,2026-02-28,780,ok,6.694219169961814e-06,0.5842877934262029,0.28649113966818107,0.004363253991957001,-0.0013284732976860123,0.1220661249945737
CMP040,Saudi Arabian Oil Company,2222.SR,^TASI.SR,SAR,Saudi Exchange (Tadawul),PRIMARY_DIRECT,Raw Materials & Energy,False,2023-12-12,28.18240547180176,11395.0,-0.0030255986658512812,0.0012345019041808403,-0.0042601005700321215,0.17200390443308633,0.08043582328915844,0.085496770742584,2026-02-28,780,ok,6.694219169961814e-06,0.5842877934262029,0.28649113966818107,0.0007279986127442307,-0.003753597278595512,0.1183125277159782
CMP040,Saudi Arabian Oil Company,2222.SR,^TASI.SR,SAR,Saudi Exchange (Tadawul),PRIMARY_DIRECT,Raw Materials & Energy,False,2023-12-13,28.054105758666992,11401.4697265625,-0.0045524755955675955,0.0005677688953489302,-0.005120244490916526,0.16666838526024486,0.08104926114304267,0.08037652625166747,2026-02-28,780,ok,6.694219169961814e-06,0.5842877934262029,0.28649113966818107,0.0003384346542094209,-0.004890910249777017,0.11342161746620118
CMP040,Saudi Arabian Oil Company,2222.SR,^TASI.SR,SAR,Saudi Exchange (Tadawul),PRIMARY_DIRECT,Raw Materials & Energy,False,2023-12-14,28.1396427154541,11542.9296875,0.003048999583980194,0.012407168929101653,-0.009358169345121459,0.17022555668154626,0.09446202194672493,0.07101835690654601,2026-02-28,780,ok,6.694219169961814e-06,0.5842877934262029,0.28649113966818107,0.007256051575420911,-0.004207051991440717,0.10921456547476047
CMP040,Saudi Arabian Oil Company,2222.SR,^TASI.SR,SAR,Saudi Exchange (Tadawul),PRIMARY_DIRECT,Raw Materials & Energy,False,2023-12-17,28.1396427154541,11600.7197265625,0.0,0.005006531324979191,-0.005006531324979191,0.17022555668154626,0.09994148034360117,0.06601182558156682,2026-02-28,780,ok,6.694219169961814e-06,0.5842877934262029,0.28649113966818107,0.002931949359761217,-0.002931949359761217,0.10628261611499926
CMP040,Saudi Arabian Oil Company,2222.SR,^TASI.SR,SAR,Saudi Exchange (Tadawul),PRIMARY_DIRECT,Raw Materials & Energy,False,2023-12-18,28.31069564819336,11676.33984375,0.00607871729108056,0.006518571172299703,-0.00043985388121914326,0.17733902700741067,0.10711152716858563,0.06557197170034768,2026-02-28,780,ok,6.694219169961814e-06,0.5842877934262029,0.28649113966818107,0.0038154157857246116,0.002263301505355948,0.1085459176203552
CMP040,Saudi Arabian Oil Company,2222.SR,^TASI.SR,SAR,Saudi Exchange (Tadawul),PRIMARY_DIRECT,Raw Materials & Energy,False,2023-12-19,28.267932891845703,11713.4599609375,-0.0015104805928845,0.0031790884544500297,-0.00468956904733453,0.17556067925587038,0.11063113264239588,0.060882402653013146,2026-02-28,780,ok,6.694219169961814e-06,0.5842877934262029,0.28649113966818107,0.0018641967973272871,-0.003374677390211787,0.10517124023014342
CMP040,Saudi Arabian Oil Company,2222.SR,^TASI.SR,SAR,Saudi Exchange (Tadawul),PRIMARY_DIRECT,Raw Materials & Energy,False,2023-12-20,28.31069564819336,11702.900390625,0.0015127655959588093,-0.0009014902810710046,0.002414255877029814,0.17733902700741067,0.1096299094704638,0.06329665853004296,2026-02-28,780,ok,6.694219169961814e-06,0.5842877934262029,0.28649113966818107,-0.0005200355479521828,0.0020328011439109924,0.10720404137405441
CMP040,Saudi Arabian Oil Company,2222.SR,^TASI.SR,SAR,Saudi Exchange (Tadawul),PRIMARY_DIRECT,Raw Materials & Energy,False,2023-12-21,28.22516822814941,11621.9296875,-0.003021028557784855,-0.006918857755113805,0.0038978291973289503,0.17378225218462662,0.10195253796601778,0.06719448772737191,2026-02-28,780,ok,6.694219169961814e-06,0.5842877934262029,0.28649113966818107,-0.004035909911595255,0.0010148813538103998,0.10821892272786482
CMP040,Saudi Arabian Oil Company,2222.SR,^TASI.SR,SAR,Saudi Exchange (Tadawul),PRIMARY_DIRECT,Raw Materials & Energy,False,2023-12-24,28.22516822814941,11690.650390625,0.0,0.005913020038222472,-0.005913020038222472,0.17378225218462662,0.1084684054041809,0.06128146768914944,2026-02-28,780,ok,6.694219169961814e-06,0.5842877934262029,0.28649113966818107,0.0034615996497878916,-0.0034615996497878916,0.10475732307807693
CMP040,Saudi Arabian Oil Company,2222.SR,^TASI.SR,SAR,Saudi Exchange (Tadawul),PRIMARY_DIRECT,Raw Materials & Energy,False,2023-12-25,28.31069564819336,11813.08984375,0.0030301828266394715,0.010473279846191286,-0.007443097019551814,0.17733902700741067,0.12007770521464023,0.053838370669597624,2026-02-28,780,ok,6.694219169961814e-06,0.5842877934262029,0.28649113966818107,0.006126103790436189,-0.003095920963796717,0.10166140211428022
CMP040,Saudi Arabian Oil Company,2222.SR,^TASI.SR,SAR,Saudi Exchange (Tadawul),PRIMARY_DIRECT,Raw Materials & Energy,False,2023-12-26,28.267932891845703,11872.6298828125,-0.0015104805928845,0.0050401749119008965,-0.0065506555047853965,0.17556067925587038,0.12572309276384264,0.04728771516481223,2026-02-28,780,ok,6.694219169961814e-06,0.5842877934262029,0.28649113966818107,0.002951606896926643,-0.004462087489811143,0.09719931462446908
CMP040,Saudi Arabian Oil Company,2222.SR,^TASI.SR,SAR,Saudi Exchange (Tadawul),PRIMARY_DIRECT,Raw Materials & Energy,False,2023-12-27,28.353464126586918,11889.349609375,0.0030257336137191615,0.0014082580462400074,0.001617475567479154,0.17911761271806137,0.12730840136706556,0.04890519073229138,2026-02-28,780,ok,6.694219169961814e-06,0.5842877934262029,0.28649113966818107,0.0008295222055822313,0.00219621140813693,0.09939552603260601
CMP040,Saudi Arabian Oil Company,2222.SR,^TASI.SR,SAR,Saudi Exchange (Tadawul),PRIMARY_DIRECT,Raw Materials & Energy,False,2023-12-28,28.267932891845703,11931.919921875,-0.0030166061670401367,0.0035805417368190984,-0.006597147903859235,0.17556067925587038,0.1313447761484272,0.042308042828432146,2026-02-28,780,ok,6.694219169961814e-06,0.5842877934262029,0.28649113966818107,0.0020987610498464167,-0.005115367216886553,0.09428015881571947
CMP040,Saudi Arabian Oil Company,2222.SR,^TASI.SR,SAR,Saudi Exchange (Tadawul),PRIMARY_DIRECT,Raw Materials & Energy,False,2023-12-31,28.22516822814941,11967.3896484375,-0.001512833069892694,0.0029726755454897447,-0.004485508615382439,0.17378225218462662,0.13470789709800113,0.03782253421304971,2026-02-28,780,ok,6.694219169961814e-06,0.5842877934262029,0.28649113966818107,0.0017435922542161984,-0.0032564253241088924,0.09102373349161058
CMP040,Saudi Arabian Oil Company,2222.SR,^TASI.SR,SAR,Saudi Exchange (Tadawul),PRIMARY_DIRECT,Raw Materials & Energy,False,2024-01-01,28.267932891845703,12037.0400390625,0.0015151252014025118,0.005820015280783686,-0.004304890079381174,0.1755606792558706,0.14131191439833746,0.033517644133668534,2026-02-28,780,ok,6.694219169961814e-06,0.5842877934262029,0.28649113966818107,0.003407258105285844,-0.0018921329038833323,0.08913160058772725
CMP040,Saudi Arabian Oil Company,2222.SR,^TASI.SR,SAR,Saudi Exchange (Tadawul),PRIMARY_DIRECT,Raw Materials & Energy,False,2024-01-02,28.267932891845703,12123.080078125,0.0,0.007147939924041502,-0.007147939924041502,0.1755606792558706,0.14946994339704966,0.026369704209627032,2026-02-28,780,ok,6.694219169961814e-06,0.5842877934262029,0.28649113966818107,0.004183148264931231,-0.004183148264931231,0.08494845232279602
CMP040,Saudi Arabian Oil Company,2222.SR,^TASI.SR,SAR,Saudi Exchange (Tadawul),PRIMARY_DIRECT,Raw Materials & Energy,False,2024-01-03,28.18240547180176,11928.8896484375,-0.0030255986658512812,-0.016018241934893984,0.012992643269042703,0.17200390443308677,0.13105745574682692,0.039362347478669735,2026-02-28,780,ok,6.694219169961814e-06,0.5842877934262029,0.28649113966818107,-0.009352569015536315,0.006326970349685034,0.09127542267248105
CMP040,Saudi Arabian Oil Company,2222.SR,^TASI.SR,SAR,Saudi Exchange (Tadawul),PRIMARY_DIRECT,Raw Materials & Energy,False,2024-01-04,28.267932891845703,12145.4501953125,0.0030347806942709887,0.01815429208060171,-0.01511951138633072,0.1755606792558706,0.15159100315839713,0.024242836092339015,2026-02-28,780,ok,6.694219169961814e-06,0.5842877934262029,0.28649113966818107,0.010614025480159522,-0.007579244785888534,0.08369617788659252
CMP040,Saudi Arabian Oil Company,2222.SR,^TASI.SR,SAR,Saudi Exchange (Tadawul),PRIMARY_DIRECT,Raw Materials & Energy,False,2024-01-07,28.43899345397949,12285.0703125,0.006051399753504105,0.01149567244871541,-0.005444272695211305,0.18267446686054867,0.1648293161255936,0.01879856339712771,2026-02-28,780,ok,6.694219169961814e-06,0.5842877934262029,0.28649113966818107,0.006723475308180283,-0.0006720755546761777,0.08302410233191634
CMP040,Saudi Arabian Oil Company,2222.SR,^TASI.SR,SAR,Saudi Exchange (Tadawul),PRIMARY_DIRECT,Raw Materials & Energy,False,2024-01-08,28.61005973815918,12252.0595703125,0.0060152017847086015,-0.002687061721894368,0.00870226350660297,0.1897884924243376,0.16169934785769202,0.02750082690373068,2026-02-28,780,ok,6.694219169961814e-06,0.5842877934262029,0.28649113966818107,-0.001563323145115712,0.007578524929824314,0.09060262726174066
CMP040,Saudi Arabian Oil Company,2222.SR,^TASI.SR,SAR,Saudi Exchange (Tadawul),PRIMARY_DIRECT,Raw Materials & Energy,False,2024-01-09,28.43899345397949,12197.6103515625,-0.00597923547679724,-0.004444087007374198,-0.0015351484694230422,0.1826744668605489,0.1565366548794025,0.025965678434307637,2026-02-28,780,ok,6.694219169961814e-06,0.5842877934262029,0.28649113966818107,-0.0025899315721627653,-0.0033893039046344747,0.08721332335710619
CMP040,Saudi Arabian Oil Company,2222.SR,^TASI.SR,SAR,Saudi Exchange (Tadawul),PRIMARY_DIRECT,Raw Materials & Energy,False,2024-01-10,28.1396427154541,12136.900390625,-0.0105260665786151,-0.004977201204801829,-0.005548865373813272,0.1702255566815467,0.15078033924733925,0.020416813060494365,2026-02-28,780,ok,6.694219169961814e-06,0.5842877934262029,0.28649113966818107,-0.002901423690221937,-0.007624642888393164,0.07958868046871302
CMP040,Saudi Arabian Oil Company,2222.SR,^TASI.SR,SAR,Saudi Exchange (Tadawul),PRIMARY_DIRECT,Raw Materials & Energy,False,2024-01-11,28.096872329711918,12116.08984375,-0.0015199335035869233,-0.0017146508750351952,0.00019471737144827195,0.16844689165119275,0.14880715273167544,0.020611530431942637,2026-02-28,780,ok,6.694219169961814e-06,0.5842877934262029,0.28649113966818107,-0.0009951553571006604,-0.0005247781464862628,0.07906390232222676
CMP040,Saudi Arabian Oil Company,2222.SR,^TASI.SR,SAR,Saudi Exchange (Tadawul),PRIMARY_DIRECT,Raw Materials & Energy,False,2024-01-14,28.096872329711918,12060.0302734375,0.0,-0.004626869809934431,0.004626869809934431,0.16844689165119275,0.14349177159926452,0.025238400241877068,2026-02-28,780,ok,6.694219169961814e-06,0.5842877934262029,0.28649113966818107,-0.002696729332546941,0.002696729332546941,0.08176063165477371
CMP040,Saudi Arabian Oil Company,2222.SR,^TASI.SR,SAR,Saudi Exchange (Tadawul),PRIMARY_DIRECT,Raw Materials & Energy,False,2024-01-15,27.711986541748047,12122.1103515625,-0.013698527844925312,0.005147588912917778,-0.01884611675784309,0.15244088937059241,0.14937799716476152,0.006392283484033978,2026-02-28,780,ok,6.694219169961814e-06,0.5842877934262029,0.28649113966818107,0.0030143675865638765,-0.01671289543148919,0.06504773622328452
CMP040,Saudi Arabian Oil Company,2222.SR,^TASI.SR,SAR,Saudi Exchange (Tadawul),PRIMARY_DIRECT,Raw Materials & Energy,False,2024-01-16,27.327096939086918,12077.580078125,-0.013888921390795783,-0.0036734753393627972,-0.010215446051432986,0.13643472845058557,0.1451557854365706,-0.0038231625673990077,2026-02-28,780,ok,6.694219169961814e-06,0.5842877934262029,0.28649113966818107,-0.0021396725810718985,-0.011749248809723885,0.053298487413560636
CMP040,Saudi Arabian Oil Company,2222.SR,^TASI.SR,SAR,Saudi Exchange (Tadawul),PRIMARY_DIRECT,Raw Materials & Energy,False,2024-01-17,27.15603256225586,12063.0,-0.0062598810701468555,-0.0012072019420021896,-0.005052679128144666,0.12932078220650034,0.14377335114849643,-0.008875841695543674,2026-02-28,780,ok,6.694219169961814e-06,0.5842877934262029,0.28649113966818107,-0.0006986591397423244,-0.005561221930404531,0.047737265483156106
CMP040,Saudi Arabian Oil Company,2222.SR,^TASI.SR,SAR,Saudi Exchange (Tadawul),PRIMARY_DIRECT,Raw Materials & Energy,False,2024-01-18,27.28432846069336,11959.0703125,0.0047243977242765745,-0.008615575520185659,0.013339973244462233,0.13465614273993487,0.13391908546370068,0.00446413154891856,2026-02-28,780,ok,6.694219169961814e-06,0.5842877934262029,0.28649113966818107,-0.005027281390616127,0.009751679114892702,0.057488944598048805
CMP040,Saudi Arabian Oil Company,2222.SR,^TASI.SR,SAR,Saudi Exchange (Tadawul),PRIMARY_DIRECT,Raw Materials & Energy,False,2024-01-21,27.36986351013184,12003.66015625,0.003134951610104908,0.0037285376358555666,-0.0005935860257506587,0.1382132348415328,0.13814694544986694,0.003870545523167901,2026-02-28,780,ok,6.694219169961814e-06,0.5842877934262029,0.28649113966818107,0.002185233247130562,0.0009497183629743459,0.05843866296102315
CMP040,Saudi Arabian Oil Company,2222.SR,^TASI.SR,SAR,Saudi Exchange (Tadawul),PRIMARY_DIRECT,Raw Materials & Energy,False,2024-01-22,27.36986351013184,12110.3203125,0.0,0.008885636119451812,-0.008885636119451812,0.1382132348415328,0.1482601050576,-0.005015090596283911,2026-02-28,780,ok,6.694219169961814e-06,0.5842877934262029,0.28649113966818107,0.005198462940592628,-0.005198462940592628,0.05324020002043053
CMP040,Saudi Arabian Oil Company,2222.SR,^TASI.SR,SAR,Saudi Exchange (Tadawul),PRIMARY_DIRECT,Raw Materials & Energy,False,2024-01-23,27.07050323486328,12105.330078125,-0.010937587436551932,-0.0004120646065693956,-0.010525522829982537,0.12576392806401282,0.14778694770917022,-0.015540613426266447,2026-02-28,780,ok,6.694219169961814e-06,0.5842877934262029,0.28649113966818107,-0.00023407010055150675,-0.010703517336000425,0.0425366826844301
CMP040,Saudi Arabian Oil Company,2222.SR,^TASI.SR,SAR,Saudi Exchange (Tadawul),PRIMARY_DIRECT,Raw Materials & Energy,False,2024-01-24,27.11326789855957,12174.1796875,0.0015797513376556438,0.0056875449847844095,-0.004107793647128766,0.12754235513525636,0.15431503760721443,-0.019648407073395213,2026-02-28,780,ok,6.694219169961814e-06,0.5842877934262029,0.28649113966818107,0.003329857328341911,-0.001750105990686267,0.04078657669374384
CMP040,Saudi Arabian Oil Company,2222.SR,^TASI.SR,SAR,Saudi Exchange (Tadawul),PRIMARY_DIRECT,Raw Materials & Energy,False,2024-01-25,26.98497200012207,12161.5595703125,-0.004731849326222948,-0.0010366297780587397,-0.003695219548164208,0.12220699460182183,0.15311844026596977,-0.02334362662155942,2026-02-28,780,ok,6.694219169961814e-06,0.5842877934262029,0.28649113966818107,-0.0005989959064518736,-0.004132853419771074,0.03665372327397276
CMP040,Saudi Arabian Oil Company,2222.SR,^TASI.SR,SAR,Saudi Exchange (Tadawul),PRIMARY_DIRECT,Raw Materials & Energy,False,2024-01-28,26.85667610168457,12264.169921875,-0.004754346175972257,0.008437269165130878,-0.013191615341103136,0.1168716340683873,0.16284761092576971,-0.03653524196266256,2026-02-28,780,ok,6.694219169961814e-06,0.5842877934262029,0.28649113966818107,0.004936487602207223,-0.00969083377817948,0.026962889495793278
CMP040,Saudi Arabian Oil Company,2222.SR,^TASI.SR,SAR,Saudi Exchange (Tadawul),PRIMARY_DIRECT,Raw Materials & Energy,False,2024-01-29,26.728376388549805,12252.8095703125,-0.004777200002301085,-0.0009263041555088725,-0.0038508958467922128,0.11153611489554582,0.16177046035154552,-0.04038613780945477,2026-02-28,780,ok,6.694219169961814e-06,0.5842877934262029,0.28649113966818107,-0.0005345339918938395,-0.004242666010407245,0.022720223485386035
CMP040,Saudi Arabian Oil Company,2222.SR,^TASI.SR,SAR,Saudi Exchange (Tadawul),PRIMARY_DIRECT,Raw Materials & Energy,False,2024-01-30,26.771142959594727,11985.9697265625,0.0016000437296761483,-0.02177784957962048,0.023377893309296627,0.11331462128649306,0.13646959801996306,-0.017008244500158143,2026-02-28,780,ok,6.694219169961814e-06,0.5842877934262029,0.28649113966818107,-0.012717837457274247,0.014317881186950395,0.03703810467233643
CMP040,Saudi Arabian Oil Company,2222.SR,^TASI.SR,SAR,Saudi Exchange (Tadawul),PRIMARY_DIRECT,Raw Materials & Energy,False,2024-01-31,26.17242813110352,11796.6298828125,-0.02236418629547643,-0.015796789752471785,-0.006567396543004644,0.08841624569056417,0.11851702671996556,-0.023575641043162787,2026-02-28,780,ok,6.694219169961814e-06,0.5842877934262029,0.28649113966818107,-0.00922317720851943,-0.013141009086957,0.023897095585379433
CMP040,Saudi Arabian Oil Company,2222.SR,^TASI.SR,SAR,Saudi Exchange (Tadawul),PRIMARY_DIRECT,Raw Materials & Energy,False,2024-02-01,26.514554977416992,11914.2900390625,0.013072033079990941,0.00997404830183135,0.0030979847781595904,0.10264405885903072,0.12967316957089126,-0.020477656265003197,2026-02-28,780,ok,6.694219169961814e-06,0.5842877934262029,0.28649113966818107,0.005834408892973367,0.007237624187017574,0.031134719772397006
CMP040,Saudi Arabian Oil Company,2222.SR,^TASI.SR,SAR,Saudi Exchange (Tadawul),PRIMARY_DIRECT,Raw Materials & Energy,False,2024-02-04,26.47178840637207,11962.7197265625,-0.0016129469674805996,0.004064840400998859,-0.005677787368479459,0.10086555246808349,0.13426511071048752,-0.026155443633482656,2026-02-28,780,ok,6.694219169961814e-06,0.5842877934262029,0.28649113966818107,0.002381730847699267,-0.003994677815179867,0.02714004195721714
CMP040,Saudi Arabian Oil Company,2222.SR,^TASI.SR,SAR,Saudi Exchange (Tadawul),PRIMARY_DIRECT,Raw Materials & Energy,False,2024-02-05,26.343488693237305,12024.91015625,-0.004846658305257656,0.005198686511848072,-0.010045344817105728,0.09553003329524201,0.14016179944239804,-0.036200788450588384,2026-02-28,780,ok,6.694219169961814e-06,0.5842877934262029,0.28649113966818107,0.003044223289892235,-0.007890881595149892,0.019249160362067246
CMP040,Saudi Arabian Oil Company,2222.SR,^TASI.SR,SAR,Saudi Exchange (Tadawul),PRIMARY_DIRECT,Raw Materials & Energy,False,2024-02-06,26.813915252685547,12071.41015625,0.017857413075626827,0.0038669727586972957,0.013990440316929531,0.11509336563655026,0.1445707740613491,-0.022210348133658853,2026-02-28,780,ok,6.694219169961814e-06,0.5842877934262029,0.28649113966818107,0.0022661191995884413,0.015591293876038385,0.03484045423810563
CMP040,Saudi Arabian Oil Company,2222.SR,^TASI.SR,SAR,Saudi Exchange (Tadawul),PRIMARY_DIRECT,Raw Materials & Energy,False,2024-02-07,26.557315826416016,12165.9296875,-0.009569636655125557,0.007830032285089938,-0.017399668940215496,0.10442232729086731,0.15353280017481996,-0.03961001707387435,2026-02-28,780,ok,6.694219169961814e-06,0.5842877934262029,0.28649113966818107,0.004581686505481091,-0.014151323160606648,0.020689131077498986
CMP040,Saudi Arabian Oil Company,2222.SR,^TASI.SR,SAR,Saudi Exchange (Tadawul),PRIMARY_DIRECT,Raw Materials & Energy,False,2024-02-08,26.557315826416016,12202.7802734375,0.0,0.0030289987599847468,-0.0030289987599847468,0.10442232729086731,0.15702684959615132,-0.042639015833859095,2026-02-28,780,ok,6.694219169961814e-06,0.5842877934262029,0.28649113966818107,0.001776501220932154,-0.001776501220932154,0.01891262985656683
CMP040,Saudi Arabian Oil Company,2222.SR,^TASI.SR,SAR,Saudi Exchange (Tadawul),PRIMARY_DIRECT,Raw Materials & Energy,False,2024-02-11,26.04413414001465,12209.0595703125,-0.01932355249135964,0.0005145791970595504,-0.01983813168841919,0.08308096447683266,0.15762223154339283,-0.06247714752227829,2026-02-28,780,ok,6.694219169961814e-06,0.5842877934262029,0.28649113966818107,0.0003073565627629137,-0.019630909054122556,-0.000718279197555724
CMP040,Saudi Arabian Oil Company,2222.SR,^TASI.SR,SAR,Saudi Exchange (Tadawul),PRIMARY_DIRECT,Raw Materials & Energy,False,2024-02-12,26.42901992797852,12295.91015625,0.014778214007603596,0.007113618001233002,0.007664596006370594,0.099086966757433,0.16585711388832736,-0.05481255151590769,2026-02-28,780,ok,6.694219169961814e-06,0.5842877934262029,0.28649113966818107,0.004163094384387308,0.010615119623216289,0.009896840425660565
CMP040,Saudi Arabian Oil Company,2222.SR,^TASI.SR,SAR,Saudi Exchange (Tadawul),PRIMARY_DIRECT,Raw Materials & Energy,False,2024-02-13,27.15603256225586,12404.58984375,0.02750811934224262,0.00883868588164316,0.01866943346059946,0.1293207822064999,0.17616175870086526,-0.03614311805530823,2026-02-28,780,ok,6.694219169961814e-06,0.5842877934262029,0.28649113966818107,0.0051710304897425756,0.022337088852500044,0.03223392927816061
CMP040,Saudi Arabian Oil Company,2222.SR,^TASI.SR,SAR,Saudi Exchange (Tadawul),PRIMARY_DIRECT,Raw Materials & Energy,False,2024-02-14,27.327096939086918,12438.76953125,0.006299314026777969,0.002755406501184776,0.003543907525593193,0.13643472845058513,0.17940256245723463,-0.03259921052971504,2026-02-28,780,ok,6.694219169961814e-06,0.5842877934262029,0.28649113966818107,0.0016166446037394287,0.00468266942303854,0.03691659870119915
CMP040,Saudi Arabian Oil Company,2222.SR,^TASI.SR,SAR,Saudi Exchange (Tadawul),PRIMARY_DIRECT,Raw Materials & Energy,False,2024-02-15,27.327096939086918,12484.58984375,0.0,0.0036836692234618607,-0.0036836692234618607,0.13643472845058513,0.18374709137863032,-0.0362828797531769,2026-02-28,780,ok,6.694219169961814e-06,0.5842877934262029,0.28649113966818107,0.0021590171814585067,-0.0021590171814585067,0.03475758151974064
CMP040,Saudi Arabian Oil Company,2222.SR,^TASI.SR,SAR,Saudi Exchange (Tadawul),PRIMARY_DIRECT,Raw Materials & Energy,False,2024-02-18,27.327096939086918,12502.0,0.0,0.0013945316961065934,-0.0013945316961065934,0.13643472845058513,0.18539786421773186,-0.03767741144928349,2026-02-28,780,ok,6.694219169961814e-06,0.5842877934262029,0.28649113966818107,0.0008215020667509834,-0.0008215020667509834,0.03393607945298966
CMP040,Saudi Arabian Oil Company,2222.SR,^TASI.SR,SAR,Saudi Exchange (Tadawul),PRIMARY_DIRECT,Raw Materials & Energy,False,2024-02-19,27.327096939086918,12594.5703125,0.0,0.007404440289553671,-0.007404440289553671,0.13643472845058513,0.19417507192269645,-0.045081851738837164,2026-02-28,780,ok,6.694219169961814e-06,0.5842877934262029,0.28649113966818107,0.004333018297509351,-0.004333018297509351,0.02960306115548031
CMP040,Saudi Arabian Oil Company,2222.SR,^TASI.SR,SAR,Saudi Exchange (Tadawul),PRIMARY_DIRECT,Raw Materials & Energy,False,2024-02-20,27.07050323486328,12606.5,-0.009389716909761536,0.000947208773621977,-0.010336925683383513,0.12576392806401238,0.19530620502806229,-0.05541877742222068,2026-02-28,780,ok,6.694219169961814e-06,0.5842877934262029,0.28649113966818107,0.0005601367434234864,-0.009949853653185023,0.019653207502295288
CMP040,Saudi Arabian Oil Company,2222.SR,^TASI.SR,SAR,Saudi Exchange (Tadawul),PRIMARY_DIRECT,Raw Materials & Energy,False,2024-02-21,27.36986351013184,12634.330078125,0.011058541197823901,0.0022075975191369057,0.008850943678686995,0.13821323484153236,0.19794496004089113,-0.04656783374353368,2026-02-28,780,ok,6.694219169961814e-06,0.5842877934262029,0.28649113966818107,0.001296566502399624,0.009761974695424277,0.029415182197719564
CMP040,Saudi Arabian Oil Company,2222.SR,^TASI.SR,SAR,Saudi Exchange (Tadawul),PRIMARY_DIRECT,Raw Materials & Energy,False,2024-02-25,27.327096939086918,12604.58984375,-0.0015625423571838937,-0.0023539225420817766,0.000791380184897883,0.13643472845058513,0.1951250903952777,-0.0457764535586358,2026-02-28,780,ok,6.694219169961814e-06,0.5842877934262029,0.28649113966818107,-0.0013686739888391977,-0.00019386836834469593,0.02922131382937487
CMP040,Saudi Arabian Oil Company,2222.SR,^TASI.SR,SAR,Saudi Exchange (Tadawul),PRIMARY_DIRECT,Raw Materials & Energy,False,2024-02-26,27.19879722595215,12531.759765625,-0.004694963150339571,-0.005778060137443752,0.0010830969871041818,0.13109920927774343,0.1882195857512059,-0.04469335657153162,2026-02-28,780,ok,6.694219169961814e-06,0.5842877934262029,0.28649113966818107,-0.0033693557888209505,-0.00132560736151862,0.02789570646785625
CMP040,Saudi Arabian Oil Company,2222.SR,^TASI.SR,SAR,Saudi Exchange (Tadawul),PRIMARY_DIRECT,Raw Materials & Energy,False,2024-02-27,27.327096939086918,12601.5498046875,0.0047171098070597495,0.005569053378595479,-0.0008519435715357293,0.1364347284505849,0.194836844049747,-0.04554530014306735,2026-02-28,780,ok,6.694219169961814e-06,0.5842877934262029,0.28649113966818107,0.003260624129222254,0.0014564856778374953,0.029352192145693744
CMP040,Saudi Arabian Oil Company,2222.SR,^TASI.SR,SAR,Saudi Exchange (Tadawul),PRIMARY_DIRECT,Raw Materials & Energy,False,2024-02-28,27.28432846069336,12611.419921875,-0.0015650575137523548,0.0007832462943428986,-0.0023483038080952534,0.1346561427399342,0.19577269558019328,-0.0478936039511626,2026-02-28,780,ok,6.694219169961814e-06,0.5842877934262029,0.28649113966818107,0.0004643354682008242,-0.002029392981953179,0.027322799163740565
CMP040,Saudi Arabian Oil Company,2222.SR,^TASI.SR,SAR,Saudi Exchange (Tadawul),PRIMARY_DIRECT,Raw Materials & Energy,False,2024-02-29,27.11326789855957,12630.8603515625,-0.006269553688309504,0.001541494122622833,-0.007811047810932337,0.1275423551352559,0.1976159721624231,-0.05570465176209494,2026-02-28,780,ok,6.694219169961814e-06,0.5842877934262029,0.28649113966818107,0.0009073704186567174,-0.007176924106966221,0.020145875056774343
CMP040,Saudi Arabian Oil Company,2222.SR,^TASI.SR,SAR,Saudi Exchange (Tadawul),PRIMARY_DIRECT,Raw Materials & Energy,False,2024-03-03,26.98497200012207,12555.2001953125,-0.004731849326222948,-0.0059901031397786575,0.0012582538135557098,0.12220699460182138,0.19044212896732393,-0.05444639794853923,2026-02-28,780,ok,6.694219169961814e-06,0.5842877934262029,0.28649113966818107,-0.0034932499267666794,-0.0012385993994562684,0.018907275657318076
CMP040,Saudi Arabian Oil Company,2222.SR,^TASI.SR,SAR,Saudi Exchange (Tadawul),PRIMARY_DIRECT,Raw Materials & Energy,False,2024-03-04,26.68561744689941,12434.58984375,-0.011093380168091582,-0.009606406085625796,-0.0014869740824657862,0.10975792578341181,0.17900625845502693,-0.05593337203100501,2026-02-28,780,ok,6.694219169961814e-06,0.5842877934262029,0.28649113966818107,-0.005606211595356381,-0.005487168572735201,0.013420107084582876
CMP040,Saudi Arabian Oil Company,2222.SR,^TASI.SR,SAR,Saudi Exchange (Tadawul),PRIMARY_DIRECT,Raw Materials & Energy,False,2024-03-05,26.68561744689941,12470.150390625,0.0,0.002859808592148516,-0.002859808592148516,0.10975792578341181,0.18237799068315352,-0.05879318062315353,2026-02-28,780,ok,6.694219169961814e-06,0.5842877934262029,0.28649113966818107,0.001677645471097714,-0.001677645471097714,0.011742461613485161
CMP040,Saudi Arabian Oil Company,2222.SR,^TASI.SR,SAR,Saudi Exchange (Tadawul),PRIMARY_DIRECT,Raw Materials & Energy,False,2024-03-06,27.11326789855957,12561.900390625,0.01602550334505559,0.007357569646391449,0.008667933698664143,0.1275423551352559,0.19107741909796516,-0.050125246924489386,2026-02-28,780,ok,6.694219169961814e-06,0.5842877934262029,0.28649113966818107,0.004305632352839628,0.011719870992215962,0.023462332605701124
CMP040,Saudi Arabian Oil Company,2222.SR,^TASI.SR,SAR,Saudi Exchange (Tadawul),PRIMARY_DIRECT,Raw Materials & Energy,False,2024-03-07,27.15603256225586,12577.8798828125,0.001577259659598651,0.0012720600936642068,0.0003051995659344442,0.12932078220649967,0.19259254115126434,-0.04982004735855494,2026-02-28,780,ok,6.694219169961814e-06,0.5842877934262029,0.28649113966818107,0.0007499434044025502,0.0008273162551961008,0.024289648860897226
CMP040,Saudi Arabian Oil Company,2222.SR,^TASI.SR,SAR,Saudi Exchange (Tadawul),PRIMARY_DIRECT,Raw Materials & Energy,False,2024-03-10,27.540925979614254,12618.6201171875,0.01417340388276589,0.003239038276289463,0.010934365606476426,0.14532710176591346,0.19645539404007062,-0.038885681752078516,2026-02-28,780,ok,6.694219169961814e-06,0.5842877934262029,0.28649113966818107,0.0018992247464461437,0.012274179136319745,0.03656382799721697
CMP040,Saudi Arabian Oil Company,2222.SR,^TASI.SR,SAR,Saudi Exchange (Tadawul),PRIMARY_DIRECT,Raw Materials & Energy,False,2024-03-11,27.28432846069336,12555.7197265625,-0.00931695321757986,-0.004984728127231941,-0.004332225090347919,0.1346561427399342,0.19049138918442066,-0.043217906842426435,2026-02-28,780,ok,6.694219169961814e-06,0.5842877934262029,0.28649113966818107,-0.0029058215791199172,-0.0064111316384599425,0.030152696358757027
CMP040,Saudi Arabian Oil Company,2222.SR,^TASI.SR,SAR,Saudi Exchange (Tadawul),PRIMARY_DIRECT,Raw Materials & Energy,False,2024-03-12,27.41262435913086,12613.9404296875,0.004702182742827077,0.004636986520321074,6.519622250600321e-05,0.13999150327336873,0.19601168170862704,-0.04315271061992043,2026-02-28,780,ok,6.694219169961814e-06,0.5842877934262029,0.28649113966818107,0.0027160288412754084,0.0019861539015516684,0.032138850260308695
CMP040,Saudi Arabian Oil Company,2222.SR,^TASI.SR,SAR,Saudi Exchange (Tadawul),PRIMARY_DIRECT,Raw Materials & Energy,False,2024-03-13,27.41262435913086,12723.150390625,0.0,0.008657878285239784,-0.008657878285239784,0.13999150327336873,0.20636660527658535,-0.051810588905160215,2026-02-28,780,ok,6.694219169961814e-06,0.5842877934262029,0.28649113966818107,0.005065386818205351,-0.005065386818205351,0.027073463442103343
CMP040,Saudi Arabian Oil Company,2222.SR,^TASI.SR,SAR,Saudi Exchange (Tadawul),PRIMARY_DIRECT,Raw Materials & Energy,False,2024-03-14,27.13605499267578,12728.5302734375,-0.010089124004756478,0.00042284203576370416,-0.010511966040520182,0.128489987632475,0.20687670778783795,-0.0623225549456804,2026-02-28,780,ok,6.694219169961814e-06,0.5842877934262029,0.28649113966818107,0.0002537556592141801,-0.010342879663970657,0.016730583778132684
CMP040,Saudi Arabian Oil Company,2222.SR,^TASI.SR,SAR,Saudi Exchange (Tadawul),PRIMARY_DIRECT,Raw Materials & Energy,False,2024-03-17,27.049219131469727,12762.4296875,-0.0032000178813571534,0.002663262241143549,-0.0058632801225007025,0.12487879949311864,0.21009093695340497,-0.0681858350681811,2026-02-28,780,ok,6.694219169961814e-06,0.5842877934262029,0.28649113966818107,0.0015628058373630498,-0.004762823718720203,0.01196776005941248
CMP040,Saudi Arabian Oil Company,2222.SR,^TASI.SR,SAR,Saudi Exchange (Tadawul),PRIMARY_DIRECT,Raw Materials & Energy,False,2024-03-18,27.00580406188965,12772.4599609375,-0.0016050396637723452,0.0007859219351722402,-0.0023909615989445854,0.12307332440299557,0.21104197396430968,-0.07057679666712569,2026-02-28,780,ok,6.694219169961814e-06,0.5842877934262029,0.28649113966818107,0.0004658988124770013,-0.0020709384762493464,0.009896821583163132
CMP040,Saudi Arabian Oil Company,2222.SR,^TASI.SR,SAR,Saudi Exchange (Tadawul),PRIMARY_DIRECT,Raw Materials & Energy,False,2024-03-19,27.26630973815918,12804.0,0.009646284764287083,0.002469378581648307,0.007176906182638776,0.13390680950136136,0.21403249507629418,-0.06339989048448691,2026-02-28,780,ok,6.694219169961814e-06,0.5842877934262029,0.28649113966818107,0.0014495219817751775,0.008196762782511906,0.018093584365675038
CMP040,Saudi Arabian Oil Company,2222.SR,^TASI.SR,SAR,Saudi Exchange (Tadawul),PRIMARY_DIRECT,Raw Materials & Energy,False,2024-03-20,27.092639923095703,12739.330078125,-0.00636939199808273,-0.005050759284208062,-0.0013186327138746679,0.1266845125423519,0.20790070918045722,-0.06471852319836158,2026-02-28,780,ok,6.694219169961814e-06,0.5842877934262029,0.28649113966818107,-0.002944402778126874,-0.0034249892199558554,0.014668595145719183
CMP040,Saudi Arabian Oil Company,2222.SR,^TASI.SR,SAR,Saudi Exchange (Tadawul),PRIMARY_DIRECT,Raw Materials & Energy,False,2024-03-21,27.092639923095703,12835.650390625,0.0,0.0075608616708497944,-0.0075608616708497944,0.1266845125423519,0.21703347935469197,-0.07227938486921137,2026-02-28,780,ok,6.694219169961814e-06,0.5842877934262029,0.28649113966818107,0.004424413401231541,-0.004424413401231541,0.010244181744487641
CMP040,Saudi Arabian Oil Company,2222.SR,^TASI.SR,SAR,Saudi Exchange (Tadawul),PRIMARY_DIRECT,Raw Materials & Energy,False,2024-03-24,27.092639923095703,12796.08984375,0.0,-0.0030820835462996854,0.0030820835462996854,0.1266845125423519,0.21328248049267695,-0.06919730132291169,2026-02-28,780,ok,6.694219169961814e-06,0.5842877934262029,0.28649113966818107,-0.0017941295752526875,0.0017941295752526875,0.01203831131974033
CMP040,Saudi Arabian Oil Company,2222.SR,^TASI.SR,SAR,Saudi Exchange (Tadawul),PRIMARY_DIRECT,Raw Materials & Energy,False,2024-03-25,26.788715362548828,12656.9404296875,-0.011217975118319456,-0.010874369886552882,-0.000343605231766575,0.11404539371445588,0.20008879802292512,-0.06954090655467826,2026-02-28,780,ok,6.694219169961814e-06,0.5842877934262029,0.28649113966818107,-0.00634706736674437,-0.004870907751575087,0.007167403568165242
CMP040,Saudi Arabian Oil Company,2222.SR,^TASI.SR,SAR,Saudi Exchange (Tadawul),PRIMARY_DIRECT,Raw Materials & Energy,False,2024-03-26,26.788715362548828,12585.5400390625,0.0,-0.005641204604038941,0.005641204604038941,0.11404539371445588,0.19331885157026263,-0.06389970195063932,2026-02-28,780,ok,6.694219169961814e-06,0.5842877934262029,0.28649113966818107,-0.003289392771189687,0.003289392771189687,0.01045679633935493
CMP040,Saudi Arabian Oil Company,2222.SR,^TASI.SR,SAR,Saudi Exchange (Tadawul),PRIMARY_DIRECT,Raw Materials & Energy,False,2024-03-27,26.74529457092285,12607.98046875,-0.001620861285744235,0.0017830327199190865,-0.0034038940056633216,0.11223968066522239,0.19544657812790867,-0.06730359595630264,2026-02-28,780,ok,6.694219169961814e-06,0.5842877934262029,0.28649113966818107,0.0010484984726982056,-0.0026693597584424404,0.00778743658091249
CMP040,Saudi Arabian Oil Company,2222.SR,^TASI.SR,SAR,Saudi Exchange (Tadawul),PRIMARY_DIRECT,Raw Materials & Energy,False,2024-03-28,26.70187759399414,12565.8896484375,-0.0016233501116833526,-0.0033384268334508693,0.0017150767217675167,0.11043412625539584,0.19145566719352947,-0.06558851923453513,2026-02-28,780,ok,6.694219169961814e-06,0.5842877934262029,0.28649113966818107,-0.0019439078288618723,0.00032055771717851966,0.00810799429809101
CMP040,Saudi Arabian Oil Company,2222.SR,^TASI.SR,SAR,Saudi Exchange (Tadawul),PRIMARY_DIRECT,Raw Materials & Energy,False,2024-03-31,26.788715362548828,12401.5595703125,0.003252122186876427,-0.01307747264400283,0.016329594830879257,0.11404539371445566,0.17587443829926386,-0.04925892440365587,2026-02-28,780,ok,6.694219169961814e-06,0.5842877934262029,0.28649113966818107,-0.0076343134155859825,0.01088643560246241,0.01899442990055342
CMP040,Saudi Arabian Oil Company,2222.SR,^TASI.SR,SAR,Saudi Exchange (Tadawul),PRIMARY_DIRECT,Raw Materials & Energy,False,2024-04-01,26.70187759399414,12423.009765625,-0.0032415801720783177,0.0017296369211377005,-0.004971217093216018,0.11043412625539561,0.17790827414236832,-0.054230141496871886,2026-02-28,780,ok,6.694219169961814e-06,0.5842877934262029,0.28649113966818107,0.00101729995925,-0.004258880131328318,0.014735549769225103
CMP040,Saudi Arabian Oil Company,2222.SR,^TASI.SR,SAR,Saudi Exchange (Tadawul),PRIMARY_DIRECT,Raw Materials & Energy,False,2024-04-02,26.571626663208008,12476.58984375,-0.0048779689865490194,0.004312970780499414,-0.009190939767048434,0.10501746302591619,0.1829885581108528,-0.06342108126392032,2026-02-28,780,ok,6.694219169961814e-06,0.5842877934262029,0.28649113966818107,0.0025267103996196526,-0.0074046793861686725,0.00733087038305643
CMP040,Saudi Arabian Oil Company,2222.SR,^TASI.SR,SAR,Saudi Exchange (Tadawul),PRIMARY_DIRECT,Raw Materials & Energy,False,2024-04-03,26.441375732421875,12622.2197265625,-0.00490188020617055,0.011672250561755249,-0.0165741307679258,0.09960079979643655,0.19679669697281232,-0.07999521203184612,2026-02-28,780,ok,6.694219169961814e-06,0.5842877934262029,0.28649113966818107,0.0068266477442156925,-0.011728527950386243,-0.004397657567329813
CMP040,Saudi Arabian Oil Company,2222.SR,^TASI.SR,SAR,Saudi Exchange (Tadawul),PRIMARY_DIRECT,Raw Materials & Energy,False,2024-04-04,26.311119079589844,12705.419921875,-0.004926243405418362,0.006591566072757571,-0.011517809478175933,0.09418389860784648,0.20468546147656674,-0.09151302151002205,2026-02-28,780,ok,6.694219169961814e-06,0.5842877934262029,0.28649113966818107,0.003858065815044505,-0.008784309220462867,-0.01318196678779268
CMP040,Saudi Arabian Oil Company,2222.SR,^TASI.SR,SAR,Saudi Exchange (Tadawul),PRIMARY_DIRECT,Raw Materials & Energy,False,2024-04-14,26.311119079589844,12666.900390625,0.0,-0.003031740114601056,0.003031740114601056,0.09418389860784648,0.20103316823753148,-0.088481281395421,2026-02-28,780,ok,6.694219169961814e-06,0.5842877934262029,0.28649113966818107,-0.0017647145226319925,0.0017647145226319925,-0.011417252265160688
CMP040,Saudi Arabian Oil Company,2222.SR,^TASI.SR,SAR,Saudi Exchange (Tadawul),PRIMARY_DIRECT,Raw Materials & Energy,False,2024-04-15,26.311119079589844,12708.33984375,0.0,0.0032714754081171193,-0.0032714754081171193,0.09418389860784648,0.20496231871175352,-0.09175275680353812,2026-02-28,780,ok,6.694219169961814e-06,0.5842877934262029,0.28649113966818107,0.0019181773666267997,-0.0019181773666267997,-0.013335429631787488
CMP040,Saudi Arabian Oil Company,2222.SR,^TASI.SR,SAR,Saudi Exchange (Tadawul),PRIMARY_DIRECT,Raw Materials & Energy,False,2024-04-16,25.963777542114254,12500.4296875,-0.013201321328252802,-0.01636013506140621,0.0031588137331534094,0.0797392253701239,0.18524897243372407,-0.0885939430703847,2026-02-28,780,ok,6.694219169961814e-06,0.5842877934262029,0.28649113966818107,-0.00955233299601373,-0.003648988332239072,-0.01698441796402656
CMP040,Saudi Arabian Oil Company,2222.SR,^TASI.SR,SAR,Saudi Exchange (Tadawul),PRIMARY_DIRECT,Raw Materials & Energy,False,2024-04-17,26.007192611694336,12465.98046875,0.0016721399461099296,-0.002755842767904859,0.004427982714014789,0.08154470046024698,0.18198261262487603,-0.08416596035636992,2026-02-28,780,ok,6.694219169961814e-06,0.5842877934262029,0.28649113966818107,-0.0016035110707187277,0.0032756510168286575,-0.013708766947197904
CMP040,Saudi Arabian Oil Company,2222.SR,^TASI.SR,SAR,Saudi Exchange (Tadawul),PRIMARY_DIRECT,Raw Materials & Energy,False,2024-04-18,25.963777542114254,12502.349609375,-0.0016693485616959824,0.0029174713305681887,-0.004586819892264171,0.07973922537012368,0.1854310130104393,-0.08875278024863409,2026-02-28,780,ok,6.694219169961814e-06,0.5842877934262029,0.28649113966818107,0.0017113371052918567,-0.003380685666987839,-0.017089452614185742
CMP040,Saudi Arabian Oil Company,2222.SR,^TASI.SR,SAR,Saudi Exchange (Tadawul),PRIMARY_DIRECT,Raw Materials & Energy,False,2024-04-21,26.094030380249023,12518.2197265625,0.005016713685960905,0.0012693707729625192,0.003747342912998386,0.0851559679193068,0.186935764491718,-0.0850054373356357,2026-02-28,780,ok,6.694219169961814e-06,0.5842877934262029,0.28649113966818107,0.0007483720671439456,0.00426834161881696,-0.012821110995368782
CMP040,Saudi Arabian Oil Company,2222.SR,^TASI.SR,SAR,Saudi Exchange (Tadawul),PRIMARY_DIRECT,Raw Materials & Energy,False,2024-04-22,26.180864334106445,12508.9296875,0.0033277325346852127,-0.0007421214250447061,0.004069853959729919,0.08876707673895967,0.18605491403073682,-0.08093558337590578,2026-02-28,780,ok,6.694219169961814e-06,0.5842877934262029,0.28649113966818107,-0.0004269182707237187,0.0037546508054089314,-0.009066460189959852
CMP040,Saudi Arabian Oil Company,2222.SR,^TASI.SR,SAR,Saudi Exchange (Tadawul),PRIMARY_DIRECT,Raw Materials & Energy,False,2024-04-23,26.137449264526367,12484.41015625,-0.0016582748768733113,-0.001960162209121874,0.0003018873322485627,0.0869616016488366,0.1837300540103104,-0.08063369604365722,2026-02-28,780,ok,6.694219169961814e-06,0.5842877934262029,0.28649113966818107,-0.0011386046327552892,-0.0005196702441180221,-0.009586130434077874
CMP040,Saudi Arabian Oil Company,2222.SR,^TASI.SR,SAR,Saudi Exchange (Tadawul),PRIMARY_DIRECT,Raw Materials & Energy,False,2024-04-24,26.137449264526367,12355.6904296875,0.0,-0.010310437173362108,0.010310437173362108,0.0869616016488366,0.1715252796582165,-0.07032325887029511,2026-02-28,780,ok,6.694219169961814e-06,0.5842877934262029,0.28649113966818107,-0.00601756836611328,0.00601756836611328,-0.003568562067964594
CMP040,Saudi Arabian Oil Company,2222.SR,^TASI.SR,SAR,Saudi Exchange (Tadawul),PRIMARY_DIRECT,Raw Materials & Energy,False,2024-04-25,26.137449264526367,12254.5302734375,0.0,-0.00818733334455668,0.00818733334455668,0.0869616016488366,0.16193361167207976,-0.062135925525738434,2026-02-28,780,ok,6.694219169961814e-06,0.5842877934262029,0.28649113966818107,-0.004777064714765834,0.004777064714765834,0.0012085026468012404
CMP040,Saudi Arabian Oil Company,2222.SR,^TASI.SR,SAR,Saudi Exchange (Tadawul),PRIMARY_DIRECT,Raw Materials & Energy,False,2024-04-28,26.137449264526367,12231.5400390625,0.0,-0.0018760600253142634,0.0018760600253142634,0.0869616016488366,0.1597537544711527,-0.06025986550042417,2026-02-28,780,ok,6.694219169961814e-06,0.5842877934262029,0.28649113966818107,-0.0010894647533560154,0.0010894647533560154,0.002297967400157256
CMP040,Saudi Arabian Oil Company,2222.SR,^TASI.SR,SAR,Saudi Exchange (Tadawul),PRIMARY_DIRECT,Raw Materials & Energy,False,2024-04-29,26.137449264526367,12369.4599609375,0.0,0.011275760978138427,-0.011275760978138427,0.0869616016488366,0.17283086060006814,-0.0715356264785626,2026-02-28,780,ok,6.694219169961814e-06,0.5842877934262029,0.28649113966818107,0.006594983720287746,-0.006594983720287746,-0.00429701632013049
CMP040,Saudi Arabian Oil Company,2222.SR,^TASI.SR,SAR,Saudi Exchange (Tadawul),PRIMARY_DIRECT,Raw Materials & Energy,False,2024-04-30,26.137449264526367,12394.91015625,0.0,0.0020575025419760085,-0.0020575025419760085,0.0869616016488366,0.17524396307706058,-0.0735931290205386,2026-02-28,780,ok,6.694219169961814e-06,0.5842877934262029,0.28649113966818107,0.001208867839389927,-0.001208867839389927,-0.005505884159520417
CMP040,Saudi Arabian Oil Company,2222.SR,^TASI.SR,SAR,Saudi Exchange (Tadawul),PRIMARY_DIRECT,Raw Materials & Energy,False,2024-05-01,26.094030380249023,12345.650390625,-0.0016611752676368718,-0.0039741930360149835,0.0023130177683781117,0.08515596791930657,0.17057331670338116,-0.0712801112521605,2026-02-28,780,ok,6.694219169961814e-06,0.5842877934262029,0.28649113966818107,-0.0023153782604930146,0.0006542029928561428,-0.0048516811666642744
CMP040,Saudi Arabian Oil Company,2222.SR,^TASI.SR,SAR,Saudi Exchange (Tadawul),PRIMARY_DIRECT,Raw Materials & Energy,False,2024-05-02,26.007192611694336,12352.330078125,-0.0033278787251055375,0.0005410559418621563,-0.003868934666967694,0.08154470046024653,0.17120666235176873,-0.07514904591912819,2026-02-28,780,ok,6.694219169961814e-06,0.5842877934262029,0.28649113966818107,0.00032282660156073706,-0.0036507053266662745,-0.008502386493330549
CMP040,Saudi Arabian Oil Company,2222.SR,^TASI.SR,SAR,Saudi Exchange (Tadawul),PRIMARY_DIRECT,Raw Materials & Energy,False,2024-05-05,26.050615310668945,12373.1103515625,0.0016696419187929301,0.0016822958345568129,-1.265391576388275e-05,0.08335049282918328,0.17317697844124824,-0.07516169983489207,2026-02-28,780,ok,6.694219169961814e-06,0.5842877934262029,0.28649113966818107,0.0009896391402332543,0.0006800027785596758,-0.007822383714770873
CMP040,Saudi Arabian Oil Company,2222.SR,^TASI.SR,SAR,Saudi Exchange (Tadawul),PRIMARY_DIRECT,Raw Materials & Energy,False,2024-05-06,26.007192611694336,12372.5,-0.0016668588613654167,-4.932887084641013e-05,-0.0016175299905190066,0.08154470046024631,0.17311910694559862,-0.07677922982541108,2026-02-28,780,ok,6.694219169961814e-06,0.5842877934262029,0.28649113966818107,-2.2128037929093313e-05,-0.0016447308234363233,-0.009467114538207196
CMP040,Saudi Arabian Oil Company,2222.SR,^TASI.SR,SAR,Saudi Exchange (Tadawul),PRIMARY_DIRECT,Raw Materials & Energy,False,2024-05-07,26.007192611694336,12357.990234375,0.0,-0.0011727432309557306,0.0011727432309557306,0.08154470046024631,0.17174333945382325,-0.07560648659445535,2026-02-28,780,ok,6.694219169961814e-06,0.5842877934262029,0.28649113966818107,-0.0006785253355006778,0.0006785253355006778,-0.008788589202706518
CMP040,Saudi Arabian Oil Company,2222.SR,^TASI.SR,SAR,Saudi Exchange (Tadawul),PRIMARY_DIRECT,Raw Materials & Energy,False,2024-05-08,26.007192611694336,12460.1103515625,0.0,0.008263489066647978,-0.008263489066647978,0.08154470046024631,0.1814260277283175,-0.08386997566110332,2026-02-28,780,ok,6.694219169961814e-06,0.5842877934262029,0.28649113966818107,0.004834950011923261,-0.004834950011923261,-0.01362353921462978
CMP040,Saudi Arabian Oil Company,2222.SR,^TASI.SR,SAR,Saudi Exchange (Tadawul),PRIMARY_DIRECT,Raw Materials & Energy,False,2024-05-09,25.92036437988281,12284.41015625,-0.0033386237841174227,-0.01410101438551603,0.010762390601398608,0.07793382959970363,0.1647667223158975,-0.07310758505970472,2026-02-28,780,ok,6.694219169961814e-06,0.5842877934262029,0.28649113966818107,-0.008232356361214345,0.004893732577096922,-0.008729806637532858
CMP040,Saudi Arabian Oil Company,2222.SR,^TASI.SR,SAR,Saudi Exchange (Tadawul),PRIMARY_DIRECT,Raw Materials & Energy,False,2024-05-12,26.007192611694336,12217.0498046875,0.0033498075312135,-0.005483401376681352,0.008833208907894852,0.08154470046024653,0.15837983886723794,-0.06427437615180986,2026-02-28,780,ok,6.694219169961814e-06,0.5842877934262029,0.28649113966818107,-0.003197190271681388,0.006546997802894888,-0.0021828088346379695
CMP040,Saudi Arabian Oil Company,2222.SR,^TASI.SR,SAR,Saudi Exchange (Tadawul),PRIMARY_DIRECT,Raw Materials & Energy,False,2024-05-13,26.007192611694336,12259.599609375,0.0,0.003482821578673967,-0.003482821578673967,0.08154470046024653,0.16241426916634571,-0.06775719773048383,2026-02-28,780,ok,6.694219169961814e-06,0.5842877934262029,0.28649113966818107,0.0020416643542705386,-0.0020416643542705386,-0.004224473188908508
CMP040,Saudi Arabian Oil Company,2222.SR,^TASI.SR,SAR,Saudi Exchange (Tadawul),PRIMARY_DIRECT,Raw Materials & Energy,False,2024-05-14,25.87693977355957,12120.91015625,-0.005008339042184673,-0.011312722890145843,0.00630438384796117,0.07612795791106364,0.1492641986557155,-0.06145281388252266,2026-02-28,780,ok,6.694219169961814e-06,0.5842877934262029,0.28649113966818107,-0.006603191675955449,0.0015948526337707762,-0.002629620555137732
CMP040,Saudi Arabian Oil Company,2222.SR,^TASI.SR,SAR,Saudi Exchange (Tadawul),PRIMARY_DIRECT,Raw Materials & Energy,False,2024-05-15,25.860614776611328,12103.2001953125,-0.0006308704619285566,-0.0014611081766304768,0.0008302377147019202,0.07544906056916201,0.147584999337951,-0.06062257616782074,2026-02-28,780,ok,6.694219169961814e-06,0.5842877934262029,0.28649113966818107,-0.0008470134533104421,0.00021614299138188555,-0.0024134775637558465
CMP040,Saudi Arabian Oil Company,2222.SR,^TASI.SR,SAR,Saudi Exchange (Tadawul),PRIMARY_DIRECT,Raw Materials & Energy,False,2024-05-16,26.25779151916504,12198.4404296875,0.015358364291978122,0.00786901256180883,0.007489351730169291,0.09196619901884895,0.15661536011348476,-0.05313322443765145,2026-02-28,780,ok,6.694219169961814e-06,0.5842877934262029,0.28649113966818107,0.004604462205352314,0.010753902086625806,0.00834042452286996
CMP040,Saudi Arabian Oil Company,2222.SR,^TASI.SR,SAR,Saudi Exchange (Tadawul),PRIMARY_DIRECT,Raw Materials & Energy,False,2024-05-19,26.25779151916504,12198.3798828125,0.0,-4.96349310785682e-06,4.96349310785682e-06,0.09196619901884895,0.15660961926111638,-0.05312826094454359,2026-02-28,780,ok,6.694219169961814e-06,0.5842877934262029,0.28649113966818107,3.7941107342859867e-06,-3.7941107342859867e-06,0.008336630412135674
CMP040,Saudi Arabian Oil Company,2222.SR,^TASI.SR,SAR,Saudi Exchange (Tadawul),PRIMARY_DIRECT,Raw Materials & Energy,False,2024-05-20,26.390186309814453,12125.3603515625,0.005042114473061465,-0.00598600239962066,0.011028116872682125,0.09747201759501589,0.1496861513047949,-0.04210014407186147,2026-02-28,780,ok,6.694219169961814e-06,0.5842877934262029,0.28649113966818107,-0.003490853914348349,0.008532968387409814,0.01686959879954549
CMP040,Saudi Arabian Oil Company,2222.SR,^TASI.SR,SAR,Saudi Exchange (Tadawul),PRIMARY_DIRECT,Raw Materials & Energy,False,2024-05-21,26.43431282043457,12122.48046875,0.0016720802991718742,-0.000237509049545781,0.0019095893487176552,0.09930707893452895,0.14941309043972262,-0.04019055472314381,2026-02-28,780,ok,6.694219169961814e-06,0.5842877934262029,0.28649113966818107,-0.00013207941930789725,0.0018041597184797714,0.01867375851802526
CMP040,Saudi Arabian Oil Company,2222.SR,^TASI.SR,SAR,Saudi Exchange (Tadawul),PRIMARY_DIRECT,Raw Materials & Energy,False,2024-05-22,26.522573471069336,12157.0302734375,0.0033388668445557546,0.0028500606601564726,0.0004888061843992819,0.10297751889236895,0.15268898747105375,-0.03970174853874453,2026-02-28,780,ok,6.694219169961814e-06,0.5842877934262029,0.28649113966818107,0.001671949873423614,0.0016669169711321405,0.0203406754891574
CMP040,Saudi Arabian Oil Company,2222.SR,^TASI.SR,SAR,Saudi Exchange (Tadawul),PRIMARY_DIRECT,Raw Materials & Energy,False,2024-05-23,26.43431282043457,11995.990234375,-0.003327755910678909,-0.013246659376539016,0.009918903465860107,0.09930707893452895,0.13741970908693713,-0.029782845072884423,2026-02-28,780,ok,6.694219169961814e-06,0.5842877934262029,0.28649113966818107,-0.0077331671582165406,0.004405411247537632,0.024746086736695032
CMP040,Saudi Arabian Oil Company,2222.SR,^TASI.SR,SAR,Saudi Exchange (Tadawul),PRIMARY_DIRECT,Raw Materials & Energy,False,2024-05-26,25.99300765991211,11850.6396484375,-0.01669440637705244,-0.012116597554488795,-0.004577808822563645,0.08095479982562548,0.12363805222138691,-0.03436065389544807,2026-02-28,780,ok,6.694219169961814e-06,0.5842877934262029,0.28649113966818107,-0.0070728858297756225,-0.009621520547276817,0.015124566189418214
CMP040,Saudi Arabian Oil Company,2222.SR,^TASI.SR,SAR,Saudi Exchange (Tadawul),PRIMARY_DIRECT,Raw Materials & Energy,False,2024-05-27,26.03713798522949,11831.2197265625,0.0016977767980825842,-0.0016387235162922398,0.003336500314374824,0.08279001980454548,0.12179672012141096,-0.031024153581073244,2026-02-28,780,ok,6.694219169961814e-06,0.5842877934262029,0.28649113966818107,-0.0009507919282000591,0.0026485687262826434,0.01777313491570086
CMP040,Saudi Arabian Oil Company,2222.SR,^TASI.SR,SAR,Saudi Exchange (Tadawul),PRIMARY_DIRECT,Raw Materials & Energy,False,2024-05-28,25.816484451293945,11659.9404296875,-0.008474569442337265,-0.014476892563364152,0.006002323121026887,0.07361384059024201,0.10555658952627911,-0.025021830460046357,2026-02-28,780,ok,6.694219169961814e-06,0.5842877934262029,0.28649113966818107,-0.008451977392346285,-2.2592049990980204e-05,0.01775054286570988
CMP040,Saudi Arabian Oil Company,2222.SR,^TASI.SR,SAR,Saudi Exchange (Tadawul),PRIMARY_DIRECT,Raw Materials & Energy,False,2024-05-29,25.63995933532715,11696.509765625,-0.006837689937986502,0.0031363227074805433,-0.009974012645467045,0.06627280203515507,0.10902397176241507,-0.0349958431055134,2026-02-28,780,ok,6.694219169961814e-06,0.5842877934262029,0.28649113966818107,0.0018392092933962626,-0.008676899231382765,0.009073643634327114
CMP040,Saudi Arabian Oil Company,2222.SR,^TASI.SR,SAR,Saudi Exchange (Tadawul),PRIMARY_DIRECT,Raw Materials & Energy,False,2024-05-30,25.63995933532715,11503.490234375,0.0,-0.016502318650412073,0.016502318650412073,0.06627280203515507,0.09072250478944599,-0.01849352445510133,2026-02-28,780,ok,6.694219169961814e-06,0.5842877934262029,0.28649113966818107,-0.009635409131495383,0.009635409131495383,0.0187090527658225
CMP040,Saudi Arabian Oil Company,2222.SR,^TASI.SR,SAR,Saudi Exchange (Tadawul),PRIMARY_DIRECT,Raw Materials & Energy,False,2024-06-02,25.63995933532715,11625.099609375,0.0,0.010571519818967978,-0.010571519818967978,0.06627280203515507,0.10225309936582194,-0.029065044274069307,2026-02-28,780,ok,6.694219169961814e-06,0.5842877934262029,0.28649113966818107,0.0061835042073561325,-0.0061835042073561325,0.012525548558466368
CMP040,Saudi Arabian Oil Company,2222.SR,^TASI.SR,SAR,Saudi Exchange (Tadawul),PRIMARY_DIRECT,Raw Materials & Energy,False,2024-06-03,25.507570266723636,11808.25,-0.0051633883998054575,0.015754737316598932,-0.02091812571640439,0.06076722141809876,0.11961880740273756,-0.0499831699904737,2026-02-28,780,ok,6.694219169961814e-06,0.5842877934262029,0.28649113966818107,0.009211994921895008,-0.014375383321700465,-0.0018498347632340973
CMP040,Saudi Arabian Oil Company,2222.SR,^TASI.SR,SAR,Saudi Exchange (Tadawul),PRIMARY_DIRECT,Raw Materials & Energy,False,2024-06-04,24.88973999023437,11612.0302734375,-0.024221447594923062,-0.01661717244828831,-0.007604275146634754,0.03507390375410813,0.10101390860377935,-0.05758744513710845,2026-02-28,780,ok,6.694219169961814e-06,0.5842877934262029,0.28649113966818107,-0.009702516803623107,-0.014518930791299955,-0.01636876555453405
CMP040,Saudi Arabian Oil Company,2222.SR,^TASI.SR,SAR,Saudi Exchange (Tadawul),PRIMARY_DIRECT,Raw Materials & Energy,False,2024-06-05,24.88973999023437,11553.16015625,0.0,-0.005069752300092212,0.005069752300092212,0.03507390375410813,0.09543204080820189,-0.05251769283701624,2026-02-28,780,ok,6.694219169961814e-06,0.5842877934262029,0.28649113966818107,-0.0029555001654683333,0.0029555001654683333,-0.013413265389065718
CMP040,Saudi Arabian Oil Company,2222.SR,^TASI.SR,SAR,Saudi Exchange (Tadawul),PRIMARY_DIRECT,Raw Materials & Energy,False,2024-06-06,24.977998733520508,11560.3896484375,0.0035459889625510943,0.000625758847772051,0.0029202301147790433,0.038744264392244876,0.09611751709987071,-0.049597462722237196,2026-02-28,780,ok,6.694219169961814e-06,0.5842877934262029,0.28649113966818107,0.0003723174755516167,0.0031736714869994775,-0.01023959390206624
CMP040,Saudi Arabian Oil Company,2222.SR,^TASI.SR,SAR,Saudi Exchange (Tadawul),PRIMARY_DIRECT,Raw Materials & Energy,False,2024-06-09,25.24278450012207,11855.1103515625,0.010600759869773713,0.02549401119579353,-0.014893251326019818,0.04975574290517182,0.12406194935272019,-0.06449071404825701,2026-02-28,780,ok,6.694219169961814e-06,0.5842877934262029,0.28649113966818107,0.014902533766343075,-0.004301773896569362,-0.014541367798635602
CMP040,Saudi Arabian Oil Company,2222.SR,^TASI.SR,SAR,Saudi Exchange (Tadawul),PRIMARY_DIRECT,Raw Materials & Energy,False,2024-06-10,25.02213287353516,11853.8203125,-0.008741176179903776,-0.0001088171281619088,-0.008632359051741867,0.04057964301057204,0.12393963215951564,-0.07312307309999888,2026-02-28,780,ok,6.694219169961814e-06,0.5842877934262029,0.28649113966818107,-5.68863005307362e-05,-0.00868428987937304,-0.02322565767800864
CMP040,Saudi Arabian Oil Company,2222.SR,^TASI.SR,SAR,Saudi Exchange (Tadawul),PRIMARY_DIRECT,Raw Materials & Energy,False,2024-06-11,24.88973999023437,11775.4697265625,-0.005291031103140442,-0.006609732885429209,0.001318701782288767,0.03507390375410835,0.11651069141159365,-0.07180437131771011,2026-02-28,780,ok,6.694219169961814e-06,0.5842877934262029,0.28649113966818107,-0.0038552920235940796,-0.0014357390795463627,-0.024661396757555
CMP040,Saudi Arabian Oil Company,2222.SR,^TASI.SR,SAR,Saudi Exchange (Tadawul),PRIMARY_DIRECT,Raw Materials & Energy,False,2024-06-12,24.977998733520508,11651.8095703125,0.0035459889625510943,-0.010501505173169723,0.014047494135720817,0.0387442643922451,0.10478564860983552,-0.0577568771819893,2026-02-28,780,ok,6.694219169961814e-06,0.5842877934262029,0.28649113966818107,-0.00612920706611523,0.009675196028666323,-0.014986200728888677
CMP040,Saudi Arabian Oil Company,2222.SR,^TASI.SR,SAR,Saudi Exchange (Tadawul),PRIMARY_DIRECT,Raw Materials & Energy,False,2024-06-13,24.44843101501465,11498.9296875,-0.021201367017253392,-0.01312069871121313,-0.008080668306040262,0.016721466005798158,0.09029008897395374,-0.06583754548802956,2026-02-28,780,ok,6.694219169961814e-06,0.5842877934262029,0.28649113966818107,-0.007659569879014782,-0.01354179713823861,-0.028527997867127286
CMP040,Saudi Arabian Oil Company,2222.SR,^TASI.SR,SAR,Saudi Exchange (Tadawul),PRIMARY_DIRECT,Raw Materials & Energy,False,2024-06-23,24.801477432250977,11729.9697265625,0.014440452928022651,0.020092308183574215,-0.005651855255551563,0.0314033844765651,0.11219653345111502,-0.07148940074358112,2026-02-28,780,ok,6.694219169961814e-06,0.5842877934262029,0.28649113966818107,0.011746384632589778,0.0026940682954328735,-0.025833929571694413
CMP040,Saudi Arabian Oil Company,2222.SR,^TASI.SR,SAR,Saudi Exchange (Tadawul),PRIMARY_DIRECT,Raw Materials & Energy,False,2024-06-24,24.71321678161621,11697.0400390625,-0.003558685198325917,-0.002807312232480097,-0.0007513729658458201,0.0277329445187251,0.1090742505178357,-0.07224077370942694,2026-02-28,780,ok,6.694219169961814e-06,0.5842877934262029,0.28649113966818107,-0.0016335840506042215,-0.0019251011477216956,-0.027759030719416107
CMP040,Saudi Arabian Oil Company,2222.SR,^TASI.SR,SAR,Saudi Exchange (Tadawul),PRIMARY_DIRECT,Raw Materials & Energy,False,2024-06-25,24.404298782348636,11730.76953125,-0.012500112874717861,0.002883592094654608,-0.01538370496937247,0.014886166707174908,0.11227236825901388,-0.08762447867879941,2026-02-28,780,ok,6.694219169961814e-06,0.5842877934262029,0.28649113966818107,0.0016915418812969449,-0.014191654756014806,-0.04195068547543091
CMP040,Saudi Arabian Oil Company,2222.SR,^TASI.SR,SAR,Saudi Exchange (Tadawul),PRIMARY_DIRECT,Raw Materials & Energy,False,2024-06-26,24.44843101501465,11656.349609375,0.0018083794605043835,-0.006343993177664098,0.008152372638168481,0.016721466005798158,0.10521611994307434,-0.07947210604063093,2026-02-28,780,ok,6.694219169961814e-06,0.5842877934262029,0.28649113966818107,-0.003700023556118279,0.005508403016622662,-0.03644228245880825
CMP040,Saudi Arabian Oil Company,2222.SR,^TASI.SR,SAR,Saudi Exchange (Tadawul),PRIMARY_DIRECT,Raw Materials & Energy,False,2024-06-27,24.44843101501465,11729.6201171875,0.0,0.006285887972472093,-0.006285887972472093,0.016721466005798158,0.1121633846584067,-0.08575799401310302,2026-02-28,780,ok,6.694219169961814e-06,0.5842877934262029,0.28649113966818107,0.003679461832329989,-0.003679461832329989,-0.04012174429113824
CMP040,Saudi Arabian Oil Company,2222.SR,^TASI.SR,SAR,Saudi Exchange (Tadawul),PRIMARY_DIRECT,Raw Materials & Energy,False,2024-06-30,24.44843101501465,11679.5,0.0,-0.004272953146543856,0.004272953146543856,0.016721466005798158,0.1074111626244596,-0.08148504086655917,2026-02-28,780,ok,6.694219169961814e-06,0.5842877934262029,0.28649113966818107,-0.002489940146237698,0.002489940146237698,-0.03763180414490054
CMP040,Saudi Arabian Oil Company,2222.SR,^TASI.SR,SAR,Saudi Exchange (Tadawul),PRIMARY_DIRECT,Raw Materials & Energy,False,2024-07-01,24.71321678161621,11658.5302734375,0.010830378703604593,-0.0017954301607517875,0.01262580886435638,0.0277329445187251,0.10542288322273041,-0.06885923200220279,2026-02-28,780,ok,6.694219169961814e-06,0.5842877934262029,0.28649113966818107,-0.0010423537077065529,0.011872732411311145,-0.025759071733589396
CMP040,Saudi Arabian Oil Company,2222.SR,^TASI.SR,SAR,Saudi Exchange (Tadawul),PRIMARY_DIRECT,Raw Materials & Energy,False,2024-07-02,24.757343292236328,11606.08984375,0.0017855429752449137,-0.00449803092307266,0.006283573898317574,0.029568005858238378,0.10045065691092248,-0.06257565810388521,2026-02-28,780,ok,6.694219169961814e-06,0.5842877934262029,0.28649113966818107,-0.002621450343634989,0.004406993318879903,-0.021352078414709492
CMP040,Saudi Arabian Oil Company,2222.SR,^TASI.SR,SAR,Saudi Exchange (Tadawul),PRIMARY_DIRECT,Raw Materials & Energy,False,2024-07-03,24.58082389831543,11595.2001953125,-0.007129981268073071,-0.0009382702171105706,-0.006191711050962501,0.02222720526226185,0.09941813683414313,-0.06876736915484771,2026-02-28,780,ok,6.694219169961814e-06,0.5842877934262029,0.28649113966818107,-0.0005415256156230977,-0.006588455652449973,-0.027940534067159465
CMP040,Saudi Arabian Oil Company,2222.SR,^TASI.SR,SAR,Saudi Exchange (Tadawul),PRIMARY_DIRECT,Raw Materials & Energy,False,2024-07-04,24.88973999023437,11658.66015625,0.012567361175396252,0.005472950864889192,0.00709441031050706,0.03507390375410857,0.10543519827700432,-0.06167295884434065,2026-02-28,780,ok,6.694219169961814e-06,0.5842877934262029,0.28649113966818107,0.0032044726035460967,0.009362888571850156,-0.01857764549530931
CMP040,Saudi Arabian Oil Company,2222.SR,^TASI.SR,SAR,Saudi Exchange (Tadawul),PRIMARY_DIRECT,Raw Materials & Energy,False,2024-07-07,24.84560775756836,11688.6103515625,-0.0017731094291594252,0.002568922578676025,-0.00434203200783545,0.03323860445548532,0.1082749757171213,-0.0660149908521761,2026-02-28,780,ok,6.694219169961814e-06,0.5842877934262029,0.28649113966818107,0.0015076843241473273,-0.0032807937533067526,-0.021858439248616066
CMP040,Saudi Arabian Oil Company,2222.SR,^TASI.SR,SAR,Saudi Exchange (Tadawul),PRIMARY_DIRECT,Raw Materials & Energy,False,2024-07-08,24.93386650085449,11718.169921875,0.003552287557113454,0.0025289208403245222,0.0010233667167889315,0.03690896509362185,0.11107771540002243,-0.06499162413538717,2026-02-28,780,ok,6.694219169961814e-06,0.5842877934262029,0.28649113966818107,0.0014843117967127154,0.0020679757604007386,-0.019790463488215327
CMP040,Saudi Arabian Oil Company,2222.SR,^TASI.SR,SAR,Saudi Exchange (Tadawul),PRIMARY_DIRECT,Raw Materials & Energy,False,2024-07-09,24.84560775756836,11779.830078125,-0.0035397134769733496,0.005261927132059752,-0.008801640609033101,0.03323860445548554,0.11692412537651276,-0.07379326474442027,2026-02-28,780,ok,6.694219169961814e-06,0.5842877934262029,0.28649113966818107,0.003081174012330622,-0.006620887489303971,-0.026411350977519298
CMP040,Saudi Arabian Oil Company,2222.SR,^TASI.SR,SAR,Saudi Exchange (Tadawul),PRIMARY_DIRECT,Raw Materials & Energy,False,2024-07-10,24.801477432250977,11784.08984375,-0.0017761821625772445,0.0003616152013015128,-0.0021377973638787573,0.03140338447656554,0.11732802211894922,-0.07593106210829903,2026-02-28,780,ok,6.694219169961814e-06,0.5842877934262029,0.28649113966818107,0.0002179815672077949,-0.0019941637297850394,-0.028405514707304336
CMP040,Saudi Arabian Oil Company,2222.SR,^TASI.SR,SAR,Saudi Exchange (Tadawul),PRIMARY_DIRECT,Raw Materials & Energy,False,2024-07-11,24.84560775756836,11792.41015625,0.001779342599163014,0.0007060632268016676,0.0010732793723613465,0.03323860445548554,0.11811692634764248,-0.07485778273593768,2026-02-28,780,ok,6.694219169961814e-06,0.5842877934262029,0.28649113966818107,0.0004192383439772928,0.0013601042551857213,-0.027045410452118616
CMP040,Saudi Arabian Oil Company,2222.SR,^TASI.SR,SAR,Saudi Exchange (Tadawul),PRIMARY_DIRECT,Raw Materials & Energy,False,2024-07-14,24.801477432250977,11881.5498046875,-0.0017761821625772445,0.007559069541883012,-0.009335251704460257,0.03140338447656554,0.12656884994986073,-0.08419303444039794,2026-02-28,780,ok,6.694219169961814e-06,0.5842877934262029,0.28649113966818107,0.004423366282152005,-0.006199548444729249,-0.033244958896847865
CMP040,Saudi Arabian Oil Company,2222.SR,^TASI.SR,SAR,Saudi Exchange (Tadawul),PRIMARY_DIRECT,Raw Materials & Energy,False,2024-07-15,24.801477432250977,11947.7001953125,0.0,0.005567488392709707,-0.005567488392709707,0.03140338447656554,0.13284100894554496,-0.08976052283310765,2026-02-28,780,ok,6.694219169961814e-06,0.5842877934262029,0.28649113966818107,0.0032597097270723138,-0.0032597097270723138,-0.036504668623920176
CMP040,Saudi Arabian Oil Company,2222.SR,^TASI.SR,SAR,Saudi Exchange (Tadawul),PRIMARY_DIRECT,Raw Materials & Energy,False,2024-07-16,24.93386650085449,12080.3701171875,0.005337950892851273,0.01110422254544452,-0.005766271652593247,0.03690896509362207,0.14542032761748214,-0.0955267944857009,2026-02-28,780,ok,6.694219169961814e-06,0.5842877934262029,0.28649113966818107,0.006494755907961234,-0.0011568050151099605,-0.037661473639030135
CMP040,Saudi Arabian Oil Company,2222.SR,^TASI.SR,SAR,Saudi Exchange (Tadawul),PRIMARY_DIRECT,Raw Materials & Energy,False,2024-07-17,25.02213287353516,12157.6103515625,0.0035400194621899583,0.006393863236450414,-0.002853843774260456,0.04057964301057271,0.15274398854051863,-0.09838063825996135,2026-02-28,780,ok,6.694219169961814e-06,0.5842877934262029,0.28649113966818107,0.0037425504610644946,-0.00020253099887453628,-0.03786400463790467
CMP040,Saudi Arabian Oil Company,2222.SR,^TASI.SR,SAR,Saudi Exchange (Tadawul),PRIMARY_DIRECT,Raw Materials & Energy,False,2024-07-18,25.110395431518555,12188.3203125,0.003527379477580306,0.0025259866083431337,0.001001392869237172,0.04425016228811596,0.15565580441841997,-0.09737924539072418,2026-02-28,780,ok,6.694219169961814e-06,0.5842877934262029,0.28649113966818107,0.0014825973607829094,0.0020447821167973966,-0.03581922252110728
CMP040,Saudi Arabian Oil Company,2222.SR,^TASI.SR,SAR,Saudi Exchange (Tadawul),PRIMARY_DIRECT,Raw Materials & Energy,False,2024-07-21,25.154523849487305,12202.9296875,0.0017573764654204016,0.0011986372712093907,0.0005587391942110109,0.046085302947332485,0.1570410165382854,-0.09682050619651317,2026-02-28,780,ok,6.694219169961814e-06,0.5842877934262029,0.28649113966818107,0.0007070433454833018,0.0010503331199370998,-0.03476888940117018
CMP040,Saudi Arabian Oil Company,2222.SR,^TASI.SR,SAR,Saudi Exchange (Tadawul),PRIMARY_DIRECT,Raw Materials & Energy,False,2024-07-22,25.06626510620117,12174.759765625,-0.003508662847853339,-0.002308455641095386,-0.0012002072067579528,0.042414942309195736,0.15437003867667887,-0.09802071340327112,2026-02-28,780,ok,6.694219169961814e-06,0.5842877934262029,0.28649113966818107,-0.0013421082335879318,-0.002166554614265407,-0.03693544401543558
CMP040,Saudi Arabian Oil Company,2222.SR,^TASI.SR,SAR,Saudi Exchange (Tadawul),PRIMARY_DIRECT,Raw Materials & Energy,False,2024-07-23,24.801477432250977,12105.5400390625,-0.010563507280735074,-0.0056855106708503245,-0.004877996609884749,0.03140338447656554,0.14780685550367267,-0.10289871001315587,2026-02-28,780,ok,6.694219169961814e-06,0.5842877934262029,0.28649113966818107,-0.0033152802652023044,-0.007248227015532769,-0.04418367103096835
CMP040,Saudi Arabian Oil Company,2222.SR,^TASI.SR,SAR,Saudi Exchange (Tadawul),PRIMARY_DIRECT,Raw Materials & Energy,False,2024-07-24,24.71321678161621,12101.2099609375,-0.003558685198325917,-0.00035769392451945325,-0.003200991273806464,0.027732944518725544,0.1473962919649372,-0.10609970128696233,2026-02-28,780,ok,6.694219169961814e-06,0.5842877934262029,0.28649113966818107,-0.00020230197470946828,-0.003356383223616449,-0.047540054254584796
CMP040,Saudi Arabian Oil Company,2222.SR,^TASI.SR,SAR,Saudi Exchange (Tadawul),PRIMARY_DIRECT,Raw Materials & Energy,False,2024-07-25,24.71321678161621,12026.2099609375,0.0,-0.0061977273547106915,0.0061977273547106915,0.027732944518725544,0.14028504257953256,-0.09990197393225164,2026-02-28,780,ok,6.694219169961814e-06,0.5842877934262029,0.28649113966818107,-0.003614562221171165,0.003614562221171165,-0.04392549203341363
CMP040,Saudi Arabian Oil Company,2222.SR,^TASI.SR,SAR,Saudi Exchange (Tadawul),PRIMARY_DIRECT,Raw Materials & Energy,False,2024-07-29,24.62495422363281,12121.400390625,-0.0035714718469616047,0.007915247613062615,-0.01148671946002422,0.024062425241182073,0.1493106810410212,-0.11138869339227586,2026-02-28,780,ok,6.694219169961814e-06,0.5842877934262029,0.28649113966818107,0.004631476781428336,-0.00820294862838994,-0.05212844066180357
CMP040,Saudi Arabian Oil Company,2222.SR,^TASI.SR,SAR,Saudi Exchange (Tadawul),PRIMARY_DIRECT,Raw Materials & Energy,False,2024-07-30,24.404298782348636,12064.650390625,-0.008960643714513328,-0.004681802281186198,-0.00427884143332713,0.014886166707175352,0.14392983567273165,-0.11566753482560299,2026-02-28,780,ok,6.694219169961814e-06,0.5842877934262029,0.28649113966818107,-0.0027288257049620846,-0.0062318180095512436,-0.05836025867135481
CMP040,Saudi Arabian Oil Company,2222.SR,^TASI.SR,SAR,Saudi Exchange (Tadawul),PRIMARY_DIRECT,Raw Materials & Energy,False,2024-07-31,24.360170364379883,12109.51953125,-0.0018082231479918942,0.003719058503333539,-0.005527281651325433,0.013051026047958603,0.14818417765530723,-0.12119481647692842,2026-02-28,780,ok,6.694219169961814e-06,0.5842877934262029,0.28649113966818107,0.0021796947057056717,-0.003987917853697566,-0.062348176525052375
CMP040,Saudi Arabian Oil Company,2222.SR,^TASI.SR,SAR,Saudi Exchange (Tadawul),PRIMARY_DIRECT,Raw Materials & Energy,False,2024-08-01,24.27190971374512,12045.7802734375,-0.003623154079571589,-0.0052635662090484425,0.0016404121294768537,0.009380586090118825,0.14214063421603673,-0.11955440434745157,2026-02-28,780,ok,6.694219169961814e-06,0.5842877934262029,0.28649113966818107,-0.0030687432666676763,-0.0005544108129039126,-0.06290258733795628
CMP040,Saudi Arabian Oil Company,2222.SR,^TASI.SR,SAR,Saudi Exchange (Tadawul),PRIMARY_DIRECT,Raw Materials & Energy,False,2024-08-04,23.96299171447754,11754.3701171875,-0.012727387457800332,-0.024191887087015584,0.011464499629215252,-0.0034661917214316995,0.11451009695559011,-0.10808990471823632,2026-02-28,780,ok,6.694219169961814e-06,0.5842877934262029,0.28649113966818107,-0.014128330105718224,0.0014009426479178917,-0.061501644690038396
CMP040,Saudi Arabian Oil Company,2222.SR,^TASI.SR,SAR,Saudi Exchange (Tadawul),PRIMARY_DIRECT,Raw Materials & Energy,False,2024-08-05,23.654077529907227,11504.4599609375,-0.012891302899532331,-0.021261041957882143,0.008369739058349812,-0.01631281089357517,0.09081445102173391,-0.0997201656598865,2026-02-28,780,ok,6.694219169961814e-06,0.5842877934262029,0.28649113966818107,-0.012415873072342912,-0.00047542982718941883,-0.061977074517227816
CMP040,Saudi Arabian Oil Company,2222.SR,^TASI.SR,SAR,Saudi Exchange (Tadawul),PRIMARY_DIRECT,Raw Materials & Energy,False,2024-08-06,24.007125854492188,11679.16015625,0.014925474229066094,0.015185432076401773,-0.00025995784733567895,-0.0016308131031047557,0.10737893977568191,-0.09998012350722218,2026-02-28,780,ok,6.694219169961814e-06,0.5842877934262029,0.28649113966818107,0.008879356819314234,0.006046117409751859,-0.055930957107475955
CMP040,Saudi Arabian Oil Company,2222.SR,^TASI.SR,SAR,Saudi Exchange (Tadawul),PRIMARY_DIRECT,Raw Materials & Energy,False,2024-08-07,24.492563247680664,11729.7099609375,0.02022055435251713,0.004328205454092515,0.015892348898424613,0.018556765304422296,0.1121719033425661,-0.08408777460879757,2026-02-28,780,ok,6.694219169961814e-06,0.5842877934262029,0.28649113966818107,0.002535611833436934,0.017684942519080194,-0.03824601458839576
CMP040,Saudi Arabian Oil Company,2222.SR,^TASI.SR,SAR,Saudi Exchange (Tadawul),PRIMARY_DIRECT,Raw Materials & Energy,False,2024-08-08,24.492563247680664,11667.1201171875,0.0,-0.005336009497117766,0.005336009497117766,0.018556765304422296,0.10623734350390257,-0.0787517651116798,2026-02-28,780,ok,6.694219169961814e-06,0.5842877934262029,0.28649113966818107,-0.00311107099560224,0.00311107099560224,-0.03513494359279352
CMP040,Saudi Arabian Oil Company,2222.SR,^TASI.SR,SAR,Saudi Exchange (Tadawul),PRIMARY_DIRECT,Raw Materials & Energy,False,2024-08-11,24.669086456298828,11771.6904296875,0.007207216608285272,0.008962821283201805,-0.0017556046749165333,0.025897724539805544,0.11615235111053201,-0.08050736978659634,2026-02-28,780,ok,6.694219169961814e-06,0.5842877934262029,0.28649113966818107,0.005243561289605352,0.00196365531867992,-0.0331712882741136
CMP040,Saudi Arabian Oil Company,2222.SR,^TASI.SR,SAR,Saudi Exchange (Tadawul),PRIMARY_DIRECT,Raw Materials & Energy,False,2024-08-12,24.669086456298828,11740.66015625,0.0,-0.0026360082795962025,0.0026360082795962025,0.025897724539805544,0.11321016427171382,-0.07787136150700014,2026-02-28,780,ok,6.694219169961814e-06,0.5842877934262029,0.28649113966818107,-0.0015334932419685046,0.0015334932419685046,-0.031637795032145095
CMP040,Saudi Arabian Oil Company,2222.SR,^TASI.SR,SAR,Saudi Exchange (Tadawul),PRIMARY_DIRECT,Raw Materials & Energy,False,2024-08-13,24.88973999023437,11796.83984375,0.008944536082697185,0.004785053544889006,0.004159482537808179,0.03507390375410879,0.11853693451446867,-0.07371187896919196,2026-02-28,780,ok,6.694219169961814e-06,0.5842877934262029,0.28649113966818107,0.002802542596339389,0.006141993486357796,-0.0254958015457873
CMP040,Saudi Arabian Oil Company,2222.SR,^TASI.SR,SAR,Saudi Exchange (Tadawul),PRIMARY_DIRECT,Raw Materials & Energy,False,2024-08-14,24.84560775756836,11849.650390625,-0.0017731094291594252,0.0044766689702055995,-0.006249778399365025,0.03323860445548554,0.1235442541012386,-0.07996165736855698,2026-02-28,780,ok,6.694219169961814e-06,0.5842877934262029,0.28649113966818107,0.0026223572536709437,-0.004395466682830369,-0.02989126822861767
CMP040,Saudi Arabian Oil Company,2222.SR,^TASI.SR,SAR,Saudi Exchange (Tadawul),PRIMARY_DIRECT,Raw Materials & Energy,False,2024-08-15,24.88973999023437,11915.01953125,0.0017762589306180576,0.005516545929213024,-0.003740286998594966,0.035073903754109015,0.12974233758249154,-0.08370194436715195,2026-02-28,780,ok,6.694219169961814e-06,0.5842877934262029,0.28649113966818107,0.0032299446674841415,-0.001453685736866084,-0.03134495396548375
CMP040,Saudi Arabian Oil Company,2222.SR,^TASI.SR,SAR,Saudi Exchange (Tadawul),PRIMARY_DIRECT,Raw Materials & Energy,False,2024-08-18,24.977998733520508,11981.400390625,0.0035459889625510943,0.005571191822296262,-0.0020252028597451677,0.038744264392245764,0.136036348854933,-0.08572714722689712,2026-02-28,780,ok,6.694219169961814e-06,0.5842877934262029,0.28649113966818107,0.003261873595773551,0.0002841153667775434,-0.031060838598706206
CMP040,Saudi Arabian Oil Company,2222.SR,^TASI.SR,SAR,Saudi Exchange (Tadawul),PRIMARY_DIRECT,Raw Materials & Energy,False,2024-08-19,25.02213287353516,12023.0302734375,0.0017669205802073318,0.003474542328547381,-0.001707621748340049,0.04057964301057271,0.13998355523579797,-0.08743476897523716,2026-02-28,780,ok,6.694219169961814e-06,0.5842877934262029,0.28649113966818107,0.002036826889482852,-0.00026990630927552,-0.031330744907981725
CMP040,Saudi Arabian Oil Company,2222.SR,^TASI.SR,SAR,Saudi Exchange (Tadawul),PRIMARY_DIRECT,Raw Materials & Energy,False,2024-08-20,24.88973999023437,12103.8203125,-0.005291031103140442,0.006719607056216992,-0.012010638159357434,0.035073903754109015,0.1476437967775317,-0.0994454071345946,2026-02-28,780,ok,6.694219169961814e-06,0.5842877934262029,0.28649113966818107,0.00393287859873813,-0.009223909701878572,-0.0405546546098603
CMP040,Saudi Arabian Oil Company,2222.SR,^TASI.SR,SAR,Saudi Exchange (Tadawul),PRIMARY_DIRECT,Raw Materials & Energy,False,2024-08-21,24.918025970458984,12187.4404296875,0.001136451414748052,0.0069085722547568285,-0.0057721208400087765,0.03625021495639924,0.1555723768702928,-0.10521752797460338,2026-02-28,780,ok,6.694219169961814e-06,0.5842877934262029,0.28649113966818107,0.004043288657627315,-0.0029068372428792634,-0.04346149185273956
CMP040,Saudi Arabian Oil Company,2222.SR,^TASI.SR,SAR,Saudi Exchange (Tadawul),PRIMARY_DIRECT,Raw Materials & Energy,False,2024-08-22,24.828229904174805,12194.4296875,-0.003603658909041796,0.0005734803671717525,-0.004177139276213548,0.032515922637275096,0.15623507494127398,-0.10939466725081692,2026-02-28,780,ok,6.694219169961814e-06,0.5842877934262029,0.28649113966818107,0.00034177179747799373,-0.0039454307065197895,-0.047406922559259344
CMP040,Saudi Arabian Oil Company,2222.SR,^TASI.SR,SAR,Saudi Exchange (Tadawul),PRIMARY_DIRECT,Raw Materials & Energy,False,2024-08-25,25.0078182220459,12262.6396484375,0.007233230824920556,0.005593534317346549,0.0016396965075740066,0.03998434863611622,0.16270251551187775,-0.10775497074324292,2026-02-28,780,ok,6.694219169961814e-06,0.5842877934262029,0.28649113966818107,0.003274928042906119,0.003958302782014436,-0.04344861977724491
CMP040,Saudi Arabian Oil Company,2222.SR,^TASI.SR,SAR,Saudi Exchange (Tadawul),PRIMARY_DIRECT,Raw Materials & Energy,False,2024-08-26,25.09761428833008,12261.1796875,0.0035907197296012328,-0.00011905764006414632,0.003709777369665379,0.04371864095524036,0.16256408689428437,-0.10404519337357754,2026-02-28,780,ok,6.694219169961814e-06,0.5842877934262029,0.28649113966818107,-6.286970663364932e-05,0.003653589436234882,-0.03979503034101003
CMP040,Saudi Arabian Oil Company,2222.SR,^TASI.SR,SAR,Saudi Exchange (Tadawul),PRIMARY_DIRECT,Raw Materials & Energy,False,2024-08-27,25.0078182220459,12182.2001953125,-0.00357787259189557,-0.00644142686107263,0.00286355426917706,0.03998434863611622,0.15507551535724517,-0.10118163910440048,2026-02-28,780,ok,6.694219169961814e-06,0.5842877934262029,0.28649113966818107,-0.0037569528680024373,0.00017908027610686727,-0.03961595006490316
CMP040,Saudi Arabian Oil Company,2222.SR,^TASI.SR,SAR,Saudi Exchange (Tadawul),PRIMARY_DIRECT,Raw Materials & Energy,False,2024-08-28,24.918025970458984,12117.150390625,-0.0035905671894143065,-0.005339741889361704,0.0017491746999473978,0.03625021495639902,0.14890771024251603,-0.09943246440445308,2026-02-28,780,ok,6.694219169961814e-06,0.5842877934262029,0.28649113966818107,-0.003113251786830652,-0.00047731540258365464,-0.040093265467486816
CMP040,Saudi Arabian Oil Company,2222.SR,^TASI.SR,SAR,Saudi Exchange (Tadawul),PRIMARY_DIRECT,Raw Materials & Energy,False,2024-08-29,25.09761428833008,12145.150390625,0.0072071647282174744,0.0023107743237769096,0.004896390404440565,0.043718640955240584,0.15156257667973372,-0.09453607400001252,2026-02-28,780,ok,6.694219169961814e-06,0.5842877934262029,0.28649113966818107,0.0013568514499154982,0.005850313278301976,-0.03424295218918484
CMP040,Saudi Arabian Oil Company,2222.SR,^TASI.SR,SAR,Saudi Exchange (Tadawul),PRIMARY_DIRECT,Raw Materials & Energy,False,2024-09-01,25.0078182220459,12189.400390625,-0.00357787259189557,0.0036434295646232684,-0.0072213021565188384,0.03998434863611644,0.15575821381712252,-0.10175737615653135,2026-02-28,780,ok,6.694219169961814e-06,0.5842877934262029,0.28649113966818107,0.0021355056399874825,-0.0057133782318830525,-0.039956330421067894
CMP040,Saudi Arabian Oil Company,2222.SR,^TASI.SR,SAR,Saudi Exchange (Tadawul),PRIMARY_DIRECT,Raw Materials & Energy,False,2024-09-02,25.052715301513672,12167.4697265625,0.0017953217297539403,-0.0017991585606923488,0.003594480290446289,0.04185145513582689,0.153678821532643,-0.09816289586608506,2026-02-28,780,ok,6.694219169961814e-06,0.5842877934262029,0.28649113966818107,-0.0010445321662808339,0.002839853896034774,-0.037116476525033124
CMP040,Saudi Arabian Oil Company,2222.SR,^TASI.SR,SAR,Saudi Exchange (Tadawul),PRIMARY_DIRECT,Raw Materials & Energy,False,2024-09-03,25.052715301513672,12180.3701171875,0.0,0.0010602360979652392,-0.0010602360979652392,0.04185145513582689,0.1549019934646898,-0.0992231319640503,2026-02-28,780,ok,6.694219169961814e-06,0.5842877934262029,0.28649113966818107,0.0006261772293608788,-0.0006261772293608788,-0.037742653754394
CMP040,Saudi Arabian Oil Company,2222.SR,^TASI.SR,SAR,Saudi Exchange (Tadawul),PRIMARY_DIRECT,Raw Materials & Energy,False,2024-09-04,24.828229904174805,12128.1396484375,-0.008960521629577722,-0.004288085521826468,-0.004672436107751254,0.03251592263727532,0.14994967494738543,-0.10389556807180156,2026-02-28,780,ok,6.694219169961814e-06,0.5842877934262029,0.28649113966818107,-0.0024987818084008726,-0.00646173982117685,-0.04420439357557085
CMP040,Saudi Arabian Oil Company,2222.SR,^TASI.SR,SAR,Saudi Exchange (Tadawul),PRIMARY_DIRECT,Raw Materials & Energy,False,2024-09-05,24.738431930541992,12099.490234375,-0.0036167690560056087,-0.0023622265980579593,-0.0012545424579476494,0.028781550998447702,0.14723323323879667,-0.10515011052974921,2026-02-28,780,ok,6.694219169961814e-06,0.5842877934262029,0.28649113966818107,-0.0013735259473820092,-0.0022432431086235995,-0.04644763668419445
CMP040,Saudi Arabian Oil Company,2222.SR,^TASI.SR,SAR,Saudi Exchange (Tadawul),PRIMARY_DIRECT,Raw Materials & Energy,False,2024-09-08,24.51394844055176,11982.2998046875,-0.00907428128915011,-0.009685567525362204,0.0006112862362120941,0.019446097819599606,0.13612162829092278,-0.10453882429353711,2026-02-28,780,ok,6.694219169961814e-06,0.5842877934262029,0.28649113966818107,-0.005652464658304409,-0.0034218166308457015,-0.049869453315040155
CMP040,Saudi Arabian Oil Company,2222.SR,^TASI.SR,SAR,Saudi Exchange (Tadawul),PRIMARY_DIRECT,Raw Materials & Energy,False,2024-09-09,24.469051361083984,11962.900390625,-0.001831491143772901,-0.0016190058985930955,-0.00021248524517980538,0.01757899131988916,0.1342822406732005,-0.10475130953871692,2026-02-28,780,ok,6.694219169961814e-06,0.5842877934262029,0.28649113966818107,-0.0009392711648630047,-0.0008922199789098962,-0.05076167329395005
CMP040,Saudi Arabian Oil Company,2222.SR,^TASI.SR,SAR,Saudi Exchange (Tadawul),PRIMARY_DIRECT,Raw Materials & Energy,False,2024-09-10,24.424152374267575,11986.599609375,-0.0018349296077664334,0.001981059607298219,-0.0038159892150646524,0.01571180550047524,0.13652932140347396,-0.10856729875378157,2026-02-28,780,ok,6.694219169961814e-06,0.5842877934262029,0.28649113966818107,0.001164203165764018,-0.0029991327735304513,-0.0537608060674805
CMP040,Saudi Arabian Oil Company,2222.SR,^TASI.SR,SAR,Saudi Exchange (Tadawul),PRIMARY_DIRECT,Raw Materials & Energy,False,2024-09-11,24.24456596374512,11766.400390625,-0.007352820592114395,-0.018370449162060654,0.011017628569946258,0.00824345882133759,0.11565076728344015,-0.09754967018383531,2026-02-28,780,ok,6.694219169961814e-06,0.5842877934262029,0.28649113966818107,-0.010726934985978695,0.0033741143938643,-0.0503866916736162
CMP040,Saudi Arabian Oil Company,2222.SR,^TASI.SR,SAR,Saudi Exchange (Tadawul),PRIMARY_DIRECT,Raw Materials & Energy,False,2024-09-12,24.334360122680664,11842.5498046875,0.003703681850597773,0.00647176804583105,-0.002768086195233277,0.01197767182075804,0.12287100026945197,-0.10031775637906859,2026-02-28,780,ok,6.694219169961814e-06,0.5842877934262029,0.28649113966818107,0.0037880692902347948,-8.438743963702167e-05,-0.05047107911325322
CMP040,Saudi Arabian Oil Company,2222.SR,^TASI.SR,SAR,Saudi Exchange (Tadawul),PRIMARY_DIRECT,Raw Materials & Energy,False,2024-09-15,24.424152374267575,11900.2998046875,0.003689936827359519,0.0048764836080437135,-0.0011865467806841945,0.015711805500475018,0.1283466622962135,-0.10150430315975278,2026-02-28,780,ok,6.694219169961814e-06,0.5842877934262029,0.28649113966818107,0.0028559640661928714,0.0008339727611666476,-0.049637106352086575
CMP040,Saudi Arabian Oil Company,2222.SR,^TASI.SR,SAR,Saudi Exchange (Tadawul),PRIMARY_DIRECT,Raw Materials & Energy,False,2024-09-16,24.469051361083984,11867.3701171875,0.0018383027639359284,-0.002767130916065619,0.004605433680001547,0.017578991319888937,0.12522437936293418,-0.09689886947975124,2026-02-28,780,ok,6.694219169961814e-06,0.5842877934262029,0.28649113966818107,-0.001610106597899446,0.0034484093618353745,-0.0461886969902512
CMP040,Saudi Arabian Oil Company,2222.SR,^TASI.SR,SAR,Saudi Exchange (Tadawul),PRIMARY_DIRECT,Raw Materials & Energy,False,2024-09-17,24.424152374267575,11885.66015625,-0.0018349296077664334,0.0015412040647497793,-0.0033761336725162128,0.015711805500475018,0.12695857975016378,-0.10027500315226745,2026-02-28,780,ok,6.694219169961814e-06,0.5842877934262029,0.28649113966818107,0.000907200941382105,-0.0027421305491485384,-0.04893082753939974
CMP040,Saudi Arabian Oil Company,2222.SR,^TASI.SR,SAR,Saudi Exchange (Tadawul),PRIMARY_DIRECT,Raw Materials & Energy,False,2024-09-18,24.334360122680664,11920.9404296875,-0.0036763712496943324,0.002968305754472489,-0.006644677004166821,0.01197767182075804,0.13030373738748824,-0.10691968015643427,2026-02-28,780,ok,6.694219169961814e-06,0.5842877934262029,0.28649113966818107,0.0017410390386649924,-0.005417410288359325,-0.05434823782775907
CMP040,Saudi Arabian Oil Company,2222.SR,^TASI.SR,SAR,Saudi Exchange (Tadawul),PRIMARY_DIRECT,Raw Materials & Energy,False,2024-09-19,24.603742599487305,12080.4697265625,0.011070045624728131,0.01338227447875795,-0.0023122288540298186,0.023180310819020056,0.14542977224557352,-0.10923190901046409,2026-02-28,780,ok,6.694219169961814e-06,0.5842877934262029,0.28649113966818107,0.007825793845387233,0.0032442517793408975,-0.051103986048418176
CMP040,Saudi Arabian Oil Company,2222.SR,^TASI.SR,SAR,Saudi Exchange (Tadawul),PRIMARY_DIRECT,Raw Materials & Energy,False,2024-09-24,24.738431930541992,12268.419921875,0.005474343202464427,0.015558186028084231,-0.010083842825619804,0.028781550998447702,0.1632505817242762,-0.1193157518360839,2026-02-28,780,ok,6.694219169961814e-06,0.5842877934262029,0.28649113966818107,0.009097152403233676,-0.0036228092007692496,-0.05472679524918743
CMP040,Saudi Arabian Oil Company,2222.SR,^TASI.SR,SAR,Saudi Exchange (Tadawul),PRIMARY_DIRECT,Raw Materials & Energy,False,2024-09-25,24.918025970458984,12343.7197265625,0.007259718013705951,0.006137693783470732,0.001122024230235219,0.03625021495639946,0.17039025758834403,-0.11819372760584868,2026-02-28,780,ok,6.694219169961814e-06,0.5842877934262029,0.28649113966818107,0.003592873776639799,0.0036668442370661526,-0.051059951012121275
CMP040,Saudi Arabian Oil Company,2222.SR,^TASI.SR,SAR,Saudi Exchange (Tadawul),PRIMARY_DIRECT,Raw Materials & Energy,False,2024-09-26,24.78333282470703,12374.2998046875,-0.0054054500910961645,0.002477379493573073,-0.007882829584669238,0.03064881613756487,0.17328975841197103,-0.1260765571905179,2026-02-28,780,ok,6.694219169961814e-06,0.5842877934262029,0.28649113966818107,0.0014541968169490965,-0.006859646908045261,-0.057919597920166536
CMP040,Saudi Arabian Oil Company,2222.SR,^TASI.SR,SAR,Saudi Exchange (Tadawul),PRIMARY_DIRECT,Raw Materials & Energy,False,2024-09-29,24.469051361083984,12271.76953125,-0.012681162208729724,-0.00828574344050248,-0.004395418768227244,0.01757899131988916,0.1635681804924003,-0.13047197595874516,2026-02-28,780,ok,6.694219169961814e-06,0.5842877934262029,0.28649113966818107,-0.004834564532576867,-0.007846597676152856,-0.0657661955963194
CMP040,Saudi Arabian Oil Company,2222.SR,^TASI.SR,SAR,Saudi Exchange (Tadawul),PRIMARY_DIRECT,Raw Materials & Energy,False,2024-09-30,24.334360122680664,12226.099609375,-0.00550455497500546,-0.003721543316039466,-0.001783011658965994,0.011977671820758262,0.1592379111075326,-0.13225498761771115,2026-02-28,780,ok,6.694219169961814e-06,0.5842877934262029,0.28649113966818107,-0.0021677581130987718,-0.0033367968619066883,-0.06910299245822608
CMP040,Saudi Arabian Oil Company,2222.SR,^TASI.SR,SAR,Saudi Exchange (Tadawul),PRIMARY_DIRECT,Raw Materials & Energy,False,2024-10-01,24.424152374267575,12253.5400390625,0.003689936827359519,0.00224441404570741,0.0014455227816521088,0.01571180550047524,0.16183972095753885,-0.13080946483605904,2026-02-28,780,ok,6.694219169961814e-06,0.5842877934262029,0.28649113966818107,0.0013180779494711213,0.0023718588778883975,-0.06673113358033769
CMP040,Saudi Arabian Oil Company,2222.SR,^TASI.SR,SAR,Saudi Exchange (Tadawul),PRIMARY_DIRECT,Raw Materials & Energy,False,2024-10-02,24.424152374267575,12044.0703125,0.0,-0.017094629461750777,0.017094629461750777,0.01571180550047524,0.14197850143382573,-0.11371483537430827,2026-02-28,780,ok,6.694219169961814e-06,0.5842877934262029,0.28649113966818107,-0.009981489108474958,0.009981489108474958,-0.05674964447186273
CMP040,Saudi Arabian Oil Company,2222.SR,^TASI.SR,SAR,Saudi Exchange (Tadawul),PRIMARY_DIRECT,Raw Materials & Energy,False,2024-10-03,24.289461135864254,11957.5400390625,-0.005514674013630261,-0.007184470963084166,0.0016697969494539056,0.010110486001344343,0.13377399004980806,-0.11204503842485436,2026-02-28,780,ok,6.694219169961814e-06,0.5842877934262029,0.28649113966818107,-0.0041911044667851125,-0.0013235695468451483,-0.05807321401870788
CMP040,Saudi Arabian Oil Company,2222.SR,^TASI.SR,SAR,Saudi Exchange (Tadawul),PRIMARY_DIRECT,Raw Materials & Energy,False,2024-10-06,24.24456596374512,11769.0400390625,-0.0018483395686718085,-0.0157641119648535,0.013915772396181691,0.008243458821337812,0.11590104992782413,-0.09812926602867267,2026-02-28,780,ok,6.694219169961814e-06,0.5842877934262029,0.28649113966818107,-0.009204083976097894,0.007355744407426085,-0.0507174696112818
CMP040,Saudi Arabian Oil Company,2222.SR,^TASI.SR,SAR,Saudi Exchange (Tadawul),PRIMARY_DIRECT,Raw Materials & Energy,False,2024-10-07,24.19966697692871,11913.6201171875,-0.0018519195964799007,0.012284780886557156,-0.014136700483037057,0.006376273001923893,0.12960964981726653,-0.11226596651170972,2026-02-28,780,ok,6.694219169961814e-06,0.5842877934262029,0.28649113966818107,0.007184541736100834,-0.009036461332580735,-0.059753930943862534
CMP040,Saudi Arabian Oil Company,2222.SR,^TASI.SR,SAR,Saudi Exchange (Tadawul),PRIMARY_DIRECT,Raw Materials & Energy,False,2024-10-08,24.289461135864254,12027.169921875,0.00371055349733318,0.009531091605286646,-0.005820538107953466,0.010110486001344343,0.14037606286789073,-0.11808650461966319,2026-02-28,780,ok,6.694219169961814e-06,0.5842877934262029,0.28649113966818107,0.0055755947021659015,-0.0018650412048327215,-0.06161897214869526
CMP040,Saudi Arabian Oil Company,2222.SR,^TASI.SR,SAR,Saudi Exchange (Tadawul),PRIMARY_DIRECT,Raw Materials & Energy,False,2024-10-09,24.19966697692871,11927.330078125,-0.003696836188883501,-0.008301191751553416,0.004604355562669915,0.006376273001923893,0.13090958250114282,-0.11348214905699328,2026-02-28,780,ok,6.694219169961814e-06,0.5842877934262029,0.28649113966818107,-0.0048435907921529795,0.0011467546032694785,-0.06047221754542578
CMP040,Saudi Arabian Oil Company,2222.SR,^TASI.SR,SAR,Saudi Exchange (Tadawul),PRIMARY_DIRECT,Raw Materials & Energy,False,2024-10-10,24.289461135864254,11994.2197265625,0.00371055349733318,0.0056080990464226765,-0.0018975455490894966,0.010110486001344343,0.13725183545235775,-0.11537969460608277,2026-02-28,780,ok,6.694219169961814e-06,0.5842877934262029,0.28649113966818107,0.00328343803631986,0.00042711546101332,-0.060045102084412466
CMP040,Saudi Arabian Oil Company,2222.SR,^TASI.SR,SAR,Saudi Exchange (Tadawul),PRIMARY_DIRECT,Raw Materials & Energy,False,2024-10-13,24.424152374267575,12069.2099609375,0.00554525428332564,0.0062521978156633295,-0.0007069435323376894,0.015711805500475462,0.1443621588938322,-0.11608663813842046,2026-02-28,780,ok,6.694219169961814e-06,0.5842877934262029,0.28649113966818107,0.0036597770849480142,0.001885477198377626,-0.05815962488603484
CMP040,Saudi Arabian Oil Company,2222.SR,^TASI.SR,SAR,Saudi Exchange (Tadawul),PRIMARY_DIRECT,Raw Materials & Energy,False,2024-10-14,24.424152374267575,11959.669921875,0.0,-0.00907599084091093,0.00907599084091093,0.015711805500475462,0.13397593842102662,-0.10701064729750953,2026-02-28,780,ok,6.694219169961814e-06,0.5842877934262029,0.28649113966818107,-0.005296296442422313,0.005296296442422313,-0.05286332844361253
CMP040,Saudi Arabian Oil Company,2222.SR,^TASI.SR,SAR,Saudi Exchange (Tadawul),PRIMARY_DIRECT,Raw Materials & Energy,False,2024-10-15,24.37925720214844,12001.6298828125,-0.0018381465784840234,0.0035084547660260146,-0.005346601344510038,0.013844778320468931,0.13795444170673865,-0.11235724864201957,2026-02-28,780,ok,6.694219169961814e-06,0.5842877934262029,0.28649113966818107,0.0020566415127469466,-0.00389478809123097,-0.0567581165348435
CMP040,Saudi Arabian Oil Company,2222.SR,^TASI.SR,SAR,Saudi Exchange (Tadawul),PRIMARY_DIRECT,Raw Materials & Energy,False,2024-10-16,24.334360122680664,12038.669921875,-0.001841609819999812,0.003086250736289209,-0.004927860556289021,0.011977671820758484,0.1414664544403197,-0.11728510919830859,2026-02-28,780,ok,6.694219169961814e-06,0.5842877934262029,0.28649113966818107,0.0018099528518363773,-0.0036515626718361897,-0.06040967920667969
CMP040,Saudi Arabian Oil Company,2222.SR,^TASI.SR,SAR,Saudi Exchange (Tadawul),PRIMARY_DIRECT,Raw Materials & Energy,False,2024-10-17,24.24456596374512,11907.4296875,-0.0036900152082425253,-0.010901556004665358,0.007211540796422833,0.008243458821338034,0.12902269395979182,-0.11007356840188576,2026-02-28,780,ok,6.694219169961814e-06,0.5842877934262029,0.28649113966818107,-0.006362951883708132,0.002672936675465607,-0.05773674253121408
CMP040,Saudi Arabian Oil Company,2222.SR,^TASI.SR,SAR,Saudi Exchange (Tadawul),PRIMARY_DIRECT,Raw Materials & Energy,False,2024-10-20,24.289461135864254,11882.9296875,0.0018517622541178724,-0.002057538918388002,0.003909301172505875,0.010110486001344565,0.12669968582722624,-0.10616426722937988,2026-02-28,780,ok,6.694219169961814e-06,0.5842877934262029,0.28649113966818107,-0.0011955006553435001,0.0030472629094613728,-0.054689479621752704
CMP040,Saudi Arabian Oil Company,2222.SR,^TASI.SR,SAR,Saudi Exchange (Tadawul),PRIMARY_DIRECT,Raw Materials & Energy,False,2024-10-21,24.334360122680664,12008.3095703125,0.0018484966202116926,0.010551260178236266,-0.008702763558024573,0.011977671820758484,0.13858778735512645,-0.11486703078740446,2026-02-28,780,ok,6.694219169961814e-06,0.5842877934262029,0.28649113966818107,0.006171666746577393,-0.0043231701263657,-0.0590126497481184
CMP040,Saudi Arabian Oil Company,2222.SR,^TASI.SR,SAR,Saudi Exchange (Tadawul),PRIMARY_DIRECT,Raw Materials & Energy,False,2024-10-22,24.24456596374512,11956.990234375,-0.0036900152082425253,-0.004273651977158677,0.0005836367689161515,0.008243458821338034,0.13372185940652748,-0.1142833940184883,2026-02-28,780,ok,6.694219169961814e-06,0.5842877934262029,0.28649113966818107,-0.0024903484644356105,-0.0011996667438069148,-0.060212316491925315
CMP040,Saudi Arabian Oil Company,2222.SR,^TASI.SR,SAR,Saudi Exchange (Tadawul),PRIMARY_DIRECT,Raw Materials & Energy,False,2024-10-23,24.19966697692871,11901.76953125,-0.0018519195964799007,-0.004618277847735164,0.002766358251255263,0.006376273001924115,0.12848601685773708,-0.11151703576723304,2026-02-28,780,ok,6.694219169961814e-06,0.5842877934262029,0.28649113966818107,-0.00269170915391233,0.0008397895574324293,-0.05937252693449289
CMP040,Saudi Arabian Oil Company,2222.SR,^TASI.SR,SAR,Saudi Exchange (Tadawul),PRIMARY_DIRECT,Raw Materials & Energy,False,2024-10-24,24.289461135864254,11886.0595703125,0.00371055349733318,-0.0013199685052084353,0.005030522002541615,0.010110486001344565,0.1269964508569168,-0.10648651376469143,2026-02-28,780,ok,6.694219169961814e-06,0.5842877934262029,0.28649113966818107,-0.0007645472661303582,0.004475100763463538,-0.05489742617102935
CMP040,Saudi Arabian Oil Company,2222.SR,^TASI.SR,SAR,Saudi Exchange (Tadawul),PRIMARY_DIRECT,Raw Materials & Energy,False,2024-10-27,24.289461135864254,12068.9697265625,0.0,0.015388628600419452,-0.015388628600419452,0.010110486001344565,0.14433938067314478,-0.12187514236511088,2026-02-28,780,ok,6.694219169961814e-06,0.5842877934262029,0.28649113966818107,0.008998082067964399,-0.008998082067964399,-0.06389550823899375
CMP040,Saudi Arabian Oil Company,2222.SR,^TASI.SR,SAR,Saudi Exchange (Tadawul),PRIMARY_DIRECT,Raw Materials & Energy,False,2024-10-28,24.24456596374512,12053.150390625,-0.0018483395686718085,-0.0013107445205271517,-0.0005375950481446568,0.008243458821338034,0.14283944410030402,-0.12241273741325553,2026-02-28,780,ok,6.694219169961814e-06,0.5842877934262029,0.28649113966818107,-0.0007591578044743339,-0.0010891817641974747,-0.06498469000319122
CMP040,Saudi Arabian Oil Company,2222.SR,^TASI.SR,SAR,Saudi Exchange (Tadawul),PRIMARY_DIRECT,Raw Materials & Energy,False,2024-10-29,24.24456596374512,12062.08984375,0.0,0.0007416694254436251,-0.0007416694254436251,0.008243458821338034,0.1436870531741843,-0.12315440683869916,2026-02-28,780,ok,6.694219169961814e-06,0.5842877934262029,0.28649113966818107,0.0004400426112140972,-0.0004400426112140972,-0.06542473261440532
CMP040,Saudi Arabian Oil Company,2222.SR,^TASI.SR,SAR,Saudi Exchange (Tadawul),PRIMARY_DIRECT,Raw Materials & Energy,False,2024-10-30,24.289461135864254,12018.8095703125,0.0018517622541178724,-0.003588123948515043,0.005439886202632915,0.010110486001344565,0.1395833622690834,-0.11771452063606624,2026-02-28,780,ok,6.694219169961814e-06,0.5842877934262029,0.28649113966818107,-0.002089802805247607,0.003941565059365479,-0.06148316755503984
CMP040,Saudi Arabian Oil Company,2222.SR,^TASI.SR,SAR,Saudi Exchange (Tadawul),PRIMARY_DIRECT,Raw Materials & Energy,False,2024-10-31,24.24456596374512,12022.1103515625,-0.0018483395686718085,0.00027463462422705476,-0.0021229741928988632,0.008243458821338034,0.13989633131755563,-0.11983749482896511,2026-02-28,780,ok,6.694219169961814e-06,0.5842877934262029,0.28649113966818107,0.00016715987775802203,-0.0020154994464298306,-0.06349866700146967
CMP040,Saudi Arabian Oil Company,2222.SR,^TASI.SR,SAR,Saudi Exchange (Tadawul),PRIMARY_DIRECT,Raw Materials & Energy,False,2024-11-03,24.334360122680664,12048.259765625,0.003703681850597773,0.0021751101343951973,0.0015285717162025758,0.011977671820758484,0.1423757313799643,-0.11830892311276253,2026-02-28,780,ok,6.694219169961814e-06,0.5842877934262029,0.28649113966818107,0.001277584520054703,0.00242609733054307,-0.0610725696709266
CMP040,Saudi Arabian Oil Company,2222.SR,^TASI.SR,SAR,Saudi Exchange (Tadawul),PRIMARY_DIRECT,Raw Materials & Energy,False,2024-11-04,24.693538665771484,12039.3095703125,0.014760139213853884,-0.0007428620802181207,0.015503001294072005,0.026914603138144644,0.14152710376776056,-0.10280592181869053,2026-02-28,780,ok,6.694219169961814e-06,0.5842877934262029,0.28649113966818107,-0.00042735102650068286,0.015187490240354568,-0.04588507943057203
CMP040,Saudi Arabian Oil Company,2222.SR,^TASI.SR,SAR,Saudi Exchange (Tadawul),PRIMARY_DIRECT,Raw Materials & Energy,False,2024-11-05,24.738431930541992,12014.9404296875,0.0018180166633119388,-0.0020241310751815123,0.003842147738493451,0.028781550998448147,0.13921650328386237,-0.09896377408019708,2026-02-28,780,ok,6.694219169961814e-06,0.5842877934262029,0.28649113966818107,-0.0011759808603532516,0.00299399752366519,-0.04289108190690684
CMP040,Saudi Arabian Oil Company,2222.SR,^TASI.SR,SAR,Saudi Exchange (Tadawul),PRIMARY_DIRECT,Raw Materials & Energy,False,2024-11-06,24.738431930541992,12093.349609375,0.0,0.006525973236934268,-0.006525973236934268,0.028781550998448147,0.14665099969536666,-0.10548974731713134,2026-02-28,780,ok,6.694219169961814e-06,0.5842877934262029,0.28649113966818107,0.00381974072173674,-0.00381974072173674,-0.04671082262864358
CMP040,Saudi Arabian Oil Company,2222.SR,^TASI.SR,SAR,Saudi Exchange (Tadawul),PRIMARY_DIRECT,Raw Materials & Energy,False,2024-11-07,25.14250946044922,12130.830078125,0.016333999302856173,0.003099262814741044,0.013234736488115129,0.045585668135248,0.15020477250020825,-0.09225501082901622,2026-02-28,780,ok,6.694219169961814e-06,0.5842877934262029,0.28649113966818107,0.0018175556504428888,0.014516443652413284,-0.0321943789762303
CMP040,Saudi Arabian Oil Company,2222.SR,^TASI.SR,SAR,Saudi Exchange (Tadawul),PRIMARY_DIRECT,Raw Materials & Energy,False,2024-11-10,25.187408447265625,12103.16015625,0.0017857798517302292,-0.0022809586563161677,0.004066738508046397,0.04745285395466192,0.14758120296783783,-0.08818827232096982,2026-02-28,780,ok,6.694219169961814e-06,0.5842877934262029,0.28649113966818107,-0.0013260420810254085,0.0031118219327556378,-0.029082557043474663
CMP040,Saudi Arabian Oil Company,2222.SR,^TASI.SR,SAR,Saudi Exchange (Tadawul),PRIMARY_DIRECT,Raw Materials & Energy,False,2024-11-11,25.187408447265625,12106.41015625,0.0,0.0002685249106879617,-0.0002685249106879617,0.04745285395466192,0.14788935710787188,-0.08845679723165778,2026-02-28,780,ok,6.694219169961814e-06,0.5842877934262029,0.28649113966818107,0.00016359004671579914,-0.00016359004671579914,-0.029246147090190463
CMP040,Saudi Arabian Oil Company,2222.SR,^TASI.SR,SAR,Saudi Exchange (Tadawul),PRIMARY_DIRECT,Raw Materials & Energy,False,2024-11-12,25.187408447265625,12047.669921875,0.0,-0.004851994407663041,0.004851994407663041,0.04745285395466192,0.14231980436656855,-0.08360480282399474,2026-02-28,780,ok,6.694219169961814e-06,0.5842877934262029,0.28649113966818107,-0.002828266886999752,0.002828266886999752,-0.026417880203190712
CMP040,Saudi Arabian Oil Company,2222.SR,^TASI.SR,SAR,Saudi Exchange (Tadawul),PRIMARY_DIRECT,Raw Materials & Energy,False,2024-11-13,25.052715301513672,11930.4501953125,-0.005347638127755627,-0.009729659537705548,0.004382021409949921,0.04185145513582755,0.1312054215869034,-0.07922278141404482,2026-02-28,780,ok,6.694219169961814e-06,0.5842877934262029,0.28649113966818107,-0.005678227082904223,0.00033058895514859535,-0.026087291248042117
CMP040,Saudi Arabian Oil Company,2222.SR,^TASI.SR,SAR,Saudi Exchange (Tadawul),PRIMARY_DIRECT,Raw Materials & Energy,False,2024-11-14,25.14250946044922,11791.1796875,0.0035842086518311778,-0.011673533314545015,0.015257741966376193,0.045585668135248225,0.11800025741241482,-0.06396503944766863,2026-02-28,780,ok,6.694219169961814e-06,0.5842877934262029,0.28649113966818107,-0.0068140088026728135,0.010398217454503991,-0.015689073793538125
CMP040,Saudi Arabian Oil Company,2222.SR,^TASI.SR,SAR,Saudi Exchange (Tadawul),PRIMARY_DIRECT,Raw Materials & Energy,False,2024-11-17,25.58243560791016,11811.98046875,0.017497304640691214,0.0017640967062906299,0.015733207934400584,0.06388059909855137,0.11997251798414821,-0.04823183151326804,2026-02-28,780,ok,6.694219169961814e-06,0.5842877934262029,0.28649113966818107,0.0010374343910789462,0.016459870249612266,0.0007707964560741409
CMP040,Saudi Arabian Oil Company,2222.SR,^TASI.SR,SAR,Saudi Exchange (Tadawul),PRIMARY_DIRECT,Raw Materials & Energy,False,2024-11-18,25.399707794189453,11830.3798828125,-0.007142705898738111,0.0015576908640493325,-0.008700396762787443,0.05628161286781719,0.1217170889433985,-0.056932228276055485,2026-02-28,780,ok,6.694219169961814e-06,0.5842877934262029,0.28649113966818107,0.0009168339769655017,-0.008059539875703613,-0.007288743419629472
CMP040,Saudi Arabian Oil Company,2222.SR,^TASI.SR,SAR,Saudi Exchange (Tadawul),PRIMARY_DIRECT,Raw Materials & Energy,False,2024-11-19,25.536754608154297,11875.91015625,0.005395605928828706,0.0038485893004709393,0.0015470166283577669,0.06198089220071945,0.12603411733006142,-0.05538521164769772,2026-02-28,780,ok,6.694219169961814e-06,0.5842877934262029,0.28649113966818107,0.0022553779693458204,0.0031402279594828857,-0.004148515460146586
CMP040,Saudi Arabian Oil Company,2222.SR,^TASI.SR,SAR,Saudi Exchange (Tadawul),PRIMARY_DIRECT,Raw Materials & Energy,False,2024-11-20,25.58243560791016,11867.919921875,0.0017888334072519996,-0.0006728102747388665,0.002461643681990866,0.06388059909855137,0.1252765100062152,-0.05292356796570685,2026-02-28,780,ok,6.694219169961814e-06,0.5842877934262029,0.28649113966818107,-0.0003864206116516878,0.0021752540189036874,-0.0019732614412428986
CMP040,Saudi Arabian Oil Company,2222.SR,^TASI.SR,SAR,Saudi Exchange (Tadawul),PRIMARY_DIRECT,Raw Materials & Energy,False,2024-11-21,25.536754608154297,11840.51953125,-0.0017856391962045581,-0.002308777848635035,0.0005231386524304771,0.06198089220071945,0.12267849652632346,-0.052400429313276375,2026-02-28,780,ok,6.694219169961814e-06,0.5842877934262029,0.28649113966818107,-0.0013422964955202988,-0.0004433427006842593,-0.0024166041419271577
CMP040,Saudi Arabian Oil Company,2222.SR,^TASI.SR,SAR,Saudi Exchange (Tadawul),PRIMARY_DIRECT,Raw Materials & Energy,False,2024-11-25,25.58243560791016,11787.7197265625,0.0017888334072519996,-0.0044592472946941575,0.006248080701946157,0.06388059909855137,0.11767219547787722,-0.04615234861133022,2026-02-28,780,ok,6.694219169961814e-06,0.5842877934262029,0.28649113966818107,-0.0025987895429886517,0.004387622950240651,0.001971018808313493
CMP040,Saudi Arabian Oil Company,2222.SR,^TASI.SR,SAR,Saudi Exchange (Tadawul),PRIMARY_DIRECT,Raw Materials & Energy,False,2024-11-26,25.125608444213867,11736.0703125,-0.0178570629746857,-0.0043816289545901554,-0.013475434020095545,0.044882816242902246,0.11277497062443098,-0.05962778263142576,2026-02-28,780,ok,6.694219169961814e-06,0.5842877934262029,0.28649113966818107,-0.00255343809431988,-0.01530362488036582,-0.013332606072052326
CMP040,Saudi Arabian Oil Company,2222.SR,^TASI.SR,SAR,Saudi Exchange (Tadawul),PRIMARY_DIRECT,Raw Materials & Energy,False,2024-11-27,25.079927444458008,11590.7900390625,-0.001818105215532717,-0.012378953906126755,0.010560848690594038,0.04298310934507055,0.09899998055517956,-0.049066933940831725,2026-02-28,780,ok,6.694219169961814e-06,0.5842877934262029,0.28649113966818107,-0.0072261774435655145,0.005408072228032797,-0.007924533844019529
CMP040,Saudi Arabian Oil Company,2222.SR,^TASI.SR,SAR,Saudi Exchange (Tadawul),PRIMARY_DIRECT,Raw Materials & Energy,False,2024-11-28,25.079927444458008,11641.3095703125,0.0,0.004358592561830799,-0.004358592561830799,0.04298310934507055,0.10379007369587945,-0.053425526502662524,2026-02-28,780,ok,6.694219169961814e-06,0.5842877934262029,0.28649113966818107,0.0025533666495659397,-0.0025533666495659397,-0.01047790049358547
CMP040,Saudi Arabian Oil Company,2222.SR,^TASI.SR,SAR,Saudi Exchange (Tadawul),PRIMARY_DIRECT,Raw Materials & Energy,False,2024-12-01,25.079927444458008,11741.740234375,0.0,0.008627093322783663,-0.008627093322783663,0.04298310934507055,0.11331257367041614,-0.06205261982544619,2026-02-28,780,ok,6.694219169961814e-06,0.5842877934262029,0.28649113966818107,0.005047399540421157,-0.005047399540421157,-0.015525300034006626
CMP040,Saudi Arabian Oil Company,2222.SR,^TASI.SR,SAR,Saudi Exchange (Tadawul),PRIMARY_DIRECT,Raw Materials & Energy,False,2024-12-02,25.21697425842285,11739.349609375,0.005464402330044527,-0.00020360056961588047,0.005668002899660407,0.04868238867797281,0.11308590259625628,-0.05638461692578578,2026-02-28,780,ok,6.694219169961814e-06,0.5842877934262029,0.28649113966818107,-0.00011226710839121899,0.005576669438435745,-0.00994863059557088
CMP040,Saudi Arabian Oil Company,2222.SR,^TASI.SR,SAR,Saudi Exchange (Tadawul),PRIMARY_DIRECT,Raw Materials & Energy,False,2024-12-03,25.30834007263184,11815.9296875,0.003623187035552755,0.006523366342530812,-0.002900179306978057,0.052481961113043374,0.12034696970959824,-0.05928479623276384,2026-02-28,780,ok,6.694219169961814e-06,0.5842877934262029,0.28649113966818107,0.0038182175451580494,-0.00019503050960529428,-0.010143661105176175
CMP040,Saudi Arabian Oil Company,2222.SR,^TASI.SR,SAR,Saudi Exchange (Tadawul),PRIMARY_DIRECT,Raw Materials & Energy,False,2024-12-04,25.49106979370117,11886.8603515625,0.007220138521329966,0.006002969375954903,0.0012171691453750633,0.060081026663480586,0.12707237825920892,-0.05806762708738877,2026-02-28,780,ok,6.694219169961814e-06,0.5842877934262029,0.28649113966818107,0.003514155949851722,0.003705982571478244,-0.006437678533697931
CMP040,Saudi Arabian Oil Company,2222.SR,^TASI.SR,SAR,Saudi Exchange (Tadawul),PRIMARY_DIRECT,Raw Materials & Energy,False,2024-12-05,25.536754608154297,11931.849609375,0.0017921889831558069,0.003784788958725027,-0.0019925999755692203,0.06198089220071945,0.13133810935212842,-0.060060227062957994,2026-02-28,780,ok,6.694219169961814e-06,0.5842877934262029,0.28649113966818107,0.002218100208447264,-0.0004259112252914571,-0.0068635897589893885
CMP040,Saudi Arabian Oil Company,2222.SR,^TASI.SR,SAR,Saudi Exchange (Tadawul),PRIMARY_DIRECT,Raw Materials & Energy,False,2024-12-08,25.536754608154297,11955.240234375,0.0,0.0019603519794300084,-0.0019603519794300084,0.06198089220071945,0.13355593025420154,-0.062020579042388,2026-02-28,780,ok,6.694219169961814e-06,0.5842877934262029,0.28649113966818107,0.0011521039515698104,-0.0011521039515698104,-0.008015693710559199
CMP040,Saudi Arabian Oil Company,2222.SR,^TASI.SR,SAR,Saudi Exchange (Tadawul),PRIMARY_DIRECT,Raw Materials & Energy,False,2024-12-09,25.85653305053711,12097.400390625,0.012522281992743967,0.011891033008374574,0.0006312489843693925,0.07527931640376262,0.14703508123769304,-0.06138933005801861,2026-02-28,780,ok,6.694219169961814e-06,0.5842877934262029,0.28649113966818107,0.006954479657191284,0.005567802335552682,-0.002447891375006517
CMP040,Saudi Arabian Oil Company,2222.SR,^TASI.SR,SAR,Saudi Exchange (Tadawul),PRIMARY_DIRECT,Raw Materials & Energy,False,2024-12-10,26.176313400268555,12193.6396484375,0.012367487516846465,0.007955366831297273,0.004412120685549192,0.08857781992650926,0.15616016607730576,-0.05697720937246942,2026-02-28,780,ok,6.694219169961814e-06,0.5842877934262029,0.28649113966818107,0.004654917950924648,0.007712569565921817,0.0052646781909153
CMP040,Saudi Arabian Oil Company,2222.SR,^TASI.SR,SAR,Saudi Exchange (Tadawul),PRIMARY_DIRECT,Raw Materials & Energy,False,2024-12-11,26.084949493408203,12149.1904296875,-0.003490327513400504,-0.0036452790168927107,0.00015495150349220665,0.08477832681114217,0.15194563968373687,-0.05682225786897721,2026-02-28,780,ok,6.694219169961814e-06,0.5842877934262029,0.28649113966818107,-0.002123197814033118,-0.001367129699367386,0.003897548491547914
CMP040,Saudi Arabian Oil Company,2222.SR,^TASI.SR,SAR,Saudi Exchange (Tadawul),PRIMARY_DIRECT,Raw Materials & Energy,False,2024-12-12,25.993587493896484,12099.330078125,-0.003502479448342699,-0.004104006094156065,0.0006015266458133661,0.08097891301547855,0.14721804775833824,-0.056220731223163845,2026-02-28,780,ok,6.694219169961814e-06,0.5842877934262029,0.28649113966818107,-0.0023912264457921746,-0.0011112530025505244,0.0027862954889973897
CMP040,Saudi Arabian Oil Company,2222.SR,^TASI.SR,SAR,Saudi Exchange (Tadawul),PRIMARY_DIRECT,Raw Materials & Energy,False,2024-12-16,26.039268493652344,12096.73046875,0.0017573949639151376,-0.0002148556455782158,0.0019722506094933534,0.08287861991331047,0.1469715614840681,-0.05424848061367049,2026-02-28,780,ok,6.694219169961814e-06,0.5842877934262029,0.28649113966818107,-0.00011884331189009617,0.0018762382758052338,0.004662533764802624
CMP040,Saudi Arabian Oil Company,2222.SR,^TASI.SR,SAR,Saudi Exchange (Tadawul),PRIMARY_DIRECT,Raw Materials & Energy,False,2024-12-17,25.719486236572266,11948.7197265625,-0.012280769606029196,-0.012235598914091872,-4.517069193732404e-05,0.06958003707086013,0.13293767749187935,-0.054293651305607815,2026-02-28,780,ok,6.694219169961814e-06,0.5842877934262029,0.28649113966818107,-0.007142416871592822,-0.005138352734436374,-0.0004758189696337503
CMP040,Saudi Arabian Oil Company,2222.SR,^TASI.SR,SAR,Saudi Exchange (Tadawul),PRIMARY_DIRECT,Raw Materials & Energy,False,2024-12-18,25.993587493896484,11961.0498046875,0.010657337973355663,0.00103191625606458,0.009625421717291083,0.08097891301547855,0.13410677429839124,-0.04466822958831673,2026-02-28,780,ok,6.694219169961814e-06,0.5842877934262029,0.28649113966818107,0.0006096302914265638,0.0100477076819291,0.009571888712295348
CMP040,Saudi Arabian Oil Company,2222.SR,^TASI.SR,SAR,Saudi Exchange (Tadawul),PRIMARY_DIRECT,Raw Materials & Energy,False,2024-12-19,26.496095657348636,11892.4404296875,0.01933200500200849,-0.005736066325307987,0.025068071327316477,0.10187640276895937,0.12760146262103467,-0.019600158261000256,2026-02-28,780,ok,6.694219169961814e-06,0.5842877934262029,0.28649113966818107,-0.0033448193169905898,0.02267682431899908,0.032248713031294424
CMP040,Saudi Arabian Oil Company,2222.SR,^TASI.SR,SAR,Saudi Exchange (Tadawul),PRIMARY_DIRECT,Raw Materials & Energy,False,2024-12-22,25.993587493896484,11849.3701171875,-0.018965366443066234,-0.0036216546767374735,-0.01534371176632876,0.08097891301547833,0.12351767951043713,-0.034943870027329016,2026-02-28,780,ok,6.694219169961814e-06,0.5842877934262029,0.28649113966818107,-0.0021093944004526646,-0.01685597204261357,0.015392740988680854
CMP040,Saudi Arabian Oil Company,2222.SR,^TASI.SR,SAR,Saudi Exchange (Tadawul),PRIMARY_DIRECT,Raw Materials & Energy,False,2024-12-23,26.039268493652344,11948.7900390625,0.0017573949639151376,0.008390312809184008,-0.006632917845268871,0.08287861991331025,0.13294434428817814,-0.04157678787259789,2026-02-28,780,ok,6.694219169961814e-06,0.5842877934262029,0.28649113966818107,0.004909051576603691,-0.0031516566126885536,0.0122410843759923
CMP040,Saudi Arabian Oil Company,2222.SR,^TASI.SR,SAR,Saudi Exchange (Tadawul),PRIMARY_DIRECT,Raw Materials & Energy,False,2024-12-24,25.810850143432617,11913.9501953125,-0.008772072467220338,-0.002915763322989484,-0.0058563091442308535,0.07337953018622723,0.12964094672211424,-0.04743309701682874,2026-02-28,780,ok,6.694219169961814e-06,0.5842877934262029,0.28649113966818107,-0.0016969506989726168,-0.007075121768247721,0.00516596260774458
CMP040,Saudi Arabian Oil Company,2222.SR,^TASI.SR,SAR,Saudi Exchange (Tadawul),PRIMARY_DIRECT,Raw Materials & Energy,False,2024-12-25,25.673803329467773,11892.3203125,-0.005309659046612736,-0.0018155089166823624,-0.0034941501299303734,0.06768025085332496,0.12759007351069074,-0.050927247146759114,2026-02-28,780,ok,6.694219169961814e-06,0.5842877934262029,0.28649113966818107,-0.0010540854797039718,-0.004255573566908764,0.0009103890408358158
CMP040,Saudi Arabian Oil Company,2222.SR,^TASI.SR,SAR,Saudi Exchange (Tadawul),PRIMARY_DIRECT,Raw Materials & Energy,False,2024-12-26,25.58243560791016,11859.4697265625,-0.0035587918309222255,-0.002762336118963371,-0.0007964557119588545,0.06388059909855115,0.12447529072324759,-0.05172370285871797,2026-02-28,780,ok,6.694219169961814e-06,0.5842877934262029,0.28649113966818107,-0.0016073050564806473,-0.0019514867744415782,-0.0010410977336057625
CMP040,Saudi Arabian Oil Company,2222.SR,^TASI.SR,SAR,Saudi Exchange (Tadawul),PRIMARY_DIRECT,Raw Materials & Energy,False,2024-12-29,25.445388793945312,11892.75,-0.005357066702533664,0.0028062193508500144,-0.008163286053383678,0.058181319765648665,0.12763081504362783,-0.059886988912101646,2026-02-28,780,ok,6.694219169961814e-06,0.5842877934262029,0.28649113966818107,0.001646333931548028,-0.007003400634081692,-0.008044498367687454
CMP040,Saudi Arabian Oil Company,2222.SR,^TASI.SR,SAR,Saudi Exchange (Tadawul),PRIMARY_DIRECT,Raw Materials & Energy,False,2024-12-30,25.49106979370117,12000.919921875,0.0017952565050498581,0.009095450747304001,-0.007300194242254143,0.06008102666348014,0.13788712558299943,-0.06718718315435579,2026-02-28,780,ok,6.694219169961814e-06,0.5842877934262029,0.28649113966818107,0.005321055066528925,-0.0035257985614790665,-0.01157029692916652
CMP040,Saudi Arabian Oil Company,2222.SR,^TASI.SR,SAR,Saudi Exchange (Tadawul),PRIMARY_DIRECT,Raw Materials & Energy,False,2024-12-31,25.62812042236328,12036.5,0.005376417301088621,0.002964779229977621,0.0024116380711109997,0.06578046463578957,0.14126070969898685,-0.06477554508324479,2026-02-28,780,ok,6.694219169961814e-06,0.5842877934262029,0.28649113966818107,0.0017389785334494226,0.003637438767639198,-0.007932858161527322
CMP040,Saudi Arabian Oil Company,2222.SR,^TASI.SR,SAR,Saudi Exchange (Tadawul),PRIMARY_DIRECT,Raw Materials & Energy,False,2025-01-02,25.62812042236328,12102.5498046875,0.0,0.005487459368379577,-0.005487459368379577,0.06578046463578957,0.147523331472188,-0.07026300445162437,2026-02-28,780,ok,6.694219169961814e-06,0.5842877934262029,0.28649113966818107,0.00321294974503641,-0.00321294974503641,-0.011145807906563731
CMP040,Saudi Arabian Oil Company,2222.SR,^TASI.SR,SAR,Saudi Exchange (Tadawul),PRIMARY_DIRECT,Raw Materials & Energy,False,2025-01-06,25.536754608154297,12104.6904296875,-0.003565061061959862,0.00017687388480491784,-0.00374193494676478,0.06198089220071901,0.1477262983817298,-0.07400493939838915,2026-02-28,780,ok,6.694219169961814e-06,0.5842877934262029,0.28649113966818107,0.00011003947103734764,-0.00367510053299721,-0.01482090843956094
CMP040,Saudi Arabian Oil Company,2222.SR,^TASI.SR,SAR,Saudi Exchange (Tadawul),PRIMARY_DIRECT,Raw Materials & Energy,False,2025-01-07,25.399707794189453,12113.2900390625,-0.005366649602415952,0.0007104361259755443,-0.006077085728391496,0.056281612867816744,0.14854168460683237,-0.08008202512678064,2026-02-28,780,ok,6.694219169961814e-06,0.5842877934262029,0.28649113966818107,0.00042179337558647246,-0.005788442978002424,-0.020609351417563364
CMP040,Saudi Arabian Oil Company,2222.SR,^TASI.SR,SAR,Saudi Exchange (Tadawul),PRIMARY_DIRECT,Raw Materials & Energy,False,2025-01-08,25.58243560791016,12088.740234375,0.007194091176218498,-0.0020266834698362546,0.009220774646054752,0.06388059909855093,0.14621395416022187,-0.07086125048072589,2026-02-28,780,ok,6.694219169961814e-06,0.5842877934262029,0.28649113966818107,-0.0011774721933940238,0.008371563369612521,-0.012237788047950842
CMP040,Saudi Arabian Oil Company,2222.SR,^TASI.SR,SAR,Saudi Exchange (Tadawul),PRIMARY_DIRECT,Raw Materials & Energy,False,2025-01-09,25.58243560791016,12097.75,0.0,0.0007453022771868323,-0.0007453022771868323,0.06388059909855093,0.1470682300304007,-0.07160655275791272,2026-02-28,780,ok,6.694219169961814e-06,0.5842877934262029,0.28649113966818107,0.00044216524214298026,-0.00044216524214298026,-0.012679953290093823
CMP040,Saudi Arabian Oil Company,2222.SR,^TASI.SR,SAR,Saudi Exchange (Tadawul),PRIMARY_DIRECT,Raw Materials & Energy,False,2025-01-12,25.58243560791016,12126.9697265625,0.0,0.0024153025614266355,-0.0024153025614266355,0.06388059909855093,0.14983874686452414,-0.07402185531933936,2026-02-28,780,ok,6.694219169961814e-06,0.5842877934262029,0.28649113966818107,0.0014179260232425864,-0.0014179260232425864,-0.01409787931333641
CMP040,Saudi Arabian Oil Company,2222.SR,^TASI.SR,SAR,Saudi Exchange (Tadawul),PRIMARY_DIRECT,Raw Materials & Energy,False,2025-01-13,25.62812042236328,12109.9404296875,0.0017857883101246586,-0.001404249970023419,0.0031900382801480776,0.06578046463578957,0.14822408583870783,-0.07083181703919128,2026-02-28,780,ok,6.694219169961814e-06,0.5842877934262029,0.28649113966818107,-0.0008137918972338331,0.0025995802073584917,-0.011498299105977917
CMP040,Saudi Arabian Oil Company,2222.SR,^TASI.SR,SAR,Saudi Exchange (Tadawul),PRIMARY_DIRECT,Raw Materials & Energy,False,2025-01-14,25.673803329467773,12172.75,0.0017825305309799866,0.005186612657360534,-0.0034040821263805476,0.06768025085332496,0.15417947941580512,-0.07423589916557183,2026-02-28,780,ok,6.694219169961814e-06,0.5842877934262029,0.28649113966818107,0.0030371686840955626,-0.001254638153115576,-0.012752937259093494
CMP040,Saudi Arabian Oil Company,2222.SR,^TASI.SR,SAR,Saudi Exchange (Tadawul),PRIMARY_DIRECT,Raw Materials & Energy,False,2025-01-15,25.673803329467773,12212.240234375,0.0,0.0032441506130496123,-0.0032441506130496123,0.06768025085332496,0.15792381148152113,-0.07748004977862144,2026-02-28,780,ok,6.694219169961814e-06,0.5842877934262029,0.28649113966818107,0.0019022118224109829,-0.0019022118224109829,-0.014655149081504476
CMP040,Saudi Arabian Oil Company,2222.SR,^TASI.SR,SAR,Saudi Exchange (Tadawul),PRIMARY_DIRECT,Raw Materials & Energy,False,2025-01-16,25.810850143432617,12256.0595703125,0.005338002017314825,0.0035881488651163806,0.001749853152198444,0.07337953018622723,0.1620786144915798,-0.075730196626423,2026-02-28,780,ok,6.694219169961814e-06,0.5842877934262029,0.28649113966818107,0.002103205802053546,0.0032347962152612787,-0.011420352866243197
CMP040,Saudi Arabian Oil Company,2222.SR,^TASI.SR,SAR,Saudi Exchange (Tadawul),PRIMARY_DIRECT,Raw Materials & Energy,False,2025-01-19,25.719486236572266,12331.8701171875,-0.0035397480653537317,0.006185556331550046,-0.009725304396903778,0.06958003707086013,0.16926671722320719,-0.08545550102332677,2026-02-28,780,ok,6.694219169961814e-06,0.5842877934262029,0.28649113966818107,0.0036208392792448163,-0.007160587344598548,-0.018580940210841744
CMP040,Saudi Arabian Oil Company,2222.SR,^TASI.SR,SAR,Saudi Exchange (Tadawul),PRIMARY_DIRECT,Raw Materials & Energy,False,2025-01-20,25.719486236572266,12379.5400390625,0.0,0.0038655874106685584,-0.0038655874106685584,0.06958003707086013,0.17378661992501887,-0.08932108843399533,2026-02-28,780,ok,6.694219169961814e-06,0.5842877934262029,0.28649113966818107,0.002265309757645603,-0.002265309757645603,-0.020846249968487347
CMP040,Saudi Arabian Oil Company,2222.SR,^TASI.SR,SAR,Saudi Exchange (Tadawul),PRIMARY_DIRECT,Raw Materials & Energy,False,2025-01-21,25.58243560791016,12369.6298828125,-0.00532866898667772,-0.0008005270162485534,-0.004528141970429167,0.06388059909855093,0.17284697202445787,-0.0938492304044245,2026-02-28,780,ok,6.694219169961814e-06,0.5842877934262029,0.28649113966818107,-0.00046104394473196747,-0.004867625041945753,-0.0257138750104331
CMP040,Saudi Arabian Oil Company,2222.SR,^TASI.SR,SAR,Saudi Exchange (Tadawul),PRIMARY_DIRECT,Raw Materials & Energy,False,2025-01-22,25.58243560791016,12362.3896484375,0.0,-0.0005853234448882638,0.0005853234448882638,0.06388059909855093,0.1721604771944658,-0.09326390695953624,2026-02-28,780,ok,6.694219169961814e-06,0.5842877934262029,0.28649113966818107,-0.0003353031248844255,0.0003353031248844255,-0.025378571885548675
CMP040,Saudi Arabian Oil Company,2222.SR,^TASI.SR,SAR,Saudi Exchange (Tadawul),PRIMARY_DIRECT,Raw Materials & Energy,False,2025-01-23,25.673803329467773,12354.0400390625,0.003571502063289156,-0.000675404158293591,0.004246906221582747,0.06768025085332474,0.1713687951339813,-0.08901700073795349,2026-02-28,780,ok,6.694219169961814e-06,0.5842877934262029,0.28649113966818107,-0.00038793618615028233,0.003959438249439438,-0.021419133636109238
CMP040,Saudi Arabian Oil Company,2222.SR,^TASI.SR,SAR,Saudi Exchange (Tadawul),PRIMARY_DIRECT,Raw Materials & Energy,False,2025-01-26,25.62812042236328,12386.16015625,-0.00177935876964741,0.002599968681171294,-0.004379327450818704,0.06578046463578957,0.1744143173154309,-0.09339632818877219,2026-02-28,780,ok,6.694219169961814e-06,0.5842877934262029,0.28649113966818107,0.0015258241828687718,-0.0033051829525161816,-0.02472431658862542
CMP040,Saudi Arabian Oil Company,2222.SR,^TASI.SR,SAR,Saudi Exchange (Tadawul),PRIMARY_DIRECT,Raw Materials & Energy,False,2025-01-27,25.536754608154297,12372.8896484375,-0.003565061061959862,-0.0010713980479094554,-0.002493663014050407,0.06198089220071901,0.17315605210842233,-0.0958899912028226,2026-02-28,780,ok,6.694219169961814e-06,0.5842877934262029,0.28649113966818107,-0.0006193105821241951,-0.0029457504798356673,-0.027670067068461087
CMP040,Saudi Arabian Oil Company,2222.SR,^TASI.SR,SAR,Saudi Exchange (Tadawul),PRIMARY_DIRECT,Raw Materials & Energy,False,2025-01-28,25.536754608154297,12420.6396484375,0.0,0.0038592439888147645,-0.0038592439888147645,0.06198089220071901,0.17768354755046345,-0.09974923519163736,2026-02-28,780,ok,6.694219169961814e-06,0.5842877934262029,0.28649113966818107,0.002261603373687878,-0.002261603373687878,-0.029931670442148964
CMP040,Saudi Arabian Oil Company,2222.SR,^TASI.SR,SAR,Saudi Exchange (Tadawul),PRIMARY_DIRECT,Raw Materials & Energy,False,2025-01-29,25.35402488708496,12439.48046875,-0.007155557699997872,0.0015168961378628776,-0.00867245383786075,0.05438182665028157,0.17946997117536734,-0.10842168902949811,2026-02-28,780,ok,6.694219169961814e-06,0.5842877934262029,0.28649113966818107,0.0008929981164185918,-0.008048555816416465,-0.037980226258565425
CMP040,Saudi Arabian Oil Company,2222.SR,^TASI.SR,SAR,Saudi Exchange (Tadawul),PRIMARY_DIRECT,Raw Materials & Energy,False,2025-01-30,25.399707794189453,12415.490234375,0.001801800988519231,-0.0019285559742842073,0.0037303569628034383,0.056281612867816744,0.17719529731596828,-0.10469133206669468,2026-02-28,780,ok,6.694219169961814e-06,0.5842877934262029,0.28649113966818107,-0.0011201374955434786,0.00292193848406271,-0.03505828777450271
CMP040,Saudi Arabian Oil Company,2222.SR,^TASI.SR,SAR,Saudi Exchange (Tadawul),PRIMARY_DIRECT,Raw Materials & Energy,False,2025-02-02,25.35402488708496,12409.8701171875,-0.0017985603407194573,-0.0004526697763362897,-0.0013458905643831676,0.05438182665028157,0.17666241658402804,-0.10603722263107784,2026-02-28,780,ok,6.694219169961814e-06,0.5842877934262029,0.28649113966818107,-0.00025779520559630166,-0.0015407651351231556,-0.03659905290962587
CMP040,Saudi Arabian Oil Company,2222.SR,^TASI.SR,SAR,Saudi Exchange (Tadawul),PRIMARY_DIRECT,Raw Materials & Energy,False,2025-02-03,25.30834007263184,12377.0302734375,-0.0018018762171521097,-0.002646268126893392,0.0008443919097412822,0.05248196111304293,0.17354865233490835,-0.10519283072133656,2026-02-28,780,ok,6.694219169961814e-06,0.5842877934262029,0.28649113966818107,-0.0015394879455066692,-0.0002623882716454404,-0.036861441181271305
CMP040,Saudi Arabian Oil Company,2222.SR,^TASI.SR,SAR,Saudi Exchange (Tadawul),PRIMARY_DIRECT,Raw Materials & Energy,False,2025-02-04,25.30834007263184,12433.9296875,0.0,0.004597178224942322,-0.004597178224942322,0.05248196111304293,0.17894366464533284,-0.10979000894627888,2026-02-28,780,ok,6.694219169961814e-06,0.5842877934262029,0.28649113966818107,0.002692769340208499,-0.002692769340208499,-0.0395542105214798
CMP040,Saudi Arabian Oil Company,2222.SR,^TASI.SR,SAR,Saudi Exchange (Tadawul),PRIMARY_DIRECT,Raw Materials & Energy,False,2025-02-05,25.30834007263184,12414.400390625,0.0,-0.0015706455936157493,0.0015706455936157493,0.05248196111304293,0.17709196197333643,-0.10821936335266313,2026-02-28,780,ok,6.694219169961814e-06,0.5842877934262029,0.28649113966818107,-0.0009110148289783728,0.0009110148289783728,-0.03864319569250143
CMP040,Saudi Arabian Oil Company,2222.SR,^TASI.SR,SAR,Saudi Exchange (Tadawul),PRIMARY_DIRECT,Raw Materials & Energy,False,2025-02-06,25.262657165527344,12433.580078125,-0.0018050534714403321,0.0015449548022057336,-0.0033500082736460657,0.05058217489550754,0.17891051585262496,-0.1115693716263092,2026-02-28,780,ok,6.694219169961814e-06,0.5842877934262029,0.28649113966818107,0.0009093924514939656,-0.002714445922934298,-0.04135764161543573
CMP040,Saudi Arabian Oil Company,2222.SR,^TASI.SR,SAR,Saudi Exchange (Tadawul),PRIMARY_DIRECT,Raw Materials & Energy,False,2025-02-09,25.262657165527344,12469.1396484375,0.0,0.002859962302817376,-0.002859962302817376,0.05058217489550754,0.1822821554863585,-0.11442933392912658,2026-02-28,780,ok,6.694219169961814e-06,0.5842877934262029,0.28649113966818107,0.001677735282365248,-0.001677735282365248,-0.04303537689780098
CMP040,Saudi Arabian Oil Company,2222.SR,^TASI.SR,SAR,Saudi Exchange (Tadawul),PRIMARY_DIRECT,Raw Materials & Energy,False,2025-02-10,25.35402488708496,12471.7197265625,0.003616710663448819,0.00020691709273812364,0.0034097935707106952,0.05438182665028135,0.18252678987276783,-0.11101954035841588,2026-02-28,780,ok,6.694219169961814e-06,0.5842877934262029,0.28649113966818107,0.00012759335070808506,0.003489117312740734,-0.039546259585060244
CMP040,Saudi Arabian Oil Company,2222.SR,^TASI.SR,SAR,Saudi Exchange (Tadawul),PRIMARY_DIRECT,Raw Materials & Energy,False,2025-02-11,25.35402488708496,12424.3203125,0.0,-0.0038005515760226594,0.0038005515760226594,0.05438182665028135,0.17803253581782785,-0.10721898878239322,2026-02-28,780,ok,6.694219169961814e-06,0.5842877934262029,0.28649113966818107,-0.0022139216749867954,0.0022139216749867954,-0.03733233791007345
CMP040,Saudi Arabian Oil Company,2222.SR,^TASI.SR,SAR,Saudi Exchange (Tadawul),PRIMARY_DIRECT,Raw Materials & Energy,False,2025-02-12,25.399707794189453,12385.7001953125,0.001801800988519231,-0.003108428969643029,0.00491022995816226,0.05628161286781652,0.17437070535630972,-0.10230875882423096,2026-02-28,780,ok,6.694219169961814e-06,0.5842877934262029,0.28649113966818107,-0.001809522884524849,0.0036113238730440802,-0.033721014037029366
CMP040,Saudi Arabian Oil Company,2222.SR,^TASI.SR,SAR,Saudi Exchange (Tadawul),PRIMARY_DIRECT,Raw Materials & Energy,False,2025-02-13,25.399707794189453,12385.0,0.0,-5.6532557825450525e-05,5.6532557825450525e-05,0.05628161286781652,0.1743043151765007,-0.10225222626640551,2026-02-28,780,ok,6.694219169961814e-06,0.5842877934262029,0.28649113966818107,-2.633706429860989e-05,2.633706429860989e-05,-0.03369467697273076
CMP040,Saudi Arabian Oil Company,2222.SR,^TASI.SR,SAR,Saudi Exchange (Tadawul),PRIMARY_DIRECT,Raw Materials & Energy,False,2025-02-16,25.399707794189453,12372.0703125,0.0,-0.0010439796124344092,0.0010439796124344092,0.05628161286781652,0.17307836541266264,-0.1012082466539711,2026-02-28,780,ok,6.694219169961814e-06,0.5842877934262029,0.28649113966818107,-0.0006032903249612815,0.0006032903249612815,-0.03309138664776948
CMP040,Saudi Arabian Oil Company,2222.SR,^TASI.SR,SAR,Saudi Exchange (Tadawul),PRIMARY_DIRECT,Raw Materials & Energy,False,2025-02-17,25.262657165527344,12266.4599609375,-0.005395756115488148,-0.008536190701712854,0.003140434586224705,0.050582174895507315,0.16306474477744648,-0.0980678120677464,2026-02-28,780,ok,6.694219169961814e-06,0.5842877934262029,0.28649113966818107,-0.0049808978101991115,-0.0004148583052890368,-0.03350624495305851
CMP040,Saudi Arabian Oil Company,2222.SR,^TASI.SR,SAR,Saudi Exchange (Tadawul),PRIMARY_DIRECT,Raw Materials & Energy,False,2025-02-18,25.21697425842285,12333.669921875,-0.001808317581367902,0.005479165231984551,-0.007287482813352453,0.048682388677972144,0.16943736868957804,-0.10535529488109885,2026-02-28,780,ok,6.694219169961814e-06,0.5842877934262029,0.28649113966818107,0.003208103582383784,-0.005016421163751686,-0.0385226661168102
CMP040,Saudi Arabian Oil Company,2222.SR,^TASI.SR,SAR,Saudi Exchange (Tadawul),PRIMARY_DIRECT,Raw Materials & Energy,False,2025-02-19,25.21697425842285,12317.58984375,0.0,-0.0013037545375266246,0.0013037545375266246,0.048682388677972144,0.16791270941379577,-0.10405154034357222,2026-02-28,780,ok,6.694219169961814e-06,0.5842877934262029,0.28649113966818107,-0.0007550736427308693,0.0007550736427308693,-0.03776759247407933
CMP040,Saudi Arabian Oil Company,2222.SR,^TASI.SR,SAR,Saudi Exchange (Tadawul),PRIMARY_DIRECT,Raw Materials & Energy,False,2025-02-20,25.30834007263184,12388.150390625,0.003623187035552755,0.005728437768270256,-0.0021052507327175007,0.05248196111304271,0.17460302468844469,-0.10615679107628972,2026-02-28,780,ok,6.694219169961814e-06,0.5842877934262029,0.28649113966818107,0.0033537504825719116,0.0002694365529808435,-0.03749815592109848
CMP040,Saudi Arabian Oil Company,2222.SR,^TASI.SR,SAR,Saudi Exchange (Tadawul),PRIMARY_DIRECT,Raw Materials & Energy,False,2025-02-24,24.85150909423828,12319.4599609375,-0.01805061007883213,-0.005544849515185302,-0.012505760563646828,0.03348401961798664,0.16809002767646586,-0.11866255163993655,2026-02-28,780,ok,6.694219169961814e-06,0.5842877934262029,0.28649113966818107,-0.0032330936689380085,-0.014817516409894121,-0.0523156723309926
CMP040,Saudi Arabian Oil Company,2222.SR,^TASI.SR,SAR,Saudi Exchange (Tadawul),PRIMARY_DIRECT,Raw Materials & Energy,False,2025-02-25,25.034242630004883,12301.23046875,0.007353015668934537,-0.0014797314367108738,0.008832747105645411,0.04108324380783124,0.1663615681416044,-0.10982980453429114,2026-02-28,780,ok,6.694219169961814e-06,0.5842877934262029,0.28649113966818107,-0.0008578947968492196,0.008210910465783757,-0.04410476186520884
CMP040,Saudi Arabian Oil Company,2222.SR,^TASI.SR,SAR,Saudi Exchange (Tadawul),PRIMARY_DIRECT,Raw Materials & Energy,False,2025-02-26,24.85150909423828,12232.650390625,-0.007299343481938836,-0.0055750583894205175,-0.0017242850925183184,0.03348401961798686,0.15985903429603887,-0.11155408962680946,2026-02-28,780,ok,6.694219169961814e-06,0.5842877934262029,0.28649113966818107,-0.0032507443454067924,-0.004048599136532043,-0.048153361001740884
CMP040,Saudi Arabian Oil Company,2222.SR,^TASI.SR,SAR,Saudi Exchange (Tadawul),PRIMARY_DIRECT,Raw Materials & Energy,False,2025-02-27,24.76014518737793,12111.900390625,-0.003676392709750287,-0.009871123276157912,0.006194730566407625,0.029684526502619768,0.1484099227855371,-0.10535935906040184,2026-02-28,780,ok,6.694219169961814e-06,0.5842877934262029,0.28649113966818107,-0.005760882618494375,0.002084489908744088,-0.046068871092996795
CMP040,Saudi Arabian Oil Company,2222.SR,^TASI.SR,SAR,Saudi Exchange (Tadawul),PRIMARY_DIRECT,Raw Materials & Energy,False,2025-03-02,24.85150909423828,12035.4501953125,0.0036899584460807766,-0.006311990096258935,0.010001948542339711,0.03348401961798686,0.14116117072646928,-0.09535741051806212,2026-02-28,780,ok,6.694219169961814e-06,0.5842877934262029,0.28649113966818107,-0.0036813245463012166,0.007371282992381993,-0.0386975881006148
CMP040,Saudi Arabian Oil Company,2222.SR,^TASI.SR,SAR,Saudi Exchange (Tadawul),PRIMARY_DIRECT,Raw Materials & Energy,False,2025-03-03,25.125608444213867,12123.8095703125,0.011029485128495997,0.00734159284165492,0.003687892286841077,0.0448828162429018,0.14953911140864928,-0.09166951823122105,2026-02-28,780,ok,6.694219169961814e-06,0.5842877934262029,0.28649113966818107,0.004296297300854121,0.006733187827641876,-0.031964400272972926
CMP040,Saudi Arabian Oil Company,2222.SR,^TASI.SR,SAR,Saudi Exchange (Tadawul),PRIMARY_DIRECT,Raw Materials & Energy,False,2025-03-04,24.577411651611328,11931.7001953125,-0.021818249449349403,-0.015845627885018643,-0.00597262156433076,0.02208530231277539,0.1313239424099928,-0.09764213979555181,2026-02-28,780,ok,6.694219169961814e-06,0.5842877934262029,0.28649113966818107,-0.00925171273322029,-0.012566536716129112,-0.044530936989102037
CMP040,Saudi Arabian Oil Company,2222.SR,^TASI.SR,SAR,Saudi Exchange (Tadawul),PRIMARY_DIRECT,Raw Materials & Energy,False,2025-03-05,24.25763320922852,11898.8603515625,-0.013011070771638544,-0.0027523188826770184,-0.010258751888961526,0.008786878109732221,0.1282101781608731,-0.10790089168451333,2026-02-28,780,ok,6.694219169961814e-06,0.5842877934262029,0.28649113966818107,-0.0016014521075946656,-0.011409618664043879,-0.055940555653145915
CMP040,Saudi Arabian Oil Company,2222.SR,^TASI.SR,SAR,Saudi Exchange (Tadawul),PRIMARY_DIRECT,Raw Materials & Energy,False,2025-03-06,23.98353385925293,11811.1103515625,-0.011299509214745318,-0.007374655841597244,-0.003924853373148074,-0.0026119185151828317,0.11989001637994945,-0.11182574505766141,2026-02-28,780,ok,6.694219169961814e-06,0.5842877934262029,0.28649113966818107,-0.0043022271697945496,-0.0069972820449507684,-0.06293783769809669
CMP040,Saudi Arabian Oil Company,2222.SR,^TASI.SR,SAR,Saudi Exchange (Tadawul),PRIMARY_DIRECT,Raw Materials & Energy,False,2025-03-09,24.3489990234375,11836.51953125,0.015238169918132094,0.0021512947497046575,0.013086875168427436,0.012586450544802563,0.12229922989243436,-0.09873886988923397,2026-02-28,780,ok,6.694219169961814e-06,0.5842877934262029,0.28649113966818107,0.0012636694814842713,0.013974500436647823,-0.048963337261448865
CMP040,Saudi Arabian Oil Company,2222.SR,^TASI.SR,SAR,Saudi Exchange (Tadawul),PRIMARY_DIRECT,Raw Materials & Energy,False,2025-03-10,24.02921867370605,11745.6298828125,-0.013133203111291736,-0.007678747810751174,-0.005454455300540562,-0.0007120529779442997,0.11368137713789017,-0.10419332518977453,2026-02-28,780,ok,6.694219169961814e-06,0.5842877934262029,0.28649113966818107,-0.004479904395450128,-0.008653298715841608,-0.05761663597729047
CMP040,Saudi Arabian Oil Company,2222.SR,^TASI.SR,SAR,Saudi Exchange (Tadawul),PRIMARY_DIRECT,Raw Materials & Energy,False,2025-03-11,24.02921867370605,11717.9599609375,0.0,-0.0023557631349757635,0.0023557631349757635,-0.0007120529779442997,0.11105780760551975,-0.10183756205479877,2026-02-28,780,ok,6.694219169961814e-06,0.5842877934262029,0.28649113966818107,-0.0013697494247998212,0.0013697494247998212,-0.056246886552490646
CMP040,Saudi Arabian Oil Company,2222.SR,^TASI.SR,SAR,Saudi Exchange (Tadawul),PRIMARY_DIRECT,Raw Materials & Energy,False,2025-03-12,23.937854766845703,11704.9296875,-0.0038022004835439605,-0.0011119916334360047,-0.0026902088501079557,-0.0045115460933111695,0.10982232061919861,-0.10452777090490672,2026-02-28,780,ok,6.694219169961814e-06,0.5842877934262029,0.28649113966818107,-0.0006430289186387604,-0.0031591715649052,-0.05940605811739585
CMP040,Saudi Arabian Oil Company,2222.SR,^TASI.SR,SAR,Saudi Exchange (Tadawul),PRIMARY_DIRECT,Raw Materials & Energy,False,2025-03-13,23.70943832397461,11725.8798828125,-0.009542059850219053,0.0017898608425537255,-0.011331920692772779,-0.01401055650069083,0.11180874813306696,-0.1158596915976795,2026-02-28,780,ok,6.694219169961814e-06,0.5842877934262029,0.28649113966818107,0.0010524880614056422,-0.010594547911624695,-0.07000060602902054
CMP040,Saudi Arabian Oil Company,2222.SR,^TASI.SR,SAR,Saudi Exchange (Tadawul),PRIMARY_DIRECT,Raw Materials & Energy,False,2025-03-16,23.80080223083496,11853.7802734375,0.0038534825503633297,0.01090753034341363,-0.0070540477930503,-0.010211063385323738,0.12393583578940115,-0.1229137393907298,2026-02-28,780,ok,6.694219169961814e-06,0.5842877934262029,0.28649113966818107,0.006379831055252464,-0.0025263485048891343,-0.07252695453390967
CMP040,Saudi Arabian Oil Company,2222.SR,^TASI.SR,SAR,Saudi Exchange (Tadawul),PRIMARY_DIRECT,Raw Materials & Energy,False,2025-03-17,23.70943832397461,11883.0400390625,-0.003838690224566732,0.0024683910912848273,-0.006307081315851559,-0.01401055650069083,0.12671014899363953,-0.12922082070658136,2026-02-28,780,ok,6.694219169961814e-06,0.5842877934262029,0.28649113966818107,0.0014489450032096703,-0.0052876352277764025,-0.07781458976168608
CMP040,Saudi Arabian Oil Company,2222.SR,^TASI.SR,SAR,Saudi Exchange (Tadawul),PRIMARY_DIRECT,Raw Materials & Energy,False,2025-03-18,23.69203758239746,11792.400390625,-0.0007339162294516255,-0.007627648155652533,0.006893731926200908,-0.014734190155342941,0.11811600040371317,-0.12232708878038046,2026-02-28,780,ok,6.694219169961814e-06,0.5842877934262029,0.28649113966818107,-0.004450047490727703,0.0037161312612760773,-0.07409845850041
CMP040,Saudi Arabian Oil Company,2222.SR,^TASI.SR,SAR,Saudi Exchange (Tadawul),PRIMARY_DIRECT,Raw Materials & Energy,False,2025-03-19,23.18303108215332,11709.4296875,-0.02148428553153736,-0.007035946912976376,-0.014448338618560985,-0.03590192213850696,0.11024899558232315,-0.13677542739894144,2026-02-28,780,ok,6.694219169961814e-06,0.5842877934262029,0.28649113966818107,-0.004104323677276909,-0.017379961854260453,-0.09147842035467045
CMP040,Saudi Arabian Oil Company,2222.SR,^TASI.SR,SAR,Saudi Exchange (Tadawul),PRIMARY_DIRECT,Raw Materials & Energy,False,2025-03-20,23.18303108215332,11760.3203125,0.0,0.004346123283384795,-0.004346123283384795,-0.03590192213850696,0.11507427459237807,-0.14112155068232624,2026-02-28,780,ok,6.694219169961814e-06,0.5842877934262029,0.28649113966818107,0.0025460810023771076,-0.0025460810023771076,-0.09402450135704755
CMP040,Saudi Arabian Oil Company,2222.SR,^TASI.SR,SAR,Saudi Exchange (Tadawul),PRIMARY_DIRECT,Raw Materials & Energy,False,2025-03-23,23.877132415771484,11694.76953125,0.02994005965650004,-0.005573894205953445,0.035513953862453485,-0.007036768172616892,0.10885896855401977,-0.10560759681987275,2026-02-28,780,ok,6.694219169961814e-06,0.5842877934262029,0.28649113966818107,-0.0032500641272176735,0.03319012378371771,-0.060834377573329844
CMP040,Saudi Arabian Oil Company,2222.SR,^TASI.SR,SAR,Saudi Exchange (Tadawul),PRIMARY_DIRECT,Raw Materials & Energy,False,2025-03-24,24.01595497131348,11778.080078125,0.0058140380144768855,0.007123744221926076,-0.0013097062074491905,-0.0012636421957946675,0.11675819622418748,-0.10691730302732194,2026-02-28,780,ok,6.694219169961814e-06,0.5842877934262029,0.28649113966818107,0.0041690110115318105,0.001645027002945075,-0.05918935057038477
CMP040,Saudi Arabian Oil Company,2222.SR,^TASI.SR,SAR,Saudi Exchange (Tadawul),PRIMARY_DIRECT,Raw Materials & Energy,False,2025-03-25,24.15477561950684,11706.2099609375,0.005780350952488744,-0.0061020231405101155,0.01188237409299886,0.004509404461324085,0.10994371186847318,-0.09503492893432308,2026-02-28,780,ok,6.694219169961814e-06,0.5842877934262029,0.28649113966818107,-0.0035586434170343222,0.009338994369523066,-0.0498503562008617
CMP040,Saudi Arabian Oil Company,2222.SR,^TASI.SR,SAR,Saudi Exchange (Tadawul),PRIMARY_DIRECT,Raw Materials & Energy,False,2025-03-26,24.663782119750977,11970.1904296875,0.02107270662589289,0.02255046420924267,-0.0014777575833497814,0.02567713644448788,0.13497345781723724,-0.09651268651767286,2026-02-28,780,ok,6.694219169961814e-06,0.5842877934262029,0.28649113966818107,0.013182655192724924,0.007890051433167965,-0.04196030476769373
CMP040,Saudi Arabian Oil Company,2222.SR,^TASI.SR,SAR,Saudi Exchange (Tadawul),PRIMARY_DIRECT,Raw Materials & Energy,False,2025-03-27,24.756330490112305,12025.0498046875,0.00375239977031816,0.004582999353455852,-0.0008305995831376922,0.029525887095702696,0.14017504044060325,-0.09734328610081056,2026-02-28,780,ok,6.694219169961814e-06,0.5842877934262029,0.28649113966818107,0.002684484798674396,0.0010679149716437638,-0.04089238979604997
CMP040,Saudi Arabian Oil Company,2222.SR,^TASI.SR,SAR,Saudi Exchange (Tadawul),PRIMARY_DIRECT,Raw Materials & Energy,False,2025-04-03,24.339866638183597,11882.650390625,-0.016822519480221176,-0.011841898069061774,-0.004980621411159403,0.0122066678046433,0.12667320383081715,-0.10232390751196996,2026-02-28,780,ok,6.694219169961814e-06,0.5842877934262029,0.28649113966818107,-0.006912382273580155,-0.009910137206641021,-0.05080252700269099
CMP040,Saudi Arabian Oil Company,2222.SR,^TASI.SR,SAR,Saudi Exchange (Tadawul),PRIMARY_DIRECT,Raw Materials & Energy,False,2025-04-06,23.06271743774414,11077.1904296875,-0.05247149540400131,-0.06778453749451219,0.015313042090510876,-0.040905329712967564,0.050302181801684887,-0.08701086542145908,2026-02-28,780,ok,6.694219169961814e-06,0.5842877934262029,0.28649113966818107,-0.039598983621914274,-0.012872511782087037,-0.06367503878477804
CMP040,Saudi Arabian Oil Company,2222.SR,^TASI.SR,SAR,Saudi Exchange (Tadawul),PRIMARY_DIRECT,Raw Materials & Energy,False,2025-04-07,23.368125915527344,11194.01953125,0.01324251917006869,0.010546817110717033,0.0026957020593516567,-0.0282045001557808,0.06137952682413439,-0.08431516336210743,2026-02-28,780,ok,6.694219169961814e-06,0.5842877934262029,0.28649113966818107,0.006169070716460536,0.007073448453608153,-0.05660159033116988
CMP040,Saudi Arabian Oil Company,2222.SR,^TASI.SR,SAR,Saudi Exchange (Tadawul),PRIMARY_DIRECT,Raw Materials & Energy,False,2025-04-08,23.506946563720703,11302.759765625,0.0059405982617166675,0.009714136559386244,-0.0037735382976695764,-0.022431453498662157,0.07168991248904089,-0.088088701659777,2026-02-28,780,ok,6.694219169961814e-06,0.5842877934262029,0.28649113966818107,0.005682545634494556,0.00025805262722211186,-0.056343537703947774
CMP040,Saudi Arabian Oil Company,2222.SR,^TASI.SR,SAR,Saudi Exchange (Tadawul),PRIMARY_DIRECT,Raw Materials & Energy,False,2025-04-09,23.46067237854004,11096.650390625,-0.001968532367878084,-0.01823531414220081,0.016266781774322725,-0.024355828824269565,0.05214731027177555,-0.07182191988545428,2026-02-28,780,ok,6.694219169961814e-06,0.5842877934262029,0.28649113966818107,-0.01064797724341018,0.008679444875532096,-0.047664092828415675
CMP040,Saudi Arabian Oil Company,2222.SR,^TASI.SR,SAR,Saudi Exchange (Tadawul),PRIMARY_DIRECT,Raw Materials & Energy,False,2025-04-10,23.46067237854004,11502.5400390625,0.0,0.03657767291473979,-0.03657767291473979,-0.024355828824269565,0.0906324104450198,-0.10839959280019407,2026-02-28,780,ok,6.694219169961814e-06,0.5842877934262029,0.28649113966818107,0.02137858201518866,-0.02137858201518866,-0.06904267484360434
CMP040,Saudi Arabian Oil Company,2222.SR,^TASI.SR,SAR,Saudi Exchange (Tadawul),PRIMARY_DIRECT,Raw Materials & Energy,False,2025-04-13,23.96968078613281,11592.51953125,0.021696241240654723,0.00782257587297508,0.013873665367679644,-0.0031880175214022977,0.09916396522525162,-0.09452592743251442,2026-02-28,780,ok,6.694219169961814e-06,0.5842877934262029,0.28649113966818107,0.004577329814899623,0.0171189114257551,-0.05192376341784924
CMP040,Saudi Arabian Oil Company,2222.SR,^TASI.SR,SAR,Saudi Exchange (Tadawul),PRIMARY_DIRECT,Raw Materials & Energy,False,2025-04-14,24.01595497131348,11597.349609375,0.0019305298887184463,0.0004166547325608061,0.0015138751561576402,-0.0012636421957946675,0.09962193709322298,-0.09301205227635678,2026-02-28,780,ok,6.694219169961814e-06,0.5842877934262029,0.28649113966818107,0.00025014049347849986,0.0016803893952399465,-0.05024337402260929
CMP040,Saudi Arabian Oil Company,2222.SR,^TASI.SR,SAR,Saudi Exchange (Tadawul),PRIMARY_DIRECT,Raw Materials & Energy,False,2025-04-15,23.877132415771484,11616.8095703125,-0.005780430372550938,0.0016779662244352789,-0.0074583965969862165,-0.007036768172617003,0.10146706556331342,-0.100470448873343,2026-02-28,780,ok,6.694219169961814e-06,0.5842877934262029,0.28649113966818107,0.0009871094018889474,-0.006767539774439885,-0.05701091379704917
CMP040,Saudi Arabian Oil Company,2222.SR,^TASI.SR,SAR,Saudi Exchange (Tadawul),PRIMARY_DIRECT,Raw Materials & Energy,False,2025-04-16,23.73830986022949,11634.419921875,-0.0058140380144769965,0.0015159370097195257,-0.007329975024196522,-0.012809894149439338,0.10313682025298809,-0.10780042389753952,2026-02-28,780,ok,6.694219169961814e-06,0.5842877934262029,0.28649113966818107,0.0008924377095520997,-0.006706475724029096,-0.06371738952107826
CMP040,Saudi Arabian Oil Company,2222.SR,^TASI.SR,SAR,Saudi Exchange (Tadawul),PRIMARY_DIRECT,Raw Materials & Energy,False,2025-04-17,23.73830986022949,11552.98046875,0.0,-0.006999872247337224,0.006999872247337224,-0.012809894149439338,0.0954150034398833,-0.1008005516502023,2026-02-28,780,ok,6.694219169961814e-06,0.5842877934262029,0.28649113966818107,-0.004083245690492021,0.004083245690492021,-0.05963414383058624
CMP040,Saudi Arabian Oil Company,2222.SR,^TASI.SR,SAR,Saudi Exchange (Tadawul),PRIMARY_DIRECT,Raw Materials & Energy,False,2025-04-20,23.784587860107425,11626.599609375,0.0019495069425927714,0.006372307200218641,-0.00442280025762587,-0.010885360184424764,0.10239532435353071,-0.10522335190782817,2026-02-28,780,ok,6.694219169961814e-06,0.5842877934262029,0.28649113966818107,0.003729955532219616,-0.0017804485896268448,-0.061414592420213084
CMP040,Saudi Arabian Oil Company,2222.SR,^TASI.SR,SAR,Saudi Exchange (Tadawul),PRIMARY_DIRECT,Raw Materials & Energy,False,2025-04-21,23.55321884155273,11548.66015625,-0.009727686681624492,-0.006703546672593319,-0.003024140009031173,-0.020507157492758554,0.09500536584507824,-0.10824749191685934,2026-02-28,780,ok,6.694219169961814e-06,0.5842877934262029,0.28649113966818107,-0.003910106274289153,-0.005817580407335339,-0.06723217282754843
CMP040,Saudi Arabian Oil Company,2222.SR,^TASI.SR,SAR,Saudi Exchange (Tadawul),PRIMARY_DIRECT,Raw Materials & Energy,False,2025-04-22,23.69203758239746,11586.400390625,0.005893833101054735,0.0032679318522137457,0.0026259012488409894,-0.014734190155343163,0.0985837687584683,-0.10562159066801835,2026-02-28,780,ok,6.694219169961814e-06,0.5842877934262029,0.28649113966818107,0.0019161069101671351,0.0039777261908876,-0.06325444663666083
CMP040,Saudi Arabian Oil Company,2222.SR,^TASI.SR,SAR,Saudi Exchange (Tadawul),PRIMARY_DIRECT,Raw Materials & Energy,False,2025-04-23,23.830860137939453,11681.1103515625,0.005859460380272852,0.00817423511569082,-0.002314774735417968,-0.008961064178520939,0.10756385077858166,-0.10793636540343632,2026-02-28,780,ok,6.694219169961814e-06,0.5842877934262029,0.28649113966818107,0.004782800017863933,0.001076660362408919,-0.06217778627425191
CMP040,Saudi Arabian Oil Company,2222.SR,^TASI.SR,SAR,Saudi Exchange (Tadawul),PRIMARY_DIRECT,Raw Materials & Energy,False,2025-04-24,23.877132415771484,11764.3896484375,0.0019416956653766082,0.007129399035585626,-0.005187703370209018,-0.007036768172616892,0.11546011542817203,-0.11312406877364534,2026-02-28,780,ok,6.694219169961814e-06,0.5842877934262029,0.28649113966818107,0.004172315050127186,-0.0022306193847505774,-0.0644084056590025
CMP040,Saudi Arabian Oil Company,2222.SR,^TASI.SR,SAR,Saudi Exchange (Tadawul),PRIMARY_DIRECT,Raw Materials & Energy,False,2025-04-27,23.877132415771484,11756.2099609375,0.0,-0.0006952921268709167,0.0006952921268709167,-0.007036768172616892,0.11468454479207635,-0.11242877664677442,2026-02-28,780,ok,6.694219169961814e-06,0.5842877934262029,0.28649113966818107,-0.00039955648342605756,0.00039955648342605756,-0.06400884917557643
CMP040,Saudi Arabian Oil Company,2222.SR,^TASI.SR,SAR,Saudi Exchange (Tadawul),PRIMARY_DIRECT,Raw Materials & Energy,False,2025-04-28,23.830860137939453,11784.6298828125,-0.00193793278967902,0.0024174391210629587,-0.004355371910741979,-0.008961064178520828,0.11737922681830093,-0.1167841485575164,2026-02-28,780,ok,6.694219169961814e-06,0.5842877934262029,0.28649113966818107,0.001419174388958017,-0.0033571071786370373,-0.06736595635421347
CMP040,Saudi Arabian Oil Company,2222.SR,^TASI.SR,SAR,Saudi Exchange (Tadawul),PRIMARY_DIRECT,Raw Materials & Energy,False,2025-04-29,23.73830986022949,11746.2001953125,-0.0038836314415114925,-0.0032610008020742542,-0.0006226306394372383,-0.012809894149439227,0.1137354522634253,-0.11740677919695364,2026-02-28,780,ok,6.694219169961814e-06,0.5842877934262029,0.28649113966818107,-0.001898668743835082,-0.0019849626976764104,-0.06935091905188988
CMP040,Saudi Arabian Oil Company,2222.SR,^TASI.SR,SAR,Saudi Exchange (Tadawul),PRIMARY_DIRECT,Raw Materials & Energy,False,2025-04-30,23.46067237854004,11671.580078125,-0.011695756072111818,-0.0063527026567518075,-0.005343053415360011,-0.024355828824269676,0.10666022209691284,-0.12274983261231365,2026-02-28,780,ok,6.694219169961814e-06,0.5842877934262029,0.28649113966818107,-0.003705112398436328,-0.007990643673675489,-0.07734156272556536
CMP040,Saudi Arabian Oil Company,2222.SR,^TASI.SR,SAR,Saudi Exchange (Tadawul),PRIMARY_DIRECT,Raw Materials & Energy,False,2025-05-01,23.32185173034668,11543.669921875,-0.005917164092890226,-0.010959112253338343,0.0050419481604481176,-0.030128875481388318,0.09453220849664845,-0.11770788445186553,2026-02-28,780,ok,6.694219169961814e-06,0.5842877934262029,0.28649113966818107,-0.006396581297243161,0.00047941720435293496,-0.07686214552121243
CMP040,Saudi Arabian Oil Company,2222.SR,^TASI.SR,SAR,Saudi Exchange (Tadawul),PRIMARY_DIRECT,Raw Materials & Energy,False,2025-05-04,23.08123016357422,11411.5,-0.010317429745913431,-0.011449558309402197,0.0011321285634887657,-0.04013545267119911,0.08200029815394738,-0.11657575588837676,2026-02-28,780,ok,6.694219169961814e-06,0.5842877934262029,0.28649113966818107,-0.006683142941135293,-0.003634286804778138,-0.08049643232599056
CMP040,Saudi Arabian Oil Company,2222.SR,^TASI.SR,SAR,Saudi Exchange (Tadawul),PRIMARY_DIRECT,Raw Materials & Energy,False,2025-05-05,23.044208526611328,11422.9501953125,-0.001603971569128726,0.0010033909050080059,-0.002607362474136732,-0.04167504811532907,0.08308596741233099,-0.1191831183625135,2026-02-28,780,ok,6.694219169961814e-06,0.5842877934262029,0.28649113966818107,0.0005929632770010103,-0.0021969348461297364,-0.0826933671721203
CMP040,Saudi Arabian Oil Company,2222.SR,^TASI.SR,SAR,Saudi Exchange (Tadawul),PRIMARY_DIRECT,Raw Materials & Energy,False,2025-05-06,23.11824607849121,11434.080078125,0.0032128485469302692,0.000974343984889936,0.002238504562040333,-0.03859609518617935,0.08414126570979796,-0.11694461380047316,2026-02-28,780,ok,6.694219169961814e-06,0.5842877934262029,0.28649113966818107,0.0005759915161393961,0.002636857030790873,-0.08005651014132942
CMP040,Saudi Arabian Oil Company,2222.SR,^TASI.SR,SAR,Saudi Exchange (Tadawul),PRIMARY_DIRECT,Raw Materials & Energy,False,2025-05-07,22.98868179321289,11398.740234375,-0.005604416738122064,-0.00309074656715147,-0.0025136701709705944,-0.04398420332241382,0.08079045981449817,-0.11945828397144376,2026-02-28,780,ok,6.694219169961814e-06,0.5842877934262029,0.28649113966818107,-0.001799191272590582,-0.0038052254655314825,-0.0838617356068609
CMP040,Saudi Arabian Oil Company,2222.SR,^TASI.SR,SAR,Saudi Exchange (Tadawul),PRIMARY_DIRECT,Raw Materials & Energy,False,2025-05-08,22.98868179321289,11364.1103515625,0.0,-0.003038044740072854,0.003038044740072854,-0.04398420332241382,0.07750697004293783,-0.1164202392313709,2026-02-28,780,ok,6.694219169961814e-06,0.5842877934262029,0.28649113966818107,-0.001768398238337288,0.001768398238337288,-0.08209333736852362
CMP040,Saudi Arabian Oil Company,2222.SR,^TASI.SR,SAR,Saudi Exchange (Tadawul),PRIMARY_DIRECT,Raw Materials & Energy,False,2025-05-11,23.136756896972656,11346.58984375,0.006441217686674161,-0.0015417403800633833,0.007982958066737544,-0.037826297464114256,0.07584573403742279,-0.10843728116463336,2026-02-28,780,ok,6.694219169961814e-06,0.5842877934262029,0.28649113966818107,-0.0008941258655333477,0.007335343552207509,-0.0747579938163161
CMP040,Saudi Arabian Oil Company,2222.SR,^TASI.SR,SAR,Saudi Exchange (Tadawul),PRIMARY_DIRECT,Raw Materials & Energy,False,2025-05-12,23.64576530456543,11488.599609375,0.021999989447932355,0.012515633999339748,0.009484355448592607,-0.016658486161246766,0.08931062548438629,-0.09895292571604075,2026-02-28,780,ok,6.694219169961814e-06,0.5842877934262029,0.28649113966818107,0.007319426391974145,0.014680563055958211,-0.060077430760357896
CMP040,Saudi Arabian Oil Company,2222.SR,^TASI.SR,SAR,Saudi Exchange (Tadawul),PRIMARY_DIRECT,Raw Materials & Energy,False,2025-05-13,23.64576530456543,11532.26953125,0.0,0.0038011527392218802,-0.0038011527392218802,-0.016658486161246766,0.09345126155230976,-0.10275407845526263,2026-02-28,780,ok,6.694219169961814e-06,0.5842877934262029,0.28649113966818107,0.002227661365645881,-0.002227661365645881,-0.062305092126003776
CMP040,Saudi Arabian Oil Company,2222.SR,^TASI.SR,SAR,Saudi Exchange (Tadawul),PRIMARY_DIRECT,Raw Materials & Energy,False,2025-05-14,24.15477561950684,11532.0,0.021526489347466038,-2.3371917320269553e-05,0.021549861264786307,0.004509404461324307,0.09342570549983109,-0.08120421719047632,2026-02-28,780,ok,6.694219169961814e-06,0.5842877934262029,0.28649113966818107,-6.961706829238135e-06,0.021533451054295275,-0.0407716410717085
CMP040,Saudi Arabian Oil Company,2222.SR,^TASI.SR,SAR,Saudi Exchange (Tadawul),PRIMARY_DIRECT,Raw Materials & Energy,False,2025-05-15,24.201047897338867,11485.0498046875,0.0019156575312857527,-0.0040712968533211935,0.005986954384606946,0.00643370046722791,0.08897404486568905,-0.07521726280586938,2026-02-28,780,ok,6.694219169961814e-06,0.5842877934262029,0.28649113966818107,-0.002372114835640121,0.004287772366925874,-0.036483868704782624
CMP040,Saudi Arabian Oil Company,2222.SR,^TASI.SR,SAR,Saudi Exchange (Tadawul),PRIMARY_DIRECT,Raw Materials & Energy,False,2025-05-18,24.201047897338867,11438.9404296875,0.0,-0.004014730086863039,0.004014730086863039,0.00643370046722791,0.08460210800395385,-0.07120253271900634,2026-02-28,780,ok,6.694219169961814e-06,0.5842877934262029,0.28649113966818107,-0.0023390635644850305,0.0023390635644850305,-0.03414480514029759
CMP040,Saudi Arabian Oil Company,2222.SR,^TASI.SR,SAR,Saudi Exchange (Tadawul),PRIMARY_DIRECT,Raw Materials & Energy,False,2025-05-19,24.29359436035156,11405.2802734375,0.0038240684207260234,-0.0029425938929310558,0.006766662313657079,0.010282371798739032,0.0814105644646812,-0.06443587040534926,2026-02-28,780,ok,6.694219169961814e-06,0.5842877934262029,0.28649113966818107,-0.001712627473480145,0.005536695894206169,-0.028608109246091425
CMP040,Saudi Arabian Oil Company,2222.SR,^TASI.SR,SAR,Saudi Exchange (Tadawul),PRIMARY_DIRECT,Raw Materials & Energy,False,2025-05-20,24.247323989868164,11438.1796875,-0.0019046325462200864,0.0028845774302559413,-0.004789209976476028,0.008358155112538679,0.08452997697177644,-0.06922508038182529,2026-02-28,780,ok,6.694219169961814e-06,0.5842877934262029,0.28649113966818107,0.0016921176008612322,-0.0035967501470813186,-0.03220485939317275
CMP040,Saudi Arabian Oil Company,2222.SR,^TASI.SR,SAR,Saudi Exchange (Tadawul),PRIMARY_DIRECT,Raw Materials & Energy,False,2025-05-21,24.15477561950684,11303.6796875,-0.0038168488365972753,-0.01175886405657589,0.007942015219978615,0.004509404461324085,0.07177713640728389,-0.06128306516184667,2026-02-28,780,ok,6.694219169961814e-06,0.5842877934262029,0.28649113966818107,-0.006863866513645454,0.0030470176770481788,-0.029157841716124566
CMP040,Saudi Arabian Oil Company,2222.SR,^TASI.SR,SAR,Saudi Exchange (Tadawul),PRIMARY_DIRECT,Raw Materials & Energy,False,2025-05-22,23.574731826782227,11188.740234375,-0.0240136278581774,-0.010168321847628392,-0.013845306010549008,-0.019612510557449503,0.060878961535365095,-0.07512837117239568,2026-02-28,780,ok,6.694219169961814e-06,0.5842877934262029,0.28649113966818107,-0.005934532116028282,-0.018079095742149116,-0.04723693745827368
CMP040,Saudi Arabian Oil Company,2222.SR,^TASI.SR,SAR,Saudi Exchange (Tadawul),PRIMARY_DIRECT,Raw Materials & Energy,False,2025-05-25,23.43412971496582,10999.7802734375,-0.005964102279062855,-0.01688840360749111,0.010924301328428254,-0.025459641817598522,0.042962409454259776,-0.06420406984396743,2026-02-28,780,ok,6.694219169961814e-06,0.5842877934262029,0.28649113966818107,-0.009860993859142143,0.003896891580079288,-0.04334004587819439
CMP040,Saudi Arabian Oil Company,2222.SR,^TASI.SR,SAR,Saudi Exchange (Tadawul),PRIMARY_DIRECT,Raw Materials & Energy,False,2025-05-26,23.62160301208496,11075.9599609375,0.00800001106930015,0.0069255644754977475,0.0010744465938024028,-0.017663308164659552,0.05018551286645567,-0.06312962325016502,2026-02-28,780,ok,6.694219169961814e-06,0.5842877934262029,0.28649113966818107,0.004053217004789438,0.003946794064510712,-0.03939325181368368
CMP040,Saudi Arabian Oil Company,2222.SR,^TASI.SR,SAR,Saudi Exchange (Tadawul),PRIMARY_DIRECT,Raw Materials & Energy,False,2025-05-27,23.480995178222656,10925.1796875,-0.0059525102420173726,-0.013613291666751182,0.007660781424733809,-0.023510677383918877,0.03588903117560793,-0.055468841825431214,2026-02-28,780,ok,6.694219169961814e-06,0.5842877934262029,0.28649113966818107,-0.0079473859300634,0.0019948756880460283,-0.03739837612563765
CMP040,Saudi Arabian Oil Company,2222.SR,^TASI.SR,SAR,Saudi Exchange (Tadawul),PRIMARY_DIRECT,Raw Materials & Energy,False,2025-05-28,23.855941772460938,11052.759765625,0.01596808786818471,0.0116776182886007,0.004290469579584011,-0.00791801007804116,0.04798574787102505,-0.0511783722458472,2026-02-28,780,ok,6.694219169961814e-06,0.5842877934262029,0.28649113966818107,0.006829784041489936,0.009138303826694776,-0.028260072298942875
CMP040,Saudi Arabian Oil Company,2222.SR,^TASI.SR,SAR,Saudi Exchange (Tadawul),PRIMARY_DIRECT,Raw Materials & Energy,False,2025-05-29,23.43412971496582,10990.41015625,-0.01768163510451104,-0.005641089709459979,-0.012040545395051061,-0.02545964181759841,0.042073966253049155,-0.06321891764089826,2026-02-28,780,ok,6.694219169961814e-06,0.5842877934262029,0.28649113966818107,-0.003289325639689669,-0.014392309464821371,-0.04265238176376425
CMP040,Saudi Arabian Oil Company,2222.SR,^TASI.SR,SAR,Saudi Exchange (Tadawul),PRIMARY_DIRECT,Raw Materials & Energy,False,2025-06-01,23.26540184020996,10825.26953125,-0.007200091354282456,-0.015025883716094812,0.007825792361812356,-0.03247642142494689,0.02641588401256123,-0.05539312527908591,2026-02-28,780,ok,6.694219169961814e-06,0.5842877934262029,0.28649113966818107,-0.00877274622158579,0.001572654867303333,-0.041079726896460916
CMP040,Saudi Arabian Oil Company,2222.SR,^TASI.SR,SAR,Saudi Exchange (Tadawul),PRIMARY_DIRECT,Raw Materials & Energy,False,2025-06-02,23.43412971496582,10850.08984375,0.007252308639012828,0.002292812426365032,0.004959496212647796,-0.02545964181759841,0.028769263106043663,-0.05043362906643811,2026-02-28,780,ok,6.694219169961814e-06,0.5842877934262029,0.28649113966818107,0.0013463565325109643,0.005905952106501864,-0.035173774789959054
CMP040,Saudi Arabian Oil Company,2222.SR,^TASI.SR,SAR,Saudi Exchange (Tadawul),PRIMARY_DIRECT,Raw Materials & Energy,False,2025-06-03,23.26540184020996,10832.4296875,-0.007200091354282456,-0.0016276506926965473,-0.005572440661585909,-0.03247642142494689,0.027094786102324298,-0.05600606972802402,2026-02-28,780,ok,6.694219169961814e-06,0.5842877934262029,0.28649113966818107,-0.0009443222125343344,-0.0062557691417481215,-0.041429543931707176
CMP040,Saudi Arabian Oil Company,2222.SR,^TASI.SR,SAR,Saudi Exchange (Tadawul),PRIMARY_DIRECT,Raw Materials & Energy,False,2025-06-04,23.246654510498047,11004.5302734375,-0.000805802961869051,0.015887533166829115,-0.016693336128698166,-0.03325605479024085,0.04341278858200215,-0.07269940585672219,2026-02-28,780,ok,6.694219169961814e-06,0.5842877934262029,0.28649113966818107,0.009289585916202159,-0.01009538887807121,-0.051524932809778386
CMP040,Saudi Arabian Oil Company,2222.SR,^TASI.SR,SAR,Saudi Exchange (Tadawul),PRIMARY_DIRECT,Raw Materials & Energy,False,2025-06-11,23.35913848876953,11005.01953125,0.004838716823562184,4.445967254795846e-05,0.004794257151014225,-0.028578254598477515,0.0434591783729148,-0.06790514870570796,2026-02-28,780,ok,6.694219169961814e-06,0.5842877934262029,0.28649113966818107,3.267146313945999e-05,0.004806045360422724,-0.046718887449355664
CMP040,Saudi Arabian Oil Company,2222.SR,^TASI.SR,SAR,Saudi Exchange (Tadawul),PRIMARY_DIRECT,Raw Materials & Energy,False,2025-06-12,23.39663314819336,10840.9404296875,0.0016051387957589647,-0.014909478451771818,0.016514617247530783,-0.0270189878678897,0.027901746237660285,-0.05139053145817718,2026-02-28,780,ok,6.694219169961814e-06,0.5842877934262029,0.28649113966818107,-0.008704732046551313,0.010309870842310278,-0.03640901660704539
CMP040,Saudi Arabian Oil Company,2222.SR,^TASI.SR,SAR,Saudi Exchange (Tadawul),PRIMARY_DIRECT,Raw Materials & Energy,False,2025-06-15,23.80907440185547,10731.58984375,0.017628230995875516,-0.010086817342713883,0.0277150483385894,-0.009867053831424055,0.01753348907710439,-0.02367548311958778,2026-02-28,780,ok,6.694219169961814e-06,0.5842877934262029,0.28649113966818107,-0.005886910028697488,0.023515141024573003,-0.012893875582472385
CMP040,Saudi Arabian Oil Company,2222.SR,^TASI.SR,SAR,Saudi Exchange (Tadawul),PRIMARY_DIRECT,Raw Materials & Energy,False,2025-06-16,23.7153377532959,10867.0400390625,-0.003937013551113311,0.012621633633471907,-0.016558647184585218,-0.01376522065789354,0.030376423986024026,-0.040234130304173,2026-02-28,780,ok,6.694219169961814e-06,0.5842877934262029,0.28649113966818107,0.007381360684305209,-0.01131837423541852,-0.024212249817890906
CMP040,Saudi Arabian Oil Company,2222.SR,^TASI.SR,SAR,Saudi Exchange (Tadawul),PRIMARY_DIRECT,Raw Materials & Energy,False,2025-06-17,23.415380477905277,10713.8203125,-0.01264823965447992,-0.014099490386686564,0.0014512507322066437,-0.026239354502595624,0.015848641501364558,-0.038782879571966355,2026-02-28,780,ok,6.694219169961814e-06,0.5842877934262029,0.28649113966818107,-0.00823146590730109,-0.00441677374717883,-0.028629023565069738
CMP040,Saudi Arabian Oil Company,2222.SR,^TASI.SR,SAR,Saudi Exchange (Tadawul),PRIMARY_DIRECT,Raw Materials & Energy,False,2025-06-18,23.340391159057617,10591.1298828125,-0.0032025667453244866,-0.011451604199890775,0.008249037454566288,-0.029357887963771367,0.004215544931894133,-0.030533842117400067,2026-02-28,780,ok,6.694219169961814e-06,0.5842877934262029,0.28649113966818107,-0.006684338329974456,0.0034817715846499698,-0.02514725198041977
CMP040,Saudi Arabian Oil Company,2222.SR,^TASI.SR,SAR,Saudi Exchange (Tadawul),PRIMARY_DIRECT,Raw Materials & Energy,False,2025-06-19,23.26540184020996,10610.7099609375,-0.003212856131528663,0.0018487242005005289,-0.005061580332029192,-0.03247642142494689,0.006072062512328502,-0.03559542244942926,2026-02-28,780,ok,6.694219169961814e-06,0.5842877934262029,0.28649113966818107,0.0010868812029340368,-0.0042997373344627,-0.029446989314882467
CMP040,Saudi Arabian Oil Company,2222.SR,^TASI.SR,SAR,Saudi Exchange (Tadawul),PRIMARY_DIRECT,Raw Materials & Energy,False,2025-06-22,23.26540184020996,10574.26953125,0.0,-0.0034343064527870837,0.0034343064527870837,-0.03247642142494689,0.002616902736073623,-0.032161115996642176,2026-02-28,780,ok,6.694219169961814e-06,0.5842877934262029,0.28649113966818107,-0.001999929120078373,0.001999929120078373,-0.027447060194804095
CMP040,Saudi Arabian Oil Company,2222.SR,^TASI.SR,SAR,Saudi Exchange (Tadawul),PRIMARY_DIRECT,Raw Materials & Energy,False,2025-06-23,23.190410614013672,10710.240234375,-0.003223293829667684,0.01285863791566566,-0.016081931745333344,-0.03559503420582588,0.015509190456483024,-0.04824304774197552,2026-02-28,780,ok,6.694219169961814e-06,0.5842877934262029,0.28649113966818107,0.007519839393380759,-0.010743133223048443,-0.03819019341785254
CMP040,Saudi Arabian Oil Company,2222.SR,^TASI.SR,SAR,Saudi Exchange (Tadawul),PRIMARY_DIRECT,Raw Materials & Energy,False,2025-06-24,22.815465927124023,10964.2802734375,-0.01616809176561429,0.023719359557141217,-0.03988745132275551,-0.05118762219200024,0.03959641807850178,-0.08813049906473103,2026-02-28,780,ok,6.694219169961814e-06,0.5842877934262029,0.28649113966818107,0.01386562647629472,-0.030033718241909008,-0.06822391165976155
CMP040,Saudi Arabian Oil Company,2222.SR,^TASI.SR,SAR,Saudi Exchange (Tadawul),PRIMARY_DIRECT,Raw Materials & Energy,False,2025-06-25,22.62799072265625,10973.98046875,-0.008217022832958887,0.0008847088062862163,-0.009101731639245103,-0.05898403516464257,0.04051615818455945,-0.09723223070397613,2026-02-28,780,ok,6.694219169961814e-06,0.5842877934262029,0.28649113966818107,0.0005236187754196651,-0.008740641608378553,-0.0769645532681401
CMP040,Saudi Arabian Oil Company,2222.SR,^TASI.SR,SAR,Saudi Exchange (Tadawul),PRIMARY_DIRECT,Raw Materials & Energy,False,2025-06-26,22.777973175048828,11068.26953125,0.006628182512131264,0.008592056708001339,-0.0019638741958700745,-0.05274680960288447,0.049456332021272864,-0.0991961048998462,2026-02-28,780,ok,6.694219169961814e-06,0.5842877934262029,0.28649113966818107,0.005026928074080868,0.0016012544380503962,-0.0753632988300897
CMP040,Saudi Arabian Oil Company,2222.SR,^TASI.SR,SAR,Saudi Exchange (Tadawul),PRIMARY_DIRECT,Raw Materials & Energy,False,2025-06-29,22.777973175048828,11202.6396484375,0.0,0.01214011971863549,-0.01214011971863549,-0.05274680960288447,0.06219685753149129,-0.1113362246184817,2026-02-28,780,ok,6.694219169961814e-06,0.5842877934262029,0.28649113966818107,0.007100017981501426,-0.007100017981501426,-0.08246331681159112
CMP040,Saudi Arabian Oil Company,2222.SR,^TASI.SR,SAR,Saudi Exchange (Tadawul),PRIMARY_DIRECT,Raw Materials & Energy,False,2025-06-30,22.79671859741211,11163.9599609375,0.0008229627025733155,-0.00345272977743194,0.004275692480005255,-0.05196725555729409,0.0585293788119976,-0.10706053213847644,2026-02-28,780,ok,6.694219169961814e-06,0.5842877934262029,0.28649113966818107,-0.002010693643782691,0.0028336563463560063,-0.07962966046523512
CMP040,Saudi Arabian Oil Company,2222.SR,^TASI.SR,SAR,Saudi Exchange (Tadawul),PRIMARY_DIRECT,Raw Materials & Energy,False,2025-07-01,22.834213256835938,11121.599609375,0.0016447393191090232,-0.0037943840456896583,0.005439123364798681,-0.050407988826706385,0.05451291182513951,-0.10162140877367776,2026-02-28,780,ok,6.694219169961814e-06,0.5842877934262029,0.28649113966818107,-0.002210318062297637,0.00385505738140666,-0.07577460308382845
CMP040,Saudi Arabian Oil Company,2222.SR,^TASI.SR,SAR,Saudi Exchange (Tadawul),PRIMARY_DIRECT,Raw Materials & Energy,False,2025-07-02,23.01231384277344,11129.6396484375,0.007799725085084086,0.0007229211035184591,0.007076803981565627,-0.043001432196562606,0.055275241463030644,-0.09454460479211213,2026-02-28,780,ok,6.694219169961814e-06,0.5842877934262029,0.28649113966818107,0.00042908819556599785,0.007370636889518088,-0.06840396619431037
CMP040,Saudi Arabian Oil Company,2222.SR,^TASI.SR,SAR,Saudi Exchange (Tadawul),PRIMARY_DIRECT,Raw Materials & Energy,False,2025-07-03,23.227907180786133,11244.4501953125,0.009368607584864685,0.010315747005440468,-0.0009471394205757822,-0.034035688155534705,0.06616119387506836,-0.09549174421268791,2026-02-28,780,ok,6.694219169961814e-06,0.5842877934262029,0.28649113966818107,0.006034059274521732,0.0033345483103429533,-0.06506941788396742
CMP040,Saudi Arabian Oil Company,2222.SR,^TASI.SR,SAR,Saudi Exchange (Tadawul),PRIMARY_DIRECT,Raw Materials & Energy,False,2025-07-06,23.312271118164062,11315.73046875,0.00363200768460592,0.006339151510245999,-0.0027071438256400793,-0.03052729835186052,0.07291975121738714,-0.09819888803832799,2026-02-28,780,ok,6.694219169961814e-06,0.5842877934262029,0.28649113966818107,0.0037105830672859784,-7.857538268005821e-05,-0.06514799326664747
CMP040,Saudi Arabian Oil Company,2222.SR,^TASI.SR,SAR,Saudi Exchange (Tadawul),PRIMARY_DIRECT,Raw Materials & Energy,False,2025-07-07,23.509117126464844,11345.4599609375,0.008443879504618668,0.002627271148743171,0.005816608355875497,-0.022341187676126473,0.07573860232467733,-0.0923822796824525,2026-02-28,780,ok,6.694219169961814e-06,0.5842877934262029,0.28649113966818107,0.0015417766814014343,0.006902102823217233,-0.05824589044343024
CMP040,Saudi Arabian Oil Company,2222.SR,^TASI.SR,SAR,Saudi Exchange (Tadawul),PRIMARY_DIRECT,Raw Materials & Energy,False,2025-07-08,23.52786636352539,11294.0703125,0.0007975304627430013,-0.00452953415854751,0.0053270646212905115,-0.021561474991129037,0.07086600757977957,-0.08705521506116198,2026-02-28,780,ok,6.694219169961814e-06,0.5842877934262029,0.28649113966818107,-0.0026398572995763752,0.0034373877623193765,-0.054808502681110864
CMP040,Saudi Arabian Oil Company,2222.SR,^TASI.SR,SAR,Saudi Exchange (Tadawul),PRIMARY_DIRECT,Raw Materials & Energy,False,2025-07-09,23.321643829345703,11277.73046875,-0.008765033386086696,-0.0014467630621987082,-0.007318270323887988,-0.03013752132906522,0.06931671819544905,-0.09437348538504997,2026-02-28,780,ok,6.694219169961814e-06,0.5842877934262029,0.28649113966818107,-0.0008386317780526576,-0.007926401608034038,-0.0627349042891449
CMP040,Saudi Arabian Oil Company,2222.SR,^TASI.SR,SAR,Saudi Exchange (Tadawul),PRIMARY_DIRECT,Raw Materials & Energy,False,2025-07-10,23.47162437438965,11276.91015625,0.006430959418701976,-7.273737409074776e-05,0.006503696792792724,-0.023900375087010706,0.06923893890529609,-0.08786978859225725,2026-02-28,780,ok,6.694219169961814e-06,0.5842877934262029,0.28649113966818107,-3.5805340637137455e-05,0.006466764759339113,-0.056268139529805784
CMP040,Saudi Arabian Oil Company,2222.SR,^TASI.SR,SAR,Saudi Exchange (Tadawul),PRIMARY_DIRECT,Raw Materials & Energy,False,2025-07-14,23.302898406982425,11213.58984375,-0.007188508333122567,-0.005615040966244322,-0.001573467366878245,-0.03091707537465549,0.06323511846063923,-0.08944325595913549,2026-02-28,780,ok,6.694219169961814e-06,0.5842877934262029,0.28649113966818107,-0.003274105676994667,-0.0039144026561279,-0.060182542185933684
CMP040,Saudi Arabian Oil Company,2222.SR,^TASI.SR,SAR,Saudi Exchange (Tadawul),PRIMARY_DIRECT,Raw Materials & Energy,False,2025-07-15,23.059181213378903,11095.41015625,-0.01045866438359,-0.010538970048549534,8.030566495953462e-05,-0.04105238844317982,0.05202971539261658,-0.08936295029417596,2026-02-28,780,ok,6.694219169961814e-06,0.5842877934262029,0.28649113966818107,-0.006151097335481887,-0.004307567048108112,-0.06449010923404179
CMP040,Saudi Arabian Oil Company,2222.SR,^TASI.SR,SAR,Saudi Exchange (Tadawul),PRIMARY_DIRECT,Raw Materials & Energy,False,2025-07-16,22.89045524597168,11038.740234375,-0.007317084064950574,-0.005107510319758535,-0.0022095737451920394,-0.048069088730824605,0.04665646276455626,-0.091572524039368,2026-02-28,780,ok,6.694219169961814e-06,0.5842877934262029,0.28649113966818107,-0.002977561715463312,-0.004339522349487262,-0.06882963158352905
CMP040,Saudi Arabian Oil Company,2222.SR,^TASI.SR,SAR,Saudi Exchange (Tadawul),PRIMARY_DIRECT,Raw Materials & Energy,False,2025-07-17,22.89045524597168,11006.98046875,0.0,-0.002877118670307932,0.002877118670307932,-0.048069088730824605,0.043645107914138004,-0.08869540536906007,2026-02-28,780,ok,6.694219169961814e-06,0.5842877934262029,0.28649113966818107,-0.0016743711001295908,0.0016743711001295908,-0.06715526048339945
CMP040,Saudi Arabian Oil Company,2222.SR,^TASI.SR,SAR,Saudi Exchange (Tadawul),PRIMARY_DIRECT,Raw Materials & Energy,False,2025-07-20,22.59987449645996,10964.7099609375,-0.012694406746797005,-0.003840336405839029,-0.008854070340957976,-0.060153286913324666,0.03963715961143954,-0.09754947571001804,2026-02-28,780,ok,6.694219169961814e-06,0.5842877934262029,0.28649113966818107,-0.0022371674654120387,-0.010457239281384966,-0.07761249976478442
CMP040,Saudi Arabian Oil Company,2222.SR,^TASI.SR,SAR,Saudi Exchange (Tadawul),PRIMARY_DIRECT,Raw Materials & Energy,False,2025-07-21,22.590499877929688,10981.169921875,-0.0004148084331947466,0.0015011761365453236,-0.0019159845697400701,-0.06054314325582333,0.04119783810611399,-0.09946546027975811,2026-02-28,780,ok,6.694219169961814e-06,0.5842877934262029,0.28649113966818107,0.0008838131115361011,-0.0012986215447308477,-0.07891112130951526
CMP040,Saudi Arabian Oil Company,2222.SR,^TASI.SR,SAR,Saudi Exchange (Tadawul),PRIMARY_DIRECT,Raw Materials & Energy,False,2025-07-22,22.487388610839844,10843.2001953125,-0.004564364119741371,-0.01256421014737763,0.00799984602763626,-0.06483116642479148,0.02811600966315342,-0.09146561425212185,2026-02-28,780,ok,6.694219169961814e-06,0.5842877934262029,0.28649113966818107,-0.007334420403984421,0.00277005628424305,-0.07614106502527221
CMP040,Saudi Arabian Oil Company,2222.SR,^TASI.SR,SAR,Saudi Exchange (Tadawul),PRIMARY_DIRECT,Raw Materials & Energy,False,2025-07-23,22.6936092376709,10983.9296875,0.009170501315197033,0.01297859392546652,-0.0038080926102694868,-0.056255199406558765,0.04145950986084257,-0.09527370686239134,2026-02-28,780,ok,6.694219169961814e-06,0.5842877934262029,0.28649113966818107,0.007589928225655514,0.0015805730895415183,-0.0745604919357307
CMP040,Saudi Arabian Oil Company,2222.SR,^TASI.SR,SAR,Saudi Exchange (Tadawul),PRIMARY_DIRECT,Raw Materials & Energy,False,2025-07-24,22.524887084960938,10945.7998046875,-0.0074347870778477265,-0.0034714245172101643,-0.003963362560637562,-0.06327174105479683,0.037844161784629904,-0.0992370694230289,2026-02-28,780,ok,6.694219169961814e-06,0.5842877934262029,0.28649113966818107,-0.0020216167520363867,-0.00541317032581134,-0.07997366226154204
CMP040,Saudi Arabian Oil Company,2222.SR,^TASI.SR,SAR,Saudi Exchange (Tadawul),PRIMARY_DIRECT,Raw Materials & Energy,False,2025-07-27,22.59987449645996,10956.2197265625,0.003329091560644981,0.0009519561896735862,0.002377135370971395,-0.060153286913324666,0.038832143958357435,-0.0968599340520575,2026-02-28,780,ok,6.694219169961814e-06,0.5842877934262029,0.28649113966818107,0.0005629106006727573,0.0027661809599722237,-0.07720748130156982
CMP040,Saudi Arabian Oil Company,2222.SR,^TASI.SR,SAR,Saudi Exchange (Tadawul),PRIMARY_DIRECT,Raw Materials & Energy,False,2025-07-28,22.6467399597168,10885.3203125,0.0020737045802701193,-0.00647115664270681,0.00854486122297693,-0.05820432247964502,0.032109698429323874,-0.08831507282908058,2026-02-28,780,ok,6.694219169961814e-06,0.5842877934262029,0.28649113966818107,-0.003774323616512515,0.005848028196782634,-0.07135945310478718
CMP040,Saudi Arabian Oil Company,2222.SR,^TASI.SR,SAR,Saudi Exchange (Tadawul),PRIMARY_DIRECT,Raw Materials & Energy,False,2025-07-29,22.65611457824707,10823.91015625,0.0004139500231354898,-0.005641557114261508,0.006055507137396998,-0.05781446613714658,0.0262869926174516,-0.08225956569168358,2026-02-28,780,ok,6.694219169961814e-06,0.5842877934262029,0.28649113966818107,-0.0032895987386097913,0.003703548761745281,-0.0676559043430419
CMP040,Saudi Arabian Oil Company,2222.SR,^TASI.SR,SAR,Saudi Exchange (Tadawul),PRIMARY_DIRECT,Raw Materials & Energy,False,2025-07-30,22.721729278564453,10914.3798828125,0.0028961144282162454,0.008358322016398079,-0.005462207588181833,-0.05508578901846972,0.03486502978298911,-0.08772177327986541,2026-02-28,780,ok,6.694219169961814e-06,0.5842877934262029,0.28649113966818107,0.0048903597468768455,-0.0019942453186606,-0.0696501496617025
CMP040,Saudi Arabian Oil Company,2222.SR,^TASI.SR,SAR,Saudi Exchange (Tadawul),PRIMARY_DIRECT,Raw Materials & Energy,False,2025-07-31,22.777973175048828,10920.26953125,0.0024753352086381852,0.0005396228187708463,0.001935712389867339,-0.05274680960288458,0.035423466567408024,-0.08578606088999807,2026-02-28,780,ok,6.694219169961814e-06,0.5842877934262029,0.28649113966818107,0.00032198924523200735,0.002153345963406178,-0.06749680369829633
CMP040,Saudi Arabian Oil Company,2222.SR,^TASI.SR,SAR,Saudi Exchange (Tadawul),PRIMARY_DIRECT,Raw Materials & Energy,False,2025-08-03,22.49676322937012,10833.099609375,-0.012345696586680832,-0.007982396553999904,-0.004363300032680928,-0.06444131008229281,0.027158305855949694,-0.090149360922679,2026-02-28,780,ok,6.694219169961814e-06,0.5842877934262029,0.28649113966818107,-0.004657322649619568,-0.007688373937061264,-0.07518517763535759
CMP040,Saudi Arabian Oil Company,2222.SR,^TASI.SR,SAR,Saudi Exchange (Tadawul),PRIMARY_DIRECT,Raw Materials & Energy,False,2025-08-04,22.41240119934082,10839.4501953125,-0.0037499630133086548,0.0005862205801194786,-0.004336183593428133,-0.06794962056626375,0.027760447193883042,-0.09448554451610713,2026-02-28,780,ok,6.694219169961814e-06,0.5842877934262029,0.28649113966818107,0.00034921574838900056,-0.004099178761697656,-0.07928435639705525
CMP040,Saudi Arabian Oil Company,2222.SR,^TASI.SR,SAR,Saudi Exchange (Tadawul),PRIMARY_DIRECT,Raw Materials & Energy,False,2025-08-05,22.6092472076416,10921.849609375,0.008782905791753004,0.007601807525084103,0.0011810982666689007,-0.05976350989052959,0.03557328429534534,-0.09330444624943823,2026-02-28,780,ok,6.694219169961814e-06,0.5842877934262029,0.28649113966818107,0.004448337564052056,0.004334568227700948,-0.0749497881693543
CMP040,Saudi Arabian Oil Company,2222.SR,^TASI.SR,SAR,Saudi Exchange (Tadawul),PRIMARY_DIRECT,Raw Materials & Energy,False,2025-08-06,22.80609130859375,10946.740234375,0.008706353605865136,0.002278975255128435,0.006427378350736701,-0.05157747853449901,0.03793333018512657,-0.08687706789870153,2026-02-28,780,ok,6.694219169961814e-06,0.5842877934262029,0.28649113966818107,0.0013382716422618726,0.0073680819636032634,-0.06758170620575103
CMP040,Saudi Arabian Oil Company,2222.SR,^TASI.SR,SAR,Saudi Exchange (Tadawul),PRIMARY_DIRECT,Raw Materials & Energy,False,2025-08-07,22.815465927124023,10930.2998046875,0.0004110576601410454,-0.0015018561996998914,0.0019129138598409368,-0.05118762219200035,0.036374503578312956,-0.0849641540388606,2026-02-28,780,ok,6.694219169961814e-06,0.5842877934262029,0.28649113966818107,-0.0008708220257961504,0.0012818796859371958,-0.06629982651981384
CMP040,Saudi Arabian Oil Company,2222.SR,^TASI.SR,SAR,Saudi Exchange (Tadawul),PRIMARY_DIRECT,Raw Materials & Energy,False,2025-08-10,22.62799072265625,10899.1103515625,-0.008217022832958887,-0.0028534856026203315,-0.005363537230338555,-0.05898403516464268,0.03341722385342938,-0.09032769126919915,2026-02-28,780,ok,6.694219169961814e-06,0.5842877934262029,0.28649113966818107,-0.0016605625871585104,-0.006556460245800377,-0.07285628676561422
CMP040,Saudi Arabian Oil Company,2222.SR,^TASI.SR,SAR,Saudi Exchange (Tadawul),PRIMARY_DIRECT,Raw Materials & Energy,False,2025-08-11,22.543630599975582,10791.6396484375,-0.0037281313977295394,-0.009860502339954058,0.006132370942224519,-0.06249226632891014,0.02322721089947377,-0.08419532032697463,2026-02-28,780,ok,6.694219169961814e-06,0.5842877934262029,0.28649113966818107,-0.005754676935115705,0.0020265455373861653,-0.07082974122822805
CMP040,Saudi Arabian Oil Company,2222.SR,^TASI.SR,SAR,Saudi Exchange (Tadawul),PRIMARY_DIRECT,Raw Materials & Energy,False,2025-08-12,22.543630599975582,10769.66015625,0.0,-0.002036714799931505,0.002036714799931505,-0.06249226632891014,0.02114318889534217,-0.08215860552704313,2026-02-28,780,ok,6.694219169961814e-06,0.5842877934262029,0.28649113966818107,-0.0011833333771205075,0.0011833333771205075,-0.06964640785110754
CMP040,Saudi Arabian Oil Company,2222.SR,^TASI.SR,SAR,Saudi Exchange (Tadawul),PRIMARY_DIRECT,Raw Materials & Energy,False,2025-08-13,22.543630599975582,10763.4501953125,0.0,-0.0005766162392688567,0.0005766162392688567,-0.06249226632891014,0.020554381150006407,-0.08158198928777427,2026-02-28,780,ok,6.694219169961814e-06,0.5842877934262029,0.28649113966818107,-0.0003302156109261539,0.0003302156109261539,-0.06931619224018139
CMP040,Saudi Arabian Oil Company,2222.SR,^TASI.SR,SAR,Saudi Exchange (Tadawul),PRIMARY_DIRECT,Raw Materials & Energy,False,2025-08-14,22.553003311157227,10833.58984375,0.0004157587279509656,0.0065164651821445485,-0.006100706454193583,-0.06210248930611484,0.027204788241255606,-0.08768269574196785,2026-02-28,780,ok,6.694219169961814e-06,0.5842877934262029,0.28649113966818107,0.003814185281383879,-0.0033984265534329136,-0.0727146187936143
CMP040,Saudi Arabian Oil Company,2222.SR,^TASI.SR,SAR,Saudi Exchange (Tadawul),PRIMARY_DIRECT,Raw Materials & Energy,False,2025-08-17,22.6467399597168,10897.3896484375,0.004156282303794168,0.005889073299586434,-0.001732790995792266,-0.05820432247964524,0.033254072532894474,-0.08941548673776012,2026-02-28,780,ok,6.694219169961814e-06,0.5842877934262029,0.28649113966818107,0.003447607862710487,0.0007086744410836807,-0.07200594435253062
CMP040,Saudi Arabian Oil Company,2222.SR,^TASI.SR,SAR,Saudi Exchange (Tadawul),PRIMARY_DIRECT,Raw Materials & Energy,False,2025-08-18,22.61861991882324,10885.580078125,-0.0012416816258579155,-0.0010837063456011764,-0.00015797528025673913,-0.05937373286773462,0.03213432853787235,-0.08957346201801686,2026-02-28,780,ok,6.694219169961814e-06,0.5842877934262029,0.28649113966818107,-0.0006265021702233235,-0.000615179455634592,-0.07262112380816521
CMP040,Saudi Arabian Oil Company,2222.SR,^TASI.SR,SAR,Saudi Exchange (Tadawul),PRIMARY_DIRECT,Raw Materials & Energy,False,2025-08-19,22.543630599975582,10881.7099609375,-0.003315379944346164,-0.0003555269594935906,-0.0029598529848525734,-0.06249226632891014,0.031767376958258264,-0.09253331500286943,2026-02-28,780,ok,6.694219169961814e-06,0.5842877934262029,0.28649113966818107,-0.00020103584349607522,-0.003114344100850089,-0.0757354679090153
CMP040,Saudi Arabian Oil Company,2222.SR,^TASI.SR,SAR,Saudi Exchange (Tadawul),PRIMARY_DIRECT,Raw Materials & Energy,False,2025-08-20,22.69684219360352,10878.0703125,0.0067962253439382,-0.0003344739430259924,0.007130699286964193,-0.05612075250919657,0.0314222776554014,-0.08540261571590524,2026-02-28,780,ok,6.694219169961814e-06,0.5842877934262029,0.28649113966818107,-0.00018873482295925678,0.006984960166897457,-0.06875050774211784
CMP040,Saudi Arabian Oil Company,2222.SR,^TASI.SR,SAR,Saudi Exchange (Tadawul),PRIMARY_DIRECT,Raw Materials & Energy,False,2025-08-21,22.53526496887207,10866.830078125,-0.007118929732744306,-0.0010332930429842735,-0.006085636689760032,-0.06284016254827918,0.030356516191521132,-0.09148825240566527,2026-02-28,780,ok,6.694219169961814e-06,0.5842877934262029,0.28649113966818107,-0.000597046292877966,-0.0065218834398663396,-0.07527239118198419
CMP040,Saudi Arabian Oil Company,2222.SR,^TASI.SR,SAR,Saudi Exchange (Tadawul),PRIMARY_DIRECT,Raw Materials & Energy,False,2025-08-24,22.68733787536621,10904.5302734375,0.006748219144713685,0.0034692909561906404,0.003278928188523045,-0.05651600259153067,0.03393112273479648,-0.08820932421714223,2026-02-28,780,ok,6.694219169961814e-06,0.5842877934262029,0.28649113966818107,0.0020337585767160726,0.004714460567997613,-0.07055793061398657
CMP040,Saudi Arabian Oil Company,2222.SR,^TASI.SR,SAR,Saudi Exchange (Tadawul),PRIMARY_DIRECT,Raw Materials & Energy,False,2025-08-25,22.611303329467773,10898.0400390625,-0.0033514088923141117,-0.0005951869738772819,-0.0027562219184368297,-0.05967800325020145,0.03331574039865837,-0.09096554613557906,2026-02-28,780,ok,6.694219169961814e-06,0.5842877934262029,0.28649113966818107,-0.00034106626447281426,-0.0030103426278412972,-0.07356827324182787
CMP040,Saudi Arabian Oil Company,2222.SR,^TASI.SR,SAR,Saudi Exchange (Tadawul),PRIMARY_DIRECT,Raw Materials & Energy,False,2025-08-26,22.60179710388184,10874.740234375,-0.0004204191791786771,-0.0021379811969844953,0.0017175620178058182,-0.06007333265223869,0.03110653077513792,-0.08924798411777324,2026-02-28,780,ok,6.694219169961814e-06,0.5842877934262029,0.28649113966818107,-0.001242502096802821,0.0008220829176241438,-0.07274619032420372
CMP040,Saudi Arabian Oil Company,2222.SR,^TASI.SR,SAR,Saudi Exchange (Tadawul),PRIMARY_DIRECT,Raw Materials & Energy,False,2025-08-27,22.56378173828125,10808.4501953125,-0.001681962076991672,-0.0060957813827090535,0.004413819305717381,-0.06165425366187083,0.024821130781249146,-0.08483416481205586,2026-02-28,780,ok,6.694219169961814e-06,0.5842877934262029,0.28649113966818107,-0.003554996434141639,0.0018730343571499667,-0.07087315596705375
CMP040,Saudi Arabian Oil Company,2222.SR,^TASI.SR,SAR,Saudi Exchange (Tadawul),PRIMARY_DIRECT,Raw Materials & Energy,False,2025-08-28,22.52576446533203,10732.3095703125,-0.0016848803711267957,-0.007044546037971444,0.0053596656668446485,-0.06323525399120622,0.0176017311447747,-0.07947449914521121,2026-02-28,780,ok,6.694219169961814e-06,0.5842877934262029,0.28649113966818107,-0.0041093480410456735,0.0024244676699188778,-0.06844868829713487
CMP040,Saudi Arabian Oil Company,2222.SR,^TASI.SR,SAR,Saudi Exchange (Tadawul),PRIMARY_DIRECT,Raw Materials & Energy,False,2025-08-31,22.62080764770508,10696.8896484375,0.004219309960348916,-0.0033003075100421775,0.007519617470391093,-0.059282753167867575,0.014243332509245699,-0.07195488167482011,2026-02-28,780,ok,6.694219169961814e-06,0.5842877934262029,0.28649113966818107,-0.001921635173500508,0.006140945133849424,-0.06230774316328544
CMP040,Saudi Arabian Oil Company,2222.SR,^TASI.SR,SAR,Saudi Exchange (Tadawul),PRIMARY_DIRECT,Raw Materials & Energy,False,2025-09-01,22.43071556091309,10670.5595703125,-0.008403417320569373,-0.002461470482575834,-0.005941946837993539,-0.06718799277365506,0.011746802484124741,-0.07789682851281365,2026-02-28,780,ok,6.694219169961814e-06,0.5842877934262029,0.28649113966818107,-0.001431512937678003,-0.00697190438289137,-0.06927964754617681
CMP040,Saudi Arabian Oil Company,2222.SR,^TASI.SR,SAR,Saudi Exchange (Tadawul),PRIMARY_DIRECT,Raw Materials & Energy,False,2025-09-02,22.57328414916992,10667.4404296875,0.00635595364176722,-0.00029231275121488487,0.006648266392982105,-0.061259082899240536,0.011451055992757642,-0.07124856211983155,2026-02-28,780,ok,6.694219169961814e-06,0.5842877934262029,0.28649113966818107,-0.00016410055322772587,0.006520054194994946,-0.06275959335118186
CMP040,Saudi Arabian Oil Company,2222.SR,^TASI.SR,SAR,Saudi Exchange (Tadawul),PRIMARY_DIRECT,Raw Materials & Energy,False,2025-09-03,22.43071556091309,10619.099609375,-0.006315810642115727,-0.004531623179068078,-0.0017841874630476484,-0.06718799277365495,0.006867540942927963,-0.0730327495828792,2026-02-28,780,ok,6.694219169961814e-06,0.5842877934262029,0.28649113966818107,-0.00264107788876676,-0.0036747327533489665,-0.06643432610453083
CMP040,Saudi Arabian Oil Company,2222.SR,^TASI.SR,SAR,Saudi Exchange (Tadawul),PRIMARY_DIRECT,Raw Materials & Energy,False,2025-09-04,22.47823905944824,10655.6103515625,0.0021186795582197604,0.0034382144937472603,-0.0013195349355275,-0.06521166304228254,0.010329367515481636,-0.0743522845184067,2026-02-28,780,ok,6.694219169961814e-06,0.5842877934262029,0.28649113966818107,0.0020156009790475377,0.0001030785791722227,-0.06633124752535861
CMP040,Saudi Arabian Oil Company,2222.SR,^TASI.SR,SAR,Saudi Exchange (Tadawul),PRIMARY_DIRECT,Raw Materials & Energy,False,2025-09-07,22.30715560913086,10593.9697265625,-0.007611069971491746,-0.005784804714725866,-0.00182626525676588,-0.07232640248340216,0.004484809426852143,-0.07617854977517258,2026-02-28,780,ok,6.694219169961814e-06,0.5842877934262029,0.28649113966818107,-0.0033732965629987093,-0.0042377734084930365,-0.07056902093385164
CMP040,Saudi Arabian Oil Company,2222.SR,^TASI.SR,SAR,Saudi Exchange (Tadawul),PRIMARY_DIRECT,Raw Materials & Energy,False,2025-09-08,22.098058700561523,10497.0498046875,-0.009373535211443462,-0.00914859343348795,-0.00022494177795551185,-0.08102198361445045,-0.004704813704708766,-0.07640349155312809,2026-02-28,780,ok,6.694219169961814e-06,0.5842877934262029,0.28649113966818107,-0.005338717251036162,-0.0040348179604073,-0.07460383889425895
CMP040,Saudi Arabian Oil Company,2222.SR,^TASI.SR,SAR,Saudi Exchange (Tadawul),PRIMARY_DIRECT,Raw Materials & Energy,False,2025-09-09,22.145580291748047,10529.169921875,0.0021504871459734343,0.0030599185280759666,-0.0009094313821025324,-0.07904573320278119,-0.0016592915232589434,-0.07731292293523062,2026-02-28,780,ok,6.694219169961814e-06,0.5842877934262029,0.28649113966818107,0.0017945672640034228,0.00035591988197001146,-0.07424791901228894
CMP040,Saudi Arabian Oil Company,2222.SR,^TASI.SR,SAR,Saudi Exchange (Tadawul),PRIMARY_DIRECT,Raw Materials & Energy,False,2025-09-10,22.022018432617188,10498.0400390625,-0.005579526817678482,-0.0029565372240621945,-0.0026229895936162873,-0.08418422223223165,-0.004610922990167077,-0.07993591252884691,2026-02-28,780,ok,6.694219169961814e-06,0.5842877934262029,0.28649113966818107,-0.001720774391659769,-0.0038587524260187125,-0.07810667143830766
CMP040,Saudi Arabian Oil Company,2222.SR,^TASI.SR,SAR,Saudi Exchange (Tadawul),PRIMARY_DIRECT,Raw Materials & Energy,False,2025-09-11,21.98400115966797,10453.0595703125,-0.0017263300848441299,-0.004284653952797868,0.002558323867953738,-0.08576522256156704,-0.008875820733549089,-0.07737758866089317,2026-02-28,780,ok,6.694219169961814e-06,0.5842877934262029,0.28649113966818107,-0.0024967767845051623,0.0007704466996610324,-0.07733622473864663
CMP040,Saudi Arabian Oil Company,2222.SR,^TASI.SR,SAR,Saudi Exchange (Tadawul),PRIMARY_DIRECT,Raw Materials & Energy,False,2025-09-14,22.01251792907715,10433.98046875,0.001297160112122775,-0.0018252169553004682,0.003122377067423243,-0.08457931367515847,-0.010684837390354529,-0.07425521159346993,2026-02-28,780,ok,6.694219169961814e-06,0.5842877934262029,0.28649113966818107,-0.0010597577681666411,0.002356917880289416,-0.07497930685835721
CMP040,Saudi Arabian Oil Company,2222.SR,^TASI.SR,SAR,Saudi Exchange (Tadawul),PRIMARY_DIRECT,Raw Materials & Energy,False,2025-09-15,22.069543838500977,10427.0595703125,0.0025906127416936986,-0.0006633037562441269,0.0032539164979378254,-0.08220781318115533,-0.01134105385382278,-0.0710012950955321,2026-02-28,780,ok,6.694219169961814e-06,0.5842877934262029,0.28649113966818107,-0.000380866068937231,0.0029714788106309296,-0.07200782804772629
CMP040,Saudi Arabian Oil Company,2222.SR,^TASI.SR,SAR,Saudi Exchange (Tadawul),PRIMARY_DIRECT,Raw Materials & Energy,False,2025-09-16,22.193103790283203,10518.73046875,0.005598663601133147,0.00879163467124533,-0.0031929710701121827,-0.07706940347140823,-0.0026491255848472006,-0.07419426616564428,2026-02-28,780,ok,6.694219169961814e-06,0.5842877934262029,0.28649113966818107,0.005143539041841195,0.0004551245592919516,-0.07155270348843434
CMP040,Saudi Arabian Oil Company,2222.SR,^TASI.SR,SAR,Saudi Exchange (Tadawul),PRIMARY_DIRECT,Raw Materials & Energy,False,2025-09-17,22.90594482421875,10650.3896484375,0.03211993422243409,0.01251664163072208,0.019603292591712007,-0.04742493341903797,0.009834357890294632,-0.05459097357393228,2026-02-28,780,ok,6.694219169961814e-06,0.5842877934262029,0.28649113966818107,0.007320015138691115,0.024799919083742974,-0.04675278440469137
CMP040,Saudi Arabian Oil Company,2222.SR,^TASI.SR,SAR,Saudi Exchange (Tadawul),PRIMARY_DIRECT,Raw Materials & Energy,False,2025-09-18,23.25760841369629,10780.6904296875,0.0153525031242423,0.012234367525616019,0.0031181355986262815,-0.03280052173327841,0.022189042564718875,-0.051472837975305996,2026-02-28,780,ok,6.694219169961814e-06,0.5842877934262029,0.28649113966818107,0.007155085824677339,0.008197417299564962,-0.03855536710512641
CMP040,Saudi Arabian Oil Company,2222.SR,^TASI.SR,SAR,Saudi Exchange (Tadawul),PRIMARY_DIRECT,Raw Materials & Energy,False,2025-09-21,23.69482040405273,10808.6796875,0.018798665046702245,0.002596239822954649,0.016202425223747596,-0.01461846270799716,0.02484289046361332,-0.0352704127515584,2026-02-28,780,ok,6.694219169961814e-06,0.5842877934262029,0.28649113966818107,0.0015236454565293691,0.017275019590172875,-0.021280347514953533
CMP040,Saudi Arabian Oil Company,2222.SR,^TASI.SR,SAR,Saudi Exchange (Tadawul),PRIMARY_DIRECT,Raw Materials & Energy,False,2025-09-22,23.713829040527344,10876.419921875,0.0008022274974222032,0.0062672071273737195,-0.005464979629951516,-0.013827962543329297,0.031265793131165065,-0.040735392381509916,2026-02-28,780,ok,6.694219169961814e-06,0.5842877934262029,0.28649113966818107,0.0036685468425681237,-0.0028663193451459205,-0.024146666860099454
CMP040,Saudi Arabian Oil Company,2222.SR,^TASI.SR,SAR,Saudi Exchange (Tadawul),PRIMARY_DIRECT,Raw Materials & Energy,False,2025-09-24,23.818378448486328,11426.4501953125,0.004408794875779387,0.050570893491456825,-0.04616209861567744,-0.009480132317953416,0.08341782571698397,-0.08689749099718735,2026-02-28,780,ok,6.694219169961814e-06,0.5842877934262029,0.28649113966818107,0.029554649988884792,-0.025145855113105405,-0.049292521973204856
CMP040,Saudi Arabian Oil Company,2222.SR,^TASI.SR,SAR,Saudi Exchange (Tadawul),PRIMARY_DIRECT,Raw Materials & Energy,False,2025-09-25,23.818378448486328,11308.1103515625,0.0,-0.010356658605885083,0.010356658605885083,-0.009480132317953416,0.0721972371685029,-0.07654083239130227,2026-02-28,780,ok,6.694219169961814e-06,0.5842877934262029,0.28649113966818107,-0.006044574984931128,0.006044574984931128,-0.04324794698827373
CMP040,Saudi Arabian Oil Company,2222.SR,^TASI.SR,SAR,Saudi Exchange (Tadawul),PRIMARY_DIRECT,Raw Materials & Energy,False,2025-09-28,23.238603591918945,11229.5400390625,-0.02434149150082998,-0.006948138111257829,-0.017393353389572153,-0.033590863258539216,0.06474746268214715,-0.09393418578087442,2026-02-28,780,ok,6.694219169961814e-06,0.5842877934262029,0.28649113966818107,-0.00405301806627738,-0.020288473434552604,-0.06353642042282634
CMP040,Saudi Arabian Oil Company,2222.SR,^TASI.SR,SAR,Saudi Exchange (Tadawul),PRIMARY_DIRECT,Raw Materials & Energy,False,2025-09-29,23.751848220825195,11434.1796875,0.022085863587979482,0.01822333307737023,0.0038625305106092522,-0.012246882894290323,0.08415071033788868,-0.09007165527026517,2026-02-28,780,ok,6.694219169961814e-06,0.5842877934262029,0.28649113966818107,0.010654365291817347,0.011431498296162135,-0.052104922126664205
CMP040,Saudi Arabian Oil Company,2222.SR,^TASI.SR,SAR,Saudi Exchange (Tadawul),PRIMARY_DIRECT,Raw Materials & Energy,False,2025-09-30,23.40018081665039,11502.9697265625,-0.0148058964045783,0.006016176144030938,-0.02082207254860924,-0.02687145321945672,0.09067315197795778,-0.11089372781887441,2026-02-28,780,ok,6.694219169961814e-06,0.5842877934262029,0.28649113966818107,0.0035218725032291603,-0.018327768907807462,-0.07043269103447167
CMP040,Saudi Arabian Oil Company,2222.SR,^TASI.SR,SAR,Saudi Exchange (Tadawul),PRIMARY_DIRECT,Raw Materials & Energy,False,2025-10-01,23.40018081665039,11529.3603515625,0.0,0.0022942444974933807,-0.0022942444974933807,-0.02687145321945672,0.09317542285544689,-0.11318797231636779,2026-02-28,780,ok,6.694219169961814e-06,0.5842877934262029,0.28649113966818107,0.0013471932741905767,-0.0013471932741905767,-0.07177988430866225
CMP040,Saudi Arabian Oil Company,2222.SR,^TASI.SR,SAR,Saudi Exchange (Tadawul),PRIMARY_DIRECT,Raw Materials & Energy,False,2025-10-02,23.523738861083984,11495.7197265625,0.005280217507792839,-0.002917822322679009,0.008198039830471848,-0.021733122829413087,0.0899857312040353,-0.10498993248589594,2026-02-28,780,ok,6.694219169961814e-06,0.5842877934262029,0.28649113966818107,-0.0016981537473578746,0.006978371255150714,-0.06480151305351153
CMP040,Saudi Arabian Oil Company,2222.SR,^TASI.SR,SAR,Saudi Exchange (Tadawul),PRIMARY_DIRECT,Raw Materials & Energy,False,2025-10-06,23.618783950805664,11605.2001953125,0.004040390444858932,0.009523585417364533,-0.005483194972505601,-0.01778054268637108,0.10036630341886554,-0.11047312745840154,2026-02-28,780,ok,6.694219169961814e-06,0.5842877934262029,0.28649113966818107,0.005571208928187847,-0.0015308184833289148,-0.06633233153684046
CMP040,Saudi Arabian Oil Company,2222.SR,^TASI.SR,SAR,Saudi Exchange (Tadawul),PRIMARY_DIRECT,Raw Materials & Energy,False,2025-10-07,23.580766677856445,11583.23046875,-0.001609620250915711,-0.0018930932851441984,0.00028347303422848746,-0.019361543015706584,0.09828320735866436,-0.11018965442417306,2026-02-28,780,ok,6.694219169961814e-06,0.5842877934262029,0.28649113966818107,-0.0010994170791569034,-0.0005102031717588076,-0.06684253470859926
CMP040,Saudi Arabian Oil Company,2222.SR,^TASI.SR,SAR,Saudi Exchange (Tadawul),PRIMARY_DIRECT,Raw Materials & Energy,False,2025-10-08,23.637792587280277,11559.26953125,0.002418322957980168,-0.0020685885137694537,0.004486911471749622,-0.01699004252170322,0.09601131133105634,-0.10570274295242343,2026-02-28,780,ok,6.694219169961814e-06,0.5842877934262029,0.28649113966818107,-0.0012019567990471808,0.0036202797570273485,-0.06322225495157191
CMP040,Saudi Arabian Oil Company,2222.SR,^TASI.SR,SAR,Saudi Exchange (Tadawul),PRIMARY_DIRECT,Raw Materials & Energy,False,2025-10-09,23.60927963256836,11583.3095703125,-0.0012062443904876652,0.0020797195702988436,-0.0032859639607865088,-0.018175792768704957,0.09829070750450053,-0.10898870691320994,2026-02-28,780,ok,6.694219169961814e-06,0.5842877934262029,0.28649113966818107,0.0012218489778451638,-0.0024280933683328287,-0.06565034831990474
CMP040,Saudi Arabian Oil Company,2222.SR,^TASI.SR,SAR,Saudi Exchange (Tadawul),PRIMARY_DIRECT,Raw Materials & Energy,False,2025-10-12,23.2861270904541,11494.4501953125,-0.013687522327808677,-0.007671328687246959,-0.006016193640561718,-0.031614533527166366,0.08986535849308441,-0.11500490055377166,2026-02-28,780,ok,6.694219169961814e-06,0.5842877934262029,0.28649113966818107,-0.004475569492148694,-0.009211952835659983,-0.07486230115556472
CMP040,Saudi Arabian Oil Company,2222.SR,^TASI.SR,SAR,Saudi Exchange (Tadawul),PRIMARY_DIRECT,Raw Materials & Energy,False,2025-10-13,23.504728317260746,11591.6904296875,0.00938761632441043,0.0084597551620742,0.0009278611623362298,-0.0225237023137842,0.09908535258556217,-0.11407703939143543,2026-02-28,780,ok,6.694219169961814e-06,0.5842877934262029,0.28649113966818107,0.004949625895744225,0.004437990428666205,-0.07042431072689852
CMP040,Saudi Arabian Oil Company,2222.SR,^TASI.SR,SAR,Saudi Exchange (Tadawul),PRIMARY_DIRECT,Raw Materials & Energy,False,2025-10-14,23.523738861083984,11596.0,0.000808796577719928,0.00037178100456025653,0.00043701557315967143,-0.0217331228294132,0.09949397164204399,-0.11364002381827576,2026-02-28,780,ok,6.694219169961814e-06,0.5842877934262029,0.28649113966818107,0.00022392132196225116,0.0005848752557576769,-0.06983943547114084
CMP040,Saudi Arabian Oil Company,2222.SR,^TASI.SR,SAR,Saudi Exchange (Tadawul),PRIMARY_DIRECT,Raw Materials & Energy,False,2025-10-15,23.732837677001957,11682.23046875,0.008888842762316607,0.007436225314763734,0.001452617447552873,-0.013037462378661324,0.1076700565473987,-0.11218740637072289,2026-02-28,780,ok,6.694219169961814e-06,0.5842877934262029,0.28649113966818107,0.004351589899753334,0.004537252862563273,-0.06530218260857756
CMP040,Saudi Arabian Oil Company,2222.SR,^TASI.SR,SAR,Saudi Exchange (Tadawul),PRIMARY_DIRECT,Raw Materials & Energy,False,2025-10-16,24.04648971557617,11696.580078125,0.013215951789791847,0.0012283278791138663,0.01198762391067798,6.186936872820681e-06,0.10903063855871542,-0.1001997824600449,2026-02-28,780,ok,6.694219169961814e-06,0.5842877934262029,0.28649113966818107,0.0007243912052612904,0.012491560584530556,-0.05281062202404701
CMP040,Saudi Arabian Oil Company,2222.SR,^TASI.SR,SAR,Saudi Exchange (Tadawul),PRIMARY_DIRECT,Raw Materials & Energy,False,2025-10-19,23.91342544555664,11690.6103515625,-0.005533625555888766,-0.0005103822247721768,-0.005023243331116589,-0.005527472855207938,0.1084646090340673,-0.1052230257911615,2026-02-28,780,ok,6.694219169961814e-06,0.5842877934262029,0.28649113966818107,-0.0002915158847461296,-0.005242109671142636,-0.058052731695189645
CMP040,Saudi Arabian Oil Company,2222.SR,^TASI.SR,SAR,Saudi Exchange (Tadawul),PRIMARY_DIRECT,Raw Materials & Energy,False,2025-10-20,23.818378448486328,11644.5498046875,-0.003974629117300843,-0.003939960830945277,-3.466828635556585e-05,-0.009480132317953416,0.10409730189198396,-0.10525769407751706,2026-02-28,780,ok,6.694219169961814e-06,0.5842877934262029,0.28649113966818107,-0.0022953768009287227,-0.0016792523163721203,-0.05973198401156177
CMP040,Saudi Arabian Oil Company,2222.SR,^TASI.SR,SAR,Saudi Exchange (Tadawul),PRIMARY_DIRECT,Raw Materials & Energy,False,2025-10-21,23.79937171936035,11545.7998046875,-0.0007979858564715059,-0.008480362200026681,0.007682376343555175,-0.010270553162917695,0.09473415686786768,-0.09757531773396189,2026-02-28,780,ok,6.694219169961814e-06,0.5842877934262029,0.28649113966818107,-0.004948277898138607,0.004150292041667101,-0.05558169196989467
CMP040,Saudi Arabian Oil Company,2222.SR,^TASI.SR,SAR,Saudi Exchange (Tadawul),PRIMARY_DIRECT,Raw Materials & Energy,False,2025-10-22,24.69279670715332,11585.900390625,0.03753985602343368,0.0034731752339252076,0.034066680789508474,0.02688374777349911,0.09853636042923308,-0.06350863694445341,2026-02-28,780,ok,6.694219169961814e-06,0.5842877934262029,0.28649113966818107,0.0020360281127826574,0.03550382791065102,-0.020077864059243646
CMP040,Saudi Arabian Oil Company,2222.SR,^TASI.SR,SAR,Saudi Exchange (Tadawul),PRIMARY_DIRECT,Raw Materials & Energy,False,2025-10-23,24.578744888305664,11611.6796875,-0.004618829539653424,0.0022250576999487404,-0.006843887239602164,0.022140746785492826,0.10098066721667975,-0.07035252418405558,2026-02-28,780,ok,6.694219169961814e-06,0.5842877934262029,0.28649113966818107,0.0013067682729189934,-0.005925597812572418,-0.026003461871816062
CMP040,Saudi Arabian Oil Company,2222.SR,^TASI.SR,SAR,Saudi Exchange (Tadawul),PRIMARY_DIRECT,Raw Materials & Energy,False,2025-10-26,24.46468734741211,11593.4501953125,-0.0046404949240439475,-0.0015699272351720195,-0.003070567688871928,0.017397507838376347,0.09925220768181853,-0.0734230918729275,2026-02-28,780,ok,6.694219169961814e-06,0.5842877934262029,0.28649113966818107,-0.0009105951009083969,-0.0037298998231355507,-0.029733361694951613
CMP040,Saudi Arabian Oil Company,2222.SR,^TASI.SR,SAR,Saudi Exchange (Tadawul),PRIMARY_DIRECT,Raw Materials & Energy,False,2025-10-27,24.52171516418457,11619.8203125,0.0023310257745228213,0.002274570274012344,5.645550051047721e-05,0.01976908765208285,0.10175253407705398,-0.07336663637241703,2026-02-28,780,ok,6.694219169961814e-06,0.5842877934262029,0.28649113966818107,0.0013356978655654679,0.0009953279089573535,-0.02873803378599426
CMP040,Saudi Arabian Oil Company,2222.SR,^TASI.SR,SAR,Saudi Exchange (Tadawul),PRIMARY_DIRECT,Raw Materials & Energy,False,2025-10-28,24.59775161743164,11674.0595703125,0.0031007803792666433,0.004667822423566337,-0.0015670420442996935,0.022931167630457105,0.10689531926083995,-0.07493367841671672,2026-02-28,780,ok,6.694219169961814e-06,0.5842877934262029,0.28649113966818107,0.0027340458831408873,0.000366734496125756,-0.028371299289868503
CMP040,Saudi Arabian Oil Company,2222.SR,^TASI.SR,SAR,Saudi Exchange (Tadawul),PRIMARY_DIRECT,Raw Materials & Energy,False,2025-10-29,24.63576889038086,11752.080078125,0.0015455588600332693,0.006683237081546833,-0.005137678221513564,0.024512167959792608,0.11429296310391468,-0.08007135663823028,2026-02-28,780,ok,6.694219169961814e-06,0.5842877934262029,0.28649113966818107,0.003911628066491137,-0.0023660692064578675,-0.03073736849632637
CMP040,Saudi Arabian Oil Company,2222.SR,^TASI.SR,SAR,Saudi Exchange (Tadawul),PRIMARY_DIRECT,Raw Materials & Energy,False,2025-10-30,24.61676025390625,11655.849609375,-0.0007715868970515904,-0.008188377556167303,0.007416790659115713,0.023721667795124857,0.10516871161383934,-0.07265456597911457,2026-02-28,780,ok,6.694219169961814e-06,0.5842877934262029,0.28649113966818107,-0.004777674834863676,0.004006087937812085,-0.026731280558514287
CMP040,Saudi Arabian Oil Company,2222.SR,^TASI.SR,SAR,Saudi Exchange (Tadawul),PRIMARY_DIRECT,Raw Materials & Energy,False,2025-11-02,24.36964225769043,11536.2900390625,-0.01003860758552122,-0.010257473656518079,0.00021886607099685929,0.013444927695334341,0.0938324726684523,-0.07243569990811771,2026-02-28,780,ok,6.694219169961814e-06,0.5842877934262029,0.28649113966818107,-0.005986622429724391,-0.004051985155796829,-0.030783265714311114
CMP040,Saudi Arabian Oil Company,2222.SR,^TASI.SR,SAR,Saudi Exchange (Tadawul),PRIMARY_DIRECT,Raw Materials & Energy,False,2025-11-03,24.3126163482666,11483.5703125,-0.002340038840981884,-0.004569903009025267,0.002229864168043383,0.011073427201331087,0.08883376436023527,-0.07020583574007433,2026-02-28,780,ok,6.694219169961814e-06,0.5842877934262029,0.28649113966818107,-0.002663444326145176,0.00032340548516329205,-0.030459860229147824
CMP040,Saudi Arabian Oil Company,2222.SR,^TASI.SR,SAR,Saudi Exchange (Tadawul),PRIMARY_DIRECT,Raw Materials & Energy,False,2025-11-04,24.48369789123535,11398.2900390625,0.007036739301031547,-0.00742628565130754,0.014463024952339087,0.01818808732274735,0.08074777379930764,-0.05574281078773524,2026-02-28,780,ok,6.694219169961814e-06,0.5842877934262029,0.28649113966818107,-0.004332393837385193,0.01136913313841674,-0.019090727090731084
CMP040,Saudi Arabian Oil Company,2222.SR,^TASI.SR,SAR,Saudi Exchange (Tadawul),PRIMARY_DIRECT,Raw Materials & Energy,False,2025-11-05,24.331623077392575,11256.740234375,-0.0062112681882591225,-0.012418512268278947,0.006207244080019825,0.011863848046295145,0.06732649431146576,-0.04953556670771542,2026-02-28,780,ok,6.694219169961814e-06,0.5842877934262029,0.28649113966818107,-0.0072492909116989735,0.001038022723439851,-0.018052704367291235
CMP040,Saudi Arabian Oil Company,2222.SR,^TASI.SR,SAR,Saudi Exchange (Tadawul),PRIMARY_DIRECT,Raw Materials & Energy,False,2025-11-06,24.559734344482425,11302.349609375,0.009375094557575903,0.004051739140317201,0.005323355417258702,0.021350167301121825,0.07165102284396507,-0.044212211290456715,2026-02-28,780,ok,6.694219169961814e-06,0.5842877934262029,0.28649113966818107,0.0023740759410044794,0.007001018616571424,-0.011051685750719811
CMP040,Saudi Arabian Oil Company,2222.SR,^TASI.SR,SAR,Saudi Exchange (Tadawul),PRIMARY_DIRECT,Raw Materials & Energy,False,2025-11-09,24.426671981811523,11244.3603515625,-0.005417907246248244,-0.005130725894764376,-0.00028718135148386725,0.015816586828744317,0.06615267519090873,-0.04449939264194058,2026-02-28,780,ok,6.694219169961814e-06,0.5842877934262029,0.28649113966818107,-0.002991126292556596,-0.0024267809536916477,-0.01347846670441146
CMP040,Saudi Arabian Oil Company,2222.SR,^TASI.SR,SAR,Saudi Exchange (Tadawul),PRIMARY_DIRECT,Raw Materials & Energy,False,2025-11-10,24.6547794342041,11243.7998046875,0.009338458082313927,-4.9851379489318504e-05,0.009388309461803246,0.02530274744416383,0.06609952600930424,-0.03511108318013734,2026-02-28,780,ok,6.694219169961814e-06,0.5842877934262029,0.28649113966818107,-2.2433333351104363e-05,0.009360891415665032,-0.004117575288746428
CMP040,Saudi Arabian Oil Company,2222.SR,^TASI.SR,SAR,Saudi Exchange (Tadawul),PRIMARY_DIRECT,Raw Materials & Energy,False,2025-11-11,24.6547794342041,11270.4501953125,0.0,0.0023702299123014026,-0.0023702299123014026,0.02530274744416383,0.06862642699534183,-0.03748131309243874,2026-02-28,780,ok,6.694219169961814e-06,0.5842877934262029,0.28649113966818107,0.0013915906245413306,-0.0013915906245413306,-0.005509165913287759
CMP040,Saudi Arabian Oil Company,2222.SR,^TASI.SR,SAR,Saudi Exchange (Tadawul),PRIMARY_DIRECT,Raw Materials & Energy,False,2025-11-12,24.67378807067871,11254.8798828125,0.000770991950073574,-0.0013815164638654176,0.0021525084139389916,0.026093247608831582,0.06715010199272609,-0.03532880467849975,2026-02-28,780,ok,6.694219169961814e-06,0.5842877934262029,0.28649113966818107,-0.0008005089870839335,0.0015715009371575074,-0.003937664976130252
CMP040,Saudi Arabian Oil Company,2222.SR,^TASI.SR,SAR,Saudi Exchange (Tadawul),PRIMARY_DIRECT,Raw Materials & Energy,False,2025-11-13,24.578744888305664,11177.66015625,-0.0038519898971650646,-0.006860999616746133,0.0030090097195810683,0.02214074678549305,0.059828385551943475,-0.03231979495891868,2026-02-28,780,ok,6.694219169961814e-06,0.5842877934262029,0.28649113966818107,-0.00400210410759666,0.00015011421043159556,-0.003787550765698656
CMP040,Saudi Arabian Oil Company,2222.SR,^TASI.SR,SAR,Saudi Exchange (Tadawul),PRIMARY_DIRECT,Raw Materials & Energy,False,2025-11-17,24.559734344482425,11051.1298828125,-0.0007734546214475113,-0.011319924892040145,0.010546470270592634,0.021350167301122047,0.047831207829043265,-0.021773324688326046,2026-02-28,780,ok,6.694219169961814e-06,0.5842877934262029,0.28649113966818107,-0.006607399717750522,0.005833945096303011,0.0020463943306043546
CMP040,Saudi Arabian Oil Company,2222.SR,^TASI.SR,SAR,Saudi Exchange (Tadawul),PRIMARY_DIRECT,Raw Materials & Energy,False,2025-11-18,24.878612518310547,11098.7998046875,0.012983779439770693,0.004313579007802604,0.00867020043196809,0.03461115260413261,0.05235111053085517,-0.013103124256357956,2026-02-28,780,ok,6.694219169961814e-06,0.5842877934262029,0.28649113966818107,0.002527065779408535,0.010456713660362158,0.012503107990966513
CMP040,Saudi Arabian Oil Company,2222.SR,^TASI.SR,SAR,Saudi Exchange (Tadawul),PRIMARY_DIRECT,Raw Materials & Energy,False,2025-11-19,24.936376571655277,10998.669921875,0.002321835805843886,-0.009021685639397758,0.011343521445241644,0.03701334982337423,0.04285712962937471,-0.001759602811116312,2026-02-28,780,ok,6.694219169961814e-06,0.5842877934262029,0.28649113966818107,-0.005264566576058617,0.007586402381902503,0.020089510372869015
CMP040,Saudi Arabian Oil Company,2222.SR,^TASI.SR,SAR,Saudi Exchange (Tadawul),PRIMARY_DIRECT,Raw Materials & Energy,False,2025-11-20,24.82084274291992,11010.6298828125,-0.004633144210161033,0.0010874006604846276,-0.005720544870645661,0.03220871742578035,0.043991133160924845,-0.007480147681761973,2026-02-28,780,ok,6.694219169961814e-06,0.5842877934262029,0.28649113966818107,0.0006420491516547205,-0.005275193361815754,0.014814317011053261
CMP040,Saudi Arabian Oil Company,2222.SR,^TASI.SR,SAR,Saudi Exchange (Tadawul),PRIMARY_DIRECT,Raw Materials & Energy,False,2025-11-23,24.647541046142575,11010.8095703125,-0.006982103652656058,1.6319456916935593e-05,-0.006998423109572993,0.025001729169538356,0.044008170529244106,-0.014478570791334966,2026-02-28,780,ok,6.694219169961814e-06,0.5842877934262029,0.28649113966818107,1.6229478641872095e-05,-0.00699833313129793,0.007815983879755331
CMP040,Saudi Arabian Oil Company,2222.SR,^TASI.SR,SAR,Saudi Exchange (Tadawul),PRIMARY_DIRECT,Raw Materials & Energy,False,2025-11-24,24.300935745239254,10851.759765625,-0.014062469771505492,-0.014444878341764444,0.0003824085702589519,0.010587673337350889,0.028927599518141056,-0.014096162221076014,2026-02-28,780,ok,6.694219169961814e-06,0.5842877934262029,0.28649113966818107,-0.008433271873449534,-0.0056291978980559584,0.002186785981699373
CMP040,Saudi Arabian Oil Company,2222.SR,^TASI.SR,SAR,Saudi Exchange (Tadawul),PRIMARY_DIRECT,Raw Materials & Energy,False,2025-11-25,23.655860900878903,10686.6201171875,-0.026545267685287643,-0.015217775918760279,-0.011327491766527364,-0.016238646970841097,0.013269609872046173,-0.02542365398760338,2026-02-28,780,ok,6.694219169961814e-06,0.5842877934262029,0.28649113966818107,-0.008884866493256888,-0.017660401192030755,-0.015473615210331382
CMP040,Saudi Arabian Oil Company,2222.SR,^TASI.SR,SAR,Saudi Exchange (Tadawul),PRIMARY_DIRECT,Raw Materials & Energy,False,2025-11-26,23.617351531982425,10635.3798828125,-0.0016278997013821073,-0.004794802642286267,0.0031669029409041594,-0.01784011178366851,0.008411182069283374,-0.02225675104669922,2026-02-28,780,ok,6.694219169961814e-06,0.5842877934262029,0.28649113966818107,-0.0027948504366056078,0.0011669507352235005,-0.014306664475107882
CMP040,Saudi Arabian Oil Company,2222.SR,^TASI.SR,SAR,Saudi Exchange (Tadawul),PRIMARY_DIRECT,Raw Materials & Energy,False,2025-11-27,23.71363067626953,10640.650390625,0.004076627481143458,0.000495563663035492,0.0035810638181079657,-0.013836211792489062,0.008910914008515514,-0.018675687228591253,2026-02-28,780,ok,6.694219169961814e-06,0.5842877934262029,0.28649113966818107,0.0002962460183471758,0.003780381462796282,-0.0105262830123116
CMP040,Saudi Arabian Oil Company,2222.SR,^TASI.SR,SAR,Saudi Exchange (Tadawul),PRIMARY_DIRECT,Raw Materials & Energy,False,2025-11-30,23.626977920532227,10590.8798828125,-0.003654132803207477,-0.004677393390948192,0.0010232605877407153,-0.017439785240313532,0.004191840767276522,-0.017652426640850538,2026-02-28,780,ok,6.694219169961814e-06,0.5842877934262029,0.28649113966818107,-0.002726249644213462,-0.000927883158994015,-0.011454166171305616
CMP040,Saudi Arabian Oil Company,2222.SR,^TASI.SR,SAR,Saudi Exchange (Tadawul),PRIMARY_DIRECT,Raw Materials & Energy,False,2025-12-01,23.424789428710938,10543.0,-0.008557526591057796,-0.00452085977201977,-0.004036666819038026,-0.02584807040543502,-0.0003479697290387218,-0.021689093459888564,2026-02-28,780,ok,6.694219169961814e-06,0.5842877934262029,0.28649113966818107,-0.0026347889614127557,-0.00592273762964504,-0.017376903800950656
CMP040,Saudi Arabian Oil Company,2222.SR,^TASI.SR,SAR,Saudi Exchange (Tadawul),PRIMARY_DIRECT,Raw Materials & Energy,False,2025-12-02,23.492185592651367,10536.2802734375,0.002877129979995674,-0.0006373638018116745,0.0035144937818073485,-0.023045308683727894,-0.000985111747541012,-0.018174599678081216,2026-02-28,780,ok,6.694219169961814e-06,0.5842877934262029,0.28649113966818107,-0.00036570967020031715,0.003242839650195991,-0.014134064150754664
CMP040,Saudi Arabian Oil Company,2222.SR,^TASI.SR,SAR,Saudi Exchange (Tadawul),PRIMARY_DIRECT,Raw Materials & Energy,False,2025-12-03,23.54995346069336,10574.7900390625,0.0024590248452687202,0.003654967846867585,-0.0011959430015988648,-0.02064295282507933,0.002666255547563834,-0.01937054267968008,2026-02-28,780,ok,6.694219169961814e-06,0.5842877934262029,0.28649113966818107,0.002142247317459943,0.00031677752780877744,-0.013817286622945887
CMP040,Saudi Arabian Oil Company,2222.SR,^TASI.SR,SAR,Saudi Exchange (Tadawul),PRIMARY_DIRECT,Raw Materials & Energy,False,2025-12-04,23.607723236083984,10626.150390625,0.002453073866453659,0.00485686726382073,-0.002403793397367071,-0.018240517646727294,0.007536072460670562,-0.02177433607704715,2026-02-28,780,ok,6.694219169961814e-06,0.5842877934262029,0.28649113966818107,0.0028445024757117357,-0.0003914286092580768,-0.014208715232203965
CMP040,Saudi Arabian Oil Company,2222.SR,^TASI.SR,SAR,Saudi Exchange (Tadawul),PRIMARY_DIRECT,Raw Materials & Energy,False,2025-12-07,23.51144218444824,10631.25,-0.004078370907389384,0.00047991127431235014,-0.004558282181701734,-0.02224449695761055,0.008019600381120817,-0.026332618258748886,2026-02-28,780,ok,6.694219169961814e-06,0.5842877934262029,0.28649113966818107,0.000287100518678282,-0.004365471426067666,-0.01857418665827163
CMP040,Saudi Arabian Oil Company,2222.SR,^TASI.SR,SAR,Saudi Exchange (Tadawul),PRIMARY_DIRECT,Raw Materials & Energy,False,2025-12-08,23.415163040161133,10625.5,-0.0040949910061574,-0.0005408583186361504,-0.0035541326875212498,-0.026248396948789998,0.0074744045949064475,-0.029886750946270135,2026-02-28,780,ok,6.694219169961814e-06,0.5842877934262029,0.28649113966818107,-0.00030932269438216066,-0.0037856683117752396,-0.02235985497004687
CMP040,Saudi Arabian Oil Company,2222.SR,^TASI.SR,SAR,Saudi Exchange (Tadawul),PRIMARY_DIRECT,Raw Materials & Energy,False,2025-12-09,23.43441772460937,10699.7900390625,0.000822316907006515,0.006991674656486646,-0.006169357749480131,-0.025447664542376236,0.01451833785657164,-0.036056108695750266,2026-02-28,780,ok,6.694219169961814e-06,0.5842877934262029,0.28649113966818107,0.004091844376562449,-0.0032695274695559336,-0.025629382439602805
CMP040,Saudi Arabian Oil Company,2222.SR,^TASI.SR,SAR,Saudi Exchange (Tadawul),PRIMARY_DIRECT,Raw Materials & Energy,False,2025-12-10,23.415163040161133,10726.16015625,-0.0008216412575089427,0.0024645452939944246,-0.0032861865515033672,-0.026248396948789887,0.017018664251807092,-0.039342295247253634,2026-02-28,780,ok,6.694219169961814e-06,0.5842877934262029,0.28649113966818107,0.0014466979507968963,-0.002268339208305839,-0.027897721647908644
CMP040,Saudi Arabian Oil Company,2222.SR,^TASI.SR,SAR,Saudi Exchange (Tadawul),PRIMARY_DIRECT,Raw Materials & Energy,False,2025-12-11,23.01078987121582,10715.98046875,-0.01726971399907573,-0.0009490523497421854,-0.016320661649333545,-0.04306480863962581,0.016053460298767197,-0.05566295689658718,2026-02-28,780,ok,6.694219169961814e-06,0.5842877934262029,0.28649113966818107,-0.0005478254841068526,-0.016721888514968877,-0.04461961016287752
CMP040,Saudi Arabian Oil Company,2222.SR,^TASI.SR,SAR,Saudi Exchange (Tadawul),PRIMARY_DIRECT,Raw Materials & Energy,False,2025-12-14,23.001161575317383,10588.830078125,-0.00041842526711699524,-0.011865492942600642,0.011447067675483646,-0.04346521450268448,0.003997485136287171,-0.04421588922110353,2026-02-28,780,ok,6.694219169961814e-06,0.5842877934262029,0.28649113966818107,-0.00692616847017635,0.006507743203059355,-0.038111866959818164
CMP040,Saudi Arabian Oil Company,2222.SR,^TASI.SR,SAR,Saudi Exchange (Tadawul),PRIMARY_DIRECT,Raw Materials & Energy,False,2025-12-15,23.10706901550293,10590.169921875,0.004604438773178954,0.00012653369070192433,0.0044779050824770295,-0.039060908648446246,0.004124524643536853,-0.0397379841386265,2026-02-28,780,ok,6.694219169961814e-06,0.5842877934262029,0.28649113966818107,8.062631010426282e-05,0.004523812463074691,-0.03358805449674347
CMP040,Saudi Arabian Oil Company,2222.SR,^TASI.SR,SAR,Saudi Exchange (Tadawul),PRIMARY_DIRECT,Raw Materials & Energy,False,2025-12-16,22.866369247436523,10452.91015625,-0.01041671567713398,-0.012961054132047178,0.0025443384549131975,-0.04907073794609884,-0.008889987675684163,-0.037193645683713306,2026-02-28,780,ok,6.694219169961814e-06,0.5842877934262029,0.28649113966818107,-0.007566291500121453,-0.0028504241770125277,-0.036438478673756
CMP040,Saudi Arabian Oil Company,2222.SR,^TASI.SR,SAR,Saudi Exchange (Tadawul),PRIMARY_DIRECT,Raw Materials & Energy,False,2025-12-17,22.72195243835449,10414.0595703125,-0.006315686041771795,-0.0037167243721376586,-0.0025989616696341367,-0.05507650861316504,-0.012573670413959626,-0.03979260735334744,2026-02-28,780,ok,6.694219169961814e-06,0.5842877934262029,0.28649113966818107,-0.0021649424629997397,-0.004150743578772056,-0.040589222252528055
CMP040,Saudi Arabian Oil Company,2222.SR,^TASI.SR,SAR,Saudi Exchange (Tadawul),PRIMARY_DIRECT,Raw Materials & Energy,False,2025-12-18,22.77009010314941,10450.26953125,0.002118553188838801,0.00347702648453474,-0.0013584732956959389,-0.053074637937278735,-0.009140362914462075,-0.04115108064904338,2026-02-28,780,ok,6.694219169961814e-06,0.5842877934262029,0.28649113966818107,0.0020382783515032325,8.027483733556847e-05,-0.04050894741519249
CMP040,Saudi Arabian Oil Company,2222.SR,^TASI.SR,SAR,Saudi Exchange (Tadawul),PRIMARY_DIRECT,Raw Materials & Energy,False,2025-12-21,22.94339179992676,10484.58984375,0.007610935924815765,0.0032841557241534147,0.00432678020066235,-0.045867649681036404,-0.005886225565495007,-0.03682430044838103,2026-02-28,780,ok,6.694219169961814e-06,0.5842877934262029,0.28649113966818107,0.0019255863205035937,0.005685349604312171,-0.03482359781088032
CMP040,Saudi Arabian Oil Company,2222.SR,^TASI.SR,SAR,Saudi Exchange (Tadawul),PRIMARY_DIRECT,Raw Materials & Energy,False,2025-12-22,22.866369247436523,10552.259765625,-0.0033570691361546334,0.006454226906676741,-0.009811296042831374,-0.04907073794609884,0.0005300103057581662,-0.046635596491212405,2026-02-28,780,ok,6.694219169961814e-06,0.5842877934262029,0.28649113966818107,0.0037778202167441416,-0.007134889352898775,-0.04195848716377909
CMP040,Saudi Arabian Oil Company,2222.SR,^TASI.SR,SAR,Saudi Exchange (Tadawul),PRIMARY_DIRECT,Raw Materials & Energy,False,2025-12-23,22.87599754333496,10595.849609375,0.0004210679795402239,0.004130853932538425,-0.0037097859529982014,-0.04867033208304017,0.00466305363345243,-0.05034538244421061,2026-02-28,780,ok,6.694219169961814e-06,0.5842877934262029,0.28649113966818107,0.002420301748378791,-0.001999233768838567,-0.043957720932617655
CMP040,Saudi Arabian Oil Company,2222.SR,^TASI.SR,SAR,Saudi Exchange (Tadawul),PRIMARY_DIRECT,Raw Materials & Energy,False,2025-12-24,22.866369247436523,10540.7197265625,-0.00042089075592000036,-0.005202969544199854,0.004782078788279853,-0.04907073794609884,-0.0005641776367852902,-0.045563303655930754,2026-02-28,780,ok,6.694219169961814e-06,0.5842877934262029,0.28649113966818107,-0.0030333373750743068,0.0026124466191543064,-0.04134527431346335
CMP040,Saudi Arabian Oil Company,2222.SR,^TASI.SR,SAR,Saudi Exchange (Tadawul),PRIMARY_DIRECT,Raw Materials & Energy,False,2025-12-25,22.8086051940918,10526.08984375,-0.0025261576387427542,-0.0013879396466289773,-0.001138217992113777,-0.05147293516534035,-0.0019513342389044785,-0.04670152164804453,2026-02-28,780,ok,6.694219169961814e-06,0.5842877934262029,0.28649113966818107,-0.0008042619743676271,-0.0017218956643751272,-0.04306716997783847
CMP040,Saudi Arabian Oil Company,2222.SR,^TASI.SR,SAR,Saudi Exchange (Tadawul),PRIMARY_DIRECT,Raw Materials & Energy,False,2025-12-28,22.635299682617188,10416.650390625,-0.007598251186333171,-0.010396971216237616,0.0027987200299044446,-0.0586800820609894,-0.012328017489226961,-0.043902801618140086,2026-02-28,780,ok,6.694219169961814e-06,0.5842877934262029,0.28649113966818107,-0.00606812915108126,-0.0015301220352519117,-0.04459729201309039
CMP040,Saudi Arabian Oil Company,2222.SR,^TASI.SR,SAR,Saudi Exchange (Tadawul),PRIMARY_DIRECT,Raw Materials & Energy,False,2025-12-29,22.818233489990234,10489.650390625,0.00808179303733847,0.0070080109500170185,0.001073782087321451,-0.0510725293022819,-0.005406401420766427,-0.042829019530818635,2026-02-28,780,ok,6.694219169961814e-06,0.5842877934262029,0.28649113966818107,0.004101389473462073,0.0039804035638763965,-0.04061688844921399
CMP040,Saudi Arabian Oil Company,2222.SR,^TASI.SR,SAR,Saudi Exchange (Tadawul),PRIMARY_DIRECT,Raw Materials & Energy,False,2025-12-30,22.74120712280273,10381.509765625,-0.0033756498819811354,-0.010309268752812684,0.006933618870831548,-0.05427577620675128,-0.015659934128346875,-0.03589540065998709,2026-02-28,780,ok,6.694219169961814e-06,0.5842877934262029,0.28649113966818107,-0.0060168856722486634,0.002641235790267528,-0.03797565265894646
CMP040,Saudi Arabian Oil Company,2222.SR,^TASI.SR,SAR,Saudi Exchange (Tadawul),PRIMARY_DIRECT,Raw Materials & Energy,False,2025-12-31,22.94339179992676,10490.6904296875,0.008890674801572018,0.01051683873804321,-0.0016261639364711922,-0.045867649681036404,-0.005307788392179824,-0.03752156459645828,2026-02-28,780,ok,6.694219169961814e-06,0.5842877934262029,0.28649113966818107,0.006151554719240441,0.0027391200823315776,-0.03523653257661488
CMP040,Saudi Arabian Oil Company,2222.SR,^TASI.SR,SAR,Saudi Exchange (Tadawul),PRIMARY_DIRECT,Raw Materials & Energy,False,2026-01-01,22.991533279418945,10549.080078125,0.0020982721261089132,0.005565853728012327,-0.0034675816019034134,-0.043865620365743374,0.00022852296202247047,-0.04098914619836169,2026-02-28,780,ok,6.694219169961814e-06,0.5842877934262029,0.28649113966818107,0.003258754612443289,-0.001160482486334376,-0.036397015062949255
CMP040,Saudi Arabian Oil Company,2222.SR,^TASI.SR,SAR,Saudi Exchange (Tadawul),PRIMARY_DIRECT,Raw Materials & Energy,False,2026-01-04,22.625673294067383,10364.0302734375,-0.01591281368255093,-0.017541795428326235,0.0016289817457753042,-0.059080408604344714,-0.01731728116935427,-0.03936016445258639,2026-02-28,780,ok,6.694219169961814e-06,0.5842877934262029,0.28649113966818107,-0.010242762724380627,-0.005670050958170303,-0.04206706602111956
CMP040,Saudi Arabian Oil Company,2222.SR,^TASI.SR,SAR,Saudi Exchange (Tadawul),PRIMARY_DIRECT,Raw Materials & Energy,False,2026-01-05,22.539018630981445,10325.2001953125,-0.0038299263831701458,-0.0037466195196784735,-8.330686349167227e-05,-0.06268406137187266,-0.020999019425375853,-0.03944347131607806,2026-02-28,780,ok,6.694219169961814e-06,0.5842877934262029,0.28649113966818107,-0.0021824098327905134,-0.0016475165503796324,-0.04371458257149919
CMP040,Saudi Arabian Oil Company,2222.SR,^TASI.SR,SAR,Saudi Exchange (Tadawul),PRIMARY_DIRECT,Raw Materials & Energy,False,2026-01-06,22.56790351867676,10290.759765625,0.0012815503713019538,-0.0033355701619359746,0.004617120533237928,-0.06148284378269653,-0.024264545884686628,-0.03482635078284013,2026-02-28,780,ok,6.694219169961814e-06,0.5842877934262029,0.28649113966818107,-0.001942238710565891,0.003223789081867845,-0.040490793489631347
CMP040,Saudi Arabian Oil Company,2222.SR,^TASI.SR,SAR,Saudi Exchange (Tadawul),PRIMARY_DIRECT,Raw Materials & Energy,False,2026-01-07,22.702695846557617,10455.1396484375,0.00597274477752463,0.015973541949894754,-0.010000797172370124,-0.05587732033928239,-0.008678594676376106,-0.044827147955210256,2026-02-28,780,ok,6.694219169961814e-06,0.5842877934262029,0.28649113966818107,0.009339839798274853,-0.0033670950207502232,-0.04385788851038157
CMP040,Saudi Arabian Oil Company,2222.SR,^TASI.SR,SAR,Saudi Exchange (Tadawul),PRIMARY_DIRECT,Raw Materials & Energy,False,2026-01-08,22.77009010314941,10473.23046875,0.002968557436847874,0.001730327945949961,0.001238229490897913,-0.053074637937278846,-0.006963283545326271,-0.04358891846431234,2026-02-28,780,ok,6.694219169961814e-06,0.5842877934262029,0.28649113966818107,0.0010177037166127583,0.0019508537202351157,-0.04190703479014645
CMP040,Saudi Arabian Oil Company,2222.SR,^TASI.SR,SAR,Saudi Exchange (Tadawul),PRIMARY_DIRECT,Raw Materials & Energy,False,2026-01-11,23.318883895874023,10609.759765625,0.0241015204699917,0.013036025253370997,0.011065495216620702,-0.03025229693996989,0.005981968167901419,-0.03252342324769164,2026-02-28,780,ok,6.694219169961814e-06,0.5842877934262029,0.28649113966818107,0.0076234846495103585,0.01647803582048134,-0.02542899896966511
CMP040,Saudi Arabian Oil Company,2222.SR,^TASI.SR,SAR,Saudi Exchange (Tadawul),PRIMARY_DIRECT,Raw Materials & Energy,False,2026-01-12,23.357397079467773,10745.4501953125,0.0016515877760583386,0.012789208491518211,-0.011137620715459873,-0.028650673487735312,0.018847681297508467,-0.043661043963151513,2026-02-28,780,ok,6.694219169961814e-06,0.5842877934262029,0.28649113966818107,0.007479272628346793,-0.005827684852288455,-0.03125668382195357
CMP040,Saudi Arabian Oil Company,2222.SR,^TASI.SR,SAR,Saudi Exchange (Tadawul),PRIMARY_DIRECT,Raw Materials & Energy,False,2026-01-13,23.992839813232425,10893.6298828125,0.02720520319977071,0.013789993421088997,0.013415209778681714,-0.00222491768200872,0.03289758411969279,-0.0302458341844698,2026-02-28,780,ok,6.694219169961814e-06,0.5842877934262029,0.28649113966818107,0.008064019046539906,0.019141184153230805,-0.012115499668722763
CMP040,Saudi Arabian Oil Company,2222.SR,^TASI.SR,SAR,Saudi Exchange (Tadawul),PRIMARY_DIRECT,Raw Materials & Energy,False,2026-01-14,24.05060577392578,10945.150390625,0.002407633324901237,0.004729416031821199,-0.0023217827069199615,0.00017735885693626052,0.03778258651325794,-0.03256761689138976,2026-02-28,780,ok,6.694219169961814e-06,0.5842877934262029,0.28649113966818107,0.0027700342765972783,-0.0003624009516960411,-0.012477900620418803
CMP040,Saudi Arabian Oil Company,2222.SR,^TASI.SR,SAR,Saudi Exchange (Tadawul),PRIMARY_DIRECT,Raw Materials & Energy,False,2026-01-15,23.87730407714844,10818.3203125,-0.007205710259706732,-0.011587787613556721,0.004382077353849989,-0.007029629399305515,0.025756982311694765,-0.028185539537539772,2026-02-28,780,ok,6.694219169961814e-06,0.5842877934262029,0.28649113966818107,-0.0067639086362465805,-0.0004418016234601519,-0.012919702243878955
CMP040,Saudi Arabian Oil Company,2222.SR,^TASI.SR,SAR,Saudi Exchange (Tadawul),PRIMARY_DIRECT,Raw Materials & Energy,False,2026-01-18,24.05060577392578,10912.1796875,0.007258009372305807,0.008675965610996927,-0.0014179562386911204,0.00017735885693626052,0.03465641461547109,-0.029603495776230893,2026-02-28,780,ok,6.694219169961814e-06,0.5842877934262029,0.28649113966818107,0.005075955021860974,0.002182054350444833,-0.010737647893434121
CMP040,Saudi Arabian Oil Company,2222.SR,^TASI.SR,SAR,Saudi Exchange (Tadawul),PRIMARY_DIRECT,Raw Materials & Energy,False,2026-01-19,23.96395492553711,10917.0400390625,-0.0036028551298534772,0.0004454061151566435,-0.004048261245010121,-0.003426135271184738,0.03511725690962697,-0.03365175702124101,2026-02-28,780,ok,6.694219169961814e-06,0.5842877934262029,0.28649113966818107,0.00026693957537337427,-0.0038697947052268515,-0.014607442598660973
CMP040,Saudi Arabian Oil Company,2222.SR,^TASI.SR,SAR,Saudi Exchange (Tadawul),PRIMARY_DIRECT,Raw Materials & Energy,False,2026-01-20,24.069862365722656,10912.4296875,0.004419447479125704,-0.00042230783673991024,0.004841755315865615,0.0009781705830536058,0.034680118780089364,-0.0288100017053754,2026-02-28,780,ok,6.694219169961814e-06,0.5842877934262029,0.28649113966818107,-0.00024005509490539347,0.004659502574031098,-0.009947940024629875
CMP040,Saudi Arabian Oil Company,2222.SR,^TASI.SR,SAR,Saudi Exchange (Tadawul),PRIMARY_DIRECT,Raw Materials & Energy,False,2026-01-21,24.069862365722656,10948.2802734375,0.0,0.003285298230014444,-0.003285298230014444,0.0009781705830536058,0.038079351542948725,-0.03209529993538984,2026-02-28,780,ok,6.694219169961814e-06,0.5842877934262029,0.28649113966818107,0.001926253872732111,-0.001926253872732111,-0.011874193897361987
CMP040,Saudi Arabian Oil Company,2222.SR,^TASI.SR,SAR,Saudi Exchange (Tadawul),PRIMARY_DIRECT,Raw Materials & Energy,False,2026-01-22,24.300935745239254,11133.580078125,0.009600112206942457,0.016925014710946984,-0.007324902504004527,0.010587673337350889,0.05564885983894352,-0.03942020243939437,2026-02-28,780,ok,6.694219169961814e-06,0.5842877934262029,0.28649113966818107,0.009895773718335197,-0.0002956615113927398,-0.012169855408754727
CMP040,Saudi Arabian Oil Company,2222.SR,^TASI.SR,SAR,Saudi Exchange (Tadawul),PRIMARY_DIRECT,Raw Materials & Energy,False,2026-01-25,24.37795829772949,11268.48046875,0.0031695303134704478,0.012116533017986653,-0.008947002704516205,0.013790761602413104,0.06843966410458213,-0.048367205143910574,2026-02-28,780,ok,6.694219169961814e-06,0.5842877934262029,0.28649113966818107,0.007086236560225113,-0.003916706246754665,-0.016086561655509393
CMP040,Saudi Arabian Oil Company,2222.SR,^TASI.SR,SAR,Saudi Exchange (Tadawul),PRIMARY_DIRECT,Raw Materials & Energy,False,2026-01-26,24.3201904296875,11270.6201171875,-0.002369676218839434,0.00018987905631417945,-0.0025595552751536133,0.011388405743764762,0.06864253841973089,-0.05092676041906419,2026-02-28,780,ok,6.694219169961814e-06,0.5842877934262029,0.28649113966818107,0.00011763823400162343,-0.002487314452841057,-0.01857387610835045
CMP040,Saudi Arabian Oil Company,2222.SR,^TASI.SR,SAR,Saudi Exchange (Tadawul),PRIMARY_DIRECT,Raw Materials & Energy,False,2026-01-27,24.3201904296875,11381.830078125,0.0,0.009867244196076319,-0.009867244196076319,0.011388405743764762,0.07918709530463319,-0.06079400461514051,2026-02-28,780,ok,6.694219169961814e-06,0.5842877934262029,0.28649113966818107,0.005772004557692901,-0.005772004557692901,-0.024345880666043353
CMP040,Saudi Arabian Oil Company,2222.SR,^TASI.SR,SAR,Saudi Exchange (Tadawul),PRIMARY_DIRECT,Raw Materials & Energy,False,2026-01-28,24.68605232238769,11458.1103515625,0.01504354555766918,0.006701933952089512,0.008341611605579669,0.026603273302069574,0.08641973593931218,-0.05245239300956084,2026-02-28,780,ok,6.694219169961814e-06,0.5842877934262029,0.28649113966818107,0.003922552419724493,0.011120993137944686,-0.013224887528098667
CMP040,Saudi Arabian Oil Company,2222.SR,^TASI.SR,SAR,Saudi Exchange (Tadawul),PRIMARY_DIRECT,Raw Materials & Energy,False,2026-01-29,24.8400993347168,11382.080078125,0.006240244909041293,-0.006635498446489696,0.012875743355530989,0.03300952915189792,0.07921079946925103,-0.03957664965402985,2026-02-28,780,ok,6.694219169961814e-06,0.5842877934262029,0.28649113966818107,-0.0038703465264124993,0.010110591435453791,-0.003114296092644875
CMP040,Saudi Arabian Oil Company,2222.SR,^TASI.SR,SAR,Saudi Exchange (Tadawul),PRIMARY_DIRECT,Raw Materials & Energy,False,2026-02-01,24.243165969848636,11167.48046875,-0.024031037751684137,-0.01885416443233734,-0.0051768733193467975,0.008185238158999297,0.05886318159890358,-0.04475352297337665,2026-02-28,780,ok,6.694219169961814e-06,0.5842877934262029,0.28649113966818107,-0.011009563913895218,-0.013021473837788919,-0.016135769930433794
CMP040,Saudi Arabian Oil Company,2222.SR,^TASI.SR,SAR,Saudi Exchange (Tadawul),PRIMARY_DIRECT,Raw Materials & Energy,False,2026-02-02,24.647541046142575,11321.08984375,0.01667996155274687,0.013755060994272261,0.002924900558474608,0.025001729169538356,0.07342790924638565,-0.04182862241490204,2026-02-28,780,ok,6.694219169961814e-06,0.5842877934262029,0.28649113966818107,0.008043608455956133,0.008636353096790736,-0.007499416833643057
CMP040,Saudi Arabian Oil Company,2222.SR,^TASI.SR,SAR,Saudi Exchange (Tadawul),PRIMARY_DIRECT,Raw Materials & Energy,False,2026-02-03,24.647541046142575,11328.51953125,0.0,0.000656269635038953,-0.000656269635038953,0.025001729169538356,0.07413236738862738,-0.04248489204994099,2026-02-28,780,ok,6.694219169961814e-06,0.5842877934262029,0.28649113966818107,0.0003901445561194911,-0.0003901445561194911,-0.007889561389762548
CMP040,Saudi Arabian Oil Company,2222.SR,^TASI.SR,SAR,Saudi Exchange (Tadawul),PRIMARY_DIRECT,Raw Materials & Energy,False,2026-02-04,24.70530891418457,11341.26953125,0.0023437578594087682,0.0011254780436957823,0.001218279815712986,0.027404085028187142,0.07534127978414618,-0.041266612234228006,2026-02-28,780,ok,6.694219169961814e-06,0.5842877934262029,0.28649113966818107,0.00066429730187061,0.0016794605575381582,-0.00621010083222439
CMP040,Saudi Arabian Oil Company,2222.SR,^TASI.SR,SAR,Saudi Exchange (Tadawul),PRIMARY_DIRECT,Raw Materials & Energy,False,2026-02-05,24.647541046142575,11188.73046875,-0.0023382775031333125,-0.01344991070705892,0.011111633203925608,0.025001729169538356,0.0608780355914349,-0.030154979030302398,2026-02-28,780,ok,6.694219169961814e-06,0.5842877934262029,0.28649113966818107,-0.007851924429636956,0.005513646926503643,-0.0006964539057207463
CMP040,Saudi Arabian Oil Company,2222.SR,^TASI.SR,SAR,Saudi Exchange (Tadawul),PRIMARY_DIRECT,Raw Materials & Energy,False,2026-02-08,24.55125999450684,11216.9296875,-0.003906314688977952,0.0025203233582897777,-0.00642663804726773,0.020997749858655546,0.06355179128483246,-0.03658161707757013,2026-02-28,780,ok,6.694219169961814e-06,0.5842877934262029,0.28649113966818107,0.0014792883929056133,-0.005385603081883565,-0.0060820569876043114
CMP040,Saudi Arabian Oil Company,2222.SR,^TASI.SR,SAR,Saudi Exchange (Tadawul),PRIMARY_DIRECT,Raw Materials & Energy,False,2026-02-09,24.72456359863281,11195.4501953125,0.007058847658521161,-0.001914917253286963,0.008973764911808124,0.028204817434600793,0.061515177609936966,-0.027607852165762004,2026-02-28,780,ok,6.694219169961814e-06,0.5842877934262029,0.28649113966818107,-0.0011121685573468431,0.008171016215868004,0.0020889592282636923
CMP040,Saudi Arabian Oil Company,2222.SR,^TASI.SR,SAR,Saudi Exchange (Tadawul),PRIMARY_DIRECT,Raw Materials & Energy,False,2026-02-10,24.897869110107425,11213.9697265625,0.007009446730303459,0.0016542015664322562,0.005355245163871203,0.035411964330249956,0.06327113767953096,-0.0222526070018908,2026-02-28,780,ok,6.694219169961814e-06,0.5842877934262029,0.28649113966818107,0.0009732240023028331,0.006036222728000626,0.008125181956264318
CMP040,Saudi Arabian Oil Company,2222.SR,^TASI.SR,SAR,Saudi Exchange (Tadawul),PRIMARY_DIRECT,Raw Materials & Energy,False,2026-02-11,24.859355926513672,11167.5400390625,-0.0015468465764453265,-0.004140343574320693,0.0025934969978753664,0.033810340878015266,0.05886882985687891,-0.019659110004015434,2026-02-28,780,ok,6.694219169961814e-06,0.5842877934262029,0.28649113966818107,-0.0024124579918962333,0.0008656114154509068,0.008990793371715225
CMP040,Saudi Arabian Oil Company,2222.SR,^TASI.SR,SAR,Saudi Exchange (Tadawul),PRIMARY_DIRECT,Raw Materials & Energy,False,2026-02-12,25.032657623291016,11251.8095703125,0.006971286677323274,0.007545935000477844,-0.0005746483231545696,0.04101732913425726,0.06685898522101086,-0.020233758327170004,2026-02-28,780,ok,6.694219169961814e-06,0.5842877934262029,0.28649113966818107,0.004415691929936714,0.00255559474738656,0.011546388119101785
CMP040,Saudi Arabian Oil Company,2222.SR,^TASI.SR,SAR,Saudi Exchange (Tadawul),PRIMARY_DIRECT,Raw Materials & Energy,False,2026-02-15,24.82084274291992,11228.6396484375,-0.00846154186098158,-0.0020592173845648265,-0.006402324476416754,0.032208717425780575,0.06466209065176454,-0.026636082803586758,2026-02-28,780,ok,6.694219169961814e-06,0.5842877934262029,0.28649113966818107,-0.0011964813626422974,-0.007265060498339283,0.004281327620762502
CMP040,Saudi Arabian Oil Company,2222.SR,^TASI.SR,SAR,Saudi Exchange (Tadawul),PRIMARY_DIRECT,Raw Materials & Energy,False,2026-02-16,24.647541046142575,11183.849609375,-0.006982103652656058,-0.0039889105416908155,-0.002993193110965242,0.025001729169538578,0.060415248815025135,-0.029629275914552,2026-02-28,780,ok,6.694219169961814e-06,0.5842877934262029,0.28649113966818107,-0.0023239775194090844,-0.004658126133246973,-0.0003767985124844709
CMP040,Saudi Arabian Oil Company,2222.SR,^TASI.SR,SAR,Saudi Exchange (Tadawul),PRIMARY_DIRECT,Raw Materials & Energy,False,2026-02-17,24.49349403381348,11098.0595703125,-0.006249995163440603,-0.007670886327958648,0.0014208911645180455,0.018595473319710676,0.05228092398093098,-0.028208384750033955,2026-02-28,780,ok,6.694219169961814e-06,0.5842877934262029,0.28649113966818107,-0.004475311027016225,-0.0017746841364243773,-0.0021514826489088482
CMP040,Saudi Arabian Oil Company,2222.SR,^TASI.SR,SAR,Saudi Exchange (Tadawul),PRIMARY_DIRECT,Raw Materials & Energy,False,2026-02-18,24.647541046142575,11155.4501953125,0.006289303278512737,0.005171230577417418,0.0011180727010953184,0.025001729169538578,0.05772251127105421,-0.027090312048938636,2026-02-28,780,ok,6.694219169961814e-06,0.5842877934262029,0.28649113966818107,0.003028181122547294,0.003261122155965443,0.0011096395070565946
CMP040,Saudi Arabian Oil Company,2222.SR,^TASI.SR,SAR,Saudi Exchange (Tadawul),PRIMARY_DIRECT,Raw Materials & Energy,False,2026-02-19,24.743820190429688,10947.25,0.0039062373040323894,-0.018663540392120148,0.022569777696152538,0.02900562916071836,0.03798166445829221,-0.004520534352786099,2026-02-28,780,ok,6.694219169961814e-06,0.5842877934262029,0.28649113966818107,-0.010898184614062728,0.014804421918095117,0.015914061425151713
CMP040,Saudi Arabian Oil Company,2222.SR,^TASI.SR,SAR,Saudi Exchange (Tadawul),PRIMARY_DIRECT,Raw Materials & Energy,False,2026-02-23,25.01340103149414,10984.0595703125,0.010894875528101311,0.0033624490454222666,0.007532426482679044,0.04021651740813992,0.04147182491511581,0.0030118921298929457,2026-02-28,780,ok,6.694219169961814e-06,0.5842877934262029,0.28649113966818107,0.00197133215242778,0.008923543375673531,0.024837604800825246
CMP040,Saudi Arabian Oil Company,2222.SR,^TASI.SR,SAR,Saudi Exchange (Tadawul),PRIMARY_DIRECT,Raw Materials & Energy,False,2026-02-24,24.878612518310547,10906.4404296875,-0.005388651987543902,-0.00706652582573275,0.001677873838188848,0.03461115260413261,0.03411223736758018,0.004689765968081794,2026-02-28,780,ok,6.694219169961814e-06,0.5842877934262029,0.28649113966818107,-0.004122190562736703,-0.001266461424807199,0.023571143376018046
CMP040,Saudi Arabian Oil Company,2222.SR,^TASI.SR,SAR,Saudi Exchange (Tadawul),PRIMARY_DIRECT,Raw Materials & Energy,False,2026-02-25,24.782331466674805,10847.9296875,-0.003870033007864926,-0.005364788132728671,0.0014947551248637447,0.030607173293249357,0.028564444308641024,0.0061845210929455385,2026-02-28,780,ok,6.694219169961814e-06,0.5842877934262029,0.28649113966818107,-0.003127886001101152,-0.0007421470067637739,0.02282899636925427
CMP040,Saudi Arabian Oil Company,2222.SR,^TASI.SR,SAR,Saudi Exchange (Tadawul),PRIMARY_DIRECT,Raw Materials & Energy,False,2026-02-26,24.031349182128903,10709.0400390625,-0.030303132921765674,-0.01280333228906727,-0.017499800632698403,-0.0006234528691811958,0.015395391947437664,-0.011315279539752865,2026-02-28,780,ok,6.694219169961814e-06,0.5842877934262029,0.28649113966818107,-0.007474136552511609,-0.022828996369254066,2.0469737016526324e-16
CMP040,Saudi Arabian Oil Company,2222.SR,^TASI.SR,SAR,Saudi Exchange (Tadawul),PRIMARY_DIRECT,Raw Materials & Energy,False,2026-03-01,24.8400993347168,10475.5498046875,0.033653963681295584,-0.021803096591600846,0.05545706027289643,0.03300952915189792,-0.0067433718618586935,0.044141780733143565,2026-02-28,780,ok,6.694219169961814e-06,0.5842877934262029,0.28649113966818107,-0.012732588978194861,0.046386552659490446,0.046386552659490654
CMP040,Saudi Arabian Oil Company,2222.SR,^TASI.SR,SAR,Saudi Exchange (Tadawul),PRIMARY_DIRECT,Raw Materials & Energy,False,2026-03-02,25.24447250366211,10488.91015625,0.01627904798191171,0.0012753842816461969,0.015003663700265513,0.04982594084273373,-0.005476587970690394,0.05914544443340908,2026-02-28,780,ok,6.694219169961814e-06,0.5842877934262029,0.28649113966818107,0.000751885686863481,0.015527162295048228,0.06191371495453888
CMP040,Saudi Arabian Oil Company,2222.SR,^TASI.SR,SAR,Saudi Exchange (Tadawul),PRIMARY_DIRECT,Raw Materials & Energy,False,2026-03-03,25.725868225097656,10565.740234375,0.019069351572535753,0.007324886664151542,0.011744464908384211,0.06984544079863197,0.0018081833072696174,0.07088990934179329,2026-02-28,780,ok,6.694219169961814e-06,0.5842877934262029,0.28649113966818107,0.004286536085264085,0.014782815487271669,0.07669653044181055
CMP040,Saudi Arabian Oil Company,2222.SR,^TASI.SR,SAR,Saudi Exchange (Tadawul),PRIMARY_DIRECT,Raw Materials & Energy,False,2026-03-04,25.128936767578125,10692.6904296875,-0.023203549528298395,0.012015267505770755,-0.03521881703406915,0.0450212291254366,0.013845176619176724,0.03567109230772414,2026-02-28,780,ok,6.694219169961814e-06,0.5842877934262029,0.28649113966818107,0.007027068357542312,-0.030230617885840708,0.04646591255596984
CMP040,Saudi Arabian Oil Company,2222.SR,^TASI.SR,SAR,Saudi Exchange (Tadawul),PRIMARY_DIRECT,Raw Materials & Energy,False,2026-03-05,24.9171199798584,10776.3203125,-0.008429198166196028,0.007821219866265716,-0.016250418032461744,0.03621253809725644,0.021774682655868238,0.019420674275262395,2026-02-28,780,ok,6.694219169961814e-06,0.5842877934262029,0.28649113966818107,0.004576537516731538,-0.013005735682927566,0.03346017687304227
CMP040,Saudi Arabian Oil Company,2222.SR,^TASI.SR,SAR,Saudi Exchange (Tadawul),PRIMARY_DIRECT,Raw Materials & Energy,False,2026-03-08,25.937685012817383,11007.1904296875,0.040958386594596385,0.02142383582638141,0.019534550768214975,0.07865413182681191,0.04366501570864045,0.03895522504347737,2026-02-28,780,ok,6.694219169961814e-06,0.5842877934262029,0.28649113966818107,0.012524379980891587,0.0284340066137048,0.06189418348674707
CMP040,Saudi Arabian Oil Company,2222.SR,^TASI.SR,SAR,Saudi Exchange (Tadawul),PRIMARY_DIRECT,Raw Materials & Energy,False,2026-03-09,26.110986709594727,10830.73046875,0.006681463542012489,-0.01603133534072143,0.02271279888273392,0.08586112008305391,0.02693367185843587,0.06166802392621129,2026-02-28,780,ok,6.694219169961814e-06,0.5842877934262029,0.28649113966818107,-0.009360219332735667,0.016041682874748157,0.07793586636149523
CMP040,Saudi Arabian Oil Company,2222.SR,^TASI.SR,SAR,Saudi Exchange (Tadawul),PRIMARY_DIRECT,Raw Materials & Energy,False,2026-03-10,25.899171829223636,10930.0498046875,-0.008112097896831205,0.0091701419607908,-0.017282239857622006,0.07705250837457744,0.03635079941369379,0.044385784068589285,2026-02-28,780,ok,6.694219169961814e-06,0.5842877934262029,0.28649113966818107,0.005364696230845452,-0.013476794127676658,0.06445907223381857
CMP040,Saudi Arabian Oil Company,2222.SR,^TASI.SR,SAR,Saudi Exchange (Tadawul),PRIMARY_DIRECT,Raw Materials & Energy,False,2026-03-11,26.14949989318848,10942.0,0.009665485275570873,0.0010933340218974852,0.008572151253673388,0.0874627435352886,0.037483877001313504,0.05295793532226267,2026-02-28,780,ok,6.694219169961814e-06,0.5842877934262029,0.28649113966818107,0.0006455159423022392,0.009019969333268634,0.0734790415670872
CMP040,Saudi Arabian Oil Company,2222.SR,^TASI.SR,SAR,Saudi Exchange (Tadawul),PRIMARY_DIRECT,Raw Materials & Energy,False,2026-03-12,25.86066246032715,10893.26953125,-0.011045619764857073,-0.004453524835496214,-0.006592094929360859,0.07545104356174948,0.032863416788661226,0.046365840392901814,2026-02-28,780,ok,6.694219169961814e-06,0.5842877934262029,0.28649113966818107,-0.0025954459799309142,-0.008450173784926159,0.06502886778216105
CMP040,Saudi Arabian Oil Company,2222.SR,^TASI.SR,SAR,Saudi Exchange (Tadawul),PRIMARY_DIRECT,Raw Materials & Energy,False,2026-03-15,26.091732025146484,10886.6298828125,0.00893517577803049,-0.0006095184203835924,0.009544694198414083,0.08506038767664004,0.03223386751038815,0.0559105345913159,2026-02-28,780,ok,6.694219169961814e-06,0.5842877934262029,0.28649113966818107,-0.0003494399537285921,0.009284615731759083,0.07431348351392013
CMP040,Saudi Arabian Oil Company,2222.SR,^TASI.SR,SAR,Saudi Exchange (Tadawul),PRIMARY_DIRECT,Raw Materials & Energy,False,2026-03-16,26.05321884155273,10946.259765625,-0.0014760684939059132,0.005477350057306651,-0.006953418551212565,0.08345876422440512,0.037887773743749964,0.04895711604010333,2026-02-28,780,ok,6.694219169961814e-06,0.5842877934262029,0.28649113966818107,0.003207042997976551,-0.004683111491882464,0.06963037202203766
CMP040,Saudi Arabian Oil Company,2222.SR,^TASI.SR,SAR,Saudi Exchange (Tadawul),PRIMARY_DIRECT,Raw Materials & Energy,False,2026-03-24,25.994035720825195,10949.3798828125,-0.002271624135484651,0.00028503957098635624,-0.0025566637064710074,0.08099755314579049,0.03818361282950988,0.046400452333632325,2026-02-28,780,ok,6.694219169961814e-06,0.5842877934262029,0.28649113966818107,0.00017323936114073141,-0.0024448634966253826,0.06718550852541227
CMP040,Saudi Arabian Oil Company,2222.SR,^TASI.SR,SAR,Saudi Exchange (Tadawul),PRIMARY_DIRECT,Raw Materials & Energy,False,2026-03-25,26.189041137695312,11079.9296875,0.007501929248865613,0.011923031814105478,-0.004421102565239865,0.08910712030768697,0.05056190907415914,0.04197934976839246,2026-02-28,780,ok,6.694219169961814e-06,0.5842877934262029,0.28649113966818107,0.006973176168784068,0.0005287530800815454,0.06771426160549382
CMP040,Saudi Arabian Oil Company,2222.SR,^TASI.SR,SAR,Saudi Exchange (Tadawul),PRIMARY_DIRECT,Raw Materials & Energy,False,2026-03-26,26.32554244995117,11090.330078125,0.005212153875285619,0.0009386693705044635,0.004273484504781155,0.09478371420539977,0.05154803936002583,0.046252834273173615,2026-02-28,780,ok,6.694219169961814e-06,0.5842877934262029,0.28649113966818107,0.0005551472744187777,0.0046570066008668415,0.07237126820636067
CMP040,Saudi Arabian Oil Company,2222.SR,^TASI.SR,SAR,Saudi Exchange (Tadawul),PRIMARY_DIRECT,Raw Materials & Energy,False,2026-03-29,26.306041717529297,11076.400390625,-0.0007407532991559052,-0.0012560210022490859,0.0005152677030931807,0.09397274955724,0.05022727293771578,0.046768101976266796,2026-02-28,780,ok,6.694219169961814e-06,0.5842877934262029,0.28649113966818107,-0.0007271835207311243,-1.3569778424780857e-05,0.0723576984279359
CMP040,Saudi Arabian Oil Company,2222.SR,^TASI.SR,SAR,Saudi Exchange (Tadawul),PRIMARY_DIRECT,Raw Materials & Energy,False,2026-03-30,26.306041717529297,11167.26953125,0.0,0.00820385119897904,-0.00820385119897904,0.09397274955724,0.05884318121000631,0.038564250777287756,2026-02-28,780,ok,6.694219169961814e-06,0.5842877934262029,0.28649113966818107,0.004800104333818334,-0.004800104333818334,0.06755759409411756
CMP040,Saudi Arabian Oil Company,2222.SR,^TASI.SR,SAR,Saudi Exchange (Tadawul),PRIMARY_DIRECT,Raw Materials & Energy,False,2026-03-31,26.715551376342773,11249.5400390625,0.015567133330462113,0.007367110427690227,0.008200022902771886,0.1110027692094897,0.0666437958515873,0.04676427368005964,2026-02-28,780,ok,6.694219169961814e-06,0.5842877934262029,0.28649113966818107,0.004311206914892254,0.01125592641556986,0.07881352050968742
CMP040,Saudi Arabian Oil Company,2222.SR,^TASI.SR,SAR,Saudi Exchange (Tadawul),PRIMARY_DIRECT,Raw Materials & Energy,False,2026-04-01,26.871553421020508,11275.900390625,0.00583937207509333,0.002343238165379846,0.0034961339097134836,0.11749032775536294,0.06914319630289234,0.050260407589773126,2026-02-28,780,ok,6.694219169961814e-06,0.5842877934262029,0.28649113966818107,0.0013758196762918159,0.0044635523988015135,0.08327707290848893
CMP040,Saudi Arabian Oil Company,2222.SR,^TASI.SR,SAR,Saudi Exchange (Tadawul),PRIMARY_DIRECT,Raw Materials & Energy,False,2026-04-02,26.910554885864254,11268.3798828125,0.0014514034314532243,-0.0006669540836625742,0.0021183575151157985,0.11911225705168293,0.06843012688209815,0.052378765104888925,2026-02-28,780,ok,6.694219169961814e-06,0.5842877934262029,0.28649113966818107,-0.00038299891068983876,0.001834402342143063,0.085111475250632
CMP040,Saudi Arabian Oil Company,2222.SR,^TASI.SR,SAR,Saudi Exchange (Tadawul),PRIMARY_DIRECT,Raw Materials & Energy,False,2026-04-05,26.852054595947266,11271.9599609375,-0.0021738789915372037,0.0003177101022713291,-0.0024915890938085328,0.11667944242690642,0.06876957792697969,0.04988717601108039,2026-02-28,780,ok,6.694219169961814e-06,0.5842877934262029,0.28649113966818107,0.00019232835377528995,-0.0023662073453124934,0.0827452679053195
CMP040,Saudi Arabian Oil Company,2222.SR,^TASI.SR,SAR,Saudi Exchange (Tadawul),PRIMARY_DIRECT,Raw Materials & Energy,False,2026-04-06,26.813051223754883,11262.6201171875,-0.0014525284109272452,-0.0008285909267213842,-0.0006239374842058609,0.11505743381088296,0.06788400515195359,0.04926323852687453,2026-02-28,780,ok,6.694219169961814e-06,0.5842877934262029,0.28649113966818107,-0.0004774413450570483,-0.0009750870658701968,0.0817701808394493
CMP040,Saudi Arabian Oil Company,2222.SR,^TASI.SR,SAR,Saudi Exchange (Tadawul),PRIMARY_DIRECT,Raw Materials & Energy,False,2026-04-07,26.83255386352539,11087.5400390625,0.0007273562269269895,-0.015545235149840186,0.016272591376767176,0.11586847777874643,0.0512834971791134,0.0655358299036417,2026-02-28,780,ok,6.694219169961814e-06,0.5842877934262029,0.28649113966818107,-0.009076196924821608,0.009803553151748598,0.09157373399119789
CMP040,Saudi Arabian Oil Company,2222.SR,^TASI.SR,SAR,Saudi Exchange (Tadawul),PRIMARY_DIRECT,Raw Materials & Energy,False,2026-04-08,26.306041717529297,11339.0,-0.019622140653253406,0.022679508714429142,-0.04230164936768255,0.09397274955724,0.07512609041472262,0.02323418053595916,2026-02-28,780,ok,6.694219169961814e-06,0.5842877934262029,0.28649113966818107,0.013258054321914103,-0.03288019497516751,0.05869353901603038
CMP040,Saudi Arabian Oil Company,2222.SR,^TASI.SR,SAR,Saudi Exchange (Tadawul),PRIMARY_DIRECT,Raw Materials & Energy,False,2026-04-09,26.52054786682129,11343.169921875,0.008154254128968974,0.0003677504078842819,0.007786503721084692,0.1028932813672967,0.07552146847299968,0.03102068425704385,2026-02-28,780,ok,6.694219169961814e-06,0.5842877934262029,0.28649113966818107,0.00022156629352425498,0.00793268783544472,0.0666262268514751
CMP040,Saudi Arabian Oil Company,2222.SR,^TASI.SR,SAR,Saudi Exchange (Tadawul),PRIMARY_DIRECT,Raw Materials & Energy,False,2026-04-12,26.48154640197754,11314.6396484375,-0.0014706130898805014,-0.002515194044874547,0.0010445809549940455,0.1012713520709767,0.07281632328036158,0.0320652652120379,2026-02-28,780,ok,6.694219169961814e-06,0.5842877934262029,0.28649113966818107,-0.001462902959348513,-7.710130531988395e-06,0.06661851672094311
CMP040,Saudi Arabian Oil Company,2222.SR,^TASI.SR,SAR,Saudi Exchange (Tadawul),PRIMARY_DIRECT,Raw Materials & Energy,False,2026-04-13,26.910554885864254,11426.76953125,0.016200280654859345,0.00991015943030793,0.006290121224551415,0.11911225705168293,0.08344810408350667,0.03835538643658931,2026-02-28,780,ok,6.694219169961814e-06,0.5842877934262029,0.28649113966818107,0.005797079405206457,0.010403201249652888,0.077021717970596
CMP040,Saudi Arabian Oil Company,2222.SR,^TASI.SR,SAR,Saudi Exchange (Tadawul),PRIMARY_DIRECT,Raw Materials & Energy,False,2026-04-14,26.676551818847656,11486.1796875,-0.008695586843492253,0.005199208410349376,-0.01389479525384163,0.10938091923287341,0.08908117657843473,0.024460591182747682,2026-02-28,780,ok,6.694219169961814e-06,0.5842877934262029,0.28649113966818107,0.003044528228815955,-0.011740115072308209,0.06528160289828779
CMP040,Saudi Arabian Oil Company,2222.SR,^TASI.SR,SAR,Saudi Exchange (Tadawul),PRIMARY_DIRECT,Raw Materials & Energy,False,2026-04-15,26.852054595947266,11589.0498046875,0.006578915381995287,0.00895599058923402,-0.0023770752072387324,0.11667944242690664,0.09883497734678315,0.02208351597550895,2026-02-28,780,ok,6.694219169961814e-06,0.5842877934262029,0.28649113966818107,0.005239570198499345,0.001339345183495942,0.06662094808178373
CMP040,Saudi Arabian Oil Company,2222.SR,^TASI.SR,SAR,Saudi Exchange (Tadawul),PRIMARY_DIRECT,Raw Materials & Energy,False,2026-04-16,26.83255386352539,11554.16015625,-0.0007262286895848291,-0.0030105702387600575,0.0022843415491752284,0.11586847777874665,0.09552685746667433,0.024367857524684178,2026-02-28,780,ok,6.694219169961814e-06,0.5842877934262029,0.28649113966818107,-0.001752345222589749,0.0010261165330049198,0.06764706461478866
CMP040,Saudi Arabian Oil Company,2222.SR,^TASI.SR,SAR,Saudi Exchange (Tadawul),PRIMARY_DIRECT,Raw Materials & Energy,False,2026-04-19,26.52054786682129,11464.5400390625,-0.011627890445725542,-0.007756523708823737,-0.0038713667369018046,0.10289328136729692,0.08702937742308081,0.020496490787782373,2026-02-28,780,ok,6.694219169961814e-06,0.5842877934262029,0.28649113966818107,-0.004525347903316687,-0.007102542542408855,0.0605445220723798
CMP040,Saudi Arabian Oil Company,2222.SR,^TASI.SR,SAR,Saudi Exchange (Tadawul),PRIMARY_DIRECT,Raw Materials & Energy,False,2026-04-20,26.52054786682129,11366.7900390625,0.0,-0.008526290602757891,0.008526290602757891,0.10289328136729692,0.07776104905743653,0.029022781390540264,2026-02-28,780,ok,6.694219169961814e-06,0.5842877934262029,0.28649113966818107,-0.004975113303226016,0.004975113303226016,0.06551963537560582
CMP040,Saudi Arabian Oil Company,2222.SR,^TASI.SR,SAR,Saudi Exchange (Tadawul),PRIMARY_DIRECT,Raw Materials & Energy,False,2026-04-21,26.48154640197754,11344.9599609375,-0.0014706130898805014,-0.0019205138873842342,0.0004499007975037328,0.10127135207097693,0.07569119399543989,0.029472682188043997,2026-02-28,780,ok,6.694219169961814e-06,0.5842877934262029,0.28649113966818107,-0.0011154386023341516,-0.00035517448754634985,0.06516446088805947
CMP040,Saudi Arabian Oil Company,2222.SR,^TASI.SR,SAR,Saudi Exchange (Tadawul),PRIMARY_DIRECT,Raw Materials & Energy,False,2026-04-22,26.57904815673828,11244.990234375,0.0036818754192338154,-0.00881181836751399,0.012493693786747806,0.10532609599207343,0.06621239857441785,0.0419663759747918,2026-02-28,780,ok,6.694219169961814e-06,0.5842877934262029,0.28649113966818107,-0.005141943690857273,0.008823819110091089,0.07398827999815055
CMP040,Saudi Arabian Oil Company,2222.SR,^TASI.SR,SAR,Saudi Exchange (Tadawul),PRIMARY_DIRECT,Raw Materials & Energy,False,2026-04-23,26.54004669189453,11109.58984375,-0.0014673762812631441,-0.012040952264332994,0.01057357598306985,0.10370416669575344,0.053374185979543354,0.05253995195786165,2026-02-28,780,ok,6.694219169961814e-06,0.5842877934262029,0.28649113966818107,-0.007028687210107404,0.00556131092884426,0.07954959092699482
CMP040,Saudi Arabian Oil Company,2222.SR,^TASI.SR,SAR,Saudi Exchange (Tadawul),PRIMARY_DIRECT,Raw Materials & Energy,False,2026-04-26,26.44254493713379,11121.5595703125,-0.0036737597296887525,0.0010774229049719253,-0.004751182634660678,0.09964942277465694,0.054509115455023904,0.047788769323200975,2026-02-28,780,ok,6.694219169961814e-06,0.5842877934262029,0.28649113966818107,0.0006362192709028575,-0.00430997900059161,0.0752396119264032
CMP040,Saudi Arabian Oil Company,2222.SR,^TASI.SR,SAR,Saudi Exchange (Tadawul),PRIMARY_DIRECT,Raw Materials & Energy,False,2026-04-27,26.57904815673828,11168.509765625,0.005162257261130732,0.004221547797831127,0.0009407094632996049,0.10532609599207365,0.058960776089165945,0.04872947878650058,2026-02-28,780,ok,6.694219169961814e-06,0.5842877934262029,0.28649113966818107,0.002473293066807957,0.0026889641943227747,0.07792857612072597
CMP040,Saudi Arabian Oil Company,2222.SR,^TASI.SR,SAR,Saudi Exchange (Tadawul),PRIMARY_DIRECT,Raw Materials & Energy,False,2026-04-28,26.77405166625977,11179.9501953125,0.0073367378835969,0.0010243470192157211,0.006312390864381179,0.11343558383426688,0.06004551940361935,0.05504186965088176,2026-02-28,780,ok,6.694219169961814e-06,0.5842877934262029,0.28649113966818107,0.0006052076787302237,0.006731530204866676,0.08466010632559265
CMP040,Saudi Arabian Oil Company,2222.SR,^TASI.SR,SAR,Saudi Exchange (Tadawul),PRIMARY_DIRECT,Raw Materials & Energy,False,2026-04-29,26.891054153442383,11238.0703125,0.004369995570377538,0.005198602513620143,-0.0008286069432426046,0.11830129240352338,0.06555627470534287,0.054213262707639154,2026-02-28,780,ok,6.694219169961814e-06,0.5842877934262029,0.28649113966818107,0.003044174210752987,0.0013258213596245515,0.0859859276852172
CMP040,Saudi Arabian Oil Company,2222.SR,^TASI.SR,SAR,Saudi Exchange (Tadawul),PRIMARY_DIRECT,Raw Materials & Energy,False,2026-04-30,27.066558837890625,11187.66015625,0.006526508163153366,-0.004485659445815138,0.011012167608968504,0.12559989491725987,0.06077655213666322,0.06522543031660766,2026-02-28,780,ok,6.694219169961814e-06,0.5842877934262029,0.28649113966818107,-0.0026142218404867686,0.009140730003640135,0.09512665768885734
CMP040,Saudi Arabian Oil Company,2222.SR,^TASI.SR,SAR,Saudi Exchange (Tadawul),PRIMARY_DIRECT,Raw Materials & Energy,False,2026-05-03,26.813051223754883,11192.83984375,-0.009366082170033985,0.00046298219892793036,-0.009829064368961915,0.11505743381088318,0.06126767279734269,0.05539636594764574,2026-02-28,780,ok,6.694219169961814e-06,0.5842877934262029,0.28649113966818107,0.00027720906657717357,-0.009643291236611158,0.08548336645224618
CMP040,Saudi Arabian Oil Company,2222.SR,^TASI.SR,SAR,Saudi Exchange (Tadawul),PRIMARY_DIRECT,Raw Materials & Energy,False,2026-05-04,26.813051223754883,11090.650390625,0.0,-0.00912989505358297,0.00912989505358297,0.11505743381088318,0.05157841032094268,0.06452626100122871,2026-02-28,780,ok,6.694219169961814e-06,0.5842877934262029,0.28649113966818107,-0.005327792015900837,0.005327792015900837,0.09081115846814701
CMP040,Saudi Arabian Oil Company,2222.SR,^TASI.SR,SAR,Saudi Exchange (Tadawul),PRIMARY_DIRECT,Raw Materials & Energy,False,2026-05-05,27.0860595703125,11006.9697265625,0.01018192015072672,-0.007545153901274859,0.01772707405200158,0.12641085956541986,0.04364408937581321,0.08225333505323029,2026-02-28,780,ok,6.694219169961814e-06,0.5842877934262029,0.28649113966818107,-0.004401847104867032,0.014583767255593752,0.10539492572374076
CMP040,Saudi Arabian Oil Company,2222.SR,^TASI.SR,SAR,Saudi Exchange (Tadawul),PRIMARY_DIRECT,Raw Materials & Energy,False,2026-05-06,26.32554244995117,10949.26953125,-0.028077805794789468,-0.005242150814066093,-0.022835654980723374,0.09478371420540022,0.038173149663096595,0.05941768007250692,2026-02-28,780,ok,6.694219169961814e-06,0.5842877934262029,0.28649113966818107,-0.0030562305127880885,-0.025021575282001378,0.08037335044173938
CMP040,Saudi Arabian Oil Company,2222.SR,^TASI.SR,SAR,Saudi Exchange (Tadawul),PRIMARY_DIRECT,Raw Materials & Energy,False,2026-05-07,26.52054786682129,11031.3203125,0.007407460539164745,0.0074937219342186,-8.626139505385488e-05,0.10289328136729692,0.04595293056624383,0.05933141867745306,2026-02-28,780,ok,6.694219169961814e-06,0.5842877934262029,0.28649113966818107,0.004385184472664084,0.003022276066500661,0.08339562650824003
CMP040,Saudi Arabian Oil Company,2222.SR,^TASI.SR,SAR,Saudi Exchange (Tadawul),PRIMARY_DIRECT,Raw Materials & Energy,False,2026-05-10,26.73505210876465,11115.0703125,0.008088228155034294,0.00759201959760869,0.0004962085574256037,0.11181373385765014,0.05389382571327905,0.059827627234878666,2026-02-28,780,ok,6.694219169961814e-06,0.5842877934262029,0.28649113966818107,0.004442618597505232,0.003645609557529062,0.08704123606576909
CMP040,Saudi Arabian Oil Company,2222.SR,^TASI.SR,SAR,Saudi Exchange (Tadawul),PRIMARY_DIRECT,Raw Materials & Energy,False,2026-05-11,26.94955444335937,11158.4501953125,0.00802326225967609,0.0039027987761548477,0.004120463483521242,0.12073410702829968,0.05800696124646998,0.06394809071839991,2026-02-28,780,ok,6.694219169961814e-06,0.5842877934262029,0.28649113966818107,0.0022870519042759627,0.005736210355400126,0.09277744642116922
CMP040,Saudi Arabian Oil Company,2222.SR,^TASI.SR,SAR,Saudi Exchange (Tadawul),PRIMARY_DIRECT,Raw Materials & Energy,False,2026-05-12,27.125059127807617,11039.23046875,0.006512340855842735,-0.010684254934666737,0.017196595790509472,0.1280327095420366,0.04670294514986062,0.08114468650890938,2026-02-28,780,ok,6.694219169961814e-06,0.5842877934262029,0.28649113966818107,-0.006235985521009485,0.01274832637685222,0.10552577279802144
CMP040,Saudi Arabian Oil Company,2222.SR,^TASI.SR,SAR,Saudi Exchange (Tadawul),PRIMARY_DIRECT,Raw Materials & Energy,False,2026-05-13,27.222562789916992,11020.0703125,0.0035945972191233633,-0.0017356423805299226,0.005330239599653286,0.13208753278283658,0.044886243158432926,0.08647492610856267,2026-02-28,780,ok,6.694219169961814e-06,0.5842877934262029,0.28649113966818107,-0.0010074204375268687,0.004602017656650232,0.11012779045467168
CMP040,Saudi Arabian Oil Company,2222.SR,^TASI.SR,SAR,Saudi Exchange (Tadawul),PRIMARY_DIRECT,Raw Materials & Energy,False,2026-05-14,27.008058547973636,10995.4404296875,-0.00787964908369343,-0.002235002328847435,-0.005644646754845994,0.12316708029248358,0.042550919971593215,0.08083027935371667,2026-02-28,780,ok,6.694219169961814e-06,0.5842877934262029,0.28649113966818107,-0.0012991903598547308,-0.006580458723838699,0.10354733173083298
CMP040,Saudi Arabian Oil Company,2222.SR,^TASI.SR,SAR,Saudi Exchange (Tadawul),PRIMARY_DIRECT,Raw Materials & Energy,False,2026-05-17,27.0860595703125,10967.9404296875,0.002888064767791798,-0.002501036695697123,0.005389101463488921,0.12641085956541986,0.03994346186361142,0.0862193808172056,2026-02-28,780,ok,6.694219169961814e-06,0.5842877934262029,0.28649113966818107,-0.0014546309930368719,0.00434269576082867,0.10789002749166166
CMP040,Saudi Arabian Oil Company,2222.SR,^TASI.SR,SAR,Saudi Exchange (Tadawul),PRIMARY_DIRECT,Raw Materials & Energy,False,2026-05-18,27.0860595703125,10956.099609375,0.0,-0.001079584666638933,0.001079584666638933,0.12641085956541986,0.03882075484801195,0.08729896548384453,2026-02-28,780,ok,6.694219169961814e-06,0.5842877934262029,0.28649113966818107,-0.0006240939235172631,0.0006240939235172631,0.10851412141517892
CMP040,Saudi Arabian Oil Company,2222.SR,^TASI.SR,SAR,Saudi Exchange (Tadawul),PRIMARY_DIRECT,Raw Materials & Energy,False,2026-05-19,27.26156234741211,10982.2998046875,0.006479450310741042,0.0023913798018120325,0.004088070508929009,0.1337093827594531,0.04130496981885856,0.09138703599277354,2026-02-28,780,ok,6.694219169961814e-06,0.5842877934262029,0.28649113966818107,0.0014039482468147044,0.005075502063926337,0.11358962347910526
CMP040,Saudi Arabian Oil Company,2222.SR,^TASI.SR,SAR,Saudi Exchange (Tadawul),PRIMARY_DIRECT,Raw Materials & Energy,False,2026-05-20,27.164060592651367,10985.5595703125,-0.003576528502593268,0.0002968199450910092,-0.0038733484476842772,0.1296546388383566,0.04161404990282325,0.08751368754508926,2026-02-28,780,ok,6.694219169961814e-06,0.5842877934262029,0.28649113966818107,0.00018012248993207425,-0.003756650992525342,0.10983297248657992
CMP040,Saudi Arabian Oil Company,2222.SR,^TASI.SR,SAR,Saudi Exchange (Tadawul),PRIMARY_DIRECT,Raw Materials & Energy,False,2026-05-21,27.20306205749512,11027.5400390625,0.0014357744752750978,0.0038214228853166166,-0.0023856484100415187,0.1312765681346768,0.04559449767078916,0.08512803913504774,2026-02-28,780,ok,6.694219169961814e-06,0.5842877934262029,0.28649113966818107,0.002239504964580001,-0.0008037304893049033,0.10902924199727501
CMP040,Saudi Arabian Oil Company,2222.SR,^TASI.SR,SAR,Saudi Exchange (Tadawul),PRIMARY_DIRECT,Raw Materials & Energy,False,2026-05-31,26.852054595947266,11077.91015625,-0.012903233496507904,0.004567665772155394,-0.017470899268663298,0.11667944242690687,0.050370423869354086,0.06765713986638444,2026-02-28,780,ok,6.694219169961814e-06,0.5842877934262029,0.28649113966818107,0.00267552557429103,-0.015578759070798934,0.09345048292647608
CMP040,Saudi Arabian Oil Company,2222.SR,^TASI.SR,SAR,Saudi Exchange (Tadawul),PRIMARY_DIRECT,Raw Materials & Energy,False,2026-06-01,26.676551818847656,11009.51953125,-0.006535916142748288,-0.006173603507825476,-0.0003623126349228123,0.10938091923287363,0.043885853336038005,0.06729482723146163,2026-02-28,780,ok,6.694219169961814e-06,0.5842877934262029,0.28649113966818107,-0.003600466951905651,-0.002935449190842637,0.09051503373563344
CMP040,Saudi Arabian Oil Company,2222.SR,^TASI.SR,SAR,Saudi Exchange (Tadawul),PRIMARY_DIRECT,Raw Materials & Energy,False,2026-06-02,27.031272888183597,11015.5498046875,0.013297110951398183,0.0005477326617553402,0.012749378289642843,0.12413248040327729,0.044457623713054506,0.08004420552110447,2026-02-28,780,ok,6.694219169961814e-06,0.5842877934262029,0.28649113966818107,0.0003267277274944503,0.012970383223903733,0.10348541695953717
CMP040,Saudi Arabian Oil Company,2222.SR,^TASI.SR,SAR,Saudi Exchange (Tadawul),PRIMARY_DIRECT,Raw Materials & Energy,False,2026-06-03,26.912803649902344,11002.0400390625,-0.004382673312178342,-0.0012264268116014554,-0.003156246500576887,0.11920577498206097,0.043176672879751354,0.07688795902052759,2026-02-28,780,ok,6.694219169961814e-06,0.5842877934262029,0.28649113966818107,-0.0007098919963793859,-0.0036727813157989564,0.09981263564373821
CMP040,Saudi Arabian Oil Company,2222.SR,^TASI.SR,SAR,Saudi Exchange (Tadawul),PRIMARY_DIRECT,Raw Materials & Energy,False,2026-06-04,26.814077377319336,10990.4501953125,-0.003668375612860597,-0.0010534267925630392,-0.002614948820297558,0.11510010781134405,0.042077762623162984,0.07427301020023003,2026-02-28,780,ok,6.694219169961814e-06,0.5842877934262029,0.28649113966818107,-0.0006088101969927386,-0.0030595654158678586,0.09675307022787036
CMP040,Saudi Arabian Oil Company,2222.SR,^TASI.SR,SAR,Saudi Exchange (Tadawul),PRIMARY_DIRECT,Raw Materials & Energy,False,2026-06-07,26.65611457824707,10928.7900390625,-0.0058910398761613525,-0.0056103394450846,-0.00028070043107675247,0.1085310086103155,0.036231352646672654,0.07399230976915327,2026-02-28,780,ok,6.694219169961814e-06,0.5842877934262029,0.28649113966818107,-0.003271358635570506,-0.0026196812405908463,0.0941333889872795
CMP040,Saudi Arabian Oil Company,2222.SR,^TASI.SR,SAR,Saudi Exchange (Tadawul),PRIMARY_DIRECT,Raw Materials & Energy,False,2026-06-08,26.814077377319336,10973.080078125,0.005925949883227588,0.004052602246378267,0.0018733476368493207,0.11510010781134405,0.04043078615417617,0.0758656574060026,2026-02-28,780,ok,6.694219169961814e-06,0.5842877934262029,0.28649113966818107,0.002374580243340393,0.0035513696398871953,0.0976847586271667
CMP040,Saudi Arabian Oil Company,2222.SR,^TASI.SR,SAR,Saudi Exchange (Tadawul),PRIMARY_DIRECT,Raw Materials & Energy,False,2026-06-09,26.814077377319336,11115.3701171875,0.0,0.012967192260462612,-0.012967192260462612,0.11510010781134405,0.05392225219194158,0.06289846514553998,2026-02-28,780,ok,6.694219169961814e-06,0.5842877934262029,0.28649113966818107,0.007583266371968996,-0.007583266371968996,0.0901014922551977
CMP040,Saudi Arabian Oil Company,2222.SR,^TASI.SR,SAR,Saudi Exchange (Tadawul),PRIMARY_DIRECT,Raw Materials & Energy,False,2026-06-10,26.71534919738769,11012.6396484375,-0.0036819532718718184,-0.009242199554934216,0.005560246283062398,0.11099436132092344,0.044181692421797925,0.06845871142860238,2026-02-28,780,ok,6.694219169961814e-06,0.5842877934262029,0.28649113966818107,-0.0053934101651871855,0.001711456893315367,0.09181294914851307
CMP040,Saudi Arabian Oil Company,2222.SR,^TASI.SR,SAR,Saudi Exchange (Tadawul),PRIMARY_DIRECT,Raw Materials & Energy,False,2026-06-11,26.83382225036621,11042.01953125,0.0044346436239022236,0.0026678329401859102,0.0017668106837163133,0.1159212253815467,0.046967394736379786,0.0702255221123187,2026-02-28,780,ok,6.694219169961814e-06,0.5842877934262029,0.28649113966818107,0.0015654764410209263,0.0028691671828812975,0.09468211633139437
CMP040,Saudi Arabian Oil Company,2222.SR,^TASI.SR,SAR,Saudi Exchange (Tadawul),PRIMARY_DIRECT,Raw Materials & Energy,False,2026-06-14,26.537641525268555,11104.419921875,-0.011037589886905286,0.00565117553436667,-0.016688765421271956,0.10360414454969247,0.05288399126279364,0.05353675669104674,2026-02-28,780,ok,6.694219169961814e-06,0.5842877934262029,0.28649113966818107,0.0033086071024092064,-0.014346196989314492,0.08033591934207987
CMP040,Saudi Arabian Oil Company,2222.SR,^TASI.SR,SAR,Saudi Exchange (Tadawul),PRIMARY_DIRECT,Raw Materials & Energy,False,2026-06-15,26.241464614868164,11095.8603515625,-0.011160634230377164,-0.0007708255246757778,-0.010389808705701387,0.09128722235724496,0.05207240140780578,0.04314694798534535,2026-02-28,780,ok,6.694219169961814e-06,0.5842877934262029,0.28649113966818107,-0.00044368972575944347,-0.010716944504617722,0.06961897483746216
CMP040,Saudi Arabian Oil Company,2222.SR,^TASI.SR,SAR,Saudi Exchange (Tadawul),PRIMARY_DIRECT,Raw Materials & Energy,False,2026-06-16,26.419172286987305,11145.5498046875,0.006772018053384565,0.004478197413326557,0.0022938206400580086,0.09867743912847615,0.05678378931442252,0.04544076862540336,2026-02-28,780,ok,6.694219169961814e-06,0.5842877934262029,0.28649113966818107,0.002623250304329465,0.0041487677490551,0.07376774258651725
CMP040,Saudi Arabian Oil Company,2222.SR,^TASI.SR,SAR,Saudi Exchange (Tadawul),PRIMARY_DIRECT,Raw Materials & Energy,False,2026-06-17,26.26120948791504,11114.900390625,-0.005979097200939587,-0.0027499239247587015,-0.0032291732761808856,0.0921083399274476,0.053877714288889544,0.042211595349222475,2026-02-28,780,ok,6.694219169961814e-06,0.5842877934262029,0.28649113966818107,-0.0016000527629172236,-0.0043790444380223635,0.06938869814849488
CMP040,Saudi Arabian Oil Company,2222.SR,^TASI.SR,SAR,Saudi Exchange (Tadawul),PRIMARY_DIRECT,Raw Materials & Energy,False,2026-06-18,26.182228088378903,11121.1298828125,-0.003007530920176471,0.0005604631592339704,-0.0035679940794104414,0.0888237903269331,0.054468373922086144,0.038643601269812033,2026-02-28,780,ok,6.694219169961814e-06,0.5842877934262029,0.28649113966818107,0.00033416600177545695,-0.003341696921951928,0.06604700122654296
CMP040,Saudi Arabian Oil Company,2222.SR,^TASI.SR,SAR,Saudi Exchange (Tadawul),PRIMARY_DIRECT,Raw Materials & Energy,False,2026-06-21,26.12299156188965,11076.669921875,-0.0022624707984858494,-0.003997791717747279,0.0017353209192614294,0.0863603582966217,0.05025282899019401,0.04037892218907346,2026-02-28,780,ok,6.694219169961814e-06,0.5842877934262029,0.28649113966818107,-0.0023291666821701447,6.66958836842953e-05,0.06611369711022726
CMP040,Saudi Arabian Oil Company,2222.SR,^TASI.SR,SAR,Saudi Exchange (Tadawul),PRIMARY_DIRECT,Raw Materials & Energy,False,2026-06-22,26.103246688842773,11072.400390625,-0.0007558427219216401,-0.00038545260264266634,-0.0003703901192789738,0.08553924072641905,0.04984800630382691,0.04000853206979449,2026-02-28,780,ok,6.694219169961814e-06,0.5842877934262029,0.28649113966818107,-0.00021852103149850867,-0.0005373216904231315,0.06557637541980413
CMP040,Saudi Arabian Oil Company,2222.SR,^TASI.SR,SAR,Saudi Exchange (Tadawul),PRIMARY_DIRECT,Raw Materials & Energy,False,2026-06-23,26.04401016235352,11033.990234375,-0.002269316426242618,-0.0034689999363211044,0.0011996835100784864,0.08307580869610764,0.04620608363681211,0.041208215579872975,2026-02-28,780,ok,6.694219169961814e-06,0.5842877934262029,0.28649113966818107,-0.0020202000990187344,-0.0002491163272238836,0.06532725909258025
CMP040,Saudi Arabian Oil Company,2222.SR,^TASI.SR,SAR,Saudi Exchange (Tadawul),PRIMARY_DIRECT,Raw Materials & Energy,False,2026-06-24,26.00452041625977,11006.7998046875,-0.0015162698005253272,-0.00246424268192591,0.0009479728814005828,0.08143357355570213,0.0436279779514237,0.04215618846127356,2026-02-28,780,ok,6.694219169961814e-06,0.5842877934262029,0.28649113966818107,-0.0014331326999191965,-8.313710060613069e-05,0.06524412199197412
CMP040,Saudi Arabian Oil Company,2222.SR,^TASI.SR,SAR,Saudi Exchange (Tadawul),PRIMARY_DIRECT,Raw Materials & Energy,False,2026-06-25,25.80706787109375,10933.23046875,-0.0075930085233395506,-0.006683989646669941,-0.0009090188766696095,0.07322223921426807,0.036652379351821196,0.04124716958460395,2026-02-28,780,ok,6.694219169961814e-06,0.5842877934262029,0.28649113966818107,-0.0038986793427664033,-0.0036943291805731472,0.061549792811400966
CMP040,Saudi Arabian Oil Company,2222.SR,^TASI.SR,SAR,Saudi Exchange (Tadawul),PRIMARY_DIRECT,Raw Materials & Energy,False,2026-06-28,26.26120948791504,10907.669921875,0.01759756742182894,-0.002337876892658408,0.01993544431448735,0.09210833992744738,0.03422881370841524,0.0611826138990913,2026-02-28,780,ok,6.694219169961814e-06,0.5842877934262029,0.28649113966818107,-0.0013592987117435273,0.01895686613357247,0.08050665894497344
CMP040,Saudi Arabian Oil Company,2222.SR,^TASI.SR,SAR,Saudi Exchange (Tadawul),PRIMARY_DIRECT,Raw Materials & Energy,False,2026-06-29,25.787322998046875,10792.150390625,-0.01804511289117272,-0.010590669875179204,-0.007454443015993517,0.07240112164406542,0.02327563776703112,0.05372817088309778,2026-02-28,780,ok,6.694219169961814e-06,0.5842877934262029,0.28649113966818107,-0.006181304913103855,-0.011863807978068866,0.06864285096690458
CMP040,Saudi Arabian Oil Company,2222.SR,^TASI.SR,SAR,Saudi Exchange (Tadawul),PRIMARY_DIRECT,Raw Materials & Energy,False,2026-06-30,25.787322998046875,10799.919921875,0.0,0.0007199242939339712,-0.0007199242939339712,0.07240112164406542,0.02401231875805032,0.05300824658916381,2026-02-28,780,ok,6.694219169961814e-06,0.5842877934262029,0.28649113966818107,0.0004273371963065589,-0.0004273371963065589,0.06821551377059802
CMP040,Saudi Arabian Oil Company,2222.SR,^TASI.SR,SAR,Saudi Exchange (Tadawul),PRIMARY_DIRECT,Raw Materials & Energy,False,2026-07-01,25.787322998046875,10856.900390625,0.0,0.005276008448413361,-0.005276008448413361,0.07240112164406542,0.029415016403097072,0.04773223814075045,2026-02-28,780,ok,6.694219169961814e-06,0.5842877934262029,0.28649113966818107,0.0030894015535914087,-0.0030894015535914087,0.06512611221700661
CMP040,Saudi Arabian Oil Company,2222.SR,^TASI.SR,SAR,Saudi Exchange (Tadawul),PRIMARY_DIRECT,Raw Materials & Energy,False,2026-07-02,25.767578125,10826.98046875,-0.0007656813795046125,-0.002755843822684012,0.0019901624431793996,0.07158000407386278,0.026578109389164384,0.04972240058392985,2026-02-28,780,ok,6.694219169961814e-06,0.5842877934262029,0.28649113966818107,-0.0016035116870133114,0.000837830307508699,0.0659639425245153
CMP040,Saudi Arabian Oil Company,2222.SR,^TASI.SR,SAR,Saudi Exchange (Tadawul),PRIMARY_DIRECT,Raw Materials & Energy,False,2026-07-05,25.767578125,10798.9697265625,0.0,-0.002587124107995553,0.002587124107995553,0.07158000407386278,0.02392222441362324,0.0523095246919254,2026-02-28,780,ok,6.694219169961814e-06,0.5842877934262029,0.28649113966818107,-0.0015049308172104933,0.0015049308172104933,0.0674688733417258
CMP040,Saudi Arabian Oil Company,2222.SR,^TASI.SR,SAR,Saudi Exchange (Tadawul),PRIMARY_DIRECT,Raw Materials & Energy,False,2026-07-06,25.826812744140625,10813.0400390625,0.002298804290153944,0.001302931006963659,0.000995873283190285,0.07404335678447094,0.025256324428530874,0.05330539797511569,2026-02-28,780,ok,6.694219169961814e-06,0.5842877934262029,0.28649113966818107,0.0007679809022153387,0.0015308233879386055,0.06899969672966441
CMP040,Saudi Arabian Oil Company,2222.SR,^TASI.SR,SAR,Saudi Exchange (Tadawul),PRIMARY_DIRECT,Raw Materials & Energy,False,2026-07-07,25.826812744140625,10852.41015625,0.0,0.0036409850555694234,-0.0036409850555694234,0.07404335678447094,0.028989267383903172,0.049664412919546264,2026-02-28,780,ok,6.694219169961814e-06,0.5842877934262029,0.28649113966818107,0.002134077343186401,-0.002134077343186401,0.066865619386478
CMP040,Saudi Arabian Oil Company,2222.SR,^TASI.SR,SAR,Saudi Exchange (Tadawul),PRIMARY_DIRECT,Raw Materials & Energy,False,2026-07-08,26.498151779174805,10853.73046875,0.025993878597601494,0.00012166076300013096,0.025872217834601363,0.10196190940928695,0.029114455003292017,0.07553663075414763,2026-02-28,780,ok,6.694219169961814e-06,0.5842877934262029,0.28649113966818107,7.777911792985656e-05,0.025916099479671637,0.09278171886614964
CMP040,Saudi Arabian Oil Company,2222.SR,^TASI.SR,SAR,Saudi Exchange (Tadawul),PRIMARY_DIRECT,Raw Materials & Energy,False,2026-07-09,26.37968063354492,10808.4296875,-0.004470921089786861,-0.004173752184138846,-0.00029716890564801535,0.09703512466836717,0.024819186298993268,0.07523946184849961,2026-02-28,780,ok,6.694219169961814e-06,0.5842877934262029,0.28649113966818107,-0.002431978234808319,-0.002038942854978542,0.09074277601117109
CMP040,Saudi Arabian Oil Company,2222.SR,^TASI.SR,SAR,Saudi Exchange (Tadawul),PRIMARY_DIRECT,Raw Materials & Energy,False,2026-07-12,26.43891716003418,10818.98046875,0.002245536150044858,0.0009761622691779603,0.0012693738808668975,0.09949855669867902,0.025819576121387966,0.07650883572936651,2026-02-28,780,ok,6.694219169961814e-06,0.5842877934262029,0.28649113966818107,0.0005770539174538673,0.0016684822325909905,0.09241125824376208
CMP040,Saudi Arabian Oil Company,2222.SR,^TASI.SR,SAR,Saudi Exchange (Tadawul),PRIMARY_DIRECT,Raw Materials & Energy,False,2026-07-13,26.16248321533203,10801.7099609375,-0.010455569834002643,-0.0015963156475219398,-0.008859254186480703,0.0880026727567309,0.024182044280490977,0.0676495815428858,2026-02-28,780,ok,6.694219169961814e-06,0.5842877934262029,0.28649113966818107,-0.0009260135281323526,-0.00952955630587029,0.08288170193789178
CMP040,Saudi Arabian Oil Company,2222.SR,^TASI.SR,SAR,Saudi Exchange (Tadawul),PRIMARY_DIRECT,Raw Materials & Energy,False,2026-07-14,26.517898559570312,10715.6103515625,0.013584923927633774,-0.007970924019101044,0.02155584794673482,0.1027831062991933,0.01601836702380366,0.08920542948962062,2026-02-28,780,ok,6.694219169961814e-06,0.5842877934262029,0.28649113966818107,-0.0046506193875185085,0.018235543315152283,0.10111724525304407
CMP040,Saudi Arabian Oil Company,2222.SR,^TASI.SR,SAR,Saudi Exchange (Tadawul),PRIMARY_DIRECT,Raw Materials & Energy,False,2026-07-15,26.30069923400879,10704.509765625,-0.008190668844803128,-0.0010359266129792433,-0.007154742231823885,0.09375057506785334,0.014965846558127938,0.08205068725779674,2026-02-28,780,ok,6.694219169961814e-06,0.5842877934262029,0.28649113966818107,-0.0005985850556791603,-0.007592083789123968,0.09352516146392009
CMP040,Saudi Arabian Oil Company,2222.SR,^TASI.SR,SAR,Saudi Exchange (Tadawul),PRIMARY_DIRECT,Raw Materials & Energy,False,2026-07-16,26.34019088745117,10720.2802734375,0.0015015438597660857,0.0014732582955965245,2.8285564169561184e-05,0.0953928895279621,0.01646115341131682,0.0820789728219663,2026-02-28,780,ok,6.694219169961814e-06,0.5842877934262029,0.28649113966818107,0.0008675010578509037,0.0006340428019151821,0.09415920426583528
