company_id,company_name,market_data_ticker,benchmark_ticker,trade_currency,primary_listing_exchange,analysis_tier,role_category,is_confirmatory,Date,company_price,benchmark_price,company_return,benchmark_return,abnormal_return,company_cumulative_return,benchmark_cumulative_return,cumulative_abnormal_return,ols_event_date,ols_estimation_window_observations,ols_status,ols_alpha,ols_beta,ols_r_squared,market_model_expected_return,market_model_abnormal_return,market_model_cumulative_abnormal_return
CMP020,FedEx Corporation,FDX,^GSPC,USD,NYSE,SECONDARY_INDIRECT,Transport & Logistics,False,2023-01-03,132.87973022460938,3824.139892578125,0.0,0.0,0.0,0.0,0.0,0.0,2026-02-28,791,ok,0.0005107062227176636,0.9366403186805612,0.2184177621941119,0.0005107062227176636,-0.0005107062227176636,-0.0005107062227176636
CMP020,FedEx Corporation,FDX,^GSPC,USD,NYSE,SECONDARY_INDIRECT,Transport & Logistics,False,2023-01-04,136.0129852294922,3852.969970703125,0.02357963099102167,0.007538970575044379,0.016040660415977293,0.02357963099102167,0.007538970575044379,0.016040660415977293,2026-02-28,791,ok,0.0005107062227176636,0.9366403186805612,0.2184177621941119,0.007572010024650604,0.016007620966371067,0.015496914743653403
CMP020,FedEx Corporation,FDX,^GSPC,USD,NYSE,SECONDARY_INDIRECT,Transport & Logistics,False,2023-01-05,135.8855438232422,3808.10009765625,-0.0009369797011290482,-0.011645528874622113,0.010708549173493065,0.022620557654293938,-0.004194353599094369,0.026749209589470357,2026-02-28,791,ok,0.0005107062227176636,0.9366403186805612,0.2184177621941119,-0.01039696565361207,0.009459985952483022,0.024956900696136423
CMP020,FedEx Corporation,FDX,^GSPC,USD,NYSE,SECONDARY_INDIRECT,Transport & Logistics,False,2023-01-06,139.25120544433594,3895.080078125,0.024768356709612638,0.02284078102943865,0.0019275756801739874,0.0479491884048584,0.01855062511822725,0.028676785269644345,2026-02-28,791,ok,0.0005107062227176636,0.9366403186805612,0.2184177621941119,0.021904302645043998,0.00286405406456864,0.027820954760705063
CMP020,FedEx Corporation,FDX,^GSPC,USD,NYSE,SECONDARY_INDIRECT,Transport & Logistics,False,2023-01-09,142.2270965576172,3892.090087890625,0.021370666801665994,-0.0007676325452631305,0.022138299346929124,0.07034456133533484,0.017768752509388364,0.05081508461657347,2026-02-28,791,ok,0.0005107062227176636,0.9366403186805612,0.2184177621941119,-0.00020828936910716525,0.02157895617077316,0.04939991093147822
CMP020,FedEx Corporation,FDX,^GSPC,USD,NYSE,SECONDARY_INDIRECT,Transport & Logistics,False,2023-01-10,141.47747802734375,3919.25,-0.005270574654315352,0.006978233159061986,-0.012248807813377338,0.06470323041897652,0.02487098016640643,0.03856627680319613,2026-02-28,791,ok,0.0005107062227176636,0.9366403186805612,0.2184177621941119,0.007046800752648742,-0.012317375406964093,0.037082535524514126
CMP020,FedEx Corporation,FDX,^GSPC,USD,NYSE,SECONDARY_INDIRECT,Transport & Logistics,False,2023-01-11,144.07110595703125,3969.610107421875,0.01833244390450761,0.012849424614881588,0.005483019289626023,0.08422184266558053,0.03803998256603447,0.044049296092822154,2026-02-28,791,ok,0.0005107062227176636,0.9366403186805612,0.2184177621941119,0.012545995388862202,0.00578644851564541,0.042868984040159534
CMP020,FedEx Corporation,FDX,^GSPC,USD,NYSE,SECONDARY_INDIRECT,Transport & Logistics,False,2023-01-12,143.83872985839844,3983.169921875,-0.0016129264580097002,0.0034159058663651987,-0.005028832324374899,0.08247307256919312,0.04158582943200351,0.039020463768447256,2026-02-28,791,ok,0.0005107062227176636,0.9366403186805612,0.2184177621941119,0.0037101813819727615,-0.005323107839982462,0.037545876200177075
CMP020,FedEx Corporation,FDX,^GSPC,USD,NYSE,SECONDARY_INDIRECT,Transport & Logistics,False,2023-01-13,141.3950958251953,3999.090087890625,-0.016988706974879086,0.003996858363534361,-0.020985565338413448,0.06408325473111809,0.045748900465707676,0.018034898430033808,2026-02-28,791,ok,0.0005107062227176636,0.9366403186805612,0.2184177621941119,0.004254324914059554,-0.02124303188893864,0.016302844311238435
CMP020,FedEx Corporation,FDX,^GSPC,USD,NYSE,SECONDARY_INDIRECT,Transport & Logistics,False,2023-01-17,141.02023315429688,3990.969970703125,-0.00265117165988471,-0.0020304911890052235,-0.0006206804708794866,0.061262187362417064,0.04362551653740021,0.01741421795915432,2026-02-28,791,ok,0.0005107062227176636,0.9366403186805612,0.2184177621941119,-0.0013911336916302606,-0.0012600379682544496,0.015042806342983986
CMP020,FedEx Corporation,FDX,^GSPC,USD,NYSE,SECONDARY_INDIRECT,Transport & Logistics,False,2023-01-18,140.6754608154297,3928.860107421875,-0.00244484306368975,-0.015562598500411085,0.013117755436721334,0.058667567864887804,0.02738399163874461,0.030531973395875656,2026-02-28,791,ok,0.0005107062227176636,0.9366403186805612,0.2184177621941119,-0.014065850996204998,0.011621007932515248,0.026663814275499235
CMP020,FedEx Corporation,FDX,^GSPC,USD,NYSE,SECONDARY_INDIRECT,Transport & Logistics,False,2023-01-19,138.0968780517578,3898.85009765625,-0.018330011138581237,-0.007638350296294338,-0.010691660842286899,0.03926217955386968,0.01953647282180282,0.019840312553588757,2026-02-28,791,ok,0.0005107062227176636,0.9366403186805612,0.2184177621941119,-0.006643680632997225,-0.011686330505584012,0.014977483769915223
CMP020,FedEx Corporation,FDX,^GSPC,USD,NYSE,SECONDARY_INDIRECT,Transport & Logistics,False,2023-01-20,140.083251953125,3972.610107421875,0.014383916055095147,0.018918401045981525,-0.004534484990886378,0.05421083950380767,0.038824472695651036,0.015305827562702379,2026-02-28,791,ok,0.0005107062227176636,0.9366403186805612,0.2184177621941119,0.018230443407352463,-0.003846527352257316,0.011130956417657907
CMP020,FedEx Corporation,FDX,^GSPC,USD,NYSE,SECONDARY_INDIRECT,Transport & Logistics,False,2023-01-23,143.28399658203125,4019.81005859375,0.022848874396328878,0.01188134498366522,0.010967529412663657,0.07829837056287858,0.05116710463322227,0.026273356975366036,2026-02-28,791,ok,0.0005107062227176636,0.9366403186805612,0.2184177621941119,0.011639252974571542,0.011209621421757335,0.022340577839415243
CMP020,FedEx Corporation,FDX,^GSPC,USD,NYSE,SECONDARY_INDIRECT,Transport & Logistics,False,2023-01-24,141.8598175048828,4016.949951171875,-0.009939554389335359,-0.0007115031258156934,-0.009228051263519665,0.06758056526073708,0.05041919595252109,0.01704530571184637,2026-02-28,791,ok,0.0005107062227176636,0.9366403186805612,0.2184177621941119,-0.0001557162917885629,-0.009783838097546797,0.012556739741868446
CMP020,FedEx Corporation,FDX,^GSPC,USD,NYSE,SECONDARY_INDIRECT,Transport & Logistics,False,2023-01-25,140.78041076660156,4016.219970703125,-0.007608967481183337,-0.0001817250594663422,-0.007427242421716995,0.05945737945612484,0.05022830846167192,0.009618063290129375,2026-02-28,791,ok,0.0005107062227176636,0.9366403186805612,0.2184177621941119,0.00034049520510686494,-0.007949462686290203,0.004607277055578243
CMP020,FedEx Corporation,FDX,^GSPC,USD,NYSE,SECONDARY_INDIRECT,Transport & Logistics,False,2023-01-26,142.5269317626953,4060.429931640625,0.012405994460332304,0.011007853469181317,0.0013981409911509868,0.07260100183661566,0.06178906779040427,0.011016204281280362,2026-02-28,791,ok,0.0005107062227176636,0.9366403186805612,0.2184177621941119,0.010821105604080573,0.0015848888562517306,0.006192165911829974
CMP020,FedEx Corporation,FDX,^GSPC,USD,NYSE,SECONDARY_INDIRECT,Transport & Logistics,False,2023-01-27,142.84173583984375,4070.56005859375,0.002208733979291555,0.002494840970949097,-0.00028610699165754205,0.07497009211559447,0.06443806265923357,0.01073009728962282,2026-02-28,791,ok,0.0005107062227176636,0.9366403186805612,0.2184177621941119,0.002847474864804747,-0.0006387408855131919,0.005553425026316782
CMP020,FedEx Corporation,FDX,^GSPC,USD,NYSE,SECONDARY_INDIRECT,Transport & Logistics,False,2023-01-30,137.98439025878906,4017.77001953125,-0.03400508648607303,-0.012968740984683369,-0.021036345501389664,0.03841564116326168,0.050633641130367835,-0.010306248211766844,2026-02-28,791,ok,0.0005107062227176636,0.9366403186805612,0.2184177621941119,-0.011636339466061822,-0.02236874702001121,-0.016815321993694426
CMP020,FedEx Corporation,FDX,^GSPC,USD,NYSE,SECONDARY_INDIRECT,Transport & Logistics,False,2023-01-31,145.31541442871094,4076.60009765625,0.053129373229628074,0.014642470285510134,0.03848690294411794,0.09358601333010808,0.06601751300157654,0.028180654732351096,2026-02-28,791,ok,0.0005107062227176636,0.9366403186805612,0.2184177621941119,0.014225434257208524,0.03890393897241955,0.02208861697872512
CMP020,FedEx Corporation,FDX,^GSPC,USD,NYSE,SECONDARY_INDIRECT,Transport & Logistics,False,2023-02-01,151.49954223632812,4119.2099609375,0.042556585149134296,0.010452303944590291,0.032104281204544005,0.1401252996242932,0.07715985205772524,0.0602849359368951,2026-02-28,791,ok,0.0005107062227176636,0.9366403186805612,0.2184177621941119,0.0103007555203248,0.0322558296288095,0.05434444660753462
CMP020,FedEx Corporation,FDX,^GSPC,USD,NYSE,SECONDARY_INDIRECT,Transport & Logistics,False,2023-02-02,160.7869110107422,4179.759765625,0.061302949417011865,0.014699373244309921,0.046603576172701944,0.21001834319621682,0.09299342676690747,0.10688851210959704,2026-02-28,791,ok,0.0005107062227176636,0.9366403186805612,0.2184177621941119,0.014278731862672622,0.04702421755433924,0.10136866416187386
CMP020,FedEx Corporation,FDX,^GSPC,USD,NYSE,SECONDARY_INDIRECT,Transport & Logistics,False,2023-02-03,160.91436767578125,4136.47998046875,0.0007927054773166908,-0.010354610691310495,0.011147316168627186,0.21097753136452213,0.0816759053445748,0.11803582827822423,2026-02-28,791,ok,0.0005107062227176636,0.9366403186805612,0.2184177621941119,-0.009187839635004545,0.009980545112321236,0.11134920927419509
CMP020,FedEx Corporation,FDX,^GSPC,USD,NYSE,SECONDARY_INDIRECT,Transport & Logistics,False,2023-02-06,157.8560333251953,4111.080078125,-0.019005974387246938,-0.006140463017754394,-0.012865511369492544,0.1879617234198765,0.07503391445061047,0.10517031690873169,2026-02-28,791,ok,0.0005107062227176636,0.9366403186805612,0.2184177621941119,-0.005240699015078012,-0.013765275372168925,0.09758393390202616
CMP020,FedEx Corporation,FDX,^GSPC,USD,NYSE,SECONDARY_INDIRECT,Transport & Logistics,False,2023-02-07,157.3463134765625,4164.0,-0.0032290172120488236,0.01287251059802652,-0.016101527810075345,0.18412577456769852,0.08887229990761392,0.08906878909865634,2026-02-28,791,ok,0.0005107062227176636,0.9366403186805612,0.2184177621941119,0.012567618651472125,-0.01579663586352095,0.08178729803850521
CMP020,FedEx Corporation,FDX,^GSPC,USD,NYSE,SECONDARY_INDIRECT,Transport & Logistics,False,2023-02-08,157.0240020751953,4117.85986328125,-0.0020484204189200605,-0.011080724476164705,0.009032304057244644,0.18170018715250458,0.07680680596260991,0.09810109315590099,2026-02-28,791,ok,0.0005107062227176636,0.9366403186805612,0.2184177621941119,-0.00986794708184874,0.00781952666292868,0.08960682470143388
CMP020,FedEx Corporation,FDX,^GSPC,USD,NYSE,SECONDARY_INDIRECT,Transport & Logistics,False,2023-02-09,156.3793487548828,4081.5,-0.0041054444657688816,-0.00882979617773516,0.004724351711966279,0.1768487826589613,0.06729882134316201,0.10282544486786727,2026-02-28,791,ok,0.0005107062227176636,0.9366403186805612,0.2184177621941119,-0.0077596368830805985,0.003654192417311717,0.0932610171187456
CMP020,FedEx Corporation,FDX,^GSPC,USD,NYSE,SECONDARY_INDIRECT,Transport & Logistics,False,2023-02-10,156.94155883789062,4090.4599609375,0.0035951683357440256,0.0021952617756952897,0.001399906560048736,0.1810797521383356,0.0696418216489012,0.104225351427916,2026-02-28,791,ok,0.0005107062227176636,0.9366403186805612,0.2184177621941119,0.0025668769118921547,0.0010282914238518709,0.09428930854259747
CMP020,FedEx Corporation,FDX,^GSPC,USD,NYSE,SECONDARY_INDIRECT,Transport & Logistics,False,2023-02-13,158.65809631347656,4137.2900390625,0.010937431030355604,0.011448609342766147,-0.0005111783124105429,0.19399773046869817,0.08188773300164431,0.10371417311550546,2026-02-28,791,ok,0.0005107062227176636,0.9366403186805612,0.2184177621941119,0.011233935325975398,-0.0002965042956197938,0.09399280424697767
CMP020,FedEx Corporation,FDX,^GSPC,USD,NYSE,SECONDARY_INDIRECT,Transport & Logistics,False,2023-02-14,159.41519165039062,4136.1298828125,0.004771867017855813,-0.0002804145319874607,0.005052281549843274,0.19969532885811647,0.08158435595933167,0.10876645466534873,2026-02-28,791,ok,0.0005107062227176636,0.9366403186805612,0.2184177621941119,0.000248058666114268,0.0045238083517415454,0.09851661259871922
CMP020,FedEx Corporation,FDX,^GSPC,USD,NYSE,SECONDARY_INDIRECT,Transport & Logistics,False,2023-02-15,159.69252014160156,4147.60009765625,0.0017396616240887841,0.002773175690496066,-0.0010335140664072817,0.20178239278232946,0.08458377940249884,0.10773294059894145,2026-02-28,791,ok,0.0005107062227176636,0.9366403186805612,0.2184177621941119,0.003108174385221084,-0.0013685127611323,0.09714809983758692
CMP020,FedEx Corporation,FDX,^GSPC,USD,NYSE,SECONDARY_INDIRECT,Transport & Logistics,False,2023-02-16,158.6656036376953,4090.409912109375,-0.006430586122604054,-0.013788741489130674,0.00735815536652662,0.19405422760491353,0.06962873404501346,0.11509109596546807,2026-02-28,791,ok,0.0005107062227176636,0.9366403186805612,0.2184177621941119,-0.012404384999865566,0.005973798877261512,0.10312189871484843
CMP020,FedEx Corporation,FDX,^GSPC,USD,NYSE,SECONDARY_INDIRECT,Transport & Logistics,False,2023-02-17,157.638671875,4079.090087890625,-0.006472302371472116,-0.002767405825327751,-0.003704896546144365,0.18632594759592003,0.06666863725547945,0.1113861994193237,2026-02-28,791,ok,0.0005107062227176636,0.9366403186805612,0.2184177621941119,-0.002081357651435763,-0.004390944720036353,0.09873095399481208
CMP020,FedEx Corporation,FDX,^GSPC,USD,NYSE,SECONDARY_INDIRECT,Transport & Logistics,False,2023-02-21,154.15304565429688,3997.340087890625,-0.02211149192799,-0.020041234255327334,-0.0020702576726626676,0.1600945109816878,0.04529128122343162,0.10931594174666104,2026-02-28,791,ok,0.0005107062227176636,0.9366403186805612,0.2184177621941119,-0.01826072181694391,-0.0038507701110460923,0.09488018388376598
CMP020,FedEx Corporation,FDX,^GSPC,USD,NYSE,SECONDARY_INDIRECT,Transport & Logistics,False,2023-02-22,152.03919982910156,3991.050048828125,-0.013712643926191537,-0.0015735561458868341,-0.012139087780304703,0.1441865480318667,0.04364645670362055,0.09717685396635634,2026-02-28,791,ok,0.0005107062227176636,0.9366403186805612,0.2184177621941119,-0.0009631499072275363,-0.012749494018964,0.08213068986480199
CMP020,FedEx Corporation,FDX,^GSPC,USD,NYSE,SECONDARY_INDIRECT,Transport & Logistics,False,2023-02-23,153.80075073242188,4012.320068359375,0.011586162682389656,0.005329429416074394,0.006256733266315262,0.15744327951636583,0.04920849682995865,0.1034335872326716,2026-02-28,791,ok,0.0005107062227176636,0.9366403186805612,0.2184177621941119,0.005502464689375141,0.006083697993014515,0.0882143878578165
CMP020,FedEx Corporation,FDX,^GSPC,USD,NYSE,SECONDARY_INDIRECT,Transport & Logistics,False,2023-02-24,152.37655639648438,3970.0400390625,-0.009259995995827608,-0.010537551485558128,0.0012775554897305197,0.14672535938264675,0.038152408275528016,0.10471114272240212,2026-02-28,791,ok,0.0005107062227176636,0.9366403186805612,0.2184177621941119,-0.009359189358828322,9.919336300071371e-05,0.08831358122081721
CMP020,FedEx Corporation,FDX,^GSPC,USD,NYSE,SECONDARY_INDIRECT,Transport & Logistics,False,2023-02-27,152.9612274169922,3982.239990234375,0.0038370142647565775,0.0030730045671669703,0.0007640096975896071,0.15112536094435614,0.0413426553675742,0.10547515241999172,2026-02-28,791,ok,0.0005107062227176636,0.9366403186805612,0.2184177621941119,0.003389006199815755,0.0004480080649408224,0.08876158928575803
CMP020,FedEx Corporation,FDX,^GSPC,USD,NYSE,SECONDARY_INDIRECT,Transport & Logistics,False,2023-02-28,152.3315887451172,3970.14990234375,-0.004116328578866124,-0.0030360018281855305,-0.0010803267506805936,0.14638695072324337,0.03818113716211058,0.10439482566931113,2026-02-28,791,ok,0.0005107062227176636,0.9366403186805612,0.2184177621941119,-0.002332935497148798,-0.001783393081717326,0.08697819620404071
CMP020,FedEx Corporation,FDX,^GSPC,USD,NYSE,SECONDARY_INDIRECT,Transport & Logistics,False,2023-03-01,153.16358947753906,3951.389892578125,0.005461774142026421,-0.004725264845680033,0.010187038987706454,0.15264825732746012,0.0332754563312303,0.11458186465701758,2026-02-28,791,ok,0.0005107062227176636,0.9366403186805612,0.2184177621941119,-0.003915167348190135,0.009376941490216556,0.09635513769425727
CMP020,FedEx Corporation,FDX,^GSPC,USD,NYSE,SECONDARY_INDIRECT,Transport & Logistics,False,2023-03-02,155.11253356933594,3981.35009765625,0.012724591389147832,0.0075821940867943916,0.005142397302353441,0.16731523541736548,0.04110995138625473,0.11972426195937103,2026-02-28,791,ok,0.0005107062227176636,0.9366403186805612,0.2184177621941119,0.007612494908470629,0.005112096480677204,0.10146723417493447
CMP020,FedEx Corporation,FDX,^GSPC,USD,NYSE,SECONDARY_INDIRECT,Transport & Logistics,False,2023-03-03,156.72415161132812,4045.639892578125,0.010389992381059088,0.0161477371607488,-0.005757744779689711,0.17944363181964618,0.05792152123667993,0.11396651717968131,2026-02-28,791,ok,0.0005107062227176636,0.9366403186805612,0.2184177621941119,0.01563532790293136,-0.005245335521872271,0.0962218986530622
CMP020,FedEx Corporation,FDX,^GSPC,USD,NYSE,SECONDARY_INDIRECT,Transport & Logistics,False,2023-03-06,157.51121520996094,4048.419921875,0.005021967517710335,0.0006871667698291617,0.004334800747881173,0.1853667594276147,0.05864848975116099,0.11830131792756249,2026-02-28,791,ok,0.0005107062227176636,0.9366403186805612,0.2184177621941119,0.0011543343249971415,0.0038676331927131936,0.10008953184577539
CMP020,FedEx Corporation,FDX,^GSPC,USD,NYSE,SECONDARY_INDIRECT,Transport & Logistics,False,2023-03-07,154.6552734375,3986.3701171875,-0.01813167252029635,-0.015326919115337678,-0.002804753404958671,0.16387407752922822,0.04242266997717059,0.11549656452260382,2026-02-28,791,ok,0.0005107062227176636,0.9366403186805612,0.2184177621941119,-0.013845104181863405,-0.004286568338432944,0.09580296350734245
CMP020,FedEx Corporation,FDX,^GSPC,USD,NYSE,SECONDARY_INDIRECT,Transport & Logistics,False,2023-03-08,157.06898498535156,3992.010009765625,0.015607043291847367,0.0014147940136839399,0.014192249278163427,0.18203871064348576,0.04389748333038268,0.12968881380076724,2026-02-28,791,ok,0.0005107062227176636,0.9366403186805612,0.2184177621941119,0.0018358593385619393,0.013771183953285427,0.10957414746062788
CMP020,FedEx Corporation,FDX,^GSPC,USD,NYSE,SECONDARY_INDIRECT,Transport & Logistics,False,2023-03-09,155.78713989257812,3918.320068359375,-0.008161032509969912,-0.01845935787384867,0.010298325363878758,0.1723920542978814,0.024627806101977123,0.139987139164646,2026-02-28,791,ok,0.0005107062227176636,0.9366403186805612,0.2184177621941119,-0.016779072618882482,0.00861804010891257,0.11819218756954045
CMP020,FedEx Corporation,FDX,^GSPC,USD,NYSE,SECONDARY_INDIRECT,Transport & Logistics,False,2023-03-10,151.64903259277344,3861.590087890625,-0.026562573153715352,-0.01447813845705137,-0.012084434696663982,0.14125030459075938,0.009793102858287828,0.12790270446798202,2026-02-28,791,ok,0.0005107062227176636,0.9366403186805612,0.2184177621941119,-0.013050101995596221,-0.01351247115811913,0.10467971641142132
CMP020,FedEx Corporation,FDX,^GSPC,USD,NYSE,SECONDARY_INDIRECT,Transport & Logistics,False,2023-03-13,148.78472900390625,3855.760009765625,-0.018887714216804574,-0.001509761003189447,-0.017377953213615127,0.11969469498780794,0.00826855661030268,0.1105247512543669,2026-02-28,791,ok,0.0005107062227176636,0.9366403186805612,0.2184177621941119,-0.0009033968044411839,-0.01798431741236339,0.08669539899905793
CMP020,FedEx Corporation,FDX,^GSPC,USD,NYSE,SECONDARY_INDIRECT,Transport & Logistics,False,2023-03-14,149.16162109375,3919.2900390625,0.002533136917793888,0.016476655480623936,-0.013943518562830048,0.12253103495633955,0.024881450249516712,0.09658123269153684,2026-02-28,791,ok,0.0005107062227176636,0.9366403186805612,0.2184177621941119,0.015943406062879084,-0.013410269145085196,0.07328512985397273
CMP020,FedEx Corporation,FDX,^GSPC,USD,NYSE,SECONDARY_INDIRECT,Transport & Logistics,False,2023-03-15,147.2093963623047,3891.929931640625,-0.013087982801006981,-0.00698088356543769,-0.006107099235569291,0.10783936807723449,0.017726872176947905,0.09047413345596755,2026-02-28,791,ok,0.0005107062227176636,0.9366403186805612,0.2184177621941119,-0.006027870784685787,-0.007060112016321194,0.06622501783765154
CMP020,FedEx Corporation,FDX,^GSPC,USD,NYSE,SECONDARY_INDIRECT,Transport & Logistics,False,2023-03-16,153.80479431152344,3960.280029296875,0.044802832646541724,0.017562006217166637,0.027240826429375087,0.15747370988444942,0.035600197833496994,0.11771495988534264,2026-02-28,791,ok,0.0005107062227176636,0.9366403186805612,0.2184177621941119,0.01695998932263462,0.027842843323907105,0.09406786116155864
CMP020,FedEx Corporation,FDX,^GSPC,USD,NYSE,SECONDARY_INDIRECT,Transport & Logistics,False,2023-03-17,166.06094360351562,3916.639892578125,0.07968639304681235,-0.011019457310067593,0.09070585035687995,0.24970861487165363,0.02418844566317313,0.2084208102422226,2026-02-28,791,ok,0.0005107062227176636,0.9366403186805612,0.2184177621941119,-0.009810561783870887,0.08949695483068323,0.1835648159922419
CMP020,FedEx Corporation,FDX,^GSPC,USD,NYSE,SECONDARY_INDIRECT,Transport & Logistics,False,2023-03-20,162.9931640625,3951.570068359375,-0.01847381734949194,0.008918403718310097,-0.027392221067802036,0.2266217261804282,0.0333225717052259,0.18102858917442055,2026-02-28,791,ok,0.0005107062227176636,0.9366403186805612,0.2184177621941119,0.008864042723557534,-0.027337860073049475,0.15622695591919242
CMP020,FedEx Corporation,FDX,^GSPC,USD,NYSE,SECONDARY_INDIRECT,Transport & Logistics,False,2023-03-21,165.69912719726562,4002.8701171875,0.016601697073185262,0.012982193897784988,0.0036195031754002738,0.2469857285018633,0.04673736569006093,0.18464809234982082,2026-02-28,791,ok,0.0005107062227176636,0.9366403186805612,0.2184177621941119,0.012670352452311831,0.003931344620873431,0.16015830054006586
CMP020,FedEx Corporation,FDX,^GSPC,USD,NYSE,SECONDARY_INDIRECT,Transport & Logistics,False,2023-03-22,163.6112060546875,3936.969970703125,-0.012600676768154906,-0.01646322377571363,0.0038625470075587254,0.23127286440250905,0.02950469420430446,0.18851063935737955,2026-02-28,791,ok,0.0005107062227176636,0.9366403186805612,0.2184177621941119,-0.014909412941076144,0.0023087361729212386,0.1624670367129871
CMP020,FedEx Corporation,FDX,^GSPC,USD,NYSE,SECONDARY_INDIRECT,Transport & Logistics,False,2023-03-23,163.50567626953125,3948.719970703125,-0.0006450034059463094,0.0029845287333754023,-0.0036295321393217117,0.2304786892113202,0.032577280545301956,0.18488110721805784,2026-02-28,791,ok,0.0005107062227176636,0.9366403186805612,0.2184177621941119,0.0033061361666576923,-0.003951139572604002,0.15851589714038308
CMP020,FedEx Corporation,FDX,^GSPC,USD,NYSE,SECONDARY_INDIRECT,Transport & Logistics,False,2023-03-24,164.0182342529297,3970.989990234375,0.0031348023817443504,0.005639807253104534,-0.0025050048713601836,0.2343359967369456,0.03840081738151224,0.18237610234669765,2026-02-28,791,ok,0.0005107062227176636,0.9366403186805612,0.2184177621941119,0.005793177085562435,-0.0026583747038180843,0.155857522436565
CMP020,FedEx Corporation,FDX,^GSPC,USD,NYSE,SECONDARY_INDIRECT,Transport & Logistics,False,2023-03-27,165.6916046142578,3977.530029296875,0.010202343470834263,0.0016469543057482383,0.008555389165086025,0.24692911653407057,0.040111016078791195,0.19093149151178368,2026-02-28,791,ok,0.0005107062227176636,0.9366403186805612,0.2184177621941119,0.002053310028506016,0.008149033442328247,0.16400655587889326
CMP020,FedEx Corporation,FDX,^GSPC,USD,NYSE,SECONDARY_INDIRECT,Transport & Logistics,False,2023-03-28,166.158935546875,3971.27001953125,0.00282048649178801,-0.0015738434957162095,0.00439432998750422,0.25044606326347196,0.03847404412131272,0.1953258214992879,2026-02-28,791,ok,0.0005107062227176636,0.9366403186805612,0.2184177621941119,-0.0009634190506632953,0.0037839055424513054,0.16779046142134457
CMP020,FedEx Corporation,FDX,^GSPC,USD,NYSE,SECONDARY_INDIRECT,Transport & Logistics,False,2023-03-29,168.57847595214844,4027.81005859375,0.014561602704723953,0.014237268879836451,0.0003243338248875016,0.26865456204040083,0.05325907831219889,0.1956501553241754,2026-02-28,791,ok,0.0005107062227176636,0.9366403186805612,0.2184177621941119,0.013845906283468514,0.0007156964212554386,0.1685061578426
CMP020,FedEx Corporation,FDX,^GSPC,USD,NYSE,SECONDARY_INDIRECT,Transport & Logistics,False,2023-03-30,169.143798828125,4050.830078125,0.003353470084383803,0.005715269388667954,-0.002361799304284151,0.27290895716162034,0.059278737680813265,0.19328835601989125,2026-02-28,791,ok,0.0005107062227176636,0.9366403186805612,0.2184177621941119,0.005863857964264872,-0.0025103878798810693,0.16599576996271895
CMP020,FedEx Corporation,FDX,^GSPC,USD,NYSE,SECONDARY_INDIRECT,Transport & Logistics,False,2023-03-31,172.2266845703125,4109.31005859375,0.018226418961537982,0.014436542471763847,0.0037898764897741355,0.2961095291147424,0.07457106016677861,0.19707823250966539,2026-02-28,791,ok,0.0005107062227176636,0.9366403186805612,0.2184177621941119,0.014032553964116009,0.004193864997421973,0.17018963496014092
CMP020,FedEx Corporation,FDX,^GSPC,USD,NYSE,SECONDARY_INDIRECT,Transport & Logistics,False,2023-04-03,172.490478515625,4124.509765625,0.0015316670931142529,0.0036988464765423945,-0.0021671793834281416,0.2980947374295593,0.07854573354647099,0.19491105312623724,2026-02-28,791,ok,0.0005107062227176636,0.9366403186805612,0.2184177621941119,0.003975194965256803,-0.00244352787214255,0.16774610708799836
CMP020,FedEx Corporation,FDX,^GSPC,USD,NYSE,SECONDARY_INDIRECT,Transport & Logistics,False,2023-04-04,170.71917724609375,4100.60009765625,-0.01026897997370213,-0.005796972083329965,-0.004472007890372165,0.28476462856692697,0.07229343403850752,0.19043904523586508,2026-02-28,791,ok,0.0005107062227176636,0.9366403186805612,0.2184177621941119,-0.004918971556794832,-0.0053500084169072985,0.16239609867109106
CMP020,FedEx Corporation,FDX,^GSPC,USD,NYSE,SECONDARY_INDIRECT,Transport & Logistics,False,2023-04-05,173.3120880126953,4090.3798828125,0.015188163441438363,-0.002492370531228194,0.017680533972666557,0.30427784372938027,0.06962088148268042,0.20811957920853164,2026-02-28,791,ok,0.0005107062227176636,0.9366403186805612,0.2184177621941119,-0.0018237485059219517,0.017011911947360313,0.17940801061845138
CMP020,FedEx Corporation,FDX,^GSPC,USD,NYSE,SECONDARY_INDIRECT,Transport & Logistics,False,2023-04-06,174.94773864746094,4105.02001953125,0.009437602728817218,0.0035791630944272956,0.0058584396343899225,0.3165870998664966,0.07344922906671192,0.21397801884292156,2026-02-28,791,ok,0.0005107062227176636,0.9366403186805612,0.2184177621941119,0.0038630946840917495,0.005574508044725469,0.18498251866317686
CMP020,FedEx Corporation,FDX,^GSPC,USD,NYSE,SECONDARY_INDIRECT,Transport & Logistics,False,2023-04-10,174.5708770751953,4109.10986328125,-0.00215413800246389,0.0009963029974375814,-0.0031504409999014715,0.31375098956112035,0.0745187097512281,0.2108275778430201,2026-02-28,791,ok,0.0005107062227176636,0.9366403186805612,0.2184177621941119,0.0014438837797399982,-0.0035980217822038883,0.18138449688097297
CMP020,FedEx Corporation,FDX,^GSPC,USD,NYSE,SECONDARY_INDIRECT,Transport & Logistics,False,2023-04-11,174.51812744140625,4108.93994140625,-0.00030216743292377224,-4.1352477946232646e-05,-0.0002608149549775396,0.3133540167971036,0.07447427573998033,0.21056676288804255,2026-02-28,791,ok,0.0005107062227176636,0.9366403186805612,0.2184177621941119,0.0004719738245958734,-0.0007741412575196457,0.18061035562345332
CMP020,FedEx Corporation,FDX,^GSPC,USD,NYSE,SECONDARY_INDIRECT,Transport & Logistics,False,2023-04-12,172.96534729003906,4091.949951171875,-0.008897529294706219,-0.004134884052006904,-0.004762645242699315,0.3016684109583314,0.07003144919293147,0.20580411764534323,2026-02-28,791,ok,0.0005107062227176636,0.9366403186805612,0.2184177621941119,-0.003362192893461253,-0.005535336401244966,0.17507501922220836
CMP020,FedEx Corporation,FDX,^GSPC,USD,NYSE,SECONDARY_INDIRECT,Transport & Logistics,False,2023-04-13,174.17138671875,4146.22021484375,0.00697272284655126,0.01326268999363811,-0.00628996714708685,0.31074458402605454,0.08422294458702062,0.19951415049825638,2026-02-28,791,ok,0.0005107062227176636,0.9366403186805612,0.2184177621941119,0.012933076404920352,-0.005960353558369092,0.16911466566383926
CMP020,FedEx Corporation,FDX,^GSPC,USD,NYSE,SECONDARY_INDIRECT,Transport & Logistics,False,2023-04-14,173.88494873046875,4137.64013671875,-0.0016445754591354333,-0.0020693734728036706,0.0004247980136682372,0.3085889656499705,0.08197928238688723,0.19993894851192462,2026-02-28,791,ok,0.0005107062227176636,0.9366403186805612,0.2184177621941119,-0.001427552406318266,-0.0002170230528171673,0.16889764261102208
CMP020,FedEx Corporation,FDX,^GSPC,USD,NYSE,SECONDARY_INDIRECT,Transport & Logistics,False,2023-04-17,172.8448028564453,4151.31982421875,-0.005981805105142901,0.00330615690296554,-0.009287962008108441,0.30076124149471184,0.08555647566021629,0.19065098650381618,2026-02-28,791,ok,0.0005107062227176636,0.9366403186805612,0.2184177621941119,0.0036073860779192446,-0.009589191183062146,0.15930845142795994
CMP020,FedEx Corporation,FDX,^GSPC,USD,NYSE,SECONDARY_INDIRECT,Transport & Logistics,False,2023-04-18,172.76939392089844,4154.8701171875,-0.0004362811857843152,0.0008552202959737354,-0.0012915014817580506,0.30019374383785036,0.08648486559062674,0.18935948502205813,2026-02-28,791,ok,0.0005107062227176636,0.9366403186805612,0.2184177621941119,0.001311740033280587,-0.0017480212190649023,0.15756043020889504
CMP020,FedEx Corporation,FDX,^GSPC,USD,NYSE,SECONDARY_INDIRECT,Transport & Logistics,False,2023-04-19,172.98043823242188,4154.52001953125,0.0012215376041664339,-8.42619976980652e-05,0.001305799601864499,0.30178197938865026,0.08639331620538337,0.19066528462392263,2026-02-28,791,ok,0.0005107062227176636,0.9366403186805612,0.2184177621941119,0.0004317830383410871,0.0007897545658253468,0.15835018477472038
CMP020,FedEx Corporation,FDX,^GSPC,USD,NYSE,SECONDARY_INDIRECT,Transport & Logistics,False,2023-04-20,172.8975372314453,4129.7900390625,-0.00047925072813825853,-0.00595254815297297,0.005473297424834711,0.301158099427151,0.07992650767760279,0.19613858204875734,2026-02-28,791,ok,0.0005107062227176636,0.9366403186805612,0.2184177621941119,-0.005064690376244325,0.004585439648106066,0.16293562442282644
CMP020,FedEx Corporation,FDX,^GSPC,USD,NYSE,SECONDARY_INDIRECT,Transport & Logistics,False,2023-04-21,173.696533203125,4133.52001953125,0.004621210830840994,0.0009031888869577287,0.003718021943883265,0.3071710253288602,0.0809018852980683,0.1998566039926406,2026-02-28,791,ok,0.0005107062227176636,0.9366403186805612,0.2184177621941119,0.0013566693496264918,0.003264541481214502,0.16620016590404094
CMP020,FedEx Corporation,FDX,^GSPC,USD,NYSE,SECONDARY_INDIRECT,Transport & Logistics,False,2023-04-24,174.99295043945312,4137.0400390625,0.007463690912080878,0.0008515791660903549,0.006612111745990523,0.31692734583114257,0.08182235882417599,0.20646871573863113,2026-02-28,791,ok,0.0005107062227176636,0.9366403186805612,0.2184177621941119,0.0013083296042262602,0.006155361307854618,0.17235552721189557
CMP020,FedEx Corporation,FDX,^GSPC,USD,NYSE,SECONDARY_INDIRECT,Transport & Logistics,False,2023-04-25,169.9503173828125,4071.6298828125,-0.0288162068470601,-0.015810858882773227,-0.013005347964286873,0.2789784950311225,0.06471781817257805,0.19346336777434425,2026-02-28,791,ok,0.0005107062227176636,0.9366403186805612,0.2184177621941119,-0.014298381679856434,-0.014517825167203666,0.15783770204469189
CMP020,FedEx Corporation,FDX,^GSPC,USD,NYSE,SECONDARY_INDIRECT,Transport & Logistics,False,2023-04-26,167.9152069091797,4055.989990234375,-0.011974737705542138,-0.003841187197329843,-0.008133550508212295,0.26366306302209574,0.06062803772064451,0.18532981726613196,2026-02-28,791,ok,0.0005107062227176636,0.9366403186805612,0.2184177621941119,-0.003087104577901052,-0.008887633127641086,0.1489500689170508
CMP020,FedEx Corporation,FDX,^GSPC,USD,NYSE,SECONDARY_INDIRECT,Transport & Logistics,False,2023-04-27,170.30459594726562,4135.35009765625,0.014229735841485125,0.01956614972249704,-0.005336413881011914,0.2816446546015421,0.08138044470656491,0.17999340338512004,2026-02-28,791,ok,0.0005107062227176636,0.9366403186805612,0.2184177621941119,0.018837150934148863,-0.004607415092663738,0.14434265382438705
CMP020,FedEx Corporation,FDX,^GSPC,USD,NYSE,SECONDARY_INDIRECT,Transport & Logistics,False,2023-04-28,171.69151306152344,4169.47998046875,0.008143744486421634,0.008253202753460531,-0.00010945826703889772,0.2920820411910052,0.09030529677035548,0.17988394511808115,2026-02-28,791,ok,0.0005107062227176636,0.9366403186805612,0.2184177621941119,0.008240988679854221,-9.724419343258746e-05,0.14424540963095445
CMP020,FedEx Corporation,FDX,^GSPC,USD,NYSE,SECONDARY_INDIRECT,Transport & Logistics,False,2023-05-01,173.8020477294922,4167.8701171875,0.012292597521768478,-0.0003861064902076494,0.012678704011976127,0.30796508568847125,0.08988432281896475,0.19256264913005727,2026-02-28,791,ok,0.0005107062227176636,0.9366403186805612,0.2184177621941119,0.00014906331668493788,0.01214353420508354,0.156388943836038
CMP020,FedEx Corporation,FDX,^GSPC,USD,NYSE,SECONDARY_INDIRECT,Transport & Logistics,False,2023-05-02,172.1588592529297,4119.580078125,-0.009454367759348714,-0.011586262936400304,0.0021318951770515904,0.2955991027519844,0.07725663648452352,0.19469454430710886,2026-02-28,791,ok,0.0005107062227176636,0.9366403186805612,0.2184177621941119,-0.010341454786349092,0.0008870870270003776,0.15727603086303837
CMP020,FedEx Corporation,FDX,^GSPC,USD,NYSE,SECONDARY_INDIRECT,Transport & Logistics,False,2023-05-03,172.24928283691406,4090.75,0.0005252334058019059,-0.006998305064656485,0.007523538470458391,0.29627959468127685,0.06971766590947914,0.20221808277756725,2026-02-28,791,ok,0.0005107062227176636,0.9366403186805612,0.2184177621941119,-0.006044188463265972,0.006569421869067878,0.16384545273210624
CMP020,FedEx Corporation,FDX,^GSPC,USD,NYSE,SECONDARY_INDIRECT,Transport & Logistics,False,2023-05-04,170.62872314453125,4061.219970703125,-0.009408223161760043,-0.007218732334382416,-0.002189490827377627,0.2840839069744796,0.061995660405918196,0.20002859195018963,2026-02-28,791,ok,0.0005107062227176636,0.9366403186805612,0.2184177621941119,-0.006250649531427954,-0.003157573630332089,0.16068787910177415
CMP020,FedEx Corporation,FDX,^GSPC,USD,NYSE,SECONDARY_INDIRECT,Transport & Logistics,False,2023-05-05,172.83721923828125,4136.25,0.012943284419231649,0.018474751389515376,-0.005531466970283727,0.3007041702006086,0.08161576620866162,0.1944971249799059,2026-02-28,791,ok,0.0005107062227176636,0.9366403186805612,0.2184177621941119,0.017814903251737485,-0.004871618832505836,0.15581626026926831
CMP020,FedEx Corporation,FDX,^GSPC,USD,NYSE,SECONDARY_INDIRECT,Transport & Logistics,False,2023-05-08,173.91510009765625,4138.1201171875,0.006236393203532087,0.0004521286642489297,0.005784264539283157,0.3088158728474535,0.08210479570026807,0.20028138951918906,2026-02-28,791,ok,0.0005107062227176636,0.9366403186805612,0.2184177621941119,0.0009341881588843977,0.005302205044647689,0.161118465313916
CMP020,FedEx Corporation,FDX,^GSPC,USD,NYSE,SECONDARY_INDIRECT,Transport & Logistics,False,2023-05-09,172.33218383789062,4119.169921875,-0.00910166086140185,-0.004579421277258522,-0.004522239584143328,0.29690347464277633,0.07714938197461474,0.19575914993504573,2026-02-28,791,ok,0.0005107062227176636,0.9366403186805612,0.2184177621941119,-0.0037785643817863012,-0.005323096479615549,0.15579536883430045
CMP020,FedEx Corporation,FDX,^GSPC,USD,NYSE,SECONDARY_INDIRECT,Transport & Logistics,False,2023-05-10,170.5985565185547,4137.64013671875,-0.010059800094953442,0.004483965263404999,-0.01454376535835844,0.2838568849454195,0.08197928238688701,0.1812153845766873,2026-02-28,791,ok,0.0005107062227176636,0.9366403186805612,0.2184177621941119,0.004710568875985888,-0.01477036897093933,0.14102499986336112
CMP020,FedEx Corporation,FDX,^GSPC,USD,NYSE,SECONDARY_INDIRECT,Transport & Logistics,False,2023-05-11,169.4754638671875,4130.6201171875,-0.006583248265908059,-0.0016966239932159066,-0.004886624272692153,0.2754049363339284,0.08014357037622699,0.17632876030399514,2026-02-28,791,ok,0.0005107062227176636,0.9366403186805612,0.2184177621941119,-0.0010784202149691695,-0.00550482805093889,0.13552017181242224
CMP020,FedEx Corporation,FDX,^GSPC,USD,NYSE,SECONDARY_INDIRECT,Transport & Logistics,False,2023-05-12,168.0358123779297,4124.080078125,-0.008494748776058936,-0.0015833068345566526,-0.006911441941502283,0.2645706918120263,0.07843337167894782,0.16941731836249285,2026-02-28,791,ok,0.0005107062227176636,0.9366403186805612,0.2184177621941119,-0.00097228279537059,-0.0075224659806883455,0.1279977058317339
CMP020,FedEx Corporation,FDX,^GSPC,USD,NYSE,SECONDARY_INDIRECT,Transport & Logistics,False,2023-05-15,167.65133666992188,4136.27978515625,-0.0022880581381252707,0.0029581644391338813,-0.005246222577259152,0.261677280549391,0.08162355492902362,0.1641710957852337,2026-02-28,791,ok,0.0005107062227176636,0.9366403186805612,0.2184177621941119,0.0032814423056975253,-0.005569500443822796,0.1224282053879111
CMP020,FedEx Corporation,FDX,^GSPC,USD,NYSE,SECONDARY_INDIRECT,Transport & Logistics,False,2023-05-16,166.78453063964844,4109.89990234375,-0.005170290004785527,-0.006377683373153031,0.0012073933683675042,0.2551540431165016,0.07472530236674202,0.1653784891536012,2026-02-28,791,ok,0.0005107062227176636,0.9366403186805612,0.2184177621941119,-0.005462889164356108,0.00029259915957058086,0.12272080454748169
CMP020,FedEx Corporation,FDX,^GSPC,USD,NYSE,SECONDARY_INDIRECT,Transport & Logistics,False,2023-05-17,170.26690673828125,4158.77001953125,0.020879490953251256,0.011890829058788244,0.008988661894463013,0.28136102060468926,0.08750467722233957,0.17436715104806422,2026-02-28,791,ok,0.0005107062227176636,0.9366403186805612,0.2184177621941119,0.011648136141717162,0.009231354811534094,0.13195215935901577
CMP020,FedEx Corporation,FDX,^GSPC,USD,NYSE,SECONDARY_INDIRECT,Transport & Logistics,False,2023-05-18,173.68894958496094,4198.0498046875,0.02009810897627773,0.009445048649426635,0.010653060326851094,0.3071139540347567,0.09777621180518348,0.1850202113749153,2026-02-28,791,ok,0.0005107062227176636,0.9366403186805612,0.2184177621941119,0.009357319599670032,0.010740789376607697,0.14269294873562346
CMP020,FedEx Corporation,FDX,^GSPC,USD,NYSE,SECONDARY_INDIRECT,Transport & Logistics,False,2023-05-19,172.67141723632812,4191.97998046875,-0.005858359734826291,-0.0014458676054706077,-0.004412492129355683,0.29945641027760983,0.09618897274247806,0.18060771924555963,2026-02-28,791,ok,0.0005107062227176636,0.9366403186805612,0.2184177621941119,-0.0008435516720402263,-0.0050148080627860645,0.1376781406728374
CMP020,FedEx Corporation,FDX,^GSPC,USD,NYSE,SECONDARY_INDIRECT,Transport & Logistics,False,2023-05-22,172.3699188232422,4192.6298828125,-0.0017460817656537175,0.0001550346964389604,-0.001901116462092678,0.29718745313436234,0.09635892006710689,0.17870660278346695,2026-02-28,791,ok,0.0005107062227176636,0.9366403186805612,0.2184177621941119,0.0006559179701967955,-0.002401999735850513,0.1352761409369869
CMP020,FedEx Corporation,FDX,^GSPC,USD,NYSE,SECONDARY_INDIRECT,Transport & Logistics,False,2023-05-23,170.8322296142578,4145.580078125,-0.008920867512626773,-0.011222026747550129,0.0023011592349233556,0.285615415725909,0.08405555094119865,0.1810077620183903,2026-02-28,791,ok,0.0005107062227176636,0.9366403186805612,0.2184177621941119,-0.010000296486349472,0.0010794289737226983,0.1363555699107096
CMP020,FedEx Corporation,FDX,^GSPC,USD,NYSE,SECONDARY_INDIRECT,Transport & Logistics,False,2023-05-24,168.5031280517578,4115.240234375,-0.013633853329428236,-0.007318600335353365,-0.006315252994074871,0.2680875237098501,0.0761217816225388,0.17469250902431543,2026-02-28,791,ok,0.0005107062227176636,0.9366403186805612,0.2184177621941119,-0.006344189927683374,-0.007289663401744862,0.12906590650896474
CMP020,FedEx Corporation,FDX,^GSPC,USD,NYSE,SECONDARY_INDIRECT,Transport & Logistics,False,2023-05-25,169.6563720703125,4151.27978515625,0.006844051097973924,0.008757581265902425,-0.001913530167928501,0.27676637951882355,0.08554600557710579,0.17277897885638693,2026-02-28,791,ok,0.0005107062227176636,0.9366403186805612,0.2184177621941119,0.008713409930483423,-0.0018693588325094986,0.12719654767645525
CMP020,FedEx Corporation,FDX,^GSPC,USD,NYSE,SECONDARY_INDIRECT,Transport & Logistics,False,2023-05-26,168.9553680419922,4205.4501953125,-0.0041319050959652825,0.01304908677799732,-0.017180991873962603,0.27149090200893267,0.09971138960538983,0.15559798698242433,2026-02-28,791,ok,0.0005107062227176636,0.9366403186805612,0.2184177621941119,0.012733007020951372,-0.016864912116916653,0.1103316355595386
CMP020,FedEx Corporation,FDX,^GSPC,USD,NYSE,SECONDARY_INDIRECT,Transport & Logistics,False,2023-05-30,170.4553680419922,4205.52001953125,0.008878084297547773,1.660326849850513e-05,0.008861481029049267,0.282779305420533,0.09972964840886234,0.1644594680114736,2026-02-28,791,ok,0.0005107062227176636,0.9366403186805612,0.2184177621941119,0.0005262575134152424,0.00835182678413253,0.11868346234367112
CMP020,FedEx Corporation,FDX,^GSPC,USD,NYSE,SECONDARY_INDIRECT,Transport & Logistics,False,2023-05-31,164.30465698242188,4179.830078125,-0.03608399741365176,-0.006108624209833935,-0.029975373203817823,0.2364915002814525,0.09301181325431984,0.13448409480765577,2026-02-28,791,ok,0.0005107062227176636,0.9366403186805612,0.2184177621941119,-0.005210877503880985,-0.030873119909770774,0.08781034243390035
CMP020,FedEx Corporation,FDX,^GSPC,USD,NYSE,SECONDARY_INDIRECT,Transport & Logistics,False,2023-06-01,163.78457641601562,4221.02001953125,-0.003165342820817818,0.009854453563032717,-0.013019796383850535,0.23257758078803437,0.10378284741188071,0.12146429842380524,2026-02-28,791,ok,0.0005107062227176636,0.9366403186805612,0.2184177621941119,0.009740784748419419,-0.012906127569237237,0.07490421486466312
CMP020,FedEx Corporation,FDX,^GSPC,USD,NYSE,SECONDARY_INDIRECT,Transport & Logistics,False,2023-06-02,167.13880920410156,4282.3701171875,0.020479540024368026,0.014534424705965554,0.005945115318402472,0.25782020268692163,0.11982569609932492,0.1274094137422077,2026-02-28,791,ok,0.0005107062227176636,0.9366403186805612,0.2184177621941119,0.014124234411151862,0.006355305613216164,0.08125952047787928
CMP020,FedEx Corporation,FDX,^GSPC,USD,NYSE,SECONDARY_INDIRECT,Transport & Logistics,False,2023-06-05,166.64132690429688,4273.7900390625,-0.0029764619131465997,-0.0020035816359177394,-0.0009728802772288603,0.2540763487600377,0.11758203389919153,0.12643653346497885,2026-02-28,791,ok,0.0005107062227176636,0.9366403186805612,0.2184177621941119,-0.001365929119250848,-0.0016105327938957517,0.07964898768398353
CMP020,FedEx Corporation,FDX,^GSPC,USD,NYSE,SECONDARY_INDIRECT,Transport & Logistics,False,2023-06-06,165.4503936767578,4283.85009765625,-0.007146685937174602,0.0023538963079141606,-0.009500582245088762,0.245113858954211,0.12021270612257795,0.11693595121989009,2026-02-28,791,ok,0.0005107062227176636,0.9366403186805612,0.2184177621941119,0.0027154604107033796,-0.009862146347877982,0.06978684133610555
CMP020,FedEx Corporation,FDX,^GSPC,USD,NYSE,SECONDARY_INDIRECT,Transport & Logistics,False,2023-06-07,169.29454040527344,4267.52001953125,0.023234436879165044,-0.0038120096998572883,0.027046446579022332,0.2740433783174563,0.11594244442093538,0.14398239779891242,2026-02-28,791,ok,0.0005107062227176636,0.9366403186805612,0.2184177621941119,-0.003059775757370057,0.0262942126365351,0.09608105397264065
CMP020,FedEx Corporation,FDX,^GSPC,USD,NYSE,SECONDARY_INDIRECT,Transport & Logistics,False,2023-06-08,169.60362243652344,4293.93017578125,0.0018257058408976956,0.0061886426142414575,-0.004362936773343762,0.2763694067548075,0.12284861338751951,0.13961946102556866,2026-02-28,791,ok,0.0005107062227176636,0.9366403186805612,0.2184177621941119,0.006307238413120884,-0.004481532572223188,0.09159952140041747
CMP020,FedEx Corporation,FDX,^GSPC,USD,NYSE,SECONDARY_INDIRECT,Transport & Logistics,False,2023-06-09,169.6111602783203,4298.85986328125,4.444387265190031e-05,0.001148059539441082,-0.0011036156667891817,0.276426133554178,0.1241377104494672,0.13851584535877948,2026-02-28,791,ok,0.0005107062227176636,0.9366403186805612,0.2184177621941119,0.001586025075604017,-0.0015415812029521167,0.09005794019746535
CMP020,FedEx Corporation,FDX,^GSPC,USD,NYSE,SECONDARY_INDIRECT,Transport & Logistics,False,2023-06-12,170.20999145507812,4338.93017578125,0.0035306118758646754,0.009321148810237156,-0.005790536934372481,0.2809326988199685,0.134615965331766,0.132725308424407,2026-02-28,791,ok,0.0005107062227176636,0.9366403186805612,0.2184177621941119,0.009241270014807127,-0.005710658138942452,0.0843472820585229
CMP020,FedEx Corporation,FDX,^GSPC,USD,NYSE,SECONDARY_INDIRECT,Transport & Logistics,False,2023-06-13,173.48460388183594,4369.009765625,0.019238661601261198,0.006932489951473775,0.012306171649787423,0.3055761295465562,0.14248167911021015,0.14503148007419442,2026-02-28,791,ok,0.0005107062227176636,0.9366403186805612,0.2184177621941119,0.007003955820115848,0.01223470578114535,0.09658198783966826
CMP020,FedEx Corporation,FDX,^GSPC,USD,NYSE,SECONDARY_INDIRECT,Transport & Logistics,False,2023-06-14,174.0909881591797,4372.58984375,0.003495320413313241,0.0008194255259321714,0.0026758948873810695,0.31013953644329484,0.14341785776098281,0.1477073749615755,2026-02-28,791,ok,0.0005107062227176636,0.9366403186805612,0.2184177621941119,0.0012782132084617592,0.0022171072048514815,0.09879909504451974
CMP020,FedEx Corporation,FDX,^GSPC,USD,NYSE,SECONDARY_INDIRECT,Transport & Logistics,False,2023-06-15,179.2227020263672,4425.83984375,0.029477194204305057,0.01217813742034668,0.017299056783958378,0.3487587739937721,0.15734255756167448,0.16500643174553387,2026-02-28,791,ok,0.0005107062227176636,0.9366403186805612,0.2184177621941119,0.011917240737046845,0.017559953467258214,0.11635904851177795
CMP020,FedEx Corporation,FDX,^GSPC,USD,NYSE,SECONDARY_INDIRECT,Transport & Logistics,False,2023-06-16,176.9638214111328,4409.58984375,-0.012603763863029194,-0.0036716195284263176,-0.008932144334602876,0.3317593368981657,0.15309323602625224,0.156074287410931,2026-02-28,791,ok,0.0005107062227176636,0.9366403186805612,0.2184177621941119,-0.002928280662461334,-0.00967548320056786,0.1066835653112101
CMP020,FedEx Corporation,FDX,^GSPC,USD,NYSE,SECONDARY_INDIRECT,Transport & Logistics,False,2023-06-20,175.5918426513672,4388.7099609375,-0.007752877106887102,-0.0047351076976228645,-0.003017769409264237,0.32143437042324474,0.14763321536826757,0.15305651800166675,2026-02-28,791,ok,0.0005107062227176636,0.9366403186805612,0.2184177621941119,-0.003924386560170595,-0.0038284905467165066,0.10285507476449358
CMP020,FedEx Corporation,FDX,^GSPC,USD,NYSE,SECONDARY_INDIRECT,Transport & Logistics,False,2023-06-21,171.1877899169922,4365.68994140625,-0.02508119208657733,-0.005245281583003636,-0.019835910503573695,0.28829122114885397,0.1416135559996532,0.13322060749809306,2026-02-28,791,ok,0.0005107062227176636,0.9366403186805612,0.2184177621941119,-0.00440223599075614,-0.02067895609582119,0.08217611866867239
CMP020,FedEx Corporation,FDX,^GSPC,USD,NYSE,SECONDARY_INDIRECT,Transport & Logistics,False,2023-06-22,176.56207275390625,4381.89013671875,0.03139407804446814,0.003710798414438443,0.0276832796300297,0.3287359362896043,0.14584985377315807,0.16090388712812276,2026-02-28,791,ok,0.0005107062227176636,0.9366403186805612,0.2184177621941119,0.003986389632176608,0.027407688412291534,0.10958380708096392
CMP020,FedEx Corporation,FDX,^GSPC,USD,NYSE,SECONDARY_INDIRECT,Transport & Logistics,False,2023-06-23,176.11488342285156,4348.330078125,-0.0025327598621815994,-0.007658808766684566,0.005126048904502967,0.3253705672427316,0.137074008867776,0.16602993603262572,2026-02-28,791,ok,0.0005107062227176636,0.9366403186805612,0.2184177621941119,-0.006662842861223244,0.004130082999041645,0.11371389008000557
CMP020,FedEx Corporation,FDX,^GSPC,USD,NYSE,SECONDARY_INDIRECT,Transport & Logistics,False,2023-06-26,178.07809448242188,4328.81982421875,0.01114733190866457,-0.004486838293256468,0.015634170201921038,0.3401449128577614,0.13197214166252147,0.18166410623454676,2026-02-28,791,ok,0.0005107062227176636,0.9366403186805612,0.2184177621941119,-0.0036918474261462197,0.014839179334810791,0.12855306941481637
CMP020,FedEx Corporation,FDX,^GSPC,USD,NYSE,SECONDARY_INDIRECT,Transport & Logistics,False,2023-06-27,187.04527282714844,4378.41015625,0.05035531389073644,0.011455854954693034,0.03889945893604341,0.40762833060378756,0.14493985033016066,0.22056356517059017,2026-02-28,791,ok,0.0005107062227176636,0.9366403186805612,0.2184177621941119,0.011240721858239633,0.03911459203249681,0.16766766144731318
CMP020,FedEx Corporation,FDX,^GSPC,USD,NYSE,SECONDARY_INDIRECT,Transport & Logistics,False,2023-06-28,188.31874084472656,4376.85986328125,0.006808341094805215,-0.00035407668843834283,0.007162417783243558,0.4172119444132494,0.1445344538194946,0.22772598295383373,2026-02-28,791,ok,0.0005107062227176636,0.9366403186805612,0.2184177621941119,0.0001790637204214164,0.0066292773743837985,0.17429693882169697
CMP020,FedEx Corporation,FDX,^GSPC,USD,NYSE,SECONDARY_INDIRECT,Transport & Logistics,False,2023-06-29,189.486083984375,4396.43994140625,0.006198762451427697,0.004473544672805918,0.0017252177786217793,0.4259969045999932,0.1496545798282216,0.2294512007324555,2026-02-28,791,ok,0.0005107062227176636,0.9366403186805612,0.2184177621941119,0.0047008085306863255,0.0014979539207413718,0.17579489274243834
CMP020,FedEx Corporation,FDX,^GSPC,USD,NYSE,SECONDARY_INDIRECT,Transport & Logistics,False,2023-06-30,187.9093780517578,4450.3798828125,-0.008320958982651172,0.012269004495714109,-0.02058996347836528,0.4141312428474291,0.16375969703665239,0.20886123725409023,2026-02-28,791,ok,0.0005107062227176636,0.9366403186805612,0.2184177621941119,0.012002350503476564,-0.020323309486127736,0.1554715832563106
CMP020,FedEx Corporation,FDX,^GSPC,USD,NYSE,SECONDARY_INDIRECT,Transport & Logistics,False,2023-07-03,187.6441192626953,4455.58984375,-0.0014116314566771093,0.0011706778016009611,-0.0025823092582780705,0.41213501070115566,0.16512208468037115,0.20627892799581216,2026-02-28,791,ok,0.0005107062227176636,0.9366403186805612,0.2184177621941119,0.0016072102518814467,-0.003018841708558556,0.15245274154775204
CMP020,FedEx Corporation,FDX,^GSPC,USD,NYSE,SECONDARY_INDIRECT,Transport & Logistics,False,2023-07-05,188.22776794433597,4446.81982421875,0.0031104022014329935,-0.0019683184132291975,0.005078720614662191,0.4165273185471612,0.16282875342743486,0.21135764861047435,2026-02-28,791,ok,0.0005107062227176636,0.9366403186805612,0.2184177621941119,-0.0013329001631141484,0.004443302364547142,0.1568960439122992
CMP020,FedEx Corporation,FDX,^GSPC,USD,NYSE,SECONDARY_INDIRECT,Transport & Logistics,False,2023-07-06,187.7350616455078,4411.58984375,-0.0026176068717653767,-0.007922511336500904,0.005304904464735527,0.4128194069040887,0.15361622944599684,0.21666255307520987,2026-02-28,791,ok,0.0005107062227176636,0.9366403186805612,0.2184177621941119,-0.006909837320252902,0.004292230448487525,0.16118827436078673
CMP020,FedEx Corporation,FDX,^GSPC,USD,NYSE,SECONDARY_INDIRECT,Transport & Logistics,False,2023-07-07,190.4487152099609,4398.9501953125,0.014454697703603081,-0.0028651005386203243,0.017319798242223405,0.433241284340671,0.15031100296565003,0.23398235131743328,2026-02-28,791,ok,0.0005107062227176636,0.9366403186805612,0.2184177621941119,-0.002172862458827525,0.016627560162430607,0.17781583452321734
CMP020,FedEx Corporation,FDX,^GSPC,USD,NYSE,SECONDARY_INDIRECT,Transport & Logistics,False,2023-07-10,190.78224182128903,4409.52978515625,0.0017512673212860541,0.002405026057131332,-0.0006537587358452779,0.4357512729654549,0.15307753090158727,0.233328592581588,2026-02-28,791,ok,0.0005107062227176636,0.9366403186805612,0.2184177621941119,0.002763350595304208,-0.001012083274018154,0.17680375124919917
CMP020,FedEx Corporation,FDX,^GSPC,USD,NYSE,SECONDARY_INDIRECT,Transport & Logistics,False,2023-07-11,195.8684539794922,4439.259765625,0.026659777711216748,0.0067422110558885695,0.01991756665532818,0.47402808275131036,0.16085182297872858,0.2532461592369162,2026-02-28,791,ok,0.0005107062227176636,0.9366403186805612,0.2184177621941119,0.0068257329347167365,0.019834044776500012,0.1966377960256992
CMP020,FedEx Corporation,FDX,^GSPC,USD,NYSE,SECONDARY_INDIRECT,Transport & Logistics,False,2023-07-12,198.3016662597656,4472.16015625,0.012422685893707985,0.007411233485312474,0.005011452408395511,0.4923394706218345,0.16945516688067452,0.2582576116453117,2026-02-28,791,ok,0.0005107062227176636,0.9366403186805612,0.2184177621941119,0.007452366316216786,0.0049703195774912,0.2016081156031904
CMP020,FedEx Corporation,FDX,^GSPC,USD,NYSE,SECONDARY_INDIRECT,Transport & Logistics,False,2023-07-13,195.91395568847656,4510.0400390625,-0.01204079933529778,0.008470153458069118,-0.0205109527933669,0.4743705105159324,0.17936063160648574,0.2377466588519448,2026-02-28,791,ok,0.0005107062227176636,0.9366403186805612,0.2184177621941119,0.00844419345695678,-0.02048499279225456,0.18112312281093584
CMP020,FedEx Corporation,FDX,^GSPC,USD,NYSE,SECONDARY_INDIRECT,Transport & Logistics,False,2023-07-14,195.1483612060547,4505.419921875,-0.003907809832798481,-0.0010244071333035398,-0.0028834026994949413,0.46860895093775,0.1781524861627306,0.23486325615244985,2026-02-28,791,ok,0.0005107062227176636,0.9366403186805612,0.2184177621941119,-0.000448794801078404,-0.0034590150317200773,0.17766410777921576
CMP020,FedEx Corporation,FDX,^GSPC,USD,NYSE,SECONDARY_INDIRECT,Transport & Logistics,False,2023-07-17,193.0866241455078,4522.7900390625,-0.010564972453803612,0.0038553825145495324,-0.014420354968353144,0.4530931378256833,0.18269471465735543,0.2204429011840967,2026-02-28,791,ok,0.0005107062227176636,0.9366403186805612,0.2184177621941119,0.004121812929780801,-0.014686785383584412,0.16297732239563134
CMP020,FedEx Corporation,FDX,^GSPC,USD,NYSE,SECONDARY_INDIRECT,Transport & Logistics,False,2023-07-18,198.57455444335935,4554.97998046875,0.02842211531812744,0.007117275205842377,0.02130484011228506,0.49439311855694457,0.19111227842606704,0.24174774129638177,2026-02-28,791,ok,0.0005107062227176636,0.9366403186805612,0.2184177621941119,0.0071770331396551245,0.021245082178472315,0.18422240457410366
CMP020,FedEx Corporation,FDX,^GSPC,USD,NYSE,SECONDARY_INDIRECT,Transport & Logistics,False,2023-07-19,197.2783660888672,4565.72021484375,-0.006527464498790492,0.002357910335732072,-0.008885374834522564,0.48463852052832723,0.19392081437838526,0.2328623664618592,2026-02-28,791,ok,0.0005107062227176636,0.9366403186805612,0.2184177621941119,0.0027192201109979405,-0.009246684609788433,0.1749757199643152
CMP020,FedEx Corporation,FDX,^GSPC,USD,NYSE,SECONDARY_INDIRECT,Transport & Logistics,False,2023-07-20,199.7646026611328,4534.8701171875,0.012602682298907819,-0.006756896218903741,0.01935957851781156,0.5033489481312663,0.18585361534204137,0.25222194497967076,2026-02-28,791,ok,0.0005107062227176636,0.9366403186805612,0.2184177621941119,-0.005818075205047815,0.018420757503955634,0.19339647746827085
CMP020,FedEx Corporation,FDX,^GSPC,USD,NYSE,SECONDARY_INDIRECT,Transport & Logistics,False,2023-07-21,196.83111572265625,4536.33984375,-0.01468471841056207,0.0003240945218980773,-0.015008812932460147,0.481272692155144,0.18623794400254678,0.23721313204721062,2026-02-28,791,ok,0.0005107062227176636,0.9366403186805612,0.2184177621941119,0.0008142662189909029,-0.015498984629552973,0.17789749283871786
CMP020,FedEx Corporation,FDX,^GSPC,USD,NYSE,SECONDARY_INDIRECT,Transport & Logistics,False,2023-07-24,196.14892578125,4554.64013671875,-0.003465864321815282,0.004034153877153557,-0.007500018198968839,0.47613880198052416,0.1910234104035713,0.22971311384824178,2026-02-28,791,ok,0.0005107062227176636,0.9366403186805612,0.2184177621941119,0.004289257395821193,-0.007755121717636475,0.17014237112108138
CMP020,FedEx Corporation,FDX,^GSPC,USD,NYSE,SECONDARY_INDIRECT,Transport & Logistics,False,2023-07-25,196.82354736328125,4567.4599609375,0.003439333554054791,0.002814673351556163,0.0006246602024986281,0.4812157356926181,0.1943757522579137,0.2303377740507404,2026-02-28,791,ok,0.0005107062227176636,0.9366403186805612,0.2184177621941119,0.0031470427677009116,0.0002922907863538793,0.17043466190743525
CMP020,FedEx Corporation,FDX,^GSPC,USD,NYSE,SECONDARY_INDIRECT,Transport & Logistics,False,2023-07-26,203.24386596679688,4566.75,0.032619667156315924,-0.00015543889679858758,0.03277510605311451,0.529532499977609,0.19419009980861968,0.2631128801038549,2026-02-28,791,ok,0.0005107062227176636,0.9366403186805612,0.2184177621941119,0.00036511588488487973,0.032254551271431044,0.2026892131788663
CMP020,FedEx Corporation,FDX,^GSPC,USD,NYSE,SECONDARY_INDIRECT,Transport & Logistics,False,2023-07-27,201.15174865722656,4537.41015625,-0.010293630755439875,-0.006424666064487883,-0.0038689646909519926,0.5137880571943947,0.1865178271998318,0.2592439154129029,2026-02-28,791,ok,0.0005107062227176636,0.9366403186805612,0.2184177621941119,-0.005506895047340454,-0.004786735708099421,0.19790247747076686
CMP020,FedEx Corporation,FDX,^GSPC,USD,NYSE,SECONDARY_INDIRECT,Transport & Logistics,False,2023-07-28,203.7896270751953,4582.22998046875,0.013113872663686577,0.009877842794752345,0.0032360298689342315,0.5336396810162514,0.1982380637700829,0.26247994528183716,2026-02-28,791,ok,0.0005107062227176636,0.9366403186805612,0.2184177621941119,0.009762692045870986,0.003351180617815591,0.20125365808858245
CMP020,FedEx Corporation,FDX,^GSPC,USD,NYSE,SECONDARY_INDIRECT,Transport & Logistics,False,2023-07-31,204.62342834472656,4588.9599609375,0.004091480422718341,0.0014687129405193122,0.0026227674821990288,0.5399145377466334,0.19999793152016476,0.2651027127640362,2026-02-28,791,ok,0.0005107062227176636,0.9366403186805612,0.2184177621941119,0.0018863619793759363,0.0022051184433424047,0.20345877653192485
CMP020,FedEx Corporation,FDX,^GSPC,USD,NYSE,SECONDARY_INDIRECT,Transport & Logistics,False,2023-08-01,203.2665863037109,4576.72998046875,-0.0066309222359904885,-0.002665087639215691,-0.003965834596774798,0.5297034841967643,0.19679983186578598,0.2611368781672614,2026-02-28,791,ok,0.0005107062227176636,0.9366403186805612,0.2184177621941119,-0.0019855223129889455,-0.004645399923001543,0.19881337660892331
CMP020,FedEx Corporation,FDX,^GSPC,USD,NYSE,SECONDARY_INDIRECT,Transport & Logistics,False,2023-08-02,201.21241760253903,4513.39013671875,-0.01010578638882953,-0.013839541336347905,0.003733754947518375,0.5142446275472234,0.18023667112134523,0.26487063311477976,2026-02-28,791,ok,0.0005107062227176636,0.9366403186805612,0.2184177621941119,-0.012451966184952038,0.0023461797961225085,0.20115955640504582
CMP020,FedEx Corporation,FDX,^GSPC,USD,NYSE,SECONDARY_INDIRECT,Transport & Logistics,False,2023-08-03,199.74948120117188,4501.89013671875,-0.0072706069476136115,-0.0025479738404268204,-0.004722633107186791,0.5032351500377921,0.1772294589578156,0.26014800000759297,2026-02-28,791,ok,0.0005107062227176636,0.9366403186805612,0.2184177621941119,-0.001875828807169447,-0.005394778140444164,0.19576477826460165
CMP020,FedEx Corporation,FDX,^GSPC,USD,NYSE,SECONDARY_INDIRECT,Transport & Logistics,False,2023-08-04,199.3553009033203,4478.02978515625,-0.0019733733248327168,-0.005300074155050516,0.003326700830217799,0.5002687058917565,0.1709900555278292,0.26347470083781077,2026-02-28,791,ok,0.0005107062227176636,0.9366403186805612,0.2184177621941119,-0.004453556922899458,0.0024801835980667415,0.19824496186266838
CMP020,FedEx Corporation,FDX,^GSPC,USD,NYSE,SECONDARY_INDIRECT,Transport & Logistics,False,2023-08-07,200.3861846923828,4518.43994140625,0.005171087923879325,0.00902409277936278,-0.003853004855483455,0.5080267272793675,0.18155717843262353,0.2596216959823273,2026-02-28,791,ok,0.0005107062227176636,0.9366403186805612,0.2184177621941119,0.008963035359382969,-0.003791947435503644,0.19445301442716473
CMP020,FedEx Corporation,FDX,^GSPC,USD,NYSE,SECONDARY_INDIRECT,Transport & Logistics,False,2023-08-08,203.3424072265625,4499.3798828125,0.014752626478306663,-0.004218283044793103,0.018970909523099766,0.5302740823062233,0.17657303582038764,0.2785926055054271,2026-02-28,791,ok,0.0005107062227176636,0.9366403186805612,0.2184177621941119,-0.003440307752642156,0.01819293423094882,0.21264594865811354
CMP020,FedEx Corporation,FDX,^GSPC,USD,NYSE,SECONDARY_INDIRECT,Transport & Logistics,False,2023-08-09,201.2351226806641,4467.7099609375,-0.010363232021496138,-0.007038730380597102,-0.0033245016408990358,0.5144154969348018,0.16829145544816737,0.27526810386452805,2026-02-28,791,ok,0.0005107062227176636,0.9366403186805612,0.2184177621941119,-0.0060820524440713545,-0.004281179577424784,0.20836476908068877
CMP020,FedEx Corporation,FDX,^GSPC,USD,NYSE,SECONDARY_INDIRECT,Transport & Logistics,False,2023-08-10,202.0310211181641,4468.830078125,0.003955067221356856,0.00025071394456976925,0.003704353276787087,0.5204051120262434,0.16858436240736996,0.27897245714131513,2026-02-28,791,ok,0.0005107062227176636,0.9366403186805612,0.2184177621941119,0.0007455350116571529,0.003209532209699703,0.21157430129038846
CMP020,FedEx Corporation,FDX,^GSPC,USD,NYSE,SECONDARY_INDIRECT,Transport & Logistics,False,2023-08-11,201.4549560546875,4464.0498046875,-0.002851369360449163,-0.0010696923700230787,-0.0017816769904260843,0.5160698754743416,0.16733433663117459,0.27719078015088905,2026-02-28,791,ok,0.0005107062227176636,0.9366403186805612,0.2184177621941119,-0.0004912107796309175,-0.0023601585808182453,0.2092141427095702
CMP020,FedEx Corporation,FDX,^GSPC,USD,NYSE,SECONDARY_INDIRECT,Transport & Logistics,False,2023-08-14,202.34181213378903,4489.72021484375,0.004402254957980745,0.005750475751703066,-0.0013482207937223212,0.5227440016002938,0.17404706442810247,0.27584255935716673,2026-02-28,791,ok,0.0005107062227176636,0.9366403186805612,0.2184177621941119,0.005896833663357663,-0.0014945787053769182,0.20771956400419328
CMP020,FedEx Corporation,FDX,^GSPC,USD,NYSE,SECONDARY_INDIRECT,Transport & Logistics,False,2023-08-15,201.2882080078125,4437.85986328125,-0.005207050954351922,-0.011550909428841738,0.006343858474489816,0.5148149959935273,0.16048575312169588,0.28218641783165654,2026-02-28,791,ok,0.0005107062227176636,0.9366403186805612,0.2184177621941119,-0.01030834126576296,0.005101290311411039,0.21282085431560432
CMP020,FedEx Corporation,FDX,^GSPC,USD,NYSE,SECONDARY_INDIRECT,Transport & Logistics,False,2023-08-16,200.92434692382807,4404.330078125,-0.0018076621953448946,-0.007555395210577687,0.005747733015232792,0.5120767221923284,0.15171782462061656,0.28793415084688934,2026-02-28,791,ok,0.0005107062227176636,0.9366403186805612,0.2184177621941119,-0.006565981555075407,0.004758319359730512,0.21757917367533483
CMP020,FedEx Corporation,FDX,^GSPC,USD,NYSE,SECONDARY_INDIRECT,Transport & Logistics,False,2023-08-17,200.80307006835935,4370.35986328125,-0.0006035946231777167,-0.007712913029036983,0.007109318405859266,0.511164040812981,0.14283472520532614,0.2950434692527486,2026-02-28,791,ok,0.0005107062227176636,0.9366403186805612,0.2184177621941119,-0.006713519094754989,0.006109924471577272,0.2236890981469121
CMP020,FedEx Corporation,FDX,^GSPC,USD,NYSE,SECONDARY_INDIRECT,Transport & Logistics,False,2023-08-18,199.08999633789065,4369.7099609375,-0.008531113243863797,-0.00014870682600087726,-0.00838240641786292,0.4982721292507506,0.1426647778806973,0.2866610628348857,2026-02-28,791,ok,0.0005107062227176636,0.9366403186805612,0.2184177621941119,0.00037142141382222717,-0.008902534657686024,0.21478656348922606
CMP020,FedEx Corporation,FDX,^GSPC,USD,NYSE,SECONDARY_INDIRECT,Transport & Logistics,False,2023-08-21,197.0358123779297,4399.77001953125,-0.010317866280305954,0.006879188518795987,-0.01719705479910194,0.48281315776963196,0.15052538430152684,0.26946400803578374,2026-02-28,791,ok,0.0005107062227176636,0.9366403186805612,0.2184177621941119,0.006954031549226394,-0.017271897829532347,0.19751466565969372
CMP020,FedEx Corporation,FDX,^GSPC,USD,NYSE,SECONDARY_INDIRECT,Transport & Logistics,False,2023-08-22,196.3080902099609,4387.5498046875,-0.0036933497478770505,-0.002777466728829614,-0.0009158830190474365,0.4773366101672347,0.14732983832595536,0.2685481250167363,2026-02-28,791,ok,0.0005107062227176636,0.9366403186805612,0.2184177621941119,-0.002090781099297962,-0.0016025686485790884,0.19591209701111464
CMP020,FedEx Corporation,FDX,^GSPC,USD,NYSE,SECONDARY_INDIRECT,Transport & Logistics,False,2023-08-23,197.42237854003903,4436.009765625,0.005676222151040022,0.011044879965972587,-0.005368657814932565,0.4857223009584084,0.16000195867164435,0.26317946720180374,2026-02-28,791,ok,0.0005107062227176636,0.9366403186805612,0.2184177621941119,0.010855786113834772,-0.00517956396279475,0.19073253304831989
CMP020,FedEx Corporation,FDX,^GSPC,USD,NYSE,SECONDARY_INDIRECT,Transport & Logistics,False,2023-08-24,196.15652465820312,4376.31005859375,-0.006411906751387808,-0.013457974663146133,0.007046067911758325,0.47619598810620567,0.14439068170264147,0.27022553511356207,2026-02-28,791,ok,0.0005107062227176636,0.9366403186805612,0.2184177621941119,-0.012094575454566448,0.00568266870317864,0.1964152017514985
CMP020,FedEx Corporation,FDX,^GSPC,USD,NYSE,SECONDARY_INDIRECT,Transport & Logistics,False,2023-08-25,196.11862182617188,4405.7099609375,-0.00019322748553629587,0.006717966037625089,-0.006911193523161385,0.47591074646726517,0.15207865943609433,0.2633143415904007,2026-02-28,791,ok,0.0005107062227176636,0.9366403186805612,0.2184177621941119,0.006803024073084014,-0.00699625155862031,0.18941895019287822
CMP020,FedEx Corporation,FDX,^GSPC,USD,NYSE,SECONDARY_INDIRECT,Transport & Logistics,False,2023-08-28,195.83058166503903,4433.31005859375,-0.0014687037796347058,0.006264619755036449,-0.007733323534671155,0.47374307077552524,0.15929599416535356,0.2555810180557295,2026-02-28,791,ok,0.0005107062227176636,0.9366403186805612,0.2184177621941119,0.006378401666487542,-0.007847105446122247,0.18157184474675597
CMP020,FedEx Corporation,FDX,^GSPC,USD,NYSE,SECONDARY_INDIRECT,Transport & Logistics,False,2023-08-29,197.52093505859372,4497.6298828125,0.008631713081698189,0.01450830719454621,-0.0058765941128480215,0.4864639981186003,0.17611541657811136,0.2497044239428815,2026-02-28,791,ok,0.0005107062227176636,0.9366403186805612,0.2184177621941119,0.014099771696932904,-0.005468058615234715,0.17610378613152125
CMP020,FedEx Corporation,FDX,^GSPC,USD,NYSE,SECONDARY_INDIRECT,Transport & Logistics,False,2023-08-30,200.0299072265625,4514.8701171875,0.012702310098038572,0.003833182103508026,0.008869127994530546,0.5053455247722729,0.18062368114459848,0.25857355193741205,2026-02-28,791,ok,0.0005107062227176636,0.9366403186805612,0.2184177621941119,0.004101019129708045,0.008601290968330528,0.1847050770998518
CMP020,FedEx Corporation,FDX,^GSPC,USD,NYSE,SECONDARY_INDIRECT,Transport & Logistics,False,2023-08-31,197.8544464111328,4507.66015625,-0.01087567777035292,-0.0015969365120942491,-0.009278741258258671,0.48897387191180686,0.17873830008113556,0.24929481067915338,2026-02-28,791,ok,0.0005107062227176636,0.9366403186805612,0.2184177621941119,-0.0009850489008829178,-0.009890628869470003,0.17481444823038178
CMP020,FedEx Corporation,FDX,^GSPC,USD,NYSE,SECONDARY_INDIRECT,Transport & Logistics,False,2023-09-01,197.8165283203125,4515.77001953125,-0.00019164639212365664,0.0017991292600010311,-0.0019907756521246878,0.48868851544128855,0.1808590026466954,0.2473040350270287,2026-02-28,791,ok,0.0005107062227176636,0.9366403186805612,0.2184177621941119,0.002195843226152552,-0.0023874896182762085,0.17242695861210558
CMP020,FedEx Corporation,FDX,^GSPC,USD,NYSE,SECONDARY_INDIRECT,Transport & Logistics,False,2023-09-05,194.5192413330078,4496.830078125,-0.016668409941790086,-0.004194177587506065,-0.01247423235428402,0.4638744449902783,0.1759062702837899,0.23482980267274467,2026-02-28,791,ok,0.0005107062227176636,0.9366403186805612,0.2184177621941119,-0.003417729609446885,-0.0132506803323432,0.15917627827976238
CMP020,FedEx Corporation,FDX,^GSPC,USD,NYSE,SECONDARY_INDIRECT,Transport & Logistics,False,2023-09-06,195.16354370117188,4465.47998046875,0.0033122809021295385,-0.006971599351452862,0.0102838802535824,0.468723208357535,0.16770832289251003,0.24511368292632707,2026-02-28,791,ok,0.0005107062227176636,0.9366403186805612,0.2184177621941119,-0.006019174815540339,0.009331455717669877,0.16850773399743227
CMP020,FedEx Corporation,FDX,^GSPC,USD,NYSE,SECONDARY_INDIRECT,Transport & Logistics,False,2023-09-07,194.1705322265625,4451.14013671875,-0.005088099220671216,-0.0032112659361860363,-0.0018768332844851798,0.4612501989457094,0.1639585009318043,0.2432368496418419,2026-02-28,791,ok,0.0005107062227176636,0.9366403186805612,0.2184177621941119,-0.0024970949271196563,-0.00259100429355156,0.16591672970388072
CMP020,FedEx Corporation,FDX,^GSPC,USD,NYSE,SECONDARY_INDIRECT,Transport & Logistics,False,2023-09-08,192.95936584472656,4457.490234375,-0.00623764259152737,0.0014266227216406246,-0.007664265313167995,0.45213544246788784,0.16561903057628036,0.2355725843286739,2026-02-28,791,ok,0.0005107062227176636,0.9366403186805612,0.2184177621941119,0.0018469385833520678,-0.008084581174879438,0.1578321485290013
CMP020,FedEx Corporation,FDX,^GSPC,USD,NYSE,SECONDARY_INDIRECT,Transport & Logistics,False,2023-09-11,194.0182037353516,4487.4599609375,0.005487361994530371,0.006723453106275201,-0.0012360911117448303,0.4601038353057967,0.17345601546814193,0.23433649321692906,2026-02-28,791,ok,0.0005107062227176636,0.9366403186805612,0.2184177621941119,0.006808163482813077,-0.0013208014882827059,0.1565113470407186
CMP020,FedEx Corporation,FDX,^GSPC,USD,NYSE,SECONDARY_INDIRECT,Transport & Logistics,False,2023-09-12,191.55772399902344,4461.89990234375,-0.012681695268575655,-0.005695885604828921,-0.006985809663746734,0.44158724340597,0.16677214424173714,0.22735068355318233,2026-02-28,791,ok,0.0005107062227176636,0.9366403186805612,0.2184177621941119,-0.004824289885357318,-0.007857405383218337,0.14865394165750026
CMP020,FedEx Corporation,FDX,^GSPC,USD,NYSE,SECONDARY_INDIRECT,Transport & Logistics,False,2023-09-13,192.08335876464844,4467.43994140625,0.002744001936605178,0.0012416323054647016,0.0015023696311404766,0.44554296159366125,0.1682208462291439,0.2288530531843228,2026-02-28,791,ok,0.0005107062227176636,0.9366403186805612,0.2184177621941119,0.0016736691009922016,0.0010703328356129766,0.14972427449311324
CMP020,FedEx Corporation,FDX,^GSPC,USD,NYSE,SECONDARY_INDIRECT,Transport & Logistics,False,2023-09-14,195.7930908203125,4505.10009765625,0.019313136127578012,0.00842991886716793,0.010883217260410083,0.47346092958918184,0.17806885318178978,0.2397362704447329,2026-02-28,791,ok,0.0005107062227176636,0.9366403186805612,0.2184177621941119,0.008406508116913108,0.010906628010664905,0.16063090250377815
CMP020,FedEx Corporation,FDX,^GSPC,USD,NYSE,SECONDARY_INDIRECT,Transport & Logistics,False,2023-09-15,193.5458984375,4450.31982421875,-0.011477383463315616,-0.012159612938677844,0.0006822294753622282,0.4565494534820733,0.16374399191198719,0.24041849992009512,2026-02-28,791,ok,0.0005107062227176636,0.9366403186805612,0.2184177621941119,-0.010878477515197828,-0.0005989059481177877,0.16003199655566036
CMP020,FedEx Corporation,FDX,^GSPC,USD,NYSE,SECONDARY_INDIRECT,Transport & Logistics,False,2023-09-18,189.9047088623047,4453.52978515625,-0.018813054704804988,0.0007212876971294246,-0.019534342401934413,0.4291473089334612,0.16458338613596157,0.2208841575181607,2026-02-28,791,ok,0.0005107062227176636,0.9366403186805612,0.2184177621941119,0.0011862933612173361,-0.019999348066022323,0.14003264848963803
CMP020,FedEx Corporation,FDX,^GSPC,USD,NYSE,SECONDARY_INDIRECT,Transport & Logistics,False,2023-09-19,190.4303436279297,4443.9501953125,0.002767886951166254,-0.002151010615372817,0.004918897566539071,0.43310302712115245,0.1620783549098963,0.22580305508469978,2026-02-28,791,ok,0.0005107062227176636,0.9366403186805612,0.2184177621941119,-0.0015040170455504016,0.004271903996716656,0.14430455248635468
CMP020,FedEx Corporation,FDX,^GSPC,USD,NYSE,SECONDARY_INDIRECT,Transport & Logistics,False,2023-09-20,190.8340759277344,4402.2001953125,0.002120104874638873,-0.0093947947580596,0.011514899632698472,0.43614135583481173,0.15116086727273426,0.23731795471739825,2026-02-28,791,ok,0.0005107062227176636,0.9366403186805612,0.2184177621941119,-0.008288837333409745,0.010408942208048617,0.1547134946944033
CMP020,FedEx Corporation,FDX,^GSPC,USD,NYSE,SECONDARY_INDIRECT,Transport & Logistics,False,2023-09-21,199.46469116210935,4330.0,0.045225755371085974,-0.01640093410321941,0.061626689474305385,0.5010919334720967,0.13228075374638926,0.29894464419170363,2026-02-28,791,ok,0.0005107062227176636,0.9366403186805612,0.2184177621941119,-0.01485106992238065,0.060076825293466626,0.2147903199878699
CMP020,FedEx Corporation,FDX,^GSPC,USD,NYSE,SECONDARY_INDIRECT,Transport & Logistics,False,2023-09-22,198.88577270507807,4320.06005859375,-0.0029023605815065023,-0.002295598477193961,-0.0006067621043125415,0.49673522341516985,0.129681491772333,0.2983378820873911,2026-02-28,791,ok,0.0005107062227176636,0.9366403186805612,0.2184177621941119,-0.0016394438665238988,-0.0012629167149826035,0.2135274032728873
CMP020,FedEx Corporation,FDX,^GSPC,USD,NYSE,SECONDARY_INDIRECT,Transport & Logistics,False,2023-09-25,202.95355224609372,4337.43994140625,0.020452843286320244,0.0040230650909416354,0.016429778195378608,0.5273477143807959,0.13422627394576514,0.3147676602827697,2026-02-28,791,ok,0.0005107062227176636,0.9366403186805612,0.2184177621941119,0.004278871191569878,0.016173972094750366,0.22970137536763766
CMP020,FedEx Corporation,FDX,^GSPC,USD,NYSE,SECONDARY_INDIRECT,Transport & Logistics,False,2023-09-26,199.1143035888672,4273.52978515625,-0.01891688327076535,-0.014734533990868215,-0.004182349279897135,0.498455055953984,0.11751397835897537,0.31058531100287257,2026-02-28,791,ok,0.0005107062227176636,0.9366403186805612,0.2184177621941119,-0.013290252390098702,-0.005626630880666648,0.224074744486971
CMP020,FedEx Corporation,FDX,^GSPC,USD,NYSE,SECONDARY_INDIRECT,Transport & Logistics,False,2023-09-27,200.1197967529297,4274.509765625,0.005049828896966924,0.00022931406074522265,0.004820514836221701,0.5060219975963467,0.11777024002729242,0.31540582583909427,2026-02-28,791,ok,0.0005107062227176636,0.9366403186805612,0.2184177621941119,0.0007254910176520026,0.004324337879314921,0.22839908236628592
CMP020,FedEx Corporation,FDX,^GSPC,USD,NYSE,SECONDARY_INDIRECT,Transport & Logistics,False,2023-09-28,202.96116638183597,4299.7001953125,0.014198343567249694,0.005893173970516585,0.008305169596733109,0.5274050153380554,0.12435745451083924,0.3237109954358274,2026-02-28,791,ok,0.0005107062227176636,0.9366403186805612,0.2184177621941119,0.006030490568502306,0.008167852998747387,0.23656693536503332
CMP020,FedEx Corporation,FDX,^GSPC,USD,NYSE,SECONDARY_INDIRECT,Transport & Logistics,False,2023-09-29,201.80328369140625,4288.0498046875,-0.005704946966314517,-0.002709582086142026,-0.002995364880172491,0.518691250729469,0.12131091569367647,0.3207156305556549,2026-02-28,791,ok,0.0005107062227176636,0.9366403186805612,0.2184177621941119,-0.0020271976059375437,-0.003677749360376973,0.23288918600465633
CMP020,FedEx Corporation,FDX,^GSPC,USD,NYSE,SECONDARY_INDIRECT,Transport & Logistics,False,2023-10-02,201.9480133056641,4288.39013671875,0.0007171816613209536,7.936755559079245e-05,0.0006378141057301612,0.5197804282437006,0.1213999114001123,0.32135344466138505,2026-02-28,791,ok,0.0005107062227176636,0.9366403186805612,0.2184177621941119,0.0005850450752791206,0.00013213658604183305,0.23302132259069816
CMP020,FedEx Corporation,FDX,^GSPC,USD,NYSE,SECONDARY_INDIRECT,Transport & Logistics,False,2023-10-03,198.2001800537109,4229.4501953125,-0.018558406149213003,-0.013744071674259506,-0.004814334474953497,0.4915757257987292,0.10598731064232081,0.31653911018643155,2026-02-28,791,ok,0.0005107062227176636,0.9366403186805612,0.2184177621941119,-0.012362545450229235,-0.006195860698983768,0.2268254618917144
CMP020,FedEx Corporation,FDX,^GSPC,USD,NYSE,SECONDARY_INDIRECT,Transport & Logistics,False,2023-10-04,198.09356689453125,4263.75,-0.0005379064698668445,0.008109754957160709,-0.008647661427027553,0.49077339756552574,0.11495659671735914,0.307891448759404,2026-02-28,791,ok,0.0005107062227176636,0.9366403186805612,0.2184177621941119,0.00810662969021393,-0.008644536160080775,0.21818092573163364
CMP020,FedEx Corporation,FDX,^GSPC,USD,NYSE,SECONDARY_INDIRECT,Transport & Logistics,False,2023-10-05,197.4156036376953,4258.18994140625,-0.0034224395444244493,-0.001304030159777203,-0.0021184093846472463,0.48567131573792155,0.11350265968839723,0.30577303937475675,2026-02-28,791,ok,0.0005107062227176636,0.9366403186805612,0.2184177621941119,-0.0007107010017051189,-0.0027117385427193304,0.2154691871889143
CMP020,FedEx Corporation,FDX,^GSPC,USD,NYSE,SECONDARY_INDIRECT,Transport & Logistics,False,2023-10-06,196.45578002929688,4308.5,-0.004861943993849316,0.011814893014644445,-0.01667683700849376,0.47844806500753534,0.12665857448413775,0.289096202366263,2026-02-28,791,ok,0.0005107062227176636,0.9366403186805612,0.2184177621941119,0.011577011381130972,-0.016438955374980288,0.19903023181393403
CMP020,FedEx Corporation,FDX,^GSPC,USD,NYSE,SECONDARY_INDIRECT,Transport & Logistics,False,2023-10-09,194.795166015625,4335.66015625,-0.008452864117432624,0.00630385429964031,-0.014756718417072934,0.4659509444093455,0.1337608659831262,0.27433948394919005,2026-02-28,791,ok,0.0005107062227176636,0.9366403186805612,0.2184177621941119,0.0064151503228485895,-0.014868014440281213,0.18416221737365282
CMP020,FedEx Corporation,FDX,^GSPC,USD,NYSE,SECONDARY_INDIRECT,Transport & Logistics,False,2023-10-10,195.61024475097656,4358.240234375,0.004184286253213099,0.005207990781392224,-0.0010237045281791257,0.47208490279392223,0.13966548212146956,0.27331577942101093,2026-02-28,791,ok,0.0005107062227176636,0.9366403186805612,0.2184177621941119,0.005388720367886302,-0.0012044341146732031,0.18295778325897963
CMP020,FedEx Corporation,FDX,^GSPC,USD,NYSE,SECONDARY_INDIRECT,Transport & Logistics,False,2023-10-11,194.59713745117188,4376.9501953125,-0.005179213906175706,0.00429300817103373,-0.009472222077209436,0.46446066019430066,0.1445580753484621,0.2638435573438015,2026-02-28,791,ok,0.0005107062227176636,0.9366403186805612,0.2184177621941119,0.004531710764132949,-0.009710924670308655,0.17324685858867098
CMP020,FedEx Corporation,FDX,^GSPC,USD,NYSE,SECONDARY_INDIRECT,Transport & Logistics,False,2023-10-12,191.99192810058597,4349.60986328125,-0.013387706441671643,-0.00624643434611849,-0.007141272095553153,0.44485489078024276,0.13740866847547828,0.25670228524824834,2026-02-28,791,ok,0.0005107062227176636,0.9366403186805612,0.2184177621941119,-0.005339956033847962,-0.00804775040782368,0.1651991081808473
CMP020,FedEx Corporation,FDX,^GSPC,USD,NYSE,SECONDARY_INDIRECT,Transport & Logistics,False,2023-10-13,184.9838409423828,4327.77978515625,-0.036501988534286545,-0.005018858888767519,-0.031483129645519026,0.3921148141232744,0.131700174869539,0.22521915560272932,2026-02-28,791,ok,0.0005107062227176636,0.9366403186805612,0.2184177621941119,-0.004190159366270312,-0.03231182916801623,0.13288727901283107
CMP020,FedEx Corporation,FDX,^GSPC,USD,NYSE,SECONDARY_INDIRECT,Transport & Logistics,False,2023-10-16,188.57928466796875,4373.6298828125,0.019436528657148067,0.01059436938392988,0.008842159273218186,0.4191726936020217,0.14368982455396484,0.2340613148759475,2026-02-28,791,ok,0.0005107062227176636,0.9366403186805612,0.2184177621941119,0.010433819738701328,0.009002708918446739,0.1418899879312778
CMP020,FedEx Corporation,FDX,^GSPC,USD,NYSE,SECONDARY_INDIRECT,Transport & Logistics,False,2023-10-17,188.93728637695312,4373.2001953125,0.0018984148211969032,-9.824505308242415e-05,0.0019966598742793273,0.4218668720773937,0.14357746268644167,0.23605797475022683,2026-02-28,791,ok,0.0005107062227176636,0.9366403186805612,0.2184177621941119,0.0004186859448897532,0.00147972887630715,0.14336971680758495
CMP020,FedEx Corporation,FDX,^GSPC,USD,NYSE,SECONDARY_INDIRECT,Transport & Logistics,False,2023-10-18,185.57037353515625,4314.60009765625,-0.01782026674755699,-0.013399820506516447,-0.004420446241040543,0.39652882513746013,0.12825372995114592,0.23163752850918629,2026-02-28,791,ok,0.0005107062227176636,0.9366403186805612,0.2184177621941119,-0.01204010592676822,-0.00578016082078877,0.13758955598679617
CMP020,FedEx Corporation,FDX,^GSPC,USD,NYSE,SECONDARY_INDIRECT,Transport & Logistics,False,2023-10-19,185.3266143798828,4278.0,-0.0013135671962596351,-0.008482848196321058,0.007169281000061423,0.3946943906841285,0.11868292483303744,0.2388068095092477,2026-02-28,791,ok,0.0005107062227176636,0.9366403186805612,0.2184177621941119,-0.0074346714152033165,0.006121104218943681,0.14371066020573986
CMP020,FedEx Corporation,FDX,^GSPC,USD,NYSE,SECONDARY_INDIRECT,Transport & Logistics,False,2023-10-20,183.2927398681641,4224.16015625,-0.010974540912670472,-0.012585283719027562,0.0016107428063570906,0.3793882600328935,0.10460398283238215,0.2404175523156048,2026-02-28,791,ok,0.0005107062227176636,0.9366403186805612,0.2184177621941119,-0.01127717793055759,0.00030263701788711857,0.144013297223627
CMP020,FedEx Corporation,FDX,^GSPC,USD,NYSE,SECONDARY_INDIRECT,Transport & Logistics,False,2023-10-23,181.27407836914065,4217.0400390625,-0.01101331946085471,-0.0016855698941634634,-0.009327749566691246,0.36419661646459867,0.10274209561394687,0.23108980274891355,2026-02-28,791,ok,0.0005107062227176636,0.9366403186805612,0.2184177621941119,-0.0010680665001099625,-0.009945252960744746,0.13406804426288224
CMP020,FedEx Corporation,FDX,^GSPC,USD,NYSE,SECONDARY_INDIRECT,Transport & Logistics,False,2023-10-24,184.10015869140625,4247.68017578125,0.01559009621061569,0.007265792222727274,0.008324303987888415,0.3854645729654782,0.11075439055593272,0.23941410673680197,2026-02-28,791,ok,0.0005107062227176636,0.9366403186805612,0.2184177621941119,0.0073161401656796805,0.008273956044936009,0.14234200030781824
CMP020,FedEx Corporation,FDX,^GSPC,USD,NYSE,SECONDARY_INDIRECT,Transport & Logistics,False,2023-10-25,179.17164611816406,4186.77001953125,-0.02677082197144376,-0.014339628627712542,-0.012431193343731217,0.34837454753487695,0.09482658509875952,0.22698291339307075,2026-02-28,791,ok,0.0005107062227176636,0.9366403186805612,0.2184177621941119,-0.01292036810490391,-0.013850453866539849,0.1284915464412784
CMP020,FedEx Corporation,FDX,^GSPC,USD,NYSE,SECONDARY_INDIRECT,Transport & Logistics,False,2023-10-26,173.62608337402344,4137.22998046875,-0.030951117904466363,-0.011832519778109618,-0.019118598126356745,0.30664084793474355,0.08187202787697823,0.207864315266714,2026-02-28,791,ok,0.0005107062227176636,0.9366403186805612,0.2184177621941119,-0.010572108873044972,-0.02037900903142139,0.10811253740985699
CMP020,FedEx Corporation,FDX,^GSPC,USD,NYSE,SECONDARY_INDIRECT,Transport & Logistics,False,2023-10-27,174.3192596435547,4117.3701171875,0.00399235101121298,-0.004800280229768528,0.008792631240981508,0.3118574168452881,0.07667873897042088,0.2166569465076955,2026-02-28,791,ok,0.0005107062227176636,0.9366403186805612,0.2184177621941119,-0.003985429781448728,0.007977780792661707,0.1160903182025187
CMP020,FedEx Corporation,FDX,^GSPC,USD,NYSE,SECONDARY_INDIRECT,Transport & Logistics,False,2023-10-30,180.39805603027344,4166.81982421875,0.0348716280642114,0.012010022325859904,0.022861605738351498,0.35760402075879405,0.08960967466323422,0.239518552246047,2026-02-28,791,ok,0.0005107062227176636,0.9366403186805612,0.2184177621941119,0.011759777361371739,0.023111850702839665,0.13920216890535836
CMP020,FedEx Corporation,FDX,^GSPC,USD,NYSE,SECONDARY_INDIRECT,Transport & Logistics,False,2023-10-31,182.89659118652344,4193.7998046875,0.013850122397276232,0.006474957307233353,0.007375165090042879,0.3764070026133377,0.09666485078822706,0.2468937173360899,2026-02-28,791,ok,0.0005107062227176636,0.9366403186805612,0.2184177621941119,0.00657541229840774,0.007274710098868493,0.14647687900422685
CMP020,FedEx Corporation,FDX,^GSPC,USD,NYSE,SECONDARY_INDIRECT,Transport & Logistics,False,2023-11-01,185.2808990478516,4237.85986328125,0.013036371240492839,0.010505999486313922,0.0025303717541789172,0.39435035527741924,0.10818641114726679,0.2494240890902688,2026-02-28,791,ok,0.0005107062227176636,0.9366403186805612,0.2184177621941119,0.010351048929636546,0.0026853223108562925,0.14916220131508315
CMP020,FedEx Corporation,FDX,^GSPC,USD,NYSE,SECONDARY_INDIRECT,Transport & Logistics,False,2023-11-02,188.34315490722656,4317.77978515625,0.016527639249980686,0.01885855702012762,-0.002330917770146934,0.4173956749375267,0.12908520777081822,0.24709317132012187,2026-02-28,791,ok,0.0005107062227176636,0.9366403186805612,0.2184177621941119,0.01817439107990553,-0.001646751829924846,0.1475154494851583
CMP020,FedEx Corporation,FDX,^GSPC,USD,NYSE,SECONDARY_INDIRECT,Transport & Logistics,False,2023-11-03,188.25933837890625,4358.33984375,-0.0004450203054185975,0.009393730253031363,-0.00983875055844996,0.4167649050813671,0.13969152964530518,0.2372544207616719,2026-02-28,791,ok,0.0005107062227176636,0.9366403186805612,0.2184177621941119,0.009309252720516187,-0.009754273025934785,0.1377611764592235
CMP020,FedEx Corporation,FDX,^GSPC,USD,NYSE,SECONDARY_INDIRECT,Transport & Logistics,False,2023-11-06,186.88058471679688,4365.97998046875,-0.007323693336977466,0.0017529924220356374,-0.009076685759013103,0.40638895338595926,0.14168940026023158,0.2281777350026588,2026-02-28,791,ok,0.0005107062227176636,0.9366403186805612,0.2184177621941119,0.0021526296035377316,-0.009476322940515198,0.1282848535187083
CMP020,FedEx Corporation,FDX,^GSPC,USD,NYSE,SECONDARY_INDIRECT,Transport & Logistics,False,2023-11-07,186.019775390625,4378.3798828125,-0.0046061998761206535,0.0028401189192852616,-0.007446318795405915,0.39991084476309546,0.14493193392585813,0.2207314162072529,2026-02-28,791,ok,0.0005107062227176636,0.9366403186805612,0.2184177621941119,0.0031708761123677024,-0.007777075988488356,0.12050777753021995
CMP020,FedEx Corporation,FDX,^GSPC,USD,NYSE,SECONDARY_INDIRECT,Transport & Logistics,False,2023-11-08,186.91102600097656,4382.77978515625,0.0047911605552690695,0.0010049156221052513,0.003786244933163818,0.4066180423834178,0.14608249391250738,0.2245176611404167,2026-02-28,791,ok,0.0005107062227176636,0.9366403186805612,0.2184177621941119,0.0014519507112534006,0.003339209844015669,0.12384698737423562
CMP020,FedEx Corporation,FDX,^GSPC,USD,NYSE,SECONDARY_INDIRECT,Transport & Logistics,False,2023-11-09,183.7269287109375,4347.35009765625,-0.01703536360675917,-0.008083839306732843,-0.008951524300026326,0.38265579257558846,0.13681774719945916,0.2155661368403904,2026-02-28,791,ok,0.0005107062227176636,0.9366403186805612,0.2184177621941119,-0.007060943601703033,-0.009974420005056136,0.11387256736917949
CMP020,FedEx Corporation,FDX,^GSPC,USD,NYSE,SECONDARY_INDIRECT,Transport & Logistics,False,2023-11-10,187.41378784179688,4415.240234375,0.020067059068189286,0.015616441094852496,0.00445061797333679,0.41040162803617686,0.15457079458418232,0.22001675481372718,2026-02-28,791,ok,0.0005107062227176636,0.9366403186805612,0.2184177621941119,0.015137694586456517,0.004929364481732769,0.11880193185091226
CMP020,FedEx Corporation,FDX,^GSPC,USD,NYSE,SECONDARY_INDIRECT,Transport & Logistics,False,2023-11-13,186.92628479003903,4411.5498046875,-0.0026012123087195693,-0.0008358389332403515,-0.0017653733754792178,0.4067328739610909,0.15360575936288656,0.21825138143824796,2026-02-28,791,ok,0.0005107062227176636,0.9366403186805612,0.2184177621941119,-0.0002721742220781995,-0.0023290380866413697,0.11647289376427089
CMP020,FedEx Corporation,FDX,^GSPC,USD,NYSE,SECONDARY_INDIRECT,Transport & Logistics,False,2023-11-14,193.6220703125,4495.7001953125,0.03582046008126616,0.019075017703661823,0.016745442377604336,0.4571226927178189,0.1756108096457798,0.2349968238158523,2026-02-28,791,ok,0.0005107062227176636,0.9366403186805612,0.2184177621941119,0.01837713688351282,0.017443323197753338,0.13391621696202421
CMP020,FedEx Corporation,FDX,^GSPC,USD,NYSE,SECONDARY_INDIRECT,Transport & Logistics,False,2023-11-15,196.0901336669922,4502.8798828125,0.012746807998224696,0.0015970120755575135,0.011149795922667183,0.4756963559117491,0.17748827430493996,0.24614661973851948,2026-02-28,791,ok,0.0005107062227176636,0.9366403186805612,0.2184177621941119,0.0020065321221045575,0.010740275876120139,0.14465649283814436
CMP020,FedEx Corporation,FDX,^GSPC,USD,NYSE,SECONDARY_INDIRECT,Transport & Logistics,False,2023-11-16,194.2010040283203,4508.240234375,-0.009633986184537258,0.0011904273935798848,-0.010824413578117142,0.46147951760632333,0.17888998860229166,0.23532220616040234,2026-02-28,791,ok,0.0005107062227176636,0.9366403186805612,0.2184177621941119,0.0016257085160063967,-0.011259694700543655,0.1333967981376007
CMP020,FedEx Corporation,FDX,^GSPC,USD,NYSE,SECONDARY_INDIRECT,Transport & Logistics,False,2023-11-17,194.97036743164065,4514.02001953125,0.003961686023045141,0.0012820490603360213,0.00267963696270912,0.46726944058419106,0.1804013834044187,0.23800184312311146,2026-02-28,791,ok,0.0005107062227176636,0.9366403186805612,0.2184177621941119,0.0017115250631549086,0.0022501609598902326,0.13564695909749092
CMP020,FedEx Corporation,FDX,^GSPC,USD,NYSE,SECONDARY_INDIRECT,Transport & Logistics,False,2023-11-20,194.65805053710935,4547.3798828125,-0.00160186852312727,0.007390278097329839,-0.008992146620457109,0.4649190678523727,0.18912487789425025,0.22900969650265435,2026-02-28,791,ok,0.0005107062227176636,0.9366403186805612,0.2184177621941119,0.007432738654938655,-0.009034607178065925,0.126612351919425
CMP020,FedEx Corporation,FDX,^GSPC,USD,NYSE,SECONDARY_INDIRECT,Transport & Logistics,False,2023-11-21,194.90182495117188,4538.18994140625,0.0012523212545789697,-0.0020209310950652926,0.0032732523496442623,0.46675361713728214,0.1867217384525981,0.2322829488522986,2026-02-28,791,ok,0.0005107062227176636,0.9366403186805612,0.2184177621941119,-0.0013821793221957474,0.002634500576774717,0.12924685249619972
CMP020,FedEx Corporation,FDX,^GSPC,USD,NYSE,SECONDARY_INDIRECT,Transport & Logistics,False,2023-11-22,195.35890197753903,4556.6201171875,0.0023451654517943066,0.00406112922094648,-0.0017159637691521734,0.4701933970464869,0.1915411687817603,0.23056698508314644,2026-02-28,791,ok,0.0005107062227176636,0.9366403186805612,0.2184177621941119,0.004314523590427914,-0.0019693581386336072,0.1272774943575661
CMP020,FedEx Corporation,FDX,^GSPC,USD,NYSE,SECONDARY_INDIRECT,Transport & Logistics,False,2023-11-24,196.23487854003903,4559.33984375,0.004483934715197702,0.0005968736678840791,0.0038870610473136225,0.4767856482575581,0.19225236832960602,0.23445404613046006,2026-02-28,791,ok,0.0005107062227176636,0.9366403186805612,0.2184177621941119,0.001069762165216643,0.0034141725499810586,0.13069166690754716
CMP020,FedEx Corporation,FDX,^GSPC,USD,NYSE,SECONDARY_INDIRECT,Transport & Logistics,False,2023-11-27,193.18028259277344,4550.43017578125,-0.015566019506783824,-0.001954157460090089,-0.013611862046693735,0.45379797404944244,0.18992251946972472,0.22084218408376632,2026-02-28,791,ok,0.0005107062227176636,0.9366403186805612,0.2184177621941119,-0.0013196364434531133,-0.01424638306333071,0.11644528384421646
CMP020,FedEx Corporation,FDX,^GSPC,USD,NYSE,SECONDARY_INDIRECT,Transport & Logistics,False,2023-11-28,193.03550720214844,4554.89013671875,-0.0007494315086503667,0.0009801185306033133,-0.00172955003925368,0.4527084520404778,0.19108878458103917,0.21911263404451264,2026-02-28,791,ok,0.0005107062227176636,0.9366403186805612,0.2184177621941119,0.0014287247555666745,-0.002178156264217041,0.11426712757999942
CMP020,FedEx Corporation,FDX,^GSPC,USD,NYSE,SECONDARY_INDIRECT,Transport & Logistics,False,2023-11-29,193.431640625,4550.580078125,0.002052127241216395,-0.0009462486392383118,0.0029983758804547067,0.4556895946284554,0.18996171843941734,0.22211100992496735,2026-02-28,791,ok,0.0005107062227176636,0.9366403186805612,0.2184177621941119,-0.0003755884042895561,0.002427715645505951,0.11669484322550537
CMP020,FedEx Corporation,FDX,^GSPC,USD,NYSE,SECONDARY_INDIRECT,Transport & Logistics,False,2023-11-30,197.16421508789065,4567.7998046875,0.019296607581005265,0.0037840728581564065,0.015512534722848859,0.48377946549575324,0.194464620280409,0.2376235446478162,2026-02-28,791,ok,0.0005107062227176636,0.9366403186805612,0.2184177621941119,0.004055021430491742,0.015241586150513523,0.1319364293760189
CMP020,FedEx Corporation,FDX,^GSPC,USD,NYSE,SECONDARY_INDIRECT,Transport & Logistics,False,2023-12-01,201.42239379882807,4594.6298828125,0.02159711745378967,0.005873742123607695,0.015723375330181977,0.5158248248875863,0.201480597435709,0.2533469199779982,2026-02-28,791,ok,0.0005107062227176636,0.9366403186805612,0.2184177621941119,0.006012289917221011,0.01558482753656866,0.14752125691258755
CMP020,FedEx Corporation,FDX,^GSPC,USD,NYSE,SECONDARY_INDIRECT,Transport & Logistics,False,2023-12-04,202.3212890625,4569.77978515625,0.00446273746785919,-0.005408509126972105,0.009871246594831296,0.5225895531283231,0.19498237865859802,0.2632181665728295,2026-02-28,791,ok,0.0005107062227176636,0.9366403186805612,0.2184177621941119,-0.004555121489556213,0.009017858957415404,0.15653911587000297
CMP020,FedEx Corporation,FDX,^GSPC,USD,NYSE,SECONDARY_INDIRECT,Transport & Logistics,False,2023-12-05,202.6869201660156,4567.18017578125,0.0018071805750636827,-0.0005688697261614362,0.002376050301225119,0.5253411473925316,0.1943025893600827,0.2655942168740546,2026-02-28,791,ok,0.0005107062227176636,0.9366403186805612,0.2184177621941119,-2.2120098881907475e-05,0.0018293006739455902,0.15836841654394856
CMP020,FedEx Corporation,FDX,^GSPC,USD,NYSE,SECONDARY_INDIRECT,Transport & Logistics,False,2023-12-06,203.54769897460935,4549.33984375,0.00424683945016624,-0.003906202808869552,0.008153042259035792,0.53181902635224,0.18963740123088413,0.2737472591330904,2026-02-28,791,ok,0.0005107062227176636,0.9366403186805612,0.2184177621941119,-0.0031480008210128174,0.007394840271179057,0.16576325681512763
CMP020,FedEx Corporation,FDX,^GSPC,USD,NYSE,SECONDARY_INDIRECT,Transport & Logistics,False,2023-12-07,203.8676300048828,4585.58984375,0.0015717742420333636,0.007968189065892917,-0.006396414823859553,0.534226700041317,0.19911665696374925,0.26735084430923084,2026-02-28,791,ok,0.0005107062227176636,0.9366403186805612,0.2184177621941119,0.007974033368702569,-0.006402259126669205,0.15936099768845843
CMP020,FedEx Corporation,FDX,^GSPC,USD,NYSE,SECONDARY_INDIRECT,Transport & Logistics,False,2023-12-08,208.3373260498047,4604.3701171875,0.021924500936292945,0.00409549786994079,0.017829003066352156,0.5678638547628585,0.20402763667815482,0.285179847375583,2026-02-28,791,ok,0.0005107062227176636,0.9366403186805612,0.2184177621941119,0.004346714652774564,0.01757778628351838,0.17693878397197682
CMP020,FedEx Corporation,FDX,^GSPC,USD,NYSE,SECONDARY_INDIRECT,Transport & Logistics,False,2023-12-11,207.7020568847656,4622.43994140625,-0.003049233553507502,0.003924494286698943,-0.006973727840206445,0.563083071689584,0.20875283625932584,0.27820611953537655,2026-02-28,791,ok,0.0005107062227176636,0.9366403186805612,0.2184177621941119,0.004186545802071403,-0.007235779355578905,0.16970300461639792
CMP020,FedEx Corporation,FDX,^GSPC,USD,NYSE,SECONDARY_INDIRECT,Transport & Logistics,False,2023-12-12,208.9496154785156,4643.7001953125,0.006006481651946949,0.00459935752021523,0.0014071241317317185,0.5724717014801564,0.21431232270685663,0.27961324366710827,2026-02-28,791,ok,0.0005107062227176636,0.9366403186805612,0.2184177621941119,0.004818649916177893,0.0011878317357690562,0.17089083635216698
CMP020,FedEx Corporation,FDX,^GSPC,USD,NYSE,SECONDARY_INDIRECT,Transport & Logistics,False,2023-12-13,209.5771942138672,4707.08984375,0.0030034931335689574,0.013650676351045998,-0.010647183217477041,0.5771946094382836,0.23088850721321474,0.26896606044963123,2026-02-28,791,ok,0.0005107062227176636,0.9366403186805612,0.2184177621941119,0.013296480070366587,-0.01029298693679763,0.16059784941536936
CMP020,FedEx Corporation,FDX,^GSPC,USD,NYSE,SECONDARY_INDIRECT,Transport & Logistics,False,2023-12-14,213.8861541748047,4719.5498046875,0.02056025216436641,0.0026470624846992585,0.017913189679667152,0.609622128320614,0.23414674600350627,0.2868792501292984,2026-02-28,791,ok,0.0005107062227176636,0.9366403186805612,0.2184177621941119,0.0029900516719537354,0.017570200492412674,0.17816804990778204
CMP020,FedEx Corporation,FDX,^GSPC,USD,NYSE,SECONDARY_INDIRECT,Transport & Logistics,False,2023-12-15,215.2867584228516,4719.18994140625,0.0065483633265115415,-7.62494933082003e-05,0.006624612819819742,0.6201625188352502,0.2340526429394556,0.2935038629491181,2026-02-28,791,ok,0.0005107062227176636,0.9366403186805612,0.2184177621941119,0.0004392878730062396,0.006109075453505302,0.18427712536128735
CMP020,FedEx Corporation,FDX,^GSPC,USD,NYSE,SECONDARY_INDIRECT,Transport & Logistics,False,2023-12-18,215.76890563964844,4740.56005859375,0.0022395581610730186,0.004528344366900416,-0.0022887862058273978,0.6237909670265722,0.23964085827356896,0.2912150767432907,2026-02-28,791,ok,0.0005107062227176636,0.9366403186805612,0.2184177621941119,0.004752136133626594,-0.002512577972553575,0.18176454738873377
CMP020,FedEx Corporation,FDX,^GSPC,USD,NYSE,SECONDARY_INDIRECT,Transport & Logistics,False,2023-12-19,214.29942321777344,4768.3701171875,-0.006810445729048431,0.005866407818910568,-0.012676853547959,0.6127322267703186,0.246913097097186,0.2785382231953317,2026-02-28,791,ok,0.0005107062227176636,0.9366403186805612,0.2184177621941119,0.006005420311732194,-0.012815866040780624,0.16894868134795316
CMP020,FedEx Corporation,FDX,^GSPC,USD,NYSE,SECONDARY_INDIRECT,Transport & Logistics,False,2023-12-20,188.46868896484372,4698.35009765625,-0.12053571523932771,-0.014684266911006771,-0.10585144832832094,0.4183403943270445,0.22860309236458076,0.17268677486701078,2026-02-28,791,ok,0.0005107062227176636,0.9366403186805612,0.2184177621941119,-0.01324317021639814,-0.10729254502292958,0.06165613632502358
CMP020,FedEx Corporation,FDX,^GSPC,USD,NYSE,SECONDARY_INDIRECT,Transport & Logistics,False,2023-12-21,189.3182373046875,4746.75,0.004507636491291489,0.010301467821202559,-0.00579383132991107,0.4247337572455858,0.24125950758560455,0.1668929435370997,2026-02-28,791,ok,0.0005107062227176636,0.9366403186805612,0.2184177621941119,0.010159476325646375,-0.005651839834354886,0.056004296490668695
CMP020,FedEx Corporation,FDX,^GSPC,USD,NYSE,SECONDARY_INDIRECT,Transport & Logistics,False,2023-12-22,189.8310394287109,4754.6298828125,0.002708677892442557,0.0016600585268868873,0.0010486193655556697,0.4285929020764536,0.24332007101525144,0.16794156290265538,2026-02-28,791,ok,0.0005107062227176636,0.9366403186805612,0.2184177621941119,0.0020655839703693805,0.0006430939220731765,0.056647390412741874
CMP020,FedEx Corporation,FDX,^GSPC,USD,NYSE,SECONDARY_INDIRECT,Transport & Logistics,False,2023-12-26,192.86181640625,4774.75,0.015965655493749065,0.0042316894655107795,0.011733966028238285,0.45140132419182155,0.24858141546202472,0.17967552893089367,2026-02-28,791,ok,0.0005107062227176636,0.9366403186805612,0.2184177621941119,0.004474277192250854,0.011491378301498212,0.06813876871424009
CMP020,FedEx Corporation,FDX,^GSPC,USD,NYSE,SECONDARY_INDIRECT,Transport & Logistics,False,2023-12-27,192.05821228027344,4781.580078125,-0.004166735235365704,0.0014304577464787638,-0.005597192981844468,0.44535371915365496,0.25036745841988184,0.1740783359490492,2026-02-28,791,ok,0.0005107062227176636,0.9366403186805612,0.2184177621941119,0.0018505306222386104,-0.006017265857604315,0.06212150285663577
CMP020,FedEx Corporation,FDX,^GSPC,USD,NYSE,SECONDARY_INDIRECT,Transport & Logistics,False,2023-12-28,194.0787506103516,4783.35009765625,0.010520447452304404,0.0003701746080437829,0.010150272844260622,0.4605594870060037,0.25083031270371303,0.18422860879330982,2026-02-28,791,ok,0.0005107062227176636,0.9366403186805612,0.2184177621941119,0.0008574266855632443,0.00966302076674116,0.07178452362337694
CMP020,FedEx Corporation,FDX,^GSPC,USD,NYSE,SECONDARY_INDIRECT,Transport & Logistics,False,2023-12-29,193.6118927001953,4769.830078125,-0.0024055076029090294,-0.0028264750133749628,0.00042096741046593333,0.45704610005550994,0.2472948720788839,0.18464957620377576,2026-02-28,791,ok,0.0005107062227176636,0.9366403186805612,0.2184177621941119,-0.002136684234552505,-0.0002688233683565246,0.07151570025502041
CMP020,FedEx Corporation,FDX,^GSPC,USD,NYSE,SECONDARY_INDIRECT,Transport & Logistics,False,2024-01-02,193.0531768798828,4742.830078125,-0.002885751554413396,-0.005660579005492328,0.0027748274510789317,0.4528414270074228,0.2402344609123359,0.1874244036548547,2026-02-28,791,ok,0.0005107062227176636,0.9366403186805612,0.2184177621941119,-0.004791220300903165,0.0019054687464897689,0.07342116900151018
CMP020,FedEx Corporation,FDX,^GSPC,USD,NYSE,SECONDARY_INDIRECT,Transport & Logistics,False,2024-01-03,189.53253173828125,4704.81005859375,-0.018236659963343116,-0.008016314922730805,-0.01022034504061231,0.42634645192243026,0.23029235089563937,0.17720405861424238,2026-02-28,791,ok,0.0005107062227176636,0.9366403186805612,0.2184177621941119,-0.006997697541152656,-0.01123896242219046,0.062182206579319714
CMP020,FedEx Corporation,FDX,^GSPC,USD,NYSE,SECONDARY_INDIRECT,Transport & Logistics,False,2024-01-04,187.7339782714844,4688.68017578125,-0.009489418256072302,-0.0034283812973570083,-0.0060610369587152935,0.4128112538620736,0.22607443960954732,0.17114302165552708,2026-02-28,791,ok,0.0005107062227176636,0.9366403186805612,0.2184177621941119,-0.0027004539281972805,-0.006788964327875021,0.055393242251444694
CMP020,FedEx Corporation,FDX,^GSPC,USD,NYSE,SECONDARY_INDIRECT,Transport & Logistics,False,2024-01-05,188.89727783203125,4697.240234375,0.006196531769355973,0.0018256861788026324,0.0043708455905533405,0.4215657836807336,0.22831286676812557,0.17551386724608042,2026-02-28,791,ok,0.0005107062227176636,0.9366403186805612,0.2184177621941119,0.0022207175070420573,0.003975814262313916,0.05936905651375861
CMP020,FedEx Corporation,FDX,^GSPC,USD,NYSE,SECONDARY_INDIRECT,Transport & Logistics,False,2024-01-08,190.25962829589844,4763.5400390625,0.007212123327042352,0.014114629309846638,-0.006902505982804286,0.4318182914301427,0.2456500475590726,0.16861136126327614,2026-02-28,791,ok,0.0005107062227176636,0.9366403186805612,0.2184177621941119,0.013731037117550408,-0.006518913790508056,0.05285014272325055
CMP020,FedEx Corporation,FDX,^GSPC,USD,NYSE,SECONDARY_INDIRECT,Transport & Logistics,False,2024-01-09,189.2340545654297,4756.5,-0.005390390697461833,-0.0014779006799081618,-0.003912490017553671,0.42410023143156206,0.24380910050685745,0.16469887124572247,2026-02-28,791,ok,0.0005107062227176636,0.9366403186805612,0.2184177621941119,-0.000873555141089735,-0.004516835556372098,0.048333307166878454
CMP020,FedEx Corporation,FDX,^GSPC,USD,NYSE,SECONDARY_INDIRECT,Transport & Logistics,False,2024-01-10,191.95870971679688,4783.4501953125,0.01439833415620817,0.00566597189372442,0.00873236226248375,0.4446049024356471,0.25085648791148785,0.17343123350820622,2026-02-28,791,ok,0.0005107062227176636,0.9366403186805612,0.2184177621941119,0.005817683942890807,0.008580650213317362,0.05691395738019582
CMP020,FedEx Corporation,FDX,^GSPC,USD,NYSE,SECONDARY_INDIRECT,Transport & Logistics,False,2024-01-11,191.9893493652344,4780.240234375,0.00015961582823065257,-0.0006710555783868699,0.0008306714066175225,0.4448354842436155,0.25001709368751346,0.17426190491482374,2026-02-28,791,ok,0.0005107062227176636,0.9366403186805612,0.2184177621941119,-0.00011783148807498255,0.0002774473163056351,0.057191404696501455
CMP020,FedEx Corporation,FDX,^GSPC,USD,NYSE,SECONDARY_INDIRECT,Transport & Logistics,False,2024-01-12,190.2443084716797,4783.830078125,-0.009089258853807625,0.0007509755941104146,-0.00984023444791804,0.43170300052615884,0.25095582601709365,0.1644216704669057,2026-02-28,791,ok,0.0005107062227176636,0.9366403186805612,0.2184177621941119,0.0012141002425065661,-0.01030335909631419,0.046888045600187264
CMP020,FedEx Corporation,FDX,^GSPC,USD,NYSE,SECONDARY_INDIRECT,Transport & Logistics,False,2024-01-16,187.5426177978516,4765.97998046875,-0.01420116425837925,-0.0037313402367431525,-0.010469824021636098,0.41137115104647237,0.24628808420908777,0.1539518464452696,2026-02-28,791,ok,0.0005107062227176636,0.9366403186805612,0.2184177621941119,-0.002984217485731043,-0.011216946772648208,0.035671098827539056
CMP020,FedEx Corporation,FDX,^GSPC,USD,NYSE,SECONDARY_INDIRECT,Transport & Logistics,False,2024-01-17,186.2032623291016,4739.2099609375,-0.007141605915907956,-0.005616897183990499,-0.0015247087319174568,0.401291694484617,0.23928781217845274,0.15242713771335215,2026-02-28,791,ok,0.0005107062227176636,0.9366403186805612,0.2184177621941119,-0.004750306145691144,-0.0023912997702168117,0.03327979905732224
CMP020,FedEx Corporation,FDX,^GSPC,USD,NYSE,SECONDARY_INDIRECT,Transport & Logistics,False,2024-01-18,186.80023193359372,4780.93994140625,0.0032060104480717833,0.008805260963896,-0.005599250515824217,0.40578425029793097,0.25020006477405965,0.14682788719752793,2026-02-28,791,ok,0.0005107062227176636,0.9366403186805612,0.2184177621941119,0.008758068658006718,-0.005552058209934934,0.027727740847387307
CMP020,FedEx Corporation,FDX,^GSPC,USD,NYSE,SECONDARY_INDIRECT,Transport & Logistics,False,2024-01-19,188.68299865722656,4839.81005859375,0.010079038468764567,0.012313502764936146,-0.002234464296171579,0.4199532038354672,0.2655944067283784,0.14459342290135635,2026-02-28,791,ok,0.0005107062227176636,0.9366403186805612,0.2184177621941119,0.012044029376541426,-0.0019649909077768587,0.025762749939610446
CMP020,FedEx Corporation,FDX,^GSPC,USD,NYSE,SECONDARY_INDIRECT,Transport & Logistics,False,2024-01-22,191.8668670654297,4850.43017578125,0.01687416688764376,0.0021943252026270788,0.014679841685016681,0.4439137311696313,0.26837153243136647,0.15927326458637303,2026-02-28,791,ok,0.0005107062227176636,0.9366403186805612,0.2184177621941119,0.002565999679795078,0.014308167207848683,0.040070917147459126
CMP020,FedEx Corporation,FDX,^GSPC,USD,NYSE,SECONDARY_INDIRECT,Transport & Logistics,False,2024-01-23,191.9893493652344,4864.60009765625,0.0006383712919175721,0.002921374261968035,-0.002283002970050463,0.4448354842436155,0.2720769203808244,0.15699026161632257,2026-02-28,791,ok,0.0005107062227176636,0.9366403186805612,0.2184177621941119,0.003246983142432593,-0.0026086118505150207,0.0374623052969441
CMP020,FedEx Corporation,FDX,^GSPC,USD,NYSE,SECONDARY_INDIRECT,Transport & Logistics,False,2024-01-24,191.13214111328125,4868.5498046875,-0.004464873987996221,0.0008119284117831249,-0.005276802399779346,0.4383844758730824,0.2731097557744553,0.15171345921654322,2026-02-28,791,ok,0.0005107062227176636,0.9366403186805612,0.2184177621941119,0.0012711911090760118,-0.0057360650970722325,0.03172624019987187
CMP020,FedEx Corporation,FDX,^GSPC,USD,NYSE,SECONDARY_INDIRECT,Transport & Logistics,False,2024-01-25,193.7343597412109,4894.16015625,0.01361476208434964,0.005260365527706368,0.008354396556643273,0.45796773829791637,0.279806778446718,0.1600678557731865,2026-02-28,791,ok,0.0005107062227176636,0.9366403186805612,0.2184177621941119,0.005437776666964794,0.008176985417384847,0.03990322561725672
CMP020,FedEx Corporation,FDX,^GSPC,USD,NYSE,SECONDARY_INDIRECT,Transport & Logistics,False,2024-01-26,192.5251007080078,4890.97021484375,-0.006241840811399779,-0.0006517852510764532,-0.005590055560323326,0.4488673357673043,0.2789726192642987,0.15447780021286317,2026-02-28,791,ok,0.0005107062227176636,0.9366403186805612,0.2184177621941119,-9.978212256187512e-05,-0.006142058688837904,0.033761166928418816
CMP020,FedEx Corporation,FDX,^GSPC,USD,NYSE,SECONDARY_INDIRECT,Transport & Logistics,False,2024-01-29,189.8310394287109,4927.93017578125,-0.013993298896557094,0.007556774896180896,-0.02155007379273799,0.42859290207645406,0.2886375274464579,0.13292772642012518,2026-02-28,791,ok,0.0005107062227176636,0.9366403186805612,0.2184177621941119,0.007588686269673802,-0.021581985166230895,0.012179181762187921
CMP020,FedEx Corporation,FDX,^GSPC,USD,NYSE,SECONDARY_INDIRECT,Transport & Logistics,False,2024-01-30,186.5706024169922,4924.97021484375,-0.01717546836139594,-0.0006006499345398986,-0.01657481842685604,0.4040561498855251,0.2878635073999516,0.11635290799326914,2026-02-28,791,ok,0.0005107062227176636,0.9366403186805612,0.2184177621941119,-5.188672338524516e-05,-0.017123581638010695,-0.004944399875822774
CMP020,FedEx Corporation,FDX,^GSPC,USD,NYSE,SECONDARY_INDIRECT,Transport & Logistics,False,2024-01-31,184.67254638671875,4845.64990234375,-0.010173392837266038,-0.016105744611597972,0.005932351774331934,0.38977213510716036,0.2671215066551711,0.12228525976760107,2026-02-28,791,ok,0.0005107062227176636,0.9366403186805612,0.2184177621941119,-0.014574583542877191,0.004401190705611154,-0.0005432091702116202
CMP020,FedEx Corporation,FDX,^GSPC,USD,NYSE,SECONDARY_INDIRECT,Transport & Logistics,False,2024-02-01,185.1776885986328,4906.18994140625,0.002735340048088508,0.012493688211609788,-0.00975834816352128,0.39357363448603655,0.282952527685546,0.1125269116040798,2026-02-28,791,ok,0.0005107062227176636,0.9366403186805612,0.2184177621941119,0.012212798330735426,-0.009477458282646917,-0.010020667452858538
CMP020,FedEx Corporation,FDX,^GSPC,USD,NYSE,SECONDARY_INDIRECT,Transport & Logistics,False,2024-02-02,185.49143981933597,4958.60986328125,0.0016943251807359783,0.01068444607751462,-0.008990120896778642,0.3959348013861559,0.29666016478761326,0.10353679070730115,2026-02-28,791,ok,0.0005107062227176636,0.9366403186805612,0.2184177621941119,0.01051818920168623,-0.008823864020950251,-0.01884453147380879
CMP020,FedEx Corporation,FDX,^GSPC,USD,NYSE,SECONDARY_INDIRECT,Transport & Logistics,False,2024-02-05,182.39181518554688,4942.81005859375,-0.016710337883020676,-0.0031863375266721894,-0.013524000356348487,0.3726082591923259,0.29252856784520964,0.09001279035095267,2026-02-28,791,ok,0.0005107062227176636,0.9366403186805612,0.2184177621941119,-0.002473745973688407,-0.014236591909332269,-0.03308112338314106
CMP020,FedEx Corporation,FDX,^GSPC,USD,NYSE,SECONDARY_INDIRECT,Transport & Logistics,False,2024-02-06,184.69549560546875,4954.22998046875,0.01263039362582341,0.0023104108269635937,0.010319982798859817,0.3899448417999811,0.2955148398425189,0.10033277314981248,2026-02-28,791,ok,0.0005107062227176636,0.9366403186805612,0.2184177621941119,0.002674730155967863,0.009955663469855547,-0.02312545991328551
CMP020,FedEx Corporation,FDX,^GSPC,USD,NYSE,SECONDARY_INDIRECT,Transport & Logistics,False,2024-02-07,185.3154144287109,4995.06005859375,0.0033564371519183567,0.008241457963390042,-0.004885020811471685,0.39461010430611587,0.3061917709360291,0.0954477523383408,2026-02-28,791,ok,0.0005107062227176636,0.9366403186805612,0.2184177621941119,0.008229988035939762,-0.0048735508840214055,-0.027999010797306916
CMP020,FedEx Corporation,FDX,^GSPC,USD,NYSE,SECONDARY_INDIRECT,Transport & Logistics,False,2024-02-08,185.0246124267578,4997.91015625,-0.0015692272704328492,0.0005705832608251526,-0.002139810531258002,0.3924216440988175,0.30693706209595284,0.0933079418070828,2026-02-28,791,ok,0.0005107062227176636,0.9366403186805612,0.2184177621941119,0.0010451375099707284,-0.002614364780403578,-0.030613375577710496
CMP020,FedEx Corporation,FDX,^GSPC,USD,NYSE,SECONDARY_INDIRECT,Transport & Logistics,False,2024-02-09,185.6904296875,5026.60986328125,0.0035985334708146244,0.0057423415255595245,-0.0021438080547449,0.3974323199905938,0.3144419410589192,0.0911641337523379,2026-02-28,791,ok,0.0005107062227176636,0.9366403186805612,0.2184177621941119,0.005889214819190356,-0.002290681348375732,-0.03290405692608623
CMP020,FedEx Corporation,FDX,^GSPC,USD,NYSE,SECONDARY_INDIRECT,Transport & Logistics,False,2024-02-12,187.0834197998047,5021.83984375,0.007501679621555901,-0.0009489536011326738,0.008450633222688575,0.4079154095479709,0.31319459664547145,0.09961476697502647,2026-02-28,791,ok,0.0005107062227176636,0.9366403186805612,0.2184177621941119,-0.00037812198066031015,0.007879801602216211,-0.025024255323870016
CMP020,FedEx Corporation,FDX,^GSPC,USD,NYSE,SECONDARY_INDIRECT,Transport & Logistics,False,2024-02-13,180.9222869873047,4953.169921875,-0.03293254324243666,-0.013674255653625456,-0.019258287588811207,0.3615491744413395,0.29523763800798175,0.08035647938621526,2026-02-28,791,ok,0.0005107062227176636,0.9366403186805612,0.2184177621941119,-0.012297152950413549,-0.020635390292023114,-0.04565964561589313
CMP020,FedEx Corporation,FDX,^GSPC,USD,NYSE,SECONDARY_INDIRECT,Transport & Logistics,False,2024-02-14,181.2590484619141,5000.6201171875,0.0018613598148526922,0.009579763275017639,-0.0077184034601649465,0.36408350736059036,0.30764570796499124,0.07263807592605032,2026-02-28,791,ok,0.0005107062227176636,0.9366403186805612,0.2184177621941119,0.009483498749514522,-0.007622138934661829,-0.053281784550554954
CMP020,FedEx Corporation,FDX,^GSPC,USD,NYSE,SECONDARY_INDIRECT,Transport & Logistics,False,2024-02-15,181.0218048095703,5029.72998046875,-0.0013088651538056828,0.005821250684729495,-0.007130115838535178,0.36229810599092516,0.31525784143786595,0.06550796008751514,2026-02-28,791,ok,0.0005107062227176636,0.9366403186805612,0.2184177621941119,0.005963124319182133,-0.007271989472987816,-0.06055377402354277
CMP020,FedEx Corporation,FDX,^GSPC,USD,NYSE,SECONDARY_INDIRECT,Transport & Logistics,False,2024-02-16,181.8407287597656,5005.56982421875,0.0045238967264567,-0.0048034698371121065,0.009327366563568806,0.3684610019330756,0.30894004006849407,0.07483532665108394,2026-02-28,791,ok,0.0005107062227176636,0.9366403186805612,0.2184177621941119,-0.0039884172962874834,0.008512314022744183,-0.05204146000079859
CMP020,FedEx Corporation,FDX,^GSPC,USD,NYSE,SECONDARY_INDIRECT,Transport & Logistics,False,2024-02-20,183.3331756591797,4975.509765625,0.008207440157071755,-0.006005322001165325,0.01421276215823708,0.37969256371372784,0.30107943364766454,0.08904808880932102,2026-02-28,791,ok,0.0005107062227176636,0.9366403186805612,0.2184177621941119,-0.005114120490233212,0.013321560647304966,-0.038719899353493625
CMP020,FedEx Corporation,FDX,^GSPC,USD,NYSE,SECONDARY_INDIRECT,Transport & Logistics,False,2024-02-21,184.76437377929688,4981.7998046875,0.007806541914584075,0.001264199922982101,0.006542341991601974,0.39046319154159903,0.3027242581674756,0.095590430800923,2026-02-28,791,ok,0.0005107062227176636,0.9366403186805612,0.2184177621941119,0.0016948068414555596,0.0061117350731285155,-0.03260816428036511
CMP020,FedEx Corporation,FDX,^GSPC,USD,NYSE,SECONDARY_INDIRECT,Transport & Logistics,False,2024-02-22,186.8690948486328,5087.02978515625,0.011391379335120355,0.02112288421741404,-0.009731504882293684,0.4063024852079715,0.33024155183996373,0.08585892591862931,2026-02-28,791,ok,0.0005107062227176636,0.9366403186805612,0.2184177621941119,0.020295251227568947,-0.008903871892448591,-0.041512036172813696
CMP020,FedEx Corporation,FDX,^GSPC,USD,NYSE,SECONDARY_INDIRECT,Transport & Logistics,False,2024-02-23,186.33334350585935,5088.7998046875,-0.002866987412805888,0.0003479475462115911,-0.003214934959017479,0.40227063368428273,0.33070440612379515,0.08264399095961183,2026-02-28,791,ok,0.0005107062227176636,0.9366403186805612,0.2184177621941119,0.0008366079232854076,-0.003703595336091296,-0.045215631508904994
CMP020,FedEx Corporation,FDX,^GSPC,USD,NYSE,SECONDARY_INDIRECT,Transport & Logistics,False,2024-02-26,184.54244995117188,5069.52978515625,-0.009611235010287711,-0.003786751350190576,-0.005824483660097135,0.3887930810759179,0.3256653594172014,0.0768195072995147,2026-02-28,791,ok,0.0005107062227176636,0.9366403186805612,0.2184177621941119,-0.003036117768688883,-0.006575117241598828,-0.05179074875050382
CMP020,FedEx Corporation,FDX,^GSPC,USD,NYSE,SECONDARY_INDIRECT,Transport & Logistics,False,2024-02-27,184.7567443847656,5078.18017578125,0.0011612202701893892,0.0017063496993998672,-0.000545129429210478,0.39040577575276214,0.32792740810474785,0.07627437787030422,2026-02-28,791,ok,0.0005107062227176636,0.9366403186805612,0.2184177621941119,0.002108942148944035,-0.0009477218787546458,-0.05273847062925847
CMP020,FedEx Corporation,FDX,^GSPC,USD,NYSE,SECONDARY_INDIRECT,Transport & Logistics,False,2024-02-28,187.02981567382807,5069.759765625,0.012303049053130621,-0.001658155060430544,0.013961204113561165,0.40751200621560457,0.3257254985531146,0.09023558198386539,2026-02-28,791,ok,0.0005107062227176636,0.9366403186805612,0.2184177621941119,-0.0010423886615057863,0.013345437714636407,-0.03939303291462206
CMP020,FedEx Corporation,FDX,^GSPC,USD,NYSE,SECONDARY_INDIRECT,Transport & Logistics,False,2024-02-29,190.5504608154297,5096.27001953125,0.01882397803215219,0.005229094697149161,0.013594883335003027,0.43400698130059756,0.33265784272747423,0.10383046531886841,2026-02-28,791,ok,0.0005107062227176636,0.9366403186805612,0.2184177621941119,0.005408487146266286,0.013415490885885901,-0.02597754202873616
CMP020,FedEx Corporation,FDX,^GSPC,USD,NYSE,SECONDARY_INDIRECT,Transport & Logistics,False,2024-03-01,188.73655700683597,5137.080078125,-0.00951928324303919,0.00800782894888763,-0.01752711219192682,0.42035626267310167,0.3433295387794295,0.0863033531269416,2026-02-28,791,ok,0.0005107062227176636,0.9366403186805612,0.2184177621941119,0.008011161681343196,-0.017530444924382386,-0.04350798695311854
CMP020,FedEx Corporation,FDX,^GSPC,USD,NYSE,SECONDARY_INDIRECT,Transport & Logistics,False,2024-03-04,188.86669921875,5130.9501953125,0.0006895442725984857,-0.0011932620709189656,0.0018828063435174514,0.4213356611990773,0.3417265945920589,0.08818615947045905,2026-02-28,791,ok,0.0005107062227176636,0.9366403186805612,0.2184177621941119,-0.0006069511436573027,0.0012964954162557885,-0.04221149153686275
CMP020,FedEx Corporation,FDX,^GSPC,USD,NYSE,SECONDARY_INDIRECT,Transport & Logistics,False,2024-03-05,190.35911560058597,5078.64990234375,0.007901956183961278,-0.010193100883444606,0.018095057067405884,0.4325669933165741,0.3280502400553815,0.10628121653786493,2026-02-28,791,ok,0.0005107062227176636,0.9366403186805612,0.2184177621941119,-0.009036563037095002,0.01693851922105628,-0.025272972315806472
CMP020,FedEx Corporation,FDX,^GSPC,USD,NYSE,SECONDARY_INDIRECT,Transport & Logistics,False,2024-03-06,190.1142120361328,5104.759765625,-0.0012865344729118267,0.005141103203274655,-0.006427637676186482,0.43072394649491663,0.3348778833986399,0.09985357886167845,2026-02-28,791,ok,0.0005107062227176636,0.9366403186805612,0.2184177621941119,0.00532607076540249,-0.006612605238314317,-0.03188557755412079
CMP020,FedEx Corporation,FDX,^GSPC,USD,NYSE,SECONDARY_INDIRECT,Transport & Logistics,False,2024-03-07,191.5224456787109,5157.35986328125,0.007407303365150053,0.010304127925951478,-0.0028968245608014254,0.44132175279838926,0.3486326358747027,0.09695675430087702,2026-02-28,791,ok,0.0005107062227176636,0.9366403186805612,0.2184177621941119,0.010161967887006126,-0.0027546645218560727,-0.034640242075976865
CMP020,FedEx Corporation,FDX,^GSPC,USD,NYSE,SECONDARY_INDIRECT,Transport & Logistics,False,2024-03-08,190.5224609375,5123.68994140625,-0.005221240453917586,-0.0065285190034379825,0.0013072785495203965,0.4337962653555669,0.3398280620827381,0.09826403285039742,2026-02-28,791,ok,0.0005107062227176636,0.9366403186805612,0.2184177621941119,-0.005604167897174588,0.0003829274432570022,-0.03425731463271986
CMP020,FedEx Corporation,FDX,^GSPC,USD,NYSE,SECONDARY_INDIRECT,Transport & Logistics,False,2024-03-11,194.3839874267578,5117.93994140625,0.020268090545631612,-0.001122238087346461,0.021390328632978073,0.46285657788578205,0.3383244560009733,0.1196543614833755,2026-02-28,791,ok,0.0005107062227176636,0.9366403186805612,0.2184177621941119,-0.0005404272170499891,0.0208085177626816,-0.01344879687003826
CMP020,FedEx Corporation,FDX,^GSPC,USD,NYSE,SECONDARY_INDIRECT,Transport & Logistics,False,2024-03-12,195.55323791503903,5175.27001953125,0.0060151584693763915,0.011201787981366396,-0.005186629511990004,0.4716558920197347,0.3533160828073736,0.11446773197138549,2026-02-28,791,ok,0.0005107062227176636,0.9366403186805612,0.2184177621941119,0.011002752487376765,-0.0049875940180003735,-0.018436390888038633
CMP020,FedEx Corporation,FDX,^GSPC,USD,NYSE,SECONDARY_INDIRECT,Transport & Logistics,False,2024-03-13,196.32244873046875,5165.31005859375,0.003933511015368207,-0.0019245297153407392,0.005858040730708947,0.4774446666818257,0.3507115857917622,0.12032577270209444,2026-02-28,791,ok,0.0005107062227176636,0.9366403186805612,0.2184177621941119,-0.001291885903169296,0.005225396918537503,-0.01321099396950113
CMP020,FedEx Corporation,FDX,^GSPC,USD,NYSE,SECONDARY_INDIRECT,Transport & Logistics,False,2024-03-14,196.5609130859375,5150.47998046875,0.0012146565867061643,-0.0028710915621273925,0.004085748148833557,0.47923925457770467,0.3468335691549278,0.12441152085092799,2026-02-28,791,ok,0.0005107062227176636,0.9366403186805612,0.2184177621941119,-0.002178473892994408,0.003393130479700572,-0.009817863489800557
CMP020,FedEx Corporation,FDX,^GSPC,USD,NYSE,SECONDARY_INDIRECT,Transport & Logistics,False,2024-03-15,194.8378448486328,5117.08984375,-0.008766077702087927,-0.006482917484461503,-0.002283160217626423,0.46627212833209786,0.3381021582607937,0.12212836063330157,2026-02-28,791,ok,0.0005107062227176636,0.9366403186805612,0.2184177621941119,-0.005561455675908141,-0.0032046220261797856,-0.013022485515980342
CMP020,FedEx Corporation,FDX,^GSPC,USD,NYSE,SECONDARY_INDIRECT,Transport & Logistics,False,2024-03-18,194.7532501220703,5149.419921875,-0.0004341801595486583,0.006318059504952345,-0.006752239664501003,0.46563550206547677,0.34655636732039063,0.11537612096880057,2026-02-28,791,ok,0.0005107062227176636,0.9366403186805612,0.2184177621941119,0.006428455490878976,-0.006862635650427634,-0.019885121166407976
CMP020,FedEx Corporation,FDX,^GSPC,USD,NYSE,SECONDARY_INDIRECT,Transport & Logistics,False,2024-03-19,197.39938354492188,5178.509765625,0.013587107897778283,0.0056491496501236416,0.007937958247654642,0.4855492497708549,0.3541632657517104,0.12331407921645521,2026-02-28,791,ok,0.0005107062227176636,0.9366403186805612,0.2184177621941119,0.005801927551283652,0.007785180346494632,-0.012099940819913346
CMP020,FedEx Corporation,FDX,^GSPC,USD,NYSE,SECONDARY_INDIRECT,Transport & Logistics,False,2024-03-20,199.9916534423828,5224.6201171875,0.013132107359752787,0.008904173912846591,0.004227933446906196,0.5050576420070461,0.366220970976352,0.1275420126633614,2026-02-28,791,ok,0.0005107062227176636,0.9366403186805612,0.2184177621941119,0.008850714514033435,0.004281392845719352,-0.007818547974193993
CMP020,FedEx Corporation,FDX,^GSPC,USD,NYSE,SECONDARY_INDIRECT,Transport & Logistics,False,2024-03-21,203.7301177978516,5241.52978515625,0.01869310189260376,0.0032365354015160275,0.015456566491087731,0.5331918378633258,0.37064279351521057,0.14299857915444913,2026-02-28,791,ok,0.0005107062227176636,0.9366403186805612,0.2184177621941119,0.0035421757726145538,0.015150926119989205,0.0073323781457952115
CMP020,FedEx Corporation,FDX,^GSPC,USD,NYSE,SECONDARY_INDIRECT,Transport & Logistics,False,2024-03-22,218.7069854736328,5234.18017578125,0.07351327254736972,-0.0014021878490156903,0.07491546039638541,0.6459017873075752,0.36872089484480264,0.21791403955083455,2026-02-28,791,ok,0.0005107062227176636,0.9366403186805612,0.2184177621941119,-0.0008026394510344031,0.07431591199840412,0.08164829014419933
CMP020,FedEx Corporation,FDX,^GSPC,USD,NYSE,SECONDARY_INDIRECT,Transport & Logistics,False,2024-03-25,217.36083984375,5218.18994140625,-0.00615501890334047,-0.0030549644525015296,-0.0031000544508389405,0.6357712306936552,0.3645395011656556,0.2148139850999956,2026-02-28,791,ok,0.0005107062227176636,0.9366403186805612,0.2184177621941119,-0.0023506966556311555,-0.0038043222477093146,0.07784396789649002
CMP020,FedEx Corporation,FDX,^GSPC,USD,NYSE,SECONDARY_INDIRECT,Transport & Logistics,False,2024-03-26,222.2993011474609,5203.580078125,0.022720105918163203,-0.002799795225030266,0.02551990114319347,0.6729361263128992,0.36071906998592684,0.24033388624318908,2026-02-28,791,ok,0.0005107062227176636,0.9366403186805612,0.2184177621941119,-0.002111694869094998,0.0248318007872582,0.10267576868374823
CMP020,FedEx Corporation,FDX,^GSPC,USD,NYSE,SECONDARY_INDIRECT,Transport & Logistics,False,2024-03-27,221.4454498291016,5248.490234375,-0.003840998662397621,0.008630626525532925,-0.012471625187930546,0.6665103808894548,0.3724629280851459,0.22786226105525853,2026-02-28,791,ok,0.0005107062227176636,0.9366403186805612,0.2184177621941119,0.008594499002005727,-0.012435497664403349,0.09024027101934487
CMP020,FedEx Corporation,FDX,^GSPC,USD,NYSE,SECONDARY_INDIRECT,Transport & Logistics,False,2024-03-28,222.876220703125,5254.35009765625,0.006461053388667981,0.0011164855071790214,0.00534456788148896,0.6772777934331511,0.3739952630534935,0.2332068289367475,2026-02-28,791,ok,0.0005107062227176636,0.9366403186805612,0.2184177621941119,0.0015564515639640503,0.004904601824703931,0.0951448728440488
CMP020,FedEx Corporation,FDX,^GSPC,USD,NYSE,SECONDARY_INDIRECT,Transport & Logistics,False,2024-04-01,215.48390197753903,5243.77001953125,-0.03316782159292209,-0.0020135845401164643,-0.031154237052805622,0.6216461428187903,0.37122860743361574,0.20205259188394187,2026-02-28,791,ok,0.0005107062227176636,0.9366403186805612,0.2184177621941119,-0.0013752982426272727,-0.03179252335029482,0.06335234949375398
CMP020,FedEx Corporation,FDX,^GSPC,USD,NYSE,SECONDARY_INDIRECT,Transport & Logistics,False,2024-04-02,211.7608337402344,5205.81005859375,-0.01727770939331097,-0.0072390590731691296,-0.01003865032014184,0.5936278120243836,0.3613022025415844,0.19201394156380003,2026-02-28,791,ok,0.0005107062227176636,0.9366403186805612,0.2184177621941119,-0.006269688374522878,-0.011008021018788092,0.052344328474965895
CMP020,FedEx Corporation,FDX,^GSPC,USD,NYSE,SECONDARY_INDIRECT,Transport & Logistics,False,2024-04-03,214.22238159179688,5211.490234375,0.01162418851534186,0.001091122364688113,0.010533066150653747,0.6121524421346469,0.3627875498198767,0.20254700771445378,2026-02-28,791,ok,0.0005107062227176636,0.9366403186805612,0.2184177621941119,0.0015326954220986253,0.010091493093243234,0.06243582156820913
CMP020,FedEx Corporation,FDX,^GSPC,USD,NYSE,SECONDARY_INDIRECT,Transport & Logistics,False,2024-04-04,211.93011474609372,5147.2099609375,-0.010700407812994528,-0.012334336350379616,0.0016339285373850876,0.5949017535470911,0.34597846980628866,0.20418093625183886,2026-02-28,791,ok,0.0005107062227176636,0.9366403186805612,0.2184177621941119,-0.01104213050721513,0.00034172269422060204,0.06277754426242974
CMP020,FedEx Corporation,FDX,^GSPC,USD,NYSE,SECONDARY_INDIRECT,Transport & Logistics,False,2024-04-05,210.3993225097656,5204.33984375,-0.0072230991719233195,0.011099194174331695,-0.018322293346255014,0.5833816200117461,0.36091774619713846,0.18585864290558385,2026-02-28,791,ok,0.0005107062227176636,0.9366403186805612,0.2184177621941119,0.01090665899126113,-0.018129758163184448,0.04464778609924529
CMP020,FedEx Corporation,FDX,^GSPC,USD,NYSE,SECONDARY_INDIRECT,Transport & Logistics,False,2024-04-08,211.97622680664065,5202.39013671875,0.007494816418916361,-0.00037463099831791524,0.007869447417234277,0.5952487745748205,0.360407904223252,0.19372809032281813,2026-02-28,791,ok,0.0005107062227176636,0.9366403186805612,0.2184177621941119,0.00015981172506555473,0.007335004693850807,0.0519827907930961
CMP020,FedEx Corporation,FDX,^GSPC,USD,NYSE,SECONDARY_INDIRECT,Transport & Logistics,False,2024-04-09,212.59161376953125,5209.91015625,0.002903094239204096,0.0014454931932483817,0.0014576010459557143,0.599879932102386,0.362374364588848,0.19518569136877384,2026-02-28,791,ok,0.0005107062227176636,0.9366403186805612,0.2184177621941119,0.0018646134278924099,0.001038480811311686,0.05302127160440778
CMP020,FedEx Corporation,FDX,^GSPC,USD,NYSE,SECONDARY_INDIRECT,Transport & Logistics,False,2024-04-10,207.9224090576172,5160.64013671875,-0.021963259176234096,-0.009456980649108493,-0.012506278527125603,0.5647413545027655,0.3494904165860897,0.18267941284164824,2026-02-28,791,ok,0.0005107062227176636,0.9366403186805612,0.2184177621941119,-0.008347083146219215,-0.01361617603001488,0.0394050955743929
CMP020,FedEx Corporation,FDX,^GSPC,USD,NYSE,SECONDARY_INDIRECT,Transport & Logistics,False,2024-04-11,209.3685760498047,5199.06005859375,0.006955320490668049,0.007444797710585593,-0.0004894772199175446,0.5756246321083343,0.35953709974994696,0.1821899356217307,2026-02-28,791,ok,0.0005107062227176636,0.9366403186805612,0.2184177621941119,0.007483803922872866,-0.0005284834322048168,0.038876612142188086
CMP020,FedEx Corporation,FDX,^GSPC,USD,NYSE,SECONDARY_INDIRECT,Transport & Logistics,False,2024-04-12,205.99935913085935,5123.41015625,-0.01609227603546326,-0.01455068829580164,-0.0015415877396616207,0.5502692456001717,0.3397548991849073,0.18064834788206907,2026-02-28,791,ok,0.0005107062227176636,0.9366403186805612,0.2184177621941119,-0.013118055099683496,-0.002974220935779764,0.03590239120640832
CMP020,FedEx Corporation,FDX,^GSPC,USD,NYSE,SECONDARY_INDIRECT,Transport & Logistics,False,2024-04-15,205.18397521972656,5061.81982421875,-0.003958186639866246,-0.01202135494776202,0.008063168307895774,0.5441329905840415,0.3236492299988025,0.18871151618996485,2026-02-28,791,ok,0.0005107062227176636,0.9366403186805612,0.2184177621941119,-0.010748979506526295,0.00679079286666005,0.042693184073068366
CMP020,FedEx Corporation,FDX,^GSPC,USD,NYSE,SECONDARY_INDIRECT,Transport & Logistics,False,2024-04-16,203.79934692382807,5051.41015625,-0.006748228239635834,-0.0020565070133361507,-0.004691721226299683,0.5337128287312289,0.32092713607411305,0.18401979496366516,2026-02-28,791,ok,0.0005107062227176636,0.9366403186805612,0.2184177621941119,-0.0014155011616223177,-0.005332727078013516,0.03736045699505485
CMP020,FedEx Corporation,FDX,^GSPC,USD,NYSE,SECONDARY_INDIRECT,Transport & Logistics,False,2024-04-17,202.3608856201172,5022.2099609375,-0.007058223323200941,-0.005780602724641426,-0.0012776205985595146,0.5228875410723857,0.31329138107227017,0.18274217436510565,2026-02-28,791,ok,0.0005107062227176636,0.9366403186805612,0.2184177621941119,-0.004903639355456202,-0.0021545839677447384,0.03520587302731011
CMP020,FedEx Corporation,FDX,^GSPC,USD,NYSE,SECONDARY_INDIRECT,Transport & Logistics,False,2024-04-18,202.59164428710935,5011.1201171875,0.001140332363564367,-0.002208160119998248,0.003348492483562615,0.5246241390215394,0.3103914234186489,0.18609066684866826,2026-02-28,791,ok,0.0005107062227176636,0.9366403186805612,0.2184177621941119,-0.0015575455757752016,0.0026978779393395684,0.03790375096664968
CMP020,FedEx Corporation,FDX,^GSPC,USD,NYSE,SECONDARY_INDIRECT,Transport & Logistics,False,2024-04-19,205.3762664794922,4967.22998046875,0.013745000205618085,-0.00875854812743615,0.022503548333054235,0.5455800981258807,0.29891429707085715,0.2085942151817225,2026-02-28,791,ok,0.0005107062227176636,0.9366403186805612,0.2184177621941119,-0.007692903086543164,0.021437903292161248,0.059341654258810925
CMP020,FedEx Corporation,FDX,^GSPC,USD,NYSE,SECONDARY_INDIRECT,Transport & Logistics,False,2024-04-22,207.80702209472656,5010.60009765625,0.011835620818811066,0.008731248071466746,0.0031043727473443194,0.5638729981123993,0.31025544002215755,0.21169858792906682,2026-02-28,791,ok,0.0005107062227176636,0.9366403186805612,0.2184177621941119,0.008688745198855312,0.0031468756199557538,0.06248852987876668
CMP020,FedEx Corporation,FDX,^GSPC,USD,NYSE,SECONDARY_INDIRECT,Transport & Logistics,False,2024-04-23,209.03778076171875,5070.5498046875,0.005922603839783491,0.011964576270872662,-0.006041972431089171,0.5731351983359536,0.32593209116862853,0.20565661549797765,2026-02-28,791,ok,0.0005107062227176636,0.9366403186805612,0.2184177621941119,0.011717210753945714,-0.005794606914162222,0.05669392296460446
CMP020,FedEx Corporation,FDX,^GSPC,USD,NYSE,SECONDARY_INDIRECT,Transport & Logistics,False,2024-04-24,204.66856384277344,5071.6298828125,-0.02090156575057489,0.0002130100613548791,-0.02111457581192977,0.5402542095533911,0.32621452804472084,0.18454203968604788,2026-02-28,791,ok,0.0005107062227176636,0.9366403186805612,0.2184177621941119,0.0007102200344672635,-0.021611785785042154,0.03508213717956231
CMP020,FedEx Corporation,FDX,^GSPC,USD,NYSE,SECONDARY_INDIRECT,Transport & Logistics,False,2024-04-25,204.2455139160156,5048.419921875,-0.002067000025870236,-0.004576430353515626,0.00250943032764539,0.5370705040623975,0.32014519962330357,0.18705147001369327,2026-02-28,791,ok,0.0005107062227176636,0.9366403186805612,0.2184177621941119,-0.0037757629620186056,0.0017087629361483697,0.03679090011571068
CMP020,FedEx Corporation,FDX,^GSPC,USD,NYSE,SECONDARY_INDIRECT,Transport & Logistics,False,2024-04-26,204.49166870117188,5099.9599609375,0.0012051906572474458,0.01020914263474304,-0.009003951977495595,0.5389229670734241,0.33362275026482924,0.17804751803619767,2026-02-28,791,ok,0.0005107062227176636,0.9366403186805612,0.2184177621941119,0.010073000833578689,-0.008867810176331243,0.027923089939379434
CMP020,FedEx Corporation,FDX,^GSPC,USD,NYSE,SECONDARY_INDIRECT,Transport & Logistics,False,2024-04-29,204.50701904296875,5116.169921875,7.506585424410517e-05,0.0031784486665891176,-0.0031033828123450125,0.5390384876405634,0.3378616017171414,0.17494413522385266,2026-02-28,791,ok,0.0005107062227176636,0.9366403186805612,0.2184177621941119,0.0034877693947014997,-0.0034127035404573946,0.02451038639892204
CMP020,FedEx Corporation,FDX,^GSPC,USD,NYSE,SECONDARY_INDIRECT,Transport & Logistics,False,2024-04-30,201.3686065673828,5035.68994140625,-0.015346233543830246,-0.01573051358686217,0.000384280043031926,0.5154200435762879,0.3168163516139888,0.17532841526688459,2026-02-28,791,ok,0.0005107062227176636,0.9366403186805612,0.2184177621941119,-0.014223127036289819,-0.0011231065075404268,0.02338727989138161
CMP020,FedEx Corporation,FDX,^GSPC,USD,NYSE,SECONDARY_INDIRECT,Transport & Logistics,False,2024-05-01,200.56088256835935,5018.39013671875,-0.0040111714173936,-0.0034354388154940185,-0.0005757326018995812,0.5093414340121494,0.3122925096067768,0.174752682664985,2026-02-28,791,ok,0.0005107062227176636,0.9366403186805612,0.2184177621941119,-0.0027070642842342233,-0.0013041071331593764,0.022083172758222233
CMP020,FedEx Corporation,FDX,^GSPC,USD,NYSE,SECONDARY_INDIRECT,Transport & Logistics,False,2024-05-02,201.56089782714844,5064.2001953125,0.0049860932300607175,0.009128437077573048,-0.004142343847512331,0.5168671511181275,0.3242716892080926,0.17061033881747267,2026-02-28,791,ok,0.0005107062227176636,0.9366403186805612,0.2184177621941119,0.009060768436111134,-0.004074675206050416,0.018008497552171817
CMP020,FedEx Corporation,FDX,^GSPC,USD,NYSE,SECONDARY_INDIRECT,Transport & Logistics,False,2024-05-03,200.4993438720703,5127.7900390625,-0.005266666136744869,0.012556739721478527,-0.017823405858223396,0.508878318259393,0.3409002241300012,0.15278693295924928,2026-02-28,791,ok,0.0005107062227176636,0.9366403186805612,0.2184177621941119,0.012271854917032173,-0.01753852105377704,0.00046997649839477726
CMP020,FedEx Corporation,FDX,^GSPC,USD,NYSE,SECONDARY_INDIRECT,Transport & Logistics,False,2024-05-06,200.2224273681641,5180.740234375,-0.0013811342149973038,0.01032612390701182,-0.011707258122009123,0.5067943547877773,0.3547465259913076,0.14107967483724015,2026-02-28,791,ok,0.0005107062227176636,0.9366403186805612,0.2184177621941119,0.010182570209716175,-0.011563704424713479,-0.011093727926318702
CMP020,FedEx Corporation,FDX,^GSPC,USD,NYSE,SECONDARY_INDIRECT,Transport & Logistics,False,2024-05-07,199.5916748046875,5187.7001953125,-0.0031502592979595345,0.0013434298232750663,-0.004493689121234601,0.5020475618614941,0.35656653287730267,0.13658598571600555,2026-02-28,791,ok,0.0005107062227176636,0.9366403186805612,0.2184177621941119,0.0017690167605149917,-0.004919276058474526,-0.016013003984793227
CMP020,FedEx Corporation,FDX,^GSPC,USD,NYSE,SECONDARY_INDIRECT,Transport & Logistics,False,2024-05-08,198.4685821533203,5187.669921875,-0.005626951386956347,-5.835618166138978e-06,-0.005621115768790208,0.49359561325000323,0.3565586164729999,0.13096486994721535,2026-02-28,791,ok,0.0005107062227176636,0.9366403186805612,0.2184177621941119,0.0005052403474588332,-0.00613219173441518,-0.022145195719208408
CMP020,FedEx Corporation,FDX,^GSPC,USD,NYSE,SECONDARY_INDIRECT,Transport & Logistics,False,2024-05-09,201.583984375,5214.080078125,0.015697206015574672,0.005090947698625836,0.010606258316948836,0.5170408912951472,0.36346478543958427,0.14157112826416418,2026-02-28,791,ok,0.0005107062227176636,0.9366403186805612,0.2184177621941119,0.005279093097544636,0.010418112918030036,-0.011727082801178372
CMP020,FedEx Corporation,FDX,^GSPC,USD,NYSE,SECONDARY_INDIRECT,Transport & Logistics,False,2024-05-10,204.40704345703125,5222.68017578125,0.014004381800389432,0.001649398844549843,0.012354982955839588,0.5382861111436474,0.3657136826812728,0.15392611122000377,2026-02-28,791,ok,0.0005107062227176636,0.9366403186805612,0.2184177621941119,0.002055599682108178,0.011948782118281254,0.0002216993171028827
CMP020,FedEx Corporation,FDX,^GSPC,USD,NYSE,SECONDARY_INDIRECT,Transport & Logistics,False,2024-05-13,205.29933166503903,5221.419921875,0.004365251768808864,-0.00024130405535727206,0.004606555824166136,0.5450011173112514,0.3653841304311849,0.1585326670441699,2026-02-28,791,ok,0.0005107062227176636,0.9366403186805612,0.2184177621941119,0.0002846911154089166,0.004080560653399947,0.00430225997050283
CMP020,FedEx Corporation,FDX,^GSPC,USD,NYSE,SECONDARY_INDIRECT,Transport & Logistics,False,2024-05-14,199.2609100341797,5246.68017578125,-0.029412768087874075,0.004837813139759728,-0.0342505812276338,0.4995583577522693,0.3719896037182042,0.1242820858165361,2026-02-28,791,ok,0.0005107062227176636,0.9366403186805612,0.2184177621941119,0.0050419970636592214,-0.0344547651515333,-0.030152505181030468
CMP020,FedEx Corporation,FDX,^GSPC,USD,NYSE,SECONDARY_INDIRECT,Transport & Logistics,False,2024-05-15,199.47628784179688,5308.14990234375,0.0010808833884190516,0.011715927882596233,-0.010635044494177182,0.5011792054711286,0.3880637349710385,0.11364704132235892,2026-02-28,791,ok,0.0005107062227176636,0.9366403186805612,0.2184177621941119,0.011484316648311071,-0.01040343325989202,-0.040555938440922486
CMP020,FedEx Corporation,FDX,^GSPC,USD,NYSE,SECONDARY_INDIRECT,Transport & Logistics,False,2024-05-16,199.0609130859375,5297.10009765625,-0.002082326477765628,-0.0020816677921287052,-6.5868563692284e-07,0.4980532602637049,0.3851742474005275,0.113646382636722,2026-02-28,791,ok,0.0005107062227176636,0.9366403186805612,0.2184177621941119,-0.0014390677614888271,-0.000643258716276801,-0.04119919715719929
CMP020,FedEx Corporation,FDX,^GSPC,USD,NYSE,SECONDARY_INDIRECT,Transport & Logistics,False,2024-05-17,197.8839874267578,5303.27001953125,-0.005912389534109996,0.0011647735102702228,-0.007077163044380219,0.4891961858461824,0.3867876616710082,0.10656921959234178,2026-02-28,791,ok,0.0005107062227176636,0.9366403186805612,0.2184177621941119,0.001601680054567841,-0.007514069588677837,-0.04871326674587713
CMP020,FedEx Corporation,FDX,^GSPC,USD,NYSE,SECONDARY_INDIRECT,Transport & Logistics,False,2024-05-20,195.9301300048828,5308.1298828125,-0.009873752026541172,0.0009163899374069473,-0.010790141963948119,0.4744922319882663,0.3880584999294836,0.09577907762839366,2026-02-28,791,ok,0.0005107062227176636,0.9366403186805612,0.2184177621941119,0.0013690339857261662,-0.011242786012267338,-0.05995605275814447
CMP020,FedEx Corporation,FDX,^GSPC,USD,NYSE,SECONDARY_INDIRECT,Transport & Logistics,False,2024-05-21,194.099365234375,5321.41015625,-0.0093439675177176,0.002501874243978186,-0.011845841761695786,0.46071462446744094,0.39153124773959225,0.08393323586669788,2026-02-28,791,ok,0.0005107062227176636,0.9366403186805612,0.2184177621941119,0.0028540625118960803,-0.01219803002961368,-0.07215408278775814
CMP020,FedEx Corporation,FDX,^GSPC,USD,NYSE,SECONDARY_INDIRECT,Transport & Logistics,False,2024-05-22,193.89938354492188,5307.009765625,-0.0010303057365058654,-0.002706123039226127,0.0016758173027202616,0.4592096418104541,0.387765592970281,0.08560905316941814,2026-02-28,791,ok,0.0005107062227176636,0.9366403186805612,0.2184177621941119,-0.002023957723131905,0.0009936519866260395,-0.0711604308011321
CMP020,FedEx Corporation,FDX,^GSPC,USD,NYSE,SECONDARY_INDIRECT,Transport & Logistics,False,2024-05-23,191.76095581054688,5267.83984375,-0.011028543233504329,-0.0073807894850155265,-0.0036477537484888023,0.44311668518900116,0.37752278727401967,0.08196129942092933,2026-02-28,791,ok,0.0005107062227176636,0.9366403186805612,0.2184177621941119,-0.006402438792641414,-0.0046261044408629146,-0.07578653524199502
CMP020,FedEx Corporation,FDX,^GSPC,USD,NYSE,SECONDARY_INDIRECT,Transport & Logistics,False,2024-05-24,190.4532470703125,5304.72021484375,-0.00681947341525746,0.0070010425881694704,-0.01382051600342693,0.43327538931924026,0.387166882973899,0.0681407834175024,2026-02-28,791,ok,0.0005107062227176636,0.9366403186805612,0.2184177621941119,0.0070681649835968976,-0.013887638398854357,-0.08967417364084938
CMP020,FedEx Corporation,FDX,^GSPC,USD,NYSE,SECONDARY_INDIRECT,Transport & Logistics,False,2024-05-28,190.79937744140625,5306.0400390625,0.0018174033597124772,0.0002488018529340774,0.0015686015067783998,0.43588022882718236,0.3875120126647118,0.0697093849242808,2026-02-28,791,ok,0.0005107062227176636,0.9366403186805612,0.2184177621941119,0.000743744069538152,0.0010736592901743254,-0.08860051435067506
CMP020,FedEx Corporation,FDX,^GSPC,USD,NYSE,SECONDARY_INDIRECT,Transport & Logistics,False,2024-05-29,188.5455322265625,5266.9501953125,-0.011812644491127289,-0.007367046509680453,-0.004445597981446836,0.4189186861522083,0.3772901471346706,0.06526378694283397,2026-02-28,791,ok,0.0005107062227176636,0.9366403186805612,0.2184177621941119,-0.006389566567843952,-0.005423077923283337,-0.0940235922739584
CMP020,FedEx Corporation,FDX,^GSPC,USD,NYSE,SECONDARY_INDIRECT,Transport & Logistics,False,2024-05-30,191.9839782714844,5235.47998046875,0.01823668799953393,-0.005975035585443322,0.02421172358497725,0.4447950635282747,0.3690607894940605,0.08947551052781122,2026-02-28,791,ok,0.0005107062227176636,0.9366403186805612,0.2184177621941119,-0.005085753012159663,0.023322441011693593,-0.07070115126226481
CMP020,FedEx Corporation,FDX,^GSPC,USD,NYSE,SECONDARY_INDIRECT,Transport & Logistics,False,2024-05-31,195.3532257080078,5277.509765625,0.017549628186988464,0.00802787620486467,0.009521751982123794,0.47015067969959223,0.3800514400290531,0.09899726250993501,2026-02-28,791,ok,0.0005107062227176636,0.9366403186805612,0.2184177621941119,0.008029938749570203,0.009519689437418261,-0.06118146182484655
CMP020,FedEx Corporation,FDX,^GSPC,USD,NYSE,SECONDARY_INDIRECT,Transport & Logistics,False,2024-06-03,191.2455291748047,5283.39990234375,-0.021027021787410116,0.0011160825806737495,-0.022143104368083866,0.43923778932677315,0.38159169140170324,0.07685415814185115,2026-02-28,791,ok,0.0005107062227176636,0.9366403186805612,0.2184177621941119,0.0015560741667537475,-0.022583095954163863,-0.08376455777901042
CMP020,FedEx Corporation,FDX,^GSPC,USD,NYSE,SECONDARY_INDIRECT,Transport & Logistics,False,2024-06-04,189.1916961669922,5291.33984375,-0.010739247169199051,0.0015028090913065117,-0.012242056260505563,0.4237814589719413,0.3836679599560153,0.06461210188134558,2026-02-28,791,ok,0.0005107062227176636,0.9366403186805612,0.2184177621941119,0.0019182978089150393,-0.01265754497811409,-0.09642210275712451
CMP020,FedEx Corporation,FDX,^GSPC,USD,NYSE,SECONDARY_INDIRECT,Transport & Logistics,False,2024-06-05,190.8070831298828,5354.02978515625,0.008538360803450828,0.011847649793331305,-0.0033092889898804767,0.43593821877390737,0.40006117337582725,0.06130281289146511,2026-02-28,791,ok,0.0005107062227176636,0.9366403186805612,0.2184177621941119,0.011607692700759183,-0.003069331897308354,-0.09949143465443286
CMP020,FedEx Corporation,FDX,^GSPC,USD,NYSE,SECONDARY_INDIRECT,Transport & Logistics,False,2024-06-06,192.51475524902344,5352.9599609375,0.008949731273750539,-0.00019981663563317653,0.009149547909383715,0.44878947995764196,0.39978141786248256,0.07045236080084882,2026-02-28,791,ok,0.0005107062227176636,0.9366403186805612,0.2184177621941119,0.0003235499054405276,0.008626181368310011,-0.09086525328612285
CMP020,FedEx Corporation,FDX,^GSPC,USD,NYSE,SECONDARY_INDIRECT,Transport & Logistics,False,2024-06-07,190.56092834472656,5346.990234375,-0.010148972226931563,-0.0011152197300303701,-0.009033752496901193,0.4340857557628812,0.3982203540075524,0.06141860830394763,2026-02-28,791,ok,0.0005107062227176636,0.9366403186805612,0.2184177621941119,-0.0005338535406168316,-0.009615118686314731,-0.10048037197243759
CMP020,FedEx Corporation,FDX,^GSPC,USD,NYSE,SECONDARY_INDIRECT,Transport & Logistics,False,2024-06-10,195.16860961914065,5360.7900390625,0.02417956983332248,0.0025808546645145203,0.021598715168807958,0.4687613324413229,0.40182895753021186,0.08301732347275559,2026-02-28,791,ok,0.0005107062227176636,0.9366403186805612,0.2184177621941119,0.002928038758156757,0.02125153107516572,-0.07922884089727186
CMP020,FedEx Corporation,FDX,^GSPC,USD,NYSE,SECONDARY_INDIRECT,Transport & Logistics,False,2024-06-11,194.17630004882807,5375.31982421875,-0.005084370751264888,0.0027103813151374556,-0.007794752066402344,0.4612936052820693,0.40562844854372027,0.07522257140635324,2026-02-28,791,ok,0.0005107062227176636,0.9366403186805612,0.2184177621941119,0.0030493586414738483,-0.008133729392738737,-0.0873625702900106
CMP020,FedEx Corporation,FDX,^GSPC,USD,NYSE,SECONDARY_INDIRECT,Transport & Logistics,False,2024-06-12,191.23016357421875,5421.02978515625,-0.01517248229505086,0.008503672791998707,-0.023676155087049566,0.4391221539280561,0.4175814529372608,0.05154641631930368,2026-02-28,791,ok,0.0005107062227176636,0.9366403186805612,0.2184177621941119,0.00847558901657055,-0.02364807131162141,-0.11101064160163202
CMP020,FedEx Corporation,FDX,^GSPC,USD,NYSE,SECONDARY_INDIRECT,Transport & Logistics,False,2024-06-13,191.23016357421875,5433.740234375,0.0,0.0023446558536817097,-0.0023446558536817097,0.4391221539280561,0.4209051935889607,0.04920176046562197,2026-02-28,791,ok,0.0005107062227176636,0.9366403186805612,0.2184177621941119,0.0027068054287063435,-0.0027068054287063435,-0.11371744703033836
CMP020,FedEx Corporation,FDX,^GSPC,USD,NYSE,SECONDARY_INDIRECT,Transport & Logistics,False,2024-06-14,189.56089782714844,5431.60009765625,-0.008729092293133234,-0.000393860697500914,-0.00833523159563232,0.4265599238253255,0.42034555487833103,0.04086652886998965,2026-02-28,791,ok,0.0005107062227176636,0.9366403186805612,0.2184177621941119,0.00014180041349465944,-0.008870892706627893,-0.12258833973696626
CMP020,FedEx Corporation,FDX,^GSPC,USD,NYSE,SECONDARY_INDIRECT,Transport & Logistics,False,2024-06-17,192.3532257080078,5473.22998046875,0.014730505673198335,0.007664386564552705,0.00706611910864563,0.44757387287639183,0.4312316322661627,0.04793264797863528,2026-02-28,791,ok,0.0005107062227176636,0.9366403186805612,0.2184177621941119,0.007689479697031321,0.007041025976167015,-0.11554731376079924
CMP020,FedEx Corporation,FDX,^GSPC,USD,NYSE,SECONDARY_INDIRECT,Transport & Logistics,False,2024-06-18,190.83782958984372,5487.02978515625,-0.00787819446534499,0.0025213273947457537,-0.010399521860090744,0.4361696044029191,0.43484023578882214,0.037533126118544535,2026-02-28,791,ok,0.0005107062227176636,0.9366403186805612,0.2184177621941119,0.0028722831172303554,-0.010750477582575345,-0.1262977913433746
CMP020,FedEx Corporation,FDX,^GSPC,USD,NYSE,SECONDARY_INDIRECT,Transport & Logistics,False,2024-06-20,194.24554443359372,5473.169921875,0.01785660029289793,-0.0025259318472709014,0.02038253214016883,0.46181471098155136,0.4312159271414975,0.057915658258713365,2026-02-28,791,ok,0.0005107062227176636,0.9366403186805612,0.2184177621941119,-0.001855183387675532,0.01971178368057346,-0.10658600766280114
CMP020,FedEx Corporation,FDX,^GSPC,USD,NYSE,SECONDARY_INDIRECT,Transport & Logistics,False,2024-06-21,195.12245178222656,5464.6201171875,0.0045144270937582665,-0.001562130321101196,0.0060765574148594625,0.46841396691886095,0.42898018134566684,0.06399221567357283,2026-02-28,791,ok,0.0005107062227176636,0.9366403186805612,0.2184177621941119,-0.000952448019059128,0.005466875112817395,-0.10111913254998375
CMP020,FedEx Corporation,FDX,^GSPC,USD,NYSE,SECONDARY_INDIRECT,Transport & Logistics,False,2024-06-24,198.39407348632807,5447.8701171875,0.016767018219681518,-0.003065171894990004,0.019832190114671522,0.4930348906562243,0.4246001114553084,0.08382440578824435,2026-02-28,791,ok,0.0005107062227176636,0.9366403186805612,0.2184177621941119,-0.0023602573578164737,0.019127275577497993,-0.08199185697248576
CMP020,FedEx Corporation,FDX,^GSPC,USD,NYSE,SECONDARY_INDIRECT,Transport & Logistics,False,2024-06-25,198.2935485839844,5469.2998046875,-0.0005066930709025641,0.003933590015736899,-0.004440283086639463,0.492278380222513,0.43020390423014665,0.07938412270160489,2026-02-28,791,ok,0.0005107062227176636,0.9366403186805612,0.2184177621941119,0.004195065228616146,-0.0047017582995187105,-0.08669361527200448
CMP020,FedEx Corporation,FDX,^GSPC,USD,NYSE,SECONDARY_INDIRECT,Transport & Logistics,False,2024-06-26,229.0840301513672,5477.89990234375,0.15527727345270592,0.0015724312002203256,0.1537048422524856,0.7239952983358853,0.43245280147183496,0.23308896495409048,2026-02-28,791,ok,0.0005107062227176636,0.9366403186805612,0.2184177621941119,0.001983508683195287,0.15329376476951062,0.06660014949750614
CMP020,FedEx Corporation,FDX,^GSPC,USD,NYSE,SECONDARY_INDIRECT,Transport & Logistics,False,2024-06-27,228.5271453857422,5482.8701171875,-0.002430919192651926,0.0009073212238914774,-0.003338240416543403,0.7198044050771188,0.43375249630083323,0.22975072453754708,2026-02-28,791,ok,0.0005107062227176636,0.9366403186805612,0.2184177621941119,0.0013605398630090139,-0.00379145905566094,0.0628086904418452
CMP020,FedEx Corporation,FDX,^GSPC,USD,NYSE,SECONDARY_INDIRECT,Transport & Logistics,False,2024-06-28,231.9070587158203,5460.47998046875,0.014789986215304918,-0.004083652583445674,0.01887363879875059,0.7452402885212301,0.42789754921529255,0.24862436333629767,2026-02-28,791,ok,0.0005107062227176636,0.9366403186805612,0.2184177621941119,-0.0033142074344215894,0.018104193649726506,0.08091288409157171
CMP020,FedEx Corporation,FDX,^GSPC,USD,NYSE,SECONDARY_INDIRECT,Transport & Logistics,False,2024-07-01,231.0099029541016,5475.08984375,-0.003868600493174723,0.0026755639309195,-0.006544164424094223,0.7384886510803486,0.4317179803950213,0.24208019891220345,2026-02-28,791,ok,0.0005107062227176636,0.9366403186805612,0.2184177621941119,0.0030167472756243196,-0.006885347768799043,0.07402753632277267
CMP020,FedEx Corporation,FDX,^GSPC,USD,NYSE,SECONDARY_INDIRECT,Transport & Logistics,False,2024-07-02,230.65408325195312,5509.009765625,-0.0015402789992911003,0.006195317856513505,-0.007735596855804605,0.7358108935205836,0.44058792836445404,0.23434460205639884,2026-02-28,791,ok,0.0005107062227176636,0.9366403186805612,0.2184177621941119,0.006313490714169844,-0.007853769713460943,0.06617376660931173
CMP020,FedEx Corporation,FDX,^GSPC,USD,NYSE,SECONDARY_INDIRECT,Transport & Logistics,False,2024-07-03,227.16590881347656,5537.02001953125,-0.015122968513270552,0.005084444409779065,-0.020207412923049617,0.7095602800328797,0.44791251760362183,0.21413718913334923,2026-02-28,791,ok,0.0005107062227176636,0.9366403186805612,0.2184177621941119,0.005273001855006725,-0.020395970368277276,0.04577779624103446
CMP020,FedEx Corporation,FDX,^GSPC,USD,NYSE,SECONDARY_INDIRECT,Transport & Logistics,False,2024-07-05,227.3901824951172,5567.18994140625,0.0009872682164857594,0.005448765178485582,-0.004461496961999822,0.7112480745615226,0.4558018529110339,0.2096756921713494,2026-02-28,791,ok,0.0005107062227176636,0.9366403186805612,0.2184177621941119,0.005614239375909944,-0.0046269711594241845,0.041150825081610276
CMP020,FedEx Corporation,FDX,^GSPC,USD,NYSE,SECONDARY_INDIRECT,Transport & Logistics,False,2024-07-08,228.57354736328125,5572.85009765625,0.0052041159173152884,0.0010166989647510949,0.0041874169525641936,0.7201536079048234,0.4572819651477713,0.2138631091239136,2026-02-28,791,ok,0.0005107062227176636,0.9366403186805612,0.2184177621941119,0.0014629874650643258,0.0037411284522509626,0.04489195353386124
CMP020,FedEx Corporation,FDX,^GSPC,USD,NYSE,SECONDARY_INDIRECT,Transport & Logistics,False,2024-07-09,226.40794372558597,5576.97998046875,-0.009474428089674802,0.0007410719362856977,-0.0102155000259605,0.7038561362435345,0.45836191591539754,0.2036476090979531,2026-02-28,791,ok,0.0005107062227176636,0.9366403186805612,0.2184177621941119,0.0012048240772855202,-0.010679252166960322,0.03421270136690092
CMP020,FedEx Corporation,FDX,^GSPC,USD,NYSE,SECONDARY_INDIRECT,Transport & Logistics,False,2024-07-10,226.8256072998047,5633.91015625,0.0018447390464573221,0.010208065293514812,-0.00836332624705749,0.7069993061876088,0.47324896957463736,0.1952842828508956,2026-02-28,791,ok,0.0005107062227176636,0.9366403186805612,0.2184177621941119,0.010071991752347353,-0.008227252705890031,0.025985448661010886
CMP020,FedEx Corporation,FDX,^GSPC,USD,NYSE,SECONDARY_INDIRECT,Transport & Logistics,False,2024-07-11,231.675048828125,5584.5400390625,0.021379603414488413,-0.008763028841120457,0.03014263225560887,0.7434942743827067,0.4603388463641038,0.22542691510650448,2026-02-28,791,ok,0.0005107062227176636,0.9366403186805612,0.2184177621941119,-0.00769709990363635,0.029076703318124765,0.05506215197913565
CMP020,FedEx Corporation,FDX,^GSPC,USD,NYSE,SECONDARY_INDIRECT,Transport & Logistics,False,2024-07-12,231.2728576660156,5615.35009765625,-0.0017360141462958723,0.0055170270744306915,-0.007253041220726564,0.7404675436583925,0.46839557531733744,0.2181738738857779,2026-02-28,791,ok,0.0005107062227176636,0.9366403186805612,0.2184177621941119,0.00567817621988171,-0.007414190366177582,0.04764796161295807
CMP020,FedEx Corporation,FDX,^GSPC,USD,NYSE,SECONDARY_INDIRECT,Transport & Logistics,False,2024-07-15,235.9134979248047,5631.22021484375,0.0200656501831733,0.0028262026252154904,0.01723944755795781,0.7753911565446088,0.4725455587471541,0.23541332144373572,2026-02-28,791,ok,0.0005107062227176636,0.9366403186805612,0.2184177621941119,0.0031578415502553393,0.01690780863291796,0.06455577024587603
CMP020,FedEx Corporation,FDX,^GSPC,USD,NYSE,SECONDARY_INDIRECT,Transport & Logistics,False,2024-07-16,242.48768615722656,5667.2001953125,0.027866943986890158,0.006389375498743188,0.02147756848814697,0.8248658824588575,0.4819542052609962,0.2568908899318827,2026-02-28,791,ok,0.0005107062227176636,0.9366403186805612,0.2184177621941119,0.006495252926030253,0.021371691060859906,0.08592746130673592
CMP020,FedEx Corporation,FDX,^GSPC,USD,NYSE,SECONDARY_INDIRECT,Transport & Logistics,False,2024-07-17,240.09776306152344,5588.27001953125,-0.00985585343972284,-0.013927543241993745,0.004071689802270906,0.8068802717741925,0.4613142239845691,0.2609625797341536,2026-02-28,791,ok,0.0005107062227176636,0.9366403186805612,0.2184177621941119,-0.012534392317900654,0.0026785388781778146,0.08860600018491374
CMP020,FedEx Corporation,FDX,^GSPC,USD,NYSE,SECONDARY_INDIRECT,Transport & Logistics,False,2024-07-18,237.1509704589844,5544.58984375,-0.012273303028583094,-0.007816403936922511,-0.004456899091660582,0.7847038826623394,0.4498920017311352,0.256505680642493,2026-02-28,791,ok,0.0005107062227176636,0.9366403186805612,0.2184177621941119,-0.00681045285169743,-0.005462850176885663,0.08314315000802808
CMP020,FedEx Corporation,FDX,^GSPC,USD,NYSE,SECONDARY_INDIRECT,Transport & Logistics,False,2024-07-19,236.9112243652344,5505.0,-0.001010942916598645,-0.007140265531926926,0.006129322615328281,0.7828996489139357,0.43953938784615776,0.2626350032578213,2026-02-28,791,ok,0.0005107062227176636,0.9366403186805612,0.2184177621941119,-0.006177154360570199,0.005166211443971554,0.08830936145199964
CMP020,FedEx Corporation,FDX,^GSPC,USD,NYSE,SECONDARY_INDIRECT,Transport & Logistics,False,2024-07-22,237.77745056152344,5564.41015625,0.0036563324452438817,0.01079203564940956,-0.007135703204165678,0.7894185227468737,0.4550749482385228,0.2554993000536556,2026-02-28,791,ok,0.0005107062227176636,0.9366403186805612,0.2184177621941119,0.01061896193259261,-0.006962629487348729,0.0813467319646509
CMP020,FedEx Corporation,FDX,^GSPC,USD,NYSE,SECONDARY_INDIRECT,Transport & Logistics,False,2024-07-23,232.6495819091797,5555.740234375,-0.021565832421173825,-0.001558102589770738,-0.020007729831403087,0.7508282227539702,0.45280779219336176,0.23549157022225253,2026-02-28,791,ok,0.0005107062227176636,0.9366403186805612,0.2184177621941119,-0.0009486754835022081,-0.02061715693767162,0.06072957502697929
CMP020,FedEx Corporation,FDX,^GSPC,USD,NYSE,SECONDARY_INDIRECT,Transport & Logistics,False,2024-07-24,230.7005157470703,5427.1298828125,-0.008377690370706237,-0.02314909375473495,0.014771403384028714,0.7361603260114435,0.41917660840426807,0.25026297360628125,2026-02-28,791,ok,0.0005107062227176636,0.9366403186805612,0.2184177621941119,-0.02117166832888347,0.012793977958177234,0.07352355298515652
CMP020,FedEx Corporation,FDX,^GSPC,USD,NYSE,SECONDARY_INDIRECT,Transport & Logistics,False,2024-07-25,230.9402618408203,5399.22021484375,0.001039209179804601,-0.005142620237842288,0.006181829417646889,0.7379645597598472,0.41187832205681585,0.25644480302392814,2026-02-28,791,ok,0.0005107062227176636,0.9366403186805612,0.2184177621941119,-0.004306079235708041,0.005345288415512642,0.07886884140066916
CMP020,FedEx Corporation,FDX,^GSPC,USD,NYSE,SECONDARY_INDIRECT,Transport & Logistics,False,2024-07-26,232.1391143798828,5459.10009765625,0.005191180305705423,0.011090468702846357,-0.005899288397140934,0.7469866471544866,0.4275367143998141,0.2505455146267872,2026-02-28,791,ok,0.0005107062227176636,0.9366403186805612,0.2184177621941119,0.010898486362868465,-0.005707306057163042,0.07316153534350611
CMP020,FedEx Corporation,FDX,^GSPC,USD,NYSE,SECONDARY_INDIRECT,Transport & Logistics,False,2024-07-29,231.43528747558597,5463.5400390625,-0.003031918624213703,0.0008133101292933098,-0.003845228753507013,0.7416899258027263,0.42869774446957365,0.2467002858732802,2026-02-28,791,ok,0.0005107062227176636,0.9366403186805612,0.2184177621941119,0.001272485281405078,-0.004304403905618781,0.06885713143788733
CMP020,FedEx Corporation,FDX,^GSPC,USD,NYSE,SECONDARY_INDIRECT,Transport & Logistics,False,2024-07-30,232.71144104003903,5436.43994140625,0.00551408377854945,-0.004960171878030217,0.010474255656579667,0.7512937499698582,0.4216111580952504,0.25717454152985986,2026-02-28,791,ok,0.0005107062227176636,0.9366403186805612,0.2184177621941119,-0.004135190745830917,0.009649274524380368,0.0785064059622677
CMP020,FedEx Corporation,FDX,^GSPC,USD,NYSE,SECONDARY_INDIRECT,Transport & Logistics,False,2024-07-31,233.7710418701172,5522.2998046875,0.004553282061864117,0.0157933986591674,-0.011240116597303285,0.7592678843866507,0.4440632298533693,0.24593442493255657,2026-02-28,791,ok,0.0005107062227176636,0.9366403186805612,0.2184177621941119,0.015303440175889365,-0.010750158114025249,0.06775624784824245
CMP020,FedEx Corporation,FDX,^GSPC,USD,NYSE,SECONDARY_INDIRECT,Transport & Logistics,False,2024-08-01,230.3524475097656,5446.68017578125,-0.014623686205971431,-0.013693502993456064,-0.0009301832125153675,0.733540902893137,0.4242889456926324,0.2450042417200412,2026-02-28,791,ok,0.0005107062227176636,0.9366403186805612,0.2184177621941119,-0.012315180784926242,-0.002308505421045189,0.06544774242719727
CMP020,FedEx Corporation,FDX,^GSPC,USD,NYSE,SECONDARY_INDIRECT,Transport & Logistics,False,2024-08-02,226.07534790039065,5346.56005859375,-0.018567632580477,-0.018381860868696753,-0.0001857717117802471,0.701353152344989,0.3981078644560876,0.24481847000826096,2026-02-28,791,ok,0.0005107062227176636,0.9366403186805612,0.2184177621941119,-0.0167064857992802,-0.0018611467811967992,0.06358659564600047
CMP020,FedEx Corporation,FDX,^GSPC,USD,NYSE,SECONDARY_INDIRECT,Transport & Logistics,False,2024-08-05,218.95201110839844,5186.330078125,-0.03150868441936794,-0.02996879838863975,-0.001539886030728188,0.647745752781854,0.35620825174063153,0.24327858397753277,2026-02-28,791,ok,0.0005107062227176636,0.9366403186805612,0.2184177621941119,-0.02755927865049136,-0.003949405768876577,0.059637189877123895
CMP020,FedEx Corporation,FDX,^GSPC,USD,NYSE,SECONDARY_INDIRECT,Transport & Logistics,False,2024-08-06,220.99388122558597,5240.02978515625,0.00932565134638863,0.010354085880061037,-0.0010284345336724066,0.6631120551797902,0.3702505484504015,0.24225014944386036,2026-02-28,791,ok,0.0005107062227176636,0.9366403186805612,0.2184177621941119,0.010208760521063932,-0.000883109174675302,0.05875408070244859
CMP020,FedEx Corporation,FDX,^GSPC,USD,NYSE,SECONDARY_INDIRECT,Transport & Logistics,False,2024-08-07,215.1157684326172,5199.5,-0.026598531870520525,-0.007734647858502863,-0.018863884012017662,0.6188757161758436,0.3596521429802173,0.2233862654318427,2026-02-28,791,ok,0.0005107062227176636,0.9366403186805612,0.2184177621941119,-0.006733876812352379,-0.019864655058168146,0.03888942564428045
CMP020,FedEx Corporation,FDX,^GSPC,USD,NYSE,SECONDARY_INDIRECT,Transport & Logistics,False,2024-08-08,215.4947509765625,5319.31005859375,0.0017617608727926726,0.023042611519136447,-0.021280850646343774,0.6217277880705163,0.3909820791120717,0.20210541478549893,2026-02-28,791,ok,0.0005107062227176636,0.9366403186805612,0.2184177621941119,0.022093345219233996,-0.020331584346441323,0.018557841297839123
CMP020,FedEx Corporation,FDX,^GSPC,USD,NYSE,SECONDARY_INDIRECT,Transport & Logistics,False,2024-08-09,214.5589141845703,5344.16015625,-0.004342735903084538,0.004671676849538509,-0.009014412752623047,0.6146850525802325,0.3974802978891825,0.19309100203287588,2026-02-28,791,ok,0.0005107062227176636,0.9366403186805612,0.2184177621941119,0.004886387115842012,-0.00922912301892655,0.009328718278912573
CMP020,FedEx Corporation,FDX,^GSPC,USD,NYSE,SECONDARY_INDIRECT,Transport & Logistics,False,2024-08-12,215.90464782714844,5344.39013671875,0.006272093833493697,4.303397765514916e-05,0.006229059855838548,0.6248125087415555,0.39754043702509545,0.19932006188871443,2026-02-28,791,ok,0.0005107062227176636,0.9366403186805612,0.2184177621941119,0.0005510135812626746,0.0057210802522310224,0.015049798531143596
CMP020,FedEx Corporation,FDX,^GSPC,USD,NYSE,SECONDARY_INDIRECT,Transport & Logistics,False,2024-08-13,218.95974731445312,5434.43017578125,0.01415022565771995,0.016847579753558328,-0.002697354095838378,0.6478039723917346,0.4210856109966985,0.19662270779287605,2026-02-28,791,ok,0.0005107062227176636,0.9366403186805612,0.2184177621941119,0.016290828692086708,-0.0021406030343667573,0.012909195496776838
CMP020,FedEx Corporation,FDX,^GSPC,USD,NYSE,SECONDARY_INDIRECT,Transport & Logistics,False,2024-08-14,219.1376495361328,5455.2099609375,0.000812488248920884,0.0038237284285767004,-0.0030112401796558164,0.6491427937558281,0.4265194564469079,0.19361146761322023,2026-02-28,791,ok,0.0005107062227176636,0.9366403186805612,0.2184177621941119,0.0040921644366076655,-0.0032796761876867815,0.009629519309090057
CMP020,FedEx Corporation,FDX,^GSPC,USD,NYSE,SECONDARY_INDIRECT,Transport & Logistics,False,2024-08-15,219.7950897216797,5543.22021484375,0.0030001242914603488,0.016133247764330783,-0.013133123472870434,0.6540904271114618,0.44953384827840437,0.1804783441403498,2026-02-28,791,ok,0.0005107062227176636,0.9366403186805612,0.2184177621941119,0.0156217565500529,-0.01262163225859255,-0.002992112949502494
CMP020,FedEx Corporation,FDX,^GSPC,USD,NYSE,SECONDARY_INDIRECT,Transport & Logistics,False,2024-08-16,220.7386779785156,5554.25,0.0042930361093631575,0.001989779357261412,0.0023032567521017455,0.6611914970432033,0.45241810080736045,0.18278160089245155,2026-02-28,791,ok,0.0005107062227176636,0.9366403186805612,0.2184177621941119,0.002374413794006995,0.0019186223153561627,-0.0010734906341463312
CMP020,FedEx Corporation,FDX,^GSPC,USD,NYSE,SECONDARY_INDIRECT,Transport & Logistics,False,2024-08-19,223.07444763183597,5608.25,0.010581605700962449,0.009722284736913167,0.0008593209640492816,0.678769570458706,0.4665389231404562,0.18364092185650083,2026-02-28,791,ok,0.0005107062227176636,0.9366403186805612,0.2184177621941119,0.009616990097003168,0.0009646156039592804,-0.0001088750301870508
CMP020,FedEx Corporation,FDX,^GSPC,USD,NYSE,SECONDARY_INDIRECT,Transport & Logistics,False,2024-08-20,223.08987426757807,5597.1201171875,6.915465175816315e-05,-0.0019845553982971165,0.0020537100500552796,0.6788856651837334,0.46362849540372486,0.1856946319065561,2026-02-28,791,ok,0.0005107062227176636,0.9366403186805612,0.2184177621941119,-0.0013481083779825756,0.0014172630297407387,0.001308387999553688
CMP020,FedEx Corporation,FDX,^GSPC,USD,NYSE,SECONDARY_INDIRECT,Transport & Logistics,False,2024-08-21,225.4720916748047,5620.85009765625,0.01067828566871376,0.004239676828782013,0.006438608839931748,0.6968132859216738,0.46983380722163304,0.19213324074648785,2026-02-28,791,ok,0.0005107062227176636,0.9366403186805612,0.2184177621941119,0.004481758478730639,0.0061965271899831215,0.007504915189536809
CMP020,FedEx Corporation,FDX,^GSPC,USD,NYSE,SECONDARY_INDIRECT,Transport & Logistics,False,2024-08-22,227.60678100585935,5570.64013671875,0.009467643268832981,-0.008932805548120926,0.018400448816953907,0.7128781088065965,0.456704067633668,0.21053368956344176,2026-02-28,791,ok,0.0005107062227176636,0.9366403186805612,0.2184177621941119,-0.007856119612585805,0.017323762881418785,0.024828678070955595
CMP020,FedEx Corporation,FDX,^GSPC,USD,NYSE,SECONDARY_INDIRECT,Transport & Logistics,False,2024-08-23,229.84971618652344,5634.60986328125,0.00985443039417322,0.01148337085011919,-0.0016289404559459708,0.7297575469035342,0.47343194066118244,0.2089047491074958,2026-02-28,791,ok,0.0005107062227176636,0.9366403186805612,0.2184177621941119,0.01126649435530037,-0.00141206396112715,0.023416614109828447
CMP020,FedEx Corporation,FDX,^GSPC,USD,NYSE,SECONDARY_INDIRECT,Transport & Logistics,False,2024-08-26,229.8961639404297,5616.83984375,0.0002020787959926551,-0.0031537266931381813,0.0033558054891308364,0.7301070942259718,0.4687851390193969,0.21226055459662663,2026-02-28,791,ok,0.0005107062227176636,0.9366403186805612,0.2184177621941119,-0.0024432013521746747,0.00264528014816733,0.026061894257995776
CMP020,FedEx Corporation,FDX,^GSPC,USD,NYSE,SECONDARY_INDIRECT,Transport & Logistics,False,2024-08-27,228.08628845214844,5625.7998046875,-0.007872578025052257,0.0015951960865450143,-0.009467774111597271,0.7164866911349814,0.4711281393251361,0.20279278048502936,2026-02-28,791,ok,0.0005107062227176636,0.9366403186805612,0.2184177621941119,0.0020048311935771702,-0.009877409218629427,0.01618448503936635
CMP020,FedEx Corporation,FDX,^GSPC,USD,NYSE,SECONDARY_INDIRECT,Transport & Logistics,False,2024-08-28,229.0376434326172,5592.18017578125,0.004171031002893288,-0.00597597320797616,0.010147004210869448,0.7236462103397592,0.46233671697902934,0.2129397846958988,2026-02-28,791,ok,0.0005107062227176636,0.9366403186805612,0.2184177621941119,-0.0050866312272276224,0.009257662230120912,0.02544214726948726
CMP020,FedEx Corporation,FDX,^GSPC,USD,NYSE,SECONDARY_INDIRECT,Transport & Logistics,False,2024-08-29,229.13043212890625,5591.9599609375,0.00040512421844041135,-3.937906806072977e-05,0.0004445032865011411,0.724344501163591,0.4622791315219237,0.21338428798239994,2026-02-28,791,ok,0.0005107062227176636,0.9366403186805612,0.2184177621941119,0.0004738221998599182,-6.869798141950686e-05,0.025373449288067753
CMP020,FedEx Corporation,FDX,^GSPC,USD,NYSE,SECONDARY_INDIRECT,Transport & Logistics,False,2024-08-30,231.0794982910156,5648.39990234375,0.008506360957818204,0.010093051774424433,-0.0015866908166062288,0.7390123979061174,0.4770379905050348,0.21179759716579372,2026-02-28,791,ok,0.0005107062227176636,0.9366403186805612,0.2184177621941119,0.009964265453173969,-0.0014579044953557645,0.02391554479271199
CMP020,FedEx Corporation,FDX,^GSPC,USD,NYSE,SECONDARY_INDIRECT,Transport & Logistics,False,2024-09-03,226.98800659179688,5528.93017578125,-0.017705991788445008,-0.02115107439771169,0.003445082609266681,0.7082214586687876,0.44579705007961623,0.2152426797750604,2026-02-28,791,ok,0.0005107062227176636,0.9366403186805612,0.2184177621941119,-0.01930024284159127,0.001594251053146263,0.025509795845858253
CMP020,FedEx Corporation,FDX,^GSPC,USD,NYSE,SECONDARY_INDIRECT,Transport & Logistics,False,2024-09-04,226.49302673339844,5520.06982421875,-0.0021806432235363937,-0.0016025435809103872,-0.0005780996426260065,0.7044964371206421,0.443480097297712,0.2146645801324344,2026-02-28,791,ok,0.0005107062227176636,0.9366403186805612,0.2184177621941119,-0.0009903007076057292,-0.0011903425159306646,0.02431945332992759
CMP020,FedEx Corporation,FDX,^GSPC,USD,NYSE,SECONDARY_INDIRECT,Transport & Logistics,False,2024-09-05,220.66905212402344,5503.41015625,-0.025713703831731216,-0.003018017615584734,-0.022695686216146482,0.6606675205542809,0.4391236489363215,0.1919688939162879,2026-02-28,791,ok,0.0005107062227176636,0.9366403186805612,0.2184177621941119,-0.002316090758527169,-0.023397613073204048,0.0009218402567235419
CMP020,FedEx Corporation,FDX,^GSPC,USD,NYSE,SECONDARY_INDIRECT,Transport & Logistics,False,2024-09-06,218.913330078125,5408.419921875,-0.007956358306699274,-0.01726024985928465,0.009303891552585375,0.6474546547324531,0.4142840151772751,0.20127278546887328,2026-02-28,791,ok,0.0005107062227176636,0.9366403186805612,0.2184177621941119,-0.01565593970598882,0.007699581399289546,0.008621421656013088
CMP020,FedEx Corporation,FDX,^GSPC,USD,NYSE,SECONDARY_INDIRECT,Transport & Logistics,False,2024-09-09,220.18800354003903,5471.0498046875,0.005822731130439296,0.0115800702824842,-0.005757339152044905,0.6570473402365509,0.4306615234724218,0.19551544631682838,2026-02-28,791,ok,0.0005107062227176636,0.9366403186805612,0.2184177621941119,0.011357066942446961,-0.005534335812007666,0.0030870858440054227
CMP020,FedEx Corporation,FDX,^GSPC,USD,NYSE,SECONDARY_INDIRECT,Transport & Logistics,False,2024-09-10,220.61546325683597,5495.52001953125,0.0019413397184429027,0.004472672652839682,-0.0025313329343967794,0.6602642320534922,0.4370604041439268,0.1929841133824316,2026-02-28,791,ok,0.0005107062227176636,0.9366403186805612,0.2184177621941119,0.004699991761627254,-0.0027586520431843514,0.0003284338008210713
CMP020,FedEx Corporation,FDX,^GSPC,USD,NYSE,SECONDARY_INDIRECT,Transport & Logistics,False,2024-09-11,221.4004821777344,5554.1298828125,0.003558313226596166,0.010665025888896507,-0.007106712662300341,0.6661719722300525,0.4523866905580298,0.18587740072013126,2026-02-28,791,ok,0.0005107062227176636,0.9366403186805612,0.2184177621941119,0.010499999470030122,-0.006941686243433956,-0.006613252442612885
CMP020,FedEx Corporation,FDX,^GSPC,USD,NYSE,SECONDARY_INDIRECT,Transport & Logistics,False,2024-09-12,222.28651428222656,5595.759765625,0.0040019429758100244,0.007495302358939249,-0.0034933593831292242,0.6728398974508101,0.4632727679458615,0.18238404133700203,2026-02-28,791,ok,0.0005107062227176636,0.9366403186805612,0.2184177621941119,0.007531108612801683,-0.003529165636991659,-0.010142418079604544
CMP020,FedEx Corporation,FDX,^GSPC,USD,NYSE,SECONDARY_INDIRECT,Transport & Logistics,False,2024-09-13,222.5818634033203,5626.02001953125,0.00132868663691732,0.005407711405364557,-0.004079024768447237,0.675062577468255,0.47118572478224174,0.1783050165685548,2026-02-28,791,ok,0.0005107062227176636,0.9366403186805612,0.2184177621941119,0.0055757867567708275,-0.0042471001198535075,-0.014389518199458051
CMP020,FedEx Corporation,FDX,^GSPC,USD,NYSE,SECONDARY_INDIRECT,Transport & Logistics,False,2024-09-16,227.43951416015625,5633.08984375,0.021824108588909708,0.0012566297656613212,0.020567478823248386,0.7116193250521412,0.4730344605548191,0.19887249539180318,2026-02-28,791,ok,0.0005107062227176636,0.9366403186805612,0.2184177621941119,0.0016877163268901624,0.020136392262019544,0.005746874062561493
CMP020,FedEx Corporation,FDX,^GSPC,USD,NYSE,SECONDARY_INDIRECT,Transport & Logistics,False,2024-09-17,231.1002349853516,5634.580078125,0.016095359852982938,0.00026455008109871336,0.015830809771884224,0.7391684540201753,0.47342415194082,0.2147033051636874,2026-02-28,791,ok,0.0005107062227176636,0.9366403186805612,0.2184177621941119,0.0007584944949849308,0.015336865357998008,0.0210837394205595
CMP020,FedEx Corporation,FDX,^GSPC,USD,NYSE,SECONDARY_INDIRECT,Transport & Logistics,False,2024-09-18,231.7453765869141,5618.259765625,0.0027916094572704164,-0.002896455862498093,0.005688065319768509,0.7440235331242044,0.4691564439179847,0.22039137048345592,2026-02-28,791,ok,0.0005107062227176636,0.9366403186805612,0.2184177621941119,-0.0022022311193767297,0.004993840576647146,0.026077579997206647
CMP020,FedEx Corporation,FDX,^GSPC,USD,NYSE,SECONDARY_INDIRECT,Transport & Logistics,False,2024-09-19,233.4707794189453,5713.64013671875,0.0074452524466399606,0.01697685316676334,-0.009531600720123379,0.757008228601195,0.49409809714538455,0.21085976976333254,2026-02-28,791,ok,0.0005107062227176636,0.9366403186805612,0.2184177621941119,0.01641191138302797,-0.008966658936388011,0.017110921060818636
CMP020,FedEx Corporation,FDX,^GSPC,USD,NYSE,SECONDARY_INDIRECT,Transport & Logistics,False,2024-09-20,197.91270446777344,5702.5498046875,-0.1523020355680813,-0.0019410273951238066,-0.1503610081729575,0.4894122988753642,0.49119801180782297,0.06049876159037504,2026-02-28,791,ok,0.0005107062227176636,0.9366403186805612,0.2184177621941119,-0.001307338295218798,-0.15099469727286252,-0.1338837762120439
CMP020,FedEx Corporation,FDX,^GSPC,USD,NYSE,SECONDARY_INDIRECT,Transport & Logistics,False,2024-09-23,201.13821411132807,5718.56982421875,0.016297638154299632,0.0028092730585327352,0.013488365095766897,0.5136862015849986,0.49538719420733224,0.07398712668614194,2026-02-28,791,ok,0.0005107062227176636,0.9366403186805612,0.2184177621941119,0.0031419846355224797,0.013155653518777153,-0.12072812269326674
CMP020,FedEx Corporation,FDX,^GSPC,USD,NYSE,SECONDARY_INDIRECT,Transport & Logistics,False,2024-09-24,207.62026977539065,5732.93017578125,0.03222687291274662,0.0025111788443470395,0.02971569406839958,0.5624675744332566,0.4991423788935332,0.10370282075454151,2026-02-28,791,ok,0.0005107062227176636,0.9366403186805612,0.2184177621941119,0.002862777575750758,0.02936409533699586,-0.09136402735627089
CMP020,FedEx Corporation,FDX,^GSPC,USD,NYSE,SECONDARY_INDIRECT,Transport & Logistics,False,2024-09-25,205.00880432128903,5722.259765625,-0.012578085255966487,-0.0018612489301417234,-0.010716836325824763,0.542814724072352,0.49635210174468747,0.09298598442871675,2026-02-28,791,ok,0.0005107062227176636,0.9366403186805612,0.2184177621941119,-0.0012326145683541339,-0.011345470687612352,-0.10270949804388324
CMP020,FedEx Corporation,FDX,^GSPC,USD,NYSE,SECONDARY_INDIRECT,Transport & Logistics,False,2024-09-26,206.9984893798828,5745.3701171875,0.009705363948543155,0.00403867571712313,0.005666688231420025,0.5577883024746453,0.5023953826422698,0.09865267266013678,2026-02-28,791,ok,0.0005107062227176636,0.9366403186805612,0.2184177621941119,0.0042934927334513165,0.005411871215091839,-0.0972976268287914
CMP020,FedEx Corporation,FDX,^GSPC,USD,NYSE,SECONDARY_INDIRECT,Transport & Logistics,False,2024-09-27,207.94671630859372,5738.169921875,0.0045808398484046275,-0.0012532169669905446,0.005834056815395172,0.5649242812059998,0.5005125552576142,0.10448672947553195,2026-02-28,791,ok,0.0005107062227176636,0.9366403186805612,0.2184177621941119,-0.0006631073166202465,0.0052439471650248745,-0.09205367966376651
CMP020,FedEx Corporation,FDX,^GSPC,USD,NYSE,SECONDARY_INDIRECT,Transport & Logistics,False,2024-09-30,212.71109008789065,5762.47998046875,0.02291151244834566,0.004236552581176722,0.01867495986716894,0.6007790633555694,0.5068695555966789,0.12316168934270089,2026-02-28,791,ok,0.0005107062227176636,0.9366403186805612,0.2184177621941119,0.004478832182457983,0.01843268026588768,-0.07362099939787883
CMP020,FedEx Corporation,FDX,^GSPC,USD,NYSE,SECONDARY_INDIRECT,Transport & Logistics,False,2024-10-01,209.50889587402344,5708.75,-0.015054194929583042,-0.009324107094664358,-0.0057300878349186846,0.5766806232966193,0.49281934248260617,0.1174316015077822,2026-02-28,791,ok,0.0005107062227176636,0.9366403186805612,0.2184177621941119,-0.008222628417840442,-0.0068315665117426,-0.08045256590962144
CMP020,FedEx Corporation,FDX,^GSPC,USD,NYSE,SECONDARY_INDIRECT,Transport & Logistics,False,2024-10-02,207.46481323242188,5709.5400390625,-0.009756543430168518,0.00013839090212397487,-0.009894934332292493,0.5612976703199206,0.49302593509812054,0.10753666717548971,2026-02-28,791,ok,0.0005107062227176636,0.9366403186805612,0.2184177621941119,0.0006403287213855538,-0.010396872151554073,-0.09084943806117551
CMP020,FedEx Corporation,FDX,^GSPC,USD,NYSE,SECONDARY_INDIRECT,Transport & Logistics,False,2024-10-03,203.69525146484372,5699.93994140625,-0.018169643848738537,-0.001681413492255035,-0.016488230356483502,0.5329294477083424,0.4905155411465598,0.0910484368190062,2026-02-28,791,ok,0.0005107062227176636,0.9366403186805612,0.2184177621941119,-0.0010641734465018876,-0.017105470402236648,-0.10795490846341216
CMP020,FedEx Corporation,FDX,^GSPC,USD,NYSE,SECONDARY_INDIRECT,Transport & Logistics,False,2024-10-04,202.7315216064453,5751.06982421875,-0.004731233798863199,0.008970249395274354,-0.013701483194137554,0.5256768000940719,0.5038858372781767,0.07734695362486865,2026-02-28,791,ok,0.0005107062227176636,0.9366403186805612,0.2184177621941119,0.008912603474951547,-0.013643837273814746,-0.1215987457372269
CMP020,FedEx Corporation,FDX,^GSPC,USD,NYSE,SECONDARY_INDIRECT,Transport & Logistics,False,2024-10-07,202.46725463867188,5695.93994140625,-0.0013035317136643743,-0.009586022165882668,0.008282490452218294,0.5236880320003474,0.48946955430707106,0.08562944407708695,2026-02-28,791,ok,0.0005107062227176636,0.9366403186805612,0.2184177621941119,-0.008467948633613602,0.007164416919949228,-0.11443432881727766
CMP020,FedEx Corporation,FDX,^GSPC,USD,NYSE,SECONDARY_INDIRECT,Transport & Logistics,False,2024-10-08,203.166748046875,5751.1298828125,0.003454847103308012,0.009689347495581924,-0.006234500392273912,0.528952141184049,0.5039015424028419,0.07939494368481304,2026-02-28,791,ok,0.0005107062227176636,0.9366403186805612,0.2184177621941119,0.009586139748786214,-0.006131292645478202,-0.12056562146275587
CMP020,FedEx Corporation,FDX,^GSPC,USD,NYSE,SECONDARY_INDIRECT,Transport & Logistics,False,2024-10-09,205.6849670410156,5792.0400390625,0.012394838320489265,0.007113411987488272,0.005281426333000994,0.5479032557737911,0.5145994136625724,0.08467637001781403,2026-02-28,791,ok,0.0005107062227176636,0.9366403186805612,0.2184177621941119,0.007173414693584803,0.005221423626904463,-0.11534419783585141
CMP020,FedEx Corporation,FDX,^GSPC,USD,NYSE,SECONDARY_INDIRECT,Transport & Logistics,False,2024-10-10,205.39739990234372,5780.0498046875,-0.001398095071355021,-0.002070122839989974,0.000672027768634953,0.5457391398609592,0.5114640068229142,0.08534839778644898,2026-02-28,791,ok,0.0005107062227176636,0.9366403186805612,0.2184177621941119,-0.0014282542938384541,3.0159222483433024e-05,-0.11531403861336798
CMP020,FedEx Corporation,FDX,^GSPC,USD,NYSE,SECONDARY_INDIRECT,Transport & Logistics,False,2024-10-11,205.46734619140625,5815.02978515625,0.0003405412585348877,0.006051847587953629,-0.005711306329418742,0.5462655278130142,0.5206111566268841,0.07963709145703024,2026-02-28,791,ok,0.0005107062227176636,0.9366403186805612,0.2184177621941119,0.006179110676104736,-0.0058385694175698485,-0.12115260803093783
CMP020,FedEx Corporation,FDX,^GSPC,USD,NYSE,SECONDARY_INDIRECT,Transport & Logistics,False,2024-10-14,207.86898803710935,5859.85009765625,0.011688678956634835,0.0077076668832223305,0.003981012073412504,0.5643393291493319,0.5323315208810755,0.08361810353044274,2026-02-28,791,ok,0.0005107062227176636,0.9366403186805612,0.2184177621941119,0.007730017788502635,0.0039586611681322,-0.11719394686280563
CMP020,FedEx Corporation,FDX,^GSPC,USD,NYSE,SECONDARY_INDIRECT,Transport & Logistics,False,2024-10-15,206.67979431152344,5815.259765625,-0.005720880910689785,-0.007609466332438197,0.0018885854217484122,0.5553899301433602,0.520671295762797,0.08550668895219116,2026-02-28,791,ok,0.0005107062227176636,0.9366403186805612,0.2184177621941119,-0.006616626747886251,0.0008957458371964657,-0.11629820102560916
CMP020,FedEx Corporation,FDX,^GSPC,USD,NYSE,SECONDARY_INDIRECT,Transport & Logistics,False,2024-10-16,211.24989318847656,5842.47021484375,0.022111977090826462,0.004679145956573816,0.017432831134252647,0.5897826766459924,0.5277867387076434,0.1029395200864438,2026-02-28,791,ok,0.0005107062227176636,0.9366403186805612,0.2184177621941119,0.004893382982635822,0.01721859410819064,-0.09907960691741852
CMP020,FedEx Corporation,FDX,^GSPC,USD,NYSE,SECONDARY_INDIRECT,Transport & Logistics,False,2024-10-17,213.16189575195312,5841.47021484375,0.009050904285053063,-0.00017116047891174713,0.00922206476396481,0.6041716474863508,0.5275252419977712,0.11216158485040861,2026-02-28,791,ok,0.0005107062227176636,0.9366403186805612,0.2184177621941119,0.00035039041720424734,0.008700513867848815,-0.0903790930495697
CMP020,FedEx Corporation,FDX,^GSPC,USD,NYSE,SECONDARY_INDIRECT,Transport & Logistics,False,2024-10-18,213.2706756591797,5864.669921875,0.0005103159119637102,0.00397155273894878,-0.00346123682698507,0.6049902818035842,0.5335918890564408,0.10870034802342354,2026-02-28,791,ok,0.0005107062227176636,0.9366403186805612,0.2184177621941119,0.004230622645783305,-0.003720306733819595,-0.0940993997833893
CMP020,FedEx Corporation,FDX,^GSPC,USD,NYSE,SECONDARY_INDIRECT,Transport & Logistics,False,2024-10-21,208.92599487304688,5853.97998046875,-0.02037167450566857,-0.0018227694906369774,-0.01854890501503159,0.5722939421979203,0.5307965045499805,0.09015144300839195,2026-02-28,791,ok,0.0005107062227176636,0.9366403186805612,0.2184177621941119,-0.001196573173873759,-0.01917510133179481,-0.11327450111518411
CMP020,FedEx Corporation,FDX,^GSPC,USD,NYSE,SECONDARY_INDIRECT,Transport & Logistics,False,2024-10-22,209.68768310546875,5851.2001953125,0.0036457322263068193,-0.0004748538883844189,0.004120586114691238,0.5780261048922182,0.5300695998774696,0.09427202912308319,2026-02-28,791,ok,0.0005107062227176636,0.9366403186805612,0.2184177621941119,6.593892537457789e-05,0.0035797933009322413,-0.10969470781425188
CMP020,FedEx Corporation,FDX,^GSPC,USD,NYSE,SECONDARY_INDIRECT,Transport & Logistics,False,2024-10-23,208.3352813720703,5797.419921875,-0.006449600250092891,-0.009191323428069387,0.002741723177976496,0.5678484673314521,0.516006235317539,0.09701375230105969,2026-02-28,791,ok,0.0005107062227176636,0.9366403186805612,0.2184177621941119,-0.008098257882045354,0.0016486576319524639,-0.10804605018229942
CMP020,FedEx Corporation,FDX,^GSPC,USD,NYSE,SECONDARY_INDIRECT,Transport & Logistics,False,2024-10-24,212.08155822753903,5809.85986328125,0.017981960764380522,0.002145772011323821,0.0158361887530567,0.5960414569555004,0.5192592390662758,0.11284994105411639,2026-02-28,791,ok,0.0005107062227176636,0.9366403186805612,0.2184177621941119,0.002520522803219836,0.015461437961160687,-0.09258461222113873
CMP020,FedEx Corporation,FDX,^GSPC,USD,NYSE,SECONDARY_INDIRECT,Transport & Logistics,False,2024-10-25,211.4986267089844,5808.1201171875,-0.0027486195566764904,-0.00029944716993013376,-0.0024491723867463566,0.591654546193646,0.5188043011867471,0.11040076866737003,2026-02-28,791,ok,0.0005107062227176636,0.9366403186805612,0.2184177621941119,0.00023023193004631097,-0.002978851486722801,-0.09556346370786153
CMP020,FedEx Corporation,FDX,^GSPC,USD,NYSE,SECONDARY_INDIRECT,Transport & Logistics,False,2024-10-28,214.0867919921875,5823.52001953125,0.012237267558074194,0.0026514435020339455,0.009585824056040249,0.6111320487354428,0.52283132498199,0.11998659272341028,2026-02-28,791,ok,0.0005107062227176636,0.9366403186805612,0.2184177621941119,0.0029941551094262416,0.009243112448647953,-0.08632035125921358
CMP020,FedEx Corporation,FDX,^GSPC,USD,NYSE,SECONDARY_INDIRECT,Transport & Logistics,False,2024-10-29,213.76812744140625,5832.919921875,-0.0014884830017578565,0.001614127248163344,-0.0031026102499212005,0.6087339060673127,0.5252893685180002,0.11688398247348908,2026-02-28,791,ok,0.0005107062227176636,0.9366403186805612,0.2184177621941119,0.0020225628828283554,-0.003511045884586212,-0.0898313971437998
CMP020,FedEx Corporation,FDX,^GSPC,USD,NYSE,SECONDARY_INDIRECT,Transport & Logistics,False,2024-10-30,213.02197265625,5813.669921875,-0.0034904866038122373,-0.003300233889343751,-0.00019025271446848624,0.6031186419190862,0.5202555568529614,0.11669372975902059,2026-02-28,791,ok,0.0005107062227176636,0.9366403186805612,0.2184177621941119,-0.0025804258991176552,-0.0009100607046945821,-0.09074145784849438
CMP020,FedEx Corporation,FDX,^GSPC,USD,NYSE,SECONDARY_INDIRECT,Transport & Logistics,False,2024-10-31,212.84320068359372,5705.4501953125,-0.0008392184638378319,-0.018614700871699585,0.017775482407861753,0.6017732751550651,0.4919564544136046,0.13446921216688235,2026-02-28,791,ok,0.0005107062227176636,0.9366403186805612,0.2184177621941119,-0.016924573133894356,0.016085354670056524,-0.07465610317843786
CMP020,FedEx Corporation,FDX,^GSPC,USD,NYSE,SECONDARY_INDIRECT,Transport & Logistics,False,2024-11-01,213.23182678222656,5728.7998046875,0.0018258797903090151,0.004092509543626166,-0.002266629753317151,0.6046979206068277,0.49806230044196687,0.1322025824135652,2026-02-28,791,ok,0.0005107062227176636,0.9366403186805612,0.2184177621941119,0.004343915665862914,-0.0025180358755538985,-0.07717413905399176
CMP020,FedEx Corporation,FDX,^GSPC,USD,NYSE,SECONDARY_INDIRECT,Transport & Logistics,False,2024-11-04,210.7680206298828,5712.68994140625,-0.011554589150802652,-0.002812083478299976,-0.008742505672502676,0.5861562954230686,0.49384962419742995,0.12346007674106252,2026-02-28,791,ok,0.0005107062227176636,0.9366403186805612,0.2184177621941119,-0.0021232045425535672,-0.009431384608249084,-0.08660552366224084
CMP020,FedEx Corporation,FDX,^GSPC,USD,NYSE,SECONDARY_INDIRECT,Transport & Logistics,False,2024-11-05,214.06349182128903,5782.759765625,0.015635537030511903,0.012265644545291332,0.0033698924852205714,0.6109567009163355,0.5121726526919526,0.1268299692262831,2026-02-28,791,ok,0.0005107062227176636,0.9366403186805612,0.2184177621941119,0.011999203438441824,0.003636333592070079,-0.08296919007017076
CMP020,FedEx Corporation,FDX,^GSPC,USD,NYSE,SECONDARY_INDIRECT,Transport & Logistics,False,2024-11-06,217.66978454589844,5929.0400390625,0.016846836861000636,0.025295927786425976,-0.00844909092542534,0.6380962256468088,0.5504244629150563,0.11838087830085775,2026-02-28,791,ok,0.0005107062227176636,0.9366403186805612,0.2184177621941119,0.024203892085916154,-0.007357055224915518,-0.09032624529508627
CMP020,FedEx Corporation,FDX,^GSPC,USD,NYSE,SECONDARY_INDIRECT,Transport & Logistics,False,2024-11-07,220.11805725097656,5973.10009765625,0.011247646108465181,0.007431229727488331,0.0038164163809768503,0.6565209522844966,0.5619460232740958,0.1221972946818346,2026-02-28,791,ok,0.0005107062227176636,0.9366403186805612,0.2184177621941119,0.007471095602860794,0.0037765505056043874,-0.08654969478948189
CMP020,FedEx Corporation,FDX,^GSPC,USD,NYSE,SECONDARY_INDIRECT,Transport & Logistics,False,2024-11-08,222.50413513183597,5995.5400390625,0.010839991551164774,0.0037568333092317108,0.007083158241933063,0.6744776254115878,0.5678139941215539,0.12928045292376766,2026-02-28,791,ok,0.0005107062227176636,0.9366403186805612,0.2184177621941119,0.0040295077707062,0.006810483780458574,-0.07973921100902331
CMP020,FedEx Corporation,FDX,^GSPC,USD,NYSE,SECONDARY_INDIRECT,Transport & Logistics,False,2024-11-11,225.232177734375,6001.35009765625,0.012260637767125715,0.0009690634297987444,0.01129157433732697,0.6950077890259161,0.5693333053279839,0.14057202726109463,2026-02-28,791,ok,0.0005107062227176636,0.9366403186805612,0.2184177621941119,0.0014183701024260372,0.010842267664699678,-0.06889694334432364
CMP020,FedEx Corporation,FDX,^GSPC,USD,NYSE,SECONDARY_INDIRECT,Transport & Logistics,False,2024-11-12,223.27359008789065,5983.990234375,-0.008695860716643189,-0.00289265965137242,-0.005803201065270769,0.6802682373789215,0.5647937581961067,0.13476882619582387,2026-02-28,791,ok,0.0005107062227176636,0.9366403186805612,0.2184177621941119,-0.002198675434978201,-0.006497185281664988,-0.07539412862598863
CMP020,FedEx Corporation,FDX,^GSPC,USD,NYSE,SECONDARY_INDIRECT,Transport & Logistics,False,2024-11-13,226.8643798828125,5985.3798828125,0.01608246543403702,0.00023222772482434095,0.015850237709212678,0.7072910932264782,0.565157146690392,0.15061906390503654,2026-02-28,791,ok,0.0005107062227176636,0.9366403186805612,0.2184177621941119,0.000728220072903596,0.015354245361133423,-0.0600398832648552
CMP020,FedEx Corporation,FDX,^GSPC,USD,NYSE,SECONDARY_INDIRECT,Transport & Logistics,False,2024-11-14,227.17526245117188,5949.169921875,0.0013703454395086467,-0.006049734794859041,0.0074200802343676875,0.709630671789995,0.5556883610406369,0.15803914413940423,2026-02-28,791,ok,0.0005107062227176636,0.9366403186805612,0.2184177621941119,-0.005155719303471988,0.006526064742980634,-0.05351381852187457
CMP020,FedEx Corporation,FDX,^GSPC,USD,NYSE,SECONDARY_INDIRECT,Transport & Logistics,False,2024-11-15,228.86183166503903,5870.6201171875,0.007424088325768574,-0.013203489851361216,0.02062757817712979,0.7223231209018068,0.5351478455537562,0.17866672231653402,2026-02-28,791,ok,0.0005107062227176636,0.9366403186805612,0.2184177621941119,-0.011856214719356863,0.019280303045125437,-0.03423351547674913
CMP020,FedEx Corporation,FDX,^GSPC,USD,NYSE,SECONDARY_INDIRECT,Transport & Logistics,False,2024-11-18,229.4447479248047,5893.6201171875,0.0025470226097761284,0.003917814394541086,-0.0013707917847649576,0.7267099168320839,0.5411622698808154,0.17729593053176906,2026-02-28,791,ok,0.0005107062227176636,0.9366403186805612,0.2184177621941119,0.004180289145751916,-0.0016332665359757876,-0.03586678201272492
CMP020,FedEx Corporation,FDX,^GSPC,USD,NYSE,SECONDARY_INDIRECT,Transport & Logistics,False,2024-11-19,227.77371215820312,5916.97998046875,-0.007282954967220312,0.003963584828470035,-0.011246539795690347,0.7141343662663431,0.5472707972719255,0.16604939073607872,2026-02-28,791,ok,0.0005107062227176636,0.9366403186805612,0.2184177621941119,0.0042231595795732746,-0.011506114546793587,-0.047372896559518506
CMP020,FedEx Corporation,FDX,^GSPC,USD,NYSE,SECONDARY_INDIRECT,Transport & Logistics,False,2024-11-20,223.86428833007807,5917.10986328125,-0.017163630478172598,2.195086225209586e-05,-0.017185581340424694,0.684713597413811,0.5473047612000632,0.14886380939565402,2026-02-28,791,ok,0.0005107062227176636,0.9366403186805612,0.2184177621941119,0.0005312662853327798,-0.01769489676350538,-0.06506779332302388
CMP020,FedEx Corporation,FDX,^GSPC,USD,NYSE,SECONDARY_INDIRECT,Transport & Logistics,False,2024-11-21,229.4058990478516,5948.7099609375,0.024754331113333583,0.0053404615405816536,0.01941386957275193,0.7264175556353278,0.555568082768811,0.16827767896840595,2026-02-28,791,ok,0.0005107062227176636,0.9366403186805612,0.2184177621941119,0.0055127978219893445,0.01924153329134424,-0.045826260031679646
CMP020,FedEx Corporation,FDX,^GSPC,USD,NYSE,SECONDARY_INDIRECT,Transport & Logistics,False,2024-11-22,233.1443634033203,5969.33984375,0.01629628693501428,0.003467959094991535,0.012828327840022746,0.7545517514916071,0.5609627292493276,0.1811060068084287,2026-02-28,791,ok,0.0005107062227176636,0.9366403186805612,0.2184177621941119,0.0037589365346216855,0.012537350400392597,-0.03328890963128705
CMP020,FedEx Corporation,FDX,^GSPC,USD,NYSE,SECONDARY_INDIRECT,Transport & Logistics,False,2024-11-25,237.1703643798828,5987.3701171875,0.017268274976898645,0.003020480305938378,0.014247794670960268,0.7848498335975633,0.565677586431329,0.19535380147938897,2026-02-28,791,ok,0.0005107062227176636,0.9366403186805612,0.2184177621941119,0.0033398098590401446,0.013928465117858502,-0.019360444513428547
CMP020,FedEx Corporation,FDX,^GSPC,USD,NYSE,SECONDARY_INDIRECT,Transport & Logistics,False,2024-11-26,235.48377990722656,6021.6298828125,-0.007111278329676951,0.005722005647630368,-0.01283328397730732,0.7721572696541734,0.5746364024232573,0.18252051750208165,2026-02-28,791,ok,0.0005107062227176636,0.9366403186805612,0.2184177621941119,0.005870167416006143,-0.012981445745683093,-0.03234189025911164
CMP020,FedEx Corporation,FDX,^GSPC,USD,NYSE,SECONDARY_INDIRECT,Transport & Logistics,False,2024-11-27,235.80245971679688,5998.740234375,0.001353298344777043,-0.003801238017440034,0.005154536362217077,0.7745555271538811,0.568650834666721,0.18767505386429872,2026-02-28,791,ok,0.0005107062227176636,0.9366403186805612,0.2184177621941119,-0.003049686565318035,0.004402984910095078,-0.027938905349016562
CMP020,FedEx Corporation,FDX,^GSPC,USD,NYSE,SECONDARY_INDIRECT,Transport & Logistics,False,2024-11-29,235.24285888671875,6032.3798828125,-0.0023731763898909852,0.005607785488815242,-0.007980961878706228,0.770344193874289,0.5774474920543828,0.1796940919855925,2026-02-28,791,ok,0.0005107062227176636,0.9366403186805612,0.2184177621941119,0.005763184210053798,-0.008136360599944784,-0.03607526594896135
CMP020,FedEx Corporation,FDX,^GSPC,USD,NYSE,SECONDARY_INDIRECT,Transport & Logistics,False,2024-12-02,230.59503173828125,6047.14990234375,-0.019757569562082522,0.0024484564662998753,-0.022206026028382397,0.7353664953149888,0.5813098035665518,0.1574880659572101,2026-02-28,791,ok,0.0005107062227176636,0.9366403186805612,0.2184177621941119,0.0028040292675882593,-0.022561598829670782,-0.05863686477863213
CMP020,FedEx Corporation,FDX,^GSPC,USD,NYSE,SECONDARY_INDIRECT,Transport & Logistics,False,2024-12-03,219.83824157714844,6049.8798828125,-0.04664797016677036,0.0004514491145146682,-0.047099419281285027,0.6544151708131223,0.5820236844771454,0.11038864667592507,2026-02-28,791,ok,0.0005107062227176636,0.9366403186805612,0.2184177621941119,0.0009335516652047396,-0.047581521831975095,-0.10621838661060723
CMP020,FedEx Corporation,FDX,^GSPC,USD,NYSE,SECONDARY_INDIRECT,Transport & Logistics,False,2024-12-04,220.28903198242188,6086.490234375,0.002050554999164067,0.006051417924264779,-0.004000862925100712,0.6578076401123261,0.5915971709580017,0.10638778375082436,2026-02-28,791,ok,0.0005107062227176636,0.9366403186805612,0.2184177621941119,0.006178708235770286,-0.004128153236606219,-0.11034653984721345
CMP020,FedEx Corporation,FDX,^GSPC,USD,NYSE,SECONDARY_INDIRECT,Transport & Logistics,False,2024-12-05,217.17237854003903,6075.10986328125,-0.01414801914709729,-0.0018697756269248078,-0.012278243520172483,0.6343529458778128,0.5886212413598619,0.09410954023065188,2026-02-28,791,ok,0.0005107062227176636,0.9366403186805612,0.2184177621941119,-0.0012406010163463345,-0.012907418130750956,-0.1232539579779644
CMP020,FedEx Corporation,FDX,^GSPC,USD,NYSE,SECONDARY_INDIRECT,Transport & Logistics,False,2024-12-06,218.1516571044922,6090.27001953125,0.004509222448252581,0.0024954538421815275,0.0020137686060710536,0.6417226068697328,0.5925855723403846,0.09612330883672293,2026-02-28,791,ok,0.0005107062227176636,0.9366403186805612,0.2184177621941119,0.0028480489047112006,0.0016611735435413805,-0.12159278443442302
CMP020,FedEx Corporation,FDX,^GSPC,USD,NYSE,SECONDARY_INDIRECT,Transport & Logistics,False,2024-12-09,218.331298828125,6052.85009765625,0.0008234717352926246,-0.006144213927296471,0.006967685662589096,0.6430745190336811,0.5828003858863993,0.10309099449931203,2026-02-28,791,ok,0.0005107062227176636,0.9366403186805612,0.2184177621941119,-0.005244212268186846,0.0060676840034794705,-0.11552510043094355
CMP020,FedEx Corporation,FDX,^GSPC,USD,NYSE,SECONDARY_INDIRECT,Transport & Logistics,False,2024-12-10,218.1672821044922,6034.91015625,-0.0007512286351666342,-0.002963883313944371,0.002212654678777737,0.6418401944052703,0.578109150233366,0.10530364917808976,2026-02-28,791,ok,0.0005107062227176636,0.9366403186805612,0.2184177621941119,-0.00226538638898719,0.0015141577538205558,-0.114010942677123
CMP020,FedEx Corporation,FDX,^GSPC,USD,NYSE,SECONDARY_INDIRECT,Transport & Logistics,False,2024-12-11,219.60443115234372,6084.18994140625,0.006587372011002124,0.008165786048233592,-0.0015784140372314681,0.6526556065484339,0.5909956519149313,0.1037252351408583,2026-02-28,791,ok,0.0005107062227176636,0.9366403186805612,0.2184177621941119,0.008159110669212455,-0.0015717386582103313,-0.11558268133533334
CMP020,FedEx Corporation,FDX,^GSPC,USD,NYSE,SECONDARY_INDIRECT,Transport & Logistics,False,2024-12-12,221.58053588867188,6051.25,0.008998473873950585,-0.005414022527810203,0.014412496401760788,0.6675269848465979,0.5823819656138158,0.11813773154261908,2026-02-28,791,ok,0.0005107062227176636,0.9366403186805612,0.2184177621941119,-0.0045602855630742225,0.013558759437024809,-0.10202392189830853
CMP020,FedEx Corporation,FDX,^GSPC,USD,NYSE,SECONDARY_INDIRECT,Transport & Logistics,False,2024-12-13,221.36964416503903,6051.08984375,-0.0009517610506132312,-2.6466639124200775e-05,-0.0009252944114890305,0.6659398976115745,0.5823400852813754,0.11721243713113005,2026-02-28,791,ok,0.0005107062227176636,0.9366403186805612,0.2184177621941119,0.0004859165014139688,-0.0014376775520272,-0.10346159945033573
CMP020,FedEx Corporation,FDX,^GSPC,USD,NYSE,SECONDARY_INDIRECT,Transport & Logistics,False,2024-12-16,221.38528442382807,6074.080078125,7.065222898128276e-05,0.0037993543260221863,-0.0037287020970409035,0.6660575999786895,0.5883519559296275,0.11348373503408915,2026-02-28,791,ok,0.0005107062227176636,0.9366403186805612,0.2184177621941119,0.004069334669423453,-0.0039986824404421705,-0.1074602818907779
CMP020,FedEx Corporation,FDX,^GSPC,USD,NYSE,SECONDARY_INDIRECT,Transport & Logistics,False,2024-12-17,216.6910552978516,6050.60986328125,-0.02120388958188235,-0.003863994965801476,-0.017339894616080875,0.6307306985916854,0.5822145719679945,0.09614384041800828,2026-02-28,791,ok,0.0005107062227176636,0.9366403186805612,0.2184177621941119,-0.003108467253430715,-0.018095422328451637,-0.12555570421922954
CMP020,FedEx Corporation,FDX,^GSPC,USD,NYSE,SECONDARY_INDIRECT,Transport & Logistics,False,2024-12-18,213.3559112548828,5872.16015625,-0.015391240023195585,-0.02949284635160343,0.014101606328407845,0.6056317309964674,0.5355505607016744,0.11024544674641612,2026-02-28,791,ok,0.0005107062227176636,0.9366403186805612,0.2184177621941119,-0.027113482782845,0.011722242759649414,-0.11383346145958012
CMP020,FedEx Corporation,FDX,^GSPC,USD,NYSE,SECONDARY_INDIRECT,Transport & Logistics,False,2024-12-19,215.48043823242188,5867.080078125,0.009957666347481853,-0.0008651123249070469,0.0108227786723889,0.62162007605066,0.5342221369860936,0.12106822541880502,2026-02-28,791,ok,0.0005107062227176636,0.9366403186805612,0.2184177621941119,-0.00029959286097775404,0.010257259208459607,-0.10357620225112052
CMP020,FedEx Corporation,FDX,^GSPC,USD,NYSE,SECONDARY_INDIRECT,Transport & Logistics,False,2024-12-20,215.3632659912109,5930.85009765625,-0.0005437720573251426,0.010869123768910471,-0.011412895826235614,0.6207382843657063,0.5508977872819978,0.1096553295925694,2026-02-28,791,ok,0.0005107062227176636,0.9366403186805612,0.2184177621941119,0.01069116577340843,-0.011234937830733573,-0.11481114008185409
CMP020,FedEx Corporation,FDX,^GSPC,USD,NYSE,SECONDARY_INDIRECT,Transport & Logistics,False,2024-12-23,210.114501953125,5974.06982421875,-0.024371677379280254,0.007287273468533639,-0.031658950847813894,0.5812381737828971,0.5621996035796655,0.07799637874475551,2026-02-28,791,ok,0.0005107062227176636,0.9366403186805612,0.2184177621941119,0.00733626036659741,-0.031707937745877664,-0.14651907782773174
CMP020,FedEx Corporation,FDX,^GSPC,USD,NYSE,SECONDARY_INDIRECT,Transport & Logistics,False,2024-12-24,212.32492065429688,6040.0400390625,0.010520067299614633,0.01104275925539211,-0.0005226919557774767,0.5978729057878129,0.5794505977108646,0.07747368678897804,2026-02-28,791,ok,0.0005107062227176636,0.9366403186805612,0.2184177621941119,0.010853799770800846,-0.0003337324711862131,-0.14685281029891795
CMP020,FedEx Corporation,FDX,^GSPC,USD,NYSE,SECONDARY_INDIRECT,Transport & Logistics,False,2024-12-26,217.65179443359372,6037.58984375,0.025088311644632322,-0.00040565878647391695,0.02549397043110624,0.6379608392167317,0.5788098796981016,0.10296765722008427,2026-02-28,791,ok,0.0005107062227176636,0.9366403186805612,0.2184177621941119,0.00013074984767916432,0.024957561796953156,-0.12189524850196479
CMP020,FedEx Corporation,FDX,^GSPC,USD,NYSE,SECONDARY_INDIRECT,Transport & Logistics,False,2024-12-27,218.9795837402344,5970.83984375,0.006100520834648071,-0.011055736101235558,0.01715625693588363,0.647953253442711,0.561354974314136,0.1201239141559679,2026-02-28,791,ok,0.0005107062227176636,0.9366403186805612,0.2184177621941119,-0.009844541962391795,0.015945062797039868,-0.10595018570492493
CMP020,FedEx Corporation,FDX,^GSPC,USD,NYSE,SECONDARY_INDIRECT,Transport & Logistics,False,2024-12-30,219.1280059814453,5906.93994140625,0.0006777903157719756,-0.010701995701766776,0.011379786017538751,0.6490702201987395,0.5446453600900938,0.13150370017350665,2026-02-28,791,ok,0.0005107062227176636,0.9366403186805612,0.2184177621941119,-0.009513214441903166,0.010191004757675141,-0.09575918094724978
CMP020,FedEx Corporation,FDX,^GSPC,USD,NYSE,SECONDARY_INDIRECT,Transport & Logistics,False,2024-12-31,219.7372283935547,5881.6298828125,0.002780212457922593,-0.004284800394927402,0.0070650128528499945,0.6536549857689251,0.5380268630411569,0.13856871302635665,2026-02-28,791,ok,0.0005107062227176636,0.9366403186805612,0.2184177621941119,-0.0035026105846697325,0.006282823042592325,-0.08947635790465745
CMP020,FedEx Corporation,FDX,^GSPC,USD,NYSE,SECONDARY_INDIRECT,Transport & Logistics,False,2025-01-02,214.230712890625,5868.5498046875,-0.02505954745668948,-0.0022238866412221947,-0.022835660815467285,0.6122151401760576,0.5346064656465987,0.11573305221088936,2026-02-28,791,ok,0.0005107062227176636,0.9366403186805612,0.2184177621941119,-0.0015722756696261357,-0.023487271787063342,-0.1129636296917208
CMP020,FedEx Corporation,FDX,^GSPC,USD,NYSE,SECONDARY_INDIRECT,Transport & Logistics,False,2025-01-03,214.33226013183597,5942.47021484375,0.0004740087909935742,0.01259602672149196,-0.012122017930498385,0.6129793443254741,0.5539364096948576,0.10361103428039098,2026-02-28,791,ok,0.0005107062227176636,0.9366403186805612,0.2184177621941119,0.012308652705244756,-0.011834643914251182,-0.12479827360597198
CMP020,FedEx Corporation,FDX,^GSPC,USD,NYSE,SECONDARY_INDIRECT,Transport & Logistics,False,2025-01-06,213.98858642578125,5975.3798828125,-0.0016034623338704312,0.005538045085450305,-0.007141507419320736,0.6103929927015372,0.5625421795916705,0.09646952686107024,2026-02-28,791,ok,0.0005107062227176636,0.9366403186805612,0.2184177621941119,0.005697862536421153,-0.007301324870291584,-0.13209959847626357
CMP020,FedEx Corporation,FDX,^GSPC,USD,NYSE,SECONDARY_INDIRECT,Transport & Logistics,False,2025-01-07,214.79307556152344,5909.02978515625,0.003759495537493107,-0.01110391288210788,0.014863408419600987,0.6164472579712088,0.5451918473548656,0.11133293528067123,2026-02-28,791,ok,0.0005107062227176636,0.9366403186805612,0.2184177621941119,-0.00988966627778105,0.013649161815274157,-0.11845043666098941
CMP020,FedEx Corporation,FDX,^GSPC,USD,NYSE,SECONDARY_INDIRECT,Transport & Logistics,False,2025-01-08,214.7149810791016,5918.25,-0.0003635800745330764,0.001560360190925314,-0.0019239402654583904,0.6158595499566768,0.5476029032008205,0.10940899501521284,2026-02-28,791,ok,0.0005107062227176636,0.9366403186805612,0.2184177621941119,0.001972202489202411,-0.0023357825637354873,-0.12078621922472489
CMP020,FedEx Corporation,FDX,^GSPC,USD,NYSE,SECONDARY_INDIRECT,Transport & Logistics,False,2025-01-10,211.4579315185547,5827.0400390625,-0.015169177037288373,-0.01541164380306681,0.0002424667657784374,0.5913482903759908,0.5237517985080973,0.10965146178099128,2026-02-28,791,ok,0.0005107062227176636,0.9366403186805612,0.2184177621941119,-0.01392446074037813,-0.0012447162969102428,-0.12203093552163513
CMP020,FedEx Corporation,FDX,^GSPC,USD,NYSE,SECONDARY_INDIRECT,Transport & Logistics,False,2025-01-13,214.47283935546875,5836.22021484375,0.014257719326312035,0.0015754440882007614,0.012682275238111274,0.6140372876505782,0.5261523842709421,0.12233373701910255,2026-02-28,791,ok,0.0005107062227176636,0.9366403186805612,0.2184177621941119,0.001986330675553431,0.012271388650758604,-0.10975954687087652
CMP020,FedEx Corporation,FDX,^GSPC,USD,NYSE,SECONDARY_INDIRECT,Transport & Logistics,False,2025-01-14,216.8394775390625,5842.91015625,0.011034675489474344,0.0011462798112440442,0.0098883956782303,0.6318476653477136,0.5279017819379139,0.13222213269733285,2026-02-28,791,ok,0.0005107062227176636,0.9366403186805612,0.2184177621941119,0.0015843581104183788,0.009450317379055965,-0.10030922949182056
CMP020,FedEx Corporation,FDX,^GSPC,USD,NYSE,SECONDARY_INDIRECT,Transport & Logistics,False,2025-01-15,216.0349884033203,5949.91015625,-0.0037100676725125847,0.018312792279639112,-0.022022859952151697,0.6257934000780419,0.5558819298942335,0.11019927274518115,2026-02-28,791,ok,0.0005107062227176636,0.9366403186805612,0.2184177621941119,0.017663205819449763,-0.021373273491962348,-0.1216825029837829
CMP020,FedEx Corporation,FDX,^GSPC,USD,NYSE,SECONDARY_INDIRECT,Transport & Logistics,False,2025-01-16,216.6442108154297,5937.33984375,0.002820017334284719,-0.0021126894641922966,0.004932706798477016,0.6303781656482277,0.5525948345334188,0.11513197954365817,2026-02-28,791,ok,0.0005107062227176636,0.9366403186805612,0.2184177621941119,-0.001468123910296473,0.004288141244581192,-0.1173943617392017
CMP020,FedEx Corporation,FDX,^GSPC,USD,NYSE,SECONDARY_INDIRECT,Transport & Logistics,False,2025-01-17,214.8711853027344,5996.66015625,-0.008184042887745657,0.009991058969353706,-0.018175101857099363,0.6170350808173184,0.5681069010807562,0.0969568776865588,2026-02-28,791,ok,0.0005107062227176636,0.9366403186805612,0.2184177621941119,0.009868734879729398,-0.018052777767475055,-0.13544713950667675
CMP020,FedEx Corporation,FDX,^GSPC,USD,NYSE,SECONDARY_INDIRECT,Transport & Logistics,False,2025-01-21,215.23828125,6049.240234375,0.001708446606036862,0.008768227105582893,-0.007059780499546031,0.6197976989129832,0.5818564185152642,0.08989709718701278,2026-02-28,791,ok,0.0005107062227176636,0.9366403186805612,0.2184177621941119,0.008723381253154359,-0.007014934647117497,-0.14246207415379425
CMP020,FedEx Corporation,FDX,^GSPC,USD,NYSE,SECONDARY_INDIRECT,Transport & Logistics,False,2025-01-22,211.2236328125,6086.3701171875,-0.01865211157692237,0.006137941522227575,-0.024790053099149945,0.5895850515008161,0.5915657607086713,0.06510704408786283,2026-02-28,791,ok,0.0005107062227176636,0.9366403186805612,0.2184177621941119,0.006259749726139548,-0.024911861303061916,-0.16737393545685617
CMP020,FedEx Corporation,FDX,^GSPC,USD,NYSE,SECONDARY_INDIRECT,Transport & Logistics,False,2025-01-23,210.9111785888672,6118.7099609375,-0.0014792578816698043,0.00531348622041139,-0.006792744102081194,0.587233645284799,0.6000225234470753,0.05831429998578164,2026-02-28,791,ok,0.0005107062227176636,0.9366403186805612,0.2184177621941119,0.005487531649508558,-0.006966789531178363,-0.17434072498803452
CMP020,FedEx Corporation,FDX,^GSPC,USD,NYSE,SECONDARY_INDIRECT,Transport & Logistics,False,2025-01-24,213.45745849609372,6101.240234375,0.012072759368483066,-0.002855132319398823,0.014927891687881889,0.6063959351458825,0.5954542474286155,0.07324219167366353,2026-02-28,791,ok,0.0005107062227176636,0.9366403186805612,0.2184177621941119,-0.0021635258227992197,0.014236285191282286,-0.16010443979675223
CMP020,FedEx Corporation,FDX,^GSPC,USD,NYSE,SECONDARY_INDIRECT,Transport & Logistics,False,2025-01-27,219.89344787597656,6012.27978515625,0.030151157168399445,-0.014580715690809543,0.04473187285920899,0.6548306314611441,0.5721913826491645,0.11797406453287251,2026-02-28,791,ok,0.0005107062227176636,0.9366403186805612,0.2184177621941119,-0.013146179968512845,0.04329733713691229,-0.11680710265983994
CMP020,FedEx Corporation,FDX,^GSPC,USD,NYSE,SECONDARY_INDIRECT,Transport & Logistics,False,2025-01-28,217.6439666748047,6067.7001953125,-0.010229869161179406,0.009217869449967608,-0.019447738611147014,0.6379019306173848,0.5866836375647886,0.0985263259217255,2026-02-28,791,ok,0.0005107062227176636,0.9366403186805612,0.2184177621941119,0.009144534401891134,-0.01937440356307054,-0.13618150622291048
CMP020,FedEx Corporation,FDX,^GSPC,USD,NYSE,SECONDARY_INDIRECT,Transport & Logistics,False,2025-01-29,214.8399353027344,6039.31005859375,-0.012883570424260693,-0.004678895760321544,-0.008204674663939149,0.6167999057462432,0.5792597102200152,0.09032165125778635,2026-02-28,791,ok,0.0005107062227176636,0.9366403186805612,0.2184177621941119,-0.003871736193303035,-0.009011834230957659,-0.14519334045386814
CMP020,FedEx Corporation,FDX,^GSPC,USD,NYSE,SECONDARY_INDIRECT,Transport & Logistics,False,2025-01-30,210.2941436767578,6071.169921875,-0.021158969441929187,0.005275414405311762,-0.02643438384724095,0.5825900859468445,0.5875909596450384,0.0638872674105454,2026-02-28,791,ok,0.0005107062227176636,0.9366403186805612,0.2184177621941119,0.0054518720524808955,-0.026610841494410082,-0.17180418194827823
CMP020,FedEx Corporation,FDX,^GSPC,USD,NYSE,SECONDARY_INDIRECT,Transport & Logistics,False,2025-01-31,206.88087463378903,6040.52978515625,-0.016230927705791487,-0.005046825754019935,-0.011184101951771552,0.5569031806739388,0.5795786647030525,0.05270316545877385,2026-02-28,791,ok,0.0005107062227176636,0.9366403186805612,0.2184177621941119,-0.004216354259852831,-0.012014573445938655,-0.18381875539421688
CMP020,FedEx Corporation,FDX,^GSPC,USD,NYSE,SECONDARY_INDIRECT,Transport & Logistics,False,2025-02-03,193.1887969970703,5994.56982421875,-0.06618339013190955,-0.007608597684666707,-0.05857479244724284,0.45386205006978475,0.5675602861320439,-0.005871626988468992,2026-02-28,791,ok,0.0005107062227176636,0.9366403186805612,0.2184177621941119,-0.006615813137360741,-0.05956757699454881,-0.2433863323887657
CMP020,FedEx Corporation,FDX,^GSPC,USD,NYSE,SECONDARY_INDIRECT,Transport & Logistics,False,2025-02-04,196.00845336914065,6037.8798828125,0.014595341013035501,0.007224881828679752,0.007370459184355749,0.4750816624764642,0.5788857239586793,0.0014988321958867568,2026-02-28,791,ok,0.0005107062227176636,0.9366403186805612,0.2184177621941119,0.007277821841161662,0.007317519171873839,-0.23606881321689185
CMP020,FedEx Corporation,FDX,^GSPC,USD,NYSE,SECONDARY_INDIRECT,Transport & Logistics,False,2025-02-05,197.1488037109375,6061.47998046875,0.005817863067616003,0.003908672930614365,0.0019091901370016373,0.48366348560230366,0.58505707184845,0.003408022332888394,2026-02-28,791,ok,0.0005107062227176636,0.9366403186805612,0.2184177621941119,0.004171726882066386,0.0016461361855496168,-0.23442267703134223
CMP020,FedEx Corporation,FDX,^GSPC,USD,NYSE,SECONDARY_INDIRECT,Transport & Logistics,False,2025-02-06,202.11639404296875,6083.56982421875,0.025197161933149692,0.003644298722618622,0.02155286321053107,0.5210475947033262,0.5908334933106649,0.024960885543419464,2026-02-28,791,ok,0.0005107062227176636,0.9366403186805612,0.2184177621941119,0.003924103339638331,0.021273058593511363,-0.21314961843783087
CMP020,FedEx Corporation,FDX,^GSPC,USD,NYSE,SECONDARY_INDIRECT,Transport & Logistics,False,2025-02-07,200.01531982421875,6025.990234375,-0.010395367623189045,-0.009464770111542897,-0.0009305975116461473,0.5052357457840178,0.5757766200107368,0.024030288031773317,2026-02-28,791,ok,0.0005107062227176636,0.9366403186805612,0.2184177621941119,-0.008354379070796126,-0.0020409885523929184,-0.2151906069902238
CMP020,FedEx Corporation,FDX,^GSPC,USD,NYSE,SECONDARY_INDIRECT,Transport & Logistics,False,2025-02-10,201.6946258544922,6066.43994140625,0.008395887033799676,0.006712541085862833,0.0016833459479368429,0.5178735350648576,0.5863540853147009,0.02571363397971016,2026-02-28,791,ok,0.0005107062227176636,0.9366403186805612,0.2184177621941119,0.006797942844536588,0.0015979441892630883,-0.2135926628009607
CMP020,FedEx Corporation,FDX,^GSPC,USD,NYSE,SECONDARY_INDIRECT,Transport & Logistics,False,2025-02-11,204.06124877929688,6068.5,0.011733693521968291,0.00033958278885926063,0.01139411073310903,0.5356837979304152,0.5868927838591103,0.03710774471281919,2026-02-28,791,ok,0.0005107062227176636,0.9366403186805612,0.2184177621941119,0.0008287731542932352,0.010904920367675056,-0.20268774243328563
CMP020,FedEx Corporation,FDX,^GSPC,USD,NYSE,SECONDARY_INDIRECT,Transport & Logistics,False,2025-02-12,205.14691162109372,6051.97021484375,0.005320279319524612,-0.0027238667143857365,0.008044146033910349,0.5438540646818735,0.5825702994258575,0.04515189074672954,2026-02-28,791,ok,0.0005107062227176636,0.9366403186805612,0.2184177621941119,-0.0020405771646879655,0.007360856484212578,-0.19532688594907305
CMP020,FedEx Corporation,FDX,^GSPC,USD,NYSE,SECONDARY_INDIRECT,Transport & Logistics,False,2025-02-13,205.51402282714844,6115.06982421875,0.0017895039372211041,0.010426292122230674,-0.00863678818500957,0.5466167976091165,0.5990706396716374,0.03651510256171997,2026-02-28,791,ok,0.0005107062227176636,0.9366403186805612,0.2184177621941119,0.010276391798740426,-0.008486887861519321,-0.20381377381059237
CMP020,FedEx Corporation,FDX,^GSPC,USD,NYSE,SECONDARY_INDIRECT,Transport & Logistics,False,2025-02-14,209.1459808349609,6114.6298828125,0.01767255566238024,-7.194380749464546e-05,0.017744499469874886,0.5739494690532359,0.5989555964413666,0.054259602031594856,2026-02-28,791,ok,0.0005107062227176636,0.9366403186805612,0.2184177621941119,0.00044332075193878595,0.017229234910441454,-0.18658453890015092
CMP020,FedEx Corporation,FDX,^GSPC,USD,NYSE,SECONDARY_INDIRECT,Transport & Logistics,False,2025-02-18,208.8960418701172,6129.580078125,-0.0011950455076683575,0.0024449877750611915,-0.003640033282729549,0.5720685278109467,0.6028650233275314,0.05061956874886531,2026-02-28,791,ok,0.0005107062227176636,0.9366403186805612,0.2184177621941119,0.0028007803515210546,-0.003995825859189412,-0.19058036475934034
CMP020,FedEx Corporation,FDX,^GSPC,USD,NYSE,SECONDARY_INDIRECT,Transport & Logistics,False,2025-02-19,208.44302368164065,6144.14990234375,-0.0021686298333896126,0.0023769693899173827,-0.004545599223306995,0.568659293101403,0.6066749844241501,0.04607396952555831,2026-02-28,791,ok,0.0005107062227176636,0.9366403186805612,0.2184177621941119,0.00273707158958382,-0.0049057014229734325,-0.1954860661823138
CMP020,FedEx Corporation,FDX,^GSPC,USD,NYSE,SECONDARY_INDIRECT,Transport & Logistics,False,2025-02-20,209.68492126464844,6117.52001953125,0.005957971445014865,-0.0043341850761716705,0.010292156521186535,0.5780053203766584,0.5997113576844006,0.05636612604674485,2026-02-28,791,ok,0.0005107062227176636,0.9366403186805612,0.2184177621941119,-0.0035488662682483024,0.009506837713263168,-0.18597922846905063
CMP020,FedEx Corporation,FDX,^GSPC,USD,NYSE,SECONDARY_INDIRECT,Transport & Logistics,False,2025-02-21,198.5391082763672,6013.1298828125,-0.05315505245231178,-0.01706412670256352,-0.03609092574974826,0.49412636480201,0.572413680389344,0.020275200296996587,2026-02-28,791,ok,0.0005107062227176636,0.9366403186805612,0.2184177621941119,-0.015472242849976905,-0.037682809602334874,-0.22366203807138552
CMP020,FedEx Corporation,FDX,^GSPC,USD,NYSE,SECONDARY_INDIRECT,Transport & Logistics,False,2025-02-24,198.0313873291016,5983.25,-0.0025572843137727785,-0.00496910650440241,0.002411822190629631,0.49030545888650745,0.5646001893425101,0.02268702248762622,2026-02-28,791,ok,0.0005107062227176636,0.9366403186805612,0.2184177621941119,-0.004143559277123459,0.0015862749633506808,-0.22207576310803484
CMP020,FedEx Corporation,FDX,^GSPC,USD,NYSE,SECONDARY_INDIRECT,Transport & Logistics,False,2025-02-25,200.32774353027344,5955.25,0.011595920384861014,-0.004679730915472358,0.01627565130033337,0.5075869223368792,0.5572782814660902,0.03896267378795959,2026-02-28,791,ok,0.0005107062227176636,0.9366403186805612,0.2184177621941119,-0.0038725184332896404,0.015468438818150654,-0.20660732428988418
CMP020,FedEx Corporation,FDX,^GSPC,USD,NYSE,SECONDARY_INDIRECT,Transport & Logistics,False,2025-02-26,200.04653930664065,5956.06005859375,-0.0014037208160849746,0.00013602428004699796,-0.0015397450961319725,0.5054706911919373,0.5574901091231594,0.03742292869182762,2026-02-28,791,ok,0.0005107062227176636,0.9366403186805612,0.2184177621941119,0.0006381120477291777,-0.0020418328638141525,-0.20864915715369833
CMP020,FedEx Corporation,FDX,^GSPC,USD,NYSE,SECONDARY_INDIRECT,Transport & Logistics,False,2025-02-27,201.9367218017578,5861.56982421875,0.009448713792643115,-0.015864553655509872,0.025313267448152987,0.5196954528762225,0.5327812237190492,0.0627361961399806,2026-02-28,791,ok,0.0005107062227176636,0.9366403186805612,0.2184177621941119,-0.014348674368903965,0.02379738816154708,-0.18485176899215125
CMP020,FedEx Corporation,FDX,^GSPC,USD,NYSE,SECONDARY_INDIRECT,Transport & Logistics,False,2025-02-28,205.3421936035156,5954.5,0.016864054102556647,0.01585414463498891,0.0010099094675677378,0.5453236792129366,0.5570821589336863,0.06374610560754834,2026-02-28,791,ok,0.0005107062227176636,0.9366403186805612,0.2184177621941119,0.015360337306041385,0.0015037167965152622,-0.183348052195636
CMP020,FedEx Corporation,FDX,^GSPC,USD,NYSE,SECONDARY_INDIRECT,Transport & Logistics,False,2025-03-03,202.11639404296875,5849.72021484375,-0.015709384924441627,-0.0175967394669998,0.0018873545425581728,0.5210475947033262,0.5296825898542166,0.06563346015010652,2026-02-28,791,ok,0.0005107062227176636,0.9366403186805612,0.2184177621941119,-0.015971109439391836,0.00026172451495020885,-0.18308632768068578
CMP020,FedEx Corporation,FDX,^GSPC,USD,NYSE,SECONDARY_INDIRECT,Transport & Logistics,False,2025-03-04,193.5012359619141,5778.14990234375,-0.0426247367109821,-0.012234826602200433,-0.03038991010878167,0.4562133414542242,0.5109671886109453,0.035243550041324845,2026-02-28,791,ok,0.0005107062227176636,0.9366403186805612,0.2184177621941119,-0.010948925664968757,-0.031675811046013344,-0.21476213872669914
CMP020,FedEx Corporation,FDX,^GSPC,USD,NYSE,SECONDARY_INDIRECT,Transport & Logistics,False,2025-03-05,195.586669921875,5842.6298828125,0.010777367646227276,0.011159277893187936,-0.00038191024696065945,0.4719074880064176,0.5278284913561437,0.034861639794364185,2026-02-28,791,ok,0.0005107062227176636,0.9366403186805612,0.2184177621941119,0.010962935824838153,-0.00018556817861087663,-0.21494770690531
CMP020,FedEx Corporation,FDX,^GSPC,USD,NYSE,SECONDARY_INDIRECT,Transport & Logistics,False,2025-03-06,195.10240173339844,5738.52001953125,-0.0024759774716242022,-0.017819007085749905,0.015343029614125703,0.4682630782257988,0.500604104642858,0.05020466940848989,2026-02-28,791,ok,0.0005107062227176636,0.9366403186805612,0.2184177621941119,-0.016179294252650307,0.013703316781026105,-0.2012443901242839
CMP020,FedEx Corporation,FDX,^GSPC,USD,NYSE,SECONDARY_INDIRECT,Transport & Logistics,False,2025-03-07,198.3282012939453,5770.2001953125,0.016533879295626663,0.00552061780274804,0.011013261492878623,0.49253916273540943,0.5088883663778261,0.06121793090136851,2026-02-28,791,ok,0.0005107062227176636,0.9366403186805612,0.2184177621941119,0.005681539440797167,0.010852339854829496,-0.1903920502694544
CMP020,FedEx Corporation,FDX,^GSPC,USD,NYSE,SECONDARY_INDIRECT,Transport & Logistics,False,2025-03-10,193.5926513671875,5614.56005859375,-0.023877340165754712,-0.0269730913054258,0.003095751139671088,0.45690129743606533,0.4681889827018222,0.0643136820410396,2026-02-28,791,ok,0.0005107062227176636,0.9366403186805612,0.2184177621941119,-0.024753378613396233,0.0008760384476415202,-0.18951601182181288
CMP020,FedEx Corporation,FDX,^GSPC,USD,NYSE,SECONDARY_INDIRECT,Transport & Logistics,False,2025-03-11,190.80471801757807,5572.06982421875,-0.014401028809309269,-0.007567865323653167,-0.006833163485656102,0.43592041987936847,0.45707792621106336,0.0574805185553835,2026-02-28,791,ok,0.0005107062227176636,0.9366403186805612,0.2184177621941119,-0.006577661565760407,-0.007823367243548863,-0.19733937906536175
CMP020,FedEx Corporation,FDX,^GSPC,USD,NYSE,SECONDARY_INDIRECT,Transport & Logistics,False,2025-03-12,191.23663330078125,5599.2998046875,0.0022636509604725408,0.004886869929446425,-0.002623218968973884,0.43917084251699046,0.4641984765135243,0.054857299586409614,2026-02-28,791,ok,0.0005107062227176636,0.9366403186805612,0.2184177621941119,0.005087945630784814,-0.0028242946703122733,-0.20016367373567404
CMP020,FedEx Corporation,FDX,^GSPC,USD,NYSE,SECONDARY_INDIRECT,Transport & Logistics,False,2025-03-13,189.249755859375,5521.52001953125,-0.01038962779835828,-0.013890984206835322,0.003501356408477041,0.4242183931249892,0.44385931860060257,0.058358655994886655,2026-02-28,791,ok,0.0005107062227176636,0.9366403186805612,0.2184177621941119,-0.012500149651559215,0.002110521853200934,-0.1980531518824731
CMP020,FedEx Corporation,FDX,^GSPC,USD,NYSE,SECONDARY_INDIRECT,Transport & Logistics,False,2025-03-14,190.2078399658203,5638.93994140625,0.005062538136943351,0.021265869083087807,-0.016203330946144456,0.43142855305552064,0.4745642418443594,0.0421553250487422,2026-02-28,791,ok,0.0005107062227176636,0.9366403186805612,0.2184177621941119,0.020429176617720122,-0.015366638480776771,-0.21341979036324987
CMP020,FedEx Corporation,FDX,^GSPC,USD,NYSE,SECONDARY_INDIRECT,Transport & Logistics,False,2025-03-17,192.6423797607422,5675.1201171875,0.012799366184692351,0.006416130719105961,0.00638323546558639,0.44974993127330265,0.48402523877375225,0.04853856051432859,2026-02-28,791,ok,0.0005107062227176636,0.9366403186805612,0.2184177621941119,0.006520312944157209,0.006279053240535142,-0.20714073712271472
CMP020,FedEx Corporation,FDX,^GSPC,USD,NYSE,SECONDARY_INDIRECT,Transport & Logistics,False,2025-03-18,193.03504943847656,5614.66015625,0.002038334857688451,-0.010653512117636543,0.012691846975324994,0.4527050070931484,0.46821515790959767,0.06123040748965358,2026-02-28,791,ok,0.0005107062227176636,0.9366403186805612,0.2184177621941119,-0.009467802762212648,0.011506137619901099,-0.19563459950281362
CMP020,FedEx Corporation,FDX,^GSPC,USD,NYSE,SECONDARY_INDIRECT,Transport & Logistics,False,2025-03-19,194.07167053222656,5675.2900390625,0.0053701185187118305,0.010798495567894584,-0.005428377049182753,0.4605062051539648,0.484069672785,0.05580203044047083,2026-02-28,791,ok,0.0005107062227176636,0.9366403186805612,0.2184177621941119,0.010625012552701074,-0.005254894033989243,-0.20088949353680285
CMP020,FedEx Corporation,FDX,^GSPC,USD,NYSE,SECONDARY_INDIRECT,Transport & Logistics,False,2025-03-20,193.3570251464844,5662.89013671875,-0.003682378699489175,-0.0021848931523151816,-0.0014974855471739934,0.45512806821363405,0.48082713911937347,0.054304544893296836,2026-02-28,791,ok,0.0005107062227176636,0.9366403186805612,0.2184177621941119,-0.001535752795749804,-0.0021466259037393708,-0.20303611944054223
CMP020,FedEx Corporation,FDX,^GSPC,USD,NYSE,SECONDARY_INDIRECT,Transport & Logistics,False,2025-03-21,180.8859405517578,5667.56005859375,-0.06449770617477535,0.0008246534476661349,-0.06532235962244148,0.3612756456233226,0.48204830832504575,-0.011017814729144648,2026-02-28,791,ok,0.0005107062227176636,0.9366403186805612,0.2184177621941119,0.0012831098907406958,-0.06578081606551604,-0.2688169355060583
CMP020,FedEx Corporation,FDX,^GSPC,USD,NYSE,SECONDARY_INDIRECT,Transport & Logistics,False,2025-03-24,190.30209350585935,5767.56982421875,0.05205574808843272,0.017646000146633645,0.034409747941799074,0.432137867710809,0.5082005329910677,0.023391933212654425,2026-02-28,791,ok,0.0005107062227176636,0.9366403186805612,0.2184177621941119,0.01703866142349783,0.03501708666493489,-0.2337998488411234
CMP020,FedEx Corporation,FDX,^GSPC,USD,NYSE,SECONDARY_INDIRECT,Transport & Logistics,False,2025-03-25,189.3204040527344,5776.64990234375,-0.005158584622164009,0.0015743334544251475,-0.006732918076589156,0.4247500633296173,0.5105749435461373,0.01665901513606527,2026-02-28,791,ok,0.0005107062227176636,0.9366403186805612,0.2184177621941119,0.0019852904111799024,-0.007143875033343911,-0.2409437238744673
CMP020,FedEx Corporation,FDX,^GSPC,USD,NYSE,SECONDARY_INDIRECT,Transport & Logistics,False,2025-03-26,191.3623046875,5712.2001953125,0.010785422971085756,-0.011156934922627149,0.021942357893712905,0.44011659539070846,0.4937215572052418,0.038601373029778174,2026-02-28,791,ok,0.0005107062227176636,0.9366403186805612,0.2184177621941119,-0.00993932885871011,0.020724751829795867,-0.22021897204467145
CMP020,FedEx Corporation,FDX,^GSPC,USD,NYSE,SECONDARY_INDIRECT,Transport & Logistics,False,2025-03-27,191.5586395263672,5693.31005859375,0.0010259849200071613,-0.003306980860763864,0.004332965780771025,0.44159413330063146,0.48878184860425367,0.0429343388105492,2026-02-28,791,ok,0.0005107062227176636,0.9366403186805612,0.2184177621941119,-0.0025867453845787184,0.0036127303045858797,-0.21660624174008555
CMP020,FedEx Corporation,FDX,^GSPC,USD,NYSE,SECONDARY_INDIRECT,Transport & Logistics,False,2025-03-28,189.8230438232422,5580.93994140625,-0.009060388544292697,-0.01973722070834405,0.010676832164051353,0.4285327303297548,0.45939743267177513,0.05361117097460055,2026-02-28,791,ok,0.0005107062227176636,0.9366403186805612,0.2184177621941119,-0.01797597047141428,0.008915581927121583,-0.20769065981296397
CMP020,FedEx Corporation,FDX,^GSPC,USD,NYSE,SECONDARY_INDIRECT,Transport & Logistics,False,2025-03-31,191.44869995117188,5611.85009765625,0.008564061007489965,0.005538521570653376,0.0030255394368365884,0.4407667717834951,0.467480336832784,0.05663671041143714,2026-02-28,791,ok,0.0005107062227176636,0.9366403186805612,0.2184177621941119,0.005698308831673604,0.0028657521758163607,-0.2048249076371476
CMP020,FedEx Corporation,FDX,^GSPC,USD,NYSE,SECONDARY_INDIRECT,Transport & Logistics,False,2025-04-01,190.03509521484372,5633.06982421875,-0.007383725962561649,0.0037812354559083605,-0.01116496141847001,0.4301285447646812,0.47302922551326443,0.04547174899296713,2026-02-28,791,ok,0.0005107062227176636,0.9366403186805612,0.2184177621941119,0.004052363805145907,-0.011436089767707557,-0.21626099740485516
CMP020,FedEx Corporation,FDX,^GSPC,USD,NYSE,SECONDARY_INDIRECT,Transport & Logistics,False,2025-04-02,192.5402984619141,5670.97021484375,0.013182845222552864,0.006728194715792668,0.006454650506760196,0.44898170801866866,0.4829400529645709,0.05192639949972733,2026-02-28,791,ok,0.0005107062227176636,0.9366403186805612,0.2184177621941119,0.0068126046654625756,0.006370240557090288,-0.20989075684776487
CMP020,FedEx Corporation,FDX,^GSPC,USD,NYSE,SECONDARY_INDIRECT,Transport & Logistics,False,2025-04-03,169.52215576171875,5396.52001953125,-0.11954974041316602,-0.04839563335990149,-0.07115410705326453,0.27575632096161096,0.4111722298665845,-0.0192277075535372,2026-02-28,791,ok,0.0005107062227176636,0.9366403186805612,0.2184177621941119,-0.044818595230248066,-0.07473114518291796,-0.2846219020306828
CMP020,FedEx Corporation,FDX,^GSPC,USD,NYSE,SECONDARY_INDIRECT,Transport & Logistics,False,2025-04-04,165.01434326171875,5074.080078125,-0.026591288199143692,-0.05974960534553109,0.033158317146387395,0.2418323169590415,0.32685524605748295,0.013930609592850196,2026-02-28,791,ok,0.0005107062227176636,0.9366403186805612,0.2184177621941119,-0.055453183169158336,0.028861894970014644,-0.2557600070606682
CMP020,FedEx Corporation,FDX,^GSPC,USD,NYSE,SECONDARY_INDIRECT,Transport & Logistics,False,2025-04-07,161.17405700683594,5062.25,-0.023272439104229714,-0.0023314724921273955,-0.02094096661210232,0.21293184998494774,0.3237617195502649,-0.0070103570192521225,2026-02-28,791,ok,0.0005107062227176636,0.9366403186805612,0.2184177621941119,-0.0016730449153035023,-0.021599394188926212,-0.2773594012495944
CMP020,FedEx Corporation,FDX,^GSPC,USD,NYSE,SECONDARY_INDIRECT,Transport & Logistics,False,2025-04-08,155.5510711669922,4982.77001953125,-0.03488766085726347,-0.015700524562941354,-0.019187136294322116,0.17061549495969963,0.30297796615698447,-0.02619749331357424,2026-02-28,791,ok,0.0005107062227176636,0.9366403186805612,0.2184177621941119,-0.014195038107367705,-0.020692622749895764,-0.29805202399949016
CMP020,FedEx Corporation,FDX,^GSPC,USD,NYSE,SECONDARY_INDIRECT,Transport & Logistics,False,2025-04-09,171.1556396484375,5456.89990234375,0.10031797508287799,0.09515387644904849,0.005164098633829495,0.28804927101469757,0.42696137056451855,-0.021033394679744744,2026-02-28,791,ok,0.0005107062227176636,0.9366403186805612,0.2184177621941119,0.08963566338364519,0.010682311699232797,-0.2873697123002574
CMP020,FedEx Corporation,FDX,^GSPC,USD,NYSE,SECONDARY_INDIRECT,Transport & Logistics,False,2025-04-10,162.0928955078125,5268.0498046875,-0.05295030978377546,-0.03460757958472693,-0.01834273019904853,0.21984666309770318,0.37757769136837593,-0.03937612487879327,2026-02-28,791,ok,0.0005107062227176636,0.9366403186805612,0.2184177621941119,-0.03190414814828386,-0.021046161635491605,-0.308415873935749
CMP020,FedEx Corporation,FDX,^GSPC,USD,NYSE,SECONDARY_INDIRECT,Transport & Logistics,False,2025-04-11,163.16880798339844,5363.35986328125,0.006637628825219455,0.018092095201708958,-0.011454466376489503,0.22794355247102827,0.40250095810836295,-0.050830591255282775,2026-02-28,791,ok,0.0005107062227176636,0.9366403186805612,0.2184177621941119,0.017456492038045394,-0.010818863212825939,-0.3192347371485749
CMP020,FedEx Corporation,FDX,^GSPC,USD,NYSE,SECONDARY_INDIRECT,Transport & Logistics,False,2025-04-14,165.27349853515625,5405.97021484375,0.012898853511094766,0.007944712390868913,0.004954141120225852,0.24378261647424537,0.41364342484845196,-0.04587645013505692,2026-02-28,791,ok,0.0005107062227176636,0.9366403186805612,0.2184177621941119,0.007952044168326526,0.004946809342768239,-0.31428792780580667
CMP020,FedEx Corporation,FDX,^GSPC,USD,NYSE,SECONDARY_INDIRECT,Transport & Logistics,False,2025-04-15,162.83895874023438,5396.6298828125,-0.014730370062348563,-0.0017277808903947145,-0.013002589171953849,0.22546123825646358,0.41120095875316665,-0.05887903930701077,2026-02-28,791,ok,0.0005107062227176636,0.9366403186805612,0.2184177621941119,-0.0011076030210718255,-0.013622767041276738,-0.3279106948470834
CMP020,FedEx Corporation,FDX,^GSPC,USD,NYSE,SECONDARY_INDIRECT,Transport & Logistics,False,2025-04-16,159.86256408691406,5275.7001953125,-0.018278148401012273,-0.0224083715440897,0.004130223143077427,0.20306207588392367,0.37957824334605017,-0.054748816163933345,2026-02-28,791,ok,0.0005107062227176636,0.9366403186805612,0.2184177621941119,-0.02047787804145093,0.002199729640438658,-0.3257109652066448
CMP020,FedEx Corporation,FDX,^GSPC,USD,NYSE,SECONDARY_INDIRECT,Transport & Logistics,False,2025-04-17,162.99603271484375,5282.7001953125,0.01960101569637085,0.0013268380955802073,0.018274177600790642,0.226643314517033,0.38140872031515527,-0.0364746385631427,2026-02-28,791,ok,0.0005107062227176636,0.9366403186805612,0.2184177621941119,0.0017534762793994178,0.017847539416971432,-0.30786342578967335
CMP020,FedEx Corporation,FDX,^GSPC,USD,NYSE,SECONDARY_INDIRECT,Transport & Logistics,False,2025-04-21,161.08766174316406,5158.2001953125,-0.011708082337306469,-0.023567493023827546,0.011859410686521077,0.2122816735921611,0.3488523799360732,-0.024615227876621626,2026-02-28,791,ok,0.0005107062227176636,0.9366403186805612,0.2184177621941119,-0.02156355795362207,0.009855475616315602,-0.29800795017335774
CMP020,FedEx Corporation,FDX,^GSPC,USD,NYSE,SECONDARY_INDIRECT,Transport & Logistics,False,2025-04-22,162.22640991210938,5287.759765625,0.007069120978122623,0.025117204723895226,-0.018048083745772603,0.22085143940234508,0.3827317813052409,-0.04266331162239423,2026-02-28,791,ok,0.0005107062227176636,0.9366403186805612,0.2184177621941119,0.024036492859671785,-0.016967371881549162,-0.3149753220549069
CMP020,FedEx Corporation,FDX,^GSPC,USD,NYSE,SECONDARY_INDIRECT,Transport & Logistics,False,2025-04-23,165.7368621826172,5375.85986328125,0.021639215664143174,0.01666113847096007,0.004978077193183106,0.24726970699345197,0.40576966698176475,-0.03768523442921112,2026-02-28,791,ok,0.0005107062227176636,0.9366403186805612,0.2184177621941119,0.01611620026973866,0.005523015394404515,-0.3094523066605024
CMP020,FedEx Corporation,FDX,^GSPC,USD,NYSE,SECONDARY_INDIRECT,Transport & Logistics,False,2025-04-24,169.38865661621094,5484.77001953125,0.022033688737089774,0.020259113708281262,0.0017745750288085116,0.27475165948854685,0.434249314512801,-0.03591065940040261,2026-02-28,791,ok,0.0005107062227176636,0.9366403186805612,0.2184177621941119,0.01948620894262795,0.0025474797944618245,-0.30690482686604054
CMP020,FedEx Corporation,FDX,^GSPC,USD,NYSE,SECONDARY_INDIRECT,Transport & Logistics,False,2025-04-25,166.1452178955078,5525.2099609375,-0.01914790981577874,0.007373133469998461,-0.0265210432857772,0.25034282967514576,0.4448242261379578,-0.06243170268617981,2026-02-28,791,ok,0.0005107062227176636,0.9366403186805612,0.2184177621941119,0.007416680305731334,-0.026564590121510075,-0.3334694169875506
CMP020,FedEx Corporation,FDX,^GSPC,USD,NYSE,SECONDARY_INDIRECT,Transport & Logistics,False,2025-04-28,166.09811401367188,5528.75,-0.00028351030762474583,0.0006407067039131409,-0.0009242170115378867,0.24998834459486807,0.4457499347056204,-0.0633559196977177,2026-02-28,791,ok,0.0005107062227176636,0.9366403186805612,0.2184177621941119,0.0011108179540516398,-0.0013943282616763857,-0.334863745249227
CMP020,FedEx Corporation,FDX,^GSPC,USD,NYSE,SECONDARY_INDIRECT,Transport & Logistics,False,2025-04-29,164.80230712890625,5560.830078125,-0.007801454534630992,0.005802410694099036,-0.013603865228730028,0.24023661735569246,0.45413876958774924,-0.07695978492644773,2026-02-28,791,ok,0.0005107062227176636,0.9366403186805612,0.2184177621941119,0.005945478024354081,-0.013746932558985073,-0.3486106778082121
CMP020,FedEx Corporation,FDX,^GSPC,USD,NYSE,SECONDARY_INDIRECT,Transport & Logistics,False,2025-04-30,165.17926025390625,5569.06005859375,0.002287304902261811,0.00147999135976562,0.0008073135424961908,0.24307341665053483,0.45629088240263926,-0.07615247138395154,2026-02-28,791,ok,0.0005107062227176636,0.9366403186805612,0.2184177621941119,0.0018969258015730111,0.0003903791006887997,-0.3482202987075233
CMP020,FedEx Corporation,FDX,^GSPC,USD,NYSE,SECONDARY_INDIRECT,Transport & Logistics,False,2025-05-01,164.9672393798828,5604.14013671875,-0.0012835804791565542,0.006299102138585644,-0.007582682617742198,0.24147783187876382,0.46546420741438443,-0.08373515400169373,2026-02-28,791,ok,0.0005107062227176636,0.9366403186805612,0.2184177621941119,0.006410699257203925,-0.00769427973636048,-0.3559145784438838
CMP020,FedEx Corporation,FDX,^GSPC,USD,NYSE,SECONDARY_INDIRECT,Transport & Logistics,False,2025-05-02,172.55355834960938,5686.669921875,0.045986821372799636,0.01472657412963474,0.031260247243164896,0.298569451171663,0.4870454746991988,-0.05247490675852884,2026-02-28,791,ok,0.0005107062227176636,0.9366403186805612,0.2184177621941119,0.014304209308571654,0.03168261206422798,-0.3242319663796558
CMP020,FedEx Corporation,FDX,^GSPC,USD,NYSE,SECONDARY_INDIRECT,Transport & Logistics,False,2025-05-05,170.4095916748047,5650.3798828125,-0.012424934584430947,-0.006381597588933863,-0.006043336995497084,0.28243481068751475,0.4775557488832234,-0.05851824375402592,2026-02-28,791,ok,0.0005107062227176636,0.9366403186805612,0.2184177621941119,-0.005466555376672451,-0.006958379207758496,-0.3311903455874143
CMP020,FedEx Corporation,FDX,^GSPC,USD,NYSE,SECONDARY_INDIRECT,Transport & Logistics,False,2025-05-06,167.5980987548828,5606.91015625,-0.016498442912104894,-0.007693239651855532,-0.008805203260249361,0.2612766331748908,0.4661885584080878,-0.06732344701427528,2026-02-28,791,ok,0.0005107062227176636,0.9366403186805612,0.2184177621941119,-0.006695092216482232,-0.009803350695622663,-0.34099369628303694
CMP020,FedEx Corporation,FDX,^GSPC,USD,NYSE,SECONDARY_INDIRECT,Transport & Logistics,False,2025-05-07,169.2865447998047,5631.27978515625,0.010074374694376997,0.00434635623313584,0.005728018461241158,0.27398320657075703,0.4725611361878772,-0.061595428553034126,2026-02-28,791,ok,0.0005107062227176636,0.9366403186805612,0.2184177621941119,0.00458167871002126,0.005492695984355737,-0.3355010002986812
CMP020,FedEx Corporation,FDX,^GSPC,USD,NYSE,SECONDARY_INDIRECT,Transport & Logistics,False,2025-05-08,172.1530303955078,5663.93994140625,0.016932743231855563,0.005799775094835535,0.011132968137020027,0.29555523708931575,0.48110165959116236,-0.0504624604160141,2026-02-28,791,ok,0.0005107062227176636,0.9366403186805612,0.2184177621941119,0.005943009415820001,0.010989733816035562,-0.3245112664826456
CMP020,FedEx Corporation,FDX,^GSPC,USD,NYSE,SECONDARY_INDIRECT,Transport & Logistics,False,2025-05-09,171.06927490234375,5659.91015625,-0.006295303025884658,-0.0007114809122162891,-0.0055838221136683686,0.28739932428506676,0.4800478840313114,-0.05604628252968247,2026-02-28,791,ok,0.0005107062227176636,0.9366403186805612,0.2184177621941119,-0.00015569548563573775,-0.00613960754024892,-0.3306508740228945
CMP020,FedEx Corporation,FDX,^GSPC,USD,NYSE,SECONDARY_INDIRECT,Transport & Logistics,False,2025-05-12,182.94351196289065,5844.18994140625,0.06941186292702417,0.032558782749008364,0.03685308017801581,0.3767601097146853,0.5282364415456164,-0.01919320235166666,2026-02-28,791,ok,0.0005107062227176636,0.9366403186805612,0.2184177621941119,0.031006574872600015,0.038405288054424155,-0.29224558596847033
CMP020,FedEx Corporation,FDX,^GSPC,USD,NYSE,SECONDARY_INDIRECT,Transport & Logistics,False,2025-05-13,181.5299224853516,5886.5498046875,-0.007726917792120425,0.0072482009835321826,-0.014975118775652607,0.36612199752744923,0.539313406424297,-0.03416832112731927,2026-02-28,791,ok,0.0005107062227176636,0.9366403186805612,0.2184177621941119,0.0072996635017940036,-0.015026581293914428,-0.30727216726238477
CMP020,FedEx Corporation,FDX,^GSPC,USD,NYSE,SECONDARY_INDIRECT,Transport & Logistics,False,2025-05-14,182.04037475585935,5892.580078125,0.0028119456204194204,0.001024415597859818,0.0017875300225596025,0.36996345829535526,0.5408903030878329,-0.032380791104759665,2026-02-28,791,ok,0.0005107062227176636,0.9366403186805612,0.2184177621941119,0.0014702151747584213,0.0013417304456609992,-0.30593043681672377
CMP020,FedEx Corporation,FDX,^GSPC,USD,NYSE,SECONDARY_INDIRECT,Transport & Logistics,False,2025-05-15,181.49850463867188,5916.93017578125,-0.002976647998633175,0.004132332074135769,-0.0071089800727689445,0.3658855593090198,0.5472577735100075,-0.03948977117752861,2026-02-28,791,ok,0.0005107062227176636,0.9366403186805612,0.2184177621941119,0.004381215053530095,-0.00735786305216327,-0.31328829986888707
CMP020,FedEx Corporation,FDX,^GSPC,USD,NYSE,SECONDARY_INDIRECT,Transport & Logistics,False,2025-05-16,180.24197387695312,5958.3798828125,-0.0069230915385239955,0.007005272294898557,-0.013928363833422552,0.3564294085507753,0.5580967355238435,-0.05341813501095116,2026-02-28,791,ok,0.0005107062227176636,0.9366403186805612,0.2184177621941119,0.007072126697455554,-0.013995218235979549,-0.3272835181048666
CMP020,FedEx Corporation,FDX,^GSPC,USD,NYSE,SECONDARY_INDIRECT,Transport & Logistics,False,2025-05-19,177.57968139648438,5963.60009765625,-0.014770657595473469,0.0008761131291423752,-0.015646770724615844,0.3363940542046413,0.5594618045303099,-0.069064905735567,2026-02-28,791,ok,0.0005107062227176636,0.9366403186805612,0.2184177621941119,0.0013313091031978016,-0.01610196669867127,-0.34338548480353787
CMP020,FedEx Corporation,FDX,^GSPC,USD,NYSE,SECONDARY_INDIRECT,Transport & Logistics,False,2025-05-20,173.66873168945312,5940.4599609375,-0.022023632863149567,-0.0038802294486252054,-0.01814340341452436,0.3069618021943423,0.5534107349123651,-0.08720830915009137,2026-02-28,791,ok,0.0005107062227176636,0.9366403186805612,0.2184177621941119,-0.0031236731245963467,-0.01889995973855322,-0.3622854445420911
CMP020,FedEx Corporation,FDX,^GSPC,USD,NYSE,SECONDARY_INDIRECT,Transport & Logistics,False,2025-05-21,170.26821899414062,5844.60986328125,-0.01958045447923895,-0.01613513066101424,-0.0034453238182247103,0.2813708961203718,0.5283462497343321,-0.09065363296831608,2026-02-28,791,ok,0.0005107062227176636,0.9366403186805612,0.2184177621941119,-0.014602107701567208,-0.004978346777671743,-0.36726379131976283
CMP020,FedEx Corporation,FDX,^GSPC,USD,NYSE,SECONDARY_INDIRECT,Transport & Logistics,False,2025-05-22,171.83889770507812,5842.009765625,0.009224732132727231,-0.00044487103794299543,0.009669603170670227,0.2931911993997549,0.5276663327518765,-0.08098402979764585,2026-02-28,791,ok,0.0005107062227176636,0.9366403186805612,0.2184177621941119,9.402207196698438e-05,0.009130710060760248,-0.35813308125900256
CMP020,FedEx Corporation,FDX,^GSPC,USD,NYSE,SECONDARY_INDIRECT,Transport & Logistics,False,2025-05-23,170.11114501953125,5802.81982421875,-0.01005449120438473,-0.006708297825321674,-0.003346193379063056,0.2801888198598024,0.51741829201406,-0.08433022317670891,2026-02-28,791,ok,0.0005107062227176636,0.9366403186805612,0.2184177621941119,-0.005772555990195745,-0.004281935214188985,-0.3624150164731915
CMP020,FedEx Corporation,FDX,^GSPC,USD,NYSE,SECONDARY_INDIRECT,Transport & Logistics,False,2025-05-27,172.58494567871094,5921.5400390625,0.014542260937081108,0.0204590558452733,-0.005916794908192191,0.2988056597269375,0.5484632375910148,-0.0902470180849011,2026-02-28,791,ok,0.0005107062227176636,0.9366403186805612,0.2184177621941119,0.019673482809537846,-0.005131221872456737,-0.36754623834564826
CMP020,FedEx Corporation,FDX,^GSPC,USD,NYSE,SECONDARY_INDIRECT,Transport & Logistics,False,2025-05-28,170.5352325439453,5888.5498046875,-0.011876546512819441,-0.005571225417268844,-0.006305321095550598,0.2833803338980774,0.5398363998440414,-0.0965523391804517,2026-02-28,791,ok,0.0005107062227176636,0.9366403186805612,0.2184177621941119,-0.004707528127554269,-0.007169018385265172,-0.37471525673091344
CMP020,FedEx Corporation,FDX,^GSPC,USD,NYSE,SECONDARY_INDIRECT,Transport & Logistics,False,2025-05-29,172.97764587402344,5912.169921875,0.014322045325435795,0.004011194261904327,0.010310851063531468,0.30176096520993867,0.5460129827753673,-0.08624148811692023,2026-02-28,791,ok,0.0005107062227176636,0.9366403186805612,0.2184177621941119,0.004267752494477371,0.010054292830958423,-0.364660963899955
CMP020,FedEx Corporation,FDX,^GSPC,USD,NYSE,SECONDARY_INDIRECT,Transport & Logistics,False,2025-05-30,171.2812957763672,5911.68994140625,-0.009806759070427384,-8.118516130162234e-05,-0.009725573909125762,0.2889949090568378,0.5458874694619862,-0.09596706202604599,2026-02-28,791,ok,0.0005107062227176636,0.9366403186805612,0.2184177621941119,0.0004346649273639793,-0.010241423997791363,-0.3749023878977464
CMP020,FedEx Corporation,FDX,^GSPC,USD,NYSE,SECONDARY_INDIRECT,Transport & Logistics,False,2025-06-02,171.11636352539062,5935.93994140625,-0.0009629320599716662,0.0041020419271569075,-0.005064973987128574,0.28775369453376665,0.5522287646763857,-0.10103203601317456,2026-02-28,791,ok,0.0005107062227176636,0.9366403186805612,0.2184177621941119,0.004352844080610933,-0.005315776140582599,-0.380218164038329
CMP020,FedEx Corporation,FDX,^GSPC,USD,NYSE,SECONDARY_INDIRECT,Transport & Logistics,False,2025-06-03,172.60069274902344,5970.3701171875,0.008674385038649923,0.005800290454605506,0.0028740945840444176,0.2989241659150965,0.5612321423635023,-0.09815794142913015,2026-02-28,791,ok,0.0005107062227176636,0.9366403186805612,0.2184177621941119,0.005943492122559181,0.002730892916090742,-0.37748727112223823
CMP020,FedEx Corporation,FDX,^GSPC,USD,NYSE,SECONDARY_INDIRECT,Transport & Logistics,False,2025-06-04,171.9017333984375,5970.81005859375,-0.004049574422058,7.36874595066439e-05,-0.004123261881564644,0.2936640758366138,0.5613471855937731,-0.10228120331069479,2026-02-28,791,ok,0.0005107062227176636,0.9366403186805612,0.2184177621941119,0.0005797248682727276,-0.004629299290330727,-0.38211657041256897
CMP020,FedEx Corporation,FDX,^GSPC,USD,NYSE,SECONDARY_INDIRECT,Transport & Logistics,False,2025-06-05,170.20541381835938,5939.2998046875,-0.009867960878244042,-0.005277383403094138,-0.004590577475149904,0.2808982493466683,0.5531073578700527,-0.1068717807858447,2026-02-28,791,ok,0.0005107062227176636,0.9366403186805612,0.2184177621941119,-0.004432303849755934,-0.005435657028488108,-0.38755222744105705
CMP020,FedEx Corporation,FDX,^GSPC,USD,NYSE,SECONDARY_INDIRECT,Transport & Logistics,False,2025-06-06,172.4671630859375,6000.35986328125,0.013288350921621284,0.010280683010067904,0.00300766791155338,0.29791927477887725,0.5690743622969188,-0.10386411287429131,2026-02-28,791,ok,0.0005107062227176636,0.9366403186805612,0.2184177621941119,0.010140008433521495,0.003148342488099788,-0.38440388495295724
CMP020,FedEx Corporation,FDX,^GSPC,USD,NYSE,SECONDARY_INDIRECT,Transport & Logistics,False,2025-06-09,174.48545837402344,6005.8798828125,0.011702490213051586,0.0009199480792858594,0.010782542133765727,0.31310816238930816,0.5705178292427706,-0.09308157074052559,2026-02-28,791,ok,0.0005107062227176636,0.9366403186805612,0.2184177621941119,0.0013723666848695412,0.010330123528182045,-0.3740737614247752
CMP020,FedEx Corporation,FDX,^GSPC,USD,NYSE,SECONDARY_INDIRECT,Transport & Logistics,False,2025-06-10,179.02468872070312,6038.81005859375,0.02601494926270287,0.00548298940767844,0.02053195985502443,0.34726860461030706,0.5791289618650788,-0.07254961088550116,2026-02-28,791,ok,0.0005107062227176636,0.9366403186805612,0.2184177621941119,0.005646295168847739,0.020368654093855132,-0.3537051073309201
CMP020,FedEx Corporation,FDX,^GSPC,USD,NYSE,SECONDARY_INDIRECT,Transport & Logistics,False,2025-06-11,175.91477966308594,6022.240234375,-0.017371397653811682,-0.002743888954607865,-0.014627508699203817,0.32386466593312546,0.5747960073487157,-0.08717711958470498,2026-02-28,791,ok,0.0005107062227176636,0.9366403186805612,0.2184177621941119,-0.002059330802150319,-0.015312066851661362,-0.36901717418258145
CMP020,FedEx Corporation,FDX,^GSPC,USD,NYSE,SECONDARY_INDIRECT,Transport & Logistics,False,2025-06-12,176.7001190185547,6045.259765625,0.004464317079968083,0.0038224199557175265,0.0006418971242505567,0.329774817572817,0.5808155390333898,-0.08653522246045442,2026-02-28,791,ok,0.0005107062227176636,0.9366403186805612,0.2184177621941119,0.004090938868171864,0.0003733782117962192,-0.3686437959707852
CMP020,FedEx Corporation,FDX,^GSPC,USD,NYSE,SECONDARY_INDIRECT,Transport & Logistics,False,2025-06-13,176.21319580078125,5976.97021484375,-0.0027556473672907256,-0.011296379879250695,0.00854073251195997,0.3261104270976829,0.5629580461854462,-0.07799448994849445,2026-02-28,791,ok,0.0005107062227176636,0.9366403186805612,0.2184177621941119,-0.010069938627320387,0.0073142912600296615,-0.3613295047107556
CMP020,FedEx Corporation,FDX,^GSPC,USD,NYSE,SECONDARY_INDIRECT,Transport & Logistics,False,2025-06-16,178.0901641845703,6033.10986328125,0.010651690273588033,0.009392659896159117,0.0012590303774289158,0.34023574463570294,0.5776383795452316,-0.07673545957106553,2026-02-28,791,ok,0.0005107062227176636,0.9366403186805612,0.2184177621941119,0.009308250181114265,0.0013434400924737678,-0.3599860646182818
CMP020,FedEx Corporation,FDX,^GSPC,USD,NYSE,SECONDARY_INDIRECT,Transport & Logistics,False,2025-06-17,174.76034545898438,5982.72021484375,-0.01869737579743569,-0.008352184790166306,-0.010345191007269383,0.31517685326109324,0.5644616522672112,-0.08708065057833492,2026-02-28,791,ok,0.0005107062227176636,0.9366403186805612,0.2184177621941119,-0.007312286800822642,-0.011385088996613047,-0.37137115361489487
CMP020,FedEx Corporation,FDX,^GSPC,USD,NYSE,SECONDARY_INDIRECT,Transport & Logistics,False,2025-06-18,175.3650665283203,5980.8701171875,0.0034602876742302335,-0.0003092402101070313,0.003769527884337265,0.3197277435158654,0.5639778578171597,-0.08331112269399765,2026-02-28,791,ok,0.0005107062227176636,0.9366403186805612,0.2184177621941119,0.00022105937377417016,0.0032392283004560635,-0.3681319253144388
CMP020,FedEx Corporation,FDX,^GSPC,USD,NYSE,SECONDARY_INDIRECT,Transport & Logistics,False,2025-06-20,177.516845703125,5967.83984375,0.012270284027504408,-0.002178658486505891,0.014448942514010299,0.33592117776778263,0.5605704841845189,-0.06886218017998735,2026-02-28,791,ok,0.0005107062227176636,0.9366403186805612,0.2184177621941119,-0.0015299131563793233,0.013800197183883731,-0.354331728130555
CMP020,FedEx Corporation,FDX,^GSPC,USD,NYSE,SECONDARY_INDIRECT,Transport & Logistics,False,2025-06-23,181.1843414306641,6025.169921875,0.020659987017077386,0.009606504133156335,0.01105348288392105,0.3635212919563038,0.5755621109909193,-0.0578086972960663,2026-02-28,791,ok,0.0005107062227176636,0.9366403186805612,0.2184177621941119,0.00950854531540334,0.011151441701674045,-0.343180286428881
CMP020,FedEx Corporation,FDX,^GSPC,USD,NYSE,SECONDARY_INDIRECT,Transport & Logistics,False,2025-06-24,181.4056396484375,6092.18017578125,0.0012213981408437657,0.01112172017970181,-0.009900322038858045,0.3651866943273001,0.5930850719151006,-0.06770901933492435,2026-02-28,791,ok,0.0005107062227176636,0.9366403186805612,0.2184177621941119,0.010927757756109595,-0.009706359615265829,-0.3528866460441468
CMP020,FedEx Corporation,FDX,^GSPC,USD,NYSE,SECONDARY_INDIRECT,Transport & Logistics,False,2025-06-25,175.4697265625,6092.16015625,-0.032721767070975516,-3.2861029504172024e-06,-0.0327184809680251,0.3205153733071271,0.5930798368735455,-0.10042750030294945,2026-02-28,791,ok,0.0005107062227176636,0.9366403186805612,0.2184177621941119,0.0005076283262029677,-0.033229395397178486,-0.38611604144132533
CMP020,FedEx Corporation,FDX,^GSPC,USD,NYSE,SECONDARY_INDIRECT,Transport & Logistics,False,2025-06-26,174.734619140625,6141.02001953125,-0.004189368937172033,0.008020121275230219,-0.012209490212402252,0.314983247221136,0.6058565303663952,-0.1126369905153517,2026-02-28,791,ok,0.0005107062227176636,0.9366403186805612,0.2184177621941119,0.008022675169806044,-0.012212044106978077,-0.3983280855483034
CMP020,FedEx Corporation,FDX,^GSPC,USD,NYSE,SECONDARY_INDIRECT,Transport & Logistics,False,2025-06-27,180.931396484375,6173.06982421875,0.03546393596315833,0.005218970885222163,0.03024496507793617,0.3616177288932123,0.6142374488442213,-0.08239202543741553,2026-02-28,791,ok,0.0005107062227176636,0.9366403186805612,0.2184177621941119,0.00539900477583672,0.030064931187321613,-0.3682631543609818
CMP020,FedEx Corporation,FDX,^GSPC,USD,NYSE,SECONDARY_INDIRECT,Transport & Logistics,False,2025-06-30,179.66673278808594,6204.9501953125,-0.006989741531112759,0.005164427424532603,-0.012154168955645361,0.3521003729040679,0.6225740609947399,-0.09454619439306089,2026-02-28,791,ok,0.0005107062227176636,0.9366403186805612,0.2184177621941119,0.0053479171714345105,-0.012337658702547268,-0.38060081306352905
CMP020,FedEx Corporation,FDX,^GSPC,USD,NYSE,SECONDARY_INDIRECT,Transport & Logistics,False,2025-07-01,185.2154083251953,6198.009765625,0.030883154889079778,-0.001118531087121899,0.03200168597620168,0.39385749814604676,0.6207591614663597,-0.06254450841685921,2026-02-28,791,ok,0.0005107062227176636,0.9366403186805612,0.2184177621941119,-0.0005369550911783064,0.031420109980258085,-0.349180703083271
CMP020,FedEx Corporation,FDX,^GSPC,USD,NYSE,SECONDARY_INDIRECT,Transport & Logistics,False,2025-07-02,189.01724243164065,6227.419921875,0.020526554139438602,0.004745096791088033,0.01578145734835057,0.422468589544404,0.6284498205625602,-0.04676305106850864,2026-02-28,791,ok,0.0005107062227176636,0.9366403186805612,0.2184177621941119,0.004955155193292466,0.015571398946146136,-0.33360930413712486
CMP020,FedEx Corporation,FDX,^GSPC,USD,NYSE,SECONDARY_INDIRECT,Transport & Logistics,False,2025-07-03,190.66917419433597,6279.35009765625,0.008739582386473321,0.008338955206607324,0.0004006271798659977,0.43490037097489775,0.642029390672439,-0.046362423888642645,2026-02-28,791,ok,0.0005107062227176636,0.9366403186805612,0.2184177621941119,0.008321307884897272,0.0004182745015760495,-0.3331910296355488
CMP020,FedEx Corporation,FDX,^GSPC,USD,NYSE,SECONDARY_INDIRECT,Transport & Logistics,False,2025-07-07,185.81610107421875,6229.97998046875,-0.02545284596014885,-0.007862297279128794,-0.017590548681020057,0.39837807286431315,0.6291192674619055,-0.0639529725696627,2026-02-28,791,ok,0.0005107062227176636,0.9366403186805612,0.2184177621941119,-0.006853438406366839,-0.01859940755378201,-0.35179043718933084
CMP020,FedEx Corporation,FDX,^GSPC,USD,NYSE,SECONDARY_INDIRECT,Transport & Logistics,False,2025-07-08,188.6773681640625,6225.52001953125,0.015398380836227465,-0.0007158868810946961,0.01611426771732216,0.4199108309833077,0.6279530023505908,-0.04783870485234054,2026-02-28,791,ok,0.0005107062227176636,0.9366403186805612,0.2184177621941119,-0.00015982229373010556,0.01555820312995757,-0.33623223405937325
CMP020,FedEx Corporation,FDX,^GSPC,USD,NYSE,SECONDARY_INDIRECT,Transport & Logistics,False,2025-07-09,186.9384765625,6263.259765625,-0.009216217177941854,0.0060621034026635545,-0.015278320580605409,0.40682462439165357,0.6378218217855167,-0.06311702543294595,2026-02-28,791,ok,0.0005107062227176636,0.9366403186805612,0.2184177621941119,0.0061887166856629695,-0.015404933863604824,-0.35163716792297806
CMP020,FedEx Corporation,FDX,^GSPC,USD,NYSE,SECONDARY_INDIRECT,Transport & Logistics,False,2025-07-10,188.69317626953125,6280.4599609375,0.009386509076661831,0.0027462050044453346,0.006640304072216496,0.4200297964977773,0.6423196162688938,-0.056476721360729454,2026-02-28,791,ok,0.0005107062227176636,0.9366403186805612,0.2184177621941119,0.0030829125532434937,0.006303596523418337,-0.3453335713995597
CMP020,FedEx Corporation,FDX,^GSPC,USD,NYSE,SECONDARY_INDIRECT,Transport & Logistics,False,2025-07-11,186.58279418945312,6259.75,-0.011184199247691096,-0.0032975229626984737,-0.007886676284992622,0.40414790031608794,0.6369040296221569,-0.06436339764572208,2026-02-28,791,ok,0.0005107062227176636,0.9366403186805612,0.2184177621941119,-0.0025778867359207034,-0.008606312511770391,-0.35393988391133013
CMP020,FedEx Corporation,FDX,^GSPC,USD,NYSE,SECONDARY_INDIRECT,Transport & Logistics,False,2025-07-14,184.93875122070312,6268.56005859375,-0.008811332126801963,0.001407413809457303,-0.010218745936259266,0.3917754868112513,0.6392078309582034,-0.07458214358198134,2026-02-28,791,ok,0.0005107062227176636,0.9366403186805612,0.2184177621941119,0.0018289467417231745,-0.010640278868525137,-0.3645801627798553
CMP020,FedEx Corporation,FDX,^GSPC,USD,NYSE,SECONDARY_INDIRECT,Transport & Logistics,False,2025-07-15,182.3146209716797,6243.759765625,-0.01418918550981152,-0.003956298214731202,-0.010232887295080317,0.3720273262408782,0.63272263594301,-0.08481503087706166,2026-02-28,791,ok,0.0005107062227176636,0.9366403186805612,0.2184177621941119,-0.003194922197923505,-0.010994263311888014,-0.3755744260917433
CMP020,FedEx Corporation,FDX,^GSPC,USD,NYSE,SECONDARY_INDIRECT,Transport & Logistics,False,2025-07-16,180.80491638183597,6263.7001953125,-0.00828076531546107,0.003193657417327689,-0.011474422732788758,0.3606658899458779,0.6379369926997283,-0.09628945360985042,2026-02-28,791,ok,0.0005107062227176636,0.9366403186805612,0.2184177621941119,0.003502014523840008,-0.011782779839301077,-0.3873572059310444
CMP020,FedEx Corporation,FDX,^GSPC,USD,NYSE,SECONDARY_INDIRECT,Transport & Logistics,False,2025-07-17,180.50457763671875,6297.35986328125,-0.0016611204558339976,0.00537376740890938,-0.007034887864743378,0.35840566000253316,0.6467388851289451,-0.1033243414745938,2026-02-28,791,ok,0.0005107062227176636,0.9366403186805612,0.2184177621941119,0.005543993441113759,-0.0072051138969477565,-0.39456231982799217
CMP020,FedEx Corporation,FDX,^GSPC,USD,NYSE,SECONDARY_INDIRECT,Transport & Logistics,False,2025-07-18,179.1213836669922,6296.7900390625,-0.0076629301474578915,-9.048620868445933e-05,-0.007572443938773432,0.3479962923180222,0.6465898779705366,-0.11089678541336723,2026-02-28,791,ok,0.0005107062227176636,0.9366403186805612,0.2184177621941119,0.0004259531913792559,-0.008088883338837147,-0.40265120316682934
CMP020,FedEx Corporation,FDX,^GSPC,USD,NYSE,SECONDARY_INDIRECT,Transport & Logistics,False,2025-07-21,178.4179229736328,6305.60009765625,-0.003927284833100564,0.001399134882868358,-0.005326419715968922,0.34270232692412583,0.6488936793065831,-0.11622320512933615,2026-02-28,791,ok,0.0005107062227176636,0.9366403186805612,0.2184177621941119,0.0018211923652845722,-0.0057484771983851365,-0.40839968036521446
CMP020,FedEx Corporation,FDX,^GSPC,USD,NYSE,SECONDARY_INDIRECT,Transport & Logistics,False,2025-07-22,183.1366271972656,6309.6201171875,0.026447478734130003,0.0006375316336257875,0.025809947100504216,0.3782134181617185,0.6499449011876266,-0.09041325802883193,2026-02-28,791,ok,0.0005107062227176636,0.9366403186805612,0.2184177621941119,0.00110784405520586,0.025339634678924142,-0.3830600456862903
CMP020,FedEx Corporation,FDX,^GSPC,USD,NYSE,SECONDARY_INDIRECT,Transport & Logistics,False,2025-07-23,188.03712463378903,6358.91015625,0.02675869656180163,0.007811886951519131,0.0189468096102825,0.4150926128157113,0.6628340842319398,-0.07146644841854943,2026-02-28,791,ok,0.0005107062227176636,0.9366403186805612,0.2184177621941119,0.00782763450648506,0.01893106205531657,-0.36412898363097373
CMP020,FedEx Corporation,FDX,^GSPC,USD,NYSE,SECONDARY_INDIRECT,Transport & Logistics,False,2025-07-24,186.9384765625,6363.35009765625,-0.005842718949402692,0.0006982236416543941,-0.006540942591057086,0.4068246243916531,0.6639951143016993,-0.07800739100960652,2026-02-28,791,ok,0.0005107062227176636,0.9366403186805612,0.2184177621941119,0.0011646906369471373,-0.007007409586349829,-0.37113639321732356
CMP020,FedEx Corporation,FDX,^GSPC,USD,NYSE,SECONDARY_INDIRECT,Transport & Logistics,False,2025-07-25,192.2262725830078,6388.64013671875,0.028286290322580676,0.00397432777929585,0.024311962543284826,0.4466184741501509,0.6706083763090811,-0.05369542846632169,2026-02-28,791,ok,0.0005107062227176636,0.9366403186805612,0.2184177621941119,0.004233221860458335,0.02405306846212234,-0.3470833247552012
CMP020,FedEx Corporation,FDX,^GSPC,USD,NYSE,SECONDARY_INDIRECT,Transport & Logistics,False,2025-07-28,191.60186767578125,6389.77001953125,-0.0032482807830388483,0.00017685810881817865,-0.003425138891857027,0.44191945116018005,0.670903836947091,-0.05712056735817872,2026-02-28,791,ok,0.0005107062227176636,0.9366403186805612,0.2184177621941119,0.0006763586581223638,-0.003924639441161212,-0.35100796419636243
CMP020,FedEx Corporation,FDX,^GSPC,USD,NYSE,SECONDARY_INDIRECT,Transport & Logistics,False,2025-07-29,185.38137817382807,6370.85986328125,-0.032465703896368936,-0.002959442388724254,-0.029506261507644682,0.3951065212163989,0.6659588933045477,-0.0866268288658234,2026-02-28,791,ok,0.0005107062227176636,0.9366403186805612,0.2184177621941119,-0.002261226839373783,-0.030204477056995152,-0.38121244125335757
CMP020,FedEx Corporation,FDX,^GSPC,USD,NYSE,SECONDARY_INDIRECT,Transport & Logistics,False,2025-07-30,176.93984985351562,6362.89990234375,-0.04553601016169495,-0.0012494327466496813,-0.04428657741504527,0.331578936489642,0.6638773897086807,-0.13091340628086867,2026-02-28,791,ok,0.0005107062227176636,0.9366403186805612,0.2184177621941119,-0.0006595628632742228,-0.044876447298420725,-0.4260888885517783
CMP020,FedEx Corporation,FDX,^GSPC,USD,NYSE,SECONDARY_INDIRECT,Transport & Logistics,False,2025-07-31,176.6474151611328,6339.39013671875,-0.0016527350544544017,-0.0036948193411530106,0.002042084286698609,0.32937818930353235,0.657729663347878,-0.12887132199417006,2026-02-28,791,ok,0.0005107062227176636,0.9366403186805612,0.2184177621941119,-0.002950010542446993,0.0012972754879925913,-0.4247916130637857
CMP020,FedEx Corporation,FDX,^GSPC,USD,NYSE,SECONDARY_INDIRECT,Transport & Logistics,False,2025-08-01,171.5967254638672,6238.009765625,-0.028591925291737375,-0.015992133140148468,-0.012599792151588907,0.2913687074305007,0.6312190298612452,-0.14147111414575897,2026-02-28,791,ok,0.0005107062227176636,0.9366403186805612,0.2184177621941119,-0.01446817045805296,-0.014123754833684414,-0.4389153678974701
CMP020,FedEx Corporation,FDX,^GSPC,USD,NYSE,SECONDARY_INDIRECT,Transport & Logistics,False,2025-08-04,171.9049835205078,6329.93994140625,0.0017964099012224288,0.01473710033091602,-0.012940690429693591,0.2936885349626577,0.6552584683660099,-0.15441180457545256,2026-02-28,791,ok,0.0005107062227176636,0.9366403186805612,0.2184177621941119,0.014314068573094248,-0.01251765867187182,-0.4514330265693419
CMP020,FedEx Corporation,FDX,^GSPC,USD,NYSE,SECONDARY_INDIRECT,Transport & Logistics,False,2025-08-05,175.79376220703125,6299.18994140625,0.02262167510728119,-0.004857865996303334,0.027479541103584526,0.3229539366905976,0.6472174445374415,-0.12693226347186803,2026-02-28,791,ok,0.0005107062227176636,0.9366403186805612,0.2184177621941119,-0.004039366932167354,0.026661042039448545,-0.4247719845298934
CMP020,FedEx Corporation,FDX,^GSPC,USD,NYSE,SECONDARY_INDIRECT,Transport & Logistics,False,2025-08-06,178.98703002929688,6345.06005859375,0.018164852849015922,0.007281907295092482,0.01088294555392344,0.3469852002766085,0.6592123292634222,-0.1160493179179446,2026-02-28,791,ok,0.0005107062227176636,0.9366403186805612,0.2184177621941119,0.00733123419219539,0.010833618656820532,-0.41393836587307287
CMP020,FedEx Corporation,FDX,^GSPC,USD,NYSE,SECONDARY_INDIRECT,Transport & Logistics,False,2025-08-07,177.57220458984375,6340.0,-0.0079046254872297,-0.0007974800154801898,-0.00710714547174951,0.3363377867315809,0.6578891405893963,-0.1231564633896941,2026-02-28,791,ok,0.0005107062227176636,0.9366403186805612,0.2184177621941119,-0.00023624571312308017,-0.007668379774106619,-0.4216067456471795
CMP020,FedEx Corporation,FDX,^GSPC,USD,NYSE,SECONDARY_INDIRECT,Transport & Logistics,False,2025-08-08,180.25164794921875,6389.4501953125,0.015089317416337567,0.007799715348974834,0.007289602067362733,0.3565022117710197,0.6708202039661502,-0.11586686132233137,2026-02-28,791,ok,0.0005107062227176636,0.9366403186805612,0.2184177621941119,0.007816234092799117,0.007273083323538449,-0.41433366232364105
CMP020,FedEx Corporation,FDX,^GSPC,USD,NYSE,SECONDARY_INDIRECT,Transport & Logistics,False,2025-08-11,177.53265380859375,6373.4501953125,-0.015084434298159644,-0.0025041278217863283,-0.012580306476373315,0.3360401432822515,0.6666362566081958,-0.1284471677987047,2026-02-28,791,ok,0.0005107062227176636,0.9366403186805612,0.2184177621941119,-0.0018347608582971423,-0.0132496734398625,-0.42758333576350355
CMP020,FedEx Corporation,FDX,^GSPC,USD,NYSE,SECONDARY_INDIRECT,Transport & Logistics,False,2025-08-12,182.1249237060547,6445.759765625,0.02586718442463032,0.01134543584661274,0.01452174857801758,0.37059974006724294,0.6855449713371828,-0.11392541922068711,2026-02-28,791,ok,0.0005107062227176636,0.9366403186805612,0.2184177621941119,0.011137298869658882,0.014729885554971437,-0.4128534502085321
CMP020,FedEx Corporation,FDX,^GSPC,USD,NYSE,SECONDARY_INDIRECT,Transport & Logistics,False,2025-08-13,182.1881256103516,6466.580078125,0.0003470250145383158,0.0032300788824048965,-0.0028830538678665807,0.371075372461966,0.6909894145544428,-0.11680847308855369,2026-02-28,791,ok,0.0005107062227176636,0.9366403186805612,0.2184177621941119,0.003536128336496737,-0.0031891033219584213,-0.4160425535304905
CMP020,FedEx Corporation,FDX,^GSPC,USD,NYSE,SECONDARY_INDIRECT,Transport & Logistics,False,2025-08-14,182.6386566162109,6468.5400390625,0.0024728889676535193,0.00030309080129242716,0.002169798166361092,0.3744658896243487,0.6915019378910772,-0.1146386749221926,2026-02-28,791,ok,0.0005107062227176636,0.9366403186805612,0.2184177621941119,0.0007945932874293493,0.00167829568022417,-0.41436425785026637
CMP020,FedEx Corporation,FDX,^GSPC,USD,NYSE,SECONDARY_INDIRECT,Transport & Logistics,False,2025-08-15,179.62722778320312,6449.7998046875,-0.01648845260253895,-0.0028971350972291088,-0.013591317505309841,0.3518030739494711,0.6866014282597819,-0.12822999242750244,2026-02-28,791,ok,0.0005107062227176636,0.9366403186805612,0.2184177621941119,-0.0022028673180116472,-0.014285585284527303,-0.42864984313479365
CMP020,FedEx Corporation,FDX,^GSPC,USD,NYSE,SECONDARY_INDIRECT,Transport & Logistics,False,2025-08-18,179.99081420898438,6449.14990234375,0.0020241164453089766,-0.00010076318078544588,0.0021248796260944225,0.35453928078227137,0.686431480935153,-0.12610511280140801,2026-02-28,791,ok,0.0005107062227176636,0.9366403186805612,0.2184177621941119,0.0004163273649555166,0.00160778908035346,-0.4270420540544402
CMP020,FedEx Corporation,FDX,^GSPC,USD,NYSE,SECONDARY_INDIRECT,Transport & Logistics,False,2025-08-19,184.26690673828125,6411.3701171875,0.02375728199291305,-0.005858103118756786,0.029615385111669834,0.38671945244629335,0.6765521914171173,-0.09648972768973818,2026-02-28,791,ok,0.0005107062227176636,0.9366403186805612,0.2184177621941119,-0.004976229349298282,0.028733511342211332,-0.3983085427122288
CMP020,FedEx Corporation,FDX,^GSPC,USD,NYSE,SECONDARY_INDIRECT,Transport & Logistics,False,2025-08-20,179.5877227783203,6395.77978515625,-0.025393512284910158,-0.0024316693228262354,-0.022961842962083923,0.35150577499487445,0.6724753708851312,-0.1194515706518221,2026-02-28,791,ok,0.0005107062227176636,0.9366403186805612,0.2184177621941119,-0.0017668933067400458,-0.023626618978170113,-0.4219351616903989
CMP020,FedEx Corporation,FDX,^GSPC,USD,NYSE,SECONDARY_INDIRECT,Transport & Logistics,False,2025-08-21,178.06222534179688,6370.169921875,-0.008494441674091968,-0.004004181529308926,-0.004490260144783043,0.34002548801698196,0.6657784758968088,-0.12394183079660515,2026-02-28,791,ok,0.0005107062227176636,0.9366403186805612,0.2184177621941119,-0.0032397716409490653,-0.005254670033142903,-0.4271898317235418
CMP020,FedEx Corporation,FDX,^GSPC,USD,NYSE,SECONDARY_INDIRECT,Transport & Logistics,False,2025-08-22,187.1676788330078,6466.91015625,0.05113635681982909,0.015186444876893468,0.03594991194293562,0.4085495095198839,0.6910757288981313,-0.08799191885366953,2026-02-28,791,ok,0.0005107062227176636,0.9366403186805612,0.2184177621941119,0.014734942791835936,0.03640141402799315,-0.3907884176955487
CMP020,FedEx Corporation,FDX,^GSPC,USD,NYSE,SECONDARY_INDIRECT,Transport & Logistics,False,2025-08-25,184.1641540527344,6439.31982421875,-0.016047240629367243,-0.004266385548063467,-0.011780855081303776,0.3859461766022412,0.6838609478476794,-0.0997727739349733,2026-02-28,791,ok,0.0005107062227176636,0.9366403186805612,0.2184177621941119,-0.003485362496634643,-0.012561878132732601,-0.4033502958282813
CMP020,FedEx Corporation,FDX,^GSPC,USD,NYSE,SECONDARY_INDIRECT,Transport & Logistics,False,2025-08-26,182.6623687744141,6465.93994140625,-0.008154601453496113,0.004133995191134998,-0.012288596644631111,0.3746443378960531,0.6908220209086218,-0.11206137057960441,2026-02-28,791,ok,0.0005107062227176636,0.9366403186805612,0.2184177621941119,0.004382772795966256,-0.012537374249462368,-0.4158876700777437
CMP020,FedEx Corporation,FDX,^GSPC,USD,NYSE,SECONDARY_INDIRECT,Transport & Logistics,False,2025-08-27,183.53976440429688,6481.39990234375,0.004803373764228125,0.0023909843081744153,0.0024123894560537096,0.3812472684438477,0.6948647498285301,-0.1096489811235507,2026-02-28,791,ok,0.0005107062227176636,0.9366403186805612,0.2184177621941119,0.002750198527086369,0.002053175237141756,-0.4138344948406019
CMP020,FedEx Corporation,FDX,^GSPC,USD,NYSE,SECONDARY_INDIRECT,Transport & Logistics,False,2025-08-28,182.79673767089844,6501.85986328125,-0.004048314738825276,0.0031567194195349924,-0.007205034158360268,0.3756555447690444,0.7002149622977991,-0.11685401528191097,2026-02-28,791,ok,0.0005107062227176636,0.9366403186805612,0.2184177621941119,0.003467416905816035,-0.007515731644641311,-0.42135022648524323
CMP020,FedEx Corporation,FDX,^GSPC,USD,NYSE,SECONDARY_INDIRECT,Transport & Logistics,False,2025-08-29,182.6386566162109,6460.259765625,-0.0008647914437736048,-0.00639818429357164,0.005533392849798036,0.37446588962434846,0.6893366736303299,-0.11132062243211294,2026-02-28,791,ok,0.0005107062227176636,0.9366403186805612,0.2184177621941119,-0.005482091152990239,0.004617299709216634,-0.4167329267760266
CMP020,FedEx Corporation,FDX,^GSPC,USD,NYSE,SECONDARY_INDIRECT,Transport & Logistics,False,2025-09-02,177.1927947998047,6415.5400390625,-0.029817684368156128,-0.006922279936861564,-0.022895404431294564,0.3334824995527328,0.6776426122678543,-0.1342160268634075,2026-02-28,791,ok,0.0005107062227176636,0.9366403186805612,0.2184177621941119,-0.005972980263340407,-0.02384470410481572,-0.4405776308808423
CMP020,FedEx Corporation,FDX,^GSPC,USD,NYSE,SECONDARY_INDIRECT,Transport & Logistics,False,2025-09-03,178.10964965820312,6448.259765625,0.00517433487876473,0.0051000736279842585,7.426125078047185e-05,0.3403823845603908,0.6861987131118641,-0.13414176561262703,2026-02-28,791,ok,0.0005107062227176636,0.9366403186805612,0.2184177621941119,0.005287640810927165,-0.00011330593216243509,-0.4406909368130047
CMP020,FedEx Corporation,FDX,^GSPC,USD,NYSE,SECONDARY_INDIRECT,Transport & Logistics,False,2025-09-04,178.06222534179688,6502.080078125,-0.00026626472230595333,0.008346486409699372,-0.008612751132005325,0.34002548801698196,0.7002725477549048,-0.14275451674463235,2026-02-28,791,ok,0.0005107062227176636,0.9366403186805612,0.2184177621941119,0.008328361913361455,-0.008594626635667409,-0.4492855634486721
CMP020,FedEx Corporation,FDX,^GSPC,USD,NYSE,SECONDARY_INDIRECT,Transport & Logistics,False,2025-09-05,179.99081420898438,6481.5,0.010830982615686713,-0.003165152978388819,0.013996135594075532,0.3545392807822709,0.6948909250363056,-0.12875838115055682,2026-02-28,791,ok,0.0005107062227176636,0.9366403186805612,0.2184177621941119,-0.002453903671633167,0.013284886287319879,-0.4360006771613522
CMP020,FedEx Corporation,FDX,^GSPC,USD,NYSE,SECONDARY_INDIRECT,Transport & Logistics,False,2025-09-08,178.98057556152344,6495.14990234375,-0.005612723359804117,0.0021059789159529885,-0.0077187022757571055,0.34693662651925194,0.6984603295892722,-0.13647708342631393,2026-02-28,791,ok,0.0005107062227176636,0.9366403186805612,0.2184177621941119,0.002483250985690413,-0.008095974345494531,-0.44409665150684674
CMP020,FedEx Corporation,FDX,^GSPC,USD,NYSE,SECONDARY_INDIRECT,Transport & Logistics,False,2025-09-09,179.57716369628906,6512.60986328125,0.0033332563206589505,0.0026881536531127015,0.000645102667546249,0.3514263115431242,0.7030260519289246,-0.13583198075876768,2026-02-28,791,ok,0.0005107062227176636,0.9366403186805612,0.2184177621941119,0.0030285393170314595,0.000304717003627491,-0.44379193450321924
CMP020,FedEx Corporation,FDX,^GSPC,USD,NYSE,SECONDARY_INDIRECT,Transport & Logistics,False,2025-09-10,179.52944946289062,6532.0400390625,-0.00026570323540209273,0.002983469943562689,-0.0032491731789647815,0.35106723319973976,0.7081069789679588,-0.13908115393773246,2026-02-28,791,ok,0.0005107062227176636,0.9366403186805612,0.2184177621941119,0.0033051444614300967,-0.0035708476968321894,-0.44736278220005143
CMP020,FedEx Corporation,FDX,^GSPC,USD,NYSE,SECONDARY_INDIRECT,Transport & Logistics,False,2025-09-11,182.0113220214844,6587.47021484375,0.013824319998857915,0.008485890387959882,0.005338429610898032,0.3697448189714645,0.7226017875623902,-0.13374272432683443,2026-02-28,791,ok,0.0005107062227176636,0.9366403186805612,0.2184177621941119,0.00845893329998472,0.005365386698873195,-0.4419973955011782
CMP020,FedEx Corporation,FDX,^GSPC,USD,NYSE,SECONDARY_INDIRECT,Transport & Logistics,False,2025-09-12,182.59996032714844,6584.2900390625,0.0032340752164556896,-0.00048276131466740146,0.003716836531123091,0.3741746767433687,0.7217701820587783,-0.13002588779571134,2026-02-28,791,ok,0.0005107062227176636,0.9366403186805612,0.2184177621941119,5.8532511100942034e-05,0.0031755427053547476,-0.4388218527958235
CMP020,FedEx Corporation,FDX,^GSPC,USD,NYSE,SECONDARY_INDIRECT,Transport & Logistics,False,2025-09-15,179.52944946289062,6615.27978515625,-0.01681550674357568,0.004706619226962694,-0.021522125970538375,0.35106723319973954,0.7298738987020672,-0.1515480137662497,2026-02-28,791,ok,0.0005107062227176636,0.9366403186805612,0.2184177621941119,0.004919115555368058,-0.02173462229894374,-0.4605564750947672
CMP020,FedEx Corporation,FDX,^GSPC,USD,NYSE,SECONDARY_INDIRECT,Transport & Logistics,False,2025-09-16,181.1283416748047,6606.759765625,0.008906016348279255,-0.0012879303382402618,0.010193946686519517,0.36309986006624073,0.7276459416265988,-0.1413540670797302,2026-02-28,791,ok,0.0005107062227176636,0.9366403186805612,0.2184177621941119,-0.0006956212597300582,0.009601637608009313,-0.4509548374867579
CMP020,FedEx Corporation,FDX,^GSPC,USD,NYSE,SECONDARY_INDIRECT,Transport & Logistics,False,2025-09-17,179.60105895996094,6600.35009765625,-0.008432047136973209,-0.0009701681605103207,-0.007461878976462888,0.3516061377937607,0.7259698345413979,-0.14881594605619308,2026-02-28,791,ok,0.0005107062227176636,0.9366403186805612,0.2184177621941119,-0.000397992392316457,-0.008034054744656752,-0.45898889223141465
CMP020,FedEx Corporation,FDX,^GSPC,USD,NYSE,SECONDARY_INDIRECT,Transport & Logistics,False,2025-09-18,180.1737823486328,6631.9599609375,0.0031888642081980834,0.004789119185128365,-0.001600254976930282,0.35591622623015207,0.7342357097889529,-0.15041620103312336,2026-02-28,791,ok,0.0005107062227176636,0.9366403186805612,0.2184177621941119,0.0049963883424754855,-0.0018075241342774022,-0.4607964163656921
CMP020,FedEx Corporation,FDX,^GSPC,USD,NYSE,SECONDARY_INDIRECT,Transport & Logistics,False,2025-09-19,184.34999084472656,6664.35986328125,0.023178780184637926,0.004885418870829605,0.01829336131380832,0.38734471038672447,0.7427081776520223,-0.13212283971931504,2026-02-28,791,ok,0.0005107062227176636,0.9366403186805612,0.2184177621941119,0.005086586510779532,0.018092193673858392,-0.4427042226918337
CMP020,FedEx Corporation,FDX,^GSPC,USD,NYSE,SECONDARY_INDIRECT,Transport & Logistics,False,2025-09-22,183.05337524414065,6693.75,-0.00703344542977502,0.004410046474333074,-0.011443491904108094,0.37758689707393245,0.7503936017066681,-0.14356633162342314,2026-02-28,791,ok,0.0005107062227176636,0.9366403186805612,0.2184177621941119,0.004641333557833078,-0.0116747789876081,-0.4543790016794418
CMP020,FedEx Corporation,FDX,^GSPC,USD,NYSE,SECONDARY_INDIRECT,Transport & Logistics,False,2025-09-23,185.90115356445312,6656.919921875,0.015557092659528093,-0.005502159197012135,0.02105925185654023,0.3990181440782634,0.7407626574526467,-0.12250707976688291,2026-02-28,791,ok,0.0005107062227176636,0.9366403186805612,0.2184177621941119,-0.0046428379210029635,0.02019993058053106,-0.43417907109891074
CMP020,FedEx Corporation,FDX,^GSPC,USD,NYSE,SECONDARY_INDIRECT,Transport & Logistics,False,2025-09-24,185.94093322753903,6637.97021484375,0.0002139828738185745,-0.002846617843333288,0.0030606007171518623,0.3993175100012576,0.7358073714109337,-0.11944647904973105,2026-02-28,791,ok,0.0005107062227176636,0.9366403186805612,0.2184177621941119,-0.002155550821223799,0.0023695336950423735,-0.43180953740386835
CMP020,FedEx Corporation,FDX,^GSPC,USD,NYSE,SECONDARY_INDIRECT,Transport & Logistics,False,2025-09-25,188.06483459472656,6604.72021484375,0.01142245190621094,-0.0050090613431266195,0.01643151324933756,0.4153011469607657,0.7271126058076849,-0.10301496580039349,2026-02-28,791,ok,0.0005107062227176636,0.9366403186805612,0.2184177621941119,-0.004180982589998933,0.015603434496209873,-0.41620610290765847
CMP020,FedEx Corporation,FDX,^GSPC,USD,NYSE,SECONDARY_INDIRECT,Transport & Logistics,False,2025-09-26,189.178466796875,6643.7001953125,0.005921533414517732,0.005901836747171263,1.9696667346469354e-05,0.4236818999940992,0.7373057424511433,-0.10299526913304702,2026-02-28,791,ok,0.0005107062227176636,0.9366403186805612,0.2184177621941119,0.006038604474388802,-0.00011707105987106975,-0.41632317396752955
CMP020,FedEx Corporation,FDX,^GSPC,USD,NYSE,SECONDARY_INDIRECT,Transport & Logistics,False,2025-09-29,188.19210815429688,6661.2099609375,-0.005213905468623992,0.00263554421636214,-0.007849449684986132,0.41625895715013894,0.7418844885527132,-0.11084471881803315,2026-02-28,791,ok,0.0005107062227176636,0.9366403186805612,0.2184177621941119,0.0029792631974278087,-0.008193168666051801,-0.42451634263358135
CMP020,FedEx Corporation,FDX,^GSPC,USD,NYSE,SECONDARY_INDIRECT,Transport & Logistics,False,2025-09-30,187.57958984375,6688.4599609375,-0.0032547502472562995,0.0040908483833717035,-0.007345598630628003,0.4116493879591756,0.7490102738967293,-0.11819031744866115,2026-02-28,791,ok,0.0005107062227176636,0.9366403186805612,0.2184177621941119,0.004342359756192795,-0.007597110003449094,-0.43211345263703044
CMP020,FedEx Corporation,FDX,^GSPC,USD,NYSE,SECONDARY_INDIRECT,Transport & Logistics,False,2025-10-01,190.5546417236328,6711.2001953125,0.015860211030213733,0.003399920834961989,0.012460290195251744,0.43403844515288026,0.7549567703675133,-0.10573002725340941,2026-02-28,791,ok,0.0005107062227176636,0.9366403186805612,0.2184177621941119,0.003695209157065141,0.012165001873148593,-0.4199484507638818
CMP020,FedEx Corporation,FDX,^GSPC,USD,NYSE,SECONDARY_INDIRECT,Transport & Logistics,False,2025-10-02,192.7581024169922,6715.35009765625,0.01156340603109074,0.0006183547238911569,0.010945051307199583,0.45062081395837716,0.7560419561766949,-0.09478497594620983,2026-02-28,791,ok,0.0005107062227176636,0.9366403186805612,0.2184177621941119,0.0010898821883607072,0.010473523842730032,-0.4094749269211518
CMP020,FedEx Corporation,FDX,^GSPC,USD,NYSE,SECONDARY_INDIRECT,Transport & Logistics,False,2025-10-03,194.5797271728516,6715.7900390625,0.009450314840300233,6.551280273581206e-05,0.009384802037564421,0.4643296373641763,0.7561569994069657,-0.0854001739086454,2026-02-28,791,ok,0.0005107062227176636,0.9366403186805612,0.2184177621941119,0.0005720681551497914,0.008878246685150443,-0.40059668023600137
CMP020,FedEx Corporation,FDX,^GSPC,USD,NYSE,SECONDARY_INDIRECT,Transport & Logistics,False,2025-10-06,196.50474548339844,6740.27978515625,0.009893211068369823,0.0036465919796933033,0.006246619088676519,0.47881655954028957,0.7625609874360855,-0.07915355481996889,2026-02-28,791,ok,0.0005107062227176636,0.9366403186805612,0.2184177621941119,0.003926251296675578,0.005966959771694245,-0.3946297204643071
CMP020,FedEx Corporation,FDX,^GSPC,USD,NYSE,SECONDARY_INDIRECT,Transport & Logistics,False,2025-10-07,192.7660675048828,6714.58984375,-0.019025891559608543,-0.0038114057910215715,-0.015214485768586972,0.4506807560419226,0.755843152281543,-0.09436804058855586,2026-02-28,791,ok,0.0005107062227176636,0.9366403186805612,0.2184177621941119,-0.0030592101120057178,-0.015966681447602826,-0.41059640191190994
CMP020,FedEx Corporation,FDX,^GSPC,USD,NYSE,SECONDARY_INDIRECT,Transport & Logistics,False,2025-10-08,190.85690307617188,6753.72021484375,-0.009904048224994688,0.0058276636405680815,-0.01573171186556277,0.43631314387501163,0.7660756155786346,-0.11009975245411863,2026-02-28,791,ok,0.0005107062227176636,0.9366403186805612,0.2184177621941119,0.0059691309521824705,-0.01587317917717716,-0.4264695810890871
CMP020,FedEx Corporation,FDX,^GSPC,USD,NYSE,SECONDARY_INDIRECT,Transport & Logistics,False,2025-10-09,188.5261993408203,6735.10986328125,-0.01221178641058307,-0.002755570407195318,-0.009456216003387752,0.41877319454329687,0.7612090698754768,-0.11955596845750638,2026-02-28,791,ok,0.0005107062227176636,0.9366403186805612,0.2184177621941119,-0.002070272121624483,-0.010141514288958587,-0.4366110953780457
CMP020,FedEx Corporation,FDX,^GSPC,USD,NYSE,SECONDARY_INDIRECT,Transport & Logistics,False,2025-10-10,178.68624877929688,6552.509765625,-0.05219407486030436,-0.02711167321141361,-0.02508240164889075,0.34472164021751084,0.7134597451160352,-0.14463837010639713,2026-02-28,791,ok,0.0005107062227176636,0.9366403186805612,0.2184177621941119,-0.024883180013984017,-0.027310894846320346,-0.46392199022436603
CMP020,FedEx Corporation,FDX,^GSPC,USD,NYSE,SECONDARY_INDIRECT,Transport & Logistics,False,2025-10-13,182.6795196533203,6654.72021484375,0.022347947317175487,0.015598671787557583,0.006749275529617904,0.3747734085893575,0.7401874413012923,-0.13788909457677923,2026-02-28,791,ok,0.0005107062227176636,0.9366403186805612,0.2184177621941119,0.015121051136809078,0.007226896180366409,-0.4566950940439996
CMP020,FedEx Corporation,FDX,^GSPC,USD,NYSE,SECONDARY_INDIRECT,Transport & Logistics,False,2025-10-14,186.6727600097656,6644.31005859375,0.021859266786027565,-0.0015643266604626893,0.023423593446490254,0.40482494729804874,0.7374652196926623,-0.11446550113028897,2026-02-28,791,ok,0.0005107062227176636,0.9366403186805612,0.2184177621941119,-0.0009545051990586077,0.022813771985086172,-0.43388132205891344
CMP020,FedEx Corporation,FDX,^GSPC,USD,NYSE,SECONDARY_INDIRECT,Transport & Logistics,False,2025-10-15,187.57164001464844,6671.06005859375,0.004815271413117994,0.004026001159503689,0.0007892702536143048,0.411589560707208,0.7444602566817422,-0.11367623087667467,2026-02-28,791,ok,0.0005107062227176636,0.9366403186805612,0.2184177621941119,0.004281621231763508,0.0005336501813544862,-0.43334767187755896
CMP020,FedEx Corporation,FDX,^GSPC,USD,NYSE,SECONDARY_INDIRECT,Transport & Logistics,False,2025-10-16,188.45458984375,6629.06982421875,0.004707267202187948,-0.006294387099829435,0.011001654302017383,0.4182342899492759,0.7334799485459196,-0.10267457657465728,2026-02-28,791,ok,0.0005107062227176636,0.9366403186805612,0.2184177621941119,-0.005384870516365392,0.01009213771855334,-0.42325553415900563
CMP020,FedEx Corporation,FDX,^GSPC,USD,NYSE,SECONDARY_INDIRECT,Transport & Logistics,False,2025-10-17,189.1625823974609,6664.009765625,0.0037568336982289896,0.0052707155502571545,-0.001513881852028165,0.4235623603217413,0.7426166282667794,-0.10418845842668545,2026-02-28,791,ok,0.0005107062227176636,0.9366403186805612,0.2184177621941119,0.005447470915385114,-0.0016906372171561247,-0.42494617137616175
CMP020,FedEx Corporation,FDX,^GSPC,USD,NYSE,SECONDARY_INDIRECT,Transport & Logistics,False,2025-10-20,190.761474609375,6735.1298828125,0.008452476127411623,0.010672270853256949,-0.0022197947258453254,0.4355949871882425,0.7612143049170319,-0.10640825315253077,2026-02-28,791,ok,0.0005107062227176636,0.9366403186805612,0.2184177621941119,0.010506785395757516,-0.002054309268345893,-0.42700048064450763
CMP020,FedEx Corporation,FDX,^GSPC,USD,NYSE,SECONDARY_INDIRECT,Transport & Logistics,False,2025-10-21,193.1717529296875,6735.35009765625,0.012635037159615559,3.2696450934288634e-05,0.01260234070868127,0.4537337831975239,0.7612718903741373,-0.0938059124438495,2026-02-28,791,ok,0.0005107062227176636,0.9366403186805612,0.2184177621941119,0.000541331036940479,0.01209370612267508,-0.41490677452183256
CMP020,FedEx Corporation,FDX,^GSPC,USD,NYSE,SECONDARY_INDIRECT,Transport & Logistics,False,2025-10-22,190.4432830810547,6699.39990234375,-0.014124579847996421,-0.005337539220865439,-0.008787040627130982,0.4332004042990205,0.7518710325806575,-0.10259295307098049,2026-02-28,791,ok,0.0005107062227176636,0.9366403186805612,0.2184177621941119,-0.004488648214083736,-0.009635931633912687,-0.42454270615574524
CMP020,FedEx Corporation,FDX,^GSPC,USD,NYSE,SECONDARY_INDIRECT,Transport & Logistics,False,2025-10-23,189.45689392089844,6738.43994140625,-0.005179437910322271,0.0058273934429324825,-0.011006831353254753,0.42577723179190485,0.7620798743487813,-0.11359978442423524,2026-02-28,791,ok,0.0005107062227176636,0.9366403186805612,0.2184177621941119,0.005968877874182956,-0.011148315784505227,-0.43569102194025044
CMP020,FedEx Corporation,FDX,^GSPC,USD,NYSE,SECONDARY_INDIRECT,Transport & Logistics,False,2025-10-24,191.827392578125,6791.68994140625,0.012512073898014453,0.00790242258787388,0.004609651310140572,0.4436166618781916,0.7760045741494732,-0.10899013311409467,2026-02-28,791,ok,0.0005107062227176636,0.9366403186805612,0.2184177621941119,0.00791243383377232,0.004599640064242133,-0.4310913818760083
CMP020,FedEx Corporation,FDX,^GSPC,USD,NYSE,SECONDARY_INDIRECT,Transport & Logistics,False,2025-10-27,196.7513427734375,6875.16015625,0.025668649972954816,0.012290050865671143,0.013378599107283673,0.4806723526670684,0.7978317607034349,-0.095611534006811,2026-02-28,791,ok,0.0005107062227176636,0.9366403186805612,0.2184177621941119,0.012022063382140189,0.013646586590814627,-0.4174447952851937
CMP020,FedEx Corporation,FDX,^GSPC,USD,NYSE,SECONDARY_INDIRECT,Transport & Logistics,False,2025-10-28,198.50933837890625,6890.89013671875,0.008935113634741976,0.0022879438603986557,0.00664716977434332,0.4939023283939694,0.801945098842366,-0.08896436423246767,2026-02-28,791,ok,0.0005107062227176636,0.9366403186805612,0.2184177621941119,0.002653686689244694,0.006281426945497282,-0.4111633683396964
CMP020,FedEx Corporation,FDX,^GSPC,USD,NYSE,SECONDARY_INDIRECT,Transport & Logistics,False,2025-10-29,198.5809326171875,6890.58984375,0.0003606592962623889,-4.3578255173426506e-05,0.0004042375514358154,0.4944411181564128,0.8018665732190402,-0.08856012668103186,2026-02-28,791,ok,0.0005107062227176636,0.9366403186805612,0.2184177621941119,0.0004698890719044826,-0.0001092297756420937,-0.4112725981153385
CMP020,FedEx Corporation,FDX,^GSPC,USD,NYSE,SECONDARY_INDIRECT,Transport & Logistics,False,2025-10-30,198.01614379882807,6822.33984375,-0.0028441241105872095,-0.00990481243951924,0.00706068832893203,0.49019074214041125,0.7840194227702664,-0.08149943835209983,2026-02-28,791,ok,0.0005107062227176636,0.9366403186805612,0.2184177621941119,-0.008766540457104824,0.005922416346517615,-0.40535018176882087
CMP020,FedEx Corporation,FDX,^GSPC,USD,NYSE,SECONDARY_INDIRECT,Transport & Logistics,False,2025-10-31,201.906005859375,6840.2001953125,0.01964416630847432,0.0026179217059763005,0.01702624460249802,0.5194642969103662,0.7886898459410199,-0.06447319374960181,2026-02-28,791,ok,0.0005107062227176636,0.9366403186805612,0.2184177621941119,0.002962757243684064,0.016681409064790258,-0.3886687727040306
CMP020,FedEx Corporation,FDX,^GSPC,USD,NYSE,SECONDARY_INDIRECT,Transport & Logistics,False,2025-11-03,201.24575805664065,6851.97021484375,-0.0032700751021452756,0.0017207127269924793,-0.004990787829137755,0.5144955345444409,0.7917676673235727,-0.06946398157873956,2026-02-28,791,ok,0.0005107062227176636,0.9366403186805612,0.2184177621941119,0.002122395139685597,-0.005392470241830873,-0.3940612429458615
CMP020,FedEx Corporation,FDX,^GSPC,USD,NYSE,SECONDARY_INDIRECT,Transport & Logistics,False,2025-11-04,200.3627777099609,6771.5498046875,-0.004387572464663925,-0.011736830084583816,0.007349257619919891,0.5078505756392171,0.7707379946611448,-0.06211472395881967,2026-02-28,791,ok,0.0005107062227176636,0.9366403186805612,0.2184177621941119,-0.01048248204800652,0.0060949095833425955,-0.3879663333625189
CMP020,FedEx Corporation,FDX,^GSPC,USD,NYSE,SECONDARY_INDIRECT,Transport & Logistics,False,2025-11-05,203.7196502685547,6796.2900390625,0.016753972953265306,0.0036535556982648654,0.01310041725500044,0.5331130634010421,0.7772074845516732,-0.04901430670381923,2026-02-28,791,ok,0.0005107062227176636,0.9366403186805612,0.2184177621941119,0.003932773796257647,0.012821199157007659,-0.37514513420551127
CMP020,FedEx Corporation,FDX,^GSPC,USD,NYSE,SECONDARY_INDIRECT,Transport & Logistics,False,2025-11-06,205.9151611328125,6720.31982421875,0.010777118757879123,-0.011178189042419073,0.021955307800298196,0.549635604954571,0.7573415233217526,-0.027058998903521037,2026-02-28,791,ok,0.0005107062227176636,0.9366403186805612,0.2184177621941119,-0.009959236324245295,0.020736355082124416,-0.35440877912338686
CMP020,FedEx Corporation,FDX,^GSPC,USD,NYSE,SECONDARY_INDIRECT,Transport & Logistics,False,2025-11-07,208.4845123291016,6728.7998046875,0.012477717435443791,0.0012618418007710464,0.011215875634672745,0.5689715201610972,0.7595590103141108,-0.01584312326884829,2026-02-28,791,ok,0.0005107062227176636,0.9366403186805612,0.2184177621941119,0.0016925981291163097,0.010785119306327482,-0.3436236598170594
CMP020,FedEx Corporation,FDX,^GSPC,USD,NYSE,SECONDARY_INDIRECT,Transport & Logistics,False,2025-11-10,201.961669921875,6832.43017578125,-0.03128693989954523,0.01540101862170995,-0.04668795852125518,0.5198832025057187,0.786658011397956,-0.06253108179010347,2026-02-28,791,ok,0.0005107062227176636,0.9366403186805612,0.2184177621941119,0.014935921212561327,-0.04622286111210656,-0.38984652092916594
CMP020,FedEx Corporation,FDX,^GSPC,USD,NYSE,SECONDARY_INDIRECT,Transport & Logistics,False,2025-11-11,212.9630279541016,6846.60986328125,0.05447250479005383,0.002075350517340535,0.0523971542727133,0.6026750475345339,0.7903659530262213,-0.010133927517390173,2026-02-28,791,ok,0.0005107062227176636,0.9366403186805612,0.2184177621941119,0.0024545631926533697,0.05201794159740046,-0.33782857933176547
CMP020,FedEx Corporation,FDX,^GSPC,USD,NYSE,SECONDARY_INDIRECT,Transport & Logistics,False,2025-11-12,213.71871948242188,6850.919921875,0.0035484634848597096,0.0006295171887717999,0.00291894629608791,0.608362081418806,0.7914930191678431,-0.0072149812213022635,2026-02-28,791,ok,0.0005107062227176636,0.9366403186805612,0.2184177621941119,0.0011003374030237733,0.0024481260818359366,-0.33538045324992954
CMP020,FedEx Corporation,FDX,^GSPC,USD,NYSE,SECONDARY_INDIRECT,Transport & Logistics,False,2025-11-13,212.66075134277344,6737.490234375,-0.004950282980408005,-0.01655685496159698,0.011606571981188973,0.600400233980825,0.7618315290847677,0.00439159075988671,2026-02-28,791,ok,0.0005107062227176636,0.9366403186805612,0.2184177621941119,-0.014997111684860362,0.010046828704452357,-0.3253336245454772
CMP020,FedEx Corporation,FDX,^GSPC,USD,NYSE,SECONDARY_INDIRECT,Transport & Logistics,False,2025-11-14,212.83575439453125,6734.10986328125,0.0008229212520542983,-0.0005017255648851471,0.0013246468169394454,0.6017172373451605,0.7609475731656052,0.005716237576826155,2026-02-28,791,ok,0.0005107062227176636,0.9366403186805612,0.2184177621941119,4.0769829733454865e-05,0.0007821514223208435,-0.32455147312315635
CMP020,FedEx Corporation,FDX,^GSPC,USD,NYSE,SECONDARY_INDIRECT,Transport & Logistics,False,2025-11-17,210.5845642089844,6672.41015625,-0.010577124092476686,-0.00916226617680782,-0.0014148579156688657,0.5847756753647018,0.7448133027768582,0.00430137966115729,2026-02-28,791,ok,0.0005107062227176636,0.9366403186805612,0.2184177621941119,-0.008071041688963741,-0.002506082403512945,-0.3270575555266693
CMP020,FedEx Corporation,FDX,^GSPC,USD,NYSE,SECONDARY_INDIRECT,Transport & Logistics,False,2025-11-18,209.27203369140625,6617.31982421875,-0.006232795468691599,-0.008256436690967983,0.0020236412222763844,0.574898092716396,0.7304073622049223,0.006325020883433674,2026-02-28,791,ok,0.0005107062227176636,0.9366403186805612,0.2184177621941119,-0.0072226052706764665,0.0009898098019848678,-0.32606774572468444
CMP020,FedEx Corporation,FDX,^GSPC,USD,NYSE,SECONDARY_INDIRECT,Transport & Logistics,False,2025-11-19,208.86636352539065,6642.16015625,-0.001938482456828372,0.0037538357962292324,-0.005692318253057604,0.5718451803923728,0.7369030273032258,0.0006327026303760697,2026-02-28,791,ok,0.0005107062227176636,0.9366403186805612,0.2184177621941119,0.00402670017917231,-0.005965182636000682,-0.3320329283606851
CMP020,FedEx Corporation,FDX,^GSPC,USD,NYSE,SECONDARY_INDIRECT,Transport & Logistics,False,2025-11-20,209.28794860839844,6538.759765625,0.0020184441184878388,-0.015567283563270418,0.017585727681758256,0.5750178620519093,0.7098641653552937,0.018218430312134326,2026-02-28,791,ok,0.0005107062227176636,0.9366403186805612,0.2184177621941119,-0.014070239214974602,0.01608868333346244,-0.3159442450272227
CMP020,FedEx Corporation,FDX,^GSPC,USD,NYSE,SECONDARY_INDIRECT,Transport & Logistics,False,2025-11-21,214.32327270507807,6602.990234375,0.024059312206749617,0.009823035415319481,0.014236276791430136,0.6129117085262235,0.7266602216069644,0.03245470710356446,2026-02-28,791,ok,0.0005107062227176636,0.9366403186805612,0.2184177621941119,0.009711357244532941,0.014347954962216676,-0.301596290065006
CMP020,FedEx Corporation,FDX,^GSPC,USD,NYSE,SECONDARY_INDIRECT,Transport & Logistics,False,2025-11-24,212.3743438720703,6705.1201171875,-0.009093407395330377,0.015467217001293498,-0.024560624396623876,0.5982448452678961,0.7533668499420609,0.007894082706940586,2026-02-28,791,ok,0.0005107062227176636,0.9366403186805612,0.2184177621941119,0.0149979252839106,-0.024091332679240976,-0.32568762274424695
CMP020,FedEx Corporation,FDX,^GSPC,USD,NYSE,SECONDARY_INDIRECT,Transport & Logistics,False,2025-11-25,217.8551483154297,6765.8798828125,0.025807281347792532,0.009061696817220577,0.016745584530571955,0.6394911996523838,0.769255328745601,0.02463966723751254,2026-02-28,791,ok,0.0005107062227176636,0.9366403186805612,0.2184177621941119,0.008998256817385772,0.01680902453040676,-0.30887859821384017
CMP020,FedEx Corporation,FDX,^GSPC,USD,NYSE,SECONDARY_INDIRECT,Transport & Logistics,False,2025-11-26,219.4142608642578,6812.60986328125,0.007156647712408981,0.006906711511012631,0.0002499362013963502,0.6512244605958906,0.7814750648905686,0.02488960343890889,2026-02-28,791,ok,0.0005107062227176636,0.9366403186805612,0.2184177621941119,0.006979810693427234,0.00017683701898174673,-0.3087017611948584
CMP020,FedEx Corporation,FDX,^GSPC,USD,NYSE,SECONDARY_INDIRECT,Transport & Logistics,False,2025-11-28,219.29495239257807,6849.08984375,-0.0005437589663033204,0.005354773163420257,-0.005898532129723577,0.6503265924900621,0.7910144597593469,0.018991071309185314,2026-02-28,791,ok,0.0005107062227176636,0.9366403186805612,0.2184177621941119,0.005526202664965729,-0.00606996163126905,-0.3147717228261275
CMP020,FedEx Corporation,FDX,^GSPC,USD,NYSE,SECONDARY_INDIRECT,Transport & Logistics,False,2025-12-01,217.4335479736328,6812.6298828125,-0.008488131617425454,-0.005323329342915684,-0.0031648022745097704,0.6363184031612692,0.7814802999321238,0.015826269034675544,2026-02-28,791,ok,0.0005107062227176636,0.9366403186805612,0.2184177621941119,-0.004475338669472465,-0.004012792947952989,-0.31878451577408046
CMP020,FedEx Corporation,FDX,^GSPC,USD,NYSE,SECONDARY_INDIRECT,Transport & Logistics,False,2025-12-02,215.07101440429688,6829.3701171875,-0.010865543019251245,0.002457235261999813,-0.013322778281251058,0.6185389151585279,0.7858578161436749,0.0025034907534244866,2026-02-28,791,ok,0.0005107062227176636,0.9366403186805612,0.2184177621941119,0.002812251841590281,-0.013677794860841527,-0.332462310634922
CMP020,FedEx Corporation,FDX,^GSPC,USD,NYSE,SECONDARY_INDIRECT,Transport & Logistics,False,2025-12-03,215.13465881347656,6849.72021484375,0.0002959227646550655,0.0029797912994984355,-0.00268386853484337,0.6190178776690034,0.7911792997263611,-0.0001803777814188834,2026-02-28,791,ok,0.0005107062227176636,0.9366403186805612,0.2184177621941119,0.0033016988950814417,-0.0030057761304263762,-0.33546808676534834
CMP020,FedEx Corporation,FDX,^GSPC,USD,NYSE,SECONDARY_INDIRECT,Transport & Logistics,False,2025-12-04,217.9983367919922,6857.1201171875,0.013311095452074317,0.0010803218396737702,0.012230773612400547,0.6405687791772703,0.7931143498426272,0.012050395830981664,2026-02-28,791,ok,0.0005107062227176636,0.9366403186805612,0.2184177621941119,0.0015225792149072739,0.011788516237167044,-0.3236795705281813
CMP020,FedEx Corporation,FDX,^GSPC,USD,NYSE,SECONDARY_INDIRECT,Transport & Logistics,False,2025-12-05,218.1892547607422,6870.39990234375,0.0008757771805028014,0.001936641757662061,-0.0010608645771592595,0.642005551877119,0.7965869699687955,0.010989531253822404,2026-02-28,791,ok,0.0005107062227176636,0.9366403186805612,0.2184177621941119,0.0023246429757843388,-0.0014488657952815374,-0.32512843632346283
CMP020,FedEx Corporation,FDX,^GSPC,USD,NYSE,SECONDARY_INDIRECT,Transport & Logistics,False,2025-12-08,220.05860900878903,6846.509765625,0.008567581616687248,-0.003477255626794018,0.012044837243481266,0.6560735684578798,0.7903397778184467,0.02303436849730367,2026-02-28,791,ok,0.0005107062227176636,0.9366403186805612,0.2184177621941119,-0.00274623159569646,0.011313813212383707,-0.3138146231110791
CMP020,FedEx Corporation,FDX,^GSPC,USD,NYSE,SECONDARY_INDIRECT,Transport & Logistics,False,2025-12-09,218.85743713378903,6840.509765625,-0.005458418011503596,-0.0008763589340257116,-0.004582059077477885,0.6470340266634342,0.7887707975592138,0.018452309419825785,2026-02-28,791,ok,0.0005107062227176636,0.9366403186805612,0.2184177621941119,-0.0003101268885267358,-0.005148291122976861,-0.318962914234056
CMP020,FedEx Corporation,FDX,^GSPC,USD,NYSE,SECONDARY_INDIRECT,Transport & Logistics,False,2025-12-10,226.15985107421875,6886.68017578125,0.03336607627350441,0.00674955693920154,0.02661651933430287,0.7019890896221435,0.8008442079085205,0.045068828754128654,2026-02-28,791,ok,0.0005107062227176636,0.9366403186805612,0.2184177621941119,0.006832613385203987,0.02653346288830042,-0.29242945134575554
CMP020,FedEx Corporation,FDX,^GSPC,USD,NYSE,SECONDARY_INDIRECT,Transport & Logistics,False,2025-12-11,226.53372192382807,6901.0,0.0016531265290169461,0.002079350841514227,-0.0004262243124972809,0.7048026929382951,0.8045887948276711,0.04464260444163137,2026-02-28,791,ok,0.0005107062227176636,0.9366403186805612,0.2184177621941119,0.0024583100575622423,-0.0008051835285452962,-0.29323463487430085
CMP020,FedEx Corporation,FDX,^GSPC,USD,NYSE,SECONDARY_INDIRECT,Transport & Logistics,False,2025-12-12,226.1837158203125,6827.41015625,-0.0015450507789442902,-0.010663649289958,0.009118598511013709,0.7021686862096246,0.7853452928070408,0.05376120295264508,2026-02-28,791,ok,0.0005107062227176636,0.9366403186805612,0.2184177621941119,-0.009477297646526337,0.007932246867582047,-0.2853023880067188
CMP020,FedEx Corporation,FDX,^GSPC,USD,NYSE,SECONDARY_INDIRECT,Transport & Logistics,False,2025-12-15,224.85647583007807,6816.509765625,-0.005867973233266821,-0.0015965630269072495,-0.004271410206359572,0.6921804059204415,0.7824948765222821,0.04948979274628551,2026-02-28,791,ok,0.0005107062227176636,0.9366403186805612,0.2184177621941119,-0.0009846990795983439,-0.004883274153668477,-0.29018566216038727
CMP020,FedEx Corporation,FDX,^GSPC,USD,NYSE,SECONDARY_INDIRECT,Transport & Logistics,False,2025-12-16,225.8399200439453,6800.259765625,0.004373653061299443,-0.0023839179519623555,0.006757571013261798,0.6995814159330664,0.7782455549868597,0.05624736375954731,2026-02-28,791,ok,0.0005107062227176636,0.9366403186805612,0.2184177621941119,-0.0017221674475166677,0.006095820508816111,-0.28408984165157114
CMP020,FedEx Corporation,FDX,^GSPC,USD,NYSE,SECONDARY_INDIRECT,Transport & Logistics,False,2025-12-17,225.64002990722656,6721.43017578125,-0.000885096561670129,-0.011592143912241393,0.010707047350571264,0.6980771222655455,0.7576318766021484,0.06695441111011857,2026-02-28,791,ok,0.0005107062227176636,0.9366403186805612,0.2184177621941119,-0.010346963145435041,0.009461866583764912,-0.27462797506780623
CMP020,FedEx Corporation,FDX,^GSPC,USD,NYSE,SECONDARY_INDIRECT,Transport & Logistics,False,2025-12-18,229.5657958984375,6774.759765625,0.01739835787481958,0.007934262269941872,0.00946409560487771,0.7276208757377653,0.7715773888851198,0.07641850671499628,2026-02-28,791,ok,0.0005107062227176636,0.9366403186805612,0.2184177621941119,0.007942256163731171,0.00945610171108841,-0.2651718733567178
CMP020,FedEx Corporation,FDX,^GSPC,USD,NYSE,SECONDARY_INDIRECT,Transport & Logistics,False,2025-12-19,230.89303588867188,6834.5,0.00578152326673953,0.008818059450332205,-0.003036536183592675,0.7376091560269482,0.7871992636211731,0.0733819705314036,2026-02-28,791,ok,0.0005107062227176636,0.9366403186805612,0.2184177621941119,0.008770056236420954,-0.002988532969681424,-0.26816040632639926
CMP020,FedEx Corporation,FDX,^GSPC,USD,NYSE,SECONDARY_INDIRECT,Transport & Logistics,False,2025-12-22,234.0912322998047,6878.490234375,0.013851419982519042,0.006436496360377575,0.007414923622141467,0.7616775102125479,0.7987025651767403,0.08079689415354507,2026-02-28,791,ok,0.0005107062227176636,0.9366403186805612,0.2184177621941119,0.006539388224887988,0.007312031757631054,-0.2608483745687682
CMP020,FedEx Corporation,FDX,^GSPC,USD,NYSE,SECONDARY_INDIRECT,Transport & Logistics,False,2025-12-23,236.0341339111328,6909.7900390625,0.008299762414167633,0.004550388765703239,0.0037493736484643936,0.7762990149976945,0.8068873611221621,0.08454626780200947,2026-02-28,791,ok,0.0005107062227176636,0.9366403186805612,0.2184177621941119,0.004772783806346391,0.003526978607821242,-0.25732139596094694
CMP020,FedEx Corporation,FDX,^GSPC,USD,NYSE,SECONDARY_INDIRECT,Transport & Logistics,False,2025-12-24,236.58583068847656,6932.0498046875,0.002337360144492706,0.0032214822012188726,-0.0008841220567261665,0.7804508655200517,0.8127082165956245,0.0836621457452833,2026-02-28,791,ok,0.0005107062227176636,0.9366403186805612,0.2184177621941119,0.003528076338291064,-0.001190716193798358,-0.2585121121547453
CMP020,FedEx Corporation,FDX,^GSPC,USD,NYSE,SECONDARY_INDIRECT,Transport & Logistics,False,2025-12-26,236.9296112060547,6929.93994140625,0.0014530900543692216,-0.00030436354912266594,0.0017574536034918875,0.7830380209650321,0.8121564942892976,0.08541959934877519,2026-02-28,791,ok,0.0005107062227176636,0.9366403186805612,0.2184177621941119,0.0002256270510726632,0.0012274630032965584,-0.2572846491514487
CMP020,FedEx Corporation,FDX,^GSPC,USD,NYSE,SECONDARY_INDIRECT,Transport & Logistics,False,2025-12-29,234.1791839599609,6905.740234375,-0.01160862600539092,-0.00349205148036813,-0.00811657452502279,0.7623393994262566,0.805828350520756,0.0773030248237524,2026-02-28,791,ok,0.0005107062227176636,0.9366403186805612,0.2184177621941119,-0.002760089988703267,-0.008848536016687654,-0.2661331851681364
CMP020,FedEx Corporation,FDX,^GSPC,USD,NYSE,SECONDARY_INDIRECT,Transport & Logistics,False,2025-12-30,232.7160186767578,6896.240234375,-0.006248058680797475,-0.0013756671519022934,-0.004872391528895181,0.75132819944316,0.8033441317769707,0.07243063329485722,2026-02-28,791,ok,0.0005107062227176636,0.9366403186805612,0.2184177621941119,-0.0007777990968384804,-0.005470259583958994,-0.27160344475209536
CMP020,FedEx Corporation,FDX,^GSPC,USD,NYSE,SECONDARY_INDIRECT,Transport & Logistics,False,2025-12-31,230.9570159912109,6845.5,-0.007558580176597829,-0.007357666300846111,-0.00020091387575171815,0.738090644832132,0.7900757274297667,0.0722297194191055,2026-02-28,791,ok,0.0005107062227176636,0.9366403186805612,0.2184177621941119,-0.006380780686052063,-0.0011777994905457657,-0.2727812442426411
CMP020,FedEx Corporation,FDX,^GSPC,USD,NYSE,SECONDARY_INDIRECT,Transport & Logistics,False,2026-01-02,234.3710784912109,6858.47021484375,0.014782241991427192,0.0018947067188299638,0.012887535272597228,0.7637835213470763,0.7934673959377423,0.08511725469170273,2026-02-28,791,ok,0.0005107062227176636,0.9366403186805612,0.2184177621941119,0.0022853649276487614,0.01249687706377843,-0.26028436717886266
CMP020,FedEx Corporation,FDX,^GSPC,USD,NYSE,SECONDARY_INDIRECT,Transport & Logistics,False,2026-01-05,237.83311462402344,6902.0498046875,0.014771601321714956,0.006354126864826393,0.008417474456888563,0.7898374283422258,0.8048633152994604,0.09353472914859129,2026-02-28,791,ok,0.0005107062227176636,0.9366403186805612,0.2184177621941119,0.006462237634325371,0.008309363687389585,-0.25197500349147306
CMP020,FedEx Corporation,FDX,^GSPC,USD,NYSE,SECONDARY_INDIRECT,Transport & Logistics,False,2026-01-06,246.204345703125,6944.81982421875,0.03519792057693549,0.006196712678341321,0.029001207898594172,0.8528359839906419,0.8160475346880498,0.12253593704718546,2026-02-28,791,ok,0.0005107062227176636,0.9366403186805612,0.2184177621941119,0.006314797160531152,0.02888312341640434,-0.22309188007506872
CMP020,FedEx Corporation,FDX,^GSPC,USD,NYSE,SECONDARY_INDIRECT,Transport & Logistics,False,2026-01-07,245.72462463378903,6920.93017578125,-0.0019484671075400417,-0.003439923431013958,0.0014914563234739164,0.8492257940201695,0.8098004702216413,0.12402739337065938,2026-02-28,791,ok,0.0005107062227176636,0.9366403186805612,0.2184177621941119,-0.00271126475594398,0.0007627976484039381,-0.22232908242666477
CMP020,FedEx Corporation,FDX,^GSPC,USD,NYSE,SECONDARY_INDIRECT,Transport & Logistics,False,2026-01-08,247.06787109375,6921.4599609375,0.005466470696467107,7.65482590914246e-05,0.005389922437375683,0.8593345326343318,0.8099390072969395,0.12941731580803506,2026-02-28,791,ok,0.0005107062227176636,0.9366403186805612,0.2184177621941119,0.0005824044085074977,0.0048840662879596096,-0.21744501613870515
CMP020,FedEx Corporation,FDX,^GSPC,USD,NYSE,SECONDARY_INDIRECT,Transport & Logistics,False,2026-01-09,249.7463531494141,6966.27978515625,0.010841077975078939,0.006475487031883276,0.004365590943195663,0.8794917232843775,0.8216592438671906,0.13378290675123072,2026-02-28,791,ok,0.0005107062227176636,0.9366403186805612,0.2184177621941119,0.0065759084598726565,0.004265169515206282,-0.21317984662349887
CMP020,FedEx Corporation,FDX,^GSPC,USD,NYSE,SECONDARY_INDIRECT,Transport & Logistics,False,2026-01-12,249.39456176757807,6977.27001953125,-0.0014085946697510732,0.001577633215136931,-0.002986227884888004,0.8768442812611179,0.8245331539969767,0.13079667886634272,2026-02-28,791,ok,0.0005107062227176636,0.9366403186805612,0.2184177621941119,0.001988381100104557,-0.00339697576985563,-0.2165768223933545
CMP020,FedEx Corporation,FDX,^GSPC,USD,NYSE,SECONDARY_INDIRECT,Transport & Logistics,False,2026-01-13,247.58758544921875,6963.740234375,-0.007245451967967664,-0.0019391230550597216,-0.005306328912907943,0.8632456961698858,0.8209951596933402,0.12549034995343478,2026-02-28,791,ok,0.0005107062227176636,0.9366403186805612,0.2184177621941119,-0.0013055546135342974,-0.005939897354433367,-0.22251671974778786
CMP020,FedEx Corporation,FDX,^GSPC,USD,NYSE,SECONDARY_INDIRECT,Transport & Logistics,False,2026-01-14,250.69781494140625,6926.60009765625,0.012562138309739401,-0.005333360445499591,0.017895498755238992,0.8866520463101986,0.8112831361371855,0.14338584870867377,2026-02-28,791,ok,0.0005107062227176636,0.9366403186805612,0.2184177621941119,-0.004484734204593373,0.017046872514332775,-0.20546984723345507
CMP020,FedEx Corporation,FDX,^GSPC,USD,NYSE,SECONDARY_INDIRECT,Transport & Logistics,False,2026-01-15,250.385986328125,6944.47021484375,-0.00124384256541743,0.0025799262171273263,-0.0038237687825447564,0.8843053481888661,0.8159561129867465,0.139562079926129,2026-02-28,791,ok,0.0005107062227176636,0.9366403186805612,0.2184177621941119,0.0029271691369001374,-0.0041710117023175675,-0.20964085893577264
CMP020,FedEx Corporation,FDX,^GSPC,USD,NYSE,SECONDARY_INDIRECT,Transport & Logistics,False,2026-01-16,246.40423583984372,6940.009765625,-0.015902449440853617,-0.0006423023039563436,-0.015260147136897273,0.8543402776581626,0.8147897201914915,0.12430193278923174,2026-02-28,791,ok,0.0005107062227176636,0.9366403186805612,0.2184177621941119,-9.09000119492647e-05,-0.01581154942890435,-0.225452408364677
CMP020,FedEx Corporation,FDX,^GSPC,USD,NYSE,SECONDARY_INDIRECT,Transport & Logistics,False,2026-01-20,240.6875,6796.85986328125,-0.02320063947098483,-0.02062675805627745,-0.0025738814147073796,0.8113183974196896,0.7773564917100821,0.12172805137452436,2026-02-28,791,ok,0.0005107062227176636,0.9366403186805612,0.2184177621941119,-0.01880914701646088,-0.00439149245452395,-0.22984390081920095
CMP020,FedEx Corporation,FDX,^GSPC,USD,NYSE,SECONDARY_INDIRECT,Transport & Logistics,False,2026-01-21,245.42079162597656,6875.6201171875,0.019665714363963804,0.011587741323274559,0.008077973040689246,0.8469392676455378,0.7979520389752615,0.1298060244152136,2026-02-28,791,ok,0.0005107062227176636,0.9366403186805612,0.2184177621941119,0.011364251948537454,0.00830146241542635,-0.2215424384037746
CMP020,FedEx Corporation,FDX,^GSPC,USD,NYSE,SECONDARY_INDIRECT,Transport & Logistics,False,2026-01-22,247.70751953125,6913.35009765625,0.009317580185946195,0.005487502192628835,0.00383007799331736,0.8641482723703979,0.8078183047313796,0.13363610240853097,2026-02-28,791,ok,0.0005107062227176636,0.9366403186805612,0.2184177621941119,0.005650522025181813,0.003667058160764382,-0.21787538024301023
CMP020,FedEx Corporation,FDX,^GSPC,USD,NYSE,SECONDARY_INDIRECT,Transport & Logistics,False,2026-01-23,243.23004150390625,6915.60986328125,-0.018075664541055136,0.0003268698377891788,-0.018402534378844315,0.8304525535442431,0.8084092260073994,0.11523356802968665,2026-02-28,791,ok,0.0005107062227176636,0.9366403186805612,0.2184177621941119,0.0008168656917515834,-0.01889253023280672,-0.23676791047581694
CMP020,FedEx Corporation,FDX,^GSPC,USD,NYSE,SECONDARY_INDIRECT,Transport & Logistics,False,2026-01-26,243.43792724609372,6950.22998046875,0.0008546877717163781,0.005006083031276365,-0.004151395259559987,0.8320170189584644,0.8174622727473186,0.11108217277012666,2026-02-28,791,ok,0.0005107062227176636,0.9366403186805612,0.2184177621941119,0.005199605428473707,-0.004344917656757329,-0.24111282813257426
CMP020,FedEx Corporation,FDX,^GSPC,USD,NYSE,SECONDARY_INDIRECT,Transport & Logistics,False,2026-01-27,249.79432678222656,6978.60009765625,0.026110966389009338,0.004081896177137168,0.02202907021187217,0.8798527537645819,0.8248809650505369,0.13311124298199883,2026-02-28,791,ok,0.0005107062227176636,0.9366403186805612,0.2184177621941119,0.004333974758892385,0.021776991630116954,-0.2193358365024573
CMP020,FedEx Corporation,FDX,^GSPC,USD,NYSE,SECONDARY_INDIRECT,Transport & Logistics,False,2026-01-28,251.57733154296875,6978.02978515625,0.007137891335284863,-8.172305219089626e-05,0.007219614387475759,0.8932709384472894,0.8247318302081879,0.1403308573694746,2026-02-28,791,ok,0.0005107062227176636,0.9366403186805612,0.2184177621941119,0.0004341611170700344,0.006703730218214828,-0.21263210628424248
CMP020,FedEx Corporation,FDX,^GSPC,USD,NYSE,SECONDARY_INDIRECT,Transport & Logistics,False,2026-01-29,255.79893493652344,6969.009765625,0.0167805396760623,-0.001292631274007694,0.018073170950069994,0.9250410465474399,0.8223731247777835,0.1584040283195446,2026-02-28,791,ok,0.0005107062227176636,0.9366403186805612,0.2184177621941119,-0.0007000243457053626,0.017480564021767665,-0.1951515422624748
CMP020,FedEx Corporation,FDX,^GSPC,USD,NYSE,SECONDARY_INDIRECT,Transport & Logistics,False,2026-01-30,257.6538391113281,6939.02978515625,0.0072514147694360265,-0.004301899620894223,0.01155331439033025,0.9390003176241446,0.814533458523174,0.16995734270987484,2026-02-28,791,ok,0.0005107062227176636,0.9366403186805612,0.2184177621941119,-0.0035186264091284867,0.010770041178564513,-0.1843815010839103
CMP020,FedEx Corporation,FDX,^GSPC,USD,NYSE,SECONDARY_INDIRECT,Transport & Logistics,False,2026-02-02,268.08795166015625,6976.43994140625,0.040496631390459115,0.00539126612916796,0.035105365261291155,1.0175232987529528,0.824316091298352,0.205062707971166,2026-02-28,791,ok,0.0005107062227176636,0.9366403186805612,0.2184177621941119,0.005560383448033257,0.034936247942425856,-0.14944525314148444
CMP020,FedEx Corporation,FDX,^GSPC,USD,NYSE,SECONDARY_INDIRECT,Transport & Logistics,False,2026-02-03,282.583740234375,6917.81005859375,0.054071018426797623,-0.008403983020698336,0.06247500144749596,1.1266128382163174,0.8089845698426938,0.26753770941866195,2026-02-28,791,ok,0.0005107062227176636,0.9366403186805612,0.2184177621941119,-0.007360803111975251,0.06143182153877287,-0.08801343160271156
CMP020,FedEx Corporation,FDX,^GSPC,USD,NYSE,SECONDARY_INDIRECT,Transport & Logistics,False,2026-02-04,289.8676147460937,6882.72021484375,0.025775985927843692,-0.005072391906223106,0.030848377834066798,1.181428380808153,0.7998086911521414,0.29838608725272875,2026-02-28,791,ok,0.0005107062227176636,0.9366403186805612,0.2184177621941119,-0.004240300548799846,0.030016286476643537,-0.05799714512606803
CMP020,FedEx Corporation,FDX,^GSPC,USD,NYSE,SECONDARY_INDIRECT,Transport & Logistics,False,2026-02-05,291.0029296875,6798.39990234375,0.003916667070244406,-0.012251015567674717,0.016167682637919123,1.1899723095133607,0.7777592068580002,0.31455376989064787,2026-02-28,791,ok,0.0005107062227176636,0.9366403186805612,0.2184177621941119,-0.0109640889027497,0.014880755972994106,-0.04311638915307393
CMP020,FedEx Corporation,FDX,^GSPC,USD,NYSE,SECONDARY_INDIRECT,Transport & Logistics,False,2026-02-06,295.2165832519531,6932.2998046875,0.014479763378939303,0.0196957966973359,-0.005216033318396596,1.2216825903615436,0.8127735907730924,0.3093377365722513,2026-02-28,791,ok,0.0005107062227176636,0.9366403186805612,0.2184177621941119,0.018958583517977905,-0.0044788201390386015,-0.04759520929211253
CMP020,FedEx Corporation,FDX,^GSPC,USD,NYSE,SECONDARY_INDIRECT,Transport & Logistics,False,2026-02-09,291.5146484375,6964.81982421875,-0.012539725152545755,0.004691086716887227,-0.017230811869432983,1.193823301302214,0.821277468885492,0.2921069247028183,2026-02-28,791,ok,0.0005107062227176636,0.9366403186805612,0.2184177621941119,0.004904567180181063,-0.01744429233272682,-0.06503950162483935
CMP020,FedEx Corporation,FDX,^GSPC,USD,NYSE,SECONDARY_INDIRECT,Transport & Logistics,False,2026-02-10,294.193115234375,6941.81005859375,0.009188103620971999,-0.003303712975458173,0.012491816596430172,1.2139803771206816,0.8152604908796255,0.30459874129924847,2026-02-28,791,ok,0.0005107062227176636,0.9366403186805612,0.2184177621941119,-0.0025836845514445846,0.011771788172416583,-0.05326771345242276
CMP020,FedEx Corporation,FDX,^GSPC,USD,NYSE,SECONDARY_INDIRECT,Transport & Logistics,False,2026-02-11,293.5614929199219,6941.47021484375,-0.002146964975539678,-4.895607156218951e-05,-0.0020980089039774885,1.2092270387944715,0.81517162285713,0.302500732395271,2026-02-28,791,ok,0.0005107062227176636,0.9366403186805612,0.2184177621941119,0.0004648519922483061,-0.002611816967787984,-0.055879530420210745
CMP020,FedEx Corporation,FDX,^GSPC,USD,NYSE,SECONDARY_INDIRECT,Transport & Logistics,False,2026-02-12,295.40045166015625,6832.759765625,0.0062643050419968205,-0.01566101212770199,0.02192531716969881,1.2230663108725075,0.7867441980577039,0.3244260495649698,2026-02-28,791,ok,0.0005107062227176636,0.9366403186805612,0.2184177621941119,-0.014158029167433262,0.020422334209430085,-0.03545719621078066
CMP020,FedEx Corporation,FDX,^GSPC,USD,NYSE,SECONDARY_INDIRECT,Transport & Logistics,False,2026-02-13,299.6060791015625,6836.169921875,0.014237037952279818,0.0004990891480125548,0.013737948804267264,1.254716190310834,0.7876359426972288,0.33816399836923705,2026-02-28,791,ok,0.0005107062227176636,0.9366403186805612,0.2184177621941119,0.0009781732413621526,0.013258864710917665,-0.022198331499862993
CMP020,FedEx Corporation,FDX,^GSPC,USD,NYSE,SECONDARY_INDIRECT,Transport & Logistics,False,2026-02-17,300.06982421875,6843.22021484375,0.0015478494914995533,0.0010313220779065713,0.000516527413592982,1.2582061516194822,0.7894795711121918,0.33868052578283003,2026-02-28,791,ok,0.0005107062227176636,0.9366403186805612,0.2184177621941119,0.0014766840624303732,7.116542906918013e-05,-0.022127166070793812
CMP020,FedEx Corporation,FDX,^GSPC,USD,NYSE,SECONDARY_INDIRECT,Transport & Logistics,False,2026-02-18,306.290283203125,6881.31005859375,0.020730038418792507,0.005566070147410729,0.015163968271381778,1.3050188519001078,0.7994399399323606,0.3538444940542118,2026-02-28,791,ok,0.0005107062227176636,0.9366403186805612,0.2184177621941119,0.005724111939386807,0.0150059264794057,-0.007121239591388112
CMP020,FedEx Corporation,FDX,^GSPC,USD,NYSE,SECONDARY_INDIRECT,Transport & Logistics,False,2026-02-19,306.3382568359375,6861.89013671875,0.0001566279945639515,-0.0028221256867719813,0.0029787536813359328,1.305379882380313,0.7943616942560741,0.35682324773554774,2026-02-28,791,ok,0.0005107062227176636,0.9366403186805612,0.2184177621941119,-0.0021326104798970423,0.002289238474460994,-0.004832001116927118
CMP020,FedEx Corporation,FDX,^GSPC,USD,NYSE,SECONDARY_INDIRECT,Transport & Logistics,False,2026-02-20,310.6078186035156,6909.509765625,0.01393740961927814,0.006939724763506794,0.006997684855771347,1.3375109061290908,0.806814070540391,0.3638209325913191,2026-02-28,791,ok,0.0005107062227176636,0.9366403186805612,0.2184177621941119,0.007010732236764049,0.006926677382514092,0.0020946762655869736
CMP020,FedEx Corporation,FDX,^GSPC,USD,NYSE,SECONDARY_INDIRECT,Transport & Logistics,False,2026-02-23,306.7939758300781,6837.75,-0.012278643823534274,-0.010385652247284827,-0.0018929915762494476,1.308809442279105,0.7880491279282573,0.36192794101506964,2026-02-28,791,ok,0.0005107062227176636,0.9366403186805612,0.2184177621941119,-0.009216914407884684,-0.0030617294156495903,-0.0009670531500626167
CMP020,FedEx Corporation,FDX,^GSPC,USD,NYSE,SECONDARY_INDIRECT,Transport & Logistics,False,2026-02-24,309.0726928710937,6890.06982421875,0.007427515598538603,0.0076516140863223114,-0.00022409848778370822,1.3259581604256865,0.8017305898225495,0.36170384252728593,2026-02-28,791,ok,0.0005107062227176636,0.9366403186805612,0.2184177621941119,0.007677516478951265,-0.0002500008804126614,-0.001217054030475278
CMP020,FedEx Corporation,FDX,^GSPC,USD,NYSE,SECONDARY_INDIRECT,Transport & Logistics,False,2026-02-25,305.89849853515625,6946.1298828125,-0.010270057527409282,0.008136355657339944,-0.018406413184749226,1.3020704363117677,0.8163901107000546,0.3432974293425367,2026-02-28,791,ok,0.0005107062227176636,0.9366403186805612,0.2184177621941119,0.008131544978506936,-0.018401602505916218,-0.019618656536391495
CMP020,FedEx Corporation,FDX,^GSPC,USD,NYSE,SECONDARY_INDIRECT,Transport & Logistics,False,2026-02-26,309.9681701660156,6908.85986328125,0.013303993482634446,-0.005365580569328343,0.01866957405196279,1.3326971663930247,0.8066441232157622,0.3619670033944995,2026-02-28,791,ok,0.0005107062227176636,0.9366403186805612,0.2184177621941119,-0.004514912871644263,0.01781890635427871,-0.001799750182112786
CMP020,FedEx Corporation,FDX,^GSPC,USD,NYSE,SECONDARY_INDIRECT,Transport & Logistics,False,2026-02-27,309.42449951171875,6878.8798828125,-0.0017539563949604542,-0.00433935281103115,0.0025853964160706955,1.3286057172805235,0.798804456961153,0.3645523998105702,2026-02-28,791,ok,0.0005107062227176636,0.9366403186805612,0.2184177621941119,-0.003553706577073942,0.0017997501821134876,7.016956460326185e-16
CMP020,FedEx Corporation,FDX,^GSPC,USD,NYSE,SECONDARY_INDIRECT,Transport & Logistics,False,2026-03-02,309.6243591308594,6881.6201171875,0.0006459075459634978,0.0003983547353176853,0.00024755281064581247,1.3301097812848885,0.7995210192344939,0.364799952621216,2026-02-28,791,ok,0.0005107062227176636,0.9366403186805612,0.2184177621941119,0.000883821328953531,-0.00023791378299003324,-0.00023791378298933154
CMP020,FedEx Corporation,FDX,^GSPC,USD,NYSE,SECONDARY_INDIRECT,Transport & Logistics,False,2026-03-03,305.8505249023437,6816.6298828125,-0.012188428065250223,-0.009444031095625416,-0.002744396969624807,1.301709405831562,0.7825262867716118,0.3620555556515912,2026-02-28,791,ok,0.0005107062227176636,0.9366403186805612,0.2184177621941119,-0.008334954072318056,-0.0038534739929321667,-0.004091387775921498
CMP020,FedEx Corporation,FDX,^GSPC,USD,NYSE,SECONDARY_INDIRECT,Transport & Logistics,False,2026-03-04,307.0978088378906,6869.5,0.004078083357696327,0.007756049264286302,-0.003677965906589975,1.3110959686537367,0.7963516484666977,0.3583775897450012,2026-02-28,791,ok,0.0005107062227176636,0.9366403186805612,0.2184177621941119,0.007775334677320917,-0.00369725131962459,-0.007788639095546088
CMP020,FedEx Corporation,FDX,^GSPC,USD,NYSE,SECONDARY_INDIRECT,Transport & Logistics,False,2026-03-05,298.5106811523437,6830.7099609375,-0.027962191322829844,-0.005646704863891072,-0.02231548645893877,1.2464726610128203,0.7862081808760422,0.33606210328606245,2026-02-28,791,ok,0.0005107062227176636,0.9366403186805612,0.2184177621941119,-0.004778225220492345,-0.0231839661023375,-0.030972605197883588
CMP020,FedEx Corporation,FDX,^GSPC,USD,NYSE,SECONDARY_INDIRECT,Transport & Logistics,False,2026-03-06,287.1171569824219,6740.02001953125,-0.03816789444833024,-0.013276795812569242,-0.024891098635761,1.1607295296062232,0.7624930595798103,0.31117100465030145,2026-02-28,791,ok,0.0005107062227176636,0.9366403186805612,0.2184177621941119,-0.011924876038223932,-0.02624301841010631,-0.0572156236079899
CMP020,FedEx Corporation,FDX,^GSPC,USD,NYSE,SECONDARY_INDIRECT,Transport & Logistics,False,2026-03-09,289.8867492675781,6795.990234375,0.00964620963186058,0.008304161513105202,0.001342048118755379,1.1815723796065565,0.777129086612288,0.31251305276905683,2026-02-28,791,ok,0.0005107062227176636,0.9366403186805612,0.2184177621941119,0.00828871870872737,0.0013574909231332099,-0.05585813268485669
CMP020,FedEx Corporation,FDX,^GSPC,USD,NYSE,SECONDARY_INDIRECT,Transport & Logistics,False,2026-03-10,288.5782165527344,6781.47998046875,-0.004513944559900951,-0.0021351198877325173,-0.0023788246721684336,1.1717248828316014,0.7733347029563942,0.3101342280968884,2026-02-28,791,ok,0.0005107062227176636,0.9366403186805612,0.2184177621941119,-0.0014891331493493253,-0.0030248114105516253,-0.05888294409540831
CMP020,FedEx Corporation,FDX,^GSPC,USD,NYSE,SECONDARY_INDIRECT,Transport & Logistics,False,2026-03-11,290.1195983886719,6775.7998046875,0.00534129656198723,-0.0008376012017449197,0.00617889776373215,1.1833247094818518,0.7718493556781019,0.31631312586062055,2026-02-28,791,ok,0.0005107062227176636,0.9366403186805612,0.2184177621941119,-0.000273824833811919,0.005615121395799149,-0.05326782269960916
CMP020,FedEx Corporation,FDX,^GSPC,USD,NYSE,SECONDARY_INDIRECT,Transport & Logistics,False,2026-03-12,283.488525390625,6672.6201171875,-0.02285634281474236,-0.015227676506708532,-0.007628666308033827,1.1334218914460368,0.7448682068712158,0.3086844595525867,2026-02-28,791,ok,0.0005107062227176636,0.9366403186805612,0.2184177621941119,-0.013752149553290311,-0.009104193261452048,-0.062372015961061206
CMP020,FedEx Corporation,FDX,^GSPC,USD,NYSE,SECONDARY_INDIRECT,Transport & Logistics,False,2026-03-13,282.3244934082031,6632.18994140625,-0.004106099112187844,-0.006059115470564369,0.0019530163583765248,1.1246618497116483,0.7342958489248665,0.31063747591096325,2026-02-28,791,ok,0.0005107062227176636,0.9366403186805612,0.2184177621941119,-0.005164505622554065,0.001058406510366221,-0.061313609450694986
CMP020,FedEx Corporation,FDX,^GSPC,USD,NYSE,SECONDARY_INDIRECT,Transport & Logistics,False,2026-03-16,282.86236572265625,6699.3798828125,0.0019051563963152773,0.010130883162251969,-0.008225726765936692,1.1287096628246336,0.751865797539103,0.30241174914502655,2026-02-28,791,ok,0.0005107062227176636,0.9366403186805612,0.2184177621941119,0.00999969985632488,-0.008094543460009603,-0.0694081529107046
CMP020,FedEx Corporation,FDX,^GSPC,USD,NYSE,SECONDARY_INDIRECT,Transport & Logistics,False,2026-03-17,284.716796875,6716.08984375,0.00655594867703968,0.0024942548757938,0.00406169380124588,1.1426653741224304,0.7562353973463514,0.30647344294627243,2026-02-28,791,ok,0.0005107062227176636,0.9366403186805612,0.2184177621941119,0.0028469259044517116,0.0037090227725879686,-0.06569913013811662
CMP020,FedEx Corporation,FDX,^GSPC,USD,NYSE,SECONDARY_INDIRECT,Transport & Logistics,False,2026-03-18,280.76708984375,6624.7001953125,-0.013872406105299273,-0.013607567880073446,-0.00026483822522582745,1.1129414499048411,0.7323373049635731,0.3062086047210466,2026-02-28,791,ok,0.0005107062227176636,0.9366403186805612,0.2184177621941119,-0.012234690492941697,-0.0016377156123575758,-0.0673368457504742
CMP020,FedEx Corporation,FDX,^GSPC,USD,NYSE,SECONDARY_INDIRECT,Transport & Logistics,False,2026-03-19,285.880859375,6606.490234375,0.01821356461006829,-0.002748797741878972,0.02096236235194726,1.1514256455199745,0.7275754600915165,0.32717096707299387,2026-02-28,791,ok,0.0005107062227176636,0.9366403186805612,0.2184177621941119,-0.002063928570224264,0.020277493180292552,-0.04705935257018165
CMP020,FedEx Corporation,FDX,^GSPC,USD,NYSE,SECONDARY_INDIRECT,Transport & Logistics,False,2026-03-20,288.0804748535156,6506.47998046875,0.007694168414508429,-0.015138182356779217,0.022832350771287646,1.1679790767678977,0.7014231077415545,0.3500033178442815,2026-02-28,791,ok,0.0005107062227176636,0.9366403186805612,0.2184177621941119,-0.013668325724180471,0.0213624941386889,-0.02569685843149275
CMP020,FedEx Corporation,FDX,^GSPC,USD,NYSE,SECONDARY_INDIRECT,Transport & Logistics,False,2026-03-23,285.6159362792969,6581.0,-0.008555035100771491,0.011453200463990454,-0.020008235564761945,1.14943193966841,0.7209098476685842,0.32999508227951957,2026-02-28,791,ok,0.0005107062227176636,0.9366403186805612,0.2184177621941119,0.011238235555222034,-0.019793270655993525,-0.04549012908748627
CMP020,FedEx Corporation,FDX,^GSPC,USD,NYSE,SECONDARY_INDIRECT,Transport & Logistics,False,2026-03-24,288.9715881347656,6556.3701171875,0.011748825710437005,-0.0037425745042546366,0.015491400214691642,1.174685240904021,0.7144692143485791,0.3454864824942112,2026-02-28,791,ok,0.0005107062227176636,0.9366403186805612,0.2184177621941119,-0.0029947399536331427,0.014743565664070148,-0.030746563423416126
CMP020,FedEx Corporation,FDX,^GSPC,USD,NYSE,SECONDARY_INDIRECT,Transport & Logistics,False,2026-03-25,287.0127868652344,6591.89990234375,-0.006778525467416308,0.005419124381509377,-0.012197649848925685,1.1599440816149387,0.7237601362694028,0.3332888326452855,2026-02-28,791,ok,0.0005107062227176636,0.9366403186805612,0.2184177621941119,0.005586476610384206,-0.012365002077800512,-0.04311156550121664
CMP020,FedEx Corporation,FDX,^GSPC,USD,NYSE,SECONDARY_INDIRECT,Transport & Logistics,False,2026-03-26,280.61456298828125,6477.16015625,-0.022292469777513424,-0.017406172392416708,-0.004886297385096716,1.1117935934544185,0.693756070174322,0.3284025352601888,2026-02-28,791,ok,0.0005107062227176636,0.9366403186805612,0.2184177621941119,-0.015792616633924308,-0.006499853143589116,-0.049611418644805755
CMP020,FedEx Corporation,FDX,^GSPC,USD,NYSE,SECONDARY_INDIRECT,Transport & Logistics,False,2026-03-27,276.135009765625,6368.85009765625,-0.015963366886426744,-0.01672184352107431,0.0007584766346475647,1.0780822575337,0.6654333462059971,0.3291610118948364,2026-02-28,791,ok,0.0005107062227176636,0.9366403186805612,0.2184177621941119,-0.015151646621787855,-0.0008117202646388891,-0.050423138909444644
CMP020,FedEx Corporation,FDX,^GSPC,USD,NYSE,SECONDARY_INDIRECT,Transport & Logistics,False,2026-03-30,274.36083984375,6343.72021484375,-0.006425008996073567,-0.003945748828622642,-0.002479260167450925,1.064730560334465,0.6588619645310558,0.32668175172738545,2026-02-28,791,ok,0.0005107062227176636,0.9366403186805612,0.2184177621941119,-0.0031850412175568983,-0.0032399677785166685,-0.053663106687961315
CMP020,FedEx Corporation,FDX,^GSPC,USD,NYSE,SECONDARY_INDIRECT,Transport & Logistics,False,2026-03-31,285.9370422363281,6528.52001953125,0.04219334799809937,0.02913114047102594,0.013062207527073433,1.1518484553889676,0.707186505441852,0.3397439592544589,2026-02-28,791,ok,0.0005107062227176636,0.9366403186805612,0.2184177621941119,0.027796106917027594,0.01439724108107178,-0.039265865606889536
CMP020,FedEx Corporation,FDX,^GSPC,USD,NYSE,SECONDARY_INDIRECT,Transport & Logistics,False,2026-04-01,288.44976806640625,6575.31982421875,0.008787689102558893,0.007168516684867399,0.0016191724176914946,1.1707582306107476,0.7194245003902924,0.3413631316721504,2026-02-28,791,ok,0.0005107062227176636,0.9366403186805612,0.2184177621941119,0.007225027974898783,0.0015626611276601098,-0.037703204479229424
CMP020,FedEx Corporation,FDX,^GSPC,USD,NYSE,SECONDARY_INDIRECT,Transport & Logistics,False,2026-04-02,290.312255859375,6582.68994140625,0.0064568878160442544,0.0011208758485563575,0.005336011967487897,1.184774572981556,0.721351761786196,0.3466991436396383,2026-02-28,791,ok,0.0005107062227176636,0.9366403186805612,0.2184177621941119,0.0015605637347108348,0.00489632408133342,-0.032806880397896004
CMP020,FedEx Corporation,FDX,^GSPC,USD,NYSE,SECONDARY_INDIRECT,Transport & Logistics,False,2026-04-06,288.07244873046875,6611.830078125,-0.007715165597387608,0.0044267825126402816,-0.01214194811002789,1.1679186753580413,0.7289718116633737,0.3345571955296104,2026-02-28,791,ok,0.0005107062227176636,0.9366403186805612,0.2184177621941119,0.004657009206086592,-0.0123721748034742,-0.04517905520137021
CMP020,FedEx Corporation,FDX,^GSPC,USD,NYSE,SECONDARY_INDIRECT,Transport & Logistics,False,2026-04-07,286.5953369140625,6616.85009765625,-0.005127570591758612,0.0007592481161695641,-0.005886818707928176,1.1568025193129512,0.7302845302542893,0.3286703768216822,2026-02-28,791,ok,0.0005107062227176636,0.9366403186805612,0.2184177621941119,0.00122184862020434,-0.006349419211962953,-0.051528474413333164
CMP020,FedEx Corporation,FDX,^GSPC,USD,NYSE,SECONDARY_INDIRECT,Transport & Logistics,False,2026-04-08,299.78515625,6782.81005859375,0.046022449206466254,0.025081414644149813,0.02094103456231644,1.2560638537064102,0.773682514009955,0.34961141138399865,2026-02-28,791,ok,0.0005107062227176636,0.9366403186805612,0.2184177621941119,0.02400297042797344,0.022019478778492814,-0.02950899563484035
CMP020,FedEx Corporation,FDX,^GSPC,USD,NYSE,SECONDARY_INDIRECT,Transport & Logistics,False,2026-04-09,302.6510925292969,6824.66015625,0.009559967261710822,0.006170023529293189,0.003389943732417633,1.2776317502881724,0.7846261768548923,0.3530013551164163,2026-02-28,791,ok,0.0005107062227176636,0.9366403186805612,0.2184177621941119,0.006289799027461397,0.003270168234249425,-0.026238827400590924
CMP020,FedEx Corporation,FDX,^GSPC,USD,NYSE,SECONDARY_INDIRECT,Transport & Logistics,False,2026-04-10,300.30694580078125,6816.89013671875,-0.00774537672712583,-0.0011385210916523558,-0.006606855635473474,1.2599906343365275,0.7825943423118282,0.3463944994809428,2026-02-28,791,ok,0.0005107062227176636,0.9366403186805612,0.2184177621941119,-0.0005556785353921392,-0.007189698191733691,-0.033428525592324614
CMP020,FedEx Corporation,FDX,^GSPC,USD,NYSE,SECONDARY_INDIRECT,Transport & Logistics,False,2026-04-13,298.5488586425781,6886.240234375,-0.005854300683972191,0.010173274948748201,-0.016027575632720392,1.2467599696201606,0.8007291646782495,0.3303669238482224,2026-02-28,791,ok,0.0005107062227176636,0.9366403186805612,0.2184177621941119,0.010039405712738148,-0.01589370639671034,-0.04932223198903495
CMP020,FedEx Corporation,FDX,^GSPC,USD,NYSE,SECONDARY_INDIRECT,Transport & Logistics,False,2026-04-14,297.1439514160156,6967.3798828125,-0.004705786627188013,0.011782866364792755,-0.016488652991980768,1.2361871966006208,0.8219469157848383,0.31387827085624165,2026-02-28,791,ok,0.0005107062227176636,0.9366403186805612,0.2184177621941119,0.011547013929607615,-0.016252800556795628,-0.06557503254583058
CMP020,FedEx Corporation,FDX,^GSPC,USD,NYSE,SECONDARY_INDIRECT,Transport & Logistics,False,2026-04-15,292.95343017578125,7022.9501953125,-0.014102663777151747,0.007975783355387733,-0.02207844713253948,1.2046510004241906,0.836478369670155,0.29179982372370217,2026-02-28,791,ok,0.0005107062227176636,0.9366403186805612,0.2184177621941119,0.007981146486435145,-0.02208381026358689,-0.08765884280941746
CMP020,FedEx Corporation,FDX,^GSPC,USD,NYSE,SECONDARY_INDIRECT,Transport & Logistics,False,2026-04-16,305.76593017578125,7041.27978515625,0.043735620341813775,0.0026099558353673835,0.04112566450644639,1.3010727795649428,0.8412714971076016,0.33292548823014856,2026-02-28,791,ok,0.0005107062227176636,0.9366403186805612,0.2184177621941119,0.00295529608809836,0.040780324253715416,-0.04687851855570205
CMP020,FedEx Corporation,FDX,^GSPC,USD,NYSE,SECONDARY_INDIRECT,Transport & Logistics,False,2026-04-17,314.9979858398437,7126.06005859375,0.030193212365926536,0.012040463669150903,0.018152748696775634,1.3705495586678,0.8634412596735688,0.3510782369269242,2026-02-28,791,ok,0.0005107062227176636,0.9366403186805612,0.2184177621941119,0.011788289950852885,0.018404922415073653,-0.028473596140628395
CMP020,FedEx Corporation,FDX,^GSPC,USD,NYSE,SECONDARY_INDIRECT,Transport & Logistics,False,2026-04-20,316.1058349609375,7109.14013671875,0.0035170038250882385,-0.002374372617670484,0.005891376442758722,1.3788867905331958,0.8590167557719623,0.3569696133696829,2026-02-28,791,ok,0.0005107062227176636,0.9366403186805612,0.2184177621941119,-0.0017132269025636165,0.005230230727651855,-0.02324336541297654
CMP020,FedEx Corporation,FDX,^GSPC,USD,NYSE,SECONDARY_INDIRECT,Transport & Logistics,False,2026-04-21,316.77215576171875,7064.009765625,0.002107904148190176,-0.006348217959672997,0.008456122107863173,1.3839012558670354,0.8472153122156378,0.3654257354775461,2026-02-28,791,ok,0.0005107062227176636,0.9366403186805612,0.2184177621941119,-0.005435290670084115,0.007543194818274291,-0.01570017059470225
CMP020,FedEx Corporation,FDX,^GSPC,USD,NYSE,SECONDARY_INDIRECT,Transport & Logistics,False,2026-04-22,309.8360595703125,7137.89990234375,-0.021896167530026545,0.010460084168953943,-0.03235625169898049,1.33170295459353,0.8665373398595939,0.3330694837785656,2026-02-28,791,ok,0.0005107062227176636,0.9366403186805612,0.2184177621941119,0.010308042792152177,-0.032204210322178725,-0.04790438091688097
CMP020,FedEx Corporation,FDX,^GSPC,USD,NYSE,SECONDARY_INDIRECT,Transport & Logistics,False,2026-04-23,315.2468566894531,7108.39990234375,0.017463419611792208,-0.004132868267081369,0.021596287878873577,1.3724224616996525,0.8588231869183658,0.3546657716574392,2026-02-28,791,ok,0.0005107062227176636,0.9366403186805612,0.2184177621941119,-0.003360304828026208,0.020823724439818416,-0.027080656477062554
CMP020,FedEx Corporation,FDX,^GSPC,USD,NYSE,SECONDARY_INDIRECT,Transport & Logistics,False,2026-04-24,311.4657287597656,7165.080078125,-0.01199418122481788,0.007973689797975636,-0.019967871022793515,1.3439671967521982,0.8736448664001373,0.33469790063464566,2026-02-28,791,ok,0.0005107062227176636,0.9366403186805612,0.2184177621941119,0.007979185576153503,-0.019973366800971382,-0.047054023278033937
CMP020,FedEx Corporation,FDX,^GSPC,USD,NYSE,SECONDARY_INDIRECT,Transport & Logistics,False,2026-04-27,311.3934631347656,7173.91015625,-0.00023201790221916152,0.0012323767534654362,-0.0014643946556845977,1.343423354400337,0.8759539027777388,0.33323350597896106,2026-02-28,791,ok,0.0005107062227176636,0.9366403186805612,0.2184177621941119,0.0016649999778180452,-0.0018970178800372067,-0.04895104115807114
CMP020,FedEx Corporation,FDX,^GSPC,USD,NYSE,SECONDARY_INDIRECT,Transport & Logistics,False,2026-04-28,313.2559509277344,7138.7998046875,0.0059811396624041,-0.004894172187521972,0.010875311849926073,1.357439696771145,0.8667726613616906,0.34410881782888714,2026-02-28,791,ok,0.0005107062227176636,0.9366403186805612,0.2184177621941119,-0.004073372774680456,0.010054512437084556,-0.03889652872098658
CMP020,FedEx Corporation,FDX,^GSPC,USD,NYSE,SECONDARY_INDIRECT,Transport & Logistics,False,2026-04-29,311.9554138183594,7135.9501953125,-0.004151675668166432,-0.0003991720531409948,-0.0037525036150254376,1.3476523717428908,0.8660274978857074,0.3403563142138617,2026-02-28,791,ok,0.0005107062227176636,0.9366403186805612,0.2184177621941119,0.00013682558365530836,-0.004288501251821741,-0.04318502997280832
CMP020,FedEx Corporation,FDX,^GSPC,USD,NYSE,SECONDARY_INDIRECT,Transport & Logistics,False,2026-04-30,323.7724609375,7209.009765625,0.037880564323276245,0.010238239941821936,0.02764232438145431,1.4365827684193895,0.885132335147099,0.367998638595316,2026-02-28,791,ok,0.0005107062227176636,0.9366403186805612,0.2184177621941119,0.010100254544553811,0.027780309778722433,-0.015404720194085886
CMP020,FedEx Corporation,FDX,^GSPC,USD,NYSE,SECONDARY_INDIRECT,Transport & Logistics,False,2026-05-01,316.0335693359375,7230.1201171875,-0.023902254006267665,0.002928328889657106,-0.02683058289592477,1.3783429481813343,0.8906526226249369,0.34116805569939124,2026-02-28,791,ok,0.0005107062227176636,0.9366403186805612,0.2184177621941119,0.003253497127127589,-0.027155751133395252,-0.04256047132748114
CMP020,FedEx Corporation,FDX,^GSPC,USD,NYSE,SECONDARY_INDIRECT,Transport & Logistics,False,2026-05-04,287.2375793457031,7200.75,-0.09111687106765798,-0.004062189384334225,-0.08705468168332375,1.161635780417222,0.8829724336118463,0.2541133740160675,2026-02-28,791,ok,0.0005107062227176636,0.9366403186805612,0.2184177621941119,-0.003294104136765937,-0.08782276693089204,-0.13038323825837317
CMP020,FedEx Corporation,FDX,^GSPC,USD,NYSE,SECONDARY_INDIRECT,Transport & Logistics,False,2026-05-05,291.2113647460937,7259.22021484375,0.013834489934925864,0.008120017337603702,0.005714472597322162,1.1915409088643796,0.8982622024190043,0.25982784661338965,2026-02-28,791,ok,0.0005107062227176636,0.9366403186805612,0.2184177621941119,0.008116241849502477,0.0057182480854233875,-0.12466499017294978
CMP020,FedEx Corporation,FDX,^GSPC,USD,NYSE,SECONDARY_INDIRECT,Transport & Logistics,False,2026-05-06,302.8036193847656,7365.1201171875,0.039807013193936314,0.014588330317794274,0.02521868287614204,1.278779606738595,0.9259546784576764,0.2850465294895317,2026-02-28,791,ok,0.0005107062227176636,0.9366403186805612,0.2184177621941119,0.014174724580593785,0.02563228861334253,-0.09903270155960725
CMP020,FedEx Corporation,FDX,^GSPC,USD,NYSE,SECONDARY_INDIRECT,Transport & Logistics,False,2026-05-07,301.7921142578125,7337.10986328125,-0.0033404657745118582,-0.003803095327784889,0.0004626295532730307,1.2711674214546291,0.9186300892185086,0.2855091590428047,2026-02-28,791,ok,0.0005107062227176636,0.9366403186805612,0.2184177621941119,-0.0030514261970713283,-0.0002890395774405299,-0.09932174113704778
CMP020,FedEx Corporation,FDX,^GSPC,USD,NYSE,SECONDARY_INDIRECT,Transport & Logistics,False,2026-05-08,303.91949462890625,7398.93017578125,0.007049158246979159,0.008425703533400997,-0.0013765452864218375,1.2871772400138464,0.9347958975405264,0.2841326137563829,2026-02-28,791,ok,0.0005107062227176636,0.9366403186805612,0.2184177621941119,0.008402559865350304,-0.0013534016183711448,-0.10067514275541893
CMP020,FedEx Corporation,FDX,^GSPC,USD,NYSE,SECONDARY_INDIRECT,Transport & Logistics,False,2026-05-11,304.1763916015625,7412.83984375,0.0008452796783238181,0.0018799566475542484,-0.0010346769692304303,1.2891105444555548,0.9384332299497684,0.28309793678715245,2026-02-28,791,ok,0.0005107062227176636,0.9366403186805612,0.2184177621941119,0.0022715494161885145,-0.0014262697378646964,-0.10210141249328362
CMP020,FedEx Corporation,FDX,^GSPC,USD,NYSE,SECONDARY_INDIRECT,Transport & Logistics,False,2026-05-12,302.1854858398437,7400.9599609375,-0.006545234333395156,-0.0016026088601545085,-0.004942625473240647,1.2741277795270474,0.935326679680633,0.2781553113139118,2026-02-28,791,ok,0.0005107062227176636,0.9366403186805612,0.2184177621941119,-0.0009903618507777461,-0.005554872482617409,-0.10765628497590103
CMP020,FedEx Corporation,FDX,^GSPC,USD,NYSE,SECONDARY_INDIRECT,Transport & Logistics,False,2026-05-13,296.7907409667969,7444.25,-0.017852428808927012,0.005849246488426552,-0.023701675297353564,1.2335290752406376,0.946646882465713,0.25445363601655824,2026-02-28,791,ok,0.0005107062227176636,0.9366403186805612,0.2184177621941119,0.0059893463176786624,-0.023841775126605673,-0.1314980601025067
CMP020,FedEx Corporation,FDX,^GSPC,USD,NYSE,SECONDARY_INDIRECT,Transport & Logistics,False,2026-05-14,305.0434265136719,7501.240234375,0.027806411749880855,0.007655604577358366,0.02015080717252249,1.2956355043621093,0.9615496412496181,0.2746044431890807,2026-02-28,791,ok,0.0005107062227176636,0.9366403186805612,0.2184177621941119,0.007681254133746966,0.020125157616133888,-0.11137290248637281
CMP020,FedEx Corporation,FDX,^GSPC,USD,NYSE,SECONDARY_INDIRECT,Transport & Logistics,False,2026-05-15,301.6717224121094,7408.5,-0.011053193770138137,-0.012363320128051747,0.0013101263579136102,1.270261400306786,0.9372983750877839,0.27591456954699434,2026-02-28,791,ok,0.0005107062227176636,0.9366403186805612,0.2184177621941119,-0.011069277881970522,1.608411183238491e-05,-0.11135681837454042
CMP020,FedEx Corporation,FDX,^GSPC,USD,NYSE,SECONDARY_INDIRECT,Transport & Logistics,False,2026-05-18,296.8067932128906,7403.0498046875,-0.016126566853265856,-0.0007356678561787344,-0.015390898997087121,1.2336498780603495,0.9358731669454046,0.2605236705499072,2026-02-28,791,ok,0.0005107062227176636,0.9366403186805612,0.2184177621941119,-0.00017834995253663145,-0.015948216900729225,-0.12730503527526965
CMP020,FedEx Corporation,FDX,^GSPC,USD,NYSE,SECONDARY_INDIRECT,Transport & Logistics,False,2026-05-19,301.0214538574219,7353.60986328125,0.014200014086295454,-0.006678320788135905,0.02087833487443136,1.2653677377926584,0.9229447849313985,0.2814020054243386,2026-02-28,791,ok,0.0005107062227176636,0.9366403186805612,0.2184177621941119,-0.005744478288532967,0.01994449237482842,-0.10736054290044122
CMP020,FedEx Corporation,FDX,^GSPC,USD,NYSE,SECONDARY_INDIRECT,Transport & Logistics,False,2026-05-20,310.550537109375,7432.97021484375,0.031655827615750365,0.010792026370445518,0.020863801245304847,1.3370798283865053,0.9436972557592889,0.3022658066696434,2026-02-28,791,ok,0.0005107062227176636,0.9366403186805612,0.2184177621941119,0.010618953241540774,0.02103687437420959,-0.08632366852623163
CMP020,FedEx Corporation,FDX,^GSPC,USD,NYSE,SECONDARY_INDIRECT,Transport & Logistics,False,2026-05-21,312.2123107910156,7445.72021484375,0.0053510571809294305,0.0017153304306989359,0.0036357267502304946,1.3495856761845983,0.9470313388101588,0.3059015334198739,2026-02-28,791,ok,0.0005107062227176636,0.9366403186805612,0.2184177621941119,0.0021173538639699795,0.003233703316959451,-0.08308996520927218
CMP020,FedEx Corporation,FDX,^GSPC,USD,NYSE,SECONDARY_INDIRECT,Transport & Logistics,False,2026-05-22,316.45904541015625,7473.47021484375,0.013602072923970088,0.0037269732409066503,0.009875099683063437,1.3815449118931769,0.9542878725091108,0.31577663310293735,2026-02-28,791,ok,0.0005107062227176636,0.9366403186805612,0.2184177621941119,0.004001539626794393,0.009600533297175695,-0.07348943191209649
CMP020,FedEx Corporation,FDX,^GSPC,USD,NYSE,SECONDARY_INDIRECT,Transport & Logistics,False,2026-05-26,321.115234375,7519.1201171875,0.014713401409679916,0.006108260424063872,0.008605140985616044,1.416585538157042,0.9662251717779862,0.3243817740885534,2026-02-28,791,ok,0.0005107062227176636,0.9366403186805612,0.2184177621941119,0.006231949212896708,0.008481452196783208,-0.06500797971531327
CMP020,FedEx Corporation,FDX,^GSPC,USD,NYSE,SECONDARY_INDIRECT,Transport & Logistics,False,2026-05-27,330.5720520019531,7520.35986328125,0.029449918953111442,0.00016487914469087706,0.029285039808420565,1.4877537863990282,0.9665493613025786,0.35366681389697396,2026-02-28,791,ok,0.0005107062227176636,0.9366403186805612,0.2184177621941119,0.0006651386773447051,0.02878478027576674,-0.036223199439546536
CMP020,FedEx Corporation,FDX,^GSPC,USD,NYSE,SECONDARY_INDIRECT,Transport & Logistics,False,2026-05-28,330.2669982910156,7563.6298828125,-0.0009228055096917043,0.005753716619668614,-0.006676522129360318,1.4854580734981826,0.977864329046104,0.34699029176761365,2026-02-28,791,ok,0.0005107062227176636,0.9366403186805612,0.2184177621941119,0.0058998691909617155,-0.00682267470065342,-0.043045874140199954
CMP020,FedEx Corporation,FDX,^GSPC,USD,NYSE,SECONDARY_INDIRECT,Transport & Logistics,False,2026-05-29,330.5479736328125,7580.06005859375,0.0008507520983047634,0.002172260678511728,-0.0013215085802069648,1.4875725821694599,0.9821607659555218,0.3456687831874067,2026-02-28,791,ok,0.0005107062227176636,0.9366403186805612,0.2184177621941119,0.0025453331568961405,-0.001694581058591377,-0.04474045519879133
CMP020,FedEx Corporation,FDX,^GSPC,USD,NYSE,SECONDARY_INDIRECT,Transport & Logistics,False,2026-06-01,337.2240295410156,7599.9599609375,0.020196934910329256,0.0026252961308912415,0.017571638779438015,1.5378139236962562,0.9873645249451892,0.3632404219668447,2026-02-28,791,ok,0.0005107062227176636,0.9366403186805612,0.2184177621941119,0.0029696644273864807,0.017227270482942775,-0.027513184715848554
CMP020,FedEx Corporation,FDX,^GSPC,USD,NYSE,SECONDARY_INDIRECT,Transport & Logistics,False,2026-06-02,327.76953125,7609.77978515625,-0.0280362532405648,0.0012920889411551784,-0.02932834218171998,1.4666631298540764,0.9899323766699151,0.3339120797851247,2026-02-28,791,ok,0.0005107062227176636,0.9366403186805612,0.2184177621941119,0.0017209288203248788,-0.02975718206088968,-0.05727036677673823
CMP020,FedEx Corporation,FDX,^GSPC,USD,NYSE,SECONDARY_INDIRECT,Transport & Logistics,False,2026-06-03,323.2465209960937,7553.68017578125,-0.013799361510684394,-0.007372041104846239,-0.006427320405838155,1.4326247536001437,0.97526251339324,0.32748475937928656,2026-02-28,791,ok,0.0005107062227176636,0.9366403186805612,0.2184177621941119,-0.006394244707051714,-0.007405116803632679,-0.06467548358037091
CMP020,FedEx Corporation,FDX,^GSPC,USD,NYSE,SECONDARY_INDIRECT,Transport & Logistics,False,2026-06-04,326.7732849121094,7584.31005859375,0.01091044663109697,0.004054961568363158,0.006855485062733813,1.4591657761477834,0.983272126972478,0.3343402444420204,2026-02-28,791,ok,0.0005107062227176636,0.9366403186805612,0.2184177621941119,0.00430874671834676,0.00660169991275021,-0.0580737836676207
CMP020,FedEx Corporation,FDX,^GSPC,USD,NYSE,SECONDARY_INDIRECT,Transport & Logistics,False,2026-06-05,329.7620544433594,7383.740234375,0.009146309289187693,-0.026445361894386843,0.035591671183574536,1.4816580669298163,0.9308237778396404,0.3699319156255949,2026-02-28,791,ok,0.0005107062227176636,0.9366403186805612,0.2184177621941119,-0.0242590859696636,0.03340539525885129,-0.024668388408769407
CMP020,FedEx Corporation,FDX,^GSPC,USD,NYSE,SECONDARY_INDIRECT,Transport & Logistics,False,2026-06-08,328.9849853515625,7405.72998046875,-0.002356453938002545,0.0029781310549599205,-0.005334584992962466,1.4758101540052238,0.9365740240940796,0.36459733063263244,2026-02-28,791,ok,0.0005107062227176636,0.9366403186805612,0.2184177621941119,0.003300143843107799,-0.005656597781110344,-0.03032498618987975
CMP020,FedEx Corporation,FDX,^GSPC,USD,NYSE,SECONDARY_INDIRECT,Transport & Logistics,False,2026-06-09,330.51922607421875,7386.64990234375,0.004663558493457343,-0.0025763939780845124,0.007239952471541855,1.4873562394771227,0.9315846464402888,0.3718372831041743,2026-02-28,791,ok,0.0005107062227176636,0.9366403186805612,0.2184177621941119,-0.001902448253962093,0.0065660067474194355,-0.023758979442460314
CMP020,FedEx Corporation,FDX,^GSPC,USD,NYSE,SECONDARY_INDIRECT,Transport & Logistics,False,2026-06-10,318.0559997558594,7266.990234375,-0.037708022212180614,-0.016199450298948426,-0.02150857191323219,1.3935629551493132,0.9002940369620676,0.3503287111909421,2026-02-28,791,ok,0.0005107062227176636,0.9366403186805612,0.2184177621941119,-0.014662352067739302,-0.02304567014444131,-0.04680464958690163
CMP020,FedEx Corporation,FDX,^GSPC,USD,NYSE,SECONDARY_INDIRECT,Transport & Logistics,False,2026-06-11,336.7358703613281,7394.2998046875,0.05873138887430973,0.017518885564244746,0.041212503310064985,1.5341402318633293,0.9335850707340227,0.3915412145010071,2026-02-28,791,ok,0.0005107062227176636,0.9366403186805612,0.2184177621941119,0.016919600780540146,0.041811788093769585,-0.004992861493132043
CMP020,FedEx Corporation,FDX,^GSPC,USD,NYSE,SECONDARY_INDIRECT,Transport & Logistics,False,2026-06-12,337.0447082519531,7431.4599609375,0.0009171517435715426,0.0050255138730570525,-0.00410836212948551,1.5364644229954374,0.9433023293317326,0.3874328523715216,2026-02-28,791,ok,0.0005107062227176636,0.9366403186805612,0.2184177621941119,0.005217805138311402,-0.0043006533947398595,-0.009293514887871904
CMP020,FedEx Corporation,FDX,^GSPC,USD,NYSE,SECONDARY_INDIRECT,Transport & Logistics,False,2026-06-15,337.4830627441406,7554.2900390625,0.0013005826273344567,0.016528391294663436,-0.01522780866732898,1.539763304558837,0.9754219906347583,0.3722050437041926,2026-02-28,791,ok,0.0005107062227176636,0.9366403186805612,0.2184177621941119,0.01599186391222824,-0.014691281284893783,-0.023984796172765686
CMP020,FedEx Corporation,FDX,^GSPC,USD,NYSE,SECONDARY_INDIRECT,Transport & Logistics,False,2026-06-16,334.4843139648437,7511.35009765625,-0.008885627488720571,-0.005684179609759754,-0.003201447878960817,1.517195913925005,0.9641933372349212,0.3690035958252318,2026-02-28,791,ok,0.0005107062227176636,0.9366403186805612,0.2184177621941119,-0.0048133255784052606,-0.0040723019103153105,-0.028057098083080996
CMP020,FedEx Corporation,FDX,^GSPC,USD,NYSE,SECONDARY_INDIRECT,Transport & Logistics,False,2026-06-17,324.71099853515625,7420.10009765625,-0.029219054591345328,-0.012148282108228825,-0.017070772483116503,1.443645829098919,0.9403317624590879,0.3519328233421153,2026-02-28,791,ok,0.0005107062227176636,0.9366403186805612,0.2184177621941119,-0.010867864602555143,-0.018351189988790186,-0.04640828807187118
CMP020,FedEx Corporation,FDX,^GSPC,USD,NYSE,SECONDARY_INDIRECT,Transport & Logistics,False,2026-06-18,324.9800109863281,7500.580078125,0.0008284673213578841,0.010846212235623431,-0.010017744914265547,1.4456703098132997,0.9613770125622405,0.34191507842784974,2026-02-28,791,ok,0.0005107062227176636,0.9366403186805612,0.2184177621941119,0.010669705907568995,-0.009841238586211111,-0.05624952665808229
CMP020,FedEx Corporation,FDX,^GSPC,USD,NYSE,SECONDARY_INDIRECT,Transport & Logistics,False,2026-06-22,328.7799987792969,7472.7900390625,0.011692989305513324,-0.003705051979052687,0.01539804128456601,1.474267506590758,0.9541100087801784,0.35731311971241575,2026-02-28,791,ok,0.0005107062227176636,0.9366403186805612,0.2184177621941119,-0.0029595948436702893,0.014652584149183613,-0.04159694250889868
CMP020,FedEx Corporation,FDX,^GSPC,USD,NYSE,SECONDARY_INDIRECT,Transport & Logistics,False,2026-06-23,317.239990234375,7365.4599609375,-0.035099484724642416,-0.014362785193208105,-0.02073669953143431,1.3874219920384965,0.9260435464801706,0.33657642018098144,2026-02-28,791,ok,0.0005107062227176636,0.9366403186805612,0.2184177621941119,-0.012942057477789221,-0.022157427246853195,-0.06375436975575187
CMP020,FedEx Corporation,FDX,^GSPC,USD,NYSE,SECONDARY_INDIRECT,Transport & Logistics,False,2026-06-24,316.8299865722656,7358.22021484375,-0.0012924085069050406,-0.0009829319733113406,-0.0003094765335937,1.3843364675464138,0.9241503766963453,0.33626694364738774,2026-02-28,791,ok,0.0005107062227176636,0.9366403186805612,0.2184177621941119,-0.0004099474940059833,-0.0008824610128990573,-0.06463683076865093
CMP020,FedEx Corporation,FDX,^GSPC,USD,NYSE,SECONDARY_INDIRECT,Transport & Logistics,False,2026-06-25,329.44000244140625,7357.490234375,0.03980057571433315,-9.92061187945481e-05,0.0398997818331277,1.4792344316514403,0.9239594892054961,0.37616672548051544,2026-02-28,791,ok,0.0005107062227176636,0.9366403186805612,0.2184177621941119,0.0004177857719948765,0.03938278994233828,-0.02525404082631265
CMP020,FedEx Corporation,FDX,^GSPC,USD,NYSE,SECONDARY_INDIRECT,Transport & Logistics,False,2026-06-26,318.5299987792969,7354.02001953125,-0.033116815144663025,-0.00047165741757115853,-0.03264515772709187,1.3971300832781557,0.923052039441306,0.3435215677534236,2026-02-28,791,ok,0.0005107062227176636,0.9366403186805612,0.2184177621941119,6.893286881576316e-05,-0.03318574801347879,-0.05843978883979144
CMP020,FedEx Corporation,FDX,^GSPC,USD,NYSE,SECONDARY_INDIRECT,Transport & Logistics,False,2026-06-29,325.3999938964844,7440.43017578125,0.021567811959675387,0.011750057250389023,0.009817754709286364,1.4488309341571801,0.9456480110002188,0.35333932246270994,2026-02-28,791,ok,0.0005107062227176636,0.9366403186805612,0.2184177621941119,0.011516283590236877,0.01005152836943851,-0.048388260470352926
CMP020,FedEx Corporation,FDX,^GSPC,USD,NYSE,SECONDARY_INDIRECT,Transport & Logistics,False,2026-06-30,313.1300048828125,7499.35986328125,-0.03770740394535832,0.007920198981480553,-0.04562760292683887,1.356491876929026,0.9610579303952624,0.30771171953587106,2026-02-28,791,ok,0.0005107062227176636,0.9366403186805612,0.2184177621941119,0.007929083920745065,-0.04563648786610339,-0.09402474833645631
CMP020,FedEx Corporation,FDX,^GSPC,USD,NYSE,SECONDARY_INDIRECT,Transport & Logistics,False,2026-07-01,313.8900146484375,7483.22998046875,0.002427138101662951,-0.0021508346187620875,0.004577972720425039,1.3622114081497796,0.9568400191091704,0.3122896922562961,2026-02-28,791,ok,0.0005107062227176636,0.9366403186805612,0.2184177621941119,-0.0015038522000288413,0.003930990301691793,-0.09009375803476452
CMP020,FedEx Corporation,FDX,^GSPC,USD,NYSE,SECONDARY_INDIRECT,Transport & Logistics,False,2026-07-02,313.0,7483.240234375,-0.0028354347284169634,1.3702513856905796e-06,-0.002836804979802654,1.3555135118872488,0.9568427004719182,0.30945288727649345,2026-02-28,791,ok,0.0005107062227176636,0.9366403186805612,0.2184177621941119,0.0005119896554122293,-0.0033474243838291927,-0.09344118241859371
CMP020,FedEx Corporation,FDX,^GSPC,USD,NYSE,SECONDARY_INDIRECT,Transport & Logistics,False,2026-07-06,309.92999267578125,7537.43017578125,-0.009808330109325025,0.00724150765029874,-0.017049837759623765,1.332409857785683,0.9710131918578169,0.2924030495168697,2026-02-28,791,ok,0.0005107062227176636,0.9366403186805612,0.2184177621941119,0.007293394256021197,-0.017101724365346224,-0.11054290678393994
CMP020,FedEx Corporation,FDX,^GSPC,USD,NYSE,SECONDARY_INDIRECT,Transport & Logistics,False,2026-07-07,312.8800048828125,7503.85009765625,0.009518317932260434,-0.0044551096782159405,0.013973427610476374,1.3546104763604254,0.9622321119108799,0.30637647712734606,2026-02-28,791,ok,0.0005107062227176636,0.9366403186805612,0.2184177621941119,-0.0036621291260433677,0.0131804470583038,-0.09736245972563613
CMP020,FedEx Corporation,FDX,^GSPC,USD,NYSE,SECONDARY_INDIRECT,Transport & Logistics,False,2026-07-08,309.760009765625,7482.7099609375,-0.009971858439327463,-0.002817238676629863,-0.0071546197626976005,1.3311306340104019,0.9567040357126795,0.29922185736464846,2026-02-28,791,ok,0.0005107062227176636,0.9366403186805612,0.2184177621941119,-0.0021280331091601337,-0.00784382533016733,-0.10520628505580346
CMP020,FedEx Corporation,FDX,^GSPC,USD,NYSE,SECONDARY_INDIRECT,Transport & Logistics,False,2026-07-09,310.8399963378906,7543.64013671875,0.003486526789183708,0.008142795337428232,-0.004656268548244524,1.339258183414966,0.9726370762114076,0.29456558881640393,2026-02-28,791,ok,0.0005107062227176636,0.9366403186805612,0.2184177621941119,0.008137576642517031,-0.004651049853333323,-0.10985733490913678
CMP020,FedEx Corporation,FDX,^GSPC,USD,NYSE,SECONDARY_INDIRECT,Transport & Logistics,False,2026-07-10,314.69000244140625,7575.39013671875,0.012385813115666666,0.004208843399813977,0.008176969715852689,1.3682317981040377,0.9809395967498484,0.3027425585322566,2026-02-28,791,ok,0.0005107062227176636,0.9366403186805612,0.2184177621941119,0.004452878645996004,0.007932934469670663,-0.10192440043946611
CMP020,FedEx Corporation,FDX,^GSPC,USD,NYSE,SECONDARY_INDIRECT,Transport & Logistics,False,2026-07-13,313.739990234375,7515.33984375,-0.0030188827088910575,-0.007927023147980106,0.004908140439089048,1.3610823840780957,0.9652366427116621,0.30765069897134567,2026-02-28,791,ok,0.0005107062227176636,0.9366403186805612,0.2184177621941119,-0.006914063264794608,0.0038951805559035504,-0.09802921988356256
CMP020,FedEx Corporation,FDX,^GSPC,USD,NYSE,SECONDARY_INDIRECT,Transport & Logistics,False,2026-07-14,313.6600036621094,7543.58984375,-0.0002549454158071729,0.0037589783811964317,-0.004013923797003605,1.360480436947932,0.9726239247655504,0.30363677517434207,2026-02-28,791,ok,0.0005107062227176636,0.9366403186805612,0.2184177621941119,0.00403151693159483,-0.0042864623474020026,-0.10231568223096456
CMP020,FedEx Corporation,FDX,^GSPC,USD,NYSE,SECONDARY_INDIRECT,Transport & Logistics,False,2026-07-15,313.4200134277344,7572.39990234375,-0.0007651285837307897,0.003819144358387927,-0.004584272942118717,1.3586743658942857,0.9801576602990398,0.29905250223222335,2026-02-28,791,ok,0.0005107062227176636,0.9366403186805612,0.2184177621941119,0.004087870811645199,-0.004852999395375989,-0.10716868162634055
CMP020,FedEx Corporation,FDX,^GSPC,USD,NYSE,SECONDARY_INDIRECT,Transport & Logistics,False,2026-07-16,318.20001220703125,7533.77001953125,0.015251096211183812,-0.005101405539945647,0.02035250175112946,1.3946467355793923,0.9700560730408245,0.3194050039833528,2026-02-28,791,ok,0.0005107062227176636,0.9366403186805612,0.2184177621941119,-0.004267475887935808,0.01951857209911962,-0.08765010952722094
CMP020,FedEx Corporation,FDX,^GSPC,USD,NYSE,SECONDARY_INDIRECT,Transport & Logistics,False,2026-07-17,312.9800109863281,7457.68994140625,-0.016404780076836767,-0.010098540030789804,-0.0063062400460469625,1.3553630825204972,0.9501613829243212,0.31309876393730585,2026-02-28,791,ok,0.0005107062227176636,0.9366403186805612,0.2184177621941119,-0.008947993529929704,-0.007456786546907063,-0.095106896074128
CMP020,FedEx Corporation,FDX,^GSPC,USD,NYSE,SECONDARY_INDIRECT,Transport & Logistics,False,2026-07-20,306.2200012207031,7443.27978515625,-0.02159885464992295,-0.0019322546744660052,-0.019666599975456944,1.3044899376533423,0.9463931744762026,0.2934321639618489,2026-02-28,791,ok,0.0005107062227176636,0.9366403186805612,0.2184177621941119,-0.0012991214113461794,-0.02029973323857677,-0.11540662931270478
CMP020,FedEx Corporation,FDX,^GSPC,USD,NYSE,SECONDARY_INDIRECT,Transport & Logistics,False,2026-07-21,315.19000244140625,7509.2001953125,0.02929266927354668,0.008856366018608064,0.020436303254938615,1.371994599241238,0.9636311448454844,0.3138684672167875,2026-02-28,791,ok,0.0005107062227176636,0.9366403186805612,0.2184177621941119,0.008805935712738413,0.020486733560808268,-0.09491989575189651
CMP020,FedEx Corporation,FDX,^GSPC,USD,NYSE,SECONDARY_INDIRECT,Transport & Logistics,False,2026-07-22,321.0199890136719,7498.9599609375,0.018496736974864536,-0.0013636917526039793,0.019860428727468515,1.4158687594492023,0.9609533572481024,0.33372889594425603,2026-02-28,791,ok,0.0005107062227176636,0.9366403186805612,0.2184177621941119,-0.0007665824550233805,0.019263319429887918,-0.07565657632200859
CMP020,FedEx Corporation,FDX,^GSPC,USD,NYSE,SECONDARY_INDIRECT,Transport & Logistics,False,2026-07-23,315.6199951171875,7408.2998046875,-0.016821363408165868,-0.012089697334330851,-0.004731666073835017,1.3752305531000726,0.937246024672233,0.328997229870421,2026-02-28,791,ok,0.0005107062227176636,0.9366403186805612,0.2184177621941119,-0.010812991741261517,-0.006008371666904351,-0.08166494798891294
CMP020,FedEx Corporation,FDX,^GSPC,USD,NYSE,SECONDARY_INDIRECT,Transport & Logistics,False,2026-07-24,314.9599914550781,7411.97998046875,-0.0020911338708573535,0.0004967638835191579,-0.0025878977543765114,1.3702636280393898,0.9382083785307811,0.3264093321160445,2026-02-28,791,ok,0.0005107062227176636,0.9366403186805612,0.2184177621941119,0.0009759953048860408,-0.0030671291757433943,-0.08473207716465633
CMP020,FedEx Corporation,FDX,^GSPC,USD,NYSE,SECONDARY_INDIRECT,Transport & Logistics,False,2026-07-27,310.7900085449219,7413.18017578125,-0.01323972257838657,0.0001619264104413265,-0.013401648988827897,1.338881995166508,0.9385222256562038,0.3130076831272166,2026-02-28,791,ok,0.0005107062227176636,0.9366403186805612,0.2184177621941119,0.0006623730273962271,-0.013902095605782797,-0.09863417277043914
CMP020,FedEx Corporation,FDX,^GSPC,USD,NYSE,SECONDARY_INDIRECT,Transport & Logistics,False,2026-07-28,312.6400146484375,7428.77978515625,0.005952591951643216,0.002104307328987254,0.003848284622655962,1.3528044053067796,0.9426014721830569,0.31685596774987257,2026-02-28,791,ok,0.0005107062227176636,0.9366403186805612,0.2184177621941119,0.0024816853099421258,0.00347090664170109,-0.09516326612873804
CMP020,FedEx Corporation,FDX,^GSPC,USD,NYSE,SECONDARY_INDIRECT,Transport & Logistics,False,2026-07-29,308.6099853515625,7316.14990234375,-0.01289031828317544,-0.015161289750108109,0.0022709714669326697,1.322476007664318,0.913149128394303,0.31912693921680524,2026-02-28,791,ok,0.0005107062227176636,0.9366403186805612,0.2184177621941119,-0.013689969040431921,0.0007996507572564822,-0.09436361537148157
CMP020,FedEx Corporation,FDX,^GSPC,USD,NYSE,SECONDARY_INDIRECT,Transport & Logistics,False,2026-07-30,308.54998779296875,7437.6298828125,-0.00019441224017879843,0.016604359135647728,-0.016798771375826527,1.3220244899009064,0.9449157436022133,0.3023281678409787,2026-02-28,791,ok,0.0005107062227176636,0.9366403186805612,0.2184177621941119,0.01606301845501724,-0.01625743069519604,-0.11062104606667761
CMP020,FedEx Corporation,FDX,^GSPC,USD,NYSE,SECONDARY_INDIRECT,Transport & Logistics,False,2026-07-31,307.3999938964844,7489.72021484375,-0.0037270910451502326,0.00700361981598796,-0.010730710861138193,1.3133700932179773,0.9585371940445326,0.2915974569798405,2026-02-28,791,ok,0.0005107062227176636,0.9366403186805612,0.2184177621941119,0.0070705789190821195,-0.010797669964232353,-0.12141871603090997
CMP020,FedEx Corporation,FDX,^GSPC,USD,NYSE,SECONDARY_INDIRECT,Transport & Logistics,False,2026-08-03,309.239990234375,7600.5,0.005985674607756231,0.01479091100582064,-0.008805236398064409,1.327217173843295,0.987505743383235,0.2827922205817761,2026-02-28,791,ok,0.0005107062227176636,0.9366403186805612,0.2184177621941119,0.014364469820785326,-0.008378795213029096,-0.12979751124393907
CMP020,FedEx Corporation,FDX,^GSPC,USD,NYSE,SECONDARY_INDIRECT,Transport & Logistics,False,2026-08-04,313.3399963378906,7736.52001953125,0.01325833085303163,0.01789619360979544,-0.004637862756763811,1.3580721891009664,1.0230745309674019,0.2781543578250123,2026-02-28,791,ok,0.0005107062227176636,0.9366403186805612,0.2184177621941119,0.017273002708565487,-0.0040146718555338565,-0.13381218309947293
CMP020,FedEx Corporation,FDX,^GSPC,USD,NYSE,SECONDARY_INDIRECT,Transport & Logistics,False,2026-08-05,310.7200012207031,7723.5498046875,-0.008361508737500079,-0.0016764921193257454,-0.006685016618174333,1.3383551478881426,1.0196828624594265,0.27146934120683797,2026-02-28,791,ok,0.0005107062227176636,0.9366403186805612,0.2184177621941119,-0.001059563890193052,-0.007301944847307026,-0.14111412794677997
CMP020,FedEx Corporation,FDX,^GSPC,USD,NYSE,SECONDARY_INDIRECT,Transport & Logistics,False,2026-08-06,315.8699951171875,7709.9599609375,0.016574388118730576,-0.0017595333873230423,0.01833392150605362,1.3771119536686722,1.0161291630311249,0.2898032627128916,2026-02-28,791,ok,0.0005107062227176636,0.9366403186805612,0.2184177621941119,-0.0011373436899136781,0.017711731808644254,-0.12340239613813571
CMP020,FedEx Corporation,FDX,^GSPC,USD,NYSE,SECONDARY_INDIRECT,Transport & Logistics,False,2026-08-07,318.57000732421875,7757.64013671875,0.008547859083701592,0.006184231308959065,0.002363627774742527,1.3974311716748145,1.0285973721240476,0.2921668904876341,2026-02-28,791,ok,0.0005107062227176636,0.9366403186805612,0.2184177621941119,0.006303106606735386,0.002244752476966206,-0.1211576436611695
CMP020,FedEx Corporation,FDX,^GSPC,USD,NYSE,SECONDARY_INDIRECT,Transport & Logistics,False,2026-08-10,325.0799865722656,7753.10986328125,0.02043500360478534,-0.0005839757139619595,0.0210189793187473,1.446422686310214,1.0274127205253198,0.3131858698063814,2026-02-28,791,ok,0.0005107062227176636,0.9366403186805612,0.2184177621941119,-3.626897610937432e-05,0.020471272580894713,-0.10068637108027478
CMP020,FedEx Corporation,FDX,^GSPC,USD,NYSE,SECONDARY_INDIRECT,Transport & Logistics,False,2026-08-11,322.42999267578125,7728.2001953125,-0.008151821108480561,-0.003212861472107087,-0.0049389596363734745,1.426479886215685,1.0208989243074842,0.30824691017000794,2026-02-28,791,ok,0.0005107062227176636,0.9366403186805612,0.2184177621941119,-0.002498589370393215,-0.005653231738087346,-0.10633960281836213
CMP020,FedEx Corporation,FDX,^GSPC,USD,NYSE,SECONDARY_INDIRECT,Transport & Logistics,False,2026-08-12,326.7699890136719,7748.5,0.013460274901456515,0.0026267182752088836,0.010833556626247631,1.459140972527003,1.0262072564443128,0.31908046679625557,2026-02-28,791,ok,0.0005107062227176636,0.9366403186805612,0.2184177621941119,0.0029709964650933667,0.010489278436363148,-0.09585032438199899
CMP020,FedEx Corporation,FDX,^GSPC,USD,NYSE,SECONDARY_INDIRECT,Transport & Logistics,False,2026-08-13,339.3500061035156,7798.990234375,0.03849807972823793,0.0065161301380911585,0.031981949590146774,1.5538131777503241,1.0394102866140487,0.35106241638640234,2026-02-28,791,ok,0.0005107062227176636,0.9366403186805612,0.2184177621941119,0.006613976431823375,0.03188410329641456,-0.06396622108558443
CMP020,FedEx Corporation,FDX,^GSPC,USD,NYSE,SECONDARY_INDIRECT,Transport & Logistics,False,2026-08-14,334.6400146484375,7785.759765625,-0.013879450037909802,-0.0016964335577297485,-0.012183016480180053,1.518367655343583,1.0359505625658572,0.3388793999062223,2026-02-28,791,ok,0.0005107062227176636,0.9366403186805612,0.2184177621941119,-0.0010782418454147263,-0.012801208192495075,-0.0767674292780795
CMP020,FedEx Corporation,FDX,^GSPC,USD,NYSE,SECONDARY_INDIRECT,Transport & Logistics,False,2026-08-17,331.489990234375,7745.06005859375,-0.009413173189619317,-0.005227454770816764,-0.004185718418802553,1.4946618244486984,1.0253077230844254,0.33469368148741974,2026-02-28,791,ok,0.0005107062227176636,0.9366403186805612,0.2184177621941119,-0.004385538679708371,-0.005027634509910946,-0.08179506378799045
CMP020,FedEx Corporation,FDX,^GSPC,USD,NYSE,SECONDARY_INDIRECT,Transport & Logistics,False,2026-08-18,328.3800048828125,7691.759765625,-0.00938183789309488,-0.006881843725615733,-0.002499994167479147,1.4712573116136283,1.0113698718378759,0.3321936873199406,2026-02-28,791,ok,0.0005107062227176636,0.9366403186805612,0.2184177621941119,-0.005935106077552877,-0.0034467318155420026,-0.08524179560353246
CMP020,FedEx Corporation,FDX,^GSPC,USD,NYSE,SECONDARY_INDIRECT,Transport & Logistics,False,2026-08-19,328.3800048828125,7707.97998046875,0.0,0.002108778138942835,-0.002108778138942835,1.4712573116136283,1.0156114046529359,0.33008490918099775,2026-02-28,791,ok,0.0005107062227176636,0.9366403186805612,0.2184177621941119,0.002485872850803681,-0.002485872850803681,-0.08772766845433613
CMP020,FedEx Corporation,FDX,^GSPC,USD,NYSE,SECONDARY_INDIRECT,Transport & Logistics,False,2026-08-20,326.0400085449219,7641.16015625,-0.007125879478336983,-0.008668915122777232,0.0015430356444402493,1.4536474298511104,0.9981382404654977,0.331627944825438,2026-02-28,791,ok,0.0005107062227176636,0.9366403186805612,0.2184177621941119,-0.00760894920049514,0.0004830697221581571,-0.08724459873217798
CMP020,FedEx Corporation,FDX,^GSPC,USD,NYSE,SECONDARY_INDIRECT,Transport & Logistics,False,2026-08-21,325.0799865722656,7674.3701171875,-0.0029444913124028194,0.004346193543703691,-0.007290684856106511,1.446422686310214,1.0068225359856364,0.3243372599693315,2026-02-28,791,ok,0.0005107062227176636,0.9366403186805612,0.2184177621941119,0.004581526328539687,-0.007526017640942506,-0.09477061637312048
CMP020,FedEx Corporation,FDX,^GSPC,USD,NYSE,SECONDARY_INDIRECT,Transport & Logistics,False,2026-08-24,334.04998779296875,7652.85986328125,0.02759321272061488,-0.0028028689752760405,0.03039608169589092,1.5139273478981101,1.0011976753606375,0.3547333416652224,2026-02-28,791,ok,0.0005107062227176636,0.9366403186805612,0.2184177621941119,-0.002114573867504745,0.029707786588119622,-0.06506282978500086
CMP020,FedEx Corporation,FDX,^GSPC,USD,NYSE,SECONDARY_INDIRECT,Transport & Logistics,False,2026-08-25,333.7099914550781,7677.27978515625,-0.0010178007792693844,0.003190953749482306,-0.00420875452875169,1.511368670684393,1.0075834045862848,0.3505245871364707,2026-02-28,791,ok,0.0005107062227176636,0.9366403186805612,0.2184177621941119,0.0034994821595277026,-0.004517282938797087,-0.06958011272379795
CMP020,FedEx Corporation,FDX,^GSPC,USD,NYSE,SECONDARY_INDIRECT,Transport & Logistics,False,2026-08-26,335.989990234375,7675.7001953125,0.006832276041107921,-0.00020574863596922732,0.007038024677077148,1.5285270346834992,1.0071703470391968,0.35756261181354787,2026-02-28,791,ok,0.0005107062227176636,0.9366403186805612,0.2184177621941119,0.0003179937547553558,0.006514282286352565,-0.06306583043744539
CMP020,FedEx Corporation,FDX,^GSPC,USD,NYSE,SECONDARY_INDIRECT,Transport & Logistics,False,2026-08-27,331.4100036621094,7730.990234375,-0.013631318507645984,0.0072032567265023495,-0.020834575234148334,1.4940598773185347,1.021628510342743,0.33672803657939954,2026-02-28,791,ok,0.0005107062227176636,0.9366403186805612,0.2184177621941119,0.00725756689856672,-0.020888885406212705,-0.0839547158436581
CMP020,FedEx Corporation,FDX,^GSPC,USD,NYSE,SECONDARY_INDIRECT,Transport & Logistics,False,2026-08-28,330.8800048828125,7711.759765625,-0.0015992238418887084,-0.0024874522107780628,0.0008882283688893544,1.4900713172996287,1.0165998060353187,0.3376162649482889,2026-02-28,791,ok,0.0005107062227176636,0.9366403186805612,0.2184177621941119,-0.0018191418086881677,0.0002199179667994593,-0.08373479787685864
CMP020,FedEx Corporation,FDX,^GSPC,USD,NYSE,SECONDARY_INDIRECT,Transport & Logistics,False,2026-08-31,327.3999938964844,7686.14013671875,-0.010517441171945863,-0.0033221508040809367,-0.007195290367864926,1.46388213870598,1.0099003573681888,0.33042097458042397,2026-02-28,791,ok,0.0005107062227176636,0.9366403186805612,0.2184177621941119,-0.0026009541651215873,-0.007916487006824275,-0.09165128488368292
CMP020,FedEx Corporation,FDX,^GSPC,USD,NYSE,SECONDARY_INDIRECT,Transport & Logistics,False,2026-09-01,324.8800048828125,7631.47021484375,-0.007696973306812627,-0.007112792754561781,-0.0005841805522508459,1.4449177036532275,0.9956043526689093,0.3298367940281731,2026-02-28,791,ok,0.0005107062227176636,0.9366403186805612,0.2184177621941119,-0.0061514222496238695,-0.0015455510571887572,-0.09319683594087168
CMP020,FedEx Corporation,FDX,^GSPC,USD,NYSE,SECONDARY_INDIRECT,Transport & Logistics,False,2026-09-02,316.5400085449219,7666.60009765625,-0.025671005332873476,0.004603291610071336,-0.03027429694294481,1.3821542082443088,1.0047907014425719,0.2995624970852283,2026-02-28,791,ok,0.0005107062227176636,0.9366403186805612,0.2184177621941119,0.004822334743354434,-0.03049334007622791,-0.12369017601709958
